record_id,step,type,amount,nameOrig,oldbalanceOrg,newbalanceOrig,nameDest,oldbalanceDest,newbalanceDest,isFraud,isFlaggedFraud,scenario_id,scenario_type,fraud_reason,severity,is_legitimate_counterexample,transaction_position,transaction_count_in_scenario,historical_pattern,balance_usage_ratio
L03_000001,425,TRANSFER,634179.4,C1322074321,8093401.56,7459222.16,C1639933778,0.0,634179.4,0,0,L03_00001,LEGITIMATE_HIGH_VALUE_HISTORY,High-value transaction consistent with normal historical account behavior,NONE,1,1,5,NORMAL,0.0784
L03_000002,459,TRANSFER,559619.64,C1322074321,7459222.16,6899602.52,C1639933778,0.0,559619.64,0,0,L03_00001,LEGITIMATE_HIGH_VALUE_HISTORY,High-value transaction consistent with normal historical account behavior,NONE,1,2,5,NORMAL,0.075
L03_000003,501,TRANSFER,771561.45,C1322074321,6899602.52,6128041.07,C1639933778,0.0,771561.45,0,0,L03_00001,LEGITIMATE_HIGH_VALUE_HISTORY,High-value transaction consistent with normal historical account behavior,NONE,1,3,5,NORMAL,0.1118
L03_000004,522,TRANSFER,770898.41,C1322074321,6128041.07,5357142.66,C1639933778,0.0,770898.41,0,0,L03_00001,LEGITIMATE_HIGH_VALUE_HISTORY,High-value transaction consistent with normal historical account behavior,NONE,1,4,5,NORMAL,0.1258
L03_000005,565,TRANSFER,1607142.8,C1322074321,5357142.66,3749999.86,C1639933778,0.0,1607142.8,0,0,L03_00001,LEGITIMATE_HIGH_VALUE_HISTORY,High-value transaction consistent with normal historical account behavior,NONE,1,5,5,NORMAL,0.3
L03_000006,324,TRANSFER,686896.77,C396524829,18470986.37,17784089.6,C1141137903,0.0,686896.77,0,0,L03_00002,LEGITIMATE_HIGH_VALUE_HISTORY,High-value transaction consistent with normal historical account behavior,NONE,1,1,5,NORMAL,0.0372
L03_000007,352,TRANSFER,646898.24,C396524829,17784089.6,17137191.36,C1141137903,0.0,646898.24,0,0,L03_00002,LEGITIMATE_HIGH_VALUE_HISTORY,High-value transaction consistent with normal historical account behavior,NONE,1,2,5,NORMAL,0.0364
L03_000008,400,TRANSFER,683874.5,C396524829,17137191.36,16453316.86,C1141137903,0.0,683874.5,0,0,L03_00002,LEGITIMATE_HIGH_VALUE_HISTORY,High-value transaction consistent with normal historical account behavior,NONE,1,3,5,NORMAL,0.0399
L03_000009,425,TRANSFER,296321.4,C396524829,16453316.86,16156995.46,C1141137903,0.0,296321.4,0,0,L03_00002,LEGITIMATE_HIGH_VALUE_HISTORY,High-value transaction consistent with normal historical account behavior,NONE,1,4,5,NORMAL,0.018
L03_000010,460,TRANSFER,4847098.64,C396524829,16156995.46,11309896.82,C1141137903,0.0,4847098.64,0,0,L03_00002,LEGITIMATE_HIGH_VALUE_HISTORY,High-value transaction consistent with normal historical account behavior,NONE,1,5,5,NORMAL,0.3
L03_000011,402,TRANSFER,659433.9,C2118928898,9103876.5,8444442.6,C1014935920,0.0,659433.9,0,0,L03_00003,LEGITIMATE_HIGH_VALUE_HISTORY,High-value transaction consistent with normal historical account behavior,NONE,1,1,5,NORMAL,0.0724
L03_000012,462,TRANSFER,511279.06,C2118928898,8444442.6,7933163.54,C1014935920,0.0,511279.06,0,0,L03_00003,LEGITIMATE_HIGH_VALUE_HISTORY,High-value transaction consistent with normal historical account behavior,NONE,1,2,5,NORMAL,0.0605
L03_000013,482,TRANSFER,635923.76,C2118928898,7933163.54,7297239.78,C1014935920,0.0,635923.76,0,0,L03_00003,LEGITIMATE_HIGH_VALUE_HISTORY,High-value transaction consistent with normal historical account behavior,NONE,1,3,5,NORMAL,0.0802
L03_000014,537,TRANSFER,721770.74,C2118928898,7297239.78,6575469.04,C1014935920,0.0,721770.74,0,0,L03_00003,LEGITIMATE_HIGH_VALUE_HISTORY,High-value transaction consistent with normal historical account behavior,NONE,1,4,5,NORMAL,0.0989
L03_000015,575,TRANSFER,1972640.71,C2118928898,6575469.04,4602828.33,C1014935920,0.0,1972640.71,0,0,L03_00003,LEGITIMATE_HIGH_VALUE_HISTORY,High-value transaction consistent with normal historical account behavior,NONE,1,5,5,NORMAL,0.3
L03_000016,416,TRANSFER,840373.44,C687785136,7628252.42,6787878.98,C311105273,0.0,840373.44,0,0,L03_00004,LEGITIMATE_HIGH_VALUE_HISTORY,High-value transaction consistent with normal historical account behavior,NONE,1,1,5,NORMAL,0.1102
L03_000017,450,TRANSFER,428082.08,C687785136,6787878.98,6359796.9,C311105273,0.0,428082.08,0,0,L03_00004,LEGITIMATE_HIGH_VALUE_HISTORY,High-value transaction consistent with normal historical account behavior,NONE,1,2,5,NORMAL,0.0631
L03_000018,486,TRANSFER,293227.3,C687785136,6359796.9,6066569.6,C311105273,0.0,293227.3,0,0,L03_00004,LEGITIMATE_HIGH_VALUE_HISTORY,High-value transaction consistent with normal historical account behavior,NONE,1,3,5,NORMAL,0.0461
L03_000019,502,TRANSFER,611859.67,C687785136,6066569.6,5454709.93,C311105273,0.0,611859.67,0,0,L03_00004,LEGITIMATE_HIGH_VALUE_HISTORY,High-value transaction consistent with normal historical account behavior,NONE,1,4,5,NORMAL,0.1009
L03_000020,541,TRANSFER,1636412.98,C687785136,5454709.93,3818296.95,C311105273,0.0,1636412.98,0,0,L03_00004,LEGITIMATE_HIGH_VALUE_HISTORY,High-value transaction consistent with normal historical account behavior,NONE,1,5,5,NORMAL,0.3
L03_000021,356,TRANSFER,480848.08,C1823194729,15532210.62,15051362.54,C1786222803,0.0,480848.08,0,0,L03_00005,LEGITIMATE_HIGH_VALUE_HISTORY,High-value transaction consistent with normal historical account behavior,NONE,1,1,5,NORMAL,0.031
L03_000022,387,TRANSFER,807664.04,C1823194729,15051362.54,14243698.5,C1786222803,0.0,807664.04,0,0,L03_00005,LEGITIMATE_HIGH_VALUE_HISTORY,High-value transaction consistent with normal historical account behavior,NONE,1,2,5,NORMAL,0.0537
L03_000023,416,TRANSFER,680485.04,C1823194729,14243698.5,13563213.46,C1786222803,0.0,680485.04,0,0,L03_00005,LEGITIMATE_HIGH_VALUE_HISTORY,High-value transaction consistent with normal historical account behavior,NONE,1,3,5,NORMAL,0.0478
L03_000024,445,TRANSFER,484947.88,C1823194729,13563213.46,13078265.58,C1786222803,0.0,484947.88,0,0,L03_00005,LEGITIMATE_HIGH_VALUE_HISTORY,High-value transaction consistent with normal historical account behavior,NONE,1,4,5,NORMAL,0.0358
L03_000025,490,TRANSFER,3923479.67,C1823194729,13078265.58,9154785.91,C1786222803,0.0,3923479.67,0,0,L03_00005,LEGITIMATE_HIGH_VALUE_HISTORY,High-value transaction consistent with normal historical account behavior,NONE,1,5,5,NORMAL,0.3
L03_000026,347,TRANSFER,566769.72,C1482646261,7066004.45,6499234.73,C799947209,0.0,566769.72,0,0,L03_00006,LEGITIMATE_HIGH_VALUE_HISTORY,High-value transaction consistent with normal historical account behavior,NONE,1,1,5,NORMAL,0.0802
L03_000027,388,TRANSFER,420914.5,C1482646261,6499234.73,6078320.23,C799947209,0.0,420914.5,0,0,L03_00006,LEGITIMATE_HIGH_VALUE_HISTORY,High-value transaction consistent with normal historical account behavior,NONE,1,2,5,NORMAL,0.0648
L03_000028,435,TRANSFER,394608.3,C1482646261,6078320.23,5683711.93,C799947209,0.0,394608.3,0,0,L03_00006,LEGITIMATE_HIGH_VALUE_HISTORY,High-value transaction consistent with normal historical account behavior,NONE,1,3,5,NORMAL,0.0649
L03_000029,451,TRANSFER,568475.92,C1482646261,5683711.93,5115236.01,C799947209,0.0,568475.92,0,0,L03_00006,LEGITIMATE_HIGH_VALUE_HISTORY,High-value transaction consistent with normal historical account behavior,NONE,1,4,5,NORMAL,0.1
L03_000030,500,TRANSFER,1534570.8,C1482646261,5115236.01,3580665.2,C799947209,0.0,1534570.8,0,0,L03_00006,LEGITIMATE_HIGH_VALUE_HISTORY,High-value transaction consistent with normal historical account behavior,NONE,1,5,5,NORMAL,0.3
L03_000031,305,TRANSFER,398921.16,C1513568030,7009200.78,6610279.62,C896346351,0.0,398921.16,0,0,L03_00007,LEGITIMATE_HIGH_VALUE_HISTORY,High-value transaction consistent with normal historical account behavior,NONE,1,1,5,NORMAL,0.0569
L03_000032,342,TRANSFER,620087.32,C1513568030,6610279.62,5990192.3,C896346351,0.0,620087.32,0,0,L03_00007,LEGITIMATE_HIGH_VALUE_HISTORY,High-value transaction consistent with normal historical account behavior,NONE,1,2,5,NORMAL,0.0938
L03_000033,398,TRANSFER,364049.13,C1513568030,5990192.3,5626143.17,C896346351,0.0,364049.13,0,0,L03_00007,LEGITIMATE_HIGH_VALUE_HISTORY,High-value transaction consistent with normal historical account behavior,NONE,1,3,5,NORMAL,0.0608
L03_000034,421,TRANSFER,696448.42,C1513568030,5626143.17,4929694.75,C896346351,0.0,696448.42,0,0,L03_00007,LEGITIMATE_HIGH_VALUE_HISTORY,High-value transaction consistent with normal historical account behavior,NONE,1,4,5,NORMAL,0.1238
L03_000035,439,TRANSFER,1478908.42,C1513568030,4929694.75,3450786.32,C896346351,0.0,1478908.42,0,0,L03_00007,LEGITIMATE_HIGH_VALUE_HISTORY,High-value transaction consistent with normal historical account behavior,NONE,1,5,5,NORMAL,0.3
L03_000036,169,TRANSFER,607459.09,C1248356506,8175902.77,7568443.68,C839700014,0.0,607459.09,0,0,L03_00008,LEGITIMATE_HIGH_VALUE_HISTORY,High-value transaction consistent with normal historical account behavior,NONE,1,1,5,NORMAL,0.0743
L03_000037,189,TRANSFER,450134.85,C1248356506,7568443.68,7118308.83,C839700014,0.0,450134.85,0,0,L03_00008,LEGITIMATE_HIGH_VALUE_HISTORY,High-value transaction consistent with normal historical account behavior,NONE,1,2,5,NORMAL,0.0595
L03_000038,238,TRANSFER,736809.86,C1248356506,7118308.83,6381498.97,C839700014,0.0,736809.86,0,0,L03_00008,LEGITIMATE_HIGH_VALUE_HISTORY,High-value transaction consistent with normal historical account behavior,NONE,1,3,5,NORMAL,0.1035
L03_000039,293,TRANSFER,776660.44,C1248356506,6381498.97,5604838.54,C839700014,0.0,776660.44,0,0,L03_00008,LEGITIMATE_HIGH_VALUE_HISTORY,High-value transaction consistent with normal historical account behavior,NONE,1,4,5,NORMAL,0.1217
L03_000040,337,TRANSFER,1681451.56,C1248356506,5604838.54,3923386.97,C839700014,0.0,1681451.56,0,0,L03_00008,LEGITIMATE_HIGH_VALUE_HISTORY,High-value transaction consistent with normal historical account behavior,NONE,1,5,5,NORMAL,0.3
L03_000041,369,TRANSFER,688177.8,C265488344,19012089.56,18323911.76,C304358840,0.0,688177.8,0,0,L03_00009,LEGITIMATE_HIGH_VALUE_HISTORY,High-value transaction consistent with normal historical account behavior,NONE,1,1,5,NORMAL,0.0362
L03_000042,397,TRANSFER,652842.27,C265488344,18323911.76,17671069.48,C304358840,0.0,652842.27,0,0,L03_00009,LEGITIMATE_HIGH_VALUE_HISTORY,High-value transaction consistent with normal historical account behavior,NONE,1,2,5,NORMAL,0.0356
L03_000043,424,TRANSFER,710699.73,C265488344,17671069.48,16960369.76,C304358840,0.0,710699.73,0,0,L03_00009,LEGITIMATE_HIGH_VALUE_HISTORY,High-value transaction consistent with normal historical account behavior,NONE,1,3,5,NORMAL,0.0402
L03_000044,463,TRANSFER,623006.57,C265488344,16960369.76,16337363.18,C304358840,0.0,623006.57,0,0,L03_00009,LEGITIMATE_HIGH_VALUE_HISTORY,High-value transaction consistent with normal historical account behavior,NONE,1,4,5,NORMAL,0.0367
L03_000045,515,TRANSFER,4901208.96,C265488344,16337363.18,11436154.23,C304358840,0.0,4901208.96,0,0,L03_00009,LEGITIMATE_HIGH_VALUE_HISTORY,High-value transaction consistent with normal historical account behavior,NONE,1,5,5,NORMAL,0.3
L03_000046,382,TRANSFER,659480.76,C250767165,8781039.6,8121558.84,C29661316,0.0,659480.76,0,0,L03_00010,LEGITIMATE_HIGH_VALUE_HISTORY,High-value transaction consistent with normal historical account behavior,NONE,1,1,5,NORMAL,0.0751
L03_000047,403,TRANSFER,846788.03,C250767165,8121558.84,7274770.81,C29661316,0.0,846788.03,0,0,L03_00010,LEGITIMATE_HIGH_VALUE_HISTORY,High-value transaction consistent with normal historical account behavior,NONE,1,2,5,NORMAL,0.1043
L03_000048,424,TRANSFER,453211.42,C250767165,7274770.81,6821559.39,C29661316,0.0,453211.42,0,0,L03_00010,LEGITIMATE_HIGH_VALUE_HISTORY,High-value transaction consistent with normal historical account behavior,NONE,1,3,5,NORMAL,0.0623
L03_000049,475,TRANSFER,358065.35,C250767165,6821559.39,6463494.04,C29661316,0.0,358065.35,0,0,L03_00010,LEGITIMATE_HIGH_VALUE_HISTORY,High-value transaction consistent with normal historical account behavior,NONE,1,4,5,NORMAL,0.0525
L03_000050,520,TRANSFER,1939048.21,C250767165,6463494.04,4524445.83,C29661316,0.0,1939048.21,0,0,L03_00010,LEGITIMATE_HIGH_VALUE_HISTORY,High-value transaction consistent with normal historical account behavior,NONE,1,5,5,NORMAL,0.3
L03_000051,271,TRANSFER,828272.14,C1774673610,8675966.84,7847694.7,C1947944919,0.0,828272.14,0,0,L03_00011,LEGITIMATE_HIGH_VALUE_HISTORY,High-value transaction consistent with normal historical account behavior,NONE,1,1,5,NORMAL,0.0955
L03_000052,318,TRANSFER,522797.15,C1774673610,7847694.7,7324897.55,C1947944919,0.0,522797.15,0,0,L03_00011,LEGITIMATE_HIGH_VALUE_HISTORY,High-value transaction consistent with normal historical account behavior,NONE,1,2,5,NORMAL,0.0666
L03_000053,356,TRANSFER,664697.95,C1774673610,7324897.55,6660199.6,C1947944919,0.0,664697.95,0,0,L03_00011,LEGITIMATE_HIGH_VALUE_HISTORY,High-value transaction consistent with normal historical account behavior,NONE,1,3,5,NORMAL,0.0907
L03_000054,390,TRANSFER,803480.49,C1774673610,6660199.6,5856719.11,C1947944919,0.0,803480.49,0,0,L03_00011,LEGITIMATE_HIGH_VALUE_HISTORY,High-value transaction consistent with normal historical account behavior,NONE,1,4,5,NORMAL,0.1206
L03_000055,448,TRANSFER,1757015.73,C1774673610,5856719.11,4099703.37,C1947944919,0.0,1757015.73,0,0,L03_00011,LEGITIMATE_HIGH_VALUE_HISTORY,High-value transaction consistent with normal historical account behavior,NONE,1,5,5,NORMAL,0.3
L03_000056,340,TRANSFER,347513.79,C603493736,10139139.45,9791625.66,C171897897,0.0,347513.79,0,0,L03_00012,LEGITIMATE_HIGH_VALUE_HISTORY,High-value transaction consistent with normal historical account behavior,NONE,1,1,5,NORMAL,0.0343
L03_000057,367,TRANSFER,805345.43,C603493736,9791625.66,8986280.23,C171897897,0.0,805345.43,0,0,L03_00012,LEGITIMATE_HIGH_VALUE_HISTORY,High-value transaction consistent with normal historical account behavior,NONE,1,2,5,NORMAL,0.0822
L03_000058,400,TRANSFER,600838.7,C603493736,8986280.23,8385441.53,C171897897,0.0,600838.7,0,0,L03_00012,LEGITIMATE_HIGH_VALUE_HISTORY,High-value transaction consistent with normal historical account behavior,NONE,1,3,5,NORMAL,0.0669
L03_000059,440,TRANSFER,849085.32,C603493736,8385441.53,7536356.21,C171897897,0.0,849085.32,0,0,L03_00012,LEGITIMATE_HIGH_VALUE_HISTORY,High-value transaction consistent with normal historical account behavior,NONE,1,4,5,NORMAL,0.1013
L03_000060,480,TRANSFER,2260906.86,C603493736,7536356.21,5275449.35,C171897897,0.0,2260906.86,0,0,L03_00012,LEGITIMATE_HIGH_VALUE_HISTORY,High-value transaction consistent with normal historical account behavior,NONE,1,5,5,NORMAL,0.3
L03_000061,408,TRANSFER,629776.55,C1808976095,18876981.09,18247204.54,C1843335063,0.0,629776.55,0,0,L03_00013,LEGITIMATE_HIGH_VALUE_HISTORY,High-value transaction consistent with normal historical account behavior,NONE,1,1,5,NORMAL,0.0334
L03_000062,460,TRANSFER,464180.77,C1808976095,18247204.54,17783023.77,C1843335063,0.0,464180.77,0,0,L03_00013,LEGITIMATE_HIGH_VALUE_HISTORY,High-value transaction consistent with normal historical account behavior,NONE,1,2,5,NORMAL,0.0254
L03_000063,502,TRANSFER,629343.7,C1808976095,17783023.77,17153680.07,C1843335063,0.0,629343.7,0,0,L03_00013,LEGITIMATE_HIGH_VALUE_HISTORY,High-value transaction consistent with normal historical account behavior,NONE,1,3,5,NORMAL,0.0354
L03_000064,519,TRANSFER,861353.04,C1808976095,17153680.07,16292327.03,C1843335063,0.0,861353.04,0,0,L03_00013,LEGITIMATE_HIGH_VALUE_HISTORY,High-value transaction consistent with normal historical account behavior,NONE,1,4,5,NORMAL,0.0502
L03_000065,539,TRANSFER,4887698.11,C1808976095,16292327.03,11404628.92,C1843335063,0.0,4887698.11,0,0,L03_00013,LEGITIMATE_HIGH_VALUE_HISTORY,High-value transaction consistent with normal historical account behavior,NONE,1,5,5,NORMAL,0.3
L03_000066,354,TRANSFER,305557.28,C169474072,10493592.02,10188034.74,C758326792,0.0,305557.28,0,0,L03_00014,LEGITIMATE_HIGH_VALUE_HISTORY,High-value transaction consistent with normal historical account behavior,NONE,1,1,5,NORMAL,0.0291
L03_000067,404,TRANSFER,586425.88,C169474072,10188034.74,9601608.86,C758326792,0.0,586425.88,0,0,L03_00014,LEGITIMATE_HIGH_VALUE_HISTORY,High-value transaction consistent with normal historical account behavior,NONE,1,2,5,NORMAL,0.0576
L03_000068,420,TRANSFER,655826.71,C169474072,9601608.86,8945782.14,C758326792,0.0,655826.71,0,0,L03_00014,LEGITIMATE_HIGH_VALUE_HISTORY,High-value transaction consistent with normal historical account behavior,NONE,1,3,5,NORMAL,0.0683
L03_000069,458,TRANSFER,600917.9,C169474072,8945782.14,8344864.24,C758326792,0.0,600917.9,0,0,L03_00014,LEGITIMATE_HIGH_VALUE_HISTORY,High-value transaction consistent with normal historical account behavior,NONE,1,4,5,NORMAL,0.0672
L03_000070,487,TRANSFER,2503459.27,C169474072,8344864.24,5841404.97,C758326792,0.0,2503459.27,0,0,L03_00014,LEGITIMATE_HIGH_VALUE_HISTORY,High-value transaction consistent with normal historical account behavior,NONE,1,5,5,NORMAL,0.3
L03_000071,404,TRANSFER,433064.86,C1538348954,10365000.79,9931935.93,C726752092,0.0,433064.86,0,0,L03_00015,LEGITIMATE_HIGH_VALUE_HISTORY,High-value transaction consistent with normal historical account behavior,NONE,1,1,5,NORMAL,0.0418
L03_000072,457,TRANSFER,737834.91,C1538348954,9931935.93,9194101.02,C726752092,0.0,737834.91,0,0,L03_00015,LEGITIMATE_HIGH_VALUE_HISTORY,High-value transaction consistent with normal historical account behavior,NONE,1,2,5,NORMAL,0.0743
L03_000073,491,TRANSFER,387385.92,C1538348954,9194101.02,8806715.1,C726752092,0.0,387385.92,0,0,L03_00015,LEGITIMATE_HIGH_VALUE_HISTORY,High-value transaction consistent with normal historical account behavior,NONE,1,3,5,NORMAL,0.0421
L03_000074,529,TRANSFER,798530.25,C1538348954,8806715.1,8008184.85,C726752092,0.0,798530.25,0,0,L03_00015,LEGITIMATE_HIGH_VALUE_HISTORY,High-value transaction consistent with normal historical account behavior,NONE,1,4,5,NORMAL,0.0907
L03_000075,548,TRANSFER,2402455.46,C1538348954,8008184.85,5605729.4,C726752092,0.0,2402455.46,0,0,L03_00015,LEGITIMATE_HIGH_VALUE_HISTORY,High-value transaction consistent with normal historical account behavior,NONE,1,5,5,NORMAL,0.3
L03_000076,441,TRANSFER,569130.43,C165063876,11224181.52,10655051.09,C924638264,0.0,569130.43,0,0,L03_00016,LEGITIMATE_HIGH_VALUE_HISTORY,High-value transaction consistent with normal historical account behavior,NONE,1,1,5,NORMAL,0.0507
L03_000077,483,TRANSFER,624904.95,C165063876,10655051.09,10030146.14,C924638264,0.0,624904.95,0,0,L03_00016,LEGITIMATE_HIGH_VALUE_HISTORY,High-value transaction consistent with normal historical account behavior,NONE,1,2,5,NORMAL,0.0586
L03_000078,513,TRANSFER,755593.6,C165063876,10030146.14,9274552.54,C924638264,0.0,755593.6,0,0,L03_00016,LEGITIMATE_HIGH_VALUE_HISTORY,High-value transaction consistent with normal historical account behavior,NONE,1,3,5,NORMAL,0.0753
L03_000079,541,TRANSFER,578987.94,C165063876,9274552.54,8695564.6,C924638264,0.0,578987.94,0,0,L03_00016,LEGITIMATE_HIGH_VALUE_HISTORY,High-value transaction consistent with normal historical account behavior,NONE,1,4,5,NORMAL,0.0624
L03_000080,570,TRANSFER,2608669.38,C165063876,8695564.6,6086895.22,C924638264,0.0,2608669.38,0,0,L03_00016,LEGITIMATE_HIGH_VALUE_HISTORY,High-value transaction consistent with normal historical account behavior,NONE,1,5,5,NORMAL,0.3
L03_000081,354,TRANSFER,858916.04,C89606414,15484058.85,14625142.81,C1783715589,0.0,858916.04,0,0,L03_00017,LEGITIMATE_HIGH_VALUE_HISTORY,High-value transaction consistent with normal historical account behavior,NONE,1,1,5,NORMAL,0.0555
L03_000082,412,TRANSFER,572530.41,C89606414,14625142.81,14052612.4,C1783715589,0.0,572530.41,0,0,L03_00017,LEGITIMATE_HIGH_VALUE_HISTORY,High-value transaction consistent with normal historical account behavior,NONE,1,2,5,NORMAL,0.0391
L03_000083,447,TRANSFER,809094.68,C89606414,14052612.4,13243517.72,C1783715589,0.0,809094.68,0,0,L03_00017,LEGITIMATE_HIGH_VALUE_HISTORY,High-value transaction consistent with normal historical account behavior,NONE,1,3,5,NORMAL,0.0576
L03_000084,489,TRANSFER,368828.72,C89606414,13243517.72,12874689.0,C1783715589,0.0,368828.72,0,0,L03_00017,LEGITIMATE_HIGH_VALUE_HISTORY,High-value transaction consistent with normal historical account behavior,NONE,1,4,5,NORMAL,0.0278
L03_000085,536,TRANSFER,3862406.7,C89606414,12874689.0,9012282.3,C1783715589,0.0,3862406.7,0,0,L03_00017,LEGITIMATE_HIGH_VALUE_HISTORY,High-value transaction consistent with normal historical account behavior,NONE,1,5,5,NORMAL,0.3
L03_000086,353,TRANSFER,356416.29,C935243944,18316375.37,17959959.08,C1539519175,0.0,356416.29,0,0,L03_00018,LEGITIMATE_HIGH_VALUE_HISTORY,High-value transaction consistent with normal historical account behavior,NONE,1,1,5,NORMAL,0.0195
L03_000087,378,TRANSFER,447186.75,C935243944,17959959.08,17512772.33,C1539519175,0.0,447186.75,0,0,L03_00018,LEGITIMATE_HIGH_VALUE_HISTORY,High-value transaction consistent with normal historical account behavior,NONE,1,2,5,NORMAL,0.0249
L03_000088,432,TRANSFER,732710.09,C935243944,17512772.33,16780062.24,C1539519175,0.0,732710.09,0,0,L03_00018,LEGITIMATE_HIGH_VALUE_HISTORY,High-value transaction consistent with normal historical account behavior,NONE,1,3,5,NORMAL,0.0418
L03_000089,465,TRANSFER,674603.78,C935243944,16780062.24,16105458.46,C1539519175,0.0,674603.78,0,0,L03_00018,LEGITIMATE_HIGH_VALUE_HISTORY,High-value transaction consistent with normal historical account behavior,NONE,1,4,5,NORMAL,0.0402
L03_000090,480,TRANSFER,4831637.54,C935243944,16105458.46,11273820.92,C1539519175,0.0,4831637.54,0,0,L03_00018,LEGITIMATE_HIGH_VALUE_HISTORY,High-value transaction consistent with normal historical account behavior,NONE,1,5,5,NORMAL,0.3
L03_000091,408,TRANSFER,658081.04,C102872637,8034960.03,7376878.99,C2015311009,0.0,658081.04,0,0,L03_00019,LEGITIMATE_HIGH_VALUE_HISTORY,High-value transaction consistent with normal historical account behavior,NONE,1,1,5,NORMAL,0.0819
L03_000092,428,TRANSFER,537410.42,C102872637,7376878.99,6839468.57,C2015311009,0.0,537410.42,0,0,L03_00019,LEGITIMATE_HIGH_VALUE_HISTORY,High-value transaction consistent with normal historical account behavior,NONE,1,2,5,NORMAL,0.0729
L03_000093,445,TRANSFER,514820.74,C102872637,6839468.57,6324647.83,C2015311009,0.0,514820.74,0,0,L03_00019,LEGITIMATE_HIGH_VALUE_HISTORY,High-value transaction consistent with normal historical account behavior,NONE,1,3,5,NORMAL,0.0753
L03_000094,503,TRANSFER,635352.05,C102872637,6324647.83,5689295.78,C2015311009,0.0,635352.05,0,0,L03_00019,LEGITIMATE_HIGH_VALUE_HISTORY,High-value transaction consistent with normal historical account behavior,NONE,1,4,5,NORMAL,0.1005
L03_000095,530,TRANSFER,1706788.73,C102872637,5689295.78,3982507.05,C2015311009,0.0,1706788.73,0,0,L03_00019,LEGITIMATE_HIGH_VALUE_HISTORY,High-value transaction consistent with normal historical account behavior,NONE,1,5,5,NORMAL,0.3
L03_000096,383,TRANSFER,691497.01,C1540968079,7393528.41,6702031.4,C1986932694,0.0,691497.01,0,0,L03_00020,LEGITIMATE_HIGH_VALUE_HISTORY,High-value transaction consistent with normal historical account behavior,NONE,1,1,5,NORMAL,0.0935
L03_000097,423,TRANSFER,361684.2,C1540968079,6702031.4,6340347.2,C1986932694,0.0,361684.2,0,0,L03_00020,LEGITIMATE_HIGH_VALUE_HISTORY,High-value transaction consistent with normal historical account behavior,NONE,1,2,5,NORMAL,0.054
L03_000098,465,TRANSFER,582535.9,C1540968079,6340347.2,5757811.3,C1986932694,0.0,582535.9,0,0,L03_00020,LEGITIMATE_HIGH_VALUE_HISTORY,High-value transaction consistent with normal historical account behavior,NONE,1,3,5,NORMAL,0.0919
L03_000099,510,TRANSFER,516297.92,C1540968079,5757811.3,5241513.38,C1986932694,0.0,516297.92,0,0,L03_00020,LEGITIMATE_HIGH_VALUE_HISTORY,High-value transaction consistent with normal historical account behavior,NONE,1,4,5,NORMAL,0.0897
L03_000100,560,TRANSFER,1572454.01,C1540968079,5241513.38,3669059.37,C1986932694,0.0,1572454.01,0,0,L03_00020,LEGITIMATE_HIGH_VALUE_HISTORY,High-value transaction consistent with normal historical account behavior,NONE,1,5,5,NORMAL,0.3
L03_000101,283,TRANSFER,672990.86,C520601158,7736008.15,7063017.29,C1714083725,0.0,672990.86,0,0,L03_00021,LEGITIMATE_HIGH_VALUE_HISTORY,High-value transaction consistent with normal historical account behavior,NONE,1,1,5,NORMAL,0.087
L03_000102,304,TRANSFER,713647.97,C520601158,7063017.29,6349369.32,C1714083725,0.0,713647.97,0,0,L03_00021,LEGITIMATE_HIGH_VALUE_HISTORY,High-value transaction consistent with normal historical account behavior,NONE,1,2,5,NORMAL,0.101
L03_000103,320,TRANSFER,632816.38,C520601158,6349369.32,5716552.94,C1714083725,0.0,632816.38,0,0,L03_00021,LEGITIMATE_HIGH_VALUE_HISTORY,High-value transaction consistent with normal historical account behavior,NONE,1,3,5,NORMAL,0.0997
L03_000104,350,TRANSFER,398142.56,C520601158,5716552.94,5318410.38,C1714083725,0.0,398142.56,0,0,L03_00021,LEGITIMATE_HIGH_VALUE_HISTORY,High-value transaction consistent with normal historical account behavior,NONE,1,4,5,NORMAL,0.0696
L03_000105,382,TRANSFER,1595523.12,C520601158,5318410.38,3722887.27,C1714083725,0.0,1595523.12,0,0,L03_00021,LEGITIMATE_HIGH_VALUE_HISTORY,High-value transaction consistent with normal historical account behavior,NONE,1,5,5,NORMAL,0.3
L03_000106,362,TRANSFER,391880.38,C712329994,17978610.59,17586730.21,C1884161296,0.0,391880.38,0,0,L03_00022,LEGITIMATE_HIGH_VALUE_HISTORY,High-value transaction consistent with normal historical account behavior,NONE,1,1,5,NORMAL,0.0218
L03_000107,418,TRANSFER,824931.12,C712329994,17586730.21,16761799.09,C1884161296,0.0,824931.12,0,0,L03_00022,LEGITIMATE_HIGH_VALUE_HISTORY,High-value transaction consistent with normal historical account behavior,NONE,1,2,5,NORMAL,0.0469
L03_000108,454,TRANSFER,463681.37,C712329994,16761799.09,16298117.72,C1884161296,0.0,463681.37,0,0,L03_00022,LEGITIMATE_HIGH_VALUE_HISTORY,High-value transaction consistent with normal historical account behavior,NONE,1,3,5,NORMAL,0.0277
L03_000109,476,TRANSFER,676588.25,C712329994,16298117.72,15621529.47,C1884161296,0.0,676588.25,0,0,L03_00022,LEGITIMATE_HIGH_VALUE_HISTORY,High-value transaction consistent with normal historical account behavior,NONE,1,4,5,NORMAL,0.0415
L03_000110,510,TRANSFER,4686458.84,C712329994,15621529.47,10935070.63,C1884161296,0.0,4686458.84,0,0,L03_00022,LEGITIMATE_HIGH_VALUE_HISTORY,High-value transaction consistent with normal historical account behavior,NONE,1,5,5,NORMAL,0.3
L03_000111,351,TRANSFER,813361.27,C305320225,18502333.96,17688972.7,C809558671,0.0,813361.27,0,0,L03_00023,LEGITIMATE_HIGH_VALUE_HISTORY,High-value transaction consistent with normal historical account behavior,NONE,1,1,5,NORMAL,0.044
L03_000112,380,TRANSFER,563627.33,C305320225,17688972.7,17125345.37,C809558671,0.0,563627.33,0,0,L03_00023,LEGITIMATE_HIGH_VALUE_HISTORY,High-value transaction consistent with normal historical account behavior,NONE,1,2,5,NORMAL,0.0319
L03_000113,404,TRANSFER,631747.05,C305320225,17125345.37,16493598.32,C809558671,0.0,631747.05,0,0,L03_00023,LEGITIMATE_HIGH_VALUE_HISTORY,High-value transaction consistent with normal historical account behavior,NONE,1,3,5,NORMAL,0.0369
L03_000114,441,TRANSFER,326153.66,C305320225,16493598.32,16167444.66,C809558671,0.0,326153.66,0,0,L03_00023,LEGITIMATE_HIGH_VALUE_HISTORY,High-value transaction consistent with normal historical account behavior,NONE,1,4,5,NORMAL,0.0198
L03_000115,469,TRANSFER,4850233.4,C305320225,16167444.66,11317211.26,C809558671,0.0,4850233.4,0,0,L03_00023,LEGITIMATE_HIGH_VALUE_HISTORY,High-value transaction consistent with normal historical account behavior,NONE,1,5,5,NORMAL,0.3
L03_000116,360,TRANSFER,524980.84,C1016304505,17840340.6,17315359.76,C970615377,0.0,524980.84,0,0,L03_00024,LEGITIMATE_HIGH_VALUE_HISTORY,High-value transaction consistent with normal historical account behavior,NONE,1,1,5,NORMAL,0.0294
L03_000117,409,TRANSFER,462254.34,C1016304505,17315359.76,16853105.42,C970615377,0.0,462254.34,0,0,L03_00024,LEGITIMATE_HIGH_VALUE_HISTORY,High-value transaction consistent with normal historical account behavior,NONE,1,2,5,NORMAL,0.0267
L03_000118,456,TRANSFER,497889.18,C1016304505,16853105.42,16355216.24,C970615377,0.0,497889.18,0,0,L03_00024,LEGITIMATE_HIGH_VALUE_HISTORY,High-value transaction consistent with normal historical account behavior,NONE,1,3,5,NORMAL,0.0295
L03_000119,487,TRANSFER,408436.04,C1016304505,16355216.24,15946780.2,C970615377,0.0,408436.04,0,0,L03_00024,LEGITIMATE_HIGH_VALUE_HISTORY,High-value transaction consistent with normal historical account behavior,NONE,1,4,5,NORMAL,0.025
L03_000120,528,TRANSFER,4784034.06,C1016304505,15946780.2,11162746.14,C970615377,0.0,4784034.06,0,0,L03_00024,LEGITIMATE_HIGH_VALUE_HISTORY,High-value transaction consistent with normal historical account behavior,NONE,1,5,5,NORMAL,0.3
L03_000121,416,TRANSFER,317513.02,C929957180,8756603.04,8439090.02,C1529865495,0.0,317513.02,0,0,L03_00025,LEGITIMATE_HIGH_VALUE_HISTORY,High-value transaction consistent with normal historical account behavior,NONE,1,1,5,NORMAL,0.0363
L03_000122,441,TRANSFER,321198.91,C929957180,8439090.02,8117891.11,C1529865495,0.0,321198.91,0,0,L03_00025,LEGITIMATE_HIGH_VALUE_HISTORY,High-value transaction consistent with normal historical account behavior,NONE,1,2,5,NORMAL,0.0381
L03_000123,461,TRANSFER,472957.07,C929957180,8117891.11,7644934.04,C1529865495,0.0,472957.07,0,0,L03_00025,LEGITIMATE_HIGH_VALUE_HISTORY,High-value transaction consistent with normal historical account behavior,NONE,1,3,5,NORMAL,0.0583
L03_000124,492,TRANSFER,700412.5,C929957180,7644934.04,6944521.54,C1529865495,0.0,700412.5,0,0,L03_00025,LEGITIMATE_HIGH_VALUE_HISTORY,High-value transaction consistent with normal historical account behavior,NONE,1,4,5,NORMAL,0.0916
L03_000125,548,TRANSFER,2083356.46,C929957180,6944521.54,4861165.08,C1529865495,0.0,2083356.46,0,0,L03_00025,LEGITIMATE_HIGH_VALUE_HISTORY,High-value transaction consistent with normal historical account behavior,NONE,1,5,5,NORMAL,0.3
L03_000126,321,TRANSFER,500081.18,C1375933969,12793005.3,12292924.12,C549021161,0.0,500081.18,0,0,L03_00026,LEGITIMATE_HIGH_VALUE_HISTORY,High-value transaction consistent with normal historical account behavior,NONE,1,1,5,NORMAL,0.0391
L03_000127,360,TRANSFER,572301.14,C1375933969,12292924.12,11720622.98,C549021161,0.0,572301.14,0,0,L03_00026,LEGITIMATE_HIGH_VALUE_HISTORY,High-value transaction consistent with normal historical account behavior,NONE,1,2,5,NORMAL,0.0466
L03_000128,381,TRANSFER,588682.12,C1375933969,11720622.98,11131940.86,C549021161,0.0,588682.12,0,0,L03_00026,LEGITIMATE_HIGH_VALUE_HISTORY,High-value transaction consistent with normal historical account behavior,NONE,1,3,5,NORMAL,0.0502
L03_000129,431,TRANSFER,862836.21,C1375933969,11131940.86,10269104.65,C549021161,0.0,862836.21,0,0,L03_00026,LEGITIMATE_HIGH_VALUE_HISTORY,High-value transaction consistent with normal historical account behavior,NONE,1,4,5,NORMAL,0.0775
L03_000130,489,TRANSFER,3080731.39,C1375933969,10269104.65,7188373.25,C549021161,0.0,3080731.39,0,0,L03_00026,LEGITIMATE_HIGH_VALUE_HISTORY,High-value transaction consistent with normal historical account behavior,NONE,1,5,5,NORMAL,0.3
L03_000131,365,TRANSFER,561399.07,C1257033537,18040256.28,17478857.21,C1263196799,0.0,561399.07,0,0,L03_00027,LEGITIMATE_HIGH_VALUE_HISTORY,High-value transaction consistent with normal historical account behavior,NONE,1,1,5,NORMAL,0.0311
L03_000132,399,TRANSFER,473714.17,C1257033537,17478857.21,17005143.04,C1263196799,0.0,473714.17,0,0,L03_00027,LEGITIMATE_HIGH_VALUE_HISTORY,High-value transaction consistent with normal historical account behavior,NONE,1,2,5,NORMAL,0.0271
L03_000133,443,TRANSFER,516437.43,C1257033537,17005143.04,16488705.61,C1263196799,0.0,516437.43,0,0,L03_00027,LEGITIMATE_HIGH_VALUE_HISTORY,High-value transaction consistent with normal historical account behavior,NONE,1,3,5,NORMAL,0.0304
L03_000134,492,TRANSFER,475286.85,C1257033537,16488705.61,16013418.76,C1263196799,0.0,475286.85,0,0,L03_00027,LEGITIMATE_HIGH_VALUE_HISTORY,High-value transaction consistent with normal historical account behavior,NONE,1,4,5,NORMAL,0.0288
L03_000135,527,TRANSFER,4804025.63,C1257033537,16013418.76,11209393.13,C1263196799,0.0,4804025.63,0,0,L03_00027,LEGITIMATE_HIGH_VALUE_HISTORY,High-value transaction consistent with normal historical account behavior,NONE,1,5,5,NORMAL,0.3
L03_000136,463,TRANSFER,525296.74,C1558129779,10599566.12,10074269.38,C1128848873,0.0,525296.74,0,0,L03_00028,LEGITIMATE_HIGH_VALUE_HISTORY,High-value transaction consistent with normal historical account behavior,NONE,1,1,5,NORMAL,0.0496
L03_000137,501,TRANSFER,522474.74,C1558129779,10074269.38,9551794.63,C1128848873,0.0,522474.74,0,0,L03_00028,LEGITIMATE_HIGH_VALUE_HISTORY,High-value transaction consistent with normal historical account behavior,NONE,1,2,5,NORMAL,0.0519
L03_000138,528,TRANSFER,774759.04,C1558129779,9551794.63,8777035.59,C1128848873,0.0,774759.04,0,0,L03_00028,LEGITIMATE_HIGH_VALUE_HISTORY,High-value transaction consistent with normal historical account behavior,NONE,1,3,5,NORMAL,0.0811
L03_000139,587,TRANSFER,589707.98,C1558129779,8777035.59,8187327.61,C1128848873,0.0,589707.98,0,0,L03_00028,LEGITIMATE_HIGH_VALUE_HISTORY,High-value transaction consistent with normal historical account behavior,NONE,1,4,5,NORMAL,0.0672
L03_000140,637,TRANSFER,2456198.28,C1558129779,8187327.61,5731129.33,C1128848873,0.0,2456198.28,0,0,L03_00028,LEGITIMATE_HIGH_VALUE_HISTORY,High-value transaction consistent with normal historical account behavior,NONE,1,5,5,NORMAL,0.3
L03_000141,441,TRANSFER,832387.27,C1944321666,8006730.0,7174342.73,C447820513,0.0,832387.27,0,0,L03_00029,LEGITIMATE_HIGH_VALUE_HISTORY,High-value transaction consistent with normal historical account behavior,NONE,1,1,5,NORMAL,0.104
L03_000142,497,TRANSFER,382403.5,C1944321666,7174342.73,6791939.23,C447820513,0.0,382403.5,0,0,L03_00029,LEGITIMATE_HIGH_VALUE_HISTORY,High-value transaction consistent with normal historical account behavior,NONE,1,2,5,NORMAL,0.0533
L03_000143,522,TRANSFER,430567.95,C1944321666,6791939.23,6361371.28,C447820513,0.0,430567.95,0,0,L03_00029,LEGITIMATE_HIGH_VALUE_HISTORY,High-value transaction consistent with normal historical account behavior,NONE,1,3,5,NORMAL,0.0634
L03_000144,572,TRANSFER,771884.66,C1944321666,6361371.28,5589486.62,C447820513,0.0,771884.66,0,0,L03_00029,LEGITIMATE_HIGH_VALUE_HISTORY,High-value transaction consistent with normal historical account behavior,NONE,1,4,5,NORMAL,0.1213
L03_000145,609,TRANSFER,1676845.99,C1944321666,5589486.62,3912640.63,C447820513,0.0,1676845.99,0,0,L03_00029,LEGITIMATE_HIGH_VALUE_HISTORY,High-value transaction consistent with normal historical account behavior,NONE,1,5,5,NORMAL,0.3
L03_000146,337,TRANSFER,722355.82,C1429394352,8866870.05,8144514.23,C1978153400,0.0,722355.82,0,0,L03_00030,LEGITIMATE_HIGH_VALUE_HISTORY,High-value transaction consistent with normal historical account behavior,NONE,1,1,5,NORMAL,0.0815
L03_000147,367,TRANSFER,780822.59,C1429394352,8144514.23,7363691.64,C1978153400,0.0,780822.59,0,0,L03_00030,LEGITIMATE_HIGH_VALUE_HISTORY,High-value transaction consistent with normal historical account behavior,NONE,1,2,5,NORMAL,0.0959
L03_000148,416,TRANSFER,506752.16,C1429394352,7363691.64,6856939.48,C1978153400,0.0,506752.16,0,0,L03_00030,LEGITIMATE_HIGH_VALUE_HISTORY,High-value transaction consistent with normal historical account behavior,NONE,1,3,5,NORMAL,0.0688
L03_000149,451,TRANSFER,626401.69,C1429394352,6856939.48,6230537.79,C1978153400,0.0,626401.69,0,0,L03_00030,LEGITIMATE_HIGH_VALUE_HISTORY,High-value transaction consistent with normal historical account behavior,NONE,1,4,5,NORMAL,0.0914
L03_000150,497,TRANSFER,1869161.34,C1429394352,6230537.79,4361376.45,C1978153400,0.0,1869161.34,0,0,L03_00030,LEGITIMATE_HIGH_VALUE_HISTORY,High-value transaction consistent with normal historical account behavior,NONE,1,5,5,NORMAL,0.3
L03_000151,329,TRANSFER,561038.23,C782128694,18360126.27,17799088.04,C532980658,0.0,561038.23,0,0,L03_00031,LEGITIMATE_HIGH_VALUE_HISTORY,High-value transaction consistent with normal historical account behavior,NONE,1,1,5,NORMAL,0.0306
L03_000152,388,TRANSFER,490138.43,C782128694,17799088.04,17308949.61,C532980658,0.0,490138.43,0,0,L03_00031,LEGITIMATE_HIGH_VALUE_HISTORY,High-value transaction consistent with normal historical account behavior,NONE,1,2,5,NORMAL,0.0275
L03_000153,411,TRANSFER,558818.51,C782128694,17308949.61,16750131.1,C532980658,0.0,558818.51,0,0,L03_00031,LEGITIMATE_HIGH_VALUE_HISTORY,High-value transaction consistent with normal historical account behavior,NONE,1,3,5,NORMAL,0.0323
L03_000154,449,TRANSFER,630089.01,C782128694,16750131.1,16120042.09,C532980658,0.0,630089.01,0,0,L03_00031,LEGITIMATE_HIGH_VALUE_HISTORY,High-value transaction consistent with normal historical account behavior,NONE,1,4,5,NORMAL,0.0376
L03_000155,486,TRANSFER,4836012.63,C782128694,16120042.09,11284029.46,C532980658,0.0,4836012.63,0,0,L03_00031,LEGITIMATE_HIGH_VALUE_HISTORY,High-value transaction consistent with normal historical account behavior,NONE,1,5,5,NORMAL,0.3
L03_000156,306,TRANSFER,671354.23,C698849742,9665437.34,8994083.11,C914827414,0.0,671354.23,0,0,L03_00032,LEGITIMATE_HIGH_VALUE_HISTORY,High-value transaction consistent with normal historical account behavior,NONE,1,1,5,NORMAL,0.0695
L03_000157,355,TRANSFER,690620.02,C698849742,8994083.11,8303463.09,C914827414,0.0,690620.02,0,0,L03_00032,LEGITIMATE_HIGH_VALUE_HISTORY,High-value transaction consistent with normal historical account behavior,NONE,1,2,5,NORMAL,0.0768
L03_000158,413,TRANSFER,578642.1,C698849742,8303463.09,7724820.99,C914827414,0.0,578642.1,0,0,L03_00032,LEGITIMATE_HIGH_VALUE_HISTORY,High-value transaction consistent with normal historical account behavior,NONE,1,3,5,NORMAL,0.0697
L03_000159,441,TRANSFER,559824.92,C698849742,7724820.99,7164996.07,C914827414,0.0,559824.92,0,0,L03_00032,LEGITIMATE_HIGH_VALUE_HISTORY,High-value transaction consistent with normal historical account behavior,NONE,1,4,5,NORMAL,0.0725
L03_000160,494,TRANSFER,2149498.82,C698849742,7164996.07,5015497.25,C914827414,0.0,2149498.82,0,0,L03_00032,LEGITIMATE_HIGH_VALUE_HISTORY,High-value transaction consistent with normal historical account behavior,NONE,1,5,5,NORMAL,0.3
L03_000161,615,TRANSFER,434166.41,C30639129,13713163.27,13278996.86,C1139664439,0.0,434166.41,0,0,L03_00033,LEGITIMATE_HIGH_VALUE_HISTORY,High-value transaction consistent with normal historical account behavior,NONE,1,1,5,NORMAL,0.0317
L03_000162,637,TRANSFER,715831.28,C30639129,13278996.86,12563165.58,C1139664439,0.0,715831.28,0,0,L03_00033,LEGITIMATE_HIGH_VALUE_HISTORY,High-value transaction consistent with normal historical account behavior,NONE,1,2,5,NORMAL,0.0539
L03_000163,656,TRANSFER,486789.16,C30639129,12563165.58,12076376.42,C1139664439,0.0,486789.16,0,0,L03_00033,LEGITIMATE_HIGH_VALUE_HISTORY,High-value transaction consistent with normal historical account behavior,NONE,1,3,5,NORMAL,0.0387
L03_000164,707,TRANSFER,558952.13,C30639129,12076376.42,11517424.29,C1139664439,0.0,558952.13,0,0,L03_00033,LEGITIMATE_HIGH_VALUE_HISTORY,High-value transaction consistent with normal historical account behavior,NONE,1,4,5,NORMAL,0.0463
L03_000165,744,TRANSFER,3455227.29,C30639129,11517424.29,8062197.01,C1139664439,0.0,3455227.29,0,0,L03_00033,LEGITIMATE_HIGH_VALUE_HISTORY,High-value transaction consistent with normal historical account behavior,NONE,1,5,5,NORMAL,0.3
L03_000166,386,TRANSFER,723238.29,C457651699,10623425.8,9900187.52,C2110474884,0.0,723238.29,0,0,L03_00034,LEGITIMATE_HIGH_VALUE_HISTORY,High-value transaction consistent with normal historical account behavior,NONE,1,1,5,NORMAL,0.0681
L03_000167,430,TRANSFER,476748.11,C457651699,9900187.52,9423439.41,C2110474884,0.0,476748.11,0,0,L03_00034,LEGITIMATE_HIGH_VALUE_HISTORY,High-value transaction consistent with normal historical account behavior,NONE,1,2,5,NORMAL,0.0482
L03_000168,464,TRANSFER,822087.35,C457651699,9423439.41,8601352.06,C2110474884,0.0,822087.35,0,0,L03_00034,LEGITIMATE_HIGH_VALUE_HISTORY,High-value transaction consistent with normal historical account behavior,NONE,1,3,5,NORMAL,0.0872
L03_000169,497,TRANSFER,670028.85,C457651699,8601352.06,7931323.21,C2110474884,0.0,670028.85,0,0,L03_00034,LEGITIMATE_HIGH_VALUE_HISTORY,High-value transaction consistent with normal historical account behavior,NONE,1,4,5,NORMAL,0.0779
L03_000170,545,TRANSFER,2379396.96,C457651699,7931323.21,5551926.24,C2110474884,0.0,2379396.96,0,0,L03_00034,LEGITIMATE_HIGH_VALUE_HISTORY,High-value transaction consistent with normal historical account behavior,NONE,1,5,5,NORMAL,0.3
L03_000171,347,TRANSFER,535107.99,C245485300,12909632.0,12374524.01,C1228922844,0.0,535107.99,0,0,L03_00035,LEGITIMATE_HIGH_VALUE_HISTORY,High-value transaction consistent with normal historical account behavior,NONE,1,1,5,NORMAL,0.0415
L03_000172,366,TRANSFER,756665.97,C245485300,12374524.01,11617858.04,C1228922844,0.0,756665.97,0,0,L03_00035,LEGITIMATE_HIGH_VALUE_HISTORY,High-value transaction consistent with normal historical account behavior,NONE,1,2,5,NORMAL,0.0611
L03_000173,419,TRANSFER,702361.0,C245485300,11617858.04,10915497.04,C1228922844,0.0,702361.0,0,0,L03_00035,LEGITIMATE_HIGH_VALUE_HISTORY,High-value transaction consistent with normal historical account behavior,NONE,1,3,5,NORMAL,0.0605
L03_000174,451,TRANSFER,770556.34,C245485300,10915497.04,10144940.7,C1228922844,0.0,770556.34,0,0,L03_00035,LEGITIMATE_HIGH_VALUE_HISTORY,High-value transaction consistent with normal historical account behavior,NONE,1,4,5,NORMAL,0.0706
L03_000175,492,TRANSFER,3043482.21,C245485300,10144940.7,7101458.49,C1228922844,0.0,3043482.21,0,0,L03_00035,LEGITIMATE_HIGH_VALUE_HISTORY,High-value transaction consistent with normal historical account behavior,NONE,1,5,5,NORMAL,0.3
L03_000176,356,TRANSFER,452805.45,C834389977,18236231.12,17783425.67,C1159020308,0.0,452805.45,0,0,L03_00036,LEGITIMATE_HIGH_VALUE_HISTORY,High-value transaction consistent with normal historical account behavior,NONE,1,1,5,NORMAL,0.0248
L03_000177,404,TRANSFER,401040.97,C834389977,17783425.67,17382384.7,C1159020308,0.0,401040.97,0,0,L03_00036,LEGITIMATE_HIGH_VALUE_HISTORY,High-value transaction consistent with normal historical account behavior,NONE,1,2,5,NORMAL,0.0226
L03_000178,420,TRANSFER,526933.12,C834389977,17382384.7,16855451.58,C1159020308,0.0,526933.12,0,0,L03_00036,LEGITIMATE_HIGH_VALUE_HISTORY,High-value transaction consistent with normal historical account behavior,NONE,1,3,5,NORMAL,0.0303
L03_000179,436,TRANSFER,776707.87,C834389977,16855451.58,16078743.71,C1159020308,0.0,776707.87,0,0,L03_00036,LEGITIMATE_HIGH_VALUE_HISTORY,High-value transaction consistent with normal historical account behavior,NONE,1,4,5,NORMAL,0.0461
L03_000180,471,TRANSFER,4823623.11,C834389977,16078743.71,11255120.59,C1159020308,0.0,4823623.11,0,0,L03_00036,LEGITIMATE_HIGH_VALUE_HISTORY,High-value transaction consistent with normal historical account behavior,NONE,1,5,5,NORMAL,0.3
L03_000181,413,TRANSFER,821340.49,C707385584,16223585.12,15402244.62,C1664378645,0.0,821340.49,0,0,L03_00037,LEGITIMATE_HIGH_VALUE_HISTORY,High-value transaction consistent with normal historical account behavior,NONE,1,1,5,NORMAL,0.0506
L03_000182,460,TRANSFER,461495.65,C707385584,15402244.62,14940748.97,C1664378645,0.0,461495.65,0,0,L03_00037,LEGITIMATE_HIGH_VALUE_HISTORY,High-value transaction consistent with normal historical account behavior,NONE,1,2,5,NORMAL,0.03
L03_000183,490,TRANSFER,666703.2,C707385584,14940748.97,14274045.78,C1664378645,0.0,666703.2,0,0,L03_00037,LEGITIMATE_HIGH_VALUE_HISTORY,High-value transaction consistent with normal historical account behavior,NONE,1,3,5,NORMAL,0.0446
L03_000184,521,TRANSFER,488295.4,C707385584,14274045.78,13785750.38,C1664378645,0.0,488295.4,0,0,L03_00037,LEGITIMATE_HIGH_VALUE_HISTORY,High-value transaction consistent with normal historical account behavior,NONE,1,4,5,NORMAL,0.0342
L03_000185,576,TRANSFER,4135725.11,C707385584,13785750.38,9650025.26,C1664378645,0.0,4135725.11,0,0,L03_00037,LEGITIMATE_HIGH_VALUE_HISTORY,High-value transaction consistent with normal historical account behavior,NONE,1,5,5,NORMAL,0.3
L03_000186,340,TRANSFER,821273.06,C739382062,18231182.77,17409909.71,C1449457070,0.0,821273.06,0,0,L03_00038,LEGITIMATE_HIGH_VALUE_HISTORY,High-value transaction consistent with normal historical account behavior,NONE,1,1,5,NORMAL,0.045
L03_000187,364,TRANSFER,614005.4,C739382062,17409909.71,16795904.32,C1449457070,0.0,614005.4,0,0,L03_00038,LEGITIMATE_HIGH_VALUE_HISTORY,High-value transaction consistent with normal historical account behavior,NONE,1,2,5,NORMAL,0.0353
L03_000188,407,TRANSFER,396685.5,C739382062,16795904.32,16399218.82,C1449457070,0.0,396685.5,0,0,L03_00038,LEGITIMATE_HIGH_VALUE_HISTORY,High-value transaction consistent with normal historical account behavior,NONE,1,3,5,NORMAL,0.0236
L03_000189,455,TRANSFER,727188.82,C739382062,16399218.82,15672030.0,C1449457070,0.0,727188.82,0,0,L03_00038,LEGITIMATE_HIGH_VALUE_HISTORY,High-value transaction consistent with normal historical account behavior,NONE,1,4,5,NORMAL,0.0443
L03_000190,511,TRANSFER,4701609.0,C739382062,15672030.0,10970421.0,C1449457070,0.0,4701609.0,0,0,L03_00038,LEGITIMATE_HIGH_VALUE_HISTORY,High-value transaction consistent with normal historical account behavior,NONE,1,5,5,NORMAL,0.3
L03_000191,396,TRANSFER,855829.43,C101916362,9722974.59,8867145.16,C1555411099,0.0,855829.43,0,0,L03_00039,LEGITIMATE_HIGH_VALUE_HISTORY,High-value transaction consistent with normal historical account behavior,NONE,1,1,5,NORMAL,0.088
L03_000192,420,TRANSFER,518721.23,C101916362,8867145.16,8348423.93,C1555411099,0.0,518721.23,0,0,L03_00039,LEGITIMATE_HIGH_VALUE_HISTORY,High-value transaction consistent with normal historical account behavior,NONE,1,2,5,NORMAL,0.0585
L03_000193,469,TRANSFER,604199.17,C101916362,8348423.93,7744224.76,C1555411099,0.0,604199.17,0,0,L03_00039,LEGITIMATE_HIGH_VALUE_HISTORY,High-value transaction consistent with normal historical account behavior,NONE,1,3,5,NORMAL,0.0724
L03_000194,492,TRANSFER,513121.91,C101916362,7744224.76,7231102.85,C1555411099,0.0,513121.91,0,0,L03_00039,LEGITIMATE_HIGH_VALUE_HISTORY,High-value transaction consistent with normal historical account behavior,NONE,1,4,5,NORMAL,0.0663
L03_000195,535,TRANSFER,2169330.85,C101916362,7231102.85,5061771.99,C1555411099,0.0,2169330.85,0,0,L03_00039,LEGITIMATE_HIGH_VALUE_HISTORY,High-value transaction consistent with normal historical account behavior,NONE,1,5,5,NORMAL,0.3
L03_000196,315,TRANSFER,807948.43,C683380019,8607582.72,7799634.29,C413816791,0.0,807948.43,0,0,L03_00040,LEGITIMATE_HIGH_VALUE_HISTORY,High-value transaction consistent with normal historical account behavior,NONE,1,1,5,NORMAL,0.0939
L03_000197,369,TRANSFER,630897.16,C683380019,7799634.29,7168737.13,C413816791,0.0,630897.16,0,0,L03_00040,LEGITIMATE_HIGH_VALUE_HISTORY,High-value transaction consistent with normal historical account behavior,NONE,1,2,5,NORMAL,0.0809
L03_000198,422,TRANSFER,354036.64,C683380019,7168737.13,6814700.49,C413816791,0.0,354036.64,0,0,L03_00040,LEGITIMATE_HIGH_VALUE_HISTORY,High-value transaction consistent with normal historical account behavior,NONE,1,3,5,NORMAL,0.0494
L03_000199,479,TRANSFER,564589.24,C683380019,6814700.49,6250111.25,C413816791,0.0,564589.24,0,0,L03_00040,LEGITIMATE_HIGH_VALUE_HISTORY,High-value transaction consistent with normal historical account behavior,NONE,1,4,5,NORMAL,0.0828
L03_000200,503,TRANSFER,1875033.37,C683380019,6250111.25,4375077.87,C413816791,0.0,1875033.37,0,0,L03_00040,LEGITIMATE_HIGH_VALUE_HISTORY,High-value transaction consistent with normal historical account behavior,NONE,1,5,5,NORMAL,0.3
L03_000201,446,TRANSFER,713111.04,C1685966527,10251657.42,9538546.38,C1672519469,0.0,713111.04,0,0,L03_00041,LEGITIMATE_HIGH_VALUE_HISTORY,High-value transaction consistent with normal historical account behavior,NONE,1,1,5,NORMAL,0.0696
L03_000202,468,TRANSFER,785314.17,C1685966527,9538546.38,8753232.21,C1672519469,0.0,785314.17,0,0,L03_00041,LEGITIMATE_HIGH_VALUE_HISTORY,High-value transaction consistent with normal historical account behavior,NONE,1,2,5,NORMAL,0.0823
L03_000203,501,TRANSFER,748566.05,C1685966527,8753232.21,8004666.16,C1672519469,0.0,748566.05,0,0,L03_00041,LEGITIMATE_HIGH_VALUE_HISTORY,High-value transaction consistent with normal historical account behavior,NONE,1,3,5,NORMAL,0.0855
L03_000204,516,TRANSFER,672341.59,C1685966527,8004666.16,7332324.57,C1672519469,0.0,672341.59,0,0,L03_00041,LEGITIMATE_HIGH_VALUE_HISTORY,High-value transaction consistent with normal historical account behavior,NONE,1,4,5,NORMAL,0.084
L03_000205,562,TRANSFER,2199697.37,C1685966527,7332324.57,5132627.2,C1672519469,0.0,2199697.37,0,0,L03_00041,LEGITIMATE_HIGH_VALUE_HISTORY,High-value transaction consistent with normal historical account behavior,NONE,1,5,5,NORMAL,0.3
L03_000206,374,TRANSFER,615261.95,C2083963066,7954218.91,7338956.96,C199220777,0.0,615261.95,0,0,L03_00042,LEGITIMATE_HIGH_VALUE_HISTORY,High-value transaction consistent with normal historical account behavior,NONE,1,1,5,NORMAL,0.0774
L03_000207,404,TRANSFER,546472.06,C2083963066,7338956.96,6792484.9,C199220777,0.0,546472.06,0,0,L03_00042,LEGITIMATE_HIGH_VALUE_HISTORY,High-value transaction consistent with normal historical account behavior,NONE,1,2,5,NORMAL,0.0745
L03_000208,464,TRANSFER,449963.32,C2083963066,6792484.9,6342521.58,C199220777,0.0,449963.32,0,0,L03_00042,LEGITIMATE_HIGH_VALUE_HISTORY,High-value transaction consistent with normal historical account behavior,NONE,1,3,5,NORMAL,0.0662
L03_000209,518,TRANSFER,313052.65,C2083963066,6342521.58,6029468.93,C199220777,0.0,313052.65,0,0,L03_00042,LEGITIMATE_HIGH_VALUE_HISTORY,High-value transaction consistent with normal historical account behavior,NONE,1,4,5,NORMAL,0.0494
L03_000210,534,TRANSFER,1808840.68,C2083963066,6029468.93,4220628.25,C199220777,0.0,1808840.68,0,0,L03_00042,LEGITIMATE_HIGH_VALUE_HISTORY,High-value transaction consistent with normal historical account behavior,NONE,1,5,5,NORMAL,0.3
L03_000211,406,TRANSFER,406430.52,C809798528,18248294.67,17841864.15,C810631086,0.0,406430.52,0,0,L03_00043,LEGITIMATE_HIGH_VALUE_HISTORY,High-value transaction consistent with normal historical account behavior,NONE,1,1,5,NORMAL,0.0223
L03_000212,428,TRANSFER,858464.54,C809798528,17841864.15,16983399.61,C810631086,0.0,858464.54,0,0,L03_00043,LEGITIMATE_HIGH_VALUE_HISTORY,High-value transaction consistent with normal historical account behavior,NONE,1,2,5,NORMAL,0.0481
L03_000213,484,TRANSFER,299994.27,C809798528,16983399.61,16683405.34,C810631086,0.0,299994.27,0,0,L03_00043,LEGITIMATE_HIGH_VALUE_HISTORY,High-value transaction consistent with normal historical account behavior,NONE,1,3,5,NORMAL,0.0177
L03_000214,520,TRANSFER,600640.45,C809798528,16683405.34,16082764.89,C810631086,0.0,600640.45,0,0,L03_00043,LEGITIMATE_HIGH_VALUE_HISTORY,High-value transaction consistent with normal historical account behavior,NONE,1,4,5,NORMAL,0.036
L03_000215,561,TRANSFER,4824829.47,C809798528,16082764.89,11257935.42,C810631086,0.0,4824829.47,0,0,L03_00043,LEGITIMATE_HIGH_VALUE_HISTORY,High-value transaction consistent with normal historical account behavior,NONE,1,5,5,NORMAL,0.3
L03_000216,361,TRANSFER,749527.28,C1828876375,11033677.29,10284150.01,C2000927074,0.0,749527.28,0,0,L03_00044,LEGITIMATE_HIGH_VALUE_HISTORY,High-value transaction consistent with normal historical account behavior,NONE,1,1,5,NORMAL,0.0679
L03_000217,410,TRANSFER,627186.46,C1828876375,10284150.01,9656963.55,C2000927074,0.0,627186.46,0,0,L03_00044,LEGITIMATE_HIGH_VALUE_HISTORY,High-value transaction consistent with normal historical account behavior,NONE,1,2,5,NORMAL,0.061
L03_000218,427,TRANSFER,864106.8,C1828876375,9656963.55,8792856.75,C2000927074,0.0,864106.8,0,0,L03_00044,LEGITIMATE_HIGH_VALUE_HISTORY,High-value transaction consistent with normal historical account behavior,NONE,1,3,5,NORMAL,0.0895
L03_000219,446,TRANSFER,696384.09,C1828876375,8792856.75,8096472.66,C2000927074,0.0,696384.09,0,0,L03_00044,LEGITIMATE_HIGH_VALUE_HISTORY,High-value transaction consistent with normal historical account behavior,NONE,1,4,5,NORMAL,0.0792
L03_000220,490,TRANSFER,2428941.8,C1828876375,8096472.66,5667530.86,C2000927074,0.0,2428941.8,0,0,L03_00044,LEGITIMATE_HIGH_VALUE_HISTORY,High-value transaction consistent with normal historical account behavior,NONE,1,5,5,NORMAL,0.3
L03_000221,308,TRANSFER,612263.01,C137452866,11954517.29,11342254.28,C1726228995,0.0,612263.01,0,0,L03_00045,LEGITIMATE_HIGH_VALUE_HISTORY,High-value transaction consistent with normal historical account behavior,NONE,1,1,5,NORMAL,0.0512
L03_000222,332,TRANSFER,479665.85,C137452866,11342254.28,10862588.43,C1726228995,0.0,479665.85,0,0,L03_00045,LEGITIMATE_HIGH_VALUE_HISTORY,High-value transaction consistent with normal historical account behavior,NONE,1,2,5,NORMAL,0.0423
L03_000223,365,TRANSFER,794300.39,C137452866,10862588.43,10068288.04,C1726228995,0.0,794300.39,0,0,L03_00045,LEGITIMATE_HIGH_VALUE_HISTORY,High-value transaction consistent with normal historical account behavior,NONE,1,3,5,NORMAL,0.0731
L03_000224,420,TRANSFER,565705.08,C137452866,10068288.04,9502582.96,C1726228995,0.0,565705.08,0,0,L03_00045,LEGITIMATE_HIGH_VALUE_HISTORY,High-value transaction consistent with normal historical account behavior,NONE,1,4,5,NORMAL,0.0562
L03_000225,454,TRANSFER,2850774.89,C137452866,9502582.96,6651808.07,C1726228995,0.0,2850774.89,0,0,L03_00045,LEGITIMATE_HIGH_VALUE_HISTORY,High-value transaction consistent with normal historical account behavior,NONE,1,5,5,NORMAL,0.3
L03_000226,310,TRANSFER,593280.15,C1646345024,18409505.98,17816225.84,C521905470,0.0,593280.15,0,0,L03_00046,LEGITIMATE_HIGH_VALUE_HISTORY,High-value transaction consistent with normal historical account behavior,NONE,1,1,5,NORMAL,0.0322
L03_000227,368,TRANSFER,597572.78,C1646345024,17816225.84,17218653.06,C521905470,0.0,597572.78,0,0,L03_00046,LEGITIMATE_HIGH_VALUE_HISTORY,High-value transaction consistent with normal historical account behavior,NONE,1,2,5,NORMAL,0.0335
L03_000228,402,TRANSFER,678146.42,C1646345024,17218653.06,16540506.64,C521905470,0.0,678146.42,0,0,L03_00046,LEGITIMATE_HIGH_VALUE_HISTORY,High-value transaction consistent with normal historical account behavior,NONE,1,3,5,NORMAL,0.0394
L03_000229,449,TRANSFER,404004.64,C1646345024,16540506.64,16136502.0,C521905470,0.0,404004.64,0,0,L03_00046,LEGITIMATE_HIGH_VALUE_HISTORY,High-value transaction consistent with normal historical account behavior,NONE,1,4,5,NORMAL,0.0244
L03_000230,464,TRANSFER,4840950.6,C1646345024,16136502.0,11295551.4,C521905470,0.0,4840950.6,0,0,L03_00046,LEGITIMATE_HIGH_VALUE_HISTORY,High-value transaction consistent with normal historical account behavior,NONE,1,5,5,NORMAL,0.3
L03_000231,218,TRANSFER,577631.88,C826793105,9766028.21,9188396.32,C1606198128,0.0,577631.88,0,0,L03_00047,LEGITIMATE_HIGH_VALUE_HISTORY,High-value transaction consistent with normal historical account behavior,NONE,1,1,5,NORMAL,0.0591
L03_000232,257,TRANSFER,628211.65,C826793105,9188396.32,8560184.67,C1606198128,0.0,628211.65,0,0,L03_00047,LEGITIMATE_HIGH_VALUE_HISTORY,High-value transaction consistent with normal historical account behavior,NONE,1,2,5,NORMAL,0.0684
L03_000233,277,TRANSFER,552945.37,C826793105,8560184.67,8007239.3,C1606198128,0.0,552945.37,0,0,L03_00047,LEGITIMATE_HIGH_VALUE_HISTORY,High-value transaction consistent with normal historical account behavior,NONE,1,3,5,NORMAL,0.0646
L03_000234,315,TRANSFER,304174.64,C826793105,8007239.3,7703064.66,C1606198128,0.0,304174.64,0,0,L03_00047,LEGITIMATE_HIGH_VALUE_HISTORY,High-value transaction consistent with normal historical account behavior,NONE,1,4,5,NORMAL,0.038
L03_000235,333,TRANSFER,2310919.4,C826793105,7703064.66,5392145.27,C1606198128,0.0,2310919.4,0,0,L03_00047,LEGITIMATE_HIGH_VALUE_HISTORY,High-value transaction consistent with normal historical account behavior,NONE,1,5,5,NORMAL,0.3
L03_000236,640,TRANSFER,613371.65,C1531730002,9453646.8,8840275.15,C128931614,0.0,613371.65,0,0,L03_00048,LEGITIMATE_HIGH_VALUE_HISTORY,High-value transaction consistent with normal historical account behavior,NONE,1,1,5,NORMAL,0.0649
L03_000237,677,TRANSFER,522113.58,C1531730002,8840275.15,8318161.57,C128931614,0.0,522113.58,0,0,L03_00048,LEGITIMATE_HIGH_VALUE_HISTORY,High-value transaction consistent with normal historical account behavior,NONE,1,2,5,NORMAL,0.0591
L03_000238,692,TRANSFER,365858.77,C1531730002,8318161.57,7952302.8,C128931614,0.0,365858.77,0,0,L03_00048,LEGITIMATE_HIGH_VALUE_HISTORY,High-value transaction consistent with normal historical account behavior,NONE,1,3,5,NORMAL,0.044
L03_000239,724,TRANSFER,529509.98,C1531730002,7952302.8,7422792.82,C128931614,0.0,529509.98,0,0,L03_00048,LEGITIMATE_HIGH_VALUE_HISTORY,High-value transaction consistent with normal historical account behavior,NONE,1,4,5,NORMAL,0.0666
L03_000240,744,TRANSFER,2226837.85,C1531730002,7422792.82,5195954.97,C128931614,0.0,2226837.85,0,0,L03_00048,LEGITIMATE_HIGH_VALUE_HISTORY,High-value transaction consistent with normal historical account behavior,NONE,1,5,5,NORMAL,0.3
L03_000241,353,TRANSFER,504516.98,C570232053,18224448.6,17719931.62,C1261725206,0.0,504516.98,0,0,L03_00049,LEGITIMATE_HIGH_VALUE_HISTORY,High-value transaction consistent with normal historical account behavior,NONE,1,1,5,NORMAL,0.0277
L03_000242,372,TRANSFER,480971.88,C570232053,17719931.62,17238959.74,C1261725206,0.0,480971.88,0,0,L03_00049,LEGITIMATE_HIGH_VALUE_HISTORY,High-value transaction consistent with normal historical account behavior,NONE,1,2,5,NORMAL,0.0271
L03_000243,399,TRANSFER,351416.29,C570232053,17238959.74,16887543.45,C1261725206,0.0,351416.29,0,0,L03_00049,LEGITIMATE_HIGH_VALUE_HISTORY,High-value transaction consistent with normal historical account behavior,NONE,1,3,5,NORMAL,0.0204
L03_000244,420,TRANSFER,812727.25,C570232053,16887543.45,16074816.2,C1261725206,0.0,812727.25,0,0,L03_00049,LEGITIMATE_HIGH_VALUE_HISTORY,High-value transaction consistent with normal historical account behavior,NONE,1,4,5,NORMAL,0.0481
L03_000245,460,TRANSFER,4822444.86,C570232053,16074816.2,11252371.34,C1261725206,0.0,4822444.86,0,0,L03_00049,LEGITIMATE_HIGH_VALUE_HISTORY,High-value transaction consistent with normal historical account behavior,NONE,1,5,5,NORMAL,0.3
L03_000246,334,TRANSFER,407715.3,C596895684,17719497.9,17311782.6,C1883840933,0.0,407715.3,0,0,L03_00050,LEGITIMATE_HIGH_VALUE_HISTORY,High-value transaction consistent with normal historical account behavior,NONE,1,1,5,NORMAL,0.023
L03_000247,365,TRANSFER,578775.49,C596895684,17311782.6,16733007.11,C1883840933,0.0,578775.49,0,0,L03_00050,LEGITIMATE_HIGH_VALUE_HISTORY,High-value transaction consistent with normal historical account behavior,NONE,1,2,5,NORMAL,0.0334
L03_000248,395,TRANSFER,431974.99,C596895684,16733007.11,16301032.12,C1883840933,0.0,431974.99,0,0,L03_00050,LEGITIMATE_HIGH_VALUE_HISTORY,High-value transaction consistent with normal historical account behavior,NONE,1,3,5,NORMAL,0.0258
L03_000249,419,TRANSFER,394532.82,C596895684,16301032.12,15906499.3,C1883840933,0.0,394532.82,0,0,L03_00050,LEGITIMATE_HIGH_VALUE_HISTORY,High-value transaction consistent with normal historical account behavior,NONE,1,4,5,NORMAL,0.0242
L03_000250,462,TRANSFER,4771949.79,C596895684,15906499.3,11134549.51,C1883840933,0.0,4771949.79,0,0,L03_00050,LEGITIMATE_HIGH_VALUE_HISTORY,High-value transaction consistent with normal historical account behavior,NONE,1,5,5,NORMAL,0.3
L03_000251,202,TRANSFER,802264.32,C525540458,9812188.26,9009923.94,C276485420,0.0,802264.32,0,0,L03_00051,LEGITIMATE_HIGH_VALUE_HISTORY,High-value transaction consistent with normal historical account behavior,NONE,1,1,5,NORMAL,0.0818
L03_000252,248,TRANSFER,773307.52,C525540458,9009923.94,8236616.42,C276485420,0.0,773307.52,0,0,L03_00051,LEGITIMATE_HIGH_VALUE_HISTORY,High-value transaction consistent with normal historical account behavior,NONE,1,2,5,NORMAL,0.0858
L03_000253,276,TRANSFER,616589.27,C525540458,8236616.42,7620027.15,C276485420,0.0,616589.27,0,0,L03_00051,LEGITIMATE_HIGH_VALUE_HISTORY,High-value transaction consistent with normal historical account behavior,NONE,1,3,5,NORMAL,0.0749
L03_000254,295,TRANSFER,450742.22,C525540458,7620027.15,7169284.93,C276485420,0.0,450742.22,0,0,L03_00051,LEGITIMATE_HIGH_VALUE_HISTORY,High-value transaction consistent with normal historical account behavior,NONE,1,4,5,NORMAL,0.0592
L03_000255,311,TRANSFER,2150785.48,C525540458,7169284.93,5018499.45,C276485420,0.0,2150785.48,0,0,L03_00051,LEGITIMATE_HIGH_VALUE_HISTORY,High-value transaction consistent with normal historical account behavior,NONE,1,5,5,NORMAL,0.3
L03_000256,358,TRANSFER,646216.54,C453666694,14440857.27,13794640.73,C16233551,0.0,646216.54,0,0,L03_00052,LEGITIMATE_HIGH_VALUE_HISTORY,High-value transaction consistent with normal historical account behavior,NONE,1,1,5,NORMAL,0.0447
L03_000257,379,TRANSFER,386908.9,C453666694,13794640.73,13407731.83,C16233551,0.0,386908.9,0,0,L03_00052,LEGITIMATE_HIGH_VALUE_HISTORY,High-value transaction consistent with normal historical account behavior,NONE,1,2,5,NORMAL,0.028
L03_000258,425,TRANSFER,807254.49,C453666694,13407731.83,12600477.34,C16233551,0.0,807254.49,0,0,L03_00052,LEGITIMATE_HIGH_VALUE_HISTORY,High-value transaction consistent with normal historical account behavior,NONE,1,3,5,NORMAL,0.0602
L03_000259,474,TRANSFER,315915.08,C453666694,12600477.34,12284562.26,C16233551,0.0,315915.08,0,0,L03_00052,LEGITIMATE_HIGH_VALUE_HISTORY,High-value transaction consistent with normal historical account behavior,NONE,1,4,5,NORMAL,0.0251
L03_000260,489,TRANSFER,3685368.68,C453666694,12284562.26,8599193.58,C16233551,0.0,3685368.68,0,0,L03_00052,LEGITIMATE_HIGH_VALUE_HISTORY,High-value transaction consistent with normal historical account behavior,NONE,1,5,5,NORMAL,0.3
L03_000261,425,TRANSFER,509991.18,C1029079125,7526102.05,7016110.87,C1643627591,0.0,509991.18,0,0,L03_00053,LEGITIMATE_HIGH_VALUE_HISTORY,High-value transaction consistent with normal historical account behavior,NONE,1,1,5,NORMAL,0.0678
L03_000262,455,TRANSFER,411605.97,C1029079125,7016110.87,6604504.9,C1643627591,0.0,411605.97,0,0,L03_00053,LEGITIMATE_HIGH_VALUE_HISTORY,High-value transaction consistent with normal historical account behavior,NONE,1,2,5,NORMAL,0.0587
L03_000263,491,TRANSFER,303796.96,C1029079125,6604504.9,6300707.94,C1643627591,0.0,303796.96,0,0,L03_00053,LEGITIMATE_HIGH_VALUE_HISTORY,High-value transaction consistent with normal historical account behavior,NONE,1,3,5,NORMAL,0.046
L03_000264,550,TRANSFER,703815.61,C1029079125,6300707.94,5596892.33,C1643627591,0.0,703815.61,0,0,L03_00053,LEGITIMATE_HIGH_VALUE_HISTORY,High-value transaction consistent with normal historical account behavior,NONE,1,4,5,NORMAL,0.1117
L03_000265,594,TRANSFER,1679067.7,C1029079125,5596892.33,3917824.63,C1643627591,0.0,1679067.7,0,0,L03_00053,LEGITIMATE_HIGH_VALUE_HISTORY,High-value transaction consistent with normal historical account behavior,NONE,1,5,5,NORMAL,0.3
L03_000266,329,TRANSFER,318902.72,C296380193,9086523.29,8767620.56,C577660019,0.0,318902.72,0,0,L03_00054,LEGITIMATE_HIGH_VALUE_HISTORY,High-value transaction consistent with normal historical account behavior,NONE,1,1,5,NORMAL,0.0351
L03_000267,386,TRANSFER,681144.91,C296380193,8767620.56,8086475.65,C577660019,0.0,681144.91,0,0,L03_00054,LEGITIMATE_HIGH_VALUE_HISTORY,High-value transaction consistent with normal historical account behavior,NONE,1,2,5,NORMAL,0.0777
L03_000268,433,TRANSFER,792328.24,C296380193,8086475.65,7294147.41,C577660019,0.0,792328.24,0,0,L03_00054,LEGITIMATE_HIGH_VALUE_HISTORY,High-value transaction consistent with normal historical account behavior,NONE,1,3,5,NORMAL,0.098
L03_000269,467,TRANSFER,425151.96,C296380193,7294147.41,6868995.45,C577660019,0.0,425151.96,0,0,L03_00054,LEGITIMATE_HIGH_VALUE_HISTORY,High-value transaction consistent with normal historical account behavior,NONE,1,4,5,NORMAL,0.0583
L03_000270,496,TRANSFER,2060698.64,C296380193,6868995.45,4808296.82,C577660019,0.0,2060698.64,0,0,L03_00054,LEGITIMATE_HIGH_VALUE_HISTORY,High-value transaction consistent with normal historical account behavior,NONE,1,5,5,NORMAL,0.3
L03_000271,274,TRANSFER,763192.74,C537276999,8410270.42,7647077.68,C1121784938,0.0,763192.74,0,0,L03_00055,LEGITIMATE_HIGH_VALUE_HISTORY,High-value transaction consistent with normal historical account behavior,NONE,1,1,5,NORMAL,0.0907
L03_000272,290,TRANSFER,791461.64,C537276999,7647077.68,6855616.04,C1121784938,0.0,791461.64,0,0,L03_00055,LEGITIMATE_HIGH_VALUE_HISTORY,High-value transaction consistent with normal historical account behavior,NONE,1,2,5,NORMAL,0.1035
L03_000273,346,TRANSFER,543949.07,C537276999,6855616.04,6311666.97,C1121784938,0.0,543949.07,0,0,L03_00055,LEGITIMATE_HIGH_VALUE_HISTORY,High-value transaction consistent with normal historical account behavior,NONE,1,3,5,NORMAL,0.0793
L03_000274,375,TRANSFER,628769.71,C537276999,6311666.97,5682897.26,C1121784938,0.0,628769.71,0,0,L03_00055,LEGITIMATE_HIGH_VALUE_HISTORY,High-value transaction consistent with normal historical account behavior,NONE,1,4,5,NORMAL,0.0996
L03_000275,415,TRANSFER,1704869.18,C537276999,5682897.26,3978028.09,C1121784938,0.0,1704869.18,0,0,L03_00055,LEGITIMATE_HIGH_VALUE_HISTORY,High-value transaction consistent with normal historical account behavior,NONE,1,5,5,NORMAL,0.3
L03_000276,354,TRANSFER,849437.94,C108669576,10318566.5,9469128.56,C1442289110,0.0,849437.94,0,0,L03_00056,LEGITIMATE_HIGH_VALUE_HISTORY,High-value transaction consistent with normal historical account behavior,NONE,1,1,5,NORMAL,0.0823
L03_000277,404,TRANSFER,719533.89,C108669576,9469128.56,8749594.67,C1442289110,0.0,719533.89,0,0,L03_00056,LEGITIMATE_HIGH_VALUE_HISTORY,High-value transaction consistent with normal historical account behavior,NONE,1,2,5,NORMAL,0.076
L03_000278,430,TRANSFER,576984.16,C108669576,8749594.67,8172610.51,C1442289110,0.0,576984.16,0,0,L03_00056,LEGITIMATE_HIGH_VALUE_HISTORY,High-value transaction consistent with normal historical account behavior,NONE,1,3,5,NORMAL,0.0659
L03_000279,452,TRANSFER,639082.38,C108669576,8172610.51,7533528.13,C1442289110,0.0,639082.38,0,0,L03_00056,LEGITIMATE_HIGH_VALUE_HISTORY,High-value transaction consistent with normal historical account behavior,NONE,1,4,5,NORMAL,0.0782
L03_000280,507,TRANSFER,2260058.44,C108669576,7533528.13,5273469.69,C1442289110,0.0,2260058.44,0,0,L03_00056,LEGITIMATE_HIGH_VALUE_HISTORY,High-value transaction consistent with normal historical account behavior,NONE,1,5,5,NORMAL,0.3
L03_000281,351,TRANSFER,419216.32,C89606414,14386322.57,13967106.25,C1783715589,0.0,419216.32,0,0,L03_00057,LEGITIMATE_HIGH_VALUE_HISTORY,High-value transaction consistent with normal historical account behavior,NONE,1,1,5,NORMAL,0.0291
L03_000282,386,TRANSFER,502220.36,C89606414,13967106.25,13464885.89,C1783715589,0.0,502220.36,0,0,L03_00057,LEGITIMATE_HIGH_VALUE_HISTORY,High-value transaction consistent with normal historical account behavior,NONE,1,2,5,NORMAL,0.036
L03_000283,407,TRANSFER,830485.67,C89606414,13464885.89,12634400.22,C1783715589,0.0,830485.67,0,0,L03_00057,LEGITIMATE_HIGH_VALUE_HISTORY,High-value transaction consistent with normal historical account behavior,NONE,1,3,5,NORMAL,0.0617
L03_000284,457,TRANSFER,318276.11,C89606414,12634400.22,12316124.11,C1783715589,0.0,318276.11,0,0,L03_00057,LEGITIMATE_HIGH_VALUE_HISTORY,High-value transaction consistent with normal historical account behavior,NONE,1,4,5,NORMAL,0.0252
L03_000285,501,TRANSFER,3694837.23,C89606414,12316124.11,8621286.87,C1783715589,0.0,3694837.23,0,0,L03_00057,LEGITIMATE_HIGH_VALUE_HISTORY,High-value transaction consistent with normal historical account behavior,NONE,1,5,5,NORMAL,0.3
L03_000286,207,TRANSFER,649305.42,C587357334,9954424.89,9305119.47,C733827588,0.0,649305.42,0,0,L03_00058,LEGITIMATE_HIGH_VALUE_HISTORY,High-value transaction consistent with normal historical account behavior,NONE,1,1,5,NORMAL,0.0652
L03_000287,242,TRANSFER,780888.16,C587357334,9305119.47,8524231.31,C733827588,0.0,780888.16,0,0,L03_00058,LEGITIMATE_HIGH_VALUE_HISTORY,High-value transaction consistent with normal historical account behavior,NONE,1,2,5,NORMAL,0.0839
L03_000288,274,TRANSFER,572232.98,C587357334,8524231.31,7951998.33,C733827588,0.0,572232.98,0,0,L03_00058,LEGITIMATE_HIGH_VALUE_HISTORY,High-value transaction consistent with normal historical account behavior,NONE,1,3,5,NORMAL,0.0671
L03_000289,294,TRANSFER,714150.45,C587357334,7951998.33,7237847.88,C733827588,0.0,714150.45,0,0,L03_00058,LEGITIMATE_HIGH_VALUE_HISTORY,High-value transaction consistent with normal historical account behavior,NONE,1,4,5,NORMAL,0.0898
L03_000290,351,TRANSFER,2171354.36,C587357334,7237847.88,5066493.52,C733827588,0.0,2171354.36,0,0,L03_00058,LEGITIMATE_HIGH_VALUE_HISTORY,High-value transaction consistent with normal historical account behavior,NONE,1,5,5,NORMAL,0.3
L03_000291,557,TRANSFER,855391.53,C551041149,8474481.27,7619089.74,C1170129837,0.0,855391.53,0,0,L03_00059,LEGITIMATE_HIGH_VALUE_HISTORY,High-value transaction consistent with normal historical account behavior,NONE,1,1,5,NORMAL,0.1009
L03_000292,601,TRANSFER,489592.97,C551041149,7619089.74,7129496.77,C1170129837,0.0,489592.97,0,0,L03_00059,LEGITIMATE_HIGH_VALUE_HISTORY,High-value transaction consistent with normal historical account behavior,NONE,1,2,5,NORMAL,0.0643
L03_000293,631,TRANSFER,842999.91,C551041149,7129496.77,6286496.86,C1170129837,0.0,842999.91,0,0,L03_00059,LEGITIMATE_HIGH_VALUE_HISTORY,High-value transaction consistent with normal historical account behavior,NONE,1,3,5,NORMAL,0.1182
L03_000294,653,TRANSFER,663899.14,C551041149,6286496.86,5622597.72,C1170129837,0.0,663899.14,0,0,L03_00059,LEGITIMATE_HIGH_VALUE_HISTORY,High-value transaction consistent with normal historical account behavior,NONE,1,4,5,NORMAL,0.1056
L03_000295,699,TRANSFER,1686779.32,C551041149,5622597.72,3935818.4,C1170129837,0.0,1686779.32,0,0,L03_00059,LEGITIMATE_HIGH_VALUE_HISTORY,High-value transaction consistent with normal historical account behavior,NONE,1,5,5,NORMAL,0.3
L03_000296,519,TRANSFER,731440.68,C595129866,8649880.25,7918439.57,C2011860169,0.0,731440.68,0,0,L03_00060,LEGITIMATE_HIGH_VALUE_HISTORY,High-value transaction consistent with normal historical account behavior,NONE,1,1,5,NORMAL,0.0846
L03_000297,560,TRANSFER,358475.67,C595129866,7918439.57,7559963.9,C2011860169,0.0,358475.67,0,0,L03_00060,LEGITIMATE_HIGH_VALUE_HISTORY,High-value transaction consistent with normal historical account behavior,NONE,1,2,5,NORMAL,0.0453
L03_000298,575,TRANSFER,839762.32,C595129866,7559963.9,6720201.58,C2011860169,0.0,839762.32,0,0,L03_00060,LEGITIMATE_HIGH_VALUE_HISTORY,High-value transaction consistent with normal historical account behavior,NONE,1,3,5,NORMAL,0.1111
L03_000299,628,TRANSFER,533126.55,C595129866,6720201.58,6187075.03,C2011860169,0.0,533126.55,0,0,L03_00060,LEGITIMATE_HIGH_VALUE_HISTORY,High-value transaction consistent with normal historical account behavior,NONE,1,4,5,NORMAL,0.0793
L03_000300,684,TRANSFER,1856122.51,C595129866,6187075.03,4330952.52,C2011860169,0.0,1856122.51,0,0,L03_00060,LEGITIMATE_HIGH_VALUE_HISTORY,High-value transaction consistent with normal historical account behavior,NONE,1,5,5,NORMAL,0.3
L03_000301,400,TRANSFER,701922.92,C833221376,14457990.04,13756067.12,C1387649285,0.0,701922.92,0,0,L03_00061,LEGITIMATE_HIGH_VALUE_HISTORY,High-value transaction consistent with normal historical account behavior,NONE,1,1,5,NORMAL,0.0485
L03_000302,424,TRANSFER,799686.0,C833221376,13756067.12,12956381.12,C1387649285,0.0,799686.0,0,0,L03_00061,LEGITIMATE_HIGH_VALUE_HISTORY,High-value transaction consistent with normal historical account behavior,NONE,1,2,5,NORMAL,0.0581
L03_000303,465,TRANSFER,571860.02,C833221376,12956381.12,12384521.1,C1387649285,0.0,571860.02,0,0,L03_00061,LEGITIMATE_HIGH_VALUE_HISTORY,High-value transaction consistent with normal historical account behavior,NONE,1,3,5,NORMAL,0.0441
L03_000304,509,TRANSFER,457562.91,C833221376,12384521.1,11926958.19,C1387649285,0.0,457562.91,0,0,L03_00061,LEGITIMATE_HIGH_VALUE_HISTORY,High-value transaction consistent with normal historical account behavior,NONE,1,4,5,NORMAL,0.0369
L03_000305,552,TRANSFER,3578087.46,C833221376,11926958.19,8348870.74,C1387649285,0.0,3578087.46,0,0,L03_00061,LEGITIMATE_HIGH_VALUE_HISTORY,High-value transaction consistent with normal historical account behavior,NONE,1,5,5,NORMAL,0.3
L03_000306,348,TRANSFER,539034.21,C182734212,7488521.4,6949487.19,C861077340,0.0,539034.21,0,0,L03_00062,LEGITIMATE_HIGH_VALUE_HISTORY,High-value transaction consistent with normal historical account behavior,NONE,1,1,5,NORMAL,0.072
L03_000307,372,TRANSFER,430722.91,C182734212,6949487.19,6518764.28,C861077340,0.0,430722.91,0,0,L03_00062,LEGITIMATE_HIGH_VALUE_HISTORY,High-value transaction consistent with normal historical account behavior,NONE,1,2,5,NORMAL,0.062
L03_000308,432,TRANSFER,677634.7,C182734212,6518764.28,5841129.58,C861077340,0.0,677634.7,0,0,L03_00062,LEGITIMATE_HIGH_VALUE_HISTORY,High-value transaction consistent with normal historical account behavior,NONE,1,3,5,NORMAL,0.104
L03_000309,478,TRANSFER,369500.45,C182734212,5841129.58,5471629.13,C861077340,0.0,369500.45,0,0,L03_00062,LEGITIMATE_HIGH_VALUE_HISTORY,High-value transaction consistent with normal historical account behavior,NONE,1,4,5,NORMAL,0.0633
L03_000310,504,TRANSFER,1641488.74,C182734212,5471629.13,3830140.39,C861077340,0.0,1641488.74,0,0,L03_00062,LEGITIMATE_HIGH_VALUE_HISTORY,High-value transaction consistent with normal historical account behavior,NONE,1,5,5,NORMAL,0.3
L03_000311,399,TRANSFER,663427.77,C1834136292,13904313.27,13240885.5,C1014103702,0.0,663427.77,0,0,L03_00063,LEGITIMATE_HIGH_VALUE_HISTORY,High-value transaction consistent with normal historical account behavior,NONE,1,1,5,NORMAL,0.0477
L03_000312,417,TRANSFER,399359.05,C1834136292,13240885.5,12841526.45,C1014103702,0.0,399359.05,0,0,L03_00063,LEGITIMATE_HIGH_VALUE_HISTORY,High-value transaction consistent with normal historical account behavior,NONE,1,2,5,NORMAL,0.0302
L03_000313,438,TRANSFER,790488.62,C1834136292,12841526.45,12051037.83,C1014103702,0.0,790488.62,0,0,L03_00063,LEGITIMATE_HIGH_VALUE_HISTORY,High-value transaction consistent with normal historical account behavior,NONE,1,3,5,NORMAL,0.0616
L03_000314,458,TRANSFER,476865.55,C1834136292,12051037.83,11574172.28,C1014103702,0.0,476865.55,0,0,L03_00063,LEGITIMATE_HIGH_VALUE_HISTORY,High-value transaction consistent with normal historical account behavior,NONE,1,4,5,NORMAL,0.0396
L03_000315,477,TRANSFER,3472251.68,C1834136292,11574172.28,8101920.6,C1014103702,0.0,3472251.68,0,0,L03_00063,LEGITIMATE_HIGH_VALUE_HISTORY,High-value transaction consistent with normal historical account behavior,NONE,1,5,5,NORMAL,0.3
L03_000316,392,TRANSFER,302131.45,C7872274,15774143.3,15472011.85,C721464272,0.0,302131.45,0,0,L03_00064,LEGITIMATE_HIGH_VALUE_HISTORY,High-value transaction consistent with normal historical account behavior,NONE,1,1,5,NORMAL,0.0192
L03_000317,431,TRANSFER,570446.76,C7872274,15472011.85,14901565.09,C721464272,0.0,570446.76,0,0,L03_00064,LEGITIMATE_HIGH_VALUE_HISTORY,High-value transaction consistent with normal historical account behavior,NONE,1,2,5,NORMAL,0.0369
L03_000318,482,TRANSFER,369938.84,C7872274,14901565.09,14531626.25,C721464272,0.0,369938.84,0,0,L03_00064,LEGITIMATE_HIGH_VALUE_HISTORY,High-value transaction consistent with normal historical account behavior,NONE,1,3,5,NORMAL,0.0248
L03_000319,510,TRANSFER,346827.76,C7872274,14531626.25,14184798.49,C721464272,0.0,346827.76,0,0,L03_00064,LEGITIMATE_HIGH_VALUE_HISTORY,High-value transaction consistent with normal historical account behavior,NONE,1,4,5,NORMAL,0.0239
L03_000320,554,TRANSFER,4255439.55,C7872274,14184798.49,9929358.94,C721464272,0.0,4255439.55,0,0,L03_00064,LEGITIMATE_HIGH_VALUE_HISTORY,High-value transaction consistent with normal historical account behavior,NONE,1,5,5,NORMAL,0.3
L03_000321,427,TRANSFER,426344.81,C1808976095,18820845.67,18394500.86,C1843335063,0.0,426344.81,0,0,L03_00065,LEGITIMATE_HIGH_VALUE_HISTORY,High-value transaction consistent with normal historical account behavior,NONE,1,1,5,NORMAL,0.0227
L03_000322,478,TRANSFER,809893.9,C1808976095,18394500.86,17584606.96,C1843335063,0.0,809893.9,0,0,L03_00065,LEGITIMATE_HIGH_VALUE_HISTORY,High-value transaction consistent with normal historical account behavior,NONE,1,2,5,NORMAL,0.044
L03_000323,494,TRANSFER,620233.74,C1808976095,17584606.96,16964373.23,C1843335063,0.0,620233.74,0,0,L03_00065,LEGITIMATE_HIGH_VALUE_HISTORY,High-value transaction consistent with normal historical account behavior,NONE,1,3,5,NORMAL,0.0353
L03_000324,516,TRANSFER,690758.0,C1808976095,16964373.23,16273615.23,C1843335063,0.0,690758.0,0,0,L03_00065,LEGITIMATE_HIGH_VALUE_HISTORY,High-value transaction consistent with normal historical account behavior,NONE,1,4,5,NORMAL,0.0407
L03_000325,543,TRANSFER,4882084.57,C1808976095,16273615.23,11391530.66,C1843335063,0.0,4882084.57,0,0,L03_00065,LEGITIMATE_HIGH_VALUE_HISTORY,High-value transaction consistent with normal historical account behavior,NONE,1,5,5,NORMAL,0.3
L03_000326,339,TRANSFER,723774.06,C1005494038,11976480.29,11252706.22,C1797010701,0.0,723774.06,0,0,L03_00066,LEGITIMATE_HIGH_VALUE_HISTORY,High-value transaction consistent with normal historical account behavior,NONE,1,1,5,NORMAL,0.0604
L03_000327,396,TRANSFER,683374.82,C1005494038,11252706.22,10569331.4,C1797010701,0.0,683374.82,0,0,L03_00066,LEGITIMATE_HIGH_VALUE_HISTORY,High-value transaction consistent with normal historical account behavior,NONE,1,2,5,NORMAL,0.0607
L03_000328,440,TRANSFER,806108.68,C1005494038,10569331.4,9763222.72,C1797010701,0.0,806108.68,0,0,L03_00066,LEGITIMATE_HIGH_VALUE_HISTORY,High-value transaction consistent with normal historical account behavior,NONE,1,3,5,NORMAL,0.0763
L03_000329,458,TRANSFER,307504.91,C1005494038,9763222.72,9455717.81,C1797010701,0.0,307504.91,0,0,L03_00066,LEGITIMATE_HIGH_VALUE_HISTORY,High-value transaction consistent with normal historical account behavior,NONE,1,4,5,NORMAL,0.0315
L03_000330,502,TRANSFER,2836715.34,C1005494038,9455717.81,6619002.47,C1797010701,0.0,2836715.34,0,0,L03_00066,LEGITIMATE_HIGH_VALUE_HISTORY,High-value transaction consistent with normal historical account behavior,NONE,1,5,5,NORMAL,0.3
L03_000331,328,TRANSFER,743554.77,C1150229199,18691138.12,17947583.36,C1412774833,0.0,743554.77,0,0,L03_00067,LEGITIMATE_HIGH_VALUE_HISTORY,High-value transaction consistent with normal historical account behavior,NONE,1,1,5,NORMAL,0.0398
L03_000332,384,TRANSFER,752443.72,C1150229199,17947583.36,17195139.64,C1412774833,0.0,752443.72,0,0,L03_00067,LEGITIMATE_HIGH_VALUE_HISTORY,High-value transaction consistent with normal historical account behavior,NONE,1,2,5,NORMAL,0.0419
L03_000333,417,TRANSFER,785059.37,C1150229199,17195139.64,16410080.27,C1412774833,0.0,785059.37,0,0,L03_00067,LEGITIMATE_HIGH_VALUE_HISTORY,High-value transaction consistent with normal historical account behavior,NONE,1,3,5,NORMAL,0.0457
L03_000334,449,TRANSFER,367427.78,C1150229199,16410080.27,16042652.49,C1412774833,0.0,367427.78,0,0,L03_00067,LEGITIMATE_HIGH_VALUE_HISTORY,High-value transaction consistent with normal historical account behavior,NONE,1,4,5,NORMAL,0.0224
L03_000335,470,TRANSFER,4812795.75,C1150229199,16042652.49,11229856.74,C1412774833,0.0,4812795.75,0,0,L03_00067,LEGITIMATE_HIGH_VALUE_HISTORY,High-value transaction consistent with normal historical account behavior,NONE,1,5,5,NORMAL,0.3
L03_000336,334,TRANSFER,828921.97,C367960372,19135918.02,18306996.05,C755537803,0.0,828921.97,0,0,L03_00068,LEGITIMATE_HIGH_VALUE_HISTORY,High-value transaction consistent with normal historical account behavior,NONE,1,1,5,NORMAL,0.0433
L03_000337,386,TRANSFER,848831.74,C367960372,18306996.05,17458164.31,C755537803,0.0,848831.74,0,0,L03_00068,LEGITIMATE_HIGH_VALUE_HISTORY,High-value transaction consistent with normal historical account behavior,NONE,1,2,5,NORMAL,0.0464
L03_000338,425,TRANSFER,339071.97,C367960372,17458164.31,17119092.34,C755537803,0.0,339071.97,0,0,L03_00068,LEGITIMATE_HIGH_VALUE_HISTORY,High-value transaction consistent with normal historical account behavior,NONE,1,3,5,NORMAL,0.0194
L03_000339,442,TRANSFER,740453.0,C367960372,17119092.34,16378639.34,C755537803,0.0,740453.0,0,0,L03_00068,LEGITIMATE_HIGH_VALUE_HISTORY,High-value transaction consistent with normal historical account behavior,NONE,1,4,5,NORMAL,0.0433
L03_000340,467,TRANSFER,4913591.8,C367960372,16378639.34,11465047.54,C755537803,0.0,4913591.8,0,0,L03_00068,LEGITIMATE_HIGH_VALUE_HISTORY,High-value transaction consistent with normal historical account behavior,NONE,1,5,5,NORMAL,0.3
L03_000341,432,TRANSFER,790460.99,C724822196,13171889.97,12381428.98,C528593406,0.0,790460.99,0,0,L03_00069,LEGITIMATE_HIGH_VALUE_HISTORY,High-value transaction consistent with normal historical account behavior,NONE,1,1,5,NORMAL,0.06
L03_000342,449,TRANSFER,656085.63,C724822196,12381428.98,11725343.35,C528593406,0.0,656085.63,0,0,L03_00069,LEGITIMATE_HIGH_VALUE_HISTORY,High-value transaction consistent with normal historical account behavior,NONE,1,2,5,NORMAL,0.053
L03_000343,505,TRANSFER,619195.02,C724822196,11725343.35,11106148.33,C528593406,0.0,619195.02,0,0,L03_00069,LEGITIMATE_HIGH_VALUE_HISTORY,High-value transaction consistent with normal historical account behavior,NONE,1,3,5,NORMAL,0.0528
L03_000344,539,TRANSFER,359164.38,C724822196,11106148.33,10746983.95,C528593406,0.0,359164.38,0,0,L03_00069,LEGITIMATE_HIGH_VALUE_HISTORY,High-value transaction consistent with normal historical account behavior,NONE,1,4,5,NORMAL,0.0323
L03_000345,574,TRANSFER,3224095.18,C724822196,10746983.95,7522888.76,C528593406,0.0,3224095.18,0,0,L03_00069,LEGITIMATE_HIGH_VALUE_HISTORY,High-value transaction consistent with normal historical account behavior,NONE,1,5,5,NORMAL,0.3
L03_000346,345,TRANSFER,596608.27,C1309597473,18824900.34,18228292.07,C567301975,0.0,596608.27,0,0,L03_00070,LEGITIMATE_HIGH_VALUE_HISTORY,High-value transaction consistent with normal historical account behavior,NONE,1,1,5,NORMAL,0.0317
L03_000347,404,TRANSFER,814160.71,C1309597473,18228292.07,17414131.36,C567301975,0.0,814160.71,0,0,L03_00070,LEGITIMATE_HIGH_VALUE_HISTORY,High-value transaction consistent with normal historical account behavior,NONE,1,2,5,NORMAL,0.0447
L03_000348,447,TRANSFER,617737.68,C1309597473,17414131.36,16796393.68,C567301975,0.0,617737.68,0,0,L03_00070,LEGITIMATE_HIGH_VALUE_HISTORY,High-value transaction consistent with normal historical account behavior,NONE,1,3,5,NORMAL,0.0355
L03_000349,469,TRANSFER,521426.9,C1309597473,16796393.68,16274966.78,C567301975,0.0,521426.9,0,0,L03_00070,LEGITIMATE_HIGH_VALUE_HISTORY,High-value transaction consistent with normal historical account behavior,NONE,1,4,5,NORMAL,0.031
L03_000350,511,TRANSFER,4882490.03,C1309597473,16274966.78,11392476.75,C567301975,0.0,4882490.03,0,0,L03_00070,LEGITIMATE_HIGH_VALUE_HISTORY,High-value transaction consistent with normal historical account behavior,NONE,1,5,5,NORMAL,0.3
L03_000351,345,TRANSFER,553297.99,C1465142263,7571458.9,7018160.91,C1231216271,0.0,553297.99,0,0,L03_00071,LEGITIMATE_HIGH_VALUE_HISTORY,High-value transaction consistent with normal historical account behavior,NONE,1,1,5,NORMAL,0.0731
L03_000352,387,TRANSFER,492060.98,C1465142263,7018160.91,6526099.93,C1231216271,0.0,492060.98,0,0,L03_00071,LEGITIMATE_HIGH_VALUE_HISTORY,High-value transaction consistent with normal historical account behavior,NONE,1,2,5,NORMAL,0.0701
L03_000353,435,TRANSFER,521569.62,C1465142263,6526099.93,6004530.31,C1231216271,0.0,521569.62,0,0,L03_00071,LEGITIMATE_HIGH_VALUE_HISTORY,High-value transaction consistent with normal historical account behavior,NONE,1,3,5,NORMAL,0.0799
L03_000354,492,TRANSFER,555387.13,C1465142263,6004530.31,5449143.18,C1231216271,0.0,555387.13,0,0,L03_00071,LEGITIMATE_HIGH_VALUE_HISTORY,High-value transaction consistent with normal historical account behavior,NONE,1,4,5,NORMAL,0.0925
L03_000355,551,TRANSFER,1634742.96,C1465142263,5449143.18,3814400.23,C1231216271,0.0,1634742.96,0,0,L03_00071,LEGITIMATE_HIGH_VALUE_HISTORY,High-value transaction consistent with normal historical account behavior,NONE,1,5,5,NORMAL,0.3
L03_000356,348,TRANSFER,402307.11,C1567477740,9471822.33,9069515.22,C1445962161,0.0,402307.11,0,0,L03_00072,LEGITIMATE_HIGH_VALUE_HISTORY,High-value transaction consistent with normal historical account behavior,NONE,1,1,5,NORMAL,0.0425
L03_000357,403,TRANSFER,612880.72,C1567477740,9069515.22,8456634.5,C1445962161,0.0,612880.72,0,0,L03_00072,LEGITIMATE_HIGH_VALUE_HISTORY,High-value transaction consistent with normal historical account behavior,NONE,1,2,5,NORMAL,0.0676
L03_000358,438,TRANSFER,781600.17,C1567477740,8456634.5,7675034.33,C1445962161,0.0,781600.17,0,0,L03_00072,LEGITIMATE_HIGH_VALUE_HISTORY,High-value transaction consistent with normal historical account behavior,NONE,1,3,5,NORMAL,0.0924
L03_000359,495,TRANSFER,436965.49,C1567477740,7675034.33,7238068.84,C1445962161,0.0,436965.49,0,0,L03_00072,LEGITIMATE_HIGH_VALUE_HISTORY,High-value transaction consistent with normal historical account behavior,NONE,1,4,5,NORMAL,0.0569
L03_000360,528,TRANSFER,2171420.65,C1567477740,7238068.84,5066648.19,C1445962161,0.0,2171420.65,0,0,L03_00072,LEGITIMATE_HIGH_VALUE_HISTORY,High-value transaction consistent with normal historical account behavior,NONE,1,5,5,NORMAL,0.3
L03_000361,343,TRANSFER,513522.89,C1401848604,17665449.63,17151926.74,C1770074719,0.0,513522.89,0,0,L03_00073,LEGITIMATE_HIGH_VALUE_HISTORY,High-value transaction consistent with normal historical account behavior,NONE,1,1,5,NORMAL,0.0291
L03_000362,397,TRANSFER,380477.19,C1401848604,17151926.74,16771449.55,C1770074719,0.0,380477.19,0,0,L03_00073,LEGITIMATE_HIGH_VALUE_HISTORY,High-value transaction consistent with normal historical account behavior,NONE,1,2,5,NORMAL,0.0222
L03_000363,444,TRANSFER,759510.88,C1401848604,16771449.55,16011938.67,C1770074719,0.0,759510.88,0,0,L03_00073,LEGITIMATE_HIGH_VALUE_HISTORY,High-value transaction consistent with normal historical account behavior,NONE,1,3,5,NORMAL,0.0453
L03_000364,499,TRANSFER,418371.5,C1401848604,16011938.67,15593567.17,C1770074719,0.0,418371.5,0,0,L03_00073,LEGITIMATE_HIGH_VALUE_HISTORY,High-value transaction consistent with normal historical account behavior,NONE,1,4,5,NORMAL,0.0261
L03_000365,559,TRANSFER,4678070.15,C1401848604,15593567.17,10915497.02,C1770074719,0.0,4678070.15,0,0,L03_00073,LEGITIMATE_HIGH_VALUE_HISTORY,High-value transaction consistent with normal historical account behavior,NONE,1,5,5,NORMAL,0.3
L03_000366,337,TRANSFER,653205.79,C107854734,18529832.57,17876626.78,C657175157,0.0,653205.79,0,0,L03_00074,LEGITIMATE_HIGH_VALUE_HISTORY,High-value transaction consistent with normal historical account behavior,NONE,1,1,5,NORMAL,0.0353
L03_000367,378,TRANSFER,730144.62,C107854734,17876626.78,17146482.16,C657175157,0.0,730144.62,0,0,L03_00074,LEGITIMATE_HIGH_VALUE_HISTORY,High-value transaction consistent with normal historical account behavior,NONE,1,2,5,NORMAL,0.0408
L03_000368,396,TRANSFER,508479.68,C107854734,17146482.16,16638002.48,C657175157,0.0,508479.68,0,0,L03_00074,LEGITIMATE_HIGH_VALUE_HISTORY,High-value transaction consistent with normal historical account behavior,NONE,1,3,5,NORMAL,0.0297
L03_000369,414,TRANSFER,461391.62,C107854734,16638002.48,16176610.86,C657175157,0.0,461391.62,0,0,L03_00074,LEGITIMATE_HIGH_VALUE_HISTORY,High-value transaction consistent with normal historical account behavior,NONE,1,4,5,NORMAL,0.0277
L03_000370,468,TRANSFER,4852983.26,C107854734,16176610.86,11323627.6,C657175157,0.0,4852983.26,0,0,L03_00074,LEGITIMATE_HIGH_VALUE_HISTORY,High-value transaction consistent with normal historical account behavior,NONE,1,5,5,NORMAL,0.3
L03_000371,362,TRANSFER,533535.54,C1139857244,12016764.36,11483228.82,C1933299122,0.0,533535.54,0,0,L03_00075,LEGITIMATE_HIGH_VALUE_HISTORY,High-value transaction consistent with normal historical account behavior,NONE,1,1,5,NORMAL,0.0444
L03_000372,379,TRANSFER,684623.78,C1139857244,11483228.82,10798605.04,C1933299122,0.0,684623.78,0,0,L03_00075,LEGITIMATE_HIGH_VALUE_HISTORY,High-value transaction consistent with normal historical account behavior,NONE,1,2,5,NORMAL,0.0596
L03_000373,423,TRANSFER,328893.39,C1139857244,10798605.04,10469711.65,C1933299122,0.0,328893.39,0,0,L03_00075,LEGITIMATE_HIGH_VALUE_HISTORY,High-value transaction consistent with normal historical account behavior,NONE,1,3,5,NORMAL,0.0305
L03_000374,439,TRANSFER,508295.99,C1139857244,10469711.65,9961415.66,C1933299122,0.0,508295.99,0,0,L03_00075,LEGITIMATE_HIGH_VALUE_HISTORY,High-value transaction consistent with normal historical account behavior,NONE,1,4,5,NORMAL,0.0485
L03_000375,481,TRANSFER,2988424.7,C1139857244,9961415.66,6972990.96,C1933299122,0.0,2988424.7,0,0,L03_00075,LEGITIMATE_HIGH_VALUE_HISTORY,High-value transaction consistent with normal historical account behavior,NONE,1,5,5,NORMAL,0.3
L03_000376,383,TRANSFER,708787.53,C2035351254,7468093.53,6759306.0,C502278243,0.0,708787.53,0,0,L03_00076,LEGITIMATE_HIGH_VALUE_HISTORY,High-value transaction consistent with normal historical account behavior,NONE,1,1,5,NORMAL,0.0949
L03_000377,398,TRANSFER,488023.65,C2035351254,6759306.0,6271282.35,C502278243,0.0,488023.65,0,0,L03_00076,LEGITIMATE_HIGH_VALUE_HISTORY,High-value transaction consistent with normal historical account behavior,NONE,1,2,5,NORMAL,0.0722
L03_000378,443,TRANSFER,300735.2,C2035351254,6271282.35,5970547.15,C502278243,0.0,300735.2,0,0,L03_00076,LEGITIMATE_HIGH_VALUE_HISTORY,High-value transaction consistent with normal historical account behavior,NONE,1,3,5,NORMAL,0.048
L03_000379,463,TRANSFER,300725.96,C2035351254,5970547.15,5669821.19,C502278243,0.0,300725.96,0,0,L03_00076,LEGITIMATE_HIGH_VALUE_HISTORY,High-value transaction consistent with normal historical account behavior,NONE,1,4,5,NORMAL,0.0504
L03_000380,492,TRANSFER,1700946.36,C2035351254,5669821.19,3968874.83,C502278243,0.0,1700946.36,0,0,L03_00076,LEGITIMATE_HIGH_VALUE_HISTORY,High-value transaction consistent with normal historical account behavior,NONE,1,5,5,NORMAL,0.3
L03_000381,346,TRANSFER,517672.1,C5181564,15969647.77,15451975.67,C1771229294,0.0,517672.1,0,0,L03_00077,LEGITIMATE_HIGH_VALUE_HISTORY,High-value transaction consistent with normal historical account behavior,NONE,1,1,5,NORMAL,0.0324
L03_000382,383,TRANSFER,839190.22,C5181564,15451975.67,14612785.45,C1771229294,0.0,839190.22,0,0,L03_00077,LEGITIMATE_HIGH_VALUE_HISTORY,High-value transaction consistent with normal historical account behavior,NONE,1,2,5,NORMAL,0.0543
L03_000383,398,TRANSFER,529664.94,C5181564,14612785.45,14083120.51,C1771229294,0.0,529664.94,0,0,L03_00077,LEGITIMATE_HIGH_VALUE_HISTORY,High-value transaction consistent with normal historical account behavior,NONE,1,3,5,NORMAL,0.0362
L03_000384,422,TRANSFER,561605.7,C5181564,14083120.51,13521514.81,C1771229294,0.0,561605.7,0,0,L03_00077,LEGITIMATE_HIGH_VALUE_HISTORY,High-value transaction consistent with normal historical account behavior,NONE,1,4,5,NORMAL,0.0399
L03_000385,482,TRANSFER,4056454.44,C5181564,13521514.81,9465060.37,C1771229294,0.0,4056454.44,0,0,L03_00077,LEGITIMATE_HIGH_VALUE_HISTORY,High-value transaction consistent with normal historical account behavior,NONE,1,5,5,NORMAL,0.3
L03_000386,335,TRANSFER,738386.61,C865139105,18502408.3,17764021.7,C648140651,0.0,738386.61,0,0,L03_00078,LEGITIMATE_HIGH_VALUE_HISTORY,High-value transaction consistent with normal historical account behavior,NONE,1,1,5,NORMAL,0.0399
L03_000387,356,TRANSFER,388806.94,C865139105,17764021.7,17375214.76,C648140651,0.0,388806.94,0,0,L03_00078,LEGITIMATE_HIGH_VALUE_HISTORY,High-value transaction consistent with normal historical account behavior,NONE,1,2,5,NORMAL,0.0219
L03_000388,404,TRANSFER,604888.27,C865139105,17375214.76,16770326.48,C648140651,0.0,604888.27,0,0,L03_00078,LEGITIMATE_HIGH_VALUE_HISTORY,High-value transaction consistent with normal historical account behavior,NONE,1,3,5,NORMAL,0.0348
L03_000389,447,TRANSFER,602857.05,C865139105,16770326.48,16167469.43,C648140651,0.0,602857.05,0,0,L03_00078,LEGITIMATE_HIGH_VALUE_HISTORY,High-value transaction consistent with normal historical account behavior,NONE,1,4,5,NORMAL,0.0359
L03_000390,483,TRANSFER,4850240.83,C865139105,16167469.43,11317228.6,C648140651,0.0,4850240.83,0,0,L03_00078,LEGITIMATE_HIGH_VALUE_HISTORY,High-value transaction consistent with normal historical account behavior,NONE,1,5,5,NORMAL,0.3
L03_000391,386,TRANSFER,380954.48,C1518060731,17460176.2,17079221.72,C1945970316,0.0,380954.48,0,0,L03_00079,LEGITIMATE_HIGH_VALUE_HISTORY,High-value transaction consistent with normal historical account behavior,NONE,1,1,5,NORMAL,0.0218
L03_000392,416,TRANSFER,737644.93,C1518060731,17079221.72,16341576.79,C1945970316,0.0,737644.93,0,0,L03_00079,LEGITIMATE_HIGH_VALUE_HISTORY,High-value transaction consistent with normal historical account behavior,NONE,1,2,5,NORMAL,0.0432
L03_000393,463,TRANSFER,818138.45,C1518060731,16341576.79,15523438.34,C1945970316,0.0,818138.45,0,0,L03_00079,LEGITIMATE_HIGH_VALUE_HISTORY,High-value transaction consistent with normal historical account behavior,NONE,1,3,5,NORMAL,0.0501
L03_000394,512,TRANSFER,334266.99,C1518060731,15523438.34,15189171.35,C1945970316,0.0,334266.99,0,0,L03_00079,LEGITIMATE_HIGH_VALUE_HISTORY,High-value transaction consistent with normal historical account behavior,NONE,1,4,5,NORMAL,0.0215
L03_000395,551,TRANSFER,4556751.41,C1518060731,15189171.35,10632419.95,C1945970316,0.0,4556751.41,0,0,L03_00079,LEGITIMATE_HIGH_VALUE_HISTORY,High-value transaction consistent with normal historical account behavior,NONE,1,5,5,NORMAL,0.3
L03_000396,351,TRANSFER,847059.21,C611634421,8448845.8,7601786.59,C1865820651,0.0,847059.21,0,0,L03_00080,LEGITIMATE_HIGH_VALUE_HISTORY,High-value transaction consistent with normal historical account behavior,NONE,1,1,5,NORMAL,0.1003
L03_000397,389,TRANSFER,721781.27,C611634421,7601786.59,6880005.32,C1865820651,0.0,721781.27,0,0,L03_00080,LEGITIMATE_HIGH_VALUE_HISTORY,High-value transaction consistent with normal historical account behavior,NONE,1,2,5,NORMAL,0.0949
L03_000398,409,TRANSFER,389385.75,C611634421,6880005.32,6490619.57,C1865820651,0.0,389385.75,0,0,L03_00080,LEGITIMATE_HIGH_VALUE_HISTORY,High-value transaction consistent with normal historical account behavior,NONE,1,3,5,NORMAL,0.0566
L03_000399,440,TRANSFER,339905.76,C611634421,6490619.57,6150713.81,C1865820651,0.0,339905.76,0,0,L03_00080,LEGITIMATE_HIGH_VALUE_HISTORY,High-value transaction consistent with normal historical account behavior,NONE,1,4,5,NORMAL,0.0524
L03_000400,474,TRANSFER,1845214.14,C611634421,6150713.81,4305499.67,C1865820651,0.0,1845214.14,0,0,L03_00080,LEGITIMATE_HIGH_VALUE_HISTORY,High-value transaction consistent with normal historical account behavior,NONE,1,5,5,NORMAL,0.3
L03_000401,345,TRANSFER,644856.66,C171920873,19077797.14,18432940.48,C1894067666,0.0,644856.66,0,0,L03_00081,LEGITIMATE_HIGH_VALUE_HISTORY,High-value transaction consistent with normal historical account behavior,NONE,1,1,5,NORMAL,0.0338
L03_000402,388,TRANSFER,579655.64,C171920873,18432940.48,17853284.84,C1894067666,0.0,579655.64,0,0,L03_00081,LEGITIMATE_HIGH_VALUE_HISTORY,High-value transaction consistent with normal historical account behavior,NONE,1,2,5,NORMAL,0.0314
L03_000403,403,TRANSFER,630207.4,C171920873,17853284.84,17223077.44,C1894067666,0.0,630207.4,0,0,L03_00081,LEGITIMATE_HIGH_VALUE_HISTORY,High-value transaction consistent with normal historical account behavior,NONE,1,3,5,NORMAL,0.0353
L03_000404,434,TRANSFER,863811.73,C171920873,17223077.44,16359265.72,C1894067666,0.0,863811.73,0,0,L03_00081,LEGITIMATE_HIGH_VALUE_HISTORY,High-value transaction consistent with normal historical account behavior,NONE,1,4,5,NORMAL,0.0502
L03_000405,490,TRANSFER,4907779.71,C171920873,16359265.72,11451486.0,C1894067666,0.0,4907779.71,0,0,L03_00081,LEGITIMATE_HIGH_VALUE_HISTORY,High-value transaction consistent with normal historical account behavior,NONE,1,5,5,NORMAL,0.3
L03_000406,405,TRANSFER,592122.75,C1975048031,11602763.87,11010641.12,C1418126774,0.0,592122.75,0,0,L03_00082,LEGITIMATE_HIGH_VALUE_HISTORY,High-value transaction consistent with normal historical account behavior,NONE,1,1,5,NORMAL,0.051
L03_000407,440,TRANSFER,871882.09,C1975048031,11010641.12,10138759.03,C1418126774,0.0,871882.09,0,0,L03_00082,LEGITIMATE_HIGH_VALUE_HISTORY,High-value transaction consistent with normal historical account behavior,NONE,1,2,5,NORMAL,0.0792
L03_000408,486,TRANSFER,312976.17,C1975048031,10138759.03,9825782.86,C1418126774,0.0,312976.17,0,0,L03_00082,LEGITIMATE_HIGH_VALUE_HISTORY,High-value transaction consistent with normal historical account behavior,NONE,1,3,5,NORMAL,0.0309
L03_000409,526,TRANSFER,664559.53,C1975048031,9825782.86,9161223.33,C1418126774,0.0,664559.53,0,0,L03_00082,LEGITIMATE_HIGH_VALUE_HISTORY,High-value transaction consistent with normal historical account behavior,NONE,1,4,5,NORMAL,0.0676
L03_000410,551,TRANSFER,2748367.0,C1975048031,9161223.33,6412856.33,C1418126774,0.0,2748367.0,0,0,L03_00082,LEGITIMATE_HIGH_VALUE_HISTORY,High-value transaction consistent with normal historical account behavior,NONE,1,5,5,NORMAL,0.3
L03_000411,442,TRANSFER,507779.36,C1646870482,8891178.72,8383399.36,C301648379,0.0,507779.36,0,0,L03_00083,LEGITIMATE_HIGH_VALUE_HISTORY,High-value transaction consistent with normal historical account behavior,NONE,1,1,5,NORMAL,0.0571
L03_000412,475,TRANSFER,686297.57,C1646870482,8383399.36,7697101.79,C301648379,0.0,686297.57,0,0,L03_00083,LEGITIMATE_HIGH_VALUE_HISTORY,High-value transaction consistent with normal historical account behavior,NONE,1,2,5,NORMAL,0.0819
L03_000413,526,TRANSFER,693029.37,C1646870482,7697101.79,7004072.42,C301648379,0.0,693029.37,0,0,L03_00083,LEGITIMATE_HIGH_VALUE_HISTORY,High-value transaction consistent with normal historical account behavior,NONE,1,3,5,NORMAL,0.09
L03_000414,545,TRANSFER,761129.91,C1646870482,7004072.42,6242942.51,C301648379,0.0,761129.91,0,0,L03_00083,LEGITIMATE_HIGH_VALUE_HISTORY,High-value transaction consistent with normal historical account behavior,NONE,1,4,5,NORMAL,0.1087
L03_000415,597,TRANSFER,1872882.75,C1646870482,6242942.51,4370059.76,C301648379,0.0,1872882.75,0,0,L03_00083,LEGITIMATE_HIGH_VALUE_HISTORY,High-value transaction consistent with normal historical account behavior,NONE,1,5,5,NORMAL,0.3
L03_000416,401,TRANSFER,870247.89,C1534731848,11913080.62,11042832.73,C1806719571,0.0,870247.89,0,0,L03_00084,LEGITIMATE_HIGH_VALUE_HISTORY,High-value transaction consistent with normal historical account behavior,NONE,1,1,5,NORMAL,0.073
L03_000417,450,TRANSFER,482765.45,C1534731848,11042832.73,10560067.29,C1806719571,0.0,482765.45,0,0,L03_00084,LEGITIMATE_HIGH_VALUE_HISTORY,High-value transaction consistent with normal historical account behavior,NONE,1,2,5,NORMAL,0.0437
L03_000418,472,TRANSFER,419957.93,C1534731848,10560067.29,10140109.36,C1806719571,0.0,419957.93,0,0,L03_00084,LEGITIMATE_HIGH_VALUE_HISTORY,High-value transaction consistent with normal historical account behavior,NONE,1,3,5,NORMAL,0.0398
L03_000419,513,TRANSFER,470136.82,C1534731848,10140109.36,9669972.54,C1806719571,0.0,470136.82,0,0,L03_00084,LEGITIMATE_HIGH_VALUE_HISTORY,High-value transaction consistent with normal historical account behavior,NONE,1,4,5,NORMAL,0.0464
L03_000420,531,TRANSFER,2900991.76,C1534731848,9669972.54,6768980.77,C1806719571,0.0,2900991.76,0,0,L03_00084,LEGITIMATE_HIGH_VALUE_HISTORY,High-value transaction consistent with normal historical account behavior,NONE,1,5,5,NORMAL,0.3
L03_000421,383,TRANSFER,669366.5,C591550211,10506511.06,9837144.56,C1203094087,0.0,669366.5,0,0,L03_00085,LEGITIMATE_HIGH_VALUE_HISTORY,High-value transaction consistent with normal historical account behavior,NONE,1,1,5,NORMAL,0.0637
L03_000422,431,TRANSFER,753594.72,C591550211,9837144.56,9083549.84,C1203094087,0.0,753594.72,0,0,L03_00085,LEGITIMATE_HIGH_VALUE_HISTORY,High-value transaction consistent with normal historical account behavior,NONE,1,2,5,NORMAL,0.0766
L03_000423,475,TRANSFER,569602.81,C591550211,9083549.84,8513947.03,C1203094087,0.0,569602.81,0,0,L03_00085,LEGITIMATE_HIGH_VALUE_HISTORY,High-value transaction consistent with normal historical account behavior,NONE,1,3,5,NORMAL,0.0627
L03_000424,529,TRANSFER,415630.05,C591550211,8513947.03,8098316.98,C1203094087,0.0,415630.05,0,0,L03_00085,LEGITIMATE_HIGH_VALUE_HISTORY,High-value transaction consistent with normal historical account behavior,NONE,1,4,5,NORMAL,0.0488
L03_000425,577,TRANSFER,2429495.1,C591550211,8098316.98,5668821.89,C1203094087,0.0,2429495.1,0,0,L03_00085,LEGITIMATE_HIGH_VALUE_HISTORY,High-value transaction consistent with normal historical account behavior,NONE,1,5,5,NORMAL,0.3
L03_000426,335,TRANSFER,735695.57,C1206717192,12959285.13,12223589.56,C712270967,0.0,735695.57,0,0,L03_00086,LEGITIMATE_HIGH_VALUE_HISTORY,High-value transaction consistent with normal historical account behavior,NONE,1,1,5,NORMAL,0.0568
L03_000427,370,TRANSFER,436624.46,C1206717192,12223589.56,11786965.1,C712270967,0.0,436624.46,0,0,L03_00086,LEGITIMATE_HIGH_VALUE_HISTORY,High-value transaction consistent with normal historical account behavior,NONE,1,2,5,NORMAL,0.0357
L03_000428,391,TRANSFER,833497.85,C1206717192,11786965.1,10953467.25,C712270967,0.0,833497.85,0,0,L03_00086,LEGITIMATE_HIGH_VALUE_HISTORY,High-value transaction consistent with normal historical account behavior,NONE,1,3,5,NORMAL,0.0707
L03_000429,422,TRANSFER,773381.7,C1206717192,10953467.25,10180085.55,C712270967,0.0,773381.7,0,0,L03_00086,LEGITIMATE_HIGH_VALUE_HISTORY,High-value transaction consistent with normal historical account behavior,NONE,1,4,5,NORMAL,0.0706
L03_000430,477,TRANSFER,3054025.66,C1206717192,10180085.55,7126059.88,C712270967,0.0,3054025.66,0,0,L03_00086,LEGITIMATE_HIGH_VALUE_HISTORY,High-value transaction consistent with normal historical account behavior,NONE,1,5,5,NORMAL,0.3
L03_000431,347,TRANSFER,468599.83,C1633923885,12050539.52,11581939.69,C941569376,0.0,468599.83,0,0,L03_00087,LEGITIMATE_HIGH_VALUE_HISTORY,High-value transaction consistent with normal historical account behavior,NONE,1,1,5,NORMAL,0.0389
L03_000432,377,TRANSFER,860938.41,C1633923885,11581939.69,10721001.28,C941569376,0.0,860938.41,0,0,L03_00087,LEGITIMATE_HIGH_VALUE_HISTORY,High-value transaction consistent with normal historical account behavior,NONE,1,2,5,NORMAL,0.0743
L03_000433,435,TRANSFER,587703.01,C1633923885,10721001.28,10133298.27,C941569376,0.0,587703.01,0,0,L03_00087,LEGITIMATE_HIGH_VALUE_HISTORY,High-value transaction consistent with normal historical account behavior,NONE,1,3,5,NORMAL,0.0548
L03_000434,475,TRANSFER,529886.48,C1633923885,10133298.27,9603411.79,C941569376,0.0,529886.48,0,0,L03_00087,LEGITIMATE_HIGH_VALUE_HISTORY,High-value transaction consistent with normal historical account behavior,NONE,1,4,5,NORMAL,0.0523
L03_000435,514,TRANSFER,2881023.54,C1633923885,9603411.79,6722388.25,C941569376,0.0,2881023.54,0,0,L03_00087,LEGITIMATE_HIGH_VALUE_HISTORY,High-value transaction consistent with normal historical account behavior,NONE,1,5,5,NORMAL,0.3
L03_000436,328,TRANSFER,850611.03,C1631045730,18277226.61,17426615.58,C464345779,0.0,850611.03,0,0,L03_00088,LEGITIMATE_HIGH_VALUE_HISTORY,High-value transaction consistent with normal historical account behavior,NONE,1,1,5,NORMAL,0.0465
L03_000437,380,TRANSFER,496435.12,C1631045730,17426615.58,16930180.46,C464345779,0.0,496435.12,0,0,L03_00088,LEGITIMATE_HIGH_VALUE_HISTORY,High-value transaction consistent with normal historical account behavior,NONE,1,2,5,NORMAL,0.0285
L03_000438,439,TRANSFER,340281.96,C1631045730,16930180.46,16589898.5,C464345779,0.0,340281.96,0,0,L03_00088,LEGITIMATE_HIGH_VALUE_HISTORY,High-value transaction consistent with normal historical account behavior,NONE,1,3,5,NORMAL,0.0201
L03_000439,486,TRANSFER,497489.63,C1631045730,16589898.5,16092408.87,C464345779,0.0,497489.63,0,0,L03_00088,LEGITIMATE_HIGH_VALUE_HISTORY,High-value transaction consistent with normal historical account behavior,NONE,1,4,5,NORMAL,0.03
L03_000440,501,TRANSFER,4827722.66,C1631045730,16092408.87,11264686.21,C464345779,0.0,4827722.66,0,0,L03_00088,LEGITIMATE_HIGH_VALUE_HISTORY,High-value transaction consistent with normal historical account behavior,NONE,1,5,5,NORMAL,0.3
L03_000441,402,TRANSFER,293622.46,C792743051,11176978.09,10883355.63,C161550987,0.0,293622.46,0,0,L03_00089,LEGITIMATE_HIGH_VALUE_HISTORY,High-value transaction consistent with normal historical account behavior,NONE,1,1,5,NORMAL,0.0263
L03_000442,458,TRANSFER,621412.81,C792743051,10883355.63,10261942.82,C161550987,0.0,621412.81,0,0,L03_00089,LEGITIMATE_HIGH_VALUE_HISTORY,High-value transaction consistent with normal historical account behavior,NONE,1,2,5,NORMAL,0.0571
L03_000443,478,TRANSFER,367649.22,C792743051,10261942.82,9894293.6,C161550987,0.0,367649.22,0,0,L03_00089,LEGITIMATE_HIGH_VALUE_HISTORY,High-value transaction consistent with normal historical account behavior,NONE,1,3,5,NORMAL,0.0358
L03_000444,514,TRANSFER,421540.19,C792743051,9894293.6,9472753.41,C161550987,0.0,421540.19,0,0,L03_00089,LEGITIMATE_HIGH_VALUE_HISTORY,High-value transaction consistent with normal historical account behavior,NONE,1,4,5,NORMAL,0.0426
L03_000445,565,TRANSFER,2841826.02,C792743051,9472753.41,6630927.39,C161550987,0.0,2841826.02,0,0,L03_00089,LEGITIMATE_HIGH_VALUE_HISTORY,High-value transaction consistent with normal historical account behavior,NONE,1,5,5,NORMAL,0.3
L03_000446,381,TRANSFER,315698.21,C1011013771,17695470.91,17379772.7,C1425452131,0.0,315698.21,0,0,L03_00090,LEGITIMATE_HIGH_VALUE_HISTORY,High-value transaction consistent with normal historical account behavior,NONE,1,1,5,NORMAL,0.0178
L03_000447,398,TRANSFER,582037.3,C1011013771,17379772.7,16797735.4,C1425452131,0.0,582037.3,0,0,L03_00090,LEGITIMATE_HIGH_VALUE_HISTORY,High-value transaction consistent with normal historical account behavior,NONE,1,2,5,NORMAL,0.0335
L03_000448,424,TRANSFER,835282.26,C1011013771,16797735.4,15962453.14,C1425452131,0.0,835282.26,0,0,L03_00090,LEGITIMATE_HIGH_VALUE_HISTORY,High-value transaction consistent with normal historical account behavior,NONE,1,3,5,NORMAL,0.0497
L03_000449,442,TRANSFER,357866.24,C1011013771,15962453.14,15604586.9,C1425452131,0.0,357866.24,0,0,L03_00090,LEGITIMATE_HIGH_VALUE_HISTORY,High-value transaction consistent with normal historical account behavior,NONE,1,4,5,NORMAL,0.0224
L03_000450,481,TRANSFER,4681376.07,C1011013771,15604586.9,10923210.83,C1425452131,0.0,4681376.07,0,0,L03_00090,LEGITIMATE_HIGH_VALUE_HISTORY,High-value transaction consistent with normal historical account behavior,NONE,1,5,5,NORMAL,0.3
L03_000451,305,TRANSFER,667149.66,C1466956600,9393719.01,8726569.35,C361132869,0.0,667149.66,0,0,L03_00091,LEGITIMATE_HIGH_VALUE_HISTORY,High-value transaction consistent with normal historical account behavior,NONE,1,1,5,NORMAL,0.071
L03_000452,338,TRANSFER,798380.86,C1466956600,8726569.35,7928188.49,C361132869,0.0,798380.86,0,0,L03_00091,LEGITIMATE_HIGH_VALUE_HISTORY,High-value transaction consistent with normal historical account behavior,NONE,1,2,5,NORMAL,0.0915
L03_000453,397,TRANSFER,874432.16,C1466956600,7928188.49,7053756.33,C361132869,0.0,874432.16,0,0,L03_00091,LEGITIMATE_HIGH_VALUE_HISTORY,High-value transaction consistent with normal historical account behavior,NONE,1,3,5,NORMAL,0.1103
L03_000454,433,TRANSFER,636082.39,C1466956600,7053756.33,6417673.94,C361132869,0.0,636082.39,0,0,L03_00091,LEGITIMATE_HIGH_VALUE_HISTORY,High-value transaction consistent with normal historical account behavior,NONE,1,4,5,NORMAL,0.0902
L03_000455,465,TRANSFER,1925302.18,C1466956600,6417673.94,4492371.76,C361132869,0.0,1925302.18,0,0,L03_00091,LEGITIMATE_HIGH_VALUE_HISTORY,High-value transaction consistent with normal historical account behavior,NONE,1,5,5,NORMAL,0.3
L03_000456,258,TRANSFER,806128.22,C796480375,8636356.8,7830228.58,C1799938475,0.0,806128.22,0,0,L03_00092,LEGITIMATE_HIGH_VALUE_HISTORY,High-value transaction consistent with normal historical account behavior,NONE,1,1,5,NORMAL,0.0933
L03_000457,277,TRANSFER,581251.55,C796480375,7830228.58,7248977.03,C1799938475,0.0,581251.55,0,0,L03_00092,LEGITIMATE_HIGH_VALUE_HISTORY,High-value transaction consistent with normal historical account behavior,NONE,1,2,5,NORMAL,0.0742
L03_000458,330,TRANSFER,705898.76,C796480375,7248977.03,6543078.27,C1799938475,0.0,705898.76,0,0,L03_00092,LEGITIMATE_HIGH_VALUE_HISTORY,High-value transaction consistent with normal historical account behavior,NONE,1,3,5,NORMAL,0.0974
L03_000459,384,TRANSFER,676567.11,C796480375,6543078.27,5866511.16,C1799938475,0.0,676567.11,0,0,L03_00092,LEGITIMATE_HIGH_VALUE_HISTORY,High-value transaction consistent with normal historical account behavior,NONE,1,4,5,NORMAL,0.1034
L03_000460,443,TRANSFER,1759953.35,C796480375,5866511.16,4106557.81,C1799938475,0.0,1759953.35,0,0,L03_00092,LEGITIMATE_HIGH_VALUE_HISTORY,High-value transaction consistent with normal historical account behavior,NONE,1,5,5,NORMAL,0.3
L03_000461,342,TRANSFER,571122.6,C250767165,8237234.58,7666111.98,C29661316,0.0,571122.6,0,0,L03_00093,LEGITIMATE_HIGH_VALUE_HISTORY,High-value transaction consistent with normal historical account behavior,NONE,1,1,5,NORMAL,0.0693
L03_000462,397,TRANSFER,559761.85,C250767165,7666111.98,7106350.13,C29661316,0.0,559761.85,0,0,L03_00093,LEGITIMATE_HIGH_VALUE_HISTORY,High-value transaction consistent with normal historical account behavior,NONE,1,2,5,NORMAL,0.073
L03_000463,416,TRANSFER,459874.35,C250767165,7106350.13,6646475.78,C29661316,0.0,459874.35,0,0,L03_00093,LEGITIMATE_HIGH_VALUE_HISTORY,High-value transaction consistent with normal historical account behavior,NONE,1,3,5,NORMAL,0.0647
L03_000464,460,TRANSFER,419792.79,C250767165,6646475.78,6226682.99,C29661316,0.0,419792.79,0,0,L03_00093,LEGITIMATE_HIGH_VALUE_HISTORY,High-value transaction consistent with normal historical account behavior,NONE,1,4,5,NORMAL,0.0632
L03_000465,506,TRANSFER,1868004.9,C250767165,6226682.99,4358678.09,C29661316,0.0,1868004.9,0,0,L03_00093,LEGITIMATE_HIGH_VALUE_HISTORY,High-value transaction consistent with normal historical account behavior,NONE,1,5,5,NORMAL,0.3
L03_000466,393,TRANSFER,843573.79,C509023674,9656163.99,8812590.2,C1734649556,0.0,843573.79,0,0,L03_00094,LEGITIMATE_HIGH_VALUE_HISTORY,High-value transaction consistent with normal historical account behavior,NONE,1,1,5,NORMAL,0.0874
L03_000467,410,TRANSFER,592759.7,C509023674,8812590.2,8219830.5,C1734649556,0.0,592759.7,0,0,L03_00094,LEGITIMATE_HIGH_VALUE_HISTORY,High-value transaction consistent with normal historical account behavior,NONE,1,2,5,NORMAL,0.0673
L03_000468,426,TRANSFER,711485.93,C509023674,8219830.5,7508344.57,C1734649556,0.0,711485.93,0,0,L03_00094,LEGITIMATE_HIGH_VALUE_HISTORY,High-value transaction consistent with normal historical account behavior,NONE,1,3,5,NORMAL,0.0866
L03_000469,454,TRANSFER,833417.59,C509023674,7508344.57,6674926.98,C1734649556,0.0,833417.59,0,0,L03_00094,LEGITIMATE_HIGH_VALUE_HISTORY,High-value transaction consistent with normal historical account behavior,NONE,1,4,5,NORMAL,0.111
L03_000470,471,TRANSFER,2002478.09,C509023674,6674926.98,4672448.89,C1734649556,0.0,2002478.09,0,0,L03_00094,LEGITIMATE_HIGH_VALUE_HISTORY,High-value transaction consistent with normal historical account behavior,NONE,1,5,5,NORMAL,0.3
L03_000471,334,TRANSFER,579304.11,C107854734,18660082.2,18080778.09,C657175157,0.0,579304.11,0,0,L03_00095,LEGITIMATE_HIGH_VALUE_HISTORY,High-value transaction consistent with normal historical account behavior,NONE,1,1,5,NORMAL,0.031
L03_000472,380,TRANSFER,784171.72,C107854734,18080778.09,17296606.37,C657175157,0.0,784171.72,0,0,L03_00095,LEGITIMATE_HIGH_VALUE_HISTORY,High-value transaction consistent with normal historical account behavior,NONE,1,2,5,NORMAL,0.0434
L03_000473,430,TRANSFER,653992.68,C107854734,17296606.37,16642613.69,C657175157,0.0,653992.68,0,0,L03_00095,LEGITIMATE_HIGH_VALUE_HISTORY,High-value transaction consistent with normal historical account behavior,NONE,1,3,5,NORMAL,0.0378
L03_000474,477,TRANSFER,422586.29,C107854734,16642613.69,16220027.4,C657175157,0.0,422586.29,0,0,L03_00095,LEGITIMATE_HIGH_VALUE_HISTORY,High-value transaction consistent with normal historical account behavior,NONE,1,4,5,NORMAL,0.0254
L03_000475,516,TRANSFER,4866008.22,C107854734,16220027.4,11354019.18,C657175157,0.0,4866008.22,0,0,L03_00095,LEGITIMATE_HIGH_VALUE_HISTORY,High-value transaction consistent with normal historical account behavior,NONE,1,5,5,NORMAL,0.3
L03_000476,436,TRANSFER,852147.94,C1846824835,12865806.23,12013658.29,C264142753,0.0,852147.94,0,0,L03_00096,LEGITIMATE_HIGH_VALUE_HISTORY,High-value transaction consistent with normal historical account behavior,NONE,1,1,5,NORMAL,0.0662
L03_000477,474,TRANSFER,600282.5,C1846824835,12013658.29,11413375.79,C264142753,0.0,600282.5,0,0,L03_00096,LEGITIMATE_HIGH_VALUE_HISTORY,High-value transaction consistent with normal historical account behavior,NONE,1,2,5,NORMAL,0.05
L03_000478,519,TRANSFER,730959.24,C1846824835,11413375.79,10682416.55,C264142753,0.0,730959.24,0,0,L03_00096,LEGITIMATE_HIGH_VALUE_HISTORY,High-value transaction consistent with normal historical account behavior,NONE,1,3,5,NORMAL,0.064
L03_000479,575,TRANSFER,847400.07,C1846824835,10682416.55,9835016.48,C264142753,0.0,847400.07,0,0,L03_00096,LEGITIMATE_HIGH_VALUE_HISTORY,High-value transaction consistent with normal historical account behavior,NONE,1,4,5,NORMAL,0.0793
L03_000480,601,TRANSFER,2950504.94,C1846824835,9835016.48,6884511.53,C264142753,0.0,2950504.94,0,0,L03_00096,LEGITIMATE_HIGH_VALUE_HISTORY,High-value transaction consistent with normal historical account behavior,NONE,1,5,5,NORMAL,0.3
L03_000481,397,TRANSFER,464287.76,C1521577502,12224649.02,11760361.26,C2029377261,0.0,464287.76,0,0,L03_00097,LEGITIMATE_HIGH_VALUE_HISTORY,High-value transaction consistent with normal historical account behavior,NONE,1,1,5,NORMAL,0.038
L03_000482,413,TRANSFER,353064.85,C1521577502,11760361.26,11407296.41,C2029377261,0.0,353064.85,0,0,L03_00097,LEGITIMATE_HIGH_VALUE_HISTORY,High-value transaction consistent with normal historical account behavior,NONE,1,2,5,NORMAL,0.03
L03_000483,469,TRANSFER,844878.88,C1521577502,11407296.41,10562417.53,C2029377261,0.0,844878.88,0,0,L03_00097,LEGITIMATE_HIGH_VALUE_HISTORY,High-value transaction consistent with normal historical account behavior,NONE,1,3,5,NORMAL,0.0741
L03_000484,507,TRANSFER,311295.54,C1521577502,10562417.53,10251121.99,C2029377261,0.0,311295.54,0,0,L03_00097,LEGITIMATE_HIGH_VALUE_HISTORY,High-value transaction consistent with normal historical account behavior,NONE,1,4,5,NORMAL,0.0295
L03_000485,546,TRANSFER,3075336.6,C1521577502,10251121.99,7175785.39,C2029377261,0.0,3075336.6,0,0,L03_00097,LEGITIMATE_HIGH_VALUE_HISTORY,High-value transaction consistent with normal historical account behavior,NONE,1,5,5,NORMAL,0.3
L03_000486,359,TRANSFER,295616.04,C1212021261,15122912.09,14827296.05,C1090036086,0.0,295616.04,0,0,L03_00098,LEGITIMATE_HIGH_VALUE_HISTORY,High-value transaction consistent with normal historical account behavior,NONE,1,1,5,NORMAL,0.0195
L03_000487,419,TRANSFER,741067.15,C1212021261,14827296.05,14086228.9,C1090036086,0.0,741067.15,0,0,L03_00098,LEGITIMATE_HIGH_VALUE_HISTORY,High-value transaction consistent with normal historical account behavior,NONE,1,2,5,NORMAL,0.05
L03_000488,454,TRANSFER,558348.05,C1212021261,14086228.9,13527880.85,C1090036086,0.0,558348.05,0,0,L03_00098,LEGITIMATE_HIGH_VALUE_HISTORY,High-value transaction consistent with normal historical account behavior,NONE,1,3,5,NORMAL,0.0396
L03_000489,508,TRANSFER,493799.8,C1212021261,13527880.85,13034081.04,C1090036086,0.0,493799.8,0,0,L03_00098,LEGITIMATE_HIGH_VALUE_HISTORY,High-value transaction consistent with normal historical account behavior,NONE,1,4,5,NORMAL,0.0365
L03_000490,561,TRANSFER,3910224.31,C1212021261,13034081.04,9123856.73,C1090036086,0.0,3910224.31,0,0,L03_00098,LEGITIMATE_HIGH_VALUE_HISTORY,High-value transaction consistent with normal historical account behavior,NONE,1,5,5,NORMAL,0.3
L03_000491,426,TRANSFER,652630.23,C216479124,10807968.45,10155338.22,C134653932,0.0,652630.23,0,0,L03_00099,LEGITIMATE_HIGH_VALUE_HISTORY,High-value transaction consistent with normal historical account behavior,NONE,1,1,5,NORMAL,0.0604
L03_000492,441,TRANSFER,569138.63,C216479124,10155338.22,9586199.59,C134653932,0.0,569138.63,0,0,L03_00099,LEGITIMATE_HIGH_VALUE_HISTORY,High-value transaction consistent with normal historical account behavior,NONE,1,2,5,NORMAL,0.056
L03_000493,486,TRANSFER,682359.32,C216479124,9586199.59,8903840.27,C134653932,0.0,682359.32,0,0,L03_00099,LEGITIMATE_HIGH_VALUE_HISTORY,High-value transaction consistent with normal historical account behavior,NONE,1,3,5,NORMAL,0.0712
L03_000494,529,TRANSFER,807949.19,C216479124,8903840.27,8095891.08,C134653932,0.0,807949.19,0,0,L03_00099,LEGITIMATE_HIGH_VALUE_HISTORY,High-value transaction consistent with normal historical account behavior,NONE,1,4,5,NORMAL,0.0907
L03_000495,561,TRANSFER,2428767.32,C216479124,8095891.08,5667123.76,C134653932,0.0,2428767.32,0,0,L03_00099,LEGITIMATE_HIGH_VALUE_HISTORY,High-value transaction consistent with normal historical account behavior,NONE,1,5,5,NORMAL,0.3
L03_000496,172,TRANSFER,847660.33,C1427476652,10078340.55,9230680.22,C139776102,0.0,847660.33,0,0,L03_00100,LEGITIMATE_HIGH_VALUE_HISTORY,High-value transaction consistent with normal historical account behavior,NONE,1,1,5,NORMAL,0.0841
L03_000497,218,TRANSFER,616574.66,C1427476652,9230680.22,8614105.56,C139776102,0.0,616574.66,0,0,L03_00100,LEGITIMATE_HIGH_VALUE_HISTORY,High-value transaction consistent with normal historical account behavior,NONE,1,2,5,NORMAL,0.0668
L03_000498,255,TRANSFER,573614.78,C1427476652,8614105.56,8040490.78,C139776102,0.0,573614.78,0,0,L03_00100,LEGITIMATE_HIGH_VALUE_HISTORY,High-value transaction consistent with normal historical account behavior,NONE,1,3,5,NORMAL,0.0666
L03_000499,306,TRANSFER,844300.09,C1427476652,8040490.78,7196190.69,C139776102,0.0,844300.09,0,0,L03_00100,LEGITIMATE_HIGH_VALUE_HISTORY,High-value transaction consistent with normal historical account behavior,NONE,1,4,5,NORMAL,0.105
L03_000500,336,TRANSFER,2158857.21,C1427476652,7196190.69,5037333.48,C139776102,0.0,2158857.21,0,0,L03_00100,LEGITIMATE_HIGH_VALUE_HISTORY,High-value transaction consistent with normal historical account behavior,NONE,1,5,5,NORMAL,0.3
L03_000501,63,TRANSFER,431800.75,C681792642,8820340.68,8388539.93,C1080314178,0.0,431800.75,0,0,L03_00101,LEGITIMATE_HIGH_VALUE_HISTORY,High-value transaction consistent with normal historical account behavior,NONE,1,1,5,NORMAL,0.049
L03_000502,118,TRANSFER,680651.79,C681792642,8388539.93,7707888.14,C1080314178,0.0,680651.79,0,0,L03_00101,LEGITIMATE_HIGH_VALUE_HISTORY,High-value transaction consistent with normal historical account behavior,NONE,1,2,5,NORMAL,0.0811
L03_000503,140,TRANSFER,799617.17,C681792642,7707888.14,6908270.97,C1080314178,0.0,799617.17,0,0,L03_00101,LEGITIMATE_HIGH_VALUE_HISTORY,High-value transaction consistent with normal historical account behavior,NONE,1,3,5,NORMAL,0.1037
L03_000504,179,TRANSFER,522914.48,C681792642,6908270.97,6385356.49,C1080314178,0.0,522914.48,0,0,L03_00101,LEGITIMATE_HIGH_VALUE_HISTORY,High-value transaction consistent with normal historical account behavior,NONE,1,4,5,NORMAL,0.0757
L03_000505,225,TRANSFER,1915606.95,C681792642,6385356.49,4469749.54,C1080314178,0.0,1915606.95,0,0,L03_00101,LEGITIMATE_HIGH_VALUE_HISTORY,High-value transaction consistent with normal historical account behavior,NONE,1,5,5,NORMAL,0.3
L03_000506,338,TRANSFER,500244.09,C1980839306,19535168.0,19034923.9,C1570256460,0.0,500244.09,0,0,L03_00102,LEGITIMATE_HIGH_VALUE_HISTORY,High-value transaction consistent with normal historical account behavior,NONE,1,1,5,NORMAL,0.0256
L03_000507,374,TRANSFER,832939.19,C1980839306,19034923.9,18201984.72,C1570256460,0.0,832939.19,0,0,L03_00102,LEGITIMATE_HIGH_VALUE_HISTORY,High-value transaction consistent with normal historical account behavior,NONE,1,2,5,NORMAL,0.0438
L03_000508,429,TRANSFER,826218.7,C1980839306,18201984.72,17375766.02,C1570256460,0.0,826218.7,0,0,L03_00102,LEGITIMATE_HIGH_VALUE_HISTORY,High-value transaction consistent with normal historical account behavior,NONE,1,3,5,NORMAL,0.0454
L03_000509,455,TRANSFER,864043.35,C1980839306,17375766.02,16511722.66,C1570256460,0.0,864043.35,0,0,L03_00102,LEGITIMATE_HIGH_VALUE_HISTORY,High-value transaction consistent with normal historical account behavior,NONE,1,4,5,NORMAL,0.0497
L03_000510,474,TRANSFER,4953516.8,C1980839306,16511722.66,11558205.87,C1570256460,0.0,4953516.8,0,0,L03_00102,LEGITIMATE_HIGH_VALUE_HISTORY,High-value transaction consistent with normal historical account behavior,NONE,1,5,5,NORMAL,0.3
L03_000511,342,TRANSFER,461460.97,C1495143993,8169468.13,7708007.17,C1231969885,0.0,461460.97,0,0,L03_00103,LEGITIMATE_HIGH_VALUE_HISTORY,High-value transaction consistent with normal historical account behavior,NONE,1,1,5,NORMAL,0.0565
L03_000512,364,TRANSFER,760572.6,C1495143993,7708007.17,6947434.57,C1231969885,0.0,760572.6,0,0,L03_00103,LEGITIMATE_HIGH_VALUE_HISTORY,High-value transaction consistent with normal historical account behavior,NONE,1,2,5,NORMAL,0.0987
L03_000513,404,TRANSFER,313450.49,C1495143993,6947434.57,6633984.08,C1231969885,0.0,313450.49,0,0,L03_00103,LEGITIMATE_HIGH_VALUE_HISTORY,High-value transaction consistent with normal historical account behavior,NONE,1,3,5,NORMAL,0.0451
L03_000514,457,TRANSFER,560500.14,C1495143993,6633984.08,6073483.94,C1231969885,0.0,560500.14,0,0,L03_00103,LEGITIMATE_HIGH_VALUE_HISTORY,High-value transaction consistent with normal historical account behavior,NONE,1,4,5,NORMAL,0.0845
L03_000515,515,TRANSFER,1822045.18,C1495143993,6073483.94,4251438.75,C1231969885,0.0,1822045.18,0,0,L03_00103,LEGITIMATE_HIGH_VALUE_HISTORY,High-value transaction consistent with normal historical account behavior,NONE,1,5,5,NORMAL,0.3
L03_000516,364,TRANSFER,624349.6,C646634331,8337008.16,7712658.56,C392082135,0.0,624349.6,0,0,L03_00104,LEGITIMATE_HIGH_VALUE_HISTORY,High-value transaction consistent with normal historical account behavior,NONE,1,1,5,NORMAL,0.0749
L03_000517,408,TRANSFER,773205.76,C646634331,7712658.56,6939452.8,C392082135,0.0,773205.76,0,0,L03_00104,LEGITIMATE_HIGH_VALUE_HISTORY,High-value transaction consistent with normal historical account behavior,NONE,1,2,5,NORMAL,0.1003
L03_000518,427,TRANSFER,325854.98,C646634331,6939452.8,6613597.82,C392082135,0.0,325854.98,0,0,L03_00104,LEGITIMATE_HIGH_VALUE_HISTORY,High-value transaction consistent with normal historical account behavior,NONE,1,3,5,NORMAL,0.047
L03_000519,486,TRANSFER,384954.03,C646634331,6613597.82,6228643.79,C392082135,0.0,384954.03,0,0,L03_00104,LEGITIMATE_HIGH_VALUE_HISTORY,High-value transaction consistent with normal historical account behavior,NONE,1,4,5,NORMAL,0.0582
L03_000520,534,TRANSFER,1868593.14,C646634331,6228643.79,4360050.65,C392082135,0.0,1868593.14,0,0,L03_00104,LEGITIMATE_HIGH_VALUE_HISTORY,High-value transaction consistent with normal historical account behavior,NONE,1,5,5,NORMAL,0.3
L03_000521,350,TRANSFER,514218.65,C382316120,17280246.64,16766028.0,C46229814,0.0,514218.65,0,0,L03_00105,LEGITIMATE_HIGH_VALUE_HISTORY,High-value transaction consistent with normal historical account behavior,NONE,1,1,5,NORMAL,0.0298
L03_000522,389,TRANSFER,320012.57,C382316120,16766028.0,16446015.42,C46229814,0.0,320012.57,0,0,L03_00105,LEGITIMATE_HIGH_VALUE_HISTORY,High-value transaction consistent with normal historical account behavior,NONE,1,2,5,NORMAL,0.0191
L03_000523,438,TRANSFER,339080.41,C382316120,16446015.42,16106935.01,C46229814,0.0,339080.41,0,0,L03_00105,LEGITIMATE_HIGH_VALUE_HISTORY,High-value transaction consistent with normal historical account behavior,NONE,1,3,5,NORMAL,0.0206
L03_000524,492,TRANSFER,346852.8,C382316120,16106935.01,15760082.21,C46229814,0.0,346852.8,0,0,L03_00105,LEGITIMATE_HIGH_VALUE_HISTORY,High-value transaction consistent with normal historical account behavior,NONE,1,4,5,NORMAL,0.0215
L03_000525,548,TRANSFER,4728024.66,C382316120,15760082.21,11032057.55,C46229814,0.0,4728024.66,0,0,L03_00105,LEGITIMATE_HIGH_VALUE_HISTORY,High-value transaction consistent with normal historical account behavior,NONE,1,5,5,NORMAL,0.3
L03_000526,367,TRANSFER,526776.9,C669222199,7722341.49,7195564.59,C746715753,0.0,526776.9,0,0,L03_00106,LEGITIMATE_HIGH_VALUE_HISTORY,High-value transaction consistent with normal historical account behavior,NONE,1,1,5,NORMAL,0.0682
L03_000527,393,TRANSFER,578763.69,C669222199,7195564.59,6616800.9,C746715753,0.0,578763.69,0,0,L03_00106,LEGITIMATE_HIGH_VALUE_HISTORY,High-value transaction consistent with normal historical account behavior,NONE,1,2,5,NORMAL,0.0804
L03_000528,423,TRANSFER,698362.34,C669222199,6616800.9,5918438.56,C746715753,0.0,698362.34,0,0,L03_00106,LEGITIMATE_HIGH_VALUE_HISTORY,High-value transaction consistent with normal historical account behavior,NONE,1,3,5,NORMAL,0.1055
L03_000529,454,TRANSFER,565840.11,C669222199,5918438.56,5352598.45,C746715753,0.0,565840.11,0,0,L03_00106,LEGITIMATE_HIGH_VALUE_HISTORY,High-value transaction consistent with normal historical account behavior,NONE,1,4,5,NORMAL,0.0956
L03_000530,473,TRANSFER,1605779.53,C669222199,5352598.45,3746818.92,C746715753,0.0,1605779.53,0,0,L03_00106,LEGITIMATE_HIGH_VALUE_HISTORY,High-value transaction consistent with normal historical account behavior,NONE,1,5,5,NORMAL,0.3
L03_000531,369,TRANSFER,585339.79,C1461136068,18668626.68,18083286.89,C466299050,0.0,585339.79,0,0,L03_00107,LEGITIMATE_HIGH_VALUE_HISTORY,High-value transaction consistent with normal historical account behavior,NONE,1,1,5,NORMAL,0.0314
L03_000532,390,TRANSFER,569046.96,C1461136068,18083286.89,17514239.93,C466299050,0.0,569046.96,0,0,L03_00107,LEGITIMATE_HIGH_VALUE_HISTORY,High-value transaction consistent with normal historical account behavior,NONE,1,2,5,NORMAL,0.0315
L03_000533,431,TRANSFER,702707.91,C1461136068,17514239.93,16811532.02,C466299050,0.0,702707.91,0,0,L03_00107,LEGITIMATE_HIGH_VALUE_HISTORY,High-value transaction consistent with normal historical account behavior,NONE,1,3,5,NORMAL,0.0401
L03_000534,474,TRANSFER,588656.46,C1461136068,16811532.02,16222875.56,C466299050,0.0,588656.46,0,0,L03_00107,LEGITIMATE_HIGH_VALUE_HISTORY,High-value transaction consistent with normal historical account behavior,NONE,1,4,5,NORMAL,0.035
L03_000535,502,TRANSFER,4866862.67,C1461136068,16222875.56,11356012.89,C466299050,0.0,4866862.67,0,0,L03_00107,LEGITIMATE_HIGH_VALUE_HISTORY,High-value transaction consistent with normal historical account behavior,NONE,1,5,5,NORMAL,0.3
L03_000536,351,TRANSFER,509461.09,C1010768947,9079901.94,8570440.85,C296619562,0.0,509461.09,0,0,L03_00108,LEGITIMATE_HIGH_VALUE_HISTORY,High-value transaction consistent with normal historical account behavior,NONE,1,1,5,NORMAL,0.0561
L03_000537,398,TRANSFER,811362.78,C1010768947,8570440.85,7759078.07,C296619562,0.0,811362.78,0,0,L03_00108,LEGITIMATE_HIGH_VALUE_HISTORY,High-value transaction consistent with normal historical account behavior,NONE,1,2,5,NORMAL,0.0947
L03_000538,433,TRANSFER,874498.94,C1010768947,7759078.07,6884579.13,C296619562,0.0,874498.94,0,0,L03_00108,LEGITIMATE_HIGH_VALUE_HISTORY,High-value transaction consistent with normal historical account behavior,NONE,1,3,5,NORMAL,0.1127
L03_000539,472,TRANSFER,841790.55,C1010768947,6884579.13,6042788.58,C296619562,0.0,841790.55,0,0,L03_00108,LEGITIMATE_HIGH_VALUE_HISTORY,High-value transaction consistent with normal historical account behavior,NONE,1,4,5,NORMAL,0.1223
L03_000540,507,TRANSFER,1812836.57,C1010768947,6042788.58,4229952.01,C296619562,0.0,1812836.57,0,0,L03_00108,LEGITIMATE_HIGH_VALUE_HISTORY,High-value transaction consistent with normal historical account behavior,NONE,1,5,5,NORMAL,0.3
L03_000541,352,TRANSFER,860634.42,C1939734361,11494608.62,10633974.2,C456543527,0.0,860634.42,0,0,L03_00109,LEGITIMATE_HIGH_VALUE_HISTORY,High-value transaction consistent with normal historical account behavior,NONE,1,1,5,NORMAL,0.0749
L03_000542,404,TRANSFER,343887.65,C1939734361,10633974.2,10290086.54,C456543527,0.0,343887.65,0,0,L03_00109,LEGITIMATE_HIGH_VALUE_HISTORY,High-value transaction consistent with normal historical account behavior,NONE,1,2,5,NORMAL,0.0323
L03_000543,449,TRANSFER,464617.67,C1939734361,10290086.54,9825468.88,C456543527,0.0,464617.67,0,0,L03_00109,LEGITIMATE_HIGH_VALUE_HISTORY,High-value transaction consistent with normal historical account behavior,NONE,1,3,5,NORMAL,0.0452
L03_000544,470,TRANSFER,648581.64,C1939734361,9825468.88,9176887.23,C456543527,0.0,648581.64,0,0,L03_00109,LEGITIMATE_HIGH_VALUE_HISTORY,High-value transaction consistent with normal historical account behavior,NONE,1,4,5,NORMAL,0.066
L03_000545,491,TRANSFER,2753066.17,C1939734361,9176887.23,6423821.06,C456543527,0.0,2753066.17,0,0,L03_00109,LEGITIMATE_HIGH_VALUE_HISTORY,High-value transaction consistent with normal historical account behavior,NONE,1,5,5,NORMAL,0.3
L03_000546,422,TRANSFER,808775.88,C467010157,10503977.09,9695201.21,C1305928383,0.0,808775.88,0,0,L03_00110,LEGITIMATE_HIGH_VALUE_HISTORY,High-value transaction consistent with normal historical account behavior,NONE,1,1,5,NORMAL,0.077
L03_000547,452,TRANSFER,695112.35,C467010157,9695201.21,9000088.86,C1305928383,0.0,695112.35,0,0,L03_00110,LEGITIMATE_HIGH_VALUE_HISTORY,High-value transaction consistent with normal historical account behavior,NONE,1,2,5,NORMAL,0.0717
L03_000548,474,TRANSFER,643381.06,C467010157,9000088.86,8356707.79,C1305928383,0.0,643381.06,0,0,L03_00110,LEGITIMATE_HIGH_VALUE_HISTORY,High-value transaction consistent with normal historical account behavior,NONE,1,3,5,NORMAL,0.0715
L03_000549,534,TRANSFER,693490.63,C467010157,8356707.79,7663217.17,C1305928383,0.0,693490.63,0,0,L03_00110,LEGITIMATE_HIGH_VALUE_HISTORY,High-value transaction consistent with normal historical account behavior,NONE,1,4,5,NORMAL,0.083
L03_000550,572,TRANSFER,2298965.15,C467010157,7663217.17,5364252.02,C1305928383,0.0,2298965.15,0,0,L03_00110,LEGITIMATE_HIGH_VALUE_HISTORY,High-value transaction consistent with normal historical account behavior,NONE,1,5,5,NORMAL,0.3
L03_000551,142,TRANSFER,682431.49,C2037849675,8537747.14,7855315.65,C2133287001,0.0,682431.49,0,0,L03_00111,LEGITIMATE_HIGH_VALUE_HISTORY,High-value transaction consistent with normal historical account behavior,NONE,1,1,5,NORMAL,0.0799
L03_000552,170,TRANSFER,572345.22,C2037849675,7855315.65,7282970.43,C2133287001,0.0,572345.22,0,0,L03_00111,LEGITIMATE_HIGH_VALUE_HISTORY,High-value transaction consistent with normal historical account behavior,NONE,1,2,5,NORMAL,0.0729
L03_000553,213,TRANSFER,800120.81,C2037849675,7282970.43,6482849.62,C2133287001,0.0,800120.81,0,0,L03_00111,LEGITIMATE_HIGH_VALUE_HISTORY,High-value transaction consistent with normal historical account behavior,NONE,1,3,5,NORMAL,0.1099
L03_000554,258,TRANSFER,579575.24,C2037849675,6482849.62,5903274.38,C2133287001,0.0,579575.24,0,0,L03_00111,LEGITIMATE_HIGH_VALUE_HISTORY,High-value transaction consistent with normal historical account behavior,NONE,1,4,5,NORMAL,0.0894
L03_000555,279,TRANSFER,1770982.32,C2037849675,5903274.38,4132292.07,C2133287001,0.0,1770982.32,0,0,L03_00111,LEGITIMATE_HIGH_VALUE_HISTORY,High-value transaction consistent with normal historical account behavior,NONE,1,5,5,NORMAL,0.3
L03_000556,545,TRANSFER,516937.3,C472963722,11644264.39,11127327.09,C1960983129,0.0,516937.3,0,0,L03_00112,LEGITIMATE_HIGH_VALUE_HISTORY,High-value transaction consistent with normal historical account behavior,NONE,1,1,5,NORMAL,0.0444
L03_000557,573,TRANSFER,828981.32,C472963722,11127327.09,10298345.77,C1960983129,0.0,828981.32,0,0,L03_00112,LEGITIMATE_HIGH_VALUE_HISTORY,High-value transaction consistent with normal historical account behavior,NONE,1,2,5,NORMAL,0.0745
L03_000558,632,TRANSFER,383293.13,C472963722,10298345.77,9915052.64,C1960983129,0.0,383293.13,0,0,L03_00112,LEGITIMATE_HIGH_VALUE_HISTORY,High-value transaction consistent with normal historical account behavior,NONE,1,3,5,NORMAL,0.0372
L03_000559,692,TRANSFER,780552.6,C472963722,9915052.64,9134500.04,C1960983129,0.0,780552.6,0,0,L03_00112,LEGITIMATE_HIGH_VALUE_HISTORY,High-value transaction consistent with normal historical account behavior,NONE,1,4,5,NORMAL,0.0787
L03_000560,744,TRANSFER,2740350.01,C472963722,9134500.04,6394150.03,C1960983129,0.0,2740350.01,0,0,L03_00112,LEGITIMATE_HIGH_VALUE_HISTORY,High-value transaction consistent with normal historical account behavior,NONE,1,5,5,NORMAL,0.3
L03_000561,248,TRANSFER,778416.22,C813302408,9833144.25,9054728.03,C1597304494,0.0,778416.22,0,0,L03_00113,LEGITIMATE_HIGH_VALUE_HISTORY,High-value transaction consistent with normal historical account behavior,NONE,1,1,5,NORMAL,0.0792
L03_000562,279,TRANSFER,521879.04,C813302408,9054728.03,8532848.99,C1597304494,0.0,521879.04,0,0,L03_00113,LEGITIMATE_HIGH_VALUE_HISTORY,High-value transaction consistent with normal historical account behavior,NONE,1,2,5,NORMAL,0.0576
L03_000563,294,TRANSFER,844755.17,C813302408,8532848.99,7688093.82,C1597304494,0.0,844755.17,0,0,L03_00113,LEGITIMATE_HIGH_VALUE_HISTORY,High-value transaction consistent with normal historical account behavior,NONE,1,3,5,NORMAL,0.099
L03_000564,321,TRANSFER,458438.44,C813302408,7688093.82,7229655.38,C1597304494,0.0,458438.44,0,0,L03_00113,LEGITIMATE_HIGH_VALUE_HISTORY,High-value transaction consistent with normal historical account behavior,NONE,1,4,5,NORMAL,0.0596
L03_000565,369,TRANSFER,2168896.61,C813302408,7229655.38,5060758.77,C1597304494,0.0,2168896.61,0,0,L03_00113,LEGITIMATE_HIGH_VALUE_HISTORY,High-value transaction consistent with normal historical account behavior,NONE,1,5,5,NORMAL,0.3
L03_000566,349,TRANSFER,557388.12,C2043058245,9007191.48,8449803.36,C1338816985,0.0,557388.12,0,0,L03_00114,LEGITIMATE_HIGH_VALUE_HISTORY,High-value transaction consistent with normal historical account behavior,NONE,1,1,5,NORMAL,0.0619
L03_000567,388,TRANSFER,558758.61,C2043058245,8449803.36,7891044.75,C1338816985,0.0,558758.61,0,0,L03_00114,LEGITIMATE_HIGH_VALUE_HISTORY,High-value transaction consistent with normal historical account behavior,NONE,1,2,5,NORMAL,0.0661
L03_000568,431,TRANSFER,733004.47,C2043058245,7891044.75,7158040.28,C1338816985,0.0,733004.47,0,0,L03_00114,LEGITIMATE_HIGH_VALUE_HISTORY,High-value transaction consistent with normal historical account behavior,NONE,1,3,5,NORMAL,0.0929
L03_000569,480,TRANSFER,299296.6,C2043058245,7158040.28,6858743.68,C1338816985,0.0,299296.6,0,0,L03_00114,LEGITIMATE_HIGH_VALUE_HISTORY,High-value transaction consistent with normal historical account behavior,NONE,1,4,5,NORMAL,0.0418
L03_000570,530,TRANSFER,2057623.1,C2043058245,6858743.68,4801120.58,C1338816985,0.0,2057623.1,0,0,L03_00114,LEGITIMATE_HIGH_VALUE_HISTORY,High-value transaction consistent with normal historical account behavior,NONE,1,5,5,NORMAL,0.3
L03_000571,401,TRANSFER,390055.63,C698381486,9207445.61,8817389.97,C662401079,0.0,390055.63,0,0,L03_00115,LEGITIMATE_HIGH_VALUE_HISTORY,High-value transaction consistent with normal historical account behavior,NONE,1,1,5,NORMAL,0.0424
L03_000572,422,TRANSFER,516436.52,C698381486,8817389.97,8300953.46,C662401079,0.0,516436.52,0,0,L03_00115,LEGITIMATE_HIGH_VALUE_HISTORY,High-value transaction consistent with normal historical account behavior,NONE,1,2,5,NORMAL,0.0586
L03_000573,471,TRANSFER,486828.19,C698381486,8300953.46,7814125.26,C662401079,0.0,486828.19,0,0,L03_00115,LEGITIMATE_HIGH_VALUE_HISTORY,High-value transaction consistent with normal historical account behavior,NONE,1,3,5,NORMAL,0.0586
L03_000574,515,TRANSFER,809827.25,C698381486,7814125.26,7004298.01,C662401079,0.0,809827.25,0,0,L03_00115,LEGITIMATE_HIGH_VALUE_HISTORY,High-value transaction consistent with normal historical account behavior,NONE,1,4,5,NORMAL,0.1036
L03_000575,573,TRANSFER,2101289.4,C698381486,7004298.01,4903008.61,C662401079,0.0,2101289.4,0,0,L03_00115,LEGITIMATE_HIGH_VALUE_HISTORY,High-value transaction consistent with normal historical account behavior,NONE,1,5,5,NORMAL,0.3
L03_000576,429,TRANSFER,616907.08,C1838092983,11100860.88,10483953.8,C1290821128,0.0,616907.08,0,0,L03_00116,LEGITIMATE_HIGH_VALUE_HISTORY,High-value transaction consistent with normal historical account behavior,NONE,1,1,5,NORMAL,0.0556
L03_000577,453,TRANSFER,705398.03,C1838092983,10483953.8,9778555.77,C1290821128,0.0,705398.03,0,0,L03_00116,LEGITIMATE_HIGH_VALUE_HISTORY,High-value transaction consistent with normal historical account behavior,NONE,1,2,5,NORMAL,0.0673
L03_000578,485,TRANSFER,584716.61,C1838092983,9778555.77,9193839.16,C1290821128,0.0,584716.61,0,0,L03_00116,LEGITIMATE_HIGH_VALUE_HISTORY,High-value transaction consistent with normal historical account behavior,NONE,1,3,5,NORMAL,0.0598
L03_000579,511,TRANSFER,413998.44,C1838092983,9193839.16,8779840.72,C1290821128,0.0,413998.44,0,0,L03_00116,LEGITIMATE_HIGH_VALUE_HISTORY,High-value transaction consistent with normal historical account behavior,NONE,1,4,5,NORMAL,0.045
L03_000580,543,TRANSFER,2633952.22,C1838092983,8779840.72,6145888.5,C1290821128,0.0,2633952.22,0,0,L03_00116,LEGITIMATE_HIGH_VALUE_HISTORY,High-value transaction consistent with normal historical account behavior,NONE,1,5,5,NORMAL,0.3
L03_000581,352,TRANSFER,337829.98,C1631045730,18493634.54,18155804.56,C464345779,0.0,337829.98,0,0,L03_00117,LEGITIMATE_HIGH_VALUE_HISTORY,High-value transaction consistent with normal historical account behavior,NONE,1,1,5,NORMAL,0.0183
L03_000582,401,TRANSFER,770901.03,C1631045730,18155804.56,17384903.52,C464345779,0.0,770901.03,0,0,L03_00117,LEGITIMATE_HIGH_VALUE_HISTORY,High-value transaction consistent with normal historical account behavior,NONE,1,2,5,NORMAL,0.0425
L03_000583,441,TRANSFER,766560.93,C1631045730,17384903.52,16618342.6,C464345779,0.0,766560.93,0,0,L03_00117,LEGITIMATE_HIGH_VALUE_HISTORY,High-value transaction consistent with normal historical account behavior,NONE,1,3,5,NORMAL,0.0441
L03_000584,476,TRANSFER,453797.75,C1631045730,16618342.6,16164544.84,C464345779,0.0,453797.75,0,0,L03_00117,LEGITIMATE_HIGH_VALUE_HISTORY,High-value transaction consistent with normal historical account behavior,NONE,1,4,5,NORMAL,0.0273
L03_000585,530,TRANSFER,4849363.45,C1631045730,16164544.84,11315181.39,C464345779,0.0,4849363.45,0,0,L03_00117,LEGITIMATE_HIGH_VALUE_HISTORY,High-value transaction consistent with normal historical account behavior,NONE,1,5,5,NORMAL,0.3
L03_000586,411,TRANSFER,367094.85,C266378003,12494647.8,12127552.95,C478120172,0.0,367094.85,0,0,L03_00118,LEGITIMATE_HIGH_VALUE_HISTORY,High-value transaction consistent with normal historical account behavior,NONE,1,1,5,NORMAL,0.0294
L03_000587,426,TRANSFER,775351.57,C266378003,12127552.95,11352201.38,C478120172,0.0,775351.57,0,0,L03_00118,LEGITIMATE_HIGH_VALUE_HISTORY,High-value transaction consistent with normal historical account behavior,NONE,1,2,5,NORMAL,0.0639
L03_000588,471,TRANSFER,552821.17,C266378003,11352201.38,10799380.21,C478120172,0.0,552821.17,0,0,L03_00118,LEGITIMATE_HIGH_VALUE_HISTORY,High-value transaction consistent with normal historical account behavior,NONE,1,3,5,NORMAL,0.0487
L03_000589,527,TRANSFER,330053.77,C266378003,10799380.21,10469326.44,C478120172,0.0,330053.77,0,0,L03_00118,LEGITIMATE_HIGH_VALUE_HISTORY,High-value transaction consistent with normal historical account behavior,NONE,1,4,5,NORMAL,0.0306
L03_000590,583,TRANSFER,3140797.93,C266378003,10469326.44,7328528.51,C478120172,0.0,3140797.93,0,0,L03_00118,LEGITIMATE_HIGH_VALUE_HISTORY,High-value transaction consistent with normal historical account behavior,NONE,1,5,5,NORMAL,0.3
L03_000591,390,TRANSFER,706011.83,C994163345,8741818.32,8035806.49,C2135981762,0.0,706011.83,0,0,L03_00119,LEGITIMATE_HIGH_VALUE_HISTORY,High-value transaction consistent with normal historical account behavior,NONE,1,1,5,NORMAL,0.0808
L03_000592,409,TRANSFER,544045.1,C994163345,8035806.49,7491761.39,C2135981762,0.0,544045.1,0,0,L03_00119,LEGITIMATE_HIGH_VALUE_HISTORY,High-value transaction consistent with normal historical account behavior,NONE,1,2,5,NORMAL,0.0677
L03_000593,460,TRANSFER,684683.26,C994163345,7491761.39,6807078.13,C2135981762,0.0,684683.26,0,0,L03_00119,LEGITIMATE_HIGH_VALUE_HISTORY,High-value transaction consistent with normal historical account behavior,NONE,1,3,5,NORMAL,0.0914
L03_000594,483,TRANSFER,523957.45,C994163345,6807078.13,6283120.68,C2135981762,0.0,523957.45,0,0,L03_00119,LEGITIMATE_HIGH_VALUE_HISTORY,High-value transaction consistent with normal historical account behavior,NONE,1,4,5,NORMAL,0.077
L03_000595,530,TRANSFER,1884936.2,C994163345,6283120.68,4398184.48,C2135981762,0.0,1884936.2,0,0,L03_00119,LEGITIMATE_HIGH_VALUE_HISTORY,High-value transaction consistent with normal historical account behavior,NONE,1,5,5,NORMAL,0.3
L03_000596,392,TRANSFER,483267.31,C216479124,9035737.38,8552470.07,C134653932,0.0,483267.31,0,0,L03_00120,LEGITIMATE_HIGH_VALUE_HISTORY,High-value transaction consistent with normal historical account behavior,NONE,1,1,5,NORMAL,0.0535
L03_000597,412,TRANSFER,457886.25,C216479124,8552470.07,8094583.82,C134653932,0.0,457886.25,0,0,L03_00120,LEGITIMATE_HIGH_VALUE_HISTORY,High-value transaction consistent with normal historical account behavior,NONE,1,2,5,NORMAL,0.0535
L03_000598,437,TRANSFER,529774.31,C216479124,8094583.82,7564809.51,C134653932,0.0,529774.31,0,0,L03_00120,LEGITIMATE_HIGH_VALUE_HISTORY,High-value transaction consistent with normal historical account behavior,NONE,1,3,5,NORMAL,0.0654
L03_000599,475,TRANSFER,357668.71,C216479124,7564809.51,7207140.8,C134653932,0.0,357668.71,0,0,L03_00120,LEGITIMATE_HIGH_VALUE_HISTORY,High-value transaction consistent with normal historical account behavior,NONE,1,4,5,NORMAL,0.0473
L03_000600,504,TRANSFER,2162142.24,C216479124,7207140.8,5044998.56,C134653932,0.0,2162142.24,0,0,L03_00120,LEGITIMATE_HIGH_VALUE_HISTORY,High-value transaction consistent with normal historical account behavior,NONE,1,5,5,NORMAL,0.3
L03_000601,332,TRANSFER,489681.28,C442724545,15738830.79,15249149.51,C1899223003,0.0,489681.28,0,0,L03_00121,LEGITIMATE_HIGH_VALUE_HISTORY,High-value transaction consistent with normal historical account behavior,NONE,1,1,5,NORMAL,0.0311
L03_000602,375,TRANSFER,302243.7,C442724545,15249149.51,14946905.81,C1899223003,0.0,302243.7,0,0,L03_00121,LEGITIMATE_HIGH_VALUE_HISTORY,High-value transaction consistent with normal historical account behavior,NONE,1,2,5,NORMAL,0.0198
L03_000603,421,TRANSFER,381965.58,C442724545,14946905.81,14564940.23,C1899223003,0.0,381965.58,0,0,L03_00121,LEGITIMATE_HIGH_VALUE_HISTORY,High-value transaction consistent with normal historical account behavior,NONE,1,3,5,NORMAL,0.0256
L03_000604,471,TRANSFER,780364.55,C442724545,14564940.23,13784575.68,C1899223003,0.0,780364.55,0,0,L03_00121,LEGITIMATE_HIGH_VALUE_HISTORY,High-value transaction consistent with normal historical account behavior,NONE,1,4,5,NORMAL,0.0536
L03_000605,500,TRANSFER,4135372.7,C442724545,13784575.68,9649202.98,C1899223003,0.0,4135372.7,0,0,L03_00121,LEGITIMATE_HIGH_VALUE_HISTORY,High-value transaction consistent with normal historical account behavior,NONE,1,5,5,NORMAL,0.3
L03_000606,331,TRANSFER,417240.69,C1268850142,18687067.5,18269826.81,C1896566930,0.0,417240.69,0,0,L03_00122,LEGITIMATE_HIGH_VALUE_HISTORY,High-value transaction consistent with normal historical account behavior,NONE,1,1,5,NORMAL,0.0223
L03_000607,362,TRANSFER,870175.61,C1268850142,18269826.81,17399651.2,C1896566930,0.0,870175.61,0,0,L03_00122,LEGITIMATE_HIGH_VALUE_HISTORY,High-value transaction consistent with normal historical account behavior,NONE,1,2,5,NORMAL,0.0476
L03_000608,408,TRANSFER,850180.39,C1268850142,17399651.2,16549470.81,C1896566930,0.0,850180.39,0,0,L03_00122,LEGITIMATE_HIGH_VALUE_HISTORY,High-value transaction consistent with normal historical account behavior,NONE,1,3,5,NORMAL,0.0489
L03_000609,463,TRANSFER,320448.31,C1268850142,16549470.81,16229022.5,C1896566930,0.0,320448.31,0,0,L03_00122,LEGITIMATE_HIGH_VALUE_HISTORY,High-value transaction consistent with normal historical account behavior,NONE,1,4,5,NORMAL,0.0194
L03_000610,512,TRANSFER,4868706.75,C1268850142,16229022.5,11360315.75,C1896566930,0.0,4868706.75,0,0,L03_00122,LEGITIMATE_HIGH_VALUE_HISTORY,High-value transaction consistent with normal historical account behavior,NONE,1,5,5,NORMAL,0.3
L03_000611,342,TRANSFER,326856.84,C227898223,18106516.95,17779660.11,C1005294338,0.0,326856.84,0,0,L03_00123,LEGITIMATE_HIGH_VALUE_HISTORY,High-value transaction consistent with normal historical account behavior,NONE,1,1,5,NORMAL,0.0181
L03_000612,391,TRANSFER,534875.24,C227898223,17779660.11,17244784.87,C1005294338,0.0,534875.24,0,0,L03_00123,LEGITIMATE_HIGH_VALUE_HISTORY,High-value transaction consistent with normal historical account behavior,NONE,1,2,5,NORMAL,0.0301
L03_000613,421,TRANSFER,842179.46,C227898223,17244784.87,16402605.41,C1005294338,0.0,842179.46,0,0,L03_00123,LEGITIMATE_HIGH_VALUE_HISTORY,High-value transaction consistent with normal historical account behavior,NONE,1,3,5,NORMAL,0.0488
L03_000614,476,TRANSFER,367099.76,C227898223,16402605.41,16035505.65,C1005294338,0.0,367099.76,0,0,L03_00123,LEGITIMATE_HIGH_VALUE_HISTORY,High-value transaction consistent with normal historical account behavior,NONE,1,4,5,NORMAL,0.0224
L03_000615,521,TRANSFER,4810651.7,C227898223,16035505.65,11224853.96,C1005294338,0.0,4810651.7,0,0,L03_00123,LEGITIMATE_HIGH_VALUE_HISTORY,High-value transaction consistent with normal historical account behavior,NONE,1,5,5,NORMAL,0.3
L03_000616,433,TRANSFER,542558.1,C359244697,9386252.14,8843694.04,C130443919,0.0,542558.1,0,0,L03_00124,LEGITIMATE_HIGH_VALUE_HISTORY,High-value transaction consistent with normal historical account behavior,NONE,1,1,5,NORMAL,0.0578
L03_000617,472,TRANSFER,654715.05,C359244697,8843694.04,8188979.0,C130443919,0.0,654715.05,0,0,L03_00124,LEGITIMATE_HIGH_VALUE_HISTORY,High-value transaction consistent with normal historical account behavior,NONE,1,2,5,NORMAL,0.074
L03_000618,502,TRANSFER,467196.87,C359244697,8188979.0,7721782.12,C130443919,0.0,467196.87,0,0,L03_00124,LEGITIMATE_HIGH_VALUE_HISTORY,High-value transaction consistent with normal historical account behavior,NONE,1,3,5,NORMAL,0.0571
L03_000619,544,TRANSFER,824867.47,C359244697,7721782.12,6896914.66,C130443919,0.0,824867.47,0,0,L03_00124,LEGITIMATE_HIGH_VALUE_HISTORY,High-value transaction consistent with normal historical account behavior,NONE,1,4,5,NORMAL,0.1068
L03_000620,595,TRANSFER,2069074.4,C359244697,6896914.66,4827840.26,C130443919,0.0,2069074.4,0,0,L03_00124,LEGITIMATE_HIGH_VALUE_HISTORY,High-value transaction consistent with normal historical account behavior,NONE,1,5,5,NORMAL,0.3
L03_000621,354,TRANSFER,619420.0,C1926997095,11792037.16,11172617.16,C158767443,0.0,619420.0,0,0,L03_00125,LEGITIMATE_HIGH_VALUE_HISTORY,High-value transaction consistent with normal historical account behavior,NONE,1,1,5,NORMAL,0.0525
L03_000622,396,TRANSFER,824942.65,C1926997095,11172617.16,10347674.51,C158767443,0.0,824942.65,0,0,L03_00125,LEGITIMATE_HIGH_VALUE_HISTORY,High-value transaction consistent with normal historical account behavior,NONE,1,2,5,NORMAL,0.0738
L03_000623,451,TRANSFER,455160.4,C1926997095,10347674.51,9892514.11,C158767443,0.0,455160.4,0,0,L03_00125,LEGITIMATE_HIGH_VALUE_HISTORY,High-value transaction consistent with normal historical account behavior,NONE,1,3,5,NORMAL,0.044
L03_000624,497,TRANSFER,588482.0,C1926997095,9892514.11,9304032.11,C158767443,0.0,588482.0,0,0,L03_00125,LEGITIMATE_HIGH_VALUE_HISTORY,High-value transaction consistent with normal historical account behavior,NONE,1,4,5,NORMAL,0.0595
L03_000625,541,TRANSFER,2791209.63,C1926997095,9304032.11,6512822.48,C158767443,0.0,2791209.63,0,0,L03_00125,LEGITIMATE_HIGH_VALUE_HISTORY,High-value transaction consistent with normal historical account behavior,NONE,1,5,5,NORMAL,0.3
L03_000626,368,TRANSFER,386563.89,C94005605,16387969.46,16001405.57,C642584095,0.0,386563.89,0,0,L03_00126,LEGITIMATE_HIGH_VALUE_HISTORY,High-value transaction consistent with normal historical account behavior,NONE,1,1,5,NORMAL,0.0236
L03_000627,399,TRANSFER,844067.79,C94005605,16001405.57,15157337.78,C642584095,0.0,844067.79,0,0,L03_00126,LEGITIMATE_HIGH_VALUE_HISTORY,High-value transaction consistent with normal historical account behavior,NONE,1,2,5,NORMAL,0.0527
L03_000628,424,TRANSFER,532424.2,C94005605,15157337.78,14624913.58,C642584095,0.0,532424.2,0,0,L03_00126,LEGITIMATE_HIGH_VALUE_HISTORY,High-value transaction consistent with normal historical account behavior,NONE,1,3,5,NORMAL,0.0351
L03_000629,471,TRANSFER,646753.38,C94005605,14624913.58,13978160.2,C642584095,0.0,646753.38,0,0,L03_00126,LEGITIMATE_HIGH_VALUE_HISTORY,High-value transaction consistent with normal historical account behavior,NONE,1,4,5,NORMAL,0.0442
L03_000630,519,TRANSFER,4193448.06,C94005605,13978160.2,9784712.14,C642584095,0.0,4193448.06,0,0,L03_00126,LEGITIMATE_HIGH_VALUE_HISTORY,High-value transaction consistent with normal historical account behavior,NONE,1,5,5,NORMAL,0.3
L03_000631,442,TRANSFER,772728.94,C2055911362,9676346.49,8903617.55,C522399482,0.0,772728.94,0,0,L03_00127,LEGITIMATE_HIGH_VALUE_HISTORY,High-value transaction consistent with normal historical account behavior,NONE,1,1,5,NORMAL,0.0799
L03_000632,462,TRANSFER,346319.68,C2055911362,8903617.55,8557297.87,C522399482,0.0,346319.68,0,0,L03_00127,LEGITIMATE_HIGH_VALUE_HISTORY,High-value transaction consistent with normal historical account behavior,NONE,1,2,5,NORMAL,0.0389
L03_000633,485,TRANSFER,492060.13,C2055911362,8557297.87,8065237.74,C522399482,0.0,492060.13,0,0,L03_00127,LEGITIMATE_HIGH_VALUE_HISTORY,High-value transaction consistent with normal historical account behavior,NONE,1,3,5,NORMAL,0.0575
L03_000634,545,TRANSFER,448389.99,C2055911362,8065237.74,7616847.75,C522399482,0.0,448389.99,0,0,L03_00127,LEGITIMATE_HIGH_VALUE_HISTORY,High-value transaction consistent with normal historical account behavior,NONE,1,4,5,NORMAL,0.0556
L03_000635,575,TRANSFER,2285054.33,C2055911362,7616847.75,5331793.43,C522399482,0.0,2285054.33,0,0,L03_00127,LEGITIMATE_HIGH_VALUE_HISTORY,High-value transaction consistent with normal historical account behavior,NONE,1,5,5,NORMAL,0.3
L03_000636,327,TRANSFER,413124.26,C1014831439,9231089.64,8817965.38,C2143015292,0.0,413124.26,0,0,L03_00128,LEGITIMATE_HIGH_VALUE_HISTORY,High-value transaction consistent with normal historical account behavior,NONE,1,1,5,NORMAL,0.0448
L03_000637,373,TRANSFER,640443.95,C1014831439,8817965.38,8177521.43,C2143015292,0.0,640443.95,0,0,L03_00128,LEGITIMATE_HIGH_VALUE_HISTORY,High-value transaction consistent with normal historical account behavior,NONE,1,2,5,NORMAL,0.0726
L03_000638,401,TRANSFER,673659.67,C1014831439,8177521.43,7503861.76,C2143015292,0.0,673659.67,0,0,L03_00128,LEGITIMATE_HIGH_VALUE_HISTORY,High-value transaction consistent with normal historical account behavior,NONE,1,3,5,NORMAL,0.0824
L03_000639,434,TRANSFER,601001.2,C1014831439,7503861.76,6902860.56,C2143015292,0.0,601001.2,0,0,L03_00128,LEGITIMATE_HIGH_VALUE_HISTORY,High-value transaction consistent with normal historical account behavior,NONE,1,4,5,NORMAL,0.0801
L03_000640,451,TRANSFER,2070858.17,C1014831439,6902860.56,4832002.39,C2143015292,0.0,2070858.17,0,0,L03_00128,LEGITIMATE_HIGH_VALUE_HISTORY,High-value transaction consistent with normal historical account behavior,NONE,1,5,5,NORMAL,0.3
L03_000641,366,TRANSFER,511678.32,C1016263653,18306811.88,17795133.56,C229742910,0.0,511678.32,0,0,L03_00129,LEGITIMATE_HIGH_VALUE_HISTORY,High-value transaction consistent with normal historical account behavior,NONE,1,1,5,NORMAL,0.028
L03_000642,391,TRANSFER,695551.59,C1016263653,17795133.56,17099581.96,C229742910,0.0,695551.59,0,0,L03_00129,LEGITIMATE_HIGH_VALUE_HISTORY,High-value transaction consistent with normal historical account behavior,NONE,1,2,5,NORMAL,0.0391
L03_000643,431,TRANSFER,688564.35,C1016263653,17099581.96,16411017.62,C229742910,0.0,688564.35,0,0,L03_00129,LEGITIMATE_HIGH_VALUE_HISTORY,High-value transaction consistent with normal historical account behavior,NONE,1,3,5,NORMAL,0.0403
L03_000644,451,TRANSFER,308746.99,C1016263653,16411017.62,16102270.62,C229742910,0.0,308746.99,0,0,L03_00129,LEGITIMATE_HIGH_VALUE_HISTORY,High-value transaction consistent with normal historical account behavior,NONE,1,4,5,NORMAL,0.0188
L03_000645,488,TRANSFER,4830681.19,C1016263653,16102270.62,11271589.44,C229742910,0.0,4830681.19,0,0,L03_00129,LEGITIMATE_HIGH_VALUE_HISTORY,High-value transaction consistent with normal historical account behavior,NONE,1,5,5,NORMAL,0.3
L03_000646,358,TRANSFER,498031.09,C1577441039,10804251.91,10306220.82,C1698707072,0.0,498031.09,0,0,L03_00130,LEGITIMATE_HIGH_VALUE_HISTORY,High-value transaction consistent with normal historical account behavior,NONE,1,1,5,NORMAL,0.0461
L03_000647,373,TRANSFER,795778.82,C1577441039,10306220.82,9510442.0,C1698707072,0.0,795778.82,0,0,L03_00130,LEGITIMATE_HIGH_VALUE_HISTORY,High-value transaction consistent with normal historical account behavior,NONE,1,2,5,NORMAL,0.0772
L03_000648,411,TRANSFER,328985.33,C1577441039,9510442.0,9181456.67,C1698707072,0.0,328985.33,0,0,L03_00130,LEGITIMATE_HIGH_VALUE_HISTORY,High-value transaction consistent with normal historical account behavior,NONE,1,3,5,NORMAL,0.0346
L03_000649,445,TRANSFER,785649.48,C1577441039,9181456.67,8395807.19,C1698707072,0.0,785649.48,0,0,L03_00130,LEGITIMATE_HIGH_VALUE_HISTORY,High-value transaction consistent with normal historical account behavior,NONE,1,4,5,NORMAL,0.0856
L03_000650,481,TRANSFER,2518742.16,C1577441039,8395807.19,5877065.04,C1698707072,0.0,2518742.16,0,0,L03_00130,LEGITIMATE_HIGH_VALUE_HISTORY,High-value transaction consistent with normal historical account behavior,NONE,1,5,5,NORMAL,0.3
L03_000651,422,TRANSFER,825905.23,C743702610,7832377.06,7006471.83,C1197491776,0.0,825905.23,0,0,L03_00131,LEGITIMATE_HIGH_VALUE_HISTORY,High-value transaction consistent with normal historical account behavior,NONE,1,1,5,NORMAL,0.1054
L03_000652,448,TRANSFER,333126.34,C743702610,7006471.83,6673345.49,C1197491776,0.0,333126.34,0,0,L03_00131,LEGITIMATE_HIGH_VALUE_HISTORY,High-value transaction consistent with normal historical account behavior,NONE,1,2,5,NORMAL,0.0475
L03_000653,489,TRANSFER,776830.54,C743702610,6673345.49,5896514.95,C1197491776,0.0,776830.54,0,0,L03_00131,LEGITIMATE_HIGH_VALUE_HISTORY,High-value transaction consistent with normal historical account behavior,NONE,1,3,5,NORMAL,0.1164
L03_000654,533,TRANSFER,591196.99,C743702610,5896514.95,5305317.96,C1197491776,0.0,591196.99,0,0,L03_00131,LEGITIMATE_HIGH_VALUE_HISTORY,High-value transaction consistent with normal historical account behavior,NONE,1,4,5,NORMAL,0.1003
L03_000655,560,TRANSFER,1591595.39,C743702610,5305317.96,3713722.58,C1197491776,0.0,1591595.39,0,0,L03_00131,LEGITIMATE_HIGH_VALUE_HISTORY,High-value transaction consistent with normal historical account behavior,NONE,1,5,5,NORMAL,0.3
L03_000656,354,TRANSFER,599319.99,C1673068000,12697954.68,12098634.69,C1011395618,0.0,599319.99,0,0,L03_00132,LEGITIMATE_HIGH_VALUE_HISTORY,High-value transaction consistent with normal historical account behavior,NONE,1,1,5,NORMAL,0.0472
L03_000657,369,TRANSFER,477542.13,C1673068000,12098634.69,11621092.56,C1011395618,0.0,477542.13,0,0,L03_00132,LEGITIMATE_HIGH_VALUE_HISTORY,High-value transaction consistent with normal historical account behavior,NONE,1,2,5,NORMAL,0.0395
L03_000658,397,TRANSFER,716056.67,C1673068000,11621092.56,10905035.89,C1011395618,0.0,716056.67,0,0,L03_00132,LEGITIMATE_HIGH_VALUE_HISTORY,High-value transaction consistent with normal historical account behavior,NONE,1,3,5,NORMAL,0.0616
L03_000659,432,TRANSFER,803136.99,C1673068000,10905035.89,10101898.9,C1011395618,0.0,803136.99,0,0,L03_00132,LEGITIMATE_HIGH_VALUE_HISTORY,High-value transaction consistent with normal historical account behavior,NONE,1,4,5,NORMAL,0.0736
L03_000660,474,TRANSFER,3030569.67,C1673068000,10101898.9,7071329.23,C1011395618,0.0,3030569.67,0,0,L03_00132,LEGITIMATE_HIGH_VALUE_HISTORY,High-value transaction consistent with normal historical account behavior,NONE,1,5,5,NORMAL,0.3
L03_000661,395,TRANSFER,745219.0,C1386707987,12246193.16,11500974.16,C221088979,0.0,745219.0,0,0,L03_00133,LEGITIMATE_HIGH_VALUE_HISTORY,High-value transaction consistent with normal historical account behavior,NONE,1,1,5,NORMAL,0.0609
L03_000662,413,TRANSFER,872543.04,C1386707987,11500974.16,10628431.12,C221088979,0.0,872543.04,0,0,L03_00133,LEGITIMATE_HIGH_VALUE_HISTORY,High-value transaction consistent with normal historical account behavior,NONE,1,2,5,NORMAL,0.0759
L03_000663,441,TRANSFER,428659.31,C1386707987,10628431.12,10199771.81,C221088979,0.0,428659.31,0,0,L03_00133,LEGITIMATE_HIGH_VALUE_HISTORY,High-value transaction consistent with normal historical account behavior,NONE,1,3,5,NORMAL,0.0403
L03_000664,495,TRANSFER,461528.56,C1386707987,10199771.81,9738243.25,C221088979,0.0,461528.56,0,0,L03_00133,LEGITIMATE_HIGH_VALUE_HISTORY,High-value transaction consistent with normal historical account behavior,NONE,1,4,5,NORMAL,0.0452
L03_000665,511,TRANSFER,2921472.97,C1386707987,9738243.25,6816770.27,C221088979,0.0,2921472.97,0,0,L03_00133,LEGITIMATE_HIGH_VALUE_HISTORY,High-value transaction consistent with normal historical account behavior,NONE,1,5,5,NORMAL,0.3
L03_000666,342,TRANSFER,419989.88,C789239545,17637389.46,17217399.58,C1278252907,0.0,419989.88,0,0,L03_00134,LEGITIMATE_HIGH_VALUE_HISTORY,High-value transaction consistent with normal historical account behavior,NONE,1,1,5,NORMAL,0.0238
L03_000667,394,TRANSFER,820974.54,C789239545,17217399.58,16396425.04,C1278252907,0.0,820974.54,0,0,L03_00134,LEGITIMATE_HIGH_VALUE_HISTORY,High-value transaction consistent with normal historical account behavior,NONE,1,2,5,NORMAL,0.0477
L03_000668,430,TRANSFER,739033.94,C789239545,16396425.04,15657391.1,C1278252907,0.0,739033.94,0,0,L03_00134,LEGITIMATE_HIGH_VALUE_HISTORY,High-value transaction consistent with normal historical account behavior,NONE,1,3,5,NORMAL,0.0451
L03_000669,456,TRANSFER,657961.7,C789239545,15657391.1,14999429.4,C1278252907,0.0,657961.7,0,0,L03_00134,LEGITIMATE_HIGH_VALUE_HISTORY,High-value transaction consistent with normal historical account behavior,NONE,1,4,5,NORMAL,0.042
L03_000670,494,TRANSFER,4499828.82,C789239545,14999429.4,10499600.58,C1278252907,0.0,4499828.82,0,0,L03_00134,LEGITIMATE_HIGH_VALUE_HISTORY,High-value transaction consistent with normal historical account behavior,NONE,1,5,5,NORMAL,0.3
L03_000671,341,TRANSFER,470471.06,C943087840,7204109.0,6733637.94,C1156763532,0.0,470471.06,0,0,L03_00135,LEGITIMATE_HIGH_VALUE_HISTORY,High-value transaction consistent with normal historical account behavior,NONE,1,1,5,NORMAL,0.0653
L03_000672,394,TRANSFER,608952.12,C943087840,6733637.94,6124685.82,C1156763532,0.0,608952.12,0,0,L03_00135,LEGITIMATE_HIGH_VALUE_HISTORY,High-value transaction consistent with normal historical account behavior,NONE,1,2,5,NORMAL,0.0904
L03_000673,430,TRANSFER,600385.71,C943087840,6124685.82,5524300.11,C1156763532,0.0,600385.71,0,0,L03_00135,LEGITIMATE_HIGH_VALUE_HISTORY,High-value transaction consistent with normal historical account behavior,NONE,1,3,5,NORMAL,0.098
L03_000674,477,TRANSFER,336595.46,C943087840,5524300.11,5187704.65,C1156763532,0.0,336595.46,0,0,L03_00135,LEGITIMATE_HIGH_VALUE_HISTORY,High-value transaction consistent with normal historical account behavior,NONE,1,4,5,NORMAL,0.0609
L03_000675,506,TRANSFER,1556311.39,C943087840,5187704.65,3631393.25,C1156763532,0.0,1556311.39,0,0,L03_00135,LEGITIMATE_HIGH_VALUE_HISTORY,High-value transaction consistent with normal historical account behavior,NONE,1,5,5,NORMAL,0.3
L03_000676,429,TRANSFER,665816.56,C687785136,8422858.37,7757041.8,C311105273,0.0,665816.56,0,0,L03_00136,LEGITIMATE_HIGH_VALUE_HISTORY,High-value transaction consistent with normal historical account behavior,NONE,1,1,5,NORMAL,0.079
L03_000677,484,TRANSFER,598582.64,C687785136,7757041.8,7158459.17,C311105273,0.0,598582.64,0,0,L03_00136,LEGITIMATE_HIGH_VALUE_HISTORY,High-value transaction consistent with normal historical account behavior,NONE,1,2,5,NORMAL,0.0772
L03_000678,523,TRANSFER,332881.07,C687785136,7158459.17,6825578.09,C311105273,0.0,332881.07,0,0,L03_00136,LEGITIMATE_HIGH_VALUE_HISTORY,High-value transaction consistent with normal historical account behavior,NONE,1,3,5,NORMAL,0.0465
L03_000679,546,TRANSFER,817499.52,C687785136,6825578.09,6008078.57,C311105273,0.0,817499.52,0,0,L03_00136,LEGITIMATE_HIGH_VALUE_HISTORY,High-value transaction consistent with normal historical account behavior,NONE,1,4,5,NORMAL,0.1198
L03_000680,573,TRANSFER,1802423.57,C687785136,6008078.57,4205655.0,C311105273,0.0,1802423.57,0,0,L03_00136,LEGITIMATE_HIGH_VALUE_HISTORY,High-value transaction consistent with normal historical account behavior,NONE,1,5,5,NORMAL,0.3
L03_000681,346,TRANSFER,492229.43,C251754812,17851888.68,17359659.25,C563859355,0.0,492229.43,0,0,L03_00137,LEGITIMATE_HIGH_VALUE_HISTORY,High-value transaction consistent with normal historical account behavior,NONE,1,1,5,NORMAL,0.0276
L03_000682,376,TRANSFER,631459.63,C251754812,17359659.25,16728199.62,C563859355,0.0,631459.63,0,0,L03_00137,LEGITIMATE_HIGH_VALUE_HISTORY,High-value transaction consistent with normal historical account behavior,NONE,1,2,5,NORMAL,0.0364
L03_000683,432,TRANSFER,352666.06,C251754812,16728199.62,16375533.56,C563859355,0.0,352666.06,0,0,L03_00137,LEGITIMATE_HIGH_VALUE_HISTORY,High-value transaction consistent with normal historical account behavior,NONE,1,3,5,NORMAL,0.0211
L03_000684,458,TRANSFER,424904.0,C251754812,16375533.56,15950629.56,C563859355,0.0,424904.0,0,0,L03_00137,LEGITIMATE_HIGH_VALUE_HISTORY,High-value transaction consistent with normal historical account behavior,NONE,1,4,5,NORMAL,0.0259
L03_000685,475,TRANSFER,4785188.87,C251754812,15950629.56,11165440.69,C563859355,0.0,4785188.87,0,0,L03_00137,LEGITIMATE_HIGH_VALUE_HISTORY,High-value transaction consistent with normal historical account behavior,NONE,1,5,5,NORMAL,0.3
L03_000686,528,TRANSFER,580908.87,C595129866,8933264.38,8352355.51,C2011860169,0.0,580908.87,0,0,L03_00138,LEGITIMATE_HIGH_VALUE_HISTORY,High-value transaction consistent with normal historical account behavior,NONE,1,1,5,NORMAL,0.065
L03_000687,585,TRANSFER,667812.84,C595129866,8352355.51,7684542.67,C2011860169,0.0,667812.84,0,0,L03_00138,LEGITIMATE_HIGH_VALUE_HISTORY,High-value transaction consistent with normal historical account behavior,NONE,1,2,5,NORMAL,0.08
L03_000688,608,TRANSFER,777318.35,C595129866,7684542.67,6907224.33,C2011860169,0.0,777318.35,0,0,L03_00138,LEGITIMATE_HIGH_VALUE_HISTORY,High-value transaction consistent with normal historical account behavior,NONE,1,3,5,NORMAL,0.1012
L03_000689,666,TRANSFER,634022.73,C595129866,6907224.33,6273201.6,C2011860169,0.0,634022.73,0,0,L03_00138,LEGITIMATE_HIGH_VALUE_HISTORY,High-value transaction consistent with normal historical account behavior,NONE,1,4,5,NORMAL,0.0918
L03_000690,697,TRANSFER,1881960.48,C595129866,6273201.6,4391241.12,C2011860169,0.0,1881960.48,0,0,L03_00138,LEGITIMATE_HIGH_VALUE_HISTORY,High-value transaction consistent with normal historical account behavior,NONE,1,5,5,NORMAL,0.3
L03_000691,522,TRANSFER,737734.95,C595129866,8946104.61,8208369.66,C2011860169,0.0,737734.95,0,0,L03_00139,LEGITIMATE_HIGH_VALUE_HISTORY,High-value transaction consistent with normal historical account behavior,NONE,1,1,5,NORMAL,0.0825
L03_000692,582,TRANSFER,413498.38,C595129866,8208369.66,7794871.28,C2011860169,0.0,413498.38,0,0,L03_00139,LEGITIMATE_HIGH_VALUE_HISTORY,High-value transaction consistent with normal historical account behavior,NONE,1,2,5,NORMAL,0.0504
L03_000693,641,TRANSFER,750765.53,C595129866,7794871.28,7044105.75,C2011860169,0.0,750765.53,0,0,L03_00139,LEGITIMATE_HIGH_VALUE_HISTORY,High-value transaction consistent with normal historical account behavior,NONE,1,3,5,NORMAL,0.0963
L03_000694,676,TRANSFER,686779.42,C595129866,7044105.75,6357326.33,C2011860169,0.0,686779.42,0,0,L03_00139,LEGITIMATE_HIGH_VALUE_HISTORY,High-value transaction consistent with normal historical account behavior,NONE,1,4,5,NORMAL,0.0975
L03_000695,715,TRANSFER,1907197.9,C595129866,6357326.33,4450128.43,C2011860169,0.0,1907197.9,0,0,L03_00139,LEGITIMATE_HIGH_VALUE_HISTORY,High-value transaction consistent with normal historical account behavior,NONE,1,5,5,NORMAL,0.3
L03_000696,176,TRANSFER,451835.0,C1573794849,8422009.86,7970174.86,C1574155936,0.0,451835.0,0,0,L03_00140,LEGITIMATE_HIGH_VALUE_HISTORY,High-value transaction consistent with normal historical account behavior,NONE,1,1,5,NORMAL,0.0536
L03_000697,205,TRANSFER,831438.76,C1573794849,7970174.86,7138736.1,C1574155936,0.0,831438.76,0,0,L03_00140,LEGITIMATE_HIGH_VALUE_HISTORY,High-value transaction consistent with normal historical account behavior,NONE,1,2,5,NORMAL,0.1043
L03_000698,222,TRANSFER,693603.78,C1573794849,7138736.1,6445132.32,C1574155936,0.0,693603.78,0,0,L03_00140,LEGITIMATE_HIGH_VALUE_HISTORY,High-value transaction consistent with normal historical account behavior,NONE,1,3,5,NORMAL,0.0972
L03_000699,249,TRANSFER,594768.85,C1573794849,6445132.32,5850363.47,C1574155936,0.0,594768.85,0,0,L03_00140,LEGITIMATE_HIGH_VALUE_HISTORY,High-value transaction consistent with normal historical account behavior,NONE,1,4,5,NORMAL,0.0923
L03_000700,302,TRANSFER,1755109.04,C1573794849,5850363.47,4095254.43,C1574155936,0.0,1755109.04,0,0,L03_00140,LEGITIMATE_HIGH_VALUE_HISTORY,High-value transaction consistent with normal historical account behavior,NONE,1,5,5,NORMAL,0.3
L03_000701,347,TRANSFER,769649.29,C1404934546,9739710.29,8970061.0,C1961442702,0.0,769649.29,0,0,L03_00141,LEGITIMATE_HIGH_VALUE_HISTORY,High-value transaction consistent with normal historical account behavior,NONE,1,1,5,NORMAL,0.079
L03_000702,386,TRANSFER,399521.55,C1404934546,8970061.0,8570539.45,C1961442702,0.0,399521.55,0,0,L03_00141,LEGITIMATE_HIGH_VALUE_HISTORY,High-value transaction consistent with normal historical account behavior,NONE,1,2,5,NORMAL,0.0445
L03_000703,429,TRANSFER,690368.81,C1404934546,8570539.45,7880170.63,C1961442702,0.0,690368.81,0,0,L03_00141,LEGITIMATE_HIGH_VALUE_HISTORY,High-value transaction consistent with normal historical account behavior,NONE,1,3,5,NORMAL,0.0806
L03_000704,489,TRANSFER,770097.83,C1404934546,7880170.63,7110072.8,C1961442702,0.0,770097.83,0,0,L03_00141,LEGITIMATE_HIGH_VALUE_HISTORY,High-value transaction consistent with normal historical account behavior,NONE,1,4,5,NORMAL,0.0977
L03_000705,520,TRANSFER,2133021.84,C1404934546,7110072.8,4977050.96,C1961442702,0.0,2133021.84,0,0,L03_00141,LEGITIMATE_HIGH_VALUE_HISTORY,High-value transaction consistent with normal historical account behavior,NONE,1,5,5,NORMAL,0.3
L03_000706,341,TRANSFER,586122.35,C2023664791,8070431.29,7484308.95,C911422291,0.0,586122.35,0,0,L03_00142,LEGITIMATE_HIGH_VALUE_HISTORY,High-value transaction consistent with normal historical account behavior,NONE,1,1,5,NORMAL,0.0726
L03_000707,358,TRANSFER,646144.61,C2023664791,7484308.95,6838164.33,C911422291,0.0,646144.61,0,0,L03_00142,LEGITIMATE_HIGH_VALUE_HISTORY,High-value transaction consistent with normal historical account behavior,NONE,1,2,5,NORMAL,0.0863
L03_000708,406,TRANSFER,704498.6,C2023664791,6838164.33,6133665.74,C911422291,0.0,704498.6,0,0,L03_00142,LEGITIMATE_HIGH_VALUE_HISTORY,High-value transaction consistent with normal historical account behavior,NONE,1,3,5,NORMAL,0.103
L03_000709,462,TRANSFER,382102.16,C2023664791,6133665.74,5751563.58,C911422291,0.0,382102.16,0,0,L03_00142,LEGITIMATE_HIGH_VALUE_HISTORY,High-value transaction consistent with normal historical account behavior,NONE,1,4,5,NORMAL,0.0623
L03_000710,499,TRANSFER,1725469.07,C2023664791,5751563.58,4026094.5,C911422291,0.0,1725469.07,0,0,L03_00142,LEGITIMATE_HIGH_VALUE_HISTORY,High-value transaction consistent with normal historical account behavior,NONE,1,5,5,NORMAL,0.3
L03_000711,233,TRANSFER,718189.52,C1409903172,11623829.73,10905640.21,C1685726862,0.0,718189.52,0,0,L03_00143,LEGITIMATE_HIGH_VALUE_HISTORY,High-value transaction consistent with normal historical account behavior,NONE,1,1,5,NORMAL,0.0618
L03_000712,280,TRANSFER,547961.1,C1409903172,10905640.21,10357679.11,C1685726862,0.0,547961.1,0,0,L03_00143,LEGITIMATE_HIGH_VALUE_HISTORY,High-value transaction consistent with normal historical account behavior,NONE,1,2,5,NORMAL,0.0502
L03_000713,324,TRANSFER,590532.38,C1409903172,10357679.11,9767146.73,C1685726862,0.0,590532.38,0,0,L03_00143,LEGITIMATE_HIGH_VALUE_HISTORY,High-value transaction consistent with normal historical account behavior,NONE,1,3,5,NORMAL,0.057
L03_000714,375,TRANSFER,803314.31,C1409903172,9767146.73,8963832.42,C1685726862,0.0,803314.31,0,0,L03_00143,LEGITIMATE_HIGH_VALUE_HISTORY,High-value transaction consistent with normal historical account behavior,NONE,1,4,5,NORMAL,0.0822
L03_000715,417,TRANSFER,2689149.73,C1409903172,8963832.42,6274682.69,C1685726862,0.0,2689149.73,0,0,L03_00143,LEGITIMATE_HIGH_VALUE_HISTORY,High-value transaction consistent with normal historical account behavior,NONE,1,5,5,NORMAL,0.3
L03_000716,192,TRANSFER,603869.39,C2018028084,8283538.2,7679668.81,C1550555507,0.0,603869.39,0,0,L03_00144,LEGITIMATE_HIGH_VALUE_HISTORY,High-value transaction consistent with normal historical account behavior,NONE,1,1,5,NORMAL,0.0729
L03_000717,235,TRANSFER,386266.79,C2018028084,7679668.81,7293402.02,C1550555507,0.0,386266.79,0,0,L03_00144,LEGITIMATE_HIGH_VALUE_HISTORY,High-value transaction consistent with normal historical account behavior,NONE,1,2,5,NORMAL,0.0503
L03_000718,257,TRANSFER,447135.93,C2018028084,7293402.02,6846266.09,C1550555507,0.0,447135.93,0,0,L03_00144,LEGITIMATE_HIGH_VALUE_HISTORY,High-value transaction consistent with normal historical account behavior,NONE,1,3,5,NORMAL,0.0613
L03_000719,294,TRANSFER,574731.89,C2018028084,6846266.09,6271534.2,C1550555507,0.0,574731.89,0,0,L03_00144,LEGITIMATE_HIGH_VALUE_HISTORY,High-value transaction consistent with normal historical account behavior,NONE,1,4,5,NORMAL,0.0839
L03_000720,354,TRANSFER,1881460.26,C2018028084,6271534.2,4390073.94,C1550555507,0.0,1881460.26,0,0,L03_00144,LEGITIMATE_HIGH_VALUE_HISTORY,High-value transaction consistent with normal historical account behavior,NONE,1,5,5,NORMAL,0.3
L03_000721,353,TRANSFER,859772.93,C589946418,9264585.99,8404813.06,C323689232,0.0,859772.93,0,0,L03_00145,LEGITIMATE_HIGH_VALUE_HISTORY,High-value transaction consistent with normal historical account behavior,NONE,1,1,5,NORMAL,0.0928
L03_000722,379,TRANSFER,323134.41,C589946418,8404813.06,8081678.65,C323689232,0.0,323134.41,0,0,L03_00145,LEGITIMATE_HIGH_VALUE_HISTORY,High-value transaction consistent with normal historical account behavior,NONE,1,2,5,NORMAL,0.0384
L03_000723,402,TRANSFER,334394.43,C589946418,8081678.65,7747284.22,C323689232,0.0,334394.43,0,0,L03_00145,LEGITIMATE_HIGH_VALUE_HISTORY,High-value transaction consistent with normal historical account behavior,NONE,1,3,5,NORMAL,0.0414
L03_000724,432,TRANSFER,863754.21,C589946418,7747284.22,6883530.01,C323689232,0.0,863754.21,0,0,L03_00145,LEGITIMATE_HIGH_VALUE_HISTORY,High-value transaction consistent with normal historical account behavior,NONE,1,4,5,NORMAL,0.1115
L03_000725,465,TRANSFER,2065059.0,C589946418,6883530.01,4818471.01,C323689232,0.0,2065059.0,0,0,L03_00145,LEGITIMATE_HIGH_VALUE_HISTORY,High-value transaction consistent with normal historical account behavior,NONE,1,5,5,NORMAL,0.3
L03_000726,381,TRANSFER,780518.13,C612994587,13695002.92,12914484.79,C1784119143,0.0,780518.13,0,0,L03_00146,LEGITIMATE_HIGH_VALUE_HISTORY,High-value transaction consistent with normal historical account behavior,NONE,1,1,5,NORMAL,0.057
L03_000727,396,TRANSFER,324087.45,C612994587,12914484.79,12590397.34,C1784119143,0.0,324087.45,0,0,L03_00146,LEGITIMATE_HIGH_VALUE_HISTORY,High-value transaction consistent with normal historical account behavior,NONE,1,2,5,NORMAL,0.0251
L03_000728,443,TRANSFER,632319.47,C612994587,12590397.34,11958077.87,C1784119143,0.0,632319.47,0,0,L03_00146,LEGITIMATE_HIGH_VALUE_HISTORY,High-value transaction consistent with normal historical account behavior,NONE,1,3,5,NORMAL,0.0502
L03_000729,488,TRANSFER,621938.49,C612994587,11958077.87,11336139.38,C1784119143,0.0,621938.49,0,0,L03_00146,LEGITIMATE_HIGH_VALUE_HISTORY,High-value transaction consistent with normal historical account behavior,NONE,1,4,5,NORMAL,0.052
L03_000730,536,TRANSFER,3400841.82,C612994587,11336139.38,7935297.57,C1784119143,0.0,3400841.82,0,0,L03_00146,LEGITIMATE_HIGH_VALUE_HISTORY,High-value transaction consistent with normal historical account behavior,NONE,1,5,5,NORMAL,0.3
L03_000731,205,TRANSFER,364857.17,C442181625,6902350.67,6537493.5,C1583920143,0.0,364857.17,0,0,L03_00147,LEGITIMATE_HIGH_VALUE_HISTORY,High-value transaction consistent with normal historical account behavior,NONE,1,1,5,NORMAL,0.0529
L03_000732,255,TRANSFER,436664.39,C442181625,6537493.5,6100829.11,C1583920143,0.0,436664.39,0,0,L03_00147,LEGITIMATE_HIGH_VALUE_HISTORY,High-value transaction consistent with normal historical account behavior,NONE,1,2,5,NORMAL,0.0668
L03_000733,301,TRANSFER,309611.83,C442181625,6100829.11,5791217.28,C1583920143,0.0,309611.83,0,0,L03_00147,LEGITIMATE_HIGH_VALUE_HISTORY,High-value transaction consistent with normal historical account behavior,NONE,1,3,5,NORMAL,0.0507
L03_000734,328,TRANSFER,732650.39,C442181625,5791217.28,5058566.89,C1583920143,0.0,732650.39,0,0,L03_00147,LEGITIMATE_HIGH_VALUE_HISTORY,High-value transaction consistent with normal historical account behavior,NONE,1,4,5,NORMAL,0.1265
L03_000735,357,TRANSFER,1517570.07,C442181625,5058566.89,3540996.82,C1583920143,0.0,1517570.07,0,0,L03_00147,LEGITIMATE_HIGH_VALUE_HISTORY,High-value transaction consistent with normal historical account behavior,NONE,1,5,5,NORMAL,0.3
L03_000736,205,TRANSFER,616035.18,C1018527975,8504940.95,7888905.77,C2007290157,0.0,616035.18,0,0,L03_00148,LEGITIMATE_HIGH_VALUE_HISTORY,High-value transaction consistent with normal historical account behavior,NONE,1,1,5,NORMAL,0.0724
L03_000737,232,TRANSFER,786715.38,C1018527975,7888905.77,7102190.39,C2007290157,0.0,786715.38,0,0,L03_00148,LEGITIMATE_HIGH_VALUE_HISTORY,High-value transaction consistent with normal historical account behavior,NONE,1,2,5,NORMAL,0.0997
L03_000738,274,TRANSFER,598511.03,C1018527975,7102190.39,6503679.36,C2007290157,0.0,598511.03,0,0,L03_00148,LEGITIMATE_HIGH_VALUE_HISTORY,High-value transaction consistent with normal historical account behavior,NONE,1,3,5,NORMAL,0.0843
L03_000739,297,TRANSFER,845319.14,C1018527975,6503679.36,5658360.22,C2007290157,0.0,845319.14,0,0,L03_00148,LEGITIMATE_HIGH_VALUE_HISTORY,High-value transaction consistent with normal historical account behavior,NONE,1,4,5,NORMAL,0.13
L03_000740,338,TRANSFER,1697508.06,C1018527975,5658360.22,3960852.15,C2007290157,0.0,1697508.06,0,0,L03_00148,LEGITIMATE_HIGH_VALUE_HISTORY,High-value transaction consistent with normal historical account behavior,NONE,1,5,5,NORMAL,0.3
L03_000741,428,TRANSFER,491019.19,C742571168,8368158.42,7877139.23,C759525800,0.0,491019.19,0,0,L03_00149,LEGITIMATE_HIGH_VALUE_HISTORY,High-value transaction consistent with normal historical account behavior,NONE,1,1,5,NORMAL,0.0587
L03_000742,461,TRANSFER,407519.39,C742571168,7877139.23,7469619.84,C759525800,0.0,407519.39,0,0,L03_00149,LEGITIMATE_HIGH_VALUE_HISTORY,High-value transaction consistent with normal historical account behavior,NONE,1,2,5,NORMAL,0.0517
L03_000743,490,TRANSFER,702700.47,C742571168,7469619.84,6766919.37,C759525800,0.0,702700.47,0,0,L03_00149,LEGITIMATE_HIGH_VALUE_HISTORY,High-value transaction consistent with normal historical account behavior,NONE,1,3,5,NORMAL,0.0941
L03_000744,511,TRANSFER,574151.5,C742571168,6766919.37,6192767.87,C759525800,0.0,574151.5,0,0,L03_00149,LEGITIMATE_HIGH_VALUE_HISTORY,High-value transaction consistent with normal historical account behavior,NONE,1,4,5,NORMAL,0.0848
L03_000745,564,TRANSFER,1857830.36,C742571168,6192767.87,4334937.51,C759525800,0.0,1857830.36,0,0,L03_00149,LEGITIMATE_HIGH_VALUE_HISTORY,High-value transaction consistent with normal historical account behavior,NONE,1,5,5,NORMAL,0.3
L03_000746,549,TRANSFER,449797.39,C1222884740,12441396.04,11991598.65,C2027451287,0.0,449797.39,0,0,L03_00150,LEGITIMATE_HIGH_VALUE_HISTORY,High-value transaction consistent with normal historical account behavior,NONE,1,1,5,NORMAL,0.0362
L03_000747,581,TRANSFER,380240.33,C1222884740,11991598.65,11611358.32,C2027451287,0.0,380240.33,0,0,L03_00150,LEGITIMATE_HIGH_VALUE_HISTORY,High-value transaction consistent with normal historical account behavior,NONE,1,2,5,NORMAL,0.0317
L03_000748,638,TRANSFER,672294.14,C1222884740,11611358.32,10939064.18,C2027451287,0.0,672294.14,0,0,L03_00150,LEGITIMATE_HIGH_VALUE_HISTORY,High-value transaction consistent with normal historical account behavior,NONE,1,3,5,NORMAL,0.0579
L03_000749,664,TRANSFER,847574.93,C1222884740,10939064.18,10091489.25,C2027451287,0.0,847574.93,0,0,L03_00150,LEGITIMATE_HIGH_VALUE_HISTORY,High-value transaction consistent with normal historical account behavior,NONE,1,4,5,NORMAL,0.0775
L03_000750,693,TRANSFER,3027446.78,C1222884740,10091489.25,7064042.48,C2027451287,0.0,3027446.78,0,0,L03_00150,LEGITIMATE_HIGH_VALUE_HISTORY,High-value transaction consistent with normal historical account behavior,NONE,1,5,5,NORMAL,0.3
L03_000751,323,TRANSFER,605762.59,C1666560485,18048543.08,17442780.49,C1320946922,0.0,605762.59,0,0,L03_00151,LEGITIMATE_HIGH_VALUE_HISTORY,High-value transaction consistent with normal historical account behavior,NONE,1,1,5,NORMAL,0.0336
L03_000752,340,TRANSFER,536725.86,C1666560485,17442780.49,16906054.63,C1320946922,0.0,536725.86,0,0,L03_00151,LEGITIMATE_HIGH_VALUE_HISTORY,High-value transaction consistent with normal historical account behavior,NONE,1,2,5,NORMAL,0.0308
L03_000753,356,TRANSFER,503972.05,C1666560485,16906054.63,16402082.58,C1320946922,0.0,503972.05,0,0,L03_00151,LEGITIMATE_HIGH_VALUE_HISTORY,High-value transaction consistent with normal historical account behavior,NONE,1,3,5,NORMAL,0.0298
L03_000754,403,TRANSFER,385901.55,C1666560485,16402082.58,16016181.03,C1320946922,0.0,385901.55,0,0,L03_00151,LEGITIMATE_HIGH_VALUE_HISTORY,High-value transaction consistent with normal historical account behavior,NONE,1,4,5,NORMAL,0.0235
L03_000755,425,TRANSFER,4804854.31,C1666560485,16016181.03,11211326.72,C1320946922,0.0,4804854.31,0,0,L03_00151,LEGITIMATE_HIGH_VALUE_HISTORY,High-value transaction consistent with normal historical account behavior,NONE,1,5,5,NORMAL,0.3
L03_000756,408,TRANSFER,725643.65,C677768871,7542959.41,6817315.76,C43184203,0.0,725643.65,0,0,L03_00152,LEGITIMATE_HIGH_VALUE_HISTORY,High-value transaction consistent with normal historical account behavior,NONE,1,1,5,NORMAL,0.0962
L03_000757,428,TRANSFER,448301.58,C677768871,6817315.76,6369014.18,C43184203,0.0,448301.58,0,0,L03_00152,LEGITIMATE_HIGH_VALUE_HISTORY,High-value transaction consistent with normal historical account behavior,NONE,1,2,5,NORMAL,0.0658
L03_000758,461,TRANSFER,349002.92,C677768871,6369014.18,6020011.26,C43184203,0.0,349002.92,0,0,L03_00152,LEGITIMATE_HIGH_VALUE_HISTORY,High-value transaction consistent with normal historical account behavior,NONE,1,3,5,NORMAL,0.0548
L03_000759,481,TRANSFER,721554.13,C677768871,6020011.26,5298457.13,C43184203,0.0,721554.13,0,0,L03_00152,LEGITIMATE_HIGH_VALUE_HISTORY,High-value transaction consistent with normal historical account behavior,NONE,1,4,5,NORMAL,0.1199
L03_000760,505,TRANSFER,1589537.14,C677768871,5298457.13,3708919.99,C43184203,0.0,1589537.14,0,0,L03_00152,LEGITIMATE_HIGH_VALUE_HISTORY,High-value transaction consistent with normal historical account behavior,NONE,1,5,5,NORMAL,0.3
L03_000761,346,TRANSFER,816657.72,C1375933969,12662509.23,11845851.51,C549021161,0.0,816657.72,0,0,L03_00153,LEGITIMATE_HIGH_VALUE_HISTORY,High-value transaction consistent with normal historical account behavior,NONE,1,1,5,NORMAL,0.0645
L03_000762,392,TRANSFER,814819.36,C1375933969,11845851.51,11031032.15,C549021161,0.0,814819.36,0,0,L03_00153,LEGITIMATE_HIGH_VALUE_HISTORY,High-value transaction consistent with normal historical account behavior,NONE,1,2,5,NORMAL,0.0688
L03_000763,428,TRANSFER,594703.62,C1375933969,11031032.15,10436328.53,C549021161,0.0,594703.62,0,0,L03_00153,LEGITIMATE_HIGH_VALUE_HISTORY,High-value transaction consistent with normal historical account behavior,NONE,1,3,5,NORMAL,0.0539
L03_000764,480,TRANSFER,448507.94,C1375933969,10436328.53,9987820.59,C549021161,0.0,448507.94,0,0,L03_00153,LEGITIMATE_HIGH_VALUE_HISTORY,High-value transaction consistent with normal historical account behavior,NONE,1,4,5,NORMAL,0.043
L03_000765,536,TRANSFER,2996346.18,C1375933969,9987820.59,6991474.41,C549021161,0.0,2996346.18,0,0,L03_00153,LEGITIMATE_HIGH_VALUE_HISTORY,High-value transaction consistent with normal historical account behavior,NONE,1,5,5,NORMAL,0.3
L03_000766,400,TRANSFER,733678.91,C836592205,8711630.43,7977951.52,C1121545920,0.0,733678.91,0,0,L03_00154,LEGITIMATE_HIGH_VALUE_HISTORY,High-value transaction consistent with normal historical account behavior,NONE,1,1,5,NORMAL,0.0842
L03_000767,455,TRANSFER,544827.39,C836592205,7977951.52,7433124.13,C1121545920,0.0,544827.39,0,0,L03_00154,LEGITIMATE_HIGH_VALUE_HISTORY,High-value transaction consistent with normal historical account behavior,NONE,1,2,5,NORMAL,0.0683
L03_000768,489,TRANSFER,804684.44,C836592205,7433124.13,6628439.69,C1121545920,0.0,804684.44,0,0,L03_00154,LEGITIMATE_HIGH_VALUE_HISTORY,High-value transaction consistent with normal historical account behavior,NONE,1,3,5,NORMAL,0.1083
L03_000769,548,TRANSFER,349019.32,C836592205,6628439.69,6279420.37,C1121545920,0.0,349019.32,0,0,L03_00154,LEGITIMATE_HIGH_VALUE_HISTORY,High-value transaction consistent with normal historical account behavior,NONE,1,4,5,NORMAL,0.0527
L03_000770,585,TRANSFER,1883826.11,C836592205,6279420.37,4395594.26,C1121545920,0.0,1883826.11,0,0,L03_00154,LEGITIMATE_HIGH_VALUE_HISTORY,High-value transaction consistent with normal historical account behavior,NONE,1,5,5,NORMAL,0.3
L03_000771,331,TRANSFER,760096.7,C762582136,18149598.92,17389502.22,C878374257,0.0,760096.7,0,0,L03_00155,LEGITIMATE_HIGH_VALUE_HISTORY,High-value transaction consistent with normal historical account behavior,NONE,1,1,5,NORMAL,0.0419
L03_000772,384,TRANSFER,695687.43,C762582136,17389502.22,16693814.78,C878374257,0.0,695687.43,0,0,L03_00155,LEGITIMATE_HIGH_VALUE_HISTORY,High-value transaction consistent with normal historical account behavior,NONE,1,2,5,NORMAL,0.04
L03_000773,440,TRANSFER,340775.58,C762582136,16693814.78,16353039.2,C878374257,0.0,340775.58,0,0,L03_00155,LEGITIMATE_HIGH_VALUE_HISTORY,High-value transaction consistent with normal historical account behavior,NONE,1,3,5,NORMAL,0.0204
L03_000774,466,TRANSFER,303172.9,C762582136,16353039.2,16049866.3,C878374257,0.0,303172.9,0,0,L03_00155,LEGITIMATE_HIGH_VALUE_HISTORY,High-value transaction consistent with normal historical account behavior,NONE,1,4,5,NORMAL,0.0185
L03_000775,487,TRANSFER,4814959.89,C762582136,16049866.3,11234906.41,C878374257,0.0,4814959.89,0,0,L03_00155,LEGITIMATE_HIGH_VALUE_HISTORY,High-value transaction consistent with normal historical account behavior,NONE,1,5,5,NORMAL,0.3
L03_000776,344,TRANSFER,580705.22,C604229533,7549329.47,6968624.25,C447658882,0.0,580705.22,0,0,L03_00156,LEGITIMATE_HIGH_VALUE_HISTORY,High-value transaction consistent with normal historical account behavior,NONE,1,1,5,NORMAL,0.0769
L03_000777,399,TRANSFER,456306.21,C604229533,6968624.25,6512318.04,C447658882,0.0,456306.21,0,0,L03_00156,LEGITIMATE_HIGH_VALUE_HISTORY,High-value transaction consistent with normal historical account behavior,NONE,1,2,5,NORMAL,0.0655
L03_000778,433,TRANSFER,639454.02,C604229533,6512318.04,5872864.02,C447658882,0.0,639454.02,0,0,L03_00156,LEGITIMATE_HIGH_VALUE_HISTORY,High-value transaction consistent with normal historical account behavior,NONE,1,3,5,NORMAL,0.0982
L03_000779,470,TRANSFER,557897.88,C604229533,5872864.02,5314966.14,C447658882,0.0,557897.88,0,0,L03_00156,LEGITIMATE_HIGH_VALUE_HISTORY,High-value transaction consistent with normal historical account behavior,NONE,1,4,5,NORMAL,0.095
L03_000780,519,TRANSFER,1594489.84,C604229533,5314966.14,3720476.29,C447658882,0.0,1594489.84,0,0,L03_00156,LEGITIMATE_HIGH_VALUE_HISTORY,High-value transaction consistent with normal historical account behavior,NONE,1,5,5,NORMAL,0.3
L03_000781,320,TRANSFER,854762.55,C2099207366,9194137.19,8339374.64,C1181491087,0.0,854762.55,0,0,L03_00157,LEGITIMATE_HIGH_VALUE_HISTORY,High-value transaction consistent with normal historical account behavior,NONE,1,1,5,NORMAL,0.093
L03_000782,367,TRANSFER,578771.06,C2099207366,8339374.64,7760603.58,C1181491087,0.0,578771.06,0,0,L03_00157,LEGITIMATE_HIGH_VALUE_HISTORY,High-value transaction consistent with normal historical account behavior,NONE,1,2,5,NORMAL,0.0694
L03_000783,423,TRANSFER,718332.84,C2099207366,7760603.58,7042270.74,C1181491087,0.0,718332.84,0,0,L03_00157,LEGITIMATE_HIGH_VALUE_HISTORY,High-value transaction consistent with normal historical account behavior,NONE,1,3,5,NORMAL,0.0926
L03_000784,439,TRANSFER,555427.14,C2099207366,7042270.74,6486843.6,C1181491087,0.0,555427.14,0,0,L03_00157,LEGITIMATE_HIGH_VALUE_HISTORY,High-value transaction consistent with normal historical account behavior,NONE,1,4,5,NORMAL,0.0789
L03_000785,464,TRANSFER,1946053.08,C2099207366,6486843.6,4540790.52,C1181491087,0.0,1946053.08,0,0,L03_00157,LEGITIMATE_HIGH_VALUE_HISTORY,High-value transaction consistent with normal historical account behavior,NONE,1,5,5,NORMAL,0.3
L03_000786,387,TRANSFER,376132.27,C98417575,12020172.44,11644040.17,C387517585,0.0,376132.27,0,0,L03_00158,LEGITIMATE_HIGH_VALUE_HISTORY,High-value transaction consistent with normal historical account behavior,NONE,1,1,5,NORMAL,0.0313
L03_000787,445,TRANSFER,799642.24,C98417575,11644040.17,10844397.93,C387517585,0.0,799642.24,0,0,L03_00158,LEGITIMATE_HIGH_VALUE_HISTORY,High-value transaction consistent with normal historical account behavior,NONE,1,2,5,NORMAL,0.0687
L03_000788,470,TRANSFER,739911.11,C98417575,10844397.93,10104486.82,C387517585,0.0,739911.11,0,0,L03_00158,LEGITIMATE_HIGH_VALUE_HISTORY,High-value transaction consistent with normal historical account behavior,NONE,1,3,5,NORMAL,0.0682
L03_000789,523,TRANSFER,822102.42,C98417575,10104486.82,9282384.4,C387517585,0.0,822102.42,0,0,L03_00158,LEGITIMATE_HIGH_VALUE_HISTORY,High-value transaction consistent with normal historical account behavior,NONE,1,4,5,NORMAL,0.0814
L03_000790,550,TRANSFER,2784715.32,C98417575,9282384.4,6497669.08,C387517585,0.0,2784715.32,0,0,L03_00158,LEGITIMATE_HIGH_VALUE_HISTORY,High-value transaction consistent with normal historical account behavior,NONE,1,5,5,NORMAL,0.3
L03_000791,337,TRANSFER,379660.02,C173802804,19187422.52,18807762.5,C218343521,0.0,379660.02,0,0,L03_00159,LEGITIMATE_HIGH_VALUE_HISTORY,High-value transaction consistent with normal historical account behavior,NONE,1,1,5,NORMAL,0.0198
L03_000792,359,TRANSFER,817076.4,C173802804,18807762.5,17990686.1,C218343521,0.0,817076.4,0,0,L03_00159,LEGITIMATE_HIGH_VALUE_HISTORY,High-value transaction consistent with normal historical account behavior,NONE,1,2,5,NORMAL,0.0434
L03_000793,412,TRANSFER,733856.64,C173802804,17990686.1,17256829.46,C218343521,0.0,733856.64,0,0,L03_00159,LEGITIMATE_HIGH_VALUE_HISTORY,High-value transaction consistent with normal historical account behavior,NONE,1,3,5,NORMAL,0.0408
L03_000794,432,TRANSFER,861021.95,C173802804,17256829.46,16395807.51,C218343521,0.0,861021.95,0,0,L03_00159,LEGITIMATE_HIGH_VALUE_HISTORY,High-value transaction consistent with normal historical account behavior,NONE,1,4,5,NORMAL,0.0499
L03_000795,477,TRANSFER,4918742.25,C173802804,16395807.51,11477065.25,C218343521,0.0,4918742.25,0,0,L03_00159,LEGITIMATE_HIGH_VALUE_HISTORY,High-value transaction consistent with normal historical account behavior,NONE,1,5,5,NORMAL,0.3
L03_000796,415,TRANSFER,301784.86,C1224706328,8204939.91,7903155.05,C91092846,0.0,301784.86,0,0,L03_00160,LEGITIMATE_HIGH_VALUE_HISTORY,High-value transaction consistent with normal historical account behavior,NONE,1,1,5,NORMAL,0.0368
L03_000797,439,TRANSFER,658259.72,C1224706328,7903155.05,7244895.33,C91092846,0.0,658259.72,0,0,L03_00160,LEGITIMATE_HIGH_VALUE_HISTORY,High-value transaction consistent with normal historical account behavior,NONE,1,2,5,NORMAL,0.0833
L03_000798,460,TRANSFER,737848.42,C1224706328,7244895.33,6507046.91,C91092846,0.0,737848.42,0,0,L03_00160,LEGITIMATE_HIGH_VALUE_HISTORY,High-value transaction consistent with normal historical account behavior,NONE,1,3,5,NORMAL,0.1018
L03_000799,484,TRANSFER,824315.84,C1224706328,6507046.91,5682731.07,C91092846,0.0,824315.84,0,0,L03_00160,LEGITIMATE_HIGH_VALUE_HISTORY,High-value transaction consistent with normal historical account behavior,NONE,1,4,5,NORMAL,0.1267
L03_000800,536,TRANSFER,1704819.32,C1224706328,5682731.07,3977911.75,C91092846,0.0,1704819.32,0,0,L03_00160,LEGITIMATE_HIGH_VALUE_HISTORY,High-value transaction consistent with normal historical account behavior,NONE,1,5,5,NORMAL,0.3
L03_000801,233,TRANSFER,523721.94,C1167752439,6398708.41,5874986.47,C1139020163,0.0,523721.94,0,0,L03_00161,LEGITIMATE_HIGH_VALUE_HISTORY,High-value transaction consistent with normal historical account behavior,NONE,1,1,5,NORMAL,0.0818
L03_000802,286,TRANSFER,324704.63,C1167752439,5874986.47,5550281.84,C1139020163,0.0,324704.63,0,0,L03_00161,LEGITIMATE_HIGH_VALUE_HISTORY,High-value transaction consistent with normal historical account behavior,NONE,1,2,5,NORMAL,0.0553
L03_000803,317,TRANSFER,417479.87,C1167752439,5550281.84,5132801.97,C1139020163,0.0,417479.87,0,0,L03_00161,LEGITIMATE_HIGH_VALUE_HISTORY,High-value transaction consistent with normal historical account behavior,NONE,1,3,5,NORMAL,0.0752
L03_000804,359,TRANSFER,302361.46,C1167752439,5132801.97,4830440.51,C1139020163,0.0,302361.46,0,0,L03_00161,LEGITIMATE_HIGH_VALUE_HISTORY,High-value transaction consistent with normal historical account behavior,NONE,1,4,5,NORMAL,0.0589
L03_000805,418,TRANSFER,1449132.15,C1167752439,4830440.51,3381308.36,C1139020163,0.0,1449132.15,0,0,L03_00161,LEGITIMATE_HIGH_VALUE_HISTORY,High-value transaction consistent with normal historical account behavior,NONE,1,5,5,NORMAL,0.3
L03_000806,550,TRANSFER,592164.43,C1082694650,8863292.12,8271127.69,C1962992568,0.0,592164.43,0,0,L03_00162,LEGITIMATE_HIGH_VALUE_HISTORY,High-value transaction consistent with normal historical account behavior,NONE,1,1,5,NORMAL,0.0668
L03_000807,583,TRANSFER,603165.71,C1082694650,8271127.69,7667961.98,C1962992568,0.0,603165.71,0,0,L03_00162,LEGITIMATE_HIGH_VALUE_HISTORY,High-value transaction consistent with normal historical account behavior,NONE,1,2,5,NORMAL,0.0729
L03_000808,609,TRANSFER,696845.45,C1082694650,7667961.98,6971116.53,C1962992568,0.0,696845.45,0,0,L03_00162,LEGITIMATE_HIGH_VALUE_HISTORY,High-value transaction consistent with normal historical account behavior,NONE,1,3,5,NORMAL,0.0909
L03_000809,651,TRANSFER,873815.14,C1082694650,6971116.53,6097301.39,C1962992568,0.0,873815.14,0,0,L03_00162,LEGITIMATE_HIGH_VALUE_HISTORY,High-value transaction consistent with normal historical account behavior,NONE,1,4,5,NORMAL,0.1253
L03_000810,688,TRANSFER,1829190.42,C1082694650,6097301.39,4268110.97,C1962992568,0.0,1829190.42,0,0,L03_00162,LEGITIMATE_HIGH_VALUE_HISTORY,High-value transaction consistent with normal historical account behavior,NONE,1,5,5,NORMAL,0.3
L03_000811,356,TRANSFER,377767.26,C227898223,17582939.91,17205172.65,C1005294338,0.0,377767.26,0,0,L03_00163,LEGITIMATE_HIGH_VALUE_HISTORY,High-value transaction consistent with normal historical account behavior,NONE,1,1,5,NORMAL,0.0215
L03_000812,409,TRANSFER,608459.52,C227898223,17205172.65,16596713.13,C1005294338,0.0,608459.52,0,0,L03_00163,LEGITIMATE_HIGH_VALUE_HISTORY,High-value transaction consistent with normal historical account behavior,NONE,1,2,5,NORMAL,0.0354
L03_000813,427,TRANSFER,426769.5,C227898223,16596713.13,16169943.63,C1005294338,0.0,426769.5,0,0,L03_00163,LEGITIMATE_HIGH_VALUE_HISTORY,High-value transaction consistent with normal historical account behavior,NONE,1,3,5,NORMAL,0.0257
L03_000814,462,TRANSFER,308963.66,C227898223,16169943.63,15860979.97,C1005294338,0.0,308963.66,0,0,L03_00163,LEGITIMATE_HIGH_VALUE_HISTORY,High-value transaction consistent with normal historical account behavior,NONE,1,4,5,NORMAL,0.0191
L03_000815,510,TRANSFER,4758293.99,C227898223,15860979.97,11102685.98,C1005294338,0.0,4758293.99,0,0,L03_00163,LEGITIMATE_HIGH_VALUE_HISTORY,High-value transaction consistent with normal historical account behavior,NONE,1,5,5,NORMAL,0.3
L03_000816,531,TRANSFER,874146.92,C1764239250,8590664.33,7716517.41,C60560601,0.0,874146.92,0,0,L03_00164,LEGITIMATE_HIGH_VALUE_HISTORY,High-value transaction consistent with normal historical account behavior,NONE,1,1,5,NORMAL,0.1018
L03_000817,586,TRANSFER,777325.21,C1764239250,7716517.41,6939192.2,C60560601,0.0,777325.21,0,0,L03_00164,LEGITIMATE_HIGH_VALUE_HISTORY,High-value transaction consistent with normal historical account behavior,NONE,1,2,5,NORMAL,0.1007
L03_000818,633,TRANSFER,793696.39,C1764239250,6939192.2,6145495.81,C60560601,0.0,793696.39,0,0,L03_00164,LEGITIMATE_HIGH_VALUE_HISTORY,High-value transaction consistent with normal historical account behavior,NONE,1,3,5,NORMAL,0.1144
L03_000819,692,TRANSFER,571515.55,C1764239250,6145495.81,5573980.26,C60560601,0.0,571515.55,0,0,L03_00164,LEGITIMATE_HIGH_VALUE_HISTORY,High-value transaction consistent with normal historical account behavior,NONE,1,4,5,NORMAL,0.093
L03_000820,744,TRANSFER,1672194.08,C1764239250,5573980.26,3901786.18,C60560601,0.0,1672194.08,0,0,L03_00164,LEGITIMATE_HIGH_VALUE_HISTORY,High-value transaction consistent with normal historical account behavior,NONE,1,5,5,NORMAL,0.3
L03_000821,370,TRANSFER,393740.23,C1579535318,8723728.7,8329988.46,C936305553,0.0,393740.23,0,0,L03_00165,LEGITIMATE_HIGH_VALUE_HISTORY,High-value transaction consistent with normal historical account behavior,NONE,1,1,5,NORMAL,0.0451
L03_000822,397,TRANSFER,551466.18,C1579535318,8329988.46,7778522.29,C936305553,0.0,551466.18,0,0,L03_00165,LEGITIMATE_HIGH_VALUE_HISTORY,High-value transaction consistent with normal historical account behavior,NONE,1,2,5,NORMAL,0.0662
L03_000823,421,TRANSFER,628645.57,C1579535318,7778522.29,7149876.71,C936305553,0.0,628645.57,0,0,L03_00165,LEGITIMATE_HIGH_VALUE_HISTORY,High-value transaction consistent with normal historical account behavior,NONE,1,3,5,NORMAL,0.0808
L03_000824,439,TRANSFER,655894.87,C1579535318,7149876.71,6493981.84,C936305553,0.0,655894.87,0,0,L03_00165,LEGITIMATE_HIGH_VALUE_HISTORY,High-value transaction consistent with normal historical account behavior,NONE,1,4,5,NORMAL,0.0917
L03_000825,490,TRANSFER,1948194.55,C1579535318,6493981.84,4545787.29,C936305553,0.0,1948194.55,0,0,L03_00165,LEGITIMATE_HIGH_VALUE_HISTORY,High-value transaction consistent with normal historical account behavior,NONE,1,5,5,NORMAL,0.3
L03_000826,509,TRANSFER,373885.83,C708049019,10618165.85,10244280.02,C1083542572,0.0,373885.83,0,0,L03_00166,LEGITIMATE_HIGH_VALUE_HISTORY,High-value transaction consistent with normal historical account behavior,NONE,1,1,5,NORMAL,0.0352
L03_000827,535,TRANSFER,697801.2,C708049019,10244280.02,9546478.82,C1083542572,0.0,697801.2,0,0,L03_00166,LEGITIMATE_HIGH_VALUE_HISTORY,High-value transaction consistent with normal historical account behavior,NONE,1,2,5,NORMAL,0.0681
L03_000828,559,TRANSFER,762542.61,C708049019,9546478.82,8783936.21,C1083542572,0.0,762542.61,0,0,L03_00166,LEGITIMATE_HIGH_VALUE_HISTORY,High-value transaction consistent with normal historical account behavior,NONE,1,3,5,NORMAL,0.0799
L03_000829,587,TRANSFER,747596.47,C708049019,8783936.21,8036339.74,C1083542572,0.0,747596.47,0,0,L03_00166,LEGITIMATE_HIGH_VALUE_HISTORY,High-value transaction consistent with normal historical account behavior,NONE,1,4,5,NORMAL,0.0851
L03_000830,636,TRANSFER,2410901.92,C708049019,8036339.74,5625437.81,C1083542572,0.0,2410901.92,0,0,L03_00166,LEGITIMATE_HIGH_VALUE_HISTORY,High-value transaction consistent with normal historical account behavior,NONE,1,5,5,NORMAL,0.3
L03_000831,371,TRANSFER,328968.11,C1559667823,12834205.94,12505237.83,C1562077747,0.0,328968.11,0,0,L03_00167,LEGITIMATE_HIGH_VALUE_HISTORY,High-value transaction consistent with normal historical account behavior,NONE,1,1,5,NORMAL,0.0256
L03_000832,429,TRANSFER,439268.32,C1559667823,12505237.83,12065969.51,C1562077747,0.0,439268.32,0,0,L03_00167,LEGITIMATE_HIGH_VALUE_HISTORY,High-value transaction consistent with normal historical account behavior,NONE,1,2,5,NORMAL,0.0351
L03_000833,463,TRANSFER,392688.34,C1559667823,12065969.51,11673281.17,C1562077747,0.0,392688.34,0,0,L03_00167,LEGITIMATE_HIGH_VALUE_HISTORY,High-value transaction consistent with normal historical account behavior,NONE,1,3,5,NORMAL,0.0325
L03_000834,500,TRANSFER,839889.33,C1559667823,11673281.17,10833391.84,C1562077747,0.0,839889.33,0,0,L03_00167,LEGITIMATE_HIGH_VALUE_HISTORY,High-value transaction consistent with normal historical account behavior,NONE,1,4,5,NORMAL,0.0719
L03_000835,524,TRANSFER,3250017.55,C1559667823,10833391.84,7583374.28,C1562077747,0.0,3250017.55,0,0,L03_00167,LEGITIMATE_HIGH_VALUE_HISTORY,High-value transaction consistent with normal historical account behavior,NONE,1,5,5,NORMAL,0.3
L03_000836,361,TRANSFER,639169.65,C1968732844,18090773.58,17451603.93,C1318632519,0.0,639169.65,0,0,L03_00168,LEGITIMATE_HIGH_VALUE_HISTORY,High-value transaction consistent with normal historical account behavior,NONE,1,1,5,NORMAL,0.0353
L03_000837,402,TRANSFER,554960.63,C1968732844,17451603.93,16896643.3,C1318632519,0.0,554960.63,0,0,L03_00168,LEGITIMATE_HIGH_VALUE_HISTORY,High-value transaction consistent with normal historical account behavior,NONE,1,2,5,NORMAL,0.0318
L03_000838,444,TRANSFER,854394.82,C1968732844,16896643.3,16042248.48,C1318632519,0.0,854394.82,0,0,L03_00168,LEGITIMATE_HIGH_VALUE_HISTORY,High-value transaction consistent with normal historical account behavior,NONE,1,3,5,NORMAL,0.0506
L03_000839,482,TRANSFER,488848.47,C1968732844,16042248.48,15553400.01,C1318632519,0.0,488848.47,0,0,L03_00168,LEGITIMATE_HIGH_VALUE_HISTORY,High-value transaction consistent with normal historical account behavior,NONE,1,4,5,NORMAL,0.0305
L03_000840,500,TRANSFER,4666020.0,C1968732844,15553400.01,10887380.01,C1318632519,0.0,4666020.0,0,0,L03_00168,LEGITIMATE_HIGH_VALUE_HISTORY,High-value transaction consistent with normal historical account behavior,NONE,1,5,5,NORMAL,0.3
L03_000841,326,TRANSFER,514195.65,C1268850142,16866978.72,16352783.07,C1896566930,0.0,514195.65,0,0,L03_00169,LEGITIMATE_HIGH_VALUE_HISTORY,High-value transaction consistent with normal historical account behavior,NONE,1,1,5,NORMAL,0.0305
L03_000842,343,TRANSFER,292764.64,C1268850142,16352783.07,16060018.43,C1896566930,0.0,292764.64,0,0,L03_00169,LEGITIMATE_HIGH_VALUE_HISTORY,High-value transaction consistent with normal historical account behavior,NONE,1,2,5,NORMAL,0.0179
L03_000843,369,TRANSFER,304178.65,C1268850142,16060018.43,15755839.78,C1896566930,0.0,304178.65,0,0,L03_00169,LEGITIMATE_HIGH_VALUE_HISTORY,High-value transaction consistent with normal historical account behavior,NONE,1,3,5,NORMAL,0.0189
L03_000844,408,TRANSFER,374808.76,C1268850142,15755839.78,15381031.02,C1896566930,0.0,374808.76,0,0,L03_00169,LEGITIMATE_HIGH_VALUE_HISTORY,High-value transaction consistent with normal historical account behavior,NONE,1,4,5,NORMAL,0.0238
L03_000845,428,TRANSFER,4614309.31,C1268850142,15381031.02,10766721.71,C1896566930,0.0,4614309.31,0,0,L03_00169,LEGITIMATE_HIGH_VALUE_HISTORY,High-value transaction consistent with normal historical account behavior,NONE,1,5,5,NORMAL,0.3
L03_000846,369,TRANSFER,859510.14,C1010768947,8681567.42,7822057.28,C296619562,0.0,859510.14,0,0,L03_00170,LEGITIMATE_HIGH_VALUE_HISTORY,High-value transaction consistent with normal historical account behavior,NONE,1,1,5,NORMAL,0.099
L03_000847,409,TRANSFER,412052.65,C1010768947,7822057.28,7410004.63,C296619562,0.0,412052.65,0,0,L03_00170,LEGITIMATE_HIGH_VALUE_HISTORY,High-value transaction consistent with normal historical account behavior,NONE,1,2,5,NORMAL,0.0527
L03_000848,460,TRANSFER,773330.6,C1010768947,7410004.63,6636674.03,C296619562,0.0,773330.6,0,0,L03_00170,LEGITIMATE_HIGH_VALUE_HISTORY,High-value transaction consistent with normal historical account behavior,NONE,1,3,5,NORMAL,0.1044
L03_000849,486,TRANSFER,682981.68,C1010768947,6636674.03,5953692.35,C296619562,0.0,682981.68,0,0,L03_00170,LEGITIMATE_HIGH_VALUE_HISTORY,High-value transaction consistent with normal historical account behavior,NONE,1,4,5,NORMAL,0.1029
L03_000850,538,TRANSFER,1786107.7,C1010768947,5953692.35,4167584.64,C296619562,0.0,1786107.7,0,0,L03_00170,LEGITIMATE_HIGH_VALUE_HISTORY,High-value transaction consistent with normal historical account behavior,NONE,1,5,5,NORMAL,0.3
L03_000851,351,TRANSFER,714270.87,C2104801160,9288761.52,8574490.65,C1805889045,0.0,714270.87,0,0,L03_00171,LEGITIMATE_HIGH_VALUE_HISTORY,High-value transaction consistent with normal historical account behavior,NONE,1,1,5,NORMAL,0.0769
L03_000852,367,TRANSFER,439301.57,C2104801160,8574490.65,8135189.08,C1805889045,0.0,439301.57,0,0,L03_00171,LEGITIMATE_HIGH_VALUE_HISTORY,High-value transaction consistent with normal historical account behavior,NONE,1,2,5,NORMAL,0.0512
L03_000853,382,TRANSFER,355327.58,C2104801160,8135189.08,7779861.5,C1805889045,0.0,355327.58,0,0,L03_00171,LEGITIMATE_HIGH_VALUE_HISTORY,High-value transaction consistent with normal historical account behavior,NONE,1,3,5,NORMAL,0.0437
L03_000854,398,TRANSFER,578687.15,C2104801160,7779861.5,7201174.35,C1805889045,0.0,578687.15,0,0,L03_00171,LEGITIMATE_HIGH_VALUE_HISTORY,High-value transaction consistent with normal historical account behavior,NONE,1,4,5,NORMAL,0.0744
L03_000855,444,TRANSFER,2160352.3,C2104801160,7201174.35,5040822.04,C1805889045,0.0,2160352.3,0,0,L03_00171,LEGITIMATE_HIGH_VALUE_HISTORY,High-value transaction consistent with normal historical account behavior,NONE,1,5,5,NORMAL,0.3
L03_000856,315,TRANSFER,688151.82,C1018418701,18285173.02,17597021.2,C916401786,0.0,688151.82,0,0,L03_00172,LEGITIMATE_HIGH_VALUE_HISTORY,High-value transaction consistent with normal historical account behavior,NONE,1,1,5,NORMAL,0.0376
L03_000857,336,TRANSFER,559801.01,C1018418701,17597021.2,17037220.19,C916401786,0.0,559801.01,0,0,L03_00172,LEGITIMATE_HIGH_VALUE_HISTORY,High-value transaction consistent with normal historical account behavior,NONE,1,2,5,NORMAL,0.0318
L03_000858,382,TRANSFER,463278.8,C1018418701,17037220.19,16573941.39,C916401786,0.0,463278.8,0,0,L03_00172,LEGITIMATE_HIGH_VALUE_HISTORY,High-value transaction consistent with normal historical account behavior,NONE,1,3,5,NORMAL,0.0272
L03_000859,418,TRANSFER,478883.72,C1018418701,16573941.39,16095057.67,C916401786,0.0,478883.72,0,0,L03_00172,LEGITIMATE_HIGH_VALUE_HISTORY,High-value transaction consistent with normal historical account behavior,NONE,1,4,5,NORMAL,0.0289
L03_000860,455,TRANSFER,4828517.3,C1018418701,16095057.67,11266540.37,C916401786,0.0,4828517.3,0,0,L03_00172,LEGITIMATE_HIGH_VALUE_HISTORY,High-value transaction consistent with normal historical account behavior,NONE,1,5,5,NORMAL,0.3
L03_000861,425,TRANSFER,856706.59,C1283080610,10331124.73,9474418.14,C530954779,0.0,856706.59,0,0,L03_00173,LEGITIMATE_HIGH_VALUE_HISTORY,High-value transaction consistent with normal historical account behavior,NONE,1,1,5,NORMAL,0.0829
L03_000862,474,TRANSFER,827379.88,C1283080610,9474418.14,8647038.26,C530954779,0.0,827379.88,0,0,L03_00173,LEGITIMATE_HIGH_VALUE_HISTORY,High-value transaction consistent with normal historical account behavior,NONE,1,2,5,NORMAL,0.0873
L03_000863,523,TRANSFER,452423.11,C1283080610,8647038.26,8194615.15,C530954779,0.0,452423.11,0,0,L03_00173,LEGITIMATE_HIGH_VALUE_HISTORY,High-value transaction consistent with normal historical account behavior,NONE,1,3,5,NORMAL,0.0523
L03_000864,549,TRANSFER,664274.94,C1283080610,8194615.15,7530340.21,C530954779,0.0,664274.94,0,0,L03_00173,LEGITIMATE_HIGH_VALUE_HISTORY,High-value transaction consistent with normal historical account behavior,NONE,1,4,5,NORMAL,0.0811
L03_000865,565,TRANSFER,2259102.06,C1283080610,7530340.21,5271238.15,C530954779,0.0,2259102.06,0,0,L03_00173,LEGITIMATE_HIGH_VALUE_HISTORY,High-value transaction consistent with normal historical account behavior,NONE,1,5,5,NORMAL,0.3
L03_000866,241,TRANSFER,403885.96,C827200261,7589586.5,7185700.54,C354119861,0.0,403885.96,0,0,L03_00174,LEGITIMATE_HIGH_VALUE_HISTORY,High-value transaction consistent with normal historical account behavior,NONE,1,1,5,NORMAL,0.0532
L03_000867,296,TRANSFER,678785.16,C827200261,7185700.54,6506915.38,C354119861,0.0,678785.16,0,0,L03_00174,LEGITIMATE_HIGH_VALUE_HISTORY,High-value transaction consistent with normal historical account behavior,NONE,1,2,5,NORMAL,0.0945
L03_000868,343,TRANSFER,429440.22,C827200261,6506915.38,6077475.16,C354119861,0.0,429440.22,0,0,L03_00174,LEGITIMATE_HIGH_VALUE_HISTORY,High-value transaction consistent with normal historical account behavior,NONE,1,3,5,NORMAL,0.066
L03_000869,368,TRANSFER,387611.98,C827200261,6077475.16,5689863.18,C354119861,0.0,387611.98,0,0,L03_00174,LEGITIMATE_HIGH_VALUE_HISTORY,High-value transaction consistent with normal historical account behavior,NONE,1,4,5,NORMAL,0.0638
L03_000870,409,TRANSFER,1706958.95,C827200261,5689863.18,3982904.22,C354119861,0.0,1706958.95,0,0,L03_00174,LEGITIMATE_HIGH_VALUE_HISTORY,High-value transaction consistent with normal historical account behavior,NONE,1,5,5,NORMAL,0.3
L03_000871,282,TRANSFER,677575.05,C524363961,9745638.06,9068063.01,C863087425,0.0,677575.05,0,0,L03_00175,LEGITIMATE_HIGH_VALUE_HISTORY,High-value transaction consistent with normal historical account behavior,NONE,1,1,5,NORMAL,0.0695
L03_000872,320,TRANSFER,644623.81,C524363961,9068063.01,8423439.2,C863087425,0.0,644623.81,0,0,L03_00175,LEGITIMATE_HIGH_VALUE_HISTORY,High-value transaction consistent with normal historical account behavior,NONE,1,2,5,NORMAL,0.0711
L03_000873,365,TRANSFER,531793.39,C524363961,8423439.2,7891645.81,C863087425,0.0,531793.39,0,0,L03_00175,LEGITIMATE_HIGH_VALUE_HISTORY,High-value transaction consistent with normal historical account behavior,NONE,1,3,5,NORMAL,0.0631
L03_000874,400,TRANSFER,805788.55,C524363961,7891645.81,7085857.26,C863087425,0.0,805788.55,0,0,L03_00175,LEGITIMATE_HIGH_VALUE_HISTORY,High-value transaction consistent with normal historical account behavior,NONE,1,4,5,NORMAL,0.1021
L03_000875,446,TRANSFER,2125757.18,C524363961,7085857.26,4960100.08,C863087425,0.0,2125757.18,0,0,L03_00175,LEGITIMATE_HIGH_VALUE_HISTORY,High-value transaction consistent with normal historical account behavior,NONE,1,5,5,NORMAL,0.3
L03_000876,315,TRANSFER,498090.42,C472789406,8656167.78,8158077.36,C1560436920,0.0,498090.42,0,0,L03_00176,LEGITIMATE_HIGH_VALUE_HISTORY,High-value transaction consistent with normal historical account behavior,NONE,1,1,5,NORMAL,0.0575
L03_000877,350,TRANSFER,834509.63,C472789406,8158077.36,7323567.73,C1560436920,0.0,834509.63,0,0,L03_00176,LEGITIMATE_HIGH_VALUE_HISTORY,High-value transaction consistent with normal historical account behavior,NONE,1,2,5,NORMAL,0.1023
L03_000878,365,TRANSFER,348529.48,C472789406,7323567.73,6975038.25,C1560436920,0.0,348529.48,0,0,L03_00176,LEGITIMATE_HIGH_VALUE_HISTORY,High-value transaction consistent with normal historical account behavior,NONE,1,3,5,NORMAL,0.0476
L03_000879,410,TRANSFER,588875.56,C472789406,6975038.25,6386162.69,C1560436920,0.0,588875.56,0,0,L03_00176,LEGITIMATE_HIGH_VALUE_HISTORY,High-value transaction consistent with normal historical account behavior,NONE,1,4,5,NORMAL,0.0844
L03_000880,458,TRANSFER,1915848.81,C472789406,6386162.69,4470313.88,C1560436920,0.0,1915848.81,0,0,L03_00176,LEGITIMATE_HIGH_VALUE_HISTORY,High-value transaction consistent with normal historical account behavior,NONE,1,5,5,NORMAL,0.3
L03_000881,386,TRANSFER,492255.99,C1822080973,10920916.48,10428660.49,C754469009,0.0,492255.99,0,0,L03_00177,LEGITIMATE_HIGH_VALUE_HISTORY,High-value transaction consistent with normal historical account behavior,NONE,1,1,5,NORMAL,0.0451
L03_000882,412,TRANSFER,664767.96,C1822080973,10428660.49,9763892.54,C754469009,0.0,664767.96,0,0,L03_00177,LEGITIMATE_HIGH_VALUE_HISTORY,High-value transaction consistent with normal historical account behavior,NONE,1,2,5,NORMAL,0.0637
L03_000883,439,TRANSFER,598017.99,C1822080973,9763892.54,9165874.54,C754469009,0.0,598017.99,0,0,L03_00177,LEGITIMATE_HIGH_VALUE_HISTORY,High-value transaction consistent with normal historical account behavior,NONE,1,3,5,NORMAL,0.0612
L03_000884,462,TRANSFER,734535.83,C1822080973,9165874.54,8431338.71,C754469009,0.0,734535.83,0,0,L03_00177,LEGITIMATE_HIGH_VALUE_HISTORY,High-value transaction consistent with normal historical account behavior,NONE,1,4,5,NORMAL,0.0801
L03_000885,499,TRANSFER,2529401.61,C1822080973,8431338.71,5901937.1,C754469009,0.0,2529401.61,0,0,L03_00177,LEGITIMATE_HIGH_VALUE_HISTORY,High-value transaction consistent with normal historical account behavior,NONE,1,5,5,NORMAL,0.3
L03_000886,363,TRANSFER,602837.28,C1005494038,11594694.12,10991856.84,C1797010701,0.0,602837.28,0,0,L03_00178,LEGITIMATE_HIGH_VALUE_HISTORY,High-value transaction consistent with normal historical account behavior,NONE,1,1,5,NORMAL,0.052
L03_000887,423,TRANSFER,774546.33,C1005494038,10991856.84,10217310.51,C1797010701,0.0,774546.33,0,0,L03_00178,LEGITIMATE_HIGH_VALUE_HISTORY,High-value transaction consistent with normal historical account behavior,NONE,1,2,5,NORMAL,0.0705
L03_000888,456,TRANSFER,540794.26,C1005494038,10217310.51,9676516.25,C1797010701,0.0,540794.26,0,0,L03_00178,LEGITIMATE_HIGH_VALUE_HISTORY,High-value transaction consistent with normal historical account behavior,NONE,1,3,5,NORMAL,0.0529
L03_000889,487,TRANSFER,532319.85,C1005494038,9676516.25,9144196.4,C1797010701,0.0,532319.85,0,0,L03_00178,LEGITIMATE_HIGH_VALUE_HISTORY,High-value transaction consistent with normal historical account behavior,NONE,1,4,5,NORMAL,0.055
L03_000890,542,TRANSFER,2743258.92,C1005494038,9144196.4,6400937.48,C1797010701,0.0,2743258.92,0,0,L03_00178,LEGITIMATE_HIGH_VALUE_HISTORY,High-value transaction consistent with normal historical account behavior,NONE,1,5,5,NORMAL,0.3
L03_000891,377,TRANSFER,465929.02,C1225078806,13502516.46,13036587.44,C260094734,0.0,465929.02,0,0,L03_00179,LEGITIMATE_HIGH_VALUE_HISTORY,High-value transaction consistent with normal historical account behavior,NONE,1,1,5,NORMAL,0.0345
L03_000892,402,TRANSFER,678584.45,C1225078806,13036587.44,12358002.99,C260094734,0.0,678584.45,0,0,L03_00179,LEGITIMATE_HIGH_VALUE_HISTORY,High-value transaction consistent with normal historical account behavior,NONE,1,2,5,NORMAL,0.0521
L03_000893,452,TRANSFER,319509.66,C1225078806,12358002.99,12038493.33,C260094734,0.0,319509.66,0,0,L03_00179,LEGITIMATE_HIGH_VALUE_HISTORY,High-value transaction consistent with normal historical account behavior,NONE,1,3,5,NORMAL,0.0259
L03_000894,473,TRANSFER,853882.03,C1225078806,12038493.33,11184611.3,C260094734,0.0,853882.03,0,0,L03_00179,LEGITIMATE_HIGH_VALUE_HISTORY,High-value transaction consistent with normal historical account behavior,NONE,1,4,5,NORMAL,0.0709
L03_000895,508,TRANSFER,3355383.39,C1225078806,11184611.3,7829227.91,C260094734,0.0,3355383.39,0,0,L03_00179,LEGITIMATE_HIGH_VALUE_HISTORY,High-value transaction consistent with normal historical account behavior,NONE,1,5,5,NORMAL,0.3
L03_000896,265,TRANSFER,452056.65,C16074437,6948645.04,6496588.39,C1513124079,0.0,452056.65,0,0,L03_00180,LEGITIMATE_HIGH_VALUE_HISTORY,High-value transaction consistent with normal historical account behavior,NONE,1,1,5,NORMAL,0.0651
L03_000897,314,TRANSFER,439659.16,C16074437,6496588.39,6056929.23,C1513124079,0.0,439659.16,0,0,L03_00180,LEGITIMATE_HIGH_VALUE_HISTORY,High-value transaction consistent with normal historical account behavior,NONE,1,2,5,NORMAL,0.0677
L03_000898,337,TRANSFER,547764.79,C16074437,6056929.23,5509164.44,C1513124079,0.0,547764.79,0,0,L03_00180,LEGITIMATE_HIGH_VALUE_HISTORY,High-value transaction consistent with normal historical account behavior,NONE,1,3,5,NORMAL,0.0904
L03_000899,367,TRANSFER,347545.83,C16074437,5509164.44,5161618.61,C1513124079,0.0,347545.83,0,0,L03_00180,LEGITIMATE_HIGH_VALUE_HISTORY,High-value transaction consistent with normal historical account behavior,NONE,1,4,5,NORMAL,0.0631
L03_000900,390,TRANSFER,1548485.58,C16074437,5161618.61,3613133.03,C1513124079,0.0,1548485.58,0,0,L03_00180,LEGITIMATE_HIGH_VALUE_HISTORY,High-value transaction consistent with normal historical account behavior,NONE,1,5,5,NORMAL,0.3
L03_000901,392,TRANSFER,451368.61,C400179669,10917834.62,10466466.01,C976060942,0.0,451368.61,0,0,L03_00181,LEGITIMATE_HIGH_VALUE_HISTORY,High-value transaction consistent with normal historical account behavior,NONE,1,1,5,NORMAL,0.0413
L03_000902,423,TRANSFER,688827.26,C400179669,10466466.01,9777638.75,C976060942,0.0,688827.26,0,0,L03_00181,LEGITIMATE_HIGH_VALUE_HISTORY,High-value transaction consistent with normal historical account behavior,NONE,1,2,5,NORMAL,0.0658
L03_000903,455,TRANSFER,642520.99,C400179669,9777638.75,9135117.76,C976060942,0.0,642520.99,0,0,L03_00181,LEGITIMATE_HIGH_VALUE_HISTORY,High-value transaction consistent with normal historical account behavior,NONE,1,3,5,NORMAL,0.0657
L03_000904,496,TRANSFER,608280.72,C400179669,9135117.76,8526837.04,C976060942,0.0,608280.72,0,0,L03_00181,LEGITIMATE_HIGH_VALUE_HISTORY,High-value transaction consistent with normal historical account behavior,NONE,1,4,5,NORMAL,0.0666
L03_000905,531,TRANSFER,2558051.11,C400179669,8526837.04,5968785.92,C976060942,0.0,2558051.11,0,0,L03_00181,LEGITIMATE_HIGH_VALUE_HISTORY,High-value transaction consistent with normal historical account behavior,NONE,1,5,5,NORMAL,0.3
L03_000906,413,TRANSFER,324577.52,C687785136,7820431.47,7495853.95,C311105273,0.0,324577.52,0,0,L03_00182,LEGITIMATE_HIGH_VALUE_HISTORY,High-value transaction consistent with normal historical account behavior,NONE,1,1,5,NORMAL,0.0415
L03_000907,430,TRANSFER,618645.87,C687785136,7495853.95,6877208.08,C311105273,0.0,618645.87,0,0,L03_00182,LEGITIMATE_HIGH_VALUE_HISTORY,High-value transaction consistent with normal historical account behavior,NONE,1,2,5,NORMAL,0.0825
L03_000908,449,TRANSFER,593750.68,C687785136,6877208.08,6283457.4,C311105273,0.0,593750.68,0,0,L03_00182,LEGITIMATE_HIGH_VALUE_HISTORY,High-value transaction consistent with normal historical account behavior,NONE,1,3,5,NORMAL,0.0863
L03_000909,503,TRANSFER,637175.69,C687785136,6283457.4,5646281.71,C311105273,0.0,637175.69,0,0,L03_00182,LEGITIMATE_HIGH_VALUE_HISTORY,High-value transaction consistent with normal historical account behavior,NONE,1,4,5,NORMAL,0.1014
L03_000910,537,TRANSFER,1693884.51,C687785136,5646281.71,3952397.2,C311105273,0.0,1693884.51,0,0,L03_00182,LEGITIMATE_HIGH_VALUE_HISTORY,High-value transaction consistent with normal historical account behavior,NONE,1,5,5,NORMAL,0.3
L03_000911,337,TRANSFER,628549.96,C265488344,18186051.21,17557501.25,C304358840,0.0,628549.96,0,0,L03_00183,LEGITIMATE_HIGH_VALUE_HISTORY,High-value transaction consistent with normal historical account behavior,NONE,1,1,5,NORMAL,0.0346
L03_000912,383,TRANSFER,351417.49,C265488344,17557501.25,17206083.76,C304358840,0.0,351417.49,0,0,L03_00183,LEGITIMATE_HIGH_VALUE_HISTORY,High-value transaction consistent with normal historical account behavior,NONE,1,2,5,NORMAL,0.02
L03_000913,407,TRANSFER,563956.2,C265488344,17206083.76,16642127.56,C304358840,0.0,563956.2,0,0,L03_00183,LEGITIMATE_HIGH_VALUE_HISTORY,High-value transaction consistent with normal historical account behavior,NONE,1,3,5,NORMAL,0.0328
L03_000914,424,TRANSFER,580110.49,C265488344,16642127.56,16062017.07,C304358840,0.0,580110.49,0,0,L03_00183,LEGITIMATE_HIGH_VALUE_HISTORY,High-value transaction consistent with normal historical account behavior,NONE,1,4,5,NORMAL,0.0349
L03_000915,484,TRANSFER,4818605.12,C265488344,16062017.07,11243411.95,C304358840,0.0,4818605.12,0,0,L03_00183,LEGITIMATE_HIGH_VALUE_HISTORY,High-value transaction consistent with normal historical account behavior,NONE,1,5,5,NORMAL,0.3
L03_000916,344,TRANSFER,635344.25,C800422302,11706323.78,11070979.53,C757057117,0.0,635344.25,0,0,L03_00184,LEGITIMATE_HIGH_VALUE_HISTORY,High-value transaction consistent with normal historical account behavior,NONE,1,1,5,NORMAL,0.0543
L03_000917,384,TRANSFER,667070.98,C800422302,11070979.53,10403908.54,C757057117,0.0,667070.98,0,0,L03_00184,LEGITIMATE_HIGH_VALUE_HISTORY,High-value transaction consistent with normal historical account behavior,NONE,1,2,5,NORMAL,0.0603
L03_000918,436,TRANSFER,393003.96,C800422302,10403908.54,10010904.58,C757057117,0.0,393003.96,0,0,L03_00184,LEGITIMATE_HIGH_VALUE_HISTORY,High-value transaction consistent with normal historical account behavior,NONE,1,3,5,NORMAL,0.0378
L03_000919,474,TRANSFER,309365.93,C800422302,10010904.58,9701538.65,C757057117,0.0,309365.93,0,0,L03_00184,LEGITIMATE_HIGH_VALUE_HISTORY,High-value transaction consistent with normal historical account behavior,NONE,1,4,5,NORMAL,0.0309
L03_000920,504,TRANSFER,2910461.6,C800422302,9701538.65,6791077.06,C757057117,0.0,2910461.6,0,0,L03_00184,LEGITIMATE_HIGH_VALUE_HISTORY,High-value transaction consistent with normal historical account behavior,NONE,1,5,5,NORMAL,0.3
L03_000921,604,TRANSFER,750864.47,C2069697483,8254817.46,7503952.99,C1422462989,0.0,750864.47,0,0,L03_00185,LEGITIMATE_HIGH_VALUE_HISTORY,High-value transaction consistent with normal historical account behavior,NONE,1,1,5,NORMAL,0.091
L03_000922,627,TRANSFER,557777.56,C2069697483,7503952.99,6946175.43,C1422462989,0.0,557777.56,0,0,L03_00185,LEGITIMATE_HIGH_VALUE_HISTORY,High-value transaction consistent with normal historical account behavior,NONE,1,2,5,NORMAL,0.0743
L03_000923,671,TRANSFER,634311.02,C2069697483,6946175.43,6311864.41,C1422462989,0.0,634311.02,0,0,L03_00185,LEGITIMATE_HIGH_VALUE_HISTORY,High-value transaction consistent with normal historical account behavior,NONE,1,3,5,NORMAL,0.0913
L03_000924,696,TRANSFER,375957.28,C2069697483,6311864.41,5935907.13,C1422462989,0.0,375957.28,0,0,L03_00185,LEGITIMATE_HIGH_VALUE_HISTORY,High-value transaction consistent with normal historical account behavior,NONE,1,4,5,NORMAL,0.0596
L03_000925,715,TRANSFER,1780772.14,C2069697483,5935907.13,4155134.99,C1422462989,0.0,1780772.14,0,0,L03_00185,LEGITIMATE_HIGH_VALUE_HISTORY,High-value transaction consistent with normal historical account behavior,NONE,1,5,5,NORMAL,0.3
L03_000926,426,TRANSFER,337492.51,C728657690,7279292.87,6941800.36,C1009335557,0.0,337492.51,0,0,L03_00186,LEGITIMATE_HIGH_VALUE_HISTORY,High-value transaction consistent with normal historical account behavior,NONE,1,1,5,NORMAL,0.0464
L03_000927,485,TRANSFER,377742.44,C728657690,6941800.36,6564057.92,C1009335557,0.0,377742.44,0,0,L03_00186,LEGITIMATE_HIGH_VALUE_HISTORY,High-value transaction consistent with normal historical account behavior,NONE,1,2,5,NORMAL,0.0544
L03_000928,544,TRANSFER,489459.34,C728657690,6564057.92,6074598.58,C1009335557,0.0,489459.34,0,0,L03_00186,LEGITIMATE_HIGH_VALUE_HISTORY,High-value transaction consistent with normal historical account behavior,NONE,1,3,5,NORMAL,0.0746
L03_000929,564,TRANSFER,853228.6,C728657690,6074598.58,5221369.98,C1009335557,0.0,853228.6,0,0,L03_00186,LEGITIMATE_HIGH_VALUE_HISTORY,High-value transaction consistent with normal historical account behavior,NONE,1,4,5,NORMAL,0.1405
L03_000930,615,TRANSFER,1566410.99,C728657690,5221369.98,3654958.98,C1009335557,0.0,1566410.99,0,0,L03_00186,LEGITIMATE_HIGH_VALUE_HISTORY,High-value transaction consistent with normal historical account behavior,NONE,1,5,5,NORMAL,0.3
L03_000931,321,TRANSFER,639305.71,C227898223,18189200.49,17549894.78,C1005294338,0.0,639305.71,0,0,L03_00187,LEGITIMATE_HIGH_VALUE_HISTORY,High-value transaction consistent with normal historical account behavior,NONE,1,1,5,NORMAL,0.0351
L03_000932,368,TRANSFER,428924.62,C227898223,17549894.78,17120970.16,C1005294338,0.0,428924.62,0,0,L03_00187,LEGITIMATE_HIGH_VALUE_HISTORY,High-value transaction consistent with normal historical account behavior,NONE,1,2,5,NORMAL,0.0244
L03_000933,420,TRANSFER,490645.57,C227898223,17120970.16,16630324.59,C1005294338,0.0,490645.57,0,0,L03_00187,LEGITIMATE_HIGH_VALUE_HISTORY,High-value transaction consistent with normal historical account behavior,NONE,1,3,5,NORMAL,0.0287
L03_000934,476,TRANSFER,567257.76,C227898223,16630324.59,16063066.83,C1005294338,0.0,567257.76,0,0,L03_00187,LEGITIMATE_HIGH_VALUE_HISTORY,High-value transaction consistent with normal historical account behavior,NONE,1,4,5,NORMAL,0.0341
L03_000935,519,TRANSFER,4818920.05,C227898223,16063066.83,11244146.78,C1005294338,0.0,4818920.05,0,0,L03_00187,LEGITIMATE_HIGH_VALUE_HISTORY,High-value transaction consistent with normal historical account behavior,NONE,1,5,5,NORMAL,0.3
L03_000936,34,TRANSFER,774849.13,C1397146468,8729703.92,7954854.79,C182555395,0.0,774849.13,0,0,L03_00188,LEGITIMATE_HIGH_VALUE_HISTORY,High-value transaction consistent with normal historical account behavior,NONE,1,1,5,NORMAL,0.0888
L03_000937,62,TRANSFER,634497.08,C1397146468,7954854.79,7320357.71,C182555395,0.0,634497.08,0,0,L03_00188,LEGITIMATE_HIGH_VALUE_HISTORY,High-value transaction consistent with normal historical account behavior,NONE,1,2,5,NORMAL,0.0798
L03_000938,87,TRANSFER,804844.99,C1397146468,7320357.71,6515512.72,C182555395,0.0,804844.99,0,0,L03_00188,LEGITIMATE_HIGH_VALUE_HISTORY,High-value transaction consistent with normal historical account behavior,NONE,1,3,5,NORMAL,0.1099
L03_000939,132,TRANSFER,570505.83,C1397146468,6515512.72,5945006.89,C182555395,0.0,570505.83,0,0,L03_00188,LEGITIMATE_HIGH_VALUE_HISTORY,High-value transaction consistent with normal historical account behavior,NONE,1,4,5,NORMAL,0.0876
L03_000940,153,TRANSFER,1783502.07,C1397146468,5945006.89,4161504.82,C182555395,0.0,1783502.07,0,0,L03_00188,LEGITIMATE_HIGH_VALUE_HISTORY,High-value transaction consistent with normal historical account behavior,NONE,1,5,5,NORMAL,0.3
L03_000941,373,TRANSFER,634282.4,C5181564,16734879.33,16100596.93,C1771229294,0.0,634282.4,0,0,L03_00189,LEGITIMATE_HIGH_VALUE_HISTORY,High-value transaction consistent with normal historical account behavior,NONE,1,1,5,NORMAL,0.0379
L03_000942,410,TRANSFER,824483.76,C5181564,16100596.93,15276113.17,C1771229294,0.0,824483.76,0,0,L03_00189,LEGITIMATE_HIGH_VALUE_HISTORY,High-value transaction consistent with normal historical account behavior,NONE,1,2,5,NORMAL,0.0512
L03_000943,438,TRANSFER,544714.78,C5181564,15276113.17,14731398.39,C1771229294,0.0,544714.78,0,0,L03_00189,LEGITIMATE_HIGH_VALUE_HISTORY,High-value transaction consistent with normal historical account behavior,NONE,1,3,5,NORMAL,0.0357
L03_000944,473,TRANSFER,807441.12,C5181564,14731398.39,13923957.27,C1771229294,0.0,807441.12,0,0,L03_00189,LEGITIMATE_HIGH_VALUE_HISTORY,High-value transaction consistent with normal historical account behavior,NONE,1,4,5,NORMAL,0.0548
L03_000945,524,TRANSFER,4177187.18,C5181564,13923957.27,9746770.09,C1771229294,0.0,4177187.18,0,0,L03_00189,LEGITIMATE_HIGH_VALUE_HISTORY,High-value transaction consistent with normal historical account behavior,NONE,1,5,5,NORMAL,0.3
L03_000946,372,TRANSFER,669314.59,C522029218,18415395.24,17746080.65,C449342908,0.0,669314.59,0,0,L03_00190,LEGITIMATE_HIGH_VALUE_HISTORY,High-value transaction consistent with normal historical account behavior,NONE,1,1,5,NORMAL,0.0363
L03_000947,404,TRANSFER,691111.46,C522029218,17746080.65,17054969.19,C449342908,0.0,691111.46,0,0,L03_00190,LEGITIMATE_HIGH_VALUE_HISTORY,High-value transaction consistent with normal historical account behavior,NONE,1,2,5,NORMAL,0.0389
L03_000948,432,TRANSFER,467842.66,C522029218,17054969.19,16587126.53,C449342908,0.0,467842.66,0,0,L03_00190,LEGITIMATE_HIGH_VALUE_HISTORY,High-value transaction consistent with normal historical account behavior,NONE,1,3,5,NORMAL,0.0274
L03_000949,449,TRANSFER,568099.51,C522029218,16587126.53,16019027.02,C449342908,0.0,568099.51,0,0,L03_00190,LEGITIMATE_HIGH_VALUE_HISTORY,High-value transaction consistent with normal historical account behavior,NONE,1,4,5,NORMAL,0.0342
L03_000950,486,TRANSFER,4805708.11,C522029218,16019027.02,11213318.91,C449342908,0.0,4805708.11,0,0,L03_00190,LEGITIMATE_HIGH_VALUE_HISTORY,High-value transaction consistent with normal historical account behavior,NONE,1,5,5,NORMAL,0.3
L03_000951,355,TRANSFER,433454.09,C1858339813,7826552.7,7393098.61,C1154678245,0.0,433454.09,0,0,L03_00191,LEGITIMATE_HIGH_VALUE_HISTORY,High-value transaction consistent with normal historical account behavior,NONE,1,1,5,NORMAL,0.0554
L03_000952,394,TRANSFER,694364.84,C1858339813,7393098.61,6698733.77,C1154678245,0.0,694364.84,0,0,L03_00191,LEGITIMATE_HIGH_VALUE_HISTORY,High-value transaction consistent with normal historical account behavior,NONE,1,2,5,NORMAL,0.0939
L03_000953,417,TRANSFER,807525.51,C1858339813,6698733.77,5891208.26,C1154678245,0.0,807525.51,0,0,L03_00191,LEGITIMATE_HIGH_VALUE_HISTORY,High-value transaction consistent with normal historical account behavior,NONE,1,3,5,NORMAL,0.1205
L03_000954,469,TRANSFER,687131.87,C1858339813,5891208.26,5204076.39,C1154678245,0.0,687131.87,0,0,L03_00191,LEGITIMATE_HIGH_VALUE_HISTORY,High-value transaction consistent with normal historical account behavior,NONE,1,4,5,NORMAL,0.1166
L03_000955,499,TRANSFER,1561222.92,C1858339813,5204076.39,3642853.47,C1154678245,0.0,1561222.92,0,0,L03_00191,LEGITIMATE_HIGH_VALUE_HISTORY,High-value transaction consistent with normal historical account behavior,NONE,1,5,5,NORMAL,0.3
L03_000956,349,TRANSFER,372637.39,C595695907,18042907.84,17670270.45,C1553928544,0.0,372637.39,0,0,L03_00192,LEGITIMATE_HIGH_VALUE_HISTORY,High-value transaction consistent with normal historical account behavior,NONE,1,1,5,NORMAL,0.0207
L03_000957,401,TRANSFER,347510.99,C595695907,17670270.45,17322759.46,C1553928544,0.0,347510.99,0,0,L03_00192,LEGITIMATE_HIGH_VALUE_HISTORY,High-value transaction consistent with normal historical account behavior,NONE,1,2,5,NORMAL,0.0197
L03_000958,431,TRANSFER,834118.04,C595695907,17322759.46,16488641.42,C1553928544,0.0,834118.04,0,0,L03_00192,LEGITIMATE_HIGH_VALUE_HISTORY,High-value transaction consistent with normal historical account behavior,NONE,1,3,5,NORMAL,0.0482
L03_000959,485,TRANSFER,474338.81,C595695907,16488641.42,16014302.62,C1553928544,0.0,474338.81,0,0,L03_00192,LEGITIMATE_HIGH_VALUE_HISTORY,High-value transaction consistent with normal historical account behavior,NONE,1,4,5,NORMAL,0.0288
L03_000960,500,TRANSFER,4804290.78,C595695907,16014302.62,11210011.83,C1553928544,0.0,4804290.78,0,0,L03_00192,LEGITIMATE_HIGH_VALUE_HISTORY,High-value transaction consistent with normal historical account behavior,NONE,1,5,5,NORMAL,0.3
L03_000961,270,TRANSFER,716042.6,C669057557,9163722.55,8447679.96,C2023154931,0.0,716042.6,0,0,L03_00193,LEGITIMATE_HIGH_VALUE_HISTORY,High-value transaction consistent with normal historical account behavior,NONE,1,1,5,NORMAL,0.0781
L03_000962,288,TRANSFER,725375.23,C669057557,8447679.96,7722304.72,C2023154931,0.0,725375.23,0,0,L03_00193,LEGITIMATE_HIGH_VALUE_HISTORY,High-value transaction consistent with normal historical account behavior,NONE,1,2,5,NORMAL,0.0859
L03_000963,346,TRANSFER,327575.97,C669057557,7722304.72,7394728.75,C2023154931,0.0,327575.97,0,0,L03_00193,LEGITIMATE_HIGH_VALUE_HISTORY,High-value transaction consistent with normal historical account behavior,NONE,1,3,5,NORMAL,0.0424
L03_000964,401,TRANSFER,535261.04,C669057557,7394728.75,6859467.71,C2023154931,0.0,535261.04,0,0,L03_00193,LEGITIMATE_HIGH_VALUE_HISTORY,High-value transaction consistent with normal historical account behavior,NONE,1,4,5,NORMAL,0.0724
L03_000965,459,TRANSFER,2057840.31,C669057557,6859467.71,4801627.4,C2023154931,0.0,2057840.31,0,0,L03_00193,LEGITIMATE_HIGH_VALUE_HISTORY,High-value transaction consistent with normal historical account behavior,NONE,1,5,5,NORMAL,0.3
L03_000966,522,TRANSFER,319163.16,C30639129,13390598.94,13071435.78,C1139664439,0.0,319163.16,0,0,L03_00194,LEGITIMATE_HIGH_VALUE_HISTORY,High-value transaction consistent with normal historical account behavior,NONE,1,1,5,NORMAL,0.0238
L03_000967,582,TRANSFER,390842.1,C30639129,13071435.78,12680593.68,C1139664439,0.0,390842.1,0,0,L03_00194,LEGITIMATE_HIGH_VALUE_HISTORY,High-value transaction consistent with normal historical account behavior,NONE,1,2,5,NORMAL,0.0299
L03_000968,637,TRANSFER,444849.1,C30639129,12680593.68,12235744.58,C1139664439,0.0,444849.1,0,0,L03_00194,LEGITIMATE_HIGH_VALUE_HISTORY,High-value transaction consistent with normal historical account behavior,NONE,1,3,5,NORMAL,0.0351
L03_000969,693,TRANSFER,563166.08,C30639129,12235744.58,11672578.5,C1139664439,0.0,563166.08,0,0,L03_00194,LEGITIMATE_HIGH_VALUE_HISTORY,High-value transaction consistent with normal historical account behavior,NONE,1,4,5,NORMAL,0.046
L03_000970,744,TRANSFER,3501773.55,C30639129,11672578.5,8170804.95,C1139664439,0.0,3501773.55,0,0,L03_00194,LEGITIMATE_HIGH_VALUE_HISTORY,High-value transaction consistent with normal historical account behavior,NONE,1,5,5,NORMAL,0.3
L03_000971,577,TRANSFER,565241.43,C1407382651,9862185.21,9296943.78,C2024628363,0.0,565241.43,0,0,L03_00195,LEGITIMATE_HIGH_VALUE_HISTORY,High-value transaction consistent with normal historical account behavior,NONE,1,1,5,NORMAL,0.0573
L03_000972,607,TRANSFER,612301.56,C1407382651,9296943.78,8684642.22,C2024628363,0.0,612301.56,0,0,L03_00195,LEGITIMATE_HIGH_VALUE_HISTORY,High-value transaction consistent with normal historical account behavior,NONE,1,2,5,NORMAL,0.0659
L03_000973,640,TRANSFER,604807.95,C1407382651,8684642.22,8079834.27,C2024628363,0.0,604807.95,0,0,L03_00195,LEGITIMATE_HIGH_VALUE_HISTORY,High-value transaction consistent with normal historical account behavior,NONE,1,3,5,NORMAL,0.0696
L03_000974,693,TRANSFER,680701.25,C1407382651,8079834.27,7399133.02,C2024628363,0.0,680701.25,0,0,L03_00195,LEGITIMATE_HIGH_VALUE_HISTORY,High-value transaction consistent with normal historical account behavior,NONE,1,4,5,NORMAL,0.0842
L03_000975,736,TRANSFER,2219739.91,C1407382651,7399133.02,5179393.11,C2024628363,0.0,2219739.91,0,0,L03_00195,LEGITIMATE_HIGH_VALUE_HISTORY,High-value transaction consistent with normal historical account behavior,NONE,1,5,5,NORMAL,0.3
L03_000976,234,TRANSFER,588330.26,C587357334,9273839.16,8685508.9,C733827588,0.0,588330.26,0,0,L03_00196,LEGITIMATE_HIGH_VALUE_HISTORY,High-value transaction consistent with normal historical account behavior,NONE,1,1,5,NORMAL,0.0634
L03_000977,272,TRANSFER,468913.4,C587357334,8685508.9,8216595.5,C733827588,0.0,468913.4,0,0,L03_00196,LEGITIMATE_HIGH_VALUE_HISTORY,High-value transaction consistent with normal historical account behavior,NONE,1,2,5,NORMAL,0.054
L03_000978,326,TRANSFER,748805.08,C587357334,8216595.5,7467790.42,C733827588,0.0,748805.08,0,0,L03_00196,LEGITIMATE_HIGH_VALUE_HISTORY,High-value transaction consistent with normal historical account behavior,NONE,1,3,5,NORMAL,0.0911
L03_000979,360,TRANSFER,566131.8,C587357334,7467790.42,6901658.62,C733827588,0.0,566131.8,0,0,L03_00196,LEGITIMATE_HIGH_VALUE_HISTORY,High-value transaction consistent with normal historical account behavior,NONE,1,4,5,NORMAL,0.0758
L03_000980,388,TRANSFER,2070497.59,C587357334,6901658.62,4831161.03,C733827588,0.0,2070497.59,0,0,L03_00196,LEGITIMATE_HIGH_VALUE_HISTORY,High-value transaction consistent with normal historical account behavior,NONE,1,5,5,NORMAL,0.3
L03_000981,340,TRANSFER,295733.83,C886235965,18149377.08,17853643.25,C1116628297,0.0,295733.83,0,0,L03_00197,LEGITIMATE_HIGH_VALUE_HISTORY,High-value transaction consistent with normal historical account behavior,NONE,1,1,5,NORMAL,0.0163
L03_000982,356,TRANSFER,659763.81,C886235965,17853643.25,17193879.44,C1116628297,0.0,659763.81,0,0,L03_00197,LEGITIMATE_HIGH_VALUE_HISTORY,High-value transaction consistent with normal historical account behavior,NONE,1,2,5,NORMAL,0.037
L03_000983,378,TRANSFER,815568.4,C886235965,17193879.44,16378311.04,C1116628297,0.0,815568.4,0,0,L03_00197,LEGITIMATE_HIGH_VALUE_HISTORY,High-value transaction consistent with normal historical account behavior,NONE,1,3,5,NORMAL,0.0474
L03_000984,418,TRANSFER,328518.68,C886235965,16378311.04,16049792.36,C1116628297,0.0,328518.68,0,0,L03_00197,LEGITIMATE_HIGH_VALUE_HISTORY,High-value transaction consistent with normal historical account behavior,NONE,1,4,5,NORMAL,0.0201
L03_000985,437,TRANSFER,4814937.71,C886235965,16049792.36,11234854.65,C1116628297,0.0,4814937.71,0,0,L03_00197,LEGITIMATE_HIGH_VALUE_HISTORY,High-value transaction consistent with normal historical account behavior,NONE,1,5,5,NORMAL,0.3
L03_000986,354,TRANSFER,796041.13,C1177102082,16997406.12,16201364.99,C1573935021,0.0,796041.13,0,0,L03_00198,LEGITIMATE_HIGH_VALUE_HISTORY,High-value transaction consistent with normal historical account behavior,NONE,1,1,5,NORMAL,0.0468
L03_000987,379,TRANSFER,446351.04,C1177102082,16201364.99,15755013.95,C1573935021,0.0,446351.04,0,0,L03_00198,LEGITIMATE_HIGH_VALUE_HISTORY,High-value transaction consistent with normal historical account behavior,NONE,1,2,5,NORMAL,0.0276
L03_000988,424,TRANSFER,557181.79,C1177102082,15755013.95,15197832.16,C1573935021,0.0,557181.79,0,0,L03_00198,LEGITIMATE_HIGH_VALUE_HISTORY,High-value transaction consistent with normal historical account behavior,NONE,1,3,5,NORMAL,0.0354
L03_000989,457,TRANSFER,368914.05,C1177102082,15197832.16,14828918.11,C1573935021,0.0,368914.05,0,0,L03_00198,LEGITIMATE_HIGH_VALUE_HISTORY,High-value transaction consistent with normal historical account behavior,NONE,1,4,5,NORMAL,0.0243
L03_000990,492,TRANSFER,4448675.43,C1177102082,14828918.11,10380242.68,C1573935021,0.0,4448675.43,0,0,L03_00198,LEGITIMATE_HIGH_VALUE_HISTORY,High-value transaction consistent with normal historical account behavior,NONE,1,5,5,NORMAL,0.3
L03_000991,342,TRANSFER,515642.13,C1537858633,7645365.88,7129723.75,C1291634254,0.0,515642.13,0,0,L03_00199,LEGITIMATE_HIGH_VALUE_HISTORY,High-value transaction consistent with normal historical account behavior,NONE,1,1,5,NORMAL,0.0674
L03_000992,360,TRANSFER,638261.55,C1537858633,7129723.75,6491462.21,C1291634254,0.0,638261.55,0,0,L03_00199,LEGITIMATE_HIGH_VALUE_HISTORY,High-value transaction consistent with normal historical account behavior,NONE,1,2,5,NORMAL,0.0895
L03_000993,419,TRANSFER,484310.75,C1537858633,6491462.21,6007151.46,C1291634254,0.0,484310.75,0,0,L03_00199,LEGITIMATE_HIGH_VALUE_HISTORY,High-value transaction consistent with normal historical account behavior,NONE,1,3,5,NORMAL,0.0746
L03_000994,451,TRANSFER,363638.49,C1537858633,6007151.46,5643512.96,C1291634254,0.0,363638.49,0,0,L03_00199,LEGITIMATE_HIGH_VALUE_HISTORY,High-value transaction consistent with normal historical account behavior,NONE,1,4,5,NORMAL,0.0605
L03_000995,505,TRANSFER,1693053.89,C1537858633,5643512.96,3950459.08,C1291634254,0.0,1693053.89,0,0,L03_00199,LEGITIMATE_HIGH_VALUE_HISTORY,High-value transaction consistent with normal historical account behavior,NONE,1,5,5,NORMAL,0.3
L03_000996,417,TRANSFER,534862.89,C1664103138,7233706.22,6698843.33,C290964293,0.0,534862.89,0,0,L03_00200,LEGITIMATE_HIGH_VALUE_HISTORY,High-value transaction consistent with normal historical account behavior,NONE,1,1,5,NORMAL,0.0739
L03_000997,453,TRANSFER,416683.44,C1664103138,6698843.33,6282159.89,C290964293,0.0,416683.44,0,0,L03_00200,LEGITIMATE_HIGH_VALUE_HISTORY,High-value transaction consistent with normal historical account behavior,NONE,1,2,5,NORMAL,0.0622
L03_000998,499,TRANSFER,842852.8,C1664103138,6282159.89,5439307.09,C290964293,0.0,842852.8,0,0,L03_00200,LEGITIMATE_HIGH_VALUE_HISTORY,High-value transaction consistent with normal historical account behavior,NONE,1,3,5,NORMAL,0.1342
L03_000999,540,TRANSFER,314378.57,C1664103138,5439307.09,5124928.52,C290964293,0.0,314378.57,0,0,L03_00200,LEGITIMATE_HIGH_VALUE_HISTORY,High-value transaction consistent with normal historical account behavior,NONE,1,4,5,NORMAL,0.0578
L03_001000,574,TRANSFER,1537478.55,C1664103138,5124928.52,3587449.96,C290964293,0.0,1537478.55,0,0,L03_00200,LEGITIMATE_HIGH_VALUE_HISTORY,High-value transaction consistent with normal historical account behavior,NONE,1,5,5,NORMAL,0.3
L03_001001,383,TRANSFER,591230.89,C2015885023,10532943.87,9941712.98,C1260946073,0.0,591230.89,0,0,L03_00201,LEGITIMATE_HIGH_VALUE_HISTORY,High-value transaction consistent with normal historical account behavior,NONE,1,1,5,NORMAL,0.0561
L03_001002,420,TRANSFER,673772.43,C2015885023,9941712.98,9267940.55,C1260946073,0.0,673772.43,0,0,L03_00201,LEGITIMATE_HIGH_VALUE_HISTORY,High-value transaction consistent with normal historical account behavior,NONE,1,2,5,NORMAL,0.0678
L03_001003,480,TRANSFER,606182.57,C2015885023,9267940.55,8661757.98,C1260946073,0.0,606182.57,0,0,L03_00201,LEGITIMATE_HIGH_VALUE_HISTORY,High-value transaction consistent with normal historical account behavior,NONE,1,3,5,NORMAL,0.0654
L03_001004,499,TRANSFER,527506.88,C2015885023,8661757.98,8134251.1,C1260946073,0.0,527506.88,0,0,L03_00201,LEGITIMATE_HIGH_VALUE_HISTORY,High-value transaction consistent with normal historical account behavior,NONE,1,4,5,NORMAL,0.0609
L03_001005,556,TRANSFER,2440275.33,C2015885023,8134251.1,5693975.77,C1260946073,0.0,2440275.33,0,0,L03_00201,LEGITIMATE_HIGH_VALUE_HISTORY,High-value transaction consistent with normal historical account behavior,NONE,1,5,5,NORMAL,0.3
L03_001006,337,TRANSFER,335297.83,C1841736313,17090282.76,16754984.93,C1702260170,0.0,335297.83,0,0,L03_00202,LEGITIMATE_HIGH_VALUE_HISTORY,High-value transaction consistent with normal historical account behavior,NONE,1,1,5,NORMAL,0.0196
L03_001007,355,TRANSFER,390877.87,C1841736313,16754984.93,16364107.06,C1702260170,0.0,390877.87,0,0,L03_00202,LEGITIMATE_HIGH_VALUE_HISTORY,High-value transaction consistent with normal historical account behavior,NONE,1,2,5,NORMAL,0.0233
L03_001008,370,TRANSFER,735907.23,C1841736313,16364107.06,15628199.83,C1702260170,0.0,735907.23,0,0,L03_00202,LEGITIMATE_HIGH_VALUE_HISTORY,High-value transaction consistent with normal historical account behavior,NONE,1,3,5,NORMAL,0.045
L03_001009,406,TRANSFER,306619.94,C1841736313,15628199.83,15321579.89,C1702260170,0.0,306619.94,0,0,L03_00202,LEGITIMATE_HIGH_VALUE_HISTORY,High-value transaction consistent with normal historical account behavior,NONE,1,4,5,NORMAL,0.0196
L03_001010,431,TRANSFER,4596473.97,C1841736313,15321579.89,10725105.92,C1702260170,0.0,4596473.97,0,0,L03_00202,LEGITIMATE_HIGH_VALUE_HISTORY,High-value transaction consistent with normal historical account behavior,NONE,1,5,5,NORMAL,0.3
L03_001011,380,TRANSFER,343269.38,C935243944,18471484.67,18128215.29,C1539519175,0.0,343269.38,0,0,L03_00203,LEGITIMATE_HIGH_VALUE_HISTORY,High-value transaction consistent with normal historical account behavior,NONE,1,1,5,NORMAL,0.0186
L03_001012,398,TRANSFER,707048.63,C935243944,18128215.29,17421166.66,C1539519175,0.0,707048.63,0,0,L03_00203,LEGITIMATE_HIGH_VALUE_HISTORY,High-value transaction consistent with normal historical account behavior,NONE,1,2,5,NORMAL,0.039
L03_001013,442,TRANSFER,865191.24,C935243944,17421166.66,16555975.42,C1539519175,0.0,865191.24,0,0,L03_00203,LEGITIMATE_HIGH_VALUE_HISTORY,High-value transaction consistent with normal historical account behavior,NONE,1,3,5,NORMAL,0.0497
L03_001014,492,TRANSFER,852187.06,C935243944,16555975.42,15703788.36,C1539519175,0.0,852187.06,0,0,L03_00203,LEGITIMATE_HIGH_VALUE_HISTORY,High-value transaction consistent with normal historical account behavior,NONE,1,4,5,NORMAL,0.0515
L03_001015,516,TRANSFER,4711136.51,C935243944,15703788.36,10992651.85,C1539519175,0.0,4711136.51,0,0,L03_00203,LEGITIMATE_HIGH_VALUE_HISTORY,High-value transaction consistent with normal historical account behavior,NONE,1,5,5,NORMAL,0.3
L03_001016,598,TRANSFER,870166.93,C44222750,9394733.79,8524566.86,C917764051,0.0,870166.93,0,0,L03_00204,LEGITIMATE_HIGH_VALUE_HISTORY,High-value transaction consistent with normal historical account behavior,NONE,1,1,5,NORMAL,0.0926
L03_001017,618,TRANSFER,753491.47,C44222750,8524566.86,7771075.39,C917764051,0.0,753491.47,0,0,L03_00204,LEGITIMATE_HIGH_VALUE_HISTORY,High-value transaction consistent with normal historical account behavior,NONE,1,2,5,NORMAL,0.0884
L03_001018,640,TRANSFER,653474.01,C44222750,7771075.39,7117601.38,C917764051,0.0,653474.01,0,0,L03_00204,LEGITIMATE_HIGH_VALUE_HISTORY,High-value transaction consistent with normal historical account behavior,NONE,1,3,5,NORMAL,0.0841
L03_001019,699,TRANSFER,824981.76,C44222750,7117601.38,6292619.62,C917764051,0.0,824981.76,0,0,L03_00204,LEGITIMATE_HIGH_VALUE_HISTORY,High-value transaction consistent with normal historical account behavior,NONE,1,4,5,NORMAL,0.1159
L03_001020,744,TRANSFER,1887785.89,C44222750,6292619.62,4404833.73,C917764051,0.0,1887785.89,0,0,L03_00204,LEGITIMATE_HIGH_VALUE_HISTORY,High-value transaction consistent with normal historical account behavior,NONE,1,5,5,NORMAL,0.3
L03_001021,381,TRANSFER,557433.9,C1367098078,9377579.38,8820145.48,C260269594,0.0,557433.9,0,0,L03_00205,LEGITIMATE_HIGH_VALUE_HISTORY,High-value transaction consistent with normal historical account behavior,NONE,1,1,5,NORMAL,0.0594
L03_001022,435,TRANSFER,483765.86,C1367098078,8820145.48,8336379.62,C260269594,0.0,483765.86,0,0,L03_00205,LEGITIMATE_HIGH_VALUE_HISTORY,High-value transaction consistent with normal historical account behavior,NONE,1,2,5,NORMAL,0.0548
L03_001023,459,TRANSFER,313184.43,C1367098078,8336379.62,8023195.19,C260269594,0.0,313184.43,0,0,L03_00205,LEGITIMATE_HIGH_VALUE_HISTORY,High-value transaction consistent with normal historical account behavior,NONE,1,3,5,NORMAL,0.0376
L03_001024,515,TRANSFER,358561.53,C1367098078,8023195.19,7664633.66,C260269594,0.0,358561.53,0,0,L03_00205,LEGITIMATE_HIGH_VALUE_HISTORY,High-value transaction consistent with normal historical account behavior,NONE,1,4,5,NORMAL,0.0447
L03_001025,560,TRANSFER,2299390.1,C1367098078,7664633.66,5365243.57,C260269594,0.0,2299390.1,0,0,L03_00205,LEGITIMATE_HIGH_VALUE_HISTORY,High-value transaction consistent with normal historical account behavior,NONE,1,5,5,NORMAL,0.3
L03_001026,322,TRANSFER,511190.35,C1348323929,8413240.89,7902050.54,C1915105557,0.0,511190.35,0,0,L03_00206,LEGITIMATE_HIGH_VALUE_HISTORY,High-value transaction consistent with normal historical account behavior,NONE,1,1,5,NORMAL,0.0608
L03_001027,358,TRANSFER,636720.46,C1348323929,7902050.54,7265330.08,C1915105557,0.0,636720.46,0,0,L03_00206,LEGITIMATE_HIGH_VALUE_HISTORY,High-value transaction consistent with normal historical account behavior,NONE,1,2,5,NORMAL,0.0806
L03_001028,380,TRANSFER,795701.39,C1348323929,7265330.08,6469628.69,C1915105557,0.0,795701.39,0,0,L03_00206,LEGITIMATE_HIGH_VALUE_HISTORY,High-value transaction consistent with normal historical account behavior,NONE,1,3,5,NORMAL,0.1095
L03_001029,419,TRANSFER,583350.12,C1348323929,6469628.69,5886278.57,C1915105557,0.0,583350.12,0,0,L03_00206,LEGITIMATE_HIGH_VALUE_HISTORY,High-value transaction consistent with normal historical account behavior,NONE,1,4,5,NORMAL,0.0902
L03_001030,475,TRANSFER,1765883.57,C1348323929,5886278.57,4120395.0,C1915105557,0.0,1765883.57,0,0,L03_00206,LEGITIMATE_HIGH_VALUE_HISTORY,High-value transaction consistent with normal historical account behavior,NONE,1,5,5,NORMAL,0.3
L03_001031,381,TRANSFER,800860.79,C677370460,9134042.41,8333181.62,C1157718738,0.0,800860.79,0,0,L03_00207,LEGITIMATE_HIGH_VALUE_HISTORY,High-value transaction consistent with normal historical account behavior,NONE,1,1,5,NORMAL,0.0877
L03_001032,428,TRANSFER,722353.47,C677370460,8333181.62,7610828.15,C1157718738,0.0,722353.47,0,0,L03_00207,LEGITIMATE_HIGH_VALUE_HISTORY,High-value transaction consistent with normal historical account behavior,NONE,1,2,5,NORMAL,0.0867
L03_001033,488,TRANSFER,366126.69,C677370460,7610828.15,7244701.46,C1157718738,0.0,366126.69,0,0,L03_00207,LEGITIMATE_HIGH_VALUE_HISTORY,High-value transaction consistent with normal historical account behavior,NONE,1,3,5,NORMAL,0.0481
L03_001034,540,TRANSFER,394422.86,C677370460,7244701.46,6850278.6,C1157718738,0.0,394422.86,0,0,L03_00207,LEGITIMATE_HIGH_VALUE_HISTORY,High-value transaction consistent with normal historical account behavior,NONE,1,4,5,NORMAL,0.0544
L03_001035,589,TRANSFER,2055083.58,C677370460,6850278.6,4795195.02,C1157718738,0.0,2055083.58,0,0,L03_00207,LEGITIMATE_HIGH_VALUE_HISTORY,High-value transaction consistent with normal historical account behavior,NONE,1,5,5,NORMAL,0.3
L03_001036,342,TRANSFER,519616.04,C1566168159,9065916.13,8546300.1,C1265104414,0.0,519616.04,0,0,L03_00208,LEGITIMATE_HIGH_VALUE_HISTORY,High-value transaction consistent with normal historical account behavior,NONE,1,1,5,NORMAL,0.0573
L03_001037,379,TRANSFER,810508.09,C1566168159,8546300.1,7735792.01,C1265104414,0.0,810508.09,0,0,L03_00208,LEGITIMATE_HIGH_VALUE_HISTORY,High-value transaction consistent with normal historical account behavior,NONE,1,2,5,NORMAL,0.0948
L03_001038,413,TRANSFER,453418.92,C1566168159,7735792.01,7282373.09,C1265104414,0.0,453418.92,0,0,L03_00208,LEGITIMATE_HIGH_VALUE_HISTORY,High-value transaction consistent with normal historical account behavior,NONE,1,3,5,NORMAL,0.0586
L03_001039,436,TRANSFER,454978.38,C1566168159,7282373.09,6827394.71,C1265104414,0.0,454978.38,0,0,L03_00208,LEGITIMATE_HIGH_VALUE_HISTORY,High-value transaction consistent with normal historical account behavior,NONE,1,4,5,NORMAL,0.0625
L03_001040,460,TRANSFER,2048218.41,C1566168159,6827394.71,4779176.29,C1265104414,0.0,2048218.41,0,0,L03_00208,LEGITIMATE_HIGH_VALUE_HISTORY,High-value transaction consistent with normal historical account behavior,NONE,1,5,5,NORMAL,0.3
L03_001041,327,TRANSFER,513489.53,C900386897,18237996.34,17724506.81,C277744327,0.0,513489.53,0,0,L03_00209,LEGITIMATE_HIGH_VALUE_HISTORY,High-value transaction consistent with normal historical account behavior,NONE,1,1,5,NORMAL,0.0282
L03_001042,343,TRANSFER,466181.13,C900386897,17724506.81,17258325.68,C277744327,0.0,466181.13,0,0,L03_00209,LEGITIMATE_HIGH_VALUE_HISTORY,High-value transaction consistent with normal historical account behavior,NONE,1,2,5,NORMAL,0.0263
L03_001043,365,TRANSFER,525596.55,C900386897,17258325.68,16732729.13,C277744327,0.0,525596.55,0,0,L03_00209,LEGITIMATE_HIGH_VALUE_HISTORY,High-value transaction consistent with normal historical account behavior,NONE,1,3,5,NORMAL,0.0305
L03_001044,408,TRANSFER,668249.38,C900386897,16732729.13,16064479.75,C277744327,0.0,668249.38,0,0,L03_00209,LEGITIMATE_HIGH_VALUE_HISTORY,High-value transaction consistent with normal historical account behavior,NONE,1,4,5,NORMAL,0.0399
L03_001045,423,TRANSFER,4819343.93,C900386897,16064479.75,11245135.83,C277744327,0.0,4819343.93,0,0,L03_00209,LEGITIMATE_HIGH_VALUE_HISTORY,High-value transaction consistent with normal historical account behavior,NONE,1,5,5,NORMAL,0.3
L03_001046,560,TRANSFER,647103.78,C1947042102,8683419.79,8036316.01,C564536748,0.0,647103.78,0,0,L03_00210,LEGITIMATE_HIGH_VALUE_HISTORY,High-value transaction consistent with normal historical account behavior,NONE,1,1,5,NORMAL,0.0745
L03_001047,613,TRANSFER,645721.62,C1947042102,8036316.01,7390594.39,C564536748,0.0,645721.62,0,0,L03_00210,LEGITIMATE_HIGH_VALUE_HISTORY,High-value transaction consistent with normal historical account behavior,NONE,1,2,5,NORMAL,0.0804
L03_001048,653,TRANSFER,567752.98,C1947042102,7390594.39,6822841.41,C564536748,0.0,567752.98,0,0,L03_00210,LEGITIMATE_HIGH_VALUE_HISTORY,High-value transaction consistent with normal historical account behavior,NONE,1,3,5,NORMAL,0.0768
L03_001049,689,TRANSFER,472631.08,C1947042102,6822841.41,6350210.33,C564536748,0.0,472631.08,0,0,L03_00210,LEGITIMATE_HIGH_VALUE_HISTORY,High-value transaction consistent with normal historical account behavior,NONE,1,4,5,NORMAL,0.0693
L03_001050,738,TRANSFER,1905063.1,C1947042102,6350210.33,4445147.23,C564536748,0.0,1905063.1,0,0,L03_00210,LEGITIMATE_HIGH_VALUE_HISTORY,High-value transaction consistent with normal historical account behavior,NONE,1,5,5,NORMAL,0.3
L03_001051,382,TRANSFER,432832.18,C492194944,9549915.42,9117083.24,C272795334,0.0,432832.18,0,0,L03_00211,LEGITIMATE_HIGH_VALUE_HISTORY,High-value transaction consistent with normal historical account behavior,NONE,1,1,5,NORMAL,0.0453
L03_001052,420,TRANSFER,421842.39,C492194944,9117083.24,8695240.85,C272795334,0.0,421842.39,0,0,L03_00211,LEGITIMATE_HIGH_VALUE_HISTORY,High-value transaction consistent with normal historical account behavior,NONE,1,2,5,NORMAL,0.0463
L03_001053,439,TRANSFER,545858.93,C492194944,8695240.85,8149381.92,C272795334,0.0,545858.93,0,0,L03_00211,LEGITIMATE_HIGH_VALUE_HISTORY,High-value transaction consistent with normal historical account behavior,NONE,1,3,5,NORMAL,0.0628
L03_001054,458,TRANSFER,531338.44,C492194944,8149381.92,7618043.48,C272795334,0.0,531338.44,0,0,L03_00211,LEGITIMATE_HIGH_VALUE_HISTORY,High-value transaction consistent with normal historical account behavior,NONE,1,4,5,NORMAL,0.0652
L03_001055,516,TRANSFER,2285413.04,C492194944,7618043.48,5332630.44,C272795334,0.0,2285413.04,0,0,L03_00211,LEGITIMATE_HIGH_VALUE_HISTORY,High-value transaction consistent with normal historical account behavior,NONE,1,5,5,NORMAL,0.3
L03_001056,329,TRANSFER,498184.82,C1327110730,8730399.95,8232215.12,C1306044543,0.0,498184.82,0,0,L03_00212,LEGITIMATE_HIGH_VALUE_HISTORY,High-value transaction consistent with normal historical account behavior,NONE,1,1,5,NORMAL,0.0571
L03_001057,388,TRANSFER,473098.62,C1327110730,8232215.12,7759116.5,C1306044543,0.0,473098.62,0,0,L03_00212,LEGITIMATE_HIGH_VALUE_HISTORY,High-value transaction consistent with normal historical account behavior,NONE,1,2,5,NORMAL,0.0575
L03_001058,425,TRANSFER,678526.21,C1327110730,7759116.5,7080590.29,C1306044543,0.0,678526.21,0,0,L03_00212,LEGITIMATE_HIGH_VALUE_HISTORY,High-value transaction consistent with normal historical account behavior,NONE,1,3,5,NORMAL,0.0874
L03_001059,459,TRANSFER,612871.01,C1327110730,7080590.29,6467719.29,C1306044543,0.0,612871.01,0,0,L03_00212,LEGITIMATE_HIGH_VALUE_HISTORY,High-value transaction consistent with normal historical account behavior,NONE,1,4,5,NORMAL,0.0866
L03_001060,512,TRANSFER,1940315.79,C1327110730,6467719.29,4527403.5,C1306044543,0.0,1940315.79,0,0,L03_00212,LEGITIMATE_HIGH_VALUE_HISTORY,High-value transaction consistent with normal historical account behavior,NONE,1,5,5,NORMAL,0.3
L03_001061,340,TRANSFER,838475.73,C723936604,19132340.66,18293864.92,C280995226,0.0,838475.73,0,0,L03_00213,LEGITIMATE_HIGH_VALUE_HISTORY,High-value transaction consistent with normal historical account behavior,NONE,1,1,5,NORMAL,0.0438
L03_001062,397,TRANSFER,837026.4,C723936604,18293864.92,17456838.53,C280995226,0.0,837026.4,0,0,L03_00213,LEGITIMATE_HIGH_VALUE_HISTORY,High-value transaction consistent with normal historical account behavior,NONE,1,2,5,NORMAL,0.0458
L03_001063,453,TRANSFER,524813.38,C723936604,17456838.53,16932025.15,C280995226,0.0,524813.38,0,0,L03_00213,LEGITIMATE_HIGH_VALUE_HISTORY,High-value transaction consistent with normal historical account behavior,NONE,1,3,5,NORMAL,0.0301
L03_001064,492,TRANSFER,554578.26,C723936604,16932025.15,16377446.89,C280995226,0.0,554578.26,0,0,L03_00213,LEGITIMATE_HIGH_VALUE_HISTORY,High-value transaction consistent with normal historical account behavior,NONE,1,4,5,NORMAL,0.0328
L03_001065,525,TRANSFER,4913234.07,C723936604,16377446.89,11464212.82,C280995226,0.0,4913234.07,0,0,L03_00213,LEGITIMATE_HIGH_VALUE_HISTORY,High-value transaction consistent with normal historical account behavior,NONE,1,5,5,NORMAL,0.3
L03_001066,336,TRANSFER,476006.95,C722801844,13660733.16,13184726.21,C1094712572,0.0,476006.95,0,0,L03_00214,LEGITIMATE_HIGH_VALUE_HISTORY,High-value transaction consistent with normal historical account behavior,NONE,1,1,5,NORMAL,0.0348
L03_001067,391,TRANSFER,766371.44,C722801844,13184726.21,12418354.77,C1094712572,0.0,766371.44,0,0,L03_00214,LEGITIMATE_HIGH_VALUE_HISTORY,High-value transaction consistent with normal historical account behavior,NONE,1,2,5,NORMAL,0.0581
L03_001068,451,TRANSFER,606111.64,C722801844,12418354.77,11812243.13,C1094712572,0.0,606111.64,0,0,L03_00214,LEGITIMATE_HIGH_VALUE_HISTORY,High-value transaction consistent with normal historical account behavior,NONE,1,3,5,NORMAL,0.0488
L03_001069,468,TRANSFER,404769.15,C722801844,11812243.13,11407473.98,C1094712572,0.0,404769.15,0,0,L03_00214,LEGITIMATE_HIGH_VALUE_HISTORY,High-value transaction consistent with normal historical account behavior,NONE,1,4,5,NORMAL,0.0343
L03_001070,506,TRANSFER,3422242.19,C722801844,11407473.98,7985231.79,C1094712572,0.0,3422242.19,0,0,L03_00214,LEGITIMATE_HIGH_VALUE_HISTORY,High-value transaction consistent with normal historical account behavior,NONE,1,5,5,NORMAL,0.3
L03_001071,399,TRANSFER,747539.31,C4859115,9209201.65,8461662.34,C62331849,0.0,747539.31,0,0,L03_00215,LEGITIMATE_HIGH_VALUE_HISTORY,High-value transaction consistent with normal historical account behavior,NONE,1,1,5,NORMAL,0.0812
L03_001072,433,TRANSFER,521910.04,C4859115,8461662.34,7939752.3,C62331849,0.0,521910.04,0,0,L03_00215,LEGITIMATE_HIGH_VALUE_HISTORY,High-value transaction consistent with normal historical account behavior,NONE,1,2,5,NORMAL,0.0617
L03_001073,456,TRANSFER,719028.24,C4859115,7939752.3,7220724.06,C62331849,0.0,719028.24,0,0,L03_00215,LEGITIMATE_HIGH_VALUE_HISTORY,High-value transaction consistent with normal historical account behavior,NONE,1,3,5,NORMAL,0.0906
L03_001074,495,TRANSFER,569446.09,C4859115,7220724.06,6651277.97,C62331849,0.0,569446.09,0,0,L03_00215,LEGITIMATE_HIGH_VALUE_HISTORY,High-value transaction consistent with normal historical account behavior,NONE,1,4,5,NORMAL,0.0789
L03_001075,517,TRANSFER,1995383.39,C4859115,6651277.97,4655894.58,C62331849,0.0,1995383.39,0,0,L03_00215,LEGITIMATE_HIGH_VALUE_HISTORY,High-value transaction consistent with normal historical account behavior,NONE,1,5,5,NORMAL,0.3
L03_001076,338,TRANSFER,413144.32,C1971552782,18733876.44,18320732.12,C1193179406,0.0,413144.32,0,0,L03_00216,LEGITIMATE_HIGH_VALUE_HISTORY,High-value transaction consistent with normal historical account behavior,NONE,1,1,5,NORMAL,0.0221
L03_001077,377,TRANSFER,566965.72,C1971552782,18320732.12,17753766.4,C1193179406,0.0,566965.72,0,0,L03_00216,LEGITIMATE_HIGH_VALUE_HISTORY,High-value transaction consistent with normal historical account behavior,NONE,1,2,5,NORMAL,0.0309
L03_001078,397,TRANSFER,839198.62,C1971552782,17753766.4,16914567.78,C1193179406,0.0,839198.62,0,0,L03_00216,LEGITIMATE_HIGH_VALUE_HISTORY,High-value transaction consistent with normal historical account behavior,NONE,1,3,5,NORMAL,0.0473
L03_001079,432,TRANSFER,669942.3,C1971552782,16914567.78,16244625.48,C1193179406,0.0,669942.3,0,0,L03_00216,LEGITIMATE_HIGH_VALUE_HISTORY,High-value transaction consistent with normal historical account behavior,NONE,1,4,5,NORMAL,0.0396
L03_001080,464,TRANSFER,4873387.64,C1971552782,16244625.48,11371237.84,C1193179406,0.0,4873387.64,0,0,L03_00216,LEGITIMATE_HIGH_VALUE_HISTORY,High-value transaction consistent with normal historical account behavior,NONE,1,5,5,NORMAL,0.3
L03_001081,416,TRANSFER,795786.74,C1150935914,15374238.6,14578451.86,C1837608805,0.0,795786.74,0,0,L03_00217,LEGITIMATE_HIGH_VALUE_HISTORY,High-value transaction consistent with normal historical account behavior,NONE,1,1,5,NORMAL,0.0518
L03_001082,449,TRANSFER,857977.82,C1150935914,14578451.86,13720474.04,C1837608805,0.0,857977.82,0,0,L03_00217,LEGITIMATE_HIGH_VALUE_HISTORY,High-value transaction consistent with normal historical account behavior,NONE,1,2,5,NORMAL,0.0589
L03_001083,490,TRANSFER,408906.76,C1150935914,13720474.04,13311567.28,C1837608805,0.0,408906.76,0,0,L03_00217,LEGITIMATE_HIGH_VALUE_HISTORY,High-value transaction consistent with normal historical account behavior,NONE,1,3,5,NORMAL,0.0298
L03_001084,515,TRANSFER,842674.98,C1150935914,13311567.28,12468892.3,C1837608805,0.0,842674.98,0,0,L03_00217,LEGITIMATE_HIGH_VALUE_HISTORY,High-value transaction consistent with normal historical account behavior,NONE,1,4,5,NORMAL,0.0633
L03_001085,567,TRANSFER,3740667.69,C1150935914,12468892.3,8728224.61,C1837608805,0.0,3740667.69,0,0,L03_00217,LEGITIMATE_HIGH_VALUE_HISTORY,High-value transaction consistent with normal historical account behavior,NONE,1,5,5,NORMAL,0.3
L03_001086,319,TRANSFER,633452.72,C1309597473,18715468.52,18082015.8,C567301975,0.0,633452.72,0,0,L03_00218,LEGITIMATE_HIGH_VALUE_HISTORY,High-value transaction consistent with normal historical account behavior,NONE,1,1,5,NORMAL,0.0338
L03_001087,361,TRANSFER,736122.48,C1309597473,18082015.8,17345893.32,C567301975,0.0,736122.48,0,0,L03_00218,LEGITIMATE_HIGH_VALUE_HISTORY,High-value transaction consistent with normal historical account behavior,NONE,1,2,5,NORMAL,0.0407
L03_001088,409,TRANSFER,453741.02,C1309597473,17345893.32,16892152.3,C567301975,0.0,453741.02,0,0,L03_00218,LEGITIMATE_HIGH_VALUE_HISTORY,High-value transaction consistent with normal historical account behavior,NONE,1,3,5,NORMAL,0.0262
L03_001089,424,TRANSFER,742850.49,C1309597473,16892152.3,16149301.81,C567301975,0.0,742850.49,0,0,L03_00218,LEGITIMATE_HIGH_VALUE_HISTORY,High-value transaction consistent with normal historical account behavior,NONE,1,4,5,NORMAL,0.044
L03_001090,483,TRANSFER,4844790.54,C1309597473,16149301.81,11304511.26,C567301975,0.0,4844790.54,0,0,L03_00218,LEGITIMATE_HIGH_VALUE_HISTORY,High-value transaction consistent with normal historical account behavior,NONE,1,5,5,NORMAL,0.3
L03_001091,433,TRANSFER,867664.81,C1808976095,17989014.51,17121349.7,C1843335063,0.0,867664.81,0,0,L03_00219,LEGITIMATE_HIGH_VALUE_HISTORY,High-value transaction consistent with normal historical account behavior,NONE,1,1,5,NORMAL,0.0482
L03_001092,458,TRANSFER,365398.45,C1808976095,17121349.7,16755951.25,C1843335063,0.0,365398.45,0,0,L03_00219,LEGITIMATE_HIGH_VALUE_HISTORY,High-value transaction consistent with normal historical account behavior,NONE,1,2,5,NORMAL,0.0213
L03_001093,474,TRANSFER,462621.85,C1808976095,16755951.25,16293329.4,C1843335063,0.0,462621.85,0,0,L03_00219,LEGITIMATE_HIGH_VALUE_HISTORY,High-value transaction consistent with normal historical account behavior,NONE,1,3,5,NORMAL,0.0276
L03_001094,513,TRANSFER,296991.23,C1808976095,16293329.4,15996338.17,C1843335063,0.0,296991.23,0,0,L03_00219,LEGITIMATE_HIGH_VALUE_HISTORY,High-value transaction consistent with normal historical account behavior,NONE,1,4,5,NORMAL,0.0182
L03_001095,532,TRANSFER,4798901.45,C1808976095,15996338.17,11197436.72,C1843335063,0.0,4798901.45,0,0,L03_00219,LEGITIMATE_HIGH_VALUE_HISTORY,High-value transaction consistent with normal historical account behavior,NONE,1,5,5,NORMAL,0.3
L03_001096,420,TRANSFER,823701.78,C1707077645,18421915.29,17598213.51,C206082947,0.0,823701.78,0,0,L03_00220,LEGITIMATE_HIGH_VALUE_HISTORY,High-value transaction consistent with normal historical account behavior,NONE,1,1,5,NORMAL,0.0447
L03_001097,466,TRANSFER,392546.05,C1707077645,17598213.51,17205667.46,C206082947,0.0,392546.05,0,0,L03_00220,LEGITIMATE_HIGH_VALUE_HISTORY,High-value transaction consistent with normal historical account behavior,NONE,1,2,5,NORMAL,0.0223
L03_001098,501,TRANSFER,464671.53,C1707077645,17205667.46,16740995.93,C206082947,0.0,464671.53,0,0,L03_00220,LEGITIMATE_HIGH_VALUE_HISTORY,High-value transaction consistent with normal historical account behavior,NONE,1,3,5,NORMAL,0.027
L03_001099,518,TRANSFER,600357.5,C1707077645,16740995.93,16140638.43,C206082947,0.0,600357.5,0,0,L03_00220,LEGITIMATE_HIGH_VALUE_HISTORY,High-value transaction consistent with normal historical account behavior,NONE,1,4,5,NORMAL,0.0359
L03_001100,539,TRANSFER,4842191.53,C1707077645,16140638.43,11298446.9,C206082947,0.0,4842191.53,0,0,L03_00220,LEGITIMATE_HIGH_VALUE_HISTORY,High-value transaction consistent with normal historical account behavior,NONE,1,5,5,NORMAL,0.3
L03_001101,244,TRANSFER,632417.26,C813302408,10452513.66,9820096.4,C1597304494,0.0,632417.26,0,0,L03_00221,LEGITIMATE_HIGH_VALUE_HISTORY,High-value transaction consistent with normal historical account behavior,NONE,1,1,5,NORMAL,0.0605
L03_001102,299,TRANSFER,762006.57,C813302408,9820096.4,9058089.83,C1597304494,0.0,762006.57,0,0,L03_00221,LEGITIMATE_HIGH_VALUE_HISTORY,High-value transaction consistent with normal historical account behavior,NONE,1,2,5,NORMAL,0.0776
L03_001103,319,TRANSFER,617383.02,C813302408,9058089.83,8440706.81,C1597304494,0.0,617383.02,0,0,L03_00221,LEGITIMATE_HIGH_VALUE_HISTORY,High-value transaction consistent with normal historical account behavior,NONE,1,3,5,NORMAL,0.0682
L03_001104,347,TRANSFER,856406.01,C813302408,8440706.81,7584300.8,C1597304494,0.0,856406.01,0,0,L03_00221,LEGITIMATE_HIGH_VALUE_HISTORY,High-value transaction consistent with normal historical account behavior,NONE,1,4,5,NORMAL,0.1015
L03_001105,392,TRANSFER,2275290.24,C813302408,7584300.8,5309010.56,C1597304494,0.0,2275290.24,0,0,L03_00221,LEGITIMATE_HIGH_VALUE_HISTORY,High-value transaction consistent with normal historical account behavior,NONE,1,5,5,NORMAL,0.3
L03_001106,364,TRANSFER,870294.57,C439775973,17936263.08,17065968.51,C878464261,0.0,870294.57,0,0,L03_00222,LEGITIMATE_HIGH_VALUE_HISTORY,High-value transaction consistent with normal historical account behavior,NONE,1,1,5,NORMAL,0.0485
L03_001107,379,TRANSFER,299697.84,C439775973,17065968.51,16766270.67,C878464261,0.0,299697.84,0,0,L03_00222,LEGITIMATE_HIGH_VALUE_HISTORY,High-value transaction consistent with normal historical account behavior,NONE,1,2,5,NORMAL,0.0176
L03_001108,396,TRANSFER,717463.08,C439775973,16766270.67,16048807.59,C878464261,0.0,717463.08,0,0,L03_00222,LEGITIMATE_HIGH_VALUE_HISTORY,High-value transaction consistent with normal historical account behavior,NONE,1,3,5,NORMAL,0.0428
L03_001109,442,TRANSFER,346202.61,C439775973,16048807.59,15702604.98,C878464261,0.0,346202.61,0,0,L03_00222,LEGITIMATE_HIGH_VALUE_HISTORY,High-value transaction consistent with normal historical account behavior,NONE,1,4,5,NORMAL,0.0216
L03_001110,471,TRANSFER,4710781.49,C439775973,15702604.98,10991823.49,C878464261,0.0,4710781.49,0,0,L03_00222,LEGITIMATE_HIGH_VALUE_HISTORY,High-value transaction consistent with normal historical account behavior,NONE,1,5,5,NORMAL,0.3
L03_001111,334,TRANSFER,527889.06,C1985992850,11807046.31,11279157.25,C1262565112,0.0,527889.06,0,0,L03_00223,LEGITIMATE_HIGH_VALUE_HISTORY,High-value transaction consistent with normal historical account behavior,NONE,1,1,5,NORMAL,0.0447
L03_001112,371,TRANSFER,505894.89,C1985992850,11279157.25,10773262.36,C1262565112,0.0,505894.89,0,0,L03_00223,LEGITIMATE_HIGH_VALUE_HISTORY,High-value transaction consistent with normal historical account behavior,NONE,1,2,5,NORMAL,0.0449
L03_001113,419,TRANSFER,295250.63,C1985992850,10773262.36,10478011.73,C1262565112,0.0,295250.63,0,0,L03_00223,LEGITIMATE_HIGH_VALUE_HISTORY,High-value transaction consistent with normal historical account behavior,NONE,1,3,5,NORMAL,0.0274
L03_001114,463,TRANSFER,494496.74,C1985992850,10478011.73,9983514.99,C1262565112,0.0,494496.74,0,0,L03_00223,LEGITIMATE_HIGH_VALUE_HISTORY,High-value transaction consistent with normal historical account behavior,NONE,1,4,5,NORMAL,0.0472
L03_001115,506,TRANSFER,2995054.5,C1985992850,9983514.99,6988460.5,C1262565112,0.0,2995054.5,0,0,L03_00223,LEGITIMATE_HIGH_VALUE_HISTORY,High-value transaction consistent with normal historical account behavior,NONE,1,5,5,NORMAL,0.3
L03_001116,398,TRANSFER,601421.01,C2131231325,8873036.22,8271615.21,C771845905,0.0,601421.01,0,0,L03_00224,LEGITIMATE_HIGH_VALUE_HISTORY,High-value transaction consistent with normal historical account behavior,NONE,1,1,5,NORMAL,0.0678
L03_001117,443,TRANSFER,497717.72,C2131231325,8271615.21,7773897.49,C771845905,0.0,497717.72,0,0,L03_00224,LEGITIMATE_HIGH_VALUE_HISTORY,High-value transaction consistent with normal historical account behavior,NONE,1,2,5,NORMAL,0.0602
L03_001118,496,TRANSFER,379496.36,C2131231325,7773897.49,7394401.13,C771845905,0.0,379496.36,0,0,L03_00224,LEGITIMATE_HIGH_VALUE_HISTORY,High-value transaction consistent with normal historical account behavior,NONE,1,3,5,NORMAL,0.0488
L03_001119,533,TRANSFER,667498.71,C2131231325,7394401.13,6726902.42,C771845905,0.0,667498.71,0,0,L03_00224,LEGITIMATE_HIGH_VALUE_HISTORY,High-value transaction consistent with normal historical account behavior,NONE,1,4,5,NORMAL,0.0903
L03_001120,553,TRANSFER,2018070.73,C2131231325,6726902.42,4708831.69,C771845905,0.0,2018070.73,0,0,L03_00224,LEGITIMATE_HIGH_VALUE_HISTORY,High-value transaction consistent with normal historical account behavior,NONE,1,5,5,NORMAL,0.3
L03_001121,343,TRANSFER,521975.85,C34746218,15777985.77,15256009.92,C855437008,0.0,521975.85,0,0,L03_00225,LEGITIMATE_HIGH_VALUE_HISTORY,High-value transaction consistent with normal historical account behavior,NONE,1,1,5,NORMAL,0.0331
L03_001122,382,TRANSFER,548733.95,C34746218,15256009.92,14707275.97,C855437008,0.0,548733.95,0,0,L03_00225,LEGITIMATE_HIGH_VALUE_HISTORY,High-value transaction consistent with normal historical account behavior,NONE,1,2,5,NORMAL,0.036
L03_001123,442,TRANSFER,406497.35,C34746218,14707275.97,14300778.62,C855437008,0.0,406497.35,0,0,L03_00225,LEGITIMATE_HIGH_VALUE_HISTORY,High-value transaction consistent with normal historical account behavior,NONE,1,3,5,NORMAL,0.0276
L03_001124,486,TRANSFER,507253.38,C34746218,14300778.62,13793525.24,C855437008,0.0,507253.38,0,0,L03_00225,LEGITIMATE_HIGH_VALUE_HISTORY,High-value transaction consistent with normal historical account behavior,NONE,1,4,5,NORMAL,0.0355
L03_001125,531,TRANSFER,4138057.57,C34746218,13793525.24,9655467.67,C855437008,0.0,4138057.57,0,0,L03_00225,LEGITIMATE_HIGH_VALUE_HISTORY,High-value transaction consistent with normal historical account behavior,NONE,1,5,5,NORMAL,0.3
L03_001126,582,TRANSFER,363512.15,C1168577863,8035503.01,7671990.86,C1730054640,0.0,363512.15,0,0,L03_00226,LEGITIMATE_HIGH_VALUE_HISTORY,High-value transaction consistent with normal historical account behavior,NONE,1,1,5,NORMAL,0.0452
L03_001127,605,TRANSFER,765335.51,C1168577863,7671990.86,6906655.35,C1730054640,0.0,765335.51,0,0,L03_00226,LEGITIMATE_HIGH_VALUE_HISTORY,High-value transaction consistent with normal historical account behavior,NONE,1,2,5,NORMAL,0.0998
L03_001128,653,TRANSFER,499047.56,C1168577863,6906655.35,6407607.79,C1730054640,0.0,499047.56,0,0,L03_00226,LEGITIMATE_HIGH_VALUE_HISTORY,High-value transaction consistent with normal historical account behavior,NONE,1,3,5,NORMAL,0.0723
L03_001129,706,TRANSFER,718775.6,C1168577863,6407607.79,5688832.2,C1730054640,0.0,718775.6,0,0,L03_00226,LEGITIMATE_HIGH_VALUE_HISTORY,High-value transaction consistent with normal historical account behavior,NONE,1,4,5,NORMAL,0.1122
L03_001130,744,TRANSFER,1706649.66,C1168577863,5688832.2,3982182.54,C1730054640,0.0,1706649.66,0,0,L03_00226,LEGITIMATE_HIGH_VALUE_HISTORY,High-value transaction consistent with normal historical account behavior,NONE,1,5,5,NORMAL,0.3
L03_001131,557,TRANSFER,732569.44,C418364155,8847414.0,8114844.56,C1597433313,0.0,732569.44,0,0,L03_00227,LEGITIMATE_HIGH_VALUE_HISTORY,High-value transaction consistent with normal historical account behavior,NONE,1,1,5,NORMAL,0.0828
L03_001132,605,TRANSFER,547413.28,C418364155,8114844.56,7567431.28,C1597433313,0.0,547413.28,0,0,L03_00227,LEGITIMATE_HIGH_VALUE_HISTORY,High-value transaction consistent with normal historical account behavior,NONE,1,2,5,NORMAL,0.0675
L03_001133,634,TRANSFER,356726.03,C418364155,7567431.28,7210705.25,C1597433313,0.0,356726.03,0,0,L03_00227,LEGITIMATE_HIGH_VALUE_HISTORY,High-value transaction consistent with normal historical account behavior,NONE,1,3,5,NORMAL,0.0471
L03_001134,667,TRANSFER,319181.54,C418364155,7210705.25,6891523.71,C1597433313,0.0,319181.54,0,0,L03_00227,LEGITIMATE_HIGH_VALUE_HISTORY,High-value transaction consistent with normal historical account behavior,NONE,1,4,5,NORMAL,0.0443
L03_001135,701,TRANSFER,2067457.11,C418364155,6891523.71,4824066.6,C1597433313,0.0,2067457.11,0,0,L03_00227,LEGITIMATE_HIGH_VALUE_HISTORY,High-value transaction consistent with normal historical account behavior,NONE,1,5,5,NORMAL,0.3
L03_001136,335,TRANSFER,389837.31,C417069646,18306098.5,17916261.2,C347631601,0.0,389837.31,0,0,L03_00228,LEGITIMATE_HIGH_VALUE_HISTORY,High-value transaction consistent with normal historical account behavior,NONE,1,1,5,NORMAL,0.0213
L03_001137,388,TRANSFER,782544.44,C417069646,17916261.2,17133716.76,C347631601,0.0,782544.44,0,0,L03_00228,LEGITIMATE_HIGH_VALUE_HISTORY,High-value transaction consistent with normal historical account behavior,NONE,1,2,5,NORMAL,0.0437
L03_001138,431,TRANSFER,589741.67,C417069646,17133716.76,16543975.08,C347631601,0.0,589741.67,0,0,L03_00228,LEGITIMATE_HIGH_VALUE_HISTORY,High-value transaction consistent with normal historical account behavior,NONE,1,3,5,NORMAL,0.0344
L03_001139,460,TRANSFER,441942.25,C417069646,16543975.08,16102032.84,C347631601,0.0,441942.25,0,0,L03_00228,LEGITIMATE_HIGH_VALUE_HISTORY,High-value transaction consistent with normal historical account behavior,NONE,1,4,5,NORMAL,0.0267
L03_001140,499,TRANSFER,4830609.85,C417069646,16102032.84,11271422.98,C347631601,0.0,4830609.85,0,0,L03_00228,LEGITIMATE_HIGH_VALUE_HISTORY,High-value transaction consistent with normal historical account behavior,NONE,1,5,5,NORMAL,0.3
L03_001141,399,TRANSFER,515142.64,C929957180,10020537.3,9505394.66,C1529865495,0.0,515142.64,0,0,L03_00229,LEGITIMATE_HIGH_VALUE_HISTORY,High-value transaction consistent with normal historical account behavior,NONE,1,1,5,NORMAL,0.0514
L03_001142,423,TRANSFER,519924.97,C929957180,9505394.66,8985469.69,C1529865495,0.0,519924.97,0,0,L03_00229,LEGITIMATE_HIGH_VALUE_HISTORY,High-value transaction consistent with normal historical account behavior,NONE,1,2,5,NORMAL,0.0547
L03_001143,448,TRANSFER,827852.87,C929957180,8985469.69,8157616.82,C1529865495,0.0,827852.87,0,0,L03_00229,LEGITIMATE_HIGH_VALUE_HISTORY,High-value transaction consistent with normal historical account behavior,NONE,1,3,5,NORMAL,0.0921
L03_001144,488,TRANSFER,831499.24,C929957180,8157616.82,7326117.58,C1529865495,0.0,831499.24,0,0,L03_00229,LEGITIMATE_HIGH_VALUE_HISTORY,High-value transaction consistent with normal historical account behavior,NONE,1,4,5,NORMAL,0.1019
L03_001145,537,TRANSFER,2197835.27,C929957180,7326117.58,5128282.31,C1529865495,0.0,2197835.27,0,0,L03_00229,LEGITIMATE_HIGH_VALUE_HISTORY,High-value transaction consistent with normal historical account behavior,NONE,1,5,5,NORMAL,0.3
L03_001146,340,TRANSFER,786876.93,C680327012,18565063.8,17778186.87,C85200425,0.0,786876.93,0,0,L03_00230,LEGITIMATE_HIGH_VALUE_HISTORY,High-value transaction consistent with normal historical account behavior,NONE,1,1,5,NORMAL,0.0424
L03_001147,361,TRANSFER,373380.14,C680327012,17778186.87,17404806.73,C85200425,0.0,373380.14,0,0,L03_00230,LEGITIMATE_HIGH_VALUE_HISTORY,High-value transaction consistent with normal historical account behavior,NONE,1,2,5,NORMAL,0.021
L03_001148,378,TRANSFER,794007.94,C680327012,17404806.73,16610798.79,C85200425,0.0,794007.94,0,0,L03_00230,LEGITIMATE_HIGH_VALUE_HISTORY,High-value transaction consistent with normal historical account behavior,NONE,1,3,5,NORMAL,0.0456
L03_001149,436,TRANSFER,422444.19,C680327012,16610798.79,16188354.6,C85200425,0.0,422444.19,0,0,L03_00230,LEGITIMATE_HIGH_VALUE_HISTORY,High-value transaction consistent with normal historical account behavior,NONE,1,4,5,NORMAL,0.0254
L03_001150,452,TRANSFER,4856506.38,C680327012,16188354.6,11331848.22,C85200425,0.0,4856506.38,0,0,L03_00230,LEGITIMATE_HIGH_VALUE_HISTORY,High-value transaction consistent with normal historical account behavior,NONE,1,5,5,NORMAL,0.3
L03_001151,388,TRANSFER,628434.59,C1890966647,8946615.25,8318180.66,C735242190,0.0,628434.59,0,0,L03_00231,LEGITIMATE_HIGH_VALUE_HISTORY,High-value transaction consistent with normal historical account behavior,NONE,1,1,5,NORMAL,0.0702
L03_001152,414,TRANSFER,603566.22,C1890966647,8318180.66,7714614.44,C735242190,0.0,603566.22,0,0,L03_00231,LEGITIMATE_HIGH_VALUE_HISTORY,High-value transaction consistent with normal historical account behavior,NONE,1,2,5,NORMAL,0.0726
L03_001153,459,TRANSFER,632686.71,C1890966647,7714614.44,7081927.73,C735242190,0.0,632686.71,0,0,L03_00231,LEGITIMATE_HIGH_VALUE_HISTORY,High-value transaction consistent with normal historical account behavior,NONE,1,3,5,NORMAL,0.082
L03_001154,500,TRANSFER,491644.45,C1890966647,7081927.73,6590283.28,C735242190,0.0,491644.45,0,0,L03_00231,LEGITIMATE_HIGH_VALUE_HISTORY,High-value transaction consistent with normal historical account behavior,NONE,1,4,5,NORMAL,0.0694
L03_001155,540,TRANSFER,1977084.99,C1890966647,6590283.28,4613198.3,C735242190,0.0,1977084.99,0,0,L03_00231,LEGITIMATE_HIGH_VALUE_HISTORY,High-value transaction consistent with normal historical account behavior,NONE,1,5,5,NORMAL,0.3
L03_001156,355,TRANSFER,467872.17,C1018418701,18421282.29,17953410.12,C916401786,0.0,467872.17,0,0,L03_00232,LEGITIMATE_HIGH_VALUE_HISTORY,High-value transaction consistent with normal historical account behavior,NONE,1,1,5,NORMAL,0.0254
L03_001157,411,TRANSFER,541996.31,C1018418701,17953410.12,17411413.81,C916401786,0.0,541996.31,0,0,L03_00232,LEGITIMATE_HIGH_VALUE_HISTORY,High-value transaction consistent with normal historical account behavior,NONE,1,2,5,NORMAL,0.0302
L03_001158,433,TRANSFER,449866.12,C1018418701,17411413.81,16961547.69,C916401786,0.0,449866.12,0,0,L03_00232,LEGITIMATE_HIGH_VALUE_HISTORY,High-value transaction consistent with normal historical account behavior,NONE,1,3,5,NORMAL,0.0258
L03_001159,454,TRANSFER,821120.26,C1018418701,16961547.69,16140427.43,C916401786,0.0,821120.26,0,0,L03_00232,LEGITIMATE_HIGH_VALUE_HISTORY,High-value transaction consistent with normal historical account behavior,NONE,1,4,5,NORMAL,0.0484
L03_001160,480,TRANSFER,4842128.23,C1018418701,16140427.43,11298299.2,C916401786,0.0,4842128.23,0,0,L03_00232,LEGITIMATE_HIGH_VALUE_HISTORY,High-value transaction consistent with normal historical account behavior,NONE,1,5,5,NORMAL,0.3
L03_001161,557,TRANSFER,482664.03,C1720392747,7898555.97,7415891.94,C258318405,0.0,482664.03,0,0,L03_00233,LEGITIMATE_HIGH_VALUE_HISTORY,High-value transaction consistent with normal historical account behavior,NONE,1,1,5,NORMAL,0.0611
L03_001162,616,TRANSFER,470458.83,C1720392747,7415891.94,6945433.11,C258318405,0.0,470458.83,0,0,L03_00233,LEGITIMATE_HIGH_VALUE_HISTORY,High-value transaction consistent with normal historical account behavior,NONE,1,2,5,NORMAL,0.0634
L03_001163,669,TRANSFER,561207.27,C1720392747,6945433.11,6384225.84,C258318405,0.0,561207.27,0,0,L03_00233,LEGITIMATE_HIGH_VALUE_HISTORY,High-value transaction consistent with normal historical account behavior,NONE,1,3,5,NORMAL,0.0808
L03_001164,711,TRANSFER,709559.51,C1720392747,6384225.84,5674666.33,C258318405,0.0,709559.51,0,0,L03_00233,LEGITIMATE_HIGH_VALUE_HISTORY,High-value transaction consistent with normal historical account behavior,NONE,1,4,5,NORMAL,0.1111
L03_001165,744,TRANSFER,1702399.9,C1720392747,5674666.33,3972266.43,C258318405,0.0,1702399.9,0,0,L03_00233,LEGITIMATE_HIGH_VALUE_HISTORY,High-value transaction consistent with normal historical account behavior,NONE,1,5,5,NORMAL,0.3
L03_001166,372,TRANSFER,756303.31,C774293924,9911245.15,9154941.84,C1414324990,0.0,756303.31,0,0,L03_00234,LEGITIMATE_HIGH_VALUE_HISTORY,High-value transaction consistent with normal historical account behavior,NONE,1,1,5,NORMAL,0.0763
L03_001167,390,TRANSFER,645945.71,C774293924,9154941.84,8508996.13,C1414324990,0.0,645945.71,0,0,L03_00234,LEGITIMATE_HIGH_VALUE_HISTORY,High-value transaction consistent with normal historical account behavior,NONE,1,2,5,NORMAL,0.0706
L03_001168,439,TRANSFER,367438.57,C774293924,8508996.13,8141557.56,C1414324990,0.0,367438.57,0,0,L03_00234,LEGITIMATE_HIGH_VALUE_HISTORY,High-value transaction consistent with normal historical account behavior,NONE,1,3,5,NORMAL,0.0432
L03_001169,488,TRANSFER,334704.62,C774293924,8141557.56,7806852.94,C1414324990,0.0,334704.62,0,0,L03_00234,LEGITIMATE_HIGH_VALUE_HISTORY,High-value transaction consistent with normal historical account behavior,NONE,1,4,5,NORMAL,0.0411
L03_001170,544,TRANSFER,2342055.88,C774293924,7806852.94,5464797.06,C1414324990,0.0,2342055.88,0,0,L03_00234,LEGITIMATE_HIGH_VALUE_HISTORY,High-value transaction consistent with normal historical account behavior,NONE,1,5,5,NORMAL,0.3
L03_001171,372,TRANSFER,658016.79,C611634421,8255465.52,7597448.73,C1865820651,0.0,658016.79,0,0,L03_00235,LEGITIMATE_HIGH_VALUE_HISTORY,High-value transaction consistent with normal historical account behavior,NONE,1,1,5,NORMAL,0.0797
L03_001172,388,TRANSFER,536875.32,C611634421,7597448.73,7060573.41,C1865820651,0.0,536875.32,0,0,L03_00235,LEGITIMATE_HIGH_VALUE_HISTORY,High-value transaction consistent with normal historical account behavior,NONE,1,2,5,NORMAL,0.0707
L03_001173,435,TRANSFER,310665.76,C611634421,7060573.41,6749907.65,C1865820651,0.0,310665.76,0,0,L03_00235,LEGITIMATE_HIGH_VALUE_HISTORY,High-value transaction consistent with normal historical account behavior,NONE,1,3,5,NORMAL,0.044
L03_001174,457,TRANSFER,757733.8,C611634421,6749907.65,5992173.85,C1865820651,0.0,757733.8,0,0,L03_00235,LEGITIMATE_HIGH_VALUE_HISTORY,High-value transaction consistent with normal historical account behavior,NONE,1,4,5,NORMAL,0.1123
L03_001175,510,TRANSFER,1797652.15,C611634421,5992173.85,4194521.7,C1865820651,0.0,1797652.15,0,0,L03_00235,LEGITIMATE_HIGH_VALUE_HISTORY,High-value transaction consistent with normal historical account behavior,NONE,1,5,5,NORMAL,0.3
L03_001176,333,TRANSFER,334035.47,C380091631,18828024.12,18493988.65,C160585452,0.0,334035.47,0,0,L03_00236,LEGITIMATE_HIGH_VALUE_HISTORY,High-value transaction consistent with normal historical account behavior,NONE,1,1,5,NORMAL,0.0177
L03_001177,368,TRANSFER,810677.21,C380091631,18493988.65,17683311.44,C160585452,0.0,810677.21,0,0,L03_00236,LEGITIMATE_HIGH_VALUE_HISTORY,High-value transaction consistent with normal historical account behavior,NONE,1,2,5,NORMAL,0.0438
L03_001178,394,TRANSFER,740842.42,C380091631,17683311.44,16942469.02,C160585452,0.0,740842.42,0,0,L03_00236,LEGITIMATE_HIGH_VALUE_HISTORY,High-value transaction consistent with normal historical account behavior,NONE,1,3,5,NORMAL,0.0419
L03_001179,451,TRANSFER,666460.98,C380091631,16942469.02,16276008.04,C160585452,0.0,666460.98,0,0,L03_00236,LEGITIMATE_HIGH_VALUE_HISTORY,High-value transaction consistent with normal historical account behavior,NONE,1,4,5,NORMAL,0.0393
L03_001180,476,TRANSFER,4882802.41,C380091631,16276008.04,11393205.63,C160585452,0.0,4882802.41,0,0,L03_00236,LEGITIMATE_HIGH_VALUE_HISTORY,High-value transaction consistent with normal historical account behavior,NONE,1,5,5,NORMAL,0.3
L03_001181,374,TRANSFER,578939.72,C1822080973,10664420.77,10085481.05,C754469009,0.0,578939.72,0,0,L03_00237,LEGITIMATE_HIGH_VALUE_HISTORY,High-value transaction consistent with normal historical account behavior,NONE,1,1,5,NORMAL,0.0543
L03_001182,392,TRANSFER,790687.35,C1822080973,10085481.05,9294793.7,C754469009,0.0,790687.35,0,0,L03_00237,LEGITIMATE_HIGH_VALUE_HISTORY,High-value transaction consistent with normal historical account behavior,NONE,1,2,5,NORMAL,0.0784
L03_001183,433,TRANSFER,637175.56,C1822080973,9294793.7,8657618.14,C754469009,0.0,637175.56,0,0,L03_00237,LEGITIMATE_HIGH_VALUE_HISTORY,High-value transaction consistent with normal historical account behavior,NONE,1,3,5,NORMAL,0.0686
L03_001184,453,TRANSFER,306180.62,C1822080973,8657618.14,8351437.52,C754469009,0.0,306180.62,0,0,L03_00237,LEGITIMATE_HIGH_VALUE_HISTORY,High-value transaction consistent with normal historical account behavior,NONE,1,4,5,NORMAL,0.0354
L03_001185,488,TRANSFER,2505431.26,C1822080973,8351437.52,5846006.27,C754469009,0.0,2505431.26,0,0,L03_00237,LEGITIMATE_HIGH_VALUE_HISTORY,High-value transaction consistent with normal historical account behavior,NONE,1,5,5,NORMAL,0.3
L03_001186,315,TRANSFER,587072.6,C1083158873,18866376.62,18279304.02,C1738610409,0.0,587072.6,0,0,L03_00238,LEGITIMATE_HIGH_VALUE_HISTORY,High-value transaction consistent with normal historical account behavior,NONE,1,1,5,NORMAL,0.0311
L03_001187,333,TRANSFER,785398.7,C1083158873,18279304.02,17493905.32,C1738610409,0.0,785398.7,0,0,L03_00238,LEGITIMATE_HIGH_VALUE_HISTORY,High-value transaction consistent with normal historical account behavior,NONE,1,2,5,NORMAL,0.043
L03_001188,383,TRANSFER,671197.92,C1083158873,17493905.32,16822707.4,C1738610409,0.0,671197.92,0,0,L03_00238,LEGITIMATE_HIGH_VALUE_HISTORY,High-value transaction consistent with normal historical account behavior,NONE,1,3,5,NORMAL,0.0384
L03_001189,414,TRANSFER,533915.19,C1083158873,16822707.4,16288792.2,C1738610409,0.0,533915.19,0,0,L03_00238,LEGITIMATE_HIGH_VALUE_HISTORY,High-value transaction consistent with normal historical account behavior,NONE,1,4,5,NORMAL,0.0317
L03_001190,430,TRANSFER,4886637.66,C1083158873,16288792.2,11402154.54,C1738610409,0.0,4886637.66,0,0,L03_00238,LEGITIMATE_HIGH_VALUE_HISTORY,High-value transaction consistent with normal historical account behavior,NONE,1,5,5,NORMAL,0.3
L03_001191,306,TRANSFER,303422.97,C1696392608,18281946.28,17978523.32,C189327596,0.0,303422.97,0,0,L03_00239,LEGITIMATE_HIGH_VALUE_HISTORY,High-value transaction consistent with normal historical account behavior,NONE,1,1,5,NORMAL,0.0166
L03_001192,360,TRANSFER,655553.94,C1696392608,17978523.32,17322969.38,C189327596,0.0,655553.94,0,0,L03_00239,LEGITIMATE_HIGH_VALUE_HISTORY,High-value transaction consistent with normal historical account behavior,NONE,1,2,5,NORMAL,0.0365
L03_001193,404,TRANSFER,767161.78,C1696392608,17322969.38,16555807.6,C189327596,0.0,767161.78,0,0,L03_00239,LEGITIMATE_HIGH_VALUE_HISTORY,High-value transaction consistent with normal historical account behavior,NONE,1,3,5,NORMAL,0.0443
L03_001194,442,TRANSFER,461825.5,C1696392608,16555807.6,16093982.1,C189327596,0.0,461825.5,0,0,L03_00239,LEGITIMATE_HIGH_VALUE_HISTORY,High-value transaction consistent with normal historical account behavior,NONE,1,4,5,NORMAL,0.0279
L03_001195,460,TRANSFER,4828194.63,C1696392608,16093982.1,11265787.47,C189327596,0.0,4828194.63,0,0,L03_00239,LEGITIMATE_HIGH_VALUE_HISTORY,High-value transaction consistent with normal historical account behavior,NONE,1,5,5,NORMAL,0.3
L03_001196,50,TRANSFER,683200.39,C1944196283,7987356.33,7304155.94,C16729522,0.0,683200.39,0,0,L03_00240,LEGITIMATE_HIGH_VALUE_HISTORY,High-value transaction consistent with normal historical account behavior,NONE,1,1,5,NORMAL,0.0855
L03_001197,75,TRANSFER,360494.17,C1944196283,7304155.94,6943661.77,C16729522,0.0,360494.17,0,0,L03_00240,LEGITIMATE_HIGH_VALUE_HISTORY,High-value transaction consistent with normal historical account behavior,NONE,1,2,5,NORMAL,0.0494
L03_001198,98,TRANSFER,522884.06,C1944196283,6943661.77,6420777.71,C16729522,0.0,522884.06,0,0,L03_00240,LEGITIMATE_HIGH_VALUE_HISTORY,High-value transaction consistent with normal historical account behavior,NONE,1,3,5,NORMAL,0.0753
L03_001199,150,TRANSFER,717616.21,C1944196283,6420777.71,5703161.5,C16729522,0.0,717616.21,0,0,L03_00240,LEGITIMATE_HIGH_VALUE_HISTORY,High-value transaction consistent with normal historical account behavior,NONE,1,4,5,NORMAL,0.1118
L03_001200,192,TRANSFER,1710948.45,C1944196283,5703161.5,3992213.05,C16729522,0.0,1710948.45,0,0,L03_00240,LEGITIMATE_HIGH_VALUE_HISTORY,High-value transaction consistent with normal historical account behavior,NONE,1,5,5,NORMAL,0.3
L03_001201,390,TRANSFER,460697.28,C432032164,11782255.94,11321558.66,C2106812355,0.0,460697.28,0,0,L03_00241,LEGITIMATE_HIGH_VALUE_HISTORY,High-value transaction consistent with normal historical account behavior,NONE,1,1,5,NORMAL,0.0391
L03_001202,412,TRANSFER,323845.84,C432032164,11321558.66,10997712.82,C2106812355,0.0,323845.84,0,0,L03_00241,LEGITIMATE_HIGH_VALUE_HISTORY,High-value transaction consistent with normal historical account behavior,NONE,1,2,5,NORMAL,0.0286
L03_001203,435,TRANSFER,608488.89,C432032164,10997712.82,10389223.93,C2106812355,0.0,608488.89,0,0,L03_00241,LEGITIMATE_HIGH_VALUE_HISTORY,High-value transaction consistent with normal historical account behavior,NONE,1,3,5,NORMAL,0.0553
L03_001204,483,TRANSFER,314875.31,C432032164,10389223.93,10074348.62,C2106812355,0.0,314875.31,0,0,L03_00241,LEGITIMATE_HIGH_VALUE_HISTORY,High-value transaction consistent with normal historical account behavior,NONE,1,4,5,NORMAL,0.0303
L03_001205,535,TRANSFER,3022304.58,C432032164,10074348.62,7052044.03,C2106812355,0.0,3022304.58,0,0,L03_00241,LEGITIMATE_HIGH_VALUE_HISTORY,High-value transaction consistent with normal historical account behavior,NONE,1,5,5,NORMAL,0.3
L03_001206,354,TRANSFER,494219.65,C1931306176,9962143.44,9467923.79,C131296169,0.0,494219.65,0,0,L03_00242,LEGITIMATE_HIGH_VALUE_HISTORY,High-value transaction consistent with normal historical account behavior,NONE,1,1,5,NORMAL,0.0496
L03_001207,400,TRANSFER,655021.42,C1931306176,9467923.79,8812902.37,C131296169,0.0,655021.42,0,0,L03_00242,LEGITIMATE_HIGH_VALUE_HISTORY,High-value transaction consistent with normal historical account behavior,NONE,1,2,5,NORMAL,0.0692
L03_001208,452,TRANSFER,843121.86,C1931306176,8812902.37,7969780.51,C131296169,0.0,843121.86,0,0,L03_00242,LEGITIMATE_HIGH_VALUE_HISTORY,High-value transaction consistent with normal historical account behavior,NONE,1,3,5,NORMAL,0.0957
L03_001209,508,TRANSFER,317925.46,C1931306176,7969780.51,7651855.05,C131296169,0.0,317925.46,0,0,L03_00242,LEGITIMATE_HIGH_VALUE_HISTORY,High-value transaction consistent with normal historical account behavior,NONE,1,4,5,NORMAL,0.0399
L03_001210,538,TRANSFER,2295556.52,C1931306176,7651855.05,5356298.54,C131296169,0.0,2295556.52,0,0,L03_00242,LEGITIMATE_HIGH_VALUE_HISTORY,High-value transaction consistent with normal historical account behavior,NONE,1,5,5,NORMAL,0.3
L03_001211,328,TRANSFER,559138.23,C1189123990,16112843.75,15553705.52,C731686024,0.0,559138.23,0,0,L03_00243,LEGITIMATE_HIGH_VALUE_HISTORY,High-value transaction consistent with normal historical account behavior,NONE,1,1,5,NORMAL,0.0347
L03_001212,372,TRANSFER,692852.19,C1189123990,15553705.52,14860853.33,C731686024,0.0,692852.19,0,0,L03_00243,LEGITIMATE_HIGH_VALUE_HISTORY,High-value transaction consistent with normal historical account behavior,NONE,1,2,5,NORMAL,0.0445
L03_001213,421,TRANSFER,713759.6,C1189123990,14860853.33,14147093.73,C731686024,0.0,713759.6,0,0,L03_00243,LEGITIMATE_HIGH_VALUE_HISTORY,High-value transaction consistent with normal historical account behavior,NONE,1,3,5,NORMAL,0.048
L03_001214,459,TRANSFER,526584.48,C1189123990,14147093.73,13620509.25,C731686024,0.0,526584.48,0,0,L03_00243,LEGITIMATE_HIGH_VALUE_HISTORY,High-value transaction consistent with normal historical account behavior,NONE,1,4,5,NORMAL,0.0372
L03_001215,495,TRANSFER,4086152.77,C1189123990,13620509.25,9534356.47,C731686024,0.0,4086152.77,0,0,L03_00243,LEGITIMATE_HIGH_VALUE_HISTORY,High-value transaction consistent with normal historical account behavior,NONE,1,5,5,NORMAL,0.3
L03_001216,387,TRANSFER,339178.5,C47252190,8101156.46,7761977.96,C1161623278,0.0,339178.5,0,0,L03_00244,LEGITIMATE_HIGH_VALUE_HISTORY,High-value transaction consistent with normal historical account behavior,NONE,1,1,5,NORMAL,0.0419
L03_001217,436,TRANSFER,432462.75,C47252190,7761977.96,7329515.21,C1161623278,0.0,432462.75,0,0,L03_00244,LEGITIMATE_HIGH_VALUE_HISTORY,High-value transaction consistent with normal historical account behavior,NONE,1,2,5,NORMAL,0.0557
L03_001218,469,TRANSFER,421348.26,C47252190,7329515.21,6908166.95,C1161623278,0.0,421348.26,0,0,L03_00244,LEGITIMATE_HIGH_VALUE_HISTORY,High-value transaction consistent with normal historical account behavior,NONE,1,3,5,NORMAL,0.0575
L03_001219,486,TRANSFER,622828.75,C47252190,6908166.95,6285338.2,C1161623278,0.0,622828.75,0,0,L03_00244,LEGITIMATE_HIGH_VALUE_HISTORY,High-value transaction consistent with normal historical account behavior,NONE,1,4,5,NORMAL,0.0902
L03_001220,522,TRANSFER,1885601.46,C47252190,6285338.2,4399736.74,C1161623278,0.0,1885601.46,0,0,L03_00244,LEGITIMATE_HIGH_VALUE_HISTORY,High-value transaction consistent with normal historical account behavior,NONE,1,5,5,NORMAL,0.3
L03_001221,375,TRANSFER,700089.26,C1993308090,8031123.5,7331034.24,C722534618,0.0,700089.26,0,0,L03_00245,LEGITIMATE_HIGH_VALUE_HISTORY,High-value transaction consistent with normal historical account behavior,NONE,1,1,5,NORMAL,0.0872
L03_001222,427,TRANSFER,679369.45,C1993308090,7331034.24,6651664.79,C722534618,0.0,679369.45,0,0,L03_00245,LEGITIMATE_HIGH_VALUE_HISTORY,High-value transaction consistent with normal historical account behavior,NONE,1,2,5,NORMAL,0.0927
L03_001223,482,TRANSFER,674087.9,C1993308090,6651664.79,5977576.88,C722534618,0.0,674087.9,0,0,L03_00245,LEGITIMATE_HIGH_VALUE_HISTORY,High-value transaction consistent with normal historical account behavior,NONE,1,3,5,NORMAL,0.1013
L03_001224,541,TRANSFER,307252.56,C1993308090,5977576.88,5670324.33,C722534618,0.0,307252.56,0,0,L03_00245,LEGITIMATE_HIGH_VALUE_HISTORY,High-value transaction consistent with normal historical account behavior,NONE,1,4,5,NORMAL,0.0514
L03_001225,590,TRANSFER,1701097.3,C1993308090,5670324.33,3969227.03,C722534618,0.0,1701097.3,0,0,L03_00245,LEGITIMATE_HIGH_VALUE_HISTORY,High-value transaction consistent with normal historical account behavior,NONE,1,5,5,NORMAL,0.3
L03_001226,333,TRANSFER,855736.15,C1156260037,18889233.58,18033497.44,C166492870,0.0,855736.15,0,0,L03_00246,LEGITIMATE_HIGH_VALUE_HISTORY,High-value transaction consistent with normal historical account behavior,NONE,1,1,5,NORMAL,0.0453
L03_001227,359,TRANSFER,629685.56,C1156260037,18033497.44,17403811.88,C166492870,0.0,629685.56,0,0,L03_00246,LEGITIMATE_HIGH_VALUE_HISTORY,High-value transaction consistent with normal historical account behavior,NONE,1,2,5,NORMAL,0.0349
L03_001228,379,TRANSFER,378406.34,C1156260037,17403811.88,17025405.54,C166492870,0.0,378406.34,0,0,L03_00246,LEGITIMATE_HIGH_VALUE_HISTORY,High-value transaction consistent with normal historical account behavior,NONE,1,3,5,NORMAL,0.0217
L03_001229,412,TRANSFER,728994.34,C1156260037,17025405.54,16296411.2,C166492870,0.0,728994.34,0,0,L03_00246,LEGITIMATE_HIGH_VALUE_HISTORY,High-value transaction consistent with normal historical account behavior,NONE,1,4,5,NORMAL,0.0428
L03_001230,443,TRANSFER,4888923.36,C1156260037,16296411.2,11407487.84,C166492870,0.0,4888923.36,0,0,L03_00246,LEGITIMATE_HIGH_VALUE_HISTORY,High-value transaction consistent with normal historical account behavior,NONE,1,5,5,NORMAL,0.3
L03_001231,324,TRANSFER,604237.53,C1671255463,17847645.07,17243407.54,C1447941956,0.0,604237.53,0,0,L03_00247,LEGITIMATE_HIGH_VALUE_HISTORY,High-value transaction consistent with normal historical account behavior,NONE,1,1,5,NORMAL,0.0339
L03_001232,346,TRANSFER,739113.85,C1671255463,17243407.54,16504293.69,C1447941956,0.0,739113.85,0,0,L03_00247,LEGITIMATE_HIGH_VALUE_HISTORY,High-value transaction consistent with normal historical account behavior,NONE,1,2,5,NORMAL,0.0429
L03_001233,400,TRANSFER,492456.15,C1671255463,16504293.69,16011837.54,C1447941956,0.0,492456.15,0,0,L03_00247,LEGITIMATE_HIGH_VALUE_HISTORY,High-value transaction consistent with normal historical account behavior,NONE,1,3,5,NORMAL,0.0298
L03_001234,432,TRANSFER,455068.33,C1671255463,16011837.54,15556769.21,C1447941956,0.0,455068.33,0,0,L03_00247,LEGITIMATE_HIGH_VALUE_HISTORY,High-value transaction consistent with normal historical account behavior,NONE,1,4,5,NORMAL,0.0284
L03_001235,463,TRANSFER,4667030.76,C1671255463,15556769.21,10889738.45,C1447941956,0.0,4667030.76,0,0,L03_00247,LEGITIMATE_HIGH_VALUE_HISTORY,High-value transaction consistent with normal historical account behavior,NONE,1,5,5,NORMAL,0.3
L03_001236,335,TRANSFER,376238.77,C1636291324,9510334.63,9134095.87,C1411278061,0.0,376238.77,0,0,L03_00248,LEGITIMATE_HIGH_VALUE_HISTORY,High-value transaction consistent with normal historical account behavior,NONE,1,1,5,NORMAL,0.0396
L03_001237,353,TRANSFER,735896.16,C1636291324,9134095.87,8398199.71,C1411278061,0.0,735896.16,0,0,L03_00248,LEGITIMATE_HIGH_VALUE_HISTORY,High-value transaction consistent with normal historical account behavior,NONE,1,2,5,NORMAL,0.0806
L03_001238,382,TRANSFER,599822.96,C1636291324,8398199.71,7798376.75,C1411278061,0.0,599822.96,0,0,L03_00248,LEGITIMATE_HIGH_VALUE_HISTORY,High-value transaction consistent with normal historical account behavior,NONE,1,3,5,NORMAL,0.0714
L03_001239,432,TRANSFER,339695.67,C1636291324,7798376.75,7458681.08,C1411278061,0.0,339695.67,0,0,L03_00248,LEGITIMATE_HIGH_VALUE_HISTORY,High-value transaction consistent with normal historical account behavior,NONE,1,4,5,NORMAL,0.0436
L03_001240,475,TRANSFER,2237604.32,C1636291324,7458681.08,5221076.75,C1411278061,0.0,2237604.32,0,0,L03_00248,LEGITIMATE_HIGH_VALUE_HISTORY,High-value transaction consistent with normal historical account behavior,NONE,1,5,5,NORMAL,0.3
L03_001241,345,TRANSFER,448787.1,C255961556,18129952.77,17681165.67,C2063353843,0.0,448787.1,0,0,L03_00249,LEGITIMATE_HIGH_VALUE_HISTORY,High-value transaction consistent with normal historical account behavior,NONE,1,1,5,NORMAL,0.0248
L03_001242,378,TRANSFER,490718.2,C255961556,17681165.67,17190447.47,C2063353843,0.0,490718.2,0,0,L03_00249,LEGITIMATE_HIGH_VALUE_HISTORY,High-value transaction consistent with normal historical account behavior,NONE,1,2,5,NORMAL,0.0278
L03_001243,416,TRANSFER,392828.58,C255961556,17190447.47,16797618.89,C2063353843,0.0,392828.58,0,0,L03_00249,LEGITIMATE_HIGH_VALUE_HISTORY,High-value transaction consistent with normal historical account behavior,NONE,1,3,5,NORMAL,0.0229
L03_001244,431,TRANSFER,754301.3,C255961556,16797618.89,16043317.59,C2063353843,0.0,754301.3,0,0,L03_00249,LEGITIMATE_HIGH_VALUE_HISTORY,High-value transaction consistent with normal historical account behavior,NONE,1,4,5,NORMAL,0.0449
L03_001245,464,TRANSFER,4812995.28,C255961556,16043317.59,11230322.31,C2063353843,0.0,4812995.28,0,0,L03_00249,LEGITIMATE_HIGH_VALUE_HISTORY,High-value transaction consistent with normal historical account behavior,NONE,1,5,5,NORMAL,0.3
L03_001246,340,TRANSFER,574607.9,C844247939,9258733.95,8684126.05,C296090377,0.0,574607.9,0,0,L03_00250,LEGITIMATE_HIGH_VALUE_HISTORY,High-value transaction consistent with normal historical account behavior,NONE,1,1,5,NORMAL,0.0621
L03_001247,362,TRANSFER,658928.68,C844247939,8684126.05,8025197.37,C296090377,0.0,658928.68,0,0,L03_00250,LEGITIMATE_HIGH_VALUE_HISTORY,High-value transaction consistent with normal historical account behavior,NONE,1,2,5,NORMAL,0.0759
L03_001248,394,TRANSFER,503495.13,C844247939,8025197.37,7521702.24,C296090377,0.0,503495.13,0,0,L03_00250,LEGITIMATE_HIGH_VALUE_HISTORY,High-value transaction consistent with normal historical account behavior,NONE,1,3,5,NORMAL,0.0627
L03_001249,412,TRANSFER,420763.35,C844247939,7521702.24,7100938.89,C296090377,0.0,420763.35,0,0,L03_00250,LEGITIMATE_HIGH_VALUE_HISTORY,High-value transaction consistent with normal historical account behavior,NONE,1,4,5,NORMAL,0.0559
L03_001250,460,TRANSFER,2130281.67,C844247939,7100938.89,4970657.22,C296090377,0.0,2130281.67,0,0,L03_00250,LEGITIMATE_HIGH_VALUE_HISTORY,High-value transaction consistent with normal historical account behavior,NONE,1,5,5,NORMAL,0.3
L03_001251,364,TRANSFER,683854.37,C1862313856,18613620.5,17929766.12,C1197114389,0.0,683854.37,0,0,L03_00251,LEGITIMATE_HIGH_VALUE_HISTORY,High-value transaction consistent with normal historical account behavior,NONE,1,1,5,NORMAL,0.0367
L03_001252,402,TRANSFER,708576.93,C1862313856,17929766.12,17221189.2,C1197114389,0.0,708576.93,0,0,L03_00251,LEGITIMATE_HIGH_VALUE_HISTORY,High-value transaction consistent with normal historical account behavior,NONE,1,2,5,NORMAL,0.0395
L03_001253,445,TRANSFER,543446.16,C1862313856,17221189.2,16677743.04,C1197114389,0.0,543446.16,0,0,L03_00251,LEGITIMATE_HIGH_VALUE_HISTORY,High-value transaction consistent with normal historical account behavior,NONE,1,3,5,NORMAL,0.0316
L03_001254,488,TRANSFER,473202.87,C1862313856,16677743.04,16204540.16,C1197114389,0.0,473202.87,0,0,L03_00251,LEGITIMATE_HIGH_VALUE_HISTORY,High-value transaction consistent with normal historical account behavior,NONE,1,4,5,NORMAL,0.0284
L03_001255,504,TRANSFER,4861362.05,C1862313856,16204540.16,11343178.12,C1197114389,0.0,4861362.05,0,0,L03_00251,LEGITIMATE_HIGH_VALUE_HISTORY,High-value transaction consistent with normal historical account behavior,NONE,1,5,5,NORMAL,0.3
L03_001256,375,TRANSFER,545951.3,C968687465,7466067.44,6920116.14,C32569718,0.0,545951.3,0,0,L03_00252,LEGITIMATE_HIGH_VALUE_HISTORY,High-value transaction consistent with normal historical account behavior,NONE,1,1,5,NORMAL,0.0731
L03_001257,405,TRANSFER,348013.58,C968687465,6920116.14,6572102.56,C32569718,0.0,348013.58,0,0,L03_00252,LEGITIMATE_HIGH_VALUE_HISTORY,High-value transaction consistent with normal historical account behavior,NONE,1,2,5,NORMAL,0.0503
L03_001258,452,TRANSFER,714124.6,C968687465,6572102.56,5857977.96,C32569718,0.0,714124.6,0,0,L03_00252,LEGITIMATE_HIGH_VALUE_HISTORY,High-value transaction consistent with normal historical account behavior,NONE,1,3,5,NORMAL,0.1087
L03_001259,468,TRANSFER,507108.71,C968687465,5857977.96,5350869.25,C32569718,0.0,507108.71,0,0,L03_00252,LEGITIMATE_HIGH_VALUE_HISTORY,High-value transaction consistent with normal historical account behavior,NONE,1,4,5,NORMAL,0.0866
L03_001260,524,TRANSFER,1605260.77,C968687465,5350869.25,3745608.47,C32569718,0.0,1605260.77,0,0,L03_00252,LEGITIMATE_HIGH_VALUE_HISTORY,High-value transaction consistent with normal historical account behavior,NONE,1,5,5,NORMAL,0.3
L03_001261,355,TRANSFER,509501.88,C563976130,17949850.07,17440348.19,C2029542508,0.0,509501.88,0,0,L03_00253,LEGITIMATE_HIGH_VALUE_HISTORY,High-value transaction consistent with normal historical account behavior,NONE,1,1,5,NORMAL,0.0284
L03_001262,396,TRANSFER,566274.43,C563976130,17440348.19,16874073.76,C2029542508,0.0,566274.43,0,0,L03_00253,LEGITIMATE_HIGH_VALUE_HISTORY,High-value transaction consistent with normal historical account behavior,NONE,1,2,5,NORMAL,0.0325
L03_001263,423,TRANSFER,579599.24,C563976130,16874073.76,16294474.52,C2029542508,0.0,579599.24,0,0,L03_00253,LEGITIMATE_HIGH_VALUE_HISTORY,High-value transaction consistent with normal historical account behavior,NONE,1,3,5,NORMAL,0.0343
L03_001264,472,TRANSFER,311191.16,C563976130,16294474.52,15983283.36,C2029542508,0.0,311191.16,0,0,L03_00253,LEGITIMATE_HIGH_VALUE_HISTORY,High-value transaction consistent with normal historical account behavior,NONE,1,4,5,NORMAL,0.0191
L03_001265,498,TRANSFER,4794985.01,C563976130,15983283.36,11188298.35,C2029542508,0.0,4794985.01,0,0,L03_00253,LEGITIMATE_HIGH_VALUE_HISTORY,High-value transaction consistent with normal historical account behavior,NONE,1,5,5,NORMAL,0.3
L03_001266,410,TRANSFER,402081.99,C1914813758,7494049.88,7091967.88,C1509817977,0.0,402081.99,0,0,L03_00254,LEGITIMATE_HIGH_VALUE_HISTORY,High-value transaction consistent with normal historical account behavior,NONE,1,1,5,NORMAL,0.0537
L03_001267,457,TRANSFER,783437.72,C1914813758,7091967.88,6308530.17,C1509817977,0.0,783437.72,0,0,L03_00254,LEGITIMATE_HIGH_VALUE_HISTORY,High-value transaction consistent with normal historical account behavior,NONE,1,2,5,NORMAL,0.1105
L03_001268,498,TRANSFER,377850.77,C1914813758,6308530.17,5930679.39,C1509817977,0.0,377850.77,0,0,L03_00254,LEGITIMATE_HIGH_VALUE_HISTORY,High-value transaction consistent with normal historical account behavior,NONE,1,3,5,NORMAL,0.0599
L03_001269,550,TRANSFER,529255.47,C1914813758,5930679.39,5401423.92,C1509817977,0.0,529255.47,0,0,L03_00254,LEGITIMATE_HIGH_VALUE_HISTORY,High-value transaction consistent with normal historical account behavior,NONE,1,4,5,NORMAL,0.0892
L03_001270,593,TRANSFER,1620427.18,C1914813758,5401423.92,3780996.75,C1509817977,0.0,1620427.18,0,0,L03_00254,LEGITIMATE_HIGH_VALUE_HISTORY,High-value transaction consistent with normal historical account behavior,NONE,1,5,5,NORMAL,0.3
L03_001271,335,TRANSFER,619601.87,C1407751589,8000738.34,7381136.47,C410113323,0.0,619601.87,0,0,L03_00255,LEGITIMATE_HIGH_VALUE_HISTORY,High-value transaction consistent with normal historical account behavior,NONE,1,1,5,NORMAL,0.0774
L03_001272,364,TRANSFER,644872.82,C1407751589,7381136.47,6736263.65,C410113323,0.0,644872.82,0,0,L03_00255,LEGITIMATE_HIGH_VALUE_HISTORY,High-value transaction consistent with normal historical account behavior,NONE,1,2,5,NORMAL,0.0874
L03_001273,421,TRANSFER,753934.08,C1407751589,6736263.65,5982329.57,C410113323,0.0,753934.08,0,0,L03_00255,LEGITIMATE_HIGH_VALUE_HISTORY,High-value transaction consistent with normal historical account behavior,NONE,1,3,5,NORMAL,0.1119
L03_001274,475,TRANSFER,430092.45,C1407751589,5982329.57,5552237.12,C410113323,0.0,430092.45,0,0,L03_00255,LEGITIMATE_HIGH_VALUE_HISTORY,High-value transaction consistent with normal historical account behavior,NONE,1,4,5,NORMAL,0.0719
L03_001275,497,TRANSFER,1665671.14,C1407751589,5552237.12,3886565.98,C410113323,0.0,1665671.14,0,0,L03_00255,LEGITIMATE_HIGH_VALUE_HISTORY,High-value transaction consistent with normal historical account behavior,NONE,1,5,5,NORMAL,0.3
L03_001276,331,TRANSFER,814771.22,C722801844,14349232.59,13534461.37,C1094712572,0.0,814771.22,0,0,L03_00256,LEGITIMATE_HIGH_VALUE_HISTORY,High-value transaction consistent with normal historical account behavior,NONE,1,1,5,NORMAL,0.0568
L03_001277,370,TRANSFER,743678.91,C722801844,13534461.37,12790782.46,C1094712572,0.0,743678.91,0,0,L03_00256,LEGITIMATE_HIGH_VALUE_HISTORY,High-value transaction consistent with normal historical account behavior,NONE,1,2,5,NORMAL,0.0549
L03_001278,392,TRANSFER,434919.68,C722801844,12790782.46,12355862.78,C1094712572,0.0,434919.68,0,0,L03_00256,LEGITIMATE_HIGH_VALUE_HISTORY,High-value transaction consistent with normal historical account behavior,NONE,1,3,5,NORMAL,0.034
L03_001279,426,TRANSFER,599831.97,C722801844,12355862.78,11756030.81,C1094712572,0.0,599831.97,0,0,L03_00256,LEGITIMATE_HIGH_VALUE_HISTORY,High-value transaction consistent with normal historical account behavior,NONE,1,4,5,NORMAL,0.0485
L03_001280,452,TRANSFER,3526809.24,C722801844,11756030.81,8229221.57,C1094712572,0.0,3526809.24,0,0,L03_00256,LEGITIMATE_HIGH_VALUE_HISTORY,High-value transaction consistent with normal historical account behavior,NONE,1,5,5,NORMAL,0.3
L03_001281,395,TRANSFER,812971.73,C1787543804,11823443.54,11010471.8,C1696052056,0.0,812971.73,0,0,L03_00257,LEGITIMATE_HIGH_VALUE_HISTORY,High-value transaction consistent with normal historical account behavior,NONE,1,1,5,NORMAL,0.0688
L03_001282,452,TRANSFER,782082.45,C1787543804,11010471.8,10228389.36,C1696052056,0.0,782082.45,0,0,L03_00257,LEGITIMATE_HIGH_VALUE_HISTORY,High-value transaction consistent with normal historical account behavior,NONE,1,2,5,NORMAL,0.071
L03_001283,472,TRANSFER,607738.79,C1787543804,10228389.36,9620650.57,C1696052056,0.0,607738.79,0,0,L03_00257,LEGITIMATE_HIGH_VALUE_HISTORY,High-value transaction consistent with normal historical account behavior,NONE,1,3,5,NORMAL,0.0594
L03_001284,519,TRANSFER,710295.05,C1787543804,9620650.57,8910355.52,C1696052056,0.0,710295.05,0,0,L03_00257,LEGITIMATE_HIGH_VALUE_HISTORY,High-value transaction consistent with normal historical account behavior,NONE,1,4,5,NORMAL,0.0738
L03_001285,564,TRANSFER,2673106.65,C1787543804,8910355.52,6237248.86,C1696052056,0.0,2673106.65,0,0,L03_00257,LEGITIMATE_HIGH_VALUE_HISTORY,High-value transaction consistent with normal historical account behavior,NONE,1,5,5,NORMAL,0.3
L03_001286,328,TRANSFER,845017.26,C1412120055,18770878.98,17925861.72,C760284726,0.0,845017.26,0,0,L03_00258,LEGITIMATE_HIGH_VALUE_HISTORY,High-value transaction consistent with normal historical account behavior,NONE,1,1,5,NORMAL,0.045
L03_001287,355,TRANSFER,730137.98,C1412120055,17925861.72,17195723.74,C760284726,0.0,730137.98,0,0,L03_00258,LEGITIMATE_HIGH_VALUE_HISTORY,High-value transaction consistent with normal historical account behavior,NONE,1,2,5,NORMAL,0.0407
L03_001288,404,TRANSFER,574265.19,C1412120055,17195723.74,16621458.55,C760284726,0.0,574265.19,0,0,L03_00258,LEGITIMATE_HIGH_VALUE_HISTORY,High-value transaction consistent with normal historical account behavior,NONE,1,3,5,NORMAL,0.0334
L03_001289,425,TRANSFER,507509.29,C1412120055,16621458.55,16113949.26,C760284726,0.0,507509.29,0,0,L03_00258,LEGITIMATE_HIGH_VALUE_HISTORY,High-value transaction consistent with normal historical account behavior,NONE,1,4,5,NORMAL,0.0305
L03_001290,472,TRANSFER,4834184.78,C1412120055,16113949.26,11279764.48,C760284726,0.0,4834184.78,0,0,L03_00258,LEGITIMATE_HIGH_VALUE_HISTORY,High-value transaction consistent with normal historical account behavior,NONE,1,5,5,NORMAL,0.3
L03_001291,360,TRANSFER,351038.53,C1095472627,9910763.15,9559724.62,C1355977276,0.0,351038.53,0,0,L03_00259,LEGITIMATE_HIGH_VALUE_HISTORY,High-value transaction consistent with normal historical account behavior,NONE,1,1,5,NORMAL,0.0354
L03_001292,409,TRANSFER,306524.27,C1095472627,9559724.62,9253200.35,C1355977276,0.0,306524.27,0,0,L03_00259,LEGITIMATE_HIGH_VALUE_HISTORY,High-value transaction consistent with normal historical account behavior,NONE,1,2,5,NORMAL,0.0321
L03_001293,444,TRANSFER,873324.58,C1095472627,9253200.35,8379875.77,C1355977276,0.0,873324.58,0,0,L03_00259,LEGITIMATE_HIGH_VALUE_HISTORY,High-value transaction consistent with normal historical account behavior,NONE,1,3,5,NORMAL,0.0944
L03_001294,498,TRANSFER,296056.07,C1095472627,8379875.77,8083819.7,C1355977276,0.0,296056.07,0,0,L03_00259,LEGITIMATE_HIGH_VALUE_HISTORY,High-value transaction consistent with normal historical account behavior,NONE,1,4,5,NORMAL,0.0353
L03_001295,524,TRANSFER,2425145.91,C1095472627,8083819.7,5658673.79,C1355977276,0.0,2425145.91,0,0,L03_00259,LEGITIMATE_HIGH_VALUE_HISTORY,High-value transaction consistent with normal historical account behavior,NONE,1,5,5,NORMAL,0.3
L03_001296,214,TRANSFER,766993.91,C1167752439,7551562.51,6784568.6,C1139020163,0.0,766993.91,0,0,L03_00260,LEGITIMATE_HIGH_VALUE_HISTORY,High-value transaction consistent with normal historical account behavior,NONE,1,1,5,NORMAL,0.1016
L03_001297,247,TRANSFER,532820.96,C1167752439,6784568.6,6251747.64,C1139020163,0.0,532820.96,0,0,L03_00260,LEGITIMATE_HIGH_VALUE_HISTORY,High-value transaction consistent with normal historical account behavior,NONE,1,2,5,NORMAL,0.0785
L03_001298,285,TRANSFER,403399.04,C1167752439,6251747.64,5848348.6,C1139020163,0.0,403399.04,0,0,L03_00260,LEGITIMATE_HIGH_VALUE_HISTORY,High-value transaction consistent with normal historical account behavior,NONE,1,3,5,NORMAL,0.0645
L03_001299,303,TRANSFER,501445.58,C1167752439,5848348.6,5346903.02,C1139020163,0.0,501445.58,0,0,L03_00260,LEGITIMATE_HIGH_VALUE_HISTORY,High-value transaction consistent with normal historical account behavior,NONE,1,4,5,NORMAL,0.0857
L03_001300,328,TRANSFER,1604070.91,C1167752439,5346903.02,3742832.12,C1139020163,0.0,1604070.91,0,0,L03_00260,LEGITIMATE_HIGH_VALUE_HISTORY,High-value transaction consistent with normal historical account behavior,NONE,1,5,5,NORMAL,0.3
L03_001301,412,TRANSFER,692181.45,C951989942,8286986.84,7594805.39,C2034088711,0.0,692181.45,0,0,L03_00261,LEGITIMATE_HIGH_VALUE_HISTORY,High-value transaction consistent with normal historical account behavior,NONE,1,1,5,NORMAL,0.0835
L03_001302,454,TRANSFER,815391.77,C951989942,7594805.39,6779413.62,C2034088711,0.0,815391.77,0,0,L03_00261,LEGITIMATE_HIGH_VALUE_HISTORY,High-value transaction consistent with normal historical account behavior,NONE,1,2,5,NORMAL,0.1074
L03_001303,477,TRANSFER,582768.96,C951989942,6779413.62,6196644.66,C2034088711,0.0,582768.96,0,0,L03_00261,LEGITIMATE_HIGH_VALUE_HISTORY,High-value transaction consistent with normal historical account behavior,NONE,1,3,5,NORMAL,0.086
L03_001304,518,TRANSFER,392224.49,C951989942,6196644.66,5804420.17,C2034088711,0.0,392224.49,0,0,L03_00261,LEGITIMATE_HIGH_VALUE_HISTORY,High-value transaction consistent with normal historical account behavior,NONE,1,4,5,NORMAL,0.0633
L03_001305,535,TRANSFER,1741326.05,C951989942,5804420.17,4063094.12,C2034088711,0.0,1741326.05,0,0,L03_00261,LEGITIMATE_HIGH_VALUE_HISTORY,High-value transaction consistent with normal historical account behavior,NONE,1,5,5,NORMAL,0.3
L03_001306,357,TRANSFER,806182.42,C1446205186,9219615.87,8413433.45,C1654098308,0.0,806182.42,0,0,L03_00262,LEGITIMATE_HIGH_VALUE_HISTORY,High-value transaction consistent with normal historical account behavior,NONE,1,1,5,NORMAL,0.0874
L03_001307,402,TRANSFER,606203.78,C1446205186,8413433.45,7807229.67,C1654098308,0.0,606203.78,0,0,L03_00262,LEGITIMATE_HIGH_VALUE_HISTORY,High-value transaction consistent with normal historical account behavior,NONE,1,2,5,NORMAL,0.0721
L03_001308,432,TRANSFER,818320.31,C1446205186,7807229.67,6988909.36,C1654098308,0.0,818320.31,0,0,L03_00262,LEGITIMATE_HIGH_VALUE_HISTORY,High-value transaction consistent with normal historical account behavior,NONE,1,3,5,NORMAL,0.1048
L03_001309,457,TRANSFER,418504.26,C1446205186,6988909.36,6570405.1,C1654098308,0.0,418504.26,0,0,L03_00262,LEGITIMATE_HIGH_VALUE_HISTORY,High-value transaction consistent with normal historical account behavior,NONE,1,4,5,NORMAL,0.0599
L03_001310,499,TRANSFER,1971121.53,C1446205186,6570405.1,4599283.57,C1654098308,0.0,1971121.53,0,0,L03_00262,LEGITIMATE_HIGH_VALUE_HISTORY,High-value transaction consistent with normal historical account behavior,NONE,1,5,5,NORMAL,0.3
L03_001311,343,TRANSFER,567430.76,C1507081216,18873060.9,18305630.14,C1597201839,0.0,567430.76,0,0,L03_00263,LEGITIMATE_HIGH_VALUE_HISTORY,High-value transaction consistent with normal historical account behavior,NONE,1,1,5,NORMAL,0.0301
L03_001312,367,TRANSFER,806011.65,C1507081216,18305630.14,17499618.49,C1597201839,0.0,806011.65,0,0,L03_00263,LEGITIMATE_HIGH_VALUE_HISTORY,High-value transaction consistent with normal historical account behavior,NONE,1,2,5,NORMAL,0.044
L03_001313,418,TRANSFER,842468.4,C1507081216,17499618.49,16657150.09,C1597201839,0.0,842468.4,0,0,L03_00263,LEGITIMATE_HIGH_VALUE_HISTORY,High-value transaction consistent with normal historical account behavior,NONE,1,3,5,NORMAL,0.0481
L03_001314,446,TRANSFER,366129.79,C1507081216,16657150.09,16291020.3,C1597201839,0.0,366129.79,0,0,L03_00263,LEGITIMATE_HIGH_VALUE_HISTORY,High-value transaction consistent with normal historical account behavior,NONE,1,4,5,NORMAL,0.022
L03_001315,461,TRANSFER,4887306.09,C1507081216,16291020.3,11403714.21,C1597201839,0.0,4887306.09,0,0,L03_00263,LEGITIMATE_HIGH_VALUE_HISTORY,High-value transaction consistent with normal historical account behavior,NONE,1,5,5,NORMAL,0.3
L03_001316,393,TRANSFER,615871.86,C1292981435,8659381.0,8043509.14,C448555696,0.0,615871.86,0,0,L03_00264,LEGITIMATE_HIGH_VALUE_HISTORY,High-value transaction consistent with normal historical account behavior,NONE,1,1,5,NORMAL,0.0711
L03_001317,421,TRANSFER,458981.39,C1292981435,8043509.14,7584527.75,C448555696,0.0,458981.39,0,0,L03_00264,LEGITIMATE_HIGH_VALUE_HISTORY,High-value transaction consistent with normal historical account behavior,NONE,1,2,5,NORMAL,0.0571
L03_001318,451,TRANSFER,523331.47,C1292981435,7584527.75,7061196.28,C448555696,0.0,523331.47,0,0,L03_00264,LEGITIMATE_HIGH_VALUE_HISTORY,High-value transaction consistent with normal historical account behavior,NONE,1,3,5,NORMAL,0.069
L03_001319,485,TRANSFER,394787.41,C1292981435,7061196.28,6666408.87,C448555696,0.0,394787.41,0,0,L03_00264,LEGITIMATE_HIGH_VALUE_HISTORY,High-value transaction consistent with normal historical account behavior,NONE,1,4,5,NORMAL,0.0559
L03_001320,535,TRANSFER,1999922.66,C1292981435,6666408.87,4666486.21,C448555696,0.0,1999922.66,0,0,L03_00264,LEGITIMATE_HIGH_VALUE_HISTORY,High-value transaction consistent with normal historical account behavior,NONE,1,5,5,NORMAL,0.3
L03_001321,419,TRANSFER,768926.3,C87623508,7267397.48,6498471.18,C939133514,0.0,768926.3,0,0,L03_00265,LEGITIMATE_HIGH_VALUE_HISTORY,High-value transaction consistent with normal historical account behavior,NONE,1,1,5,NORMAL,0.1058
L03_001322,436,TRANSFER,499618.05,C87623508,6498471.18,5998853.13,C939133514,0.0,499618.05,0,0,L03_00265,LEGITIMATE_HIGH_VALUE_HISTORY,High-value transaction consistent with normal historical account behavior,NONE,1,2,5,NORMAL,0.0769
L03_001323,469,TRANSFER,459920.26,C87623508,5998853.13,5538932.87,C939133514,0.0,459920.26,0,0,L03_00265,LEGITIMATE_HIGH_VALUE_HISTORY,High-value transaction consistent with normal historical account behavior,NONE,1,3,5,NORMAL,0.0767
L03_001324,504,TRANSFER,298154.09,C87623508,5538932.87,5240778.78,C939133514,0.0,298154.09,0,0,L03_00265,LEGITIMATE_HIGH_VALUE_HISTORY,High-value transaction consistent with normal historical account behavior,NONE,1,4,5,NORMAL,0.0538
L03_001325,532,TRANSFER,1572233.63,C87623508,5240778.78,3668545.14,C939133514,0.0,1572233.63,0,0,L03_00265,LEGITIMATE_HIGH_VALUE_HISTORY,High-value transaction consistent with normal historical account behavior,NONE,1,5,5,NORMAL,0.3
L03_001326,446,TRANSFER,629750.6,C802382857,9481905.07,8852154.47,C743309542,0.0,629750.6,0,0,L03_00266,LEGITIMATE_HIGH_VALUE_HISTORY,High-value transaction consistent with normal historical account behavior,NONE,1,1,5,NORMAL,0.0664
L03_001327,505,TRANSFER,637825.17,C802382857,8852154.47,8214329.3,C743309542,0.0,637825.17,0,0,L03_00266,LEGITIMATE_HIGH_VALUE_HISTORY,High-value transaction consistent with normal historical account behavior,NONE,1,2,5,NORMAL,0.0721
L03_001328,535,TRANSFER,702868.77,C802382857,8214329.3,7511460.54,C743309542,0.0,702868.77,0,0,L03_00266,LEGITIMATE_HIGH_VALUE_HISTORY,High-value transaction consistent with normal historical account behavior,NONE,1,3,5,NORMAL,0.0856
L03_001329,591,TRANSFER,650401.76,C802382857,7511460.54,6861058.78,C743309542,0.0,650401.76,0,0,L03_00266,LEGITIMATE_HIGH_VALUE_HISTORY,High-value transaction consistent with normal historical account behavior,NONE,1,4,5,NORMAL,0.0866
L03_001330,621,TRANSFER,2058317.63,C802382857,6861058.78,4802741.14,C743309542,0.0,2058317.63,0,0,L03_00266,LEGITIMATE_HIGH_VALUE_HISTORY,High-value transaction consistent with normal historical account behavior,NONE,1,5,5,NORMAL,0.3
L03_001331,348,TRANSFER,768863.14,C1559667823,12955768.65,12186905.51,C1562077747,0.0,768863.14,0,0,L03_00267,LEGITIMATE_HIGH_VALUE_HISTORY,High-value transaction consistent with normal historical account behavior,NONE,1,1,5,NORMAL,0.0593
L03_001332,372,TRANSFER,455679.08,C1559667823,12186905.51,11731226.43,C1562077747,0.0,455679.08,0,0,L03_00267,LEGITIMATE_HIGH_VALUE_HISTORY,High-value transaction consistent with normal historical account behavior,NONE,1,2,5,NORMAL,0.0374
L03_001333,398,TRANSFER,392377.68,C1559667823,11731226.43,11338848.75,C1562077747,0.0,392377.68,0,0,L03_00267,LEGITIMATE_HIGH_VALUE_HISTORY,High-value transaction consistent with normal historical account behavior,NONE,1,3,5,NORMAL,0.0334
L03_001334,431,TRANSFER,749153.39,C1559667823,11338848.75,10589695.36,C1562077747,0.0,749153.39,0,0,L03_00267,LEGITIMATE_HIGH_VALUE_HISTORY,High-value transaction consistent with normal historical account behavior,NONE,1,4,5,NORMAL,0.0661
L03_001335,478,TRANSFER,3176908.61,C1559667823,10589695.36,7412786.75,C1562077747,0.0,3176908.61,0,0,L03_00267,LEGITIMATE_HIGH_VALUE_HISTORY,High-value transaction consistent with normal historical account behavior,NONE,1,5,5,NORMAL,0.3
L03_001336,556,TRANSFER,711499.25,C61789702,17230428.96,16518929.71,C781552024,0.0,711499.25,0,0,L03_00268,LEGITIMATE_HIGH_VALUE_HISTORY,High-value transaction consistent with normal historical account behavior,NONE,1,1,5,NORMAL,0.0413
L03_001337,600,TRANSFER,364450.66,C61789702,16518929.71,16154479.05,C781552024,0.0,364450.66,0,0,L03_00268,LEGITIMATE_HIGH_VALUE_HISTORY,High-value transaction consistent with normal historical account behavior,NONE,1,2,5,NORMAL,0.0221
L03_001338,660,TRANSFER,479343.55,C61789702,16154479.05,15675135.5,C781552024,0.0,479343.55,0,0,L03_00268,LEGITIMATE_HIGH_VALUE_HISTORY,High-value transaction consistent with normal historical account behavior,NONE,1,3,5,NORMAL,0.0297
L03_001339,698,TRANSFER,715945.97,C61789702,15675135.5,14959189.53,C781552024,0.0,715945.97,0,0,L03_00268,LEGITIMATE_HIGH_VALUE_HISTORY,High-value transaction consistent with normal historical account behavior,NONE,1,4,5,NORMAL,0.0457
L03_001340,744,TRANSFER,4487756.86,C61789702,14959189.53,10471432.67,C781552024,0.0,4487756.86,0,0,L03_00268,LEGITIMATE_HIGH_VALUE_HISTORY,High-value transaction consistent with normal historical account behavior,NONE,1,5,5,NORMAL,0.3
L03_001341,448,TRANSFER,690745.63,C1283080610,8886132.87,8195387.24,C530954779,0.0,690745.63,0,0,L03_00269,LEGITIMATE_HIGH_VALUE_HISTORY,High-value transaction consistent with normal historical account behavior,NONE,1,1,5,NORMAL,0.0777
L03_001342,494,TRANSFER,558320.51,C1283080610,8195387.24,7637066.73,C530954779,0.0,558320.51,0,0,L03_00269,LEGITIMATE_HIGH_VALUE_HISTORY,High-value transaction consistent with normal historical account behavior,NONE,1,2,5,NORMAL,0.0681
L03_001343,552,TRANSFER,398942.56,C1283080610,7637066.73,7238124.17,C530954779,0.0,398942.56,0,0,L03_00269,LEGITIMATE_HIGH_VALUE_HISTORY,High-value transaction consistent with normal historical account behavior,NONE,1,3,5,NORMAL,0.0522
L03_001344,573,TRANSFER,393062.27,C1283080610,7238124.17,6845061.9,C530954779,0.0,393062.27,0,0,L03_00269,LEGITIMATE_HIGH_VALUE_HISTORY,High-value transaction consistent with normal historical account behavior,NONE,1,4,5,NORMAL,0.0543
L03_001345,622,TRANSFER,2053518.57,C1283080610,6845061.9,4791543.33,C530954779,0.0,2053518.57,0,0,L03_00269,LEGITIMATE_HIGH_VALUE_HISTORY,High-value transaction consistent with normal historical account behavior,NONE,1,5,5,NORMAL,0.3
L03_001346,409,TRANSFER,399929.08,C1729079247,7596703.63,7196774.55,C1796650444,0.0,399929.08,0,0,L03_00270,LEGITIMATE_HIGH_VALUE_HISTORY,High-value transaction consistent with normal historical account behavior,NONE,1,1,5,NORMAL,0.0526
L03_001347,469,TRANSFER,361303.04,C1729079247,7196774.55,6835471.51,C1796650444,0.0,361303.04,0,0,L03_00270,LEGITIMATE_HIGH_VALUE_HISTORY,High-value transaction consistent with normal historical account behavior,NONE,1,2,5,NORMAL,0.0502
L03_001348,520,TRANSFER,841336.57,C1729079247,6835471.51,5994134.94,C1796650444,0.0,841336.57,0,0,L03_00270,LEGITIMATE_HIGH_VALUE_HISTORY,High-value transaction consistent with normal historical account behavior,NONE,1,3,5,NORMAL,0.1231
L03_001349,536,TRANSFER,376270.9,C1729079247,5994134.94,5617864.04,C1796650444,0.0,376270.9,0,0,L03_00270,LEGITIMATE_HIGH_VALUE_HISTORY,High-value transaction consistent with normal historical account behavior,NONE,1,4,5,NORMAL,0.0628
L03_001350,586,TRANSFER,1685359.21,C1729079247,5617864.04,3932504.83,C1796650444,0.0,1685359.21,0,0,L03_00270,LEGITIMATE_HIGH_VALUE_HISTORY,High-value transaction consistent with normal historical account behavior,NONE,1,5,5,NORMAL,0.3
L03_001351,386,TRANSFER,839842.12,C53673959,18495292.75,17655450.63,C1700801577,0.0,839842.12,0,0,L03_00271,LEGITIMATE_HIGH_VALUE_HISTORY,High-value transaction consistent with normal historical account behavior,NONE,1,1,5,NORMAL,0.0454
L03_001352,429,TRANSFER,663945.85,C53673959,17655450.63,16991504.78,C1700801577,0.0,663945.85,0,0,L03_00271,LEGITIMATE_HIGH_VALUE_HISTORY,High-value transaction consistent with normal historical account behavior,NONE,1,2,5,NORMAL,0.0376
L03_001353,458,TRANSFER,580197.88,C53673959,16991504.78,16411306.9,C1700801577,0.0,580197.88,0,0,L03_00271,LEGITIMATE_HIGH_VALUE_HISTORY,High-value transaction consistent with normal historical account behavior,NONE,1,3,5,NORMAL,0.0341
L03_001354,483,TRANSFER,406274.24,C53673959,16411306.9,16005032.66,C1700801577,0.0,406274.24,0,0,L03_00271,LEGITIMATE_HIGH_VALUE_HISTORY,High-value transaction consistent with normal historical account behavior,NONE,1,4,5,NORMAL,0.0248
L03_001355,498,TRANSFER,4801509.8,C53673959,16005032.66,11203522.87,C1700801577,0.0,4801509.8,0,0,L03_00271,LEGITIMATE_HIGH_VALUE_HISTORY,High-value transaction consistent with normal historical account behavior,NONE,1,5,5,NORMAL,0.3
L03_001356,424,TRANSFER,292015.77,C1925891681,8199762.86,7907747.09,C221008185,0.0,292015.77,0,0,L03_00272,LEGITIMATE_HIGH_VALUE_HISTORY,High-value transaction consistent with normal historical account behavior,NONE,1,1,5,NORMAL,0.0356
L03_001357,451,TRANSFER,866114.29,C1925891681,7907747.09,7041632.8,C221008185,0.0,866114.29,0,0,L03_00272,LEGITIMATE_HIGH_VALUE_HISTORY,High-value transaction consistent with normal historical account behavior,NONE,1,2,5,NORMAL,0.1095
L03_001358,489,TRANSFER,639068.19,C1925891681,7041632.8,6402564.61,C221008185,0.0,639068.19,0,0,L03_00272,LEGITIMATE_HIGH_VALUE_HISTORY,High-value transaction consistent with normal historical account behavior,NONE,1,3,5,NORMAL,0.0908
L03_001359,548,TRANSFER,519223.27,C1925891681,6402564.61,5883341.34,C221008185,0.0,519223.27,0,0,L03_00272,LEGITIMATE_HIGH_VALUE_HISTORY,High-value transaction consistent with normal historical account behavior,NONE,1,4,5,NORMAL,0.0811
L03_001360,598,TRANSFER,1765002.4,C1925891681,5883341.34,4118338.93,C221008185,0.0,1765002.4,0,0,L03_00272,LEGITIMATE_HIGH_VALUE_HISTORY,High-value transaction consistent with normal historical account behavior,NONE,1,5,5,NORMAL,0.3
L03_001361,338,TRANSFER,686955.51,C1173433165,10643212.74,9956257.23,C1478782830,0.0,686955.51,0,0,L03_00273,LEGITIMATE_HIGH_VALUE_HISTORY,High-value transaction consistent with normal historical account behavior,NONE,1,1,5,NORMAL,0.0645
L03_001362,364,TRANSFER,666837.76,C1173433165,9956257.23,9289419.47,C1478782830,0.0,666837.76,0,0,L03_00273,LEGITIMATE_HIGH_VALUE_HISTORY,High-value transaction consistent with normal historical account behavior,NONE,1,2,5,NORMAL,0.067
L03_001363,421,TRANSFER,794425.14,C1173433165,9289419.47,8494994.33,C1478782830,0.0,794425.14,0,0,L03_00273,LEGITIMATE_HIGH_VALUE_HISTORY,High-value transaction consistent with normal historical account behavior,NONE,1,3,5,NORMAL,0.0855
L03_001364,467,TRANSFER,436171.51,C1173433165,8494994.33,8058822.82,C1478782830,0.0,436171.51,0,0,L03_00273,LEGITIMATE_HIGH_VALUE_HISTORY,High-value transaction consistent with normal historical account behavior,NONE,1,4,5,NORMAL,0.0513
L03_001365,521,TRANSFER,2417646.85,C1173433165,8058822.82,5641175.97,C1478782830,0.0,2417646.85,0,0,L03_00273,LEGITIMATE_HIGH_VALUE_HISTORY,High-value transaction consistent with normal historical account behavior,NONE,1,5,5,NORMAL,0.3
L03_001366,344,TRANSFER,833602.61,C578173787,18610877.42,17777274.81,C1355921443,0.0,833602.61,0,0,L03_00274,LEGITIMATE_HIGH_VALUE_HISTORY,High-value transaction consistent with normal historical account behavior,NONE,1,1,5,NORMAL,0.0448
L03_001367,359,TRANSFER,683407.1,C578173787,17777274.81,17093867.71,C1355921443,0.0,683407.1,0,0,L03_00274,LEGITIMATE_HIGH_VALUE_HISTORY,High-value transaction consistent with normal historical account behavior,NONE,1,2,5,NORMAL,0.0384
L03_001368,419,TRANSFER,620814.69,C578173787,17093867.71,16473053.02,C1355921443,0.0,620814.69,0,0,L03_00274,LEGITIMATE_HIGH_VALUE_HISTORY,High-value transaction consistent with normal historical account behavior,NONE,1,3,5,NORMAL,0.0363
L03_001369,439,TRANSFER,518865.25,C578173787,16473053.02,15954187.77,C1355921443,0.0,518865.25,0,0,L03_00274,LEGITIMATE_HIGH_VALUE_HISTORY,High-value transaction consistent with normal historical account behavior,NONE,1,4,5,NORMAL,0.0315
L03_001370,491,TRANSFER,4786256.33,C578173787,15954187.77,11167931.44,C1355921443,0.0,4786256.33,0,0,L03_00274,LEGITIMATE_HIGH_VALUE_HISTORY,High-value transaction consistent with normal historical account behavior,NONE,1,5,5,NORMAL,0.3
L03_001371,356,TRANSFER,425390.76,C994163345,8912712.77,8487322.01,C2135981762,0.0,425390.76,0,0,L03_00275,LEGITIMATE_HIGH_VALUE_HISTORY,High-value transaction consistent with normal historical account behavior,NONE,1,1,5,NORMAL,0.0477
L03_001372,381,TRANSFER,795923.57,C994163345,8487322.01,7691398.44,C2135981762,0.0,795923.57,0,0,L03_00275,LEGITIMATE_HIGH_VALUE_HISTORY,High-value transaction consistent with normal historical account behavior,NONE,1,2,5,NORMAL,0.0938
L03_001373,434,TRANSFER,601247.37,C994163345,7691398.44,7090151.07,C2135981762,0.0,601247.37,0,0,L03_00275,LEGITIMATE_HIGH_VALUE_HISTORY,High-value transaction consistent with normal historical account behavior,NONE,1,3,5,NORMAL,0.0782
L03_001374,466,TRANSFER,585467.06,C994163345,7090151.07,6504684.01,C2135981762,0.0,585467.06,0,0,L03_00275,LEGITIMATE_HIGH_VALUE_HISTORY,High-value transaction consistent with normal historical account behavior,NONE,1,4,5,NORMAL,0.0826
L03_001375,504,TRANSFER,1951405.2,C994163345,6504684.01,4553278.8,C2135981762,0.0,1951405.2,0,0,L03_00275,LEGITIMATE_HIGH_VALUE_HISTORY,High-value transaction consistent with normal historical account behavior,NONE,1,5,5,NORMAL,0.3
L03_001376,300,TRANSFER,675540.02,C204258337,18974099.28,18298559.26,C2105830770,0.0,675540.02,0,0,L03_00276,LEGITIMATE_HIGH_VALUE_HISTORY,High-value transaction consistent with normal historical account behavior,NONE,1,1,5,NORMAL,0.0356
L03_001377,328,TRANSFER,676618.65,C204258337,18298559.26,17621940.61,C2105830770,0.0,676618.65,0,0,L03_00276,LEGITIMATE_HIGH_VALUE_HISTORY,High-value transaction consistent with normal historical account behavior,NONE,1,2,5,NORMAL,0.037
L03_001378,359,TRANSFER,828542.26,C204258337,17621940.61,16793398.35,C2105830770,0.0,828542.26,0,0,L03_00276,LEGITIMATE_HIGH_VALUE_HISTORY,High-value transaction consistent with normal historical account behavior,NONE,1,3,5,NORMAL,0.047
L03_001379,375,TRANSFER,468698.59,C204258337,16793398.35,16324699.76,C2105830770,0.0,468698.59,0,0,L03_00276,LEGITIMATE_HIGH_VALUE_HISTORY,High-value transaction consistent with normal historical account behavior,NONE,1,4,5,NORMAL,0.0279
L03_001380,435,TRANSFER,4897409.93,C204258337,16324699.76,11427289.83,C2105830770,0.0,4897409.93,0,0,L03_00276,LEGITIMATE_HIGH_VALUE_HISTORY,High-value transaction consistent with normal historical account behavior,NONE,1,5,5,NORMAL,0.3
L03_001381,389,TRANSFER,591043.95,C1225078806,12701306.85,12110262.9,C260094734,0.0,591043.95,0,0,L03_00277,LEGITIMATE_HIGH_VALUE_HISTORY,High-value transaction consistent with normal historical account behavior,NONE,1,1,5,NORMAL,0.0465
L03_001382,443,TRANSFER,384386.77,C1225078806,12110262.9,11725876.13,C260094734,0.0,384386.77,0,0,L03_00277,LEGITIMATE_HIGH_VALUE_HISTORY,High-value transaction consistent with normal historical account behavior,NONE,1,2,5,NORMAL,0.0317
L03_001383,483,TRANSFER,771079.38,C1225078806,11725876.13,10954796.75,C260094734,0.0,771079.38,0,0,L03_00277,LEGITIMATE_HIGH_VALUE_HISTORY,High-value transaction consistent with normal historical account behavior,NONE,1,3,5,NORMAL,0.0658
L03_001384,534,TRANSFER,485767.47,C1225078806,10954796.75,10469029.28,C260094734,0.0,485767.47,0,0,L03_00277,LEGITIMATE_HIGH_VALUE_HISTORY,High-value transaction consistent with normal historical account behavior,NONE,1,4,5,NORMAL,0.0443
L03_001385,580,TRANSFER,3140708.78,C1225078806,10469029.28,7328320.5,C260094734,0.0,3140708.78,0,0,L03_00277,LEGITIMATE_HIGH_VALUE_HISTORY,High-value transaction consistent with normal historical account behavior,NONE,1,5,5,NORMAL,0.3
L03_001386,257,TRANSFER,724448.93,C384026303,7942096.49,7217647.56,C413265594,0.0,724448.93,0,0,L03_00278,LEGITIMATE_HIGH_VALUE_HISTORY,High-value transaction consistent with normal historical account behavior,NONE,1,1,5,NORMAL,0.0912
L03_001387,297,TRANSFER,421604.11,C384026303,7217647.56,6796043.45,C413265594,0.0,421604.11,0,0,L03_00278,LEGITIMATE_HIGH_VALUE_HISTORY,High-value transaction consistent with normal historical account behavior,NONE,1,2,5,NORMAL,0.0584
L03_001388,333,TRANSFER,682521.85,C384026303,6796043.45,6113521.6,C413265594,0.0,682521.85,0,0,L03_00278,LEGITIMATE_HIGH_VALUE_HISTORY,High-value transaction consistent with normal historical account behavior,NONE,1,3,5,NORMAL,0.1004
L03_001389,379,TRANSFER,578749.43,C384026303,6113521.6,5534772.17,C413265594,0.0,578749.43,0,0,L03_00278,LEGITIMATE_HIGH_VALUE_HISTORY,High-value transaction consistent with normal historical account behavior,NONE,1,4,5,NORMAL,0.0947
L03_001390,408,TRANSFER,1660431.65,C384026303,5534772.17,3874340.52,C413265594,0.0,1660431.65,0,0,L03_00278,LEGITIMATE_HIGH_VALUE_HISTORY,High-value transaction consistent with normal historical account behavior,NONE,1,5,5,NORMAL,0.3
L03_001391,358,TRANSFER,325762.98,C61788545,8949540.11,8623777.12,C618781962,0.0,325762.98,0,0,L03_00279,LEGITIMATE_HIGH_VALUE_HISTORY,High-value transaction consistent with normal historical account behavior,NONE,1,1,5,NORMAL,0.0364
L03_001392,373,TRANSFER,862647.3,C61788545,8623777.12,7761129.83,C618781962,0.0,862647.3,0,0,L03_00279,LEGITIMATE_HIGH_VALUE_HISTORY,High-value transaction consistent with normal historical account behavior,NONE,1,2,5,NORMAL,0.1
L03_001393,432,TRANSFER,772817.76,C61788545,7761129.83,6988312.07,C618781962,0.0,772817.76,0,0,L03_00279,LEGITIMATE_HIGH_VALUE_HISTORY,High-value transaction consistent with normal historical account behavior,NONE,1,3,5,NORMAL,0.0996
L03_001394,472,TRANSFER,800929.67,C61788545,6988312.07,6187382.4,C618781962,0.0,800929.67,0,0,L03_00279,LEGITIMATE_HIGH_VALUE_HISTORY,High-value transaction consistent with normal historical account behavior,NONE,1,4,5,NORMAL,0.1146
L03_001395,530,TRANSFER,1856214.72,C61788545,6187382.4,4331167.68,C618781962,0.0,1856214.72,0,0,L03_00279,LEGITIMATE_HIGH_VALUE_HISTORY,High-value transaction consistent with normal historical account behavior,NONE,1,5,5,NORMAL,0.3
L03_001396,60,TRANSFER,630681.46,C1923117171,8504548.11,7873866.65,C141316671,0.0,630681.46,0,0,L03_00280,LEGITIMATE_HIGH_VALUE_HISTORY,High-value transaction consistent with normal historical account behavior,NONE,1,1,5,NORMAL,0.0742
L03_001397,98,TRANSFER,594665.67,C1923117171,7873866.65,7279200.98,C141316671,0.0,594665.67,0,0,L03_00280,LEGITIMATE_HIGH_VALUE_HISTORY,High-value transaction consistent with normal historical account behavior,NONE,1,2,5,NORMAL,0.0755
L03_001398,145,TRANSFER,639043.21,C1923117171,7279200.98,6640157.77,C141316671,0.0,639043.21,0,0,L03_00280,LEGITIMATE_HIGH_VALUE_HISTORY,High-value transaction consistent with normal historical account behavior,NONE,1,3,5,NORMAL,0.0878
L03_001399,165,TRANSFER,681230.89,C1923117171,6640157.77,5958926.88,C141316671,0.0,681230.89,0,0,L03_00280,LEGITIMATE_HIGH_VALUE_HISTORY,High-value transaction consistent with normal historical account behavior,NONE,1,4,5,NORMAL,0.1026
L03_001400,182,TRANSFER,1787678.06,C1923117171,5958926.88,4171248.82,C141316671,0.0,1787678.06,0,0,L03_00280,LEGITIMATE_HIGH_VALUE_HISTORY,High-value transaction consistent with normal historical account behavior,NONE,1,5,5,NORMAL,0.3
L03_001401,409,TRANSFER,639512.68,C1521577502,13414638.75,12775126.07,C2029377261,0.0,639512.68,0,0,L03_00281,LEGITIMATE_HIGH_VALUE_HISTORY,High-value transaction consistent with normal historical account behavior,NONE,1,1,5,NORMAL,0.0477
L03_001402,425,TRANSFER,675972.43,C1521577502,12775126.07,12099153.64,C2029377261,0.0,675972.43,0,0,L03_00281,LEGITIMATE_HIGH_VALUE_HISTORY,High-value transaction consistent with normal historical account behavior,NONE,1,2,5,NORMAL,0.0529
L03_001403,452,TRANSFER,536093.69,C1521577502,12099153.64,11563059.95,C2029377261,0.0,536093.69,0,0,L03_00281,LEGITIMATE_HIGH_VALUE_HISTORY,High-value transaction consistent with normal historical account behavior,NONE,1,3,5,NORMAL,0.0443
L03_001404,476,TRANSFER,709471.99,C1521577502,11563059.95,10853587.96,C2029377261,0.0,709471.99,0,0,L03_00281,LEGITIMATE_HIGH_VALUE_HISTORY,High-value transaction consistent with normal historical account behavior,NONE,1,4,5,NORMAL,0.0614
L03_001405,506,TRANSFER,3256076.39,C1521577502,10853587.96,7597511.57,C2029377261,0.0,3256076.39,0,0,L03_00281,LEGITIMATE_HIGH_VALUE_HISTORY,High-value transaction consistent with normal historical account behavior,NONE,1,5,5,NORMAL,0.3
L03_001406,413,TRANSFER,737493.67,C802382857,9561515.36,8824021.69,C743309542,0.0,737493.67,0,0,L03_00282,LEGITIMATE_HIGH_VALUE_HISTORY,High-value transaction consistent with normal historical account behavior,NONE,1,1,5,NORMAL,0.0771
L03_001407,459,TRANSFER,535096.05,C802382857,8824021.69,8288925.64,C743309542,0.0,535096.05,0,0,L03_00282,LEGITIMATE_HIGH_VALUE_HISTORY,High-value transaction consistent with normal historical account behavior,NONE,1,2,5,NORMAL,0.0606
L03_001408,474,TRANSFER,651966.3,C802382857,8288925.64,7636959.34,C743309542,0.0,651966.3,0,0,L03_00282,LEGITIMATE_HIGH_VALUE_HISTORY,High-value transaction consistent with normal historical account behavior,NONE,1,3,5,NORMAL,0.0787
L03_001409,502,TRANSFER,801890.37,C802382857,7636959.34,6835068.97,C743309542,0.0,801890.37,0,0,L03_00282,LEGITIMATE_HIGH_VALUE_HISTORY,High-value transaction consistent with normal historical account behavior,NONE,1,4,5,NORMAL,0.105
L03_001410,524,TRANSFER,2050520.69,C802382857,6835068.97,4784548.28,C743309542,0.0,2050520.69,0,0,L03_00282,LEGITIMATE_HIGH_VALUE_HISTORY,High-value transaction consistent with normal historical account behavior,NONE,1,5,5,NORMAL,0.3
L03_001411,370,TRANSFER,664690.03,C1896988541,9075251.18,8410561.15,C1935812079,0.0,664690.03,0,0,L03_00283,LEGITIMATE_HIGH_VALUE_HISTORY,High-value transaction consistent with normal historical account behavior,NONE,1,1,5,NORMAL,0.0732
L03_001412,422,TRANSFER,841194.11,C1896988541,8410561.15,7569367.04,C1935812079,0.0,841194.11,0,0,L03_00283,LEGITIMATE_HIGH_VALUE_HISTORY,High-value transaction consistent with normal historical account behavior,NONE,1,2,5,NORMAL,0.1
L03_001413,452,TRANSFER,390070.29,C1896988541,7569367.04,7179296.75,C1935812079,0.0,390070.29,0,0,L03_00283,LEGITIMATE_HIGH_VALUE_HISTORY,High-value transaction consistent with normal historical account behavior,NONE,1,3,5,NORMAL,0.0515
L03_001414,487,TRANSFER,751914.03,C1896988541,7179296.75,6427382.72,C1935812079,0.0,751914.03,0,0,L03_00283,LEGITIMATE_HIGH_VALUE_HISTORY,High-value transaction consistent with normal historical account behavior,NONE,1,4,5,NORMAL,0.1047
L03_001415,508,TRANSFER,1928214.81,C1896988541,6427382.72,4499167.9,C1935812079,0.0,1928214.81,0,0,L03_00283,LEGITIMATE_HIGH_VALUE_HISTORY,High-value transaction consistent with normal historical account behavior,NONE,1,5,5,NORMAL,0.3
L03_001416,227,TRANSFER,726546.41,C1370842090,7934393.31,7207846.9,C1024803005,0.0,726546.41,0,0,L03_00284,LEGITIMATE_HIGH_VALUE_HISTORY,High-value transaction consistent with normal historical account behavior,NONE,1,1,5,NORMAL,0.0916
L03_001417,259,TRANSFER,567507.45,C1370842090,7207846.9,6640339.45,C1024803005,0.0,567507.45,0,0,L03_00284,LEGITIMATE_HIGH_VALUE_HISTORY,High-value transaction consistent with normal historical account behavior,NONE,1,2,5,NORMAL,0.0787
L03_001418,277,TRANSFER,539015.28,C1370842090,6640339.45,6101324.17,C1024803005,0.0,539015.28,0,0,L03_00284,LEGITIMATE_HIGH_VALUE_HISTORY,High-value transaction consistent with normal historical account behavior,NONE,1,3,5,NORMAL,0.0812
L03_001419,294,TRANSFER,531515.69,C1370842090,6101324.17,5569808.48,C1024803005,0.0,531515.69,0,0,L03_00284,LEGITIMATE_HIGH_VALUE_HISTORY,High-value transaction consistent with normal historical account behavior,NONE,1,4,5,NORMAL,0.0871
L03_001420,352,TRANSFER,1670942.54,C1370842090,5569808.48,3898865.94,C1024803005,0.0,1670942.54,0,0,L03_00284,LEGITIMATE_HIGH_VALUE_HISTORY,High-value transaction consistent with normal historical account behavior,NONE,1,5,5,NORMAL,0.3
L03_001421,377,TRANSFER,798096.86,C837502444,10856255.61,10058158.75,C1293743188,0.0,798096.86,0,0,L03_00285,LEGITIMATE_HIGH_VALUE_HISTORY,High-value transaction consistent with normal historical account behavior,NONE,1,1,5,NORMAL,0.0735
L03_001422,397,TRANSFER,410231.4,C837502444,10058158.75,9647927.35,C1293743188,0.0,410231.4,0,0,L03_00285,LEGITIMATE_HIGH_VALUE_HISTORY,High-value transaction consistent with normal historical account behavior,NONE,1,2,5,NORMAL,0.0408
L03_001423,452,TRANSFER,467942.21,C837502444,9647927.35,9179985.14,C1293743188,0.0,467942.21,0,0,L03_00285,LEGITIMATE_HIGH_VALUE_HISTORY,High-value transaction consistent with normal historical account behavior,NONE,1,3,5,NORMAL,0.0485
L03_001424,482,TRANSFER,515856.61,C837502444,9179985.14,8664128.53,C1293743188,0.0,515856.61,0,0,L03_00285,LEGITIMATE_HIGH_VALUE_HISTORY,High-value transaction consistent with normal historical account behavior,NONE,1,4,5,NORMAL,0.0562
L03_001425,531,TRANSFER,2599238.56,C837502444,8664128.53,6064889.97,C1293743188,0.0,2599238.56,0,0,L03_00285,LEGITIMATE_HIGH_VALUE_HISTORY,High-value transaction consistent with normal historical account behavior,NONE,1,5,5,NORMAL,0.3
L03_001426,435,TRANSFER,550031.17,C1716725224,9097301.6,8547270.43,C1274877827,0.0,550031.17,0,0,L03_00286,LEGITIMATE_HIGH_VALUE_HISTORY,High-value transaction consistent with normal historical account behavior,NONE,1,1,5,NORMAL,0.0605
L03_001427,465,TRANSFER,812700.02,C1716725224,8547270.43,7734570.41,C1274877827,0.0,812700.02,0,0,L03_00286,LEGITIMATE_HIGH_VALUE_HISTORY,High-value transaction consistent with normal historical account behavior,NONE,1,2,5,NORMAL,0.0951
L03_001428,487,TRANSFER,833789.32,C1716725224,7734570.41,6900781.09,C1274877827,0.0,833789.32,0,0,L03_00286,LEGITIMATE_HIGH_VALUE_HISTORY,High-value transaction consistent with normal historical account behavior,NONE,1,3,5,NORMAL,0.1078
L03_001429,507,TRANSFER,560307.79,C1716725224,6900781.09,6340473.3,C1274877827,0.0,560307.79,0,0,L03_00286,LEGITIMATE_HIGH_VALUE_HISTORY,High-value transaction consistent with normal historical account behavior,NONE,1,4,5,NORMAL,0.0812
L03_001430,534,TRANSFER,1902141.99,C1716725224,6340473.3,4438331.31,C1274877827,0.0,1902141.99,0,0,L03_00286,LEGITIMATE_HIGH_VALUE_HISTORY,High-value transaction consistent with normal historical account behavior,NONE,1,5,5,NORMAL,0.3
L03_001431,232,TRANSFER,543670.54,C1890689850,11062513.29,10518842.75,C1458437666,0.0,543670.54,0,0,L03_00287,LEGITIMATE_HIGH_VALUE_HISTORY,High-value transaction consistent with normal historical account behavior,NONE,1,1,5,NORMAL,0.0491
L03_001432,256,TRANSFER,714201.81,C1890689850,10518842.75,9804640.94,C1458437666,0.0,714201.81,0,0,L03_00287,LEGITIMATE_HIGH_VALUE_HISTORY,High-value transaction consistent with normal historical account behavior,NONE,1,2,5,NORMAL,0.0679
L03_001433,286,TRANSFER,814383.41,C1890689850,9804640.94,8990257.53,C1458437666,0.0,814383.41,0,0,L03_00287,LEGITIMATE_HIGH_VALUE_HISTORY,High-value transaction consistent with normal historical account behavior,NONE,1,3,5,NORMAL,0.0831
L03_001434,322,TRANSFER,741161.08,C1890689850,8990257.53,8249096.45,C1458437666,0.0,741161.08,0,0,L03_00287,LEGITIMATE_HIGH_VALUE_HISTORY,High-value transaction consistent with normal historical account behavior,NONE,1,4,5,NORMAL,0.0824
L03_001435,344,TRANSFER,2474728.93,C1890689850,8249096.45,5774367.51,C1458437666,0.0,2474728.93,0,0,L03_00287,LEGITIMATE_HIGH_VALUE_HISTORY,High-value transaction consistent with normal historical account behavior,NONE,1,5,5,NORMAL,0.3
L03_001436,361,TRANSFER,771816.68,C637864371,18475269.3,17703452.62,C346649476,0.0,771816.68,0,0,L03_00288,LEGITIMATE_HIGH_VALUE_HISTORY,High-value transaction consistent with normal historical account behavior,NONE,1,1,5,NORMAL,0.0418
L03_001437,411,TRANSFER,363386.1,C637864371,17703452.62,17340066.52,C346649476,0.0,363386.1,0,0,L03_00288,LEGITIMATE_HIGH_VALUE_HISTORY,High-value transaction consistent with normal historical account behavior,NONE,1,2,5,NORMAL,0.0205
L03_001438,462,TRANSFER,445160.1,C637864371,17340066.52,16894906.42,C346649476,0.0,445160.1,0,0,L03_00288,LEGITIMATE_HIGH_VALUE_HISTORY,High-value transaction consistent with normal historical account behavior,NONE,1,3,5,NORMAL,0.0257
L03_001439,502,TRANSFER,736483.32,C637864371,16894906.42,16158423.1,C346649476,0.0,736483.32,0,0,L03_00288,LEGITIMATE_HIGH_VALUE_HISTORY,High-value transaction consistent with normal historical account behavior,NONE,1,4,5,NORMAL,0.0436
L03_001440,547,TRANSFER,4847526.93,C637864371,16158423.1,11310896.17,C346649476,0.0,4847526.93,0,0,L03_00288,LEGITIMATE_HIGH_VALUE_HISTORY,High-value transaction consistent with normal historical account behavior,NONE,1,5,5,NORMAL,0.3
L03_001441,268,TRANSFER,434621.54,C907846819,9010719.03,8576097.49,C1862380526,0.0,434621.54,0,0,L03_00289,LEGITIMATE_HIGH_VALUE_HISTORY,High-value transaction consistent with normal historical account behavior,NONE,1,1,5,NORMAL,0.0482
L03_001442,289,TRANSFER,578689.68,C907846819,8576097.49,7997407.81,C1862380526,0.0,578689.68,0,0,L03_00289,LEGITIMATE_HIGH_VALUE_HISTORY,High-value transaction consistent with normal historical account behavior,NONE,1,2,5,NORMAL,0.0675
L03_001443,322,TRANSFER,814966.57,C907846819,7997407.81,7182441.24,C1862380526,0.0,814966.57,0,0,L03_00289,LEGITIMATE_HIGH_VALUE_HISTORY,High-value transaction consistent with normal historical account behavior,NONE,1,3,5,NORMAL,0.1019
L03_001444,374,TRANSFER,379134.42,C907846819,7182441.24,6803306.82,C1862380526,0.0,379134.42,0,0,L03_00289,LEGITIMATE_HIGH_VALUE_HISTORY,High-value transaction consistent with normal historical account behavior,NONE,1,4,5,NORMAL,0.0528
L03_001445,410,TRANSFER,2040992.05,C907846819,6803306.82,4762314.77,C1862380526,0.0,2040992.05,0,0,L03_00289,LEGITIMATE_HIGH_VALUE_HISTORY,High-value transaction consistent with normal historical account behavior,NONE,1,5,5,NORMAL,0.3
L03_001446,331,TRANSFER,870299.29,C1813475423,13268094.05,12397794.76,C589552915,0.0,870299.29,0,0,L03_00290,LEGITIMATE_HIGH_VALUE_HISTORY,High-value transaction consistent with normal historical account behavior,NONE,1,1,5,NORMAL,0.0656
L03_001447,355,TRANSFER,402367.82,C1813475423,12397794.76,11995426.94,C589552915,0.0,402367.82,0,0,L03_00290,LEGITIMATE_HIGH_VALUE_HISTORY,High-value transaction consistent with normal historical account behavior,NONE,1,2,5,NORMAL,0.0325
L03_001448,409,TRANSFER,567390.07,C1813475423,11995426.94,11428036.87,C589552915,0.0,567390.07,0,0,L03_00290,LEGITIMATE_HIGH_VALUE_HISTORY,High-value transaction consistent with normal historical account behavior,NONE,1,3,5,NORMAL,0.0473
L03_001449,453,TRANSFER,433925.43,C1813475423,11428036.87,10994111.44,C589552915,0.0,433925.43,0,0,L03_00290,LEGITIMATE_HIGH_VALUE_HISTORY,High-value transaction consistent with normal historical account behavior,NONE,1,4,5,NORMAL,0.038
L03_001450,470,TRANSFER,3298233.43,C1813475423,10994111.44,7695878.0,C589552915,0.0,3298233.43,0,0,L03_00290,LEGITIMATE_HIGH_VALUE_HISTORY,High-value transaction consistent with normal historical account behavior,NONE,1,5,5,NORMAL,0.3
L03_001451,173,TRANSFER,737262.13,C1059051275,8302206.3,7564944.17,C789828788,0.0,737262.13,0,0,L03_00291,LEGITIMATE_HIGH_VALUE_HISTORY,High-value transaction consistent with normal historical account behavior,NONE,1,1,5,NORMAL,0.0888
L03_001452,205,TRANSFER,456599.61,C1059051275,7564944.17,7108344.56,C789828788,0.0,456599.61,0,0,L03_00291,LEGITIMATE_HIGH_VALUE_HISTORY,High-value transaction consistent with normal historical account behavior,NONE,1,2,5,NORMAL,0.0604
L03_001453,235,TRANSFER,547648.81,C1059051275,7108344.56,6560695.75,C789828788,0.0,547648.81,0,0,L03_00291,LEGITIMATE_HIGH_VALUE_HISTORY,High-value transaction consistent with normal historical account behavior,NONE,1,3,5,NORMAL,0.077
L03_001454,287,TRANSFER,767355.55,C1059051275,6560695.75,5793340.2,C789828788,0.0,767355.55,0,0,L03_00291,LEGITIMATE_HIGH_VALUE_HISTORY,High-value transaction consistent with normal historical account behavior,NONE,1,4,5,NORMAL,0.117
L03_001455,312,TRANSFER,1738002.06,C1059051275,5793340.2,4055338.14,C789828788,0.0,1738002.06,0,0,L03_00291,LEGITIMATE_HIGH_VALUE_HISTORY,High-value transaction consistent with normal historical account behavior,NONE,1,5,5,NORMAL,0.3
L03_001456,367,TRANSFER,423990.2,C1837225397,10165450.59,9741460.39,C1774626299,0.0,423990.2,0,0,L03_00292,LEGITIMATE_HIGH_VALUE_HISTORY,High-value transaction consistent with normal historical account behavior,NONE,1,1,5,NORMAL,0.0417
L03_001457,382,TRANSFER,723060.64,C1837225397,9741460.39,9018399.75,C1774626299,0.0,723060.64,0,0,L03_00292,LEGITIMATE_HIGH_VALUE_HISTORY,High-value transaction consistent with normal historical account behavior,NONE,1,2,5,NORMAL,0.0742
L03_001458,409,TRANSFER,386672.71,C1837225397,9018399.75,8631727.04,C1774626299,0.0,386672.71,0,0,L03_00292,LEGITIMATE_HIGH_VALUE_HISTORY,High-value transaction consistent with normal historical account behavior,NONE,1,3,5,NORMAL,0.0429
L03_001459,430,TRANSFER,389547.13,C1837225397,8631727.04,8242179.91,C1774626299,0.0,389547.13,0,0,L03_00292,LEGITIMATE_HIGH_VALUE_HISTORY,High-value transaction consistent with normal historical account behavior,NONE,1,4,5,NORMAL,0.0451
L03_001460,451,TRANSFER,2472653.97,C1837225397,8242179.91,5769525.94,C1774626299,0.0,2472653.97,0,0,L03_00292,LEGITIMATE_HIGH_VALUE_HISTORY,High-value transaction consistent with normal historical account behavior,NONE,1,5,5,NORMAL,0.3
L03_001461,341,TRANSFER,669851.76,C628724744,19193812.45,18523960.69,C1424595534,0.0,669851.76,0,0,L03_00293,LEGITIMATE_HIGH_VALUE_HISTORY,High-value transaction consistent with normal historical account behavior,NONE,1,1,5,NORMAL,0.0349
L03_001462,379,TRANSFER,757020.29,C628724744,18523960.69,17766940.4,C1424595534,0.0,757020.29,0,0,L03_00293,LEGITIMATE_HIGH_VALUE_HISTORY,High-value transaction consistent with normal historical account behavior,NONE,1,2,5,NORMAL,0.0409
L03_001463,428,TRANSFER,566885.68,C628724744,17766940.4,17200054.72,C1424595534,0.0,566885.68,0,0,L03_00293,LEGITIMATE_HIGH_VALUE_HISTORY,High-value transaction consistent with normal historical account behavior,NONE,1,3,5,NORMAL,0.0319
L03_001464,444,TRANSFER,802117.24,C628724744,17200054.72,16397937.48,C1424595534,0.0,802117.24,0,0,L03_00293,LEGITIMATE_HIGH_VALUE_HISTORY,High-value transaction consistent with normal historical account behavior,NONE,1,4,5,NORMAL,0.0466
L03_001465,463,TRANSFER,4919381.25,C628724744,16397937.48,11478556.24,C1424595534,0.0,4919381.25,0,0,L03_00293,LEGITIMATE_HIGH_VALUE_HISTORY,High-value transaction consistent with normal historical account behavior,NONE,1,5,5,NORMAL,0.3
L03_001466,364,TRANSFER,860273.49,C1192900415,8212713.33,7352439.84,C309032205,0.0,860273.49,0,0,L03_00294,LEGITIMATE_HIGH_VALUE_HISTORY,High-value transaction consistent with normal historical account behavior,NONE,1,1,5,NORMAL,0.1047
L03_001467,387,TRANSFER,374340.94,C1192900415,7352439.84,6978098.9,C309032205,0.0,374340.94,0,0,L03_00294,LEGITIMATE_HIGH_VALUE_HISTORY,High-value transaction consistent with normal historical account behavior,NONE,1,2,5,NORMAL,0.0509
L03_001468,430,TRANSFER,787595.08,C1192900415,6978098.9,6190503.82,C309032205,0.0,787595.08,0,0,L03_00294,LEGITIMATE_HIGH_VALUE_HISTORY,High-value transaction consistent with normal historical account behavior,NONE,1,3,5,NORMAL,0.1129
L03_001469,482,TRANSFER,616079.47,C1192900415,6190503.82,5574424.35,C309032205,0.0,616079.47,0,0,L03_00294,LEGITIMATE_HIGH_VALUE_HISTORY,High-value transaction consistent with normal historical account behavior,NONE,1,4,5,NORMAL,0.0995
L03_001470,540,TRANSFER,1672327.3,C1192900415,5574424.35,3902097.04,C309032205,0.0,1672327.3,0,0,L03_00294,LEGITIMATE_HIGH_VALUE_HISTORY,High-value transaction consistent with normal historical account behavior,NONE,1,5,5,NORMAL,0.3
L03_001471,188,TRANSFER,512038.56,C1614779606,8086120.77,7574082.21,C1063760935,0.0,512038.56,0,0,L03_00295,LEGITIMATE_HIGH_VALUE_HISTORY,High-value transaction consistent with normal historical account behavior,NONE,1,1,5,NORMAL,0.0633
L03_001472,207,TRANSFER,451388.32,C1614779606,7574082.21,7122693.89,C1063760935,0.0,451388.32,0,0,L03_00295,LEGITIMATE_HIGH_VALUE_HISTORY,High-value transaction consistent with normal historical account behavior,NONE,1,2,5,NORMAL,0.0596
L03_001473,225,TRANSFER,639873.7,C1614779606,7122693.89,6482820.19,C1063760935,0.0,639873.7,0,0,L03_00295,LEGITIMATE_HIGH_VALUE_HISTORY,High-value transaction consistent with normal historical account behavior,NONE,1,3,5,NORMAL,0.0898
L03_001474,244,TRANSFER,738893.77,C1614779606,6482820.19,5743926.42,C1063760935,0.0,738893.77,0,0,L03_00295,LEGITIMATE_HIGH_VALUE_HISTORY,High-value transaction consistent with normal historical account behavior,NONE,1,4,5,NORMAL,0.114
L03_001475,263,TRANSFER,1723177.93,C1614779606,5743926.42,4020748.49,C1063760935,0.0,1723177.93,0,0,L03_00295,LEGITIMATE_HIGH_VALUE_HISTORY,High-value transaction consistent with normal historical account behavior,NONE,1,5,5,NORMAL,0.3
L03_001476,342,TRANSFER,672985.03,C1030869023,8613271.05,7940286.02,C1650922332,0.0,672985.03,0,0,L03_00296,LEGITIMATE_HIGH_VALUE_HISTORY,High-value transaction consistent with normal historical account behavior,NONE,1,1,5,NORMAL,0.0781
L03_001477,374,TRANSFER,529296.38,C1030869023,7940286.02,7410989.64,C1650922332,0.0,529296.38,0,0,L03_00296,LEGITIMATE_HIGH_VALUE_HISTORY,High-value transaction consistent with normal historical account behavior,NONE,1,2,5,NORMAL,0.0667
L03_001478,413,TRANSFER,661557.89,C1030869023,7410989.64,6749431.75,C1650922332,0.0,661557.89,0,0,L03_00296,LEGITIMATE_HIGH_VALUE_HISTORY,High-value transaction consistent with normal historical account behavior,NONE,1,3,5,NORMAL,0.0893
L03_001479,434,TRANSFER,595015.16,C1030869023,6749431.75,6154416.59,C1650922332,0.0,595015.16,0,0,L03_00296,LEGITIMATE_HIGH_VALUE_HISTORY,High-value transaction consistent with normal historical account behavior,NONE,1,4,5,NORMAL,0.0882
L03_001480,456,TRANSFER,1846324.98,C1030869023,6154416.59,4308091.61,C1650922332,0.0,1846324.98,0,0,L03_00296,LEGITIMATE_HIGH_VALUE_HISTORY,High-value transaction consistent with normal historical account behavior,NONE,1,5,5,NORMAL,0.3
L03_001481,242,TRANSFER,869966.32,C1440537962,10267125.96,9397159.64,C289119704,0.0,869966.32,0,0,L03_00297,LEGITIMATE_HIGH_VALUE_HISTORY,High-value transaction consistent with normal historical account behavior,NONE,1,1,5,NORMAL,0.0847
L03_001482,278,TRANSFER,610037.55,C1440537962,9397159.64,8787122.09,C289119704,0.0,610037.55,0,0,L03_00297,LEGITIMATE_HIGH_VALUE_HISTORY,High-value transaction consistent with normal historical account behavior,NONE,1,2,5,NORMAL,0.0649
L03_001483,301,TRANSFER,857357.08,C1440537962,8787122.09,7929765.01,C289119704,0.0,857357.08,0,0,L03_00297,LEGITIMATE_HIGH_VALUE_HISTORY,High-value transaction consistent with normal historical account behavior,NONE,1,3,5,NORMAL,0.0976
L03_001484,323,TRANSFER,674134.43,C1440537962,7929765.01,7255630.58,C289119704,0.0,674134.43,0,0,L03_00297,LEGITIMATE_HIGH_VALUE_HISTORY,High-value transaction consistent with normal historical account behavior,NONE,1,4,5,NORMAL,0.085
L03_001485,355,TRANSFER,2176689.17,C1440537962,7255630.58,5078941.41,C289119704,0.0,2176689.17,0,0,L03_00297,LEGITIMATE_HIGH_VALUE_HISTORY,High-value transaction consistent with normal historical account behavior,NONE,1,5,5,NORMAL,0.3
L03_001486,455,TRANSFER,657060.96,C504707277,11745041.58,11087980.62,C526689956,0.0,657060.96,0,0,L03_00298,LEGITIMATE_HIGH_VALUE_HISTORY,High-value transaction consistent with normal historical account behavior,NONE,1,1,5,NORMAL,0.0559
L03_001487,484,TRANSFER,594163.02,C504707277,11087980.62,10493817.6,C526689956,0.0,594163.02,0,0,L03_00298,LEGITIMATE_HIGH_VALUE_HISTORY,High-value transaction consistent with normal historical account behavior,NONE,1,2,5,NORMAL,0.0536
L03_001488,538,TRANSFER,714159.08,C504707277,10493817.6,9779658.52,C526689956,0.0,714159.08,0,0,L03_00298,LEGITIMATE_HIGH_VALUE_HISTORY,High-value transaction consistent with normal historical account behavior,NONE,1,3,5,NORMAL,0.0681
L03_001489,594,TRANSFER,436622.06,C504707277,9779658.52,9343036.46,C526689956,0.0,436622.06,0,0,L03_00298,LEGITIMATE_HIGH_VALUE_HISTORY,High-value transaction consistent with normal historical account behavior,NONE,1,4,5,NORMAL,0.0446
L03_001490,628,TRANSFER,2802910.94,C504707277,9343036.46,6540125.52,C526689956,0.0,2802910.94,0,0,L03_00298,LEGITIMATE_HIGH_VALUE_HISTORY,High-value transaction consistent with normal historical account behavior,NONE,1,5,5,NORMAL,0.3
L03_001491,378,TRANSFER,567570.09,C1310650931,7889998.03,7322427.94,C2085331183,0.0,567570.09,0,0,L03_00299,LEGITIMATE_HIGH_VALUE_HISTORY,High-value transaction consistent with normal historical account behavior,NONE,1,1,5,NORMAL,0.0719
L03_001492,393,TRANSFER,810887.12,C1310650931,7322427.94,6511540.82,C2085331183,0.0,810887.12,0,0,L03_00299,LEGITIMATE_HIGH_VALUE_HISTORY,High-value transaction consistent with normal historical account behavior,NONE,1,2,5,NORMAL,0.1107
L03_001493,437,TRANSFER,534362.53,C1310650931,6511540.82,5977178.29,C2085331183,0.0,534362.53,0,0,L03_00299,LEGITIMATE_HIGH_VALUE_HISTORY,High-value transaction consistent with normal historical account behavior,NONE,1,3,5,NORMAL,0.0821
L03_001494,465,TRANSFER,561393.81,C1310650931,5977178.29,5415784.48,C2085331183,0.0,561393.81,0,0,L03_00299,LEGITIMATE_HIGH_VALUE_HISTORY,High-value transaction consistent with normal historical account behavior,NONE,1,4,5,NORMAL,0.0939
L03_001495,482,TRANSFER,1624735.35,C1310650931,5415784.48,3791049.14,C2085331183,0.0,1624735.35,0,0,L03_00299,LEGITIMATE_HIGH_VALUE_HISTORY,High-value transaction consistent with normal historical account behavior,NONE,1,5,5,NORMAL,0.3
L03_001496,296,TRANSFER,658849.25,C2026282259,10046212.23,9387362.98,C489926369,0.0,658849.25,0,0,L03_00300,LEGITIMATE_HIGH_VALUE_HISTORY,High-value transaction consistent with normal historical account behavior,NONE,1,1,5,NORMAL,0.0656
L03_001497,353,TRANSFER,768995.2,C2026282259,9387362.98,8618367.78,C489926369,0.0,768995.2,0,0,L03_00300,LEGITIMATE_HIGH_VALUE_HISTORY,High-value transaction consistent with normal historical account behavior,NONE,1,2,5,NORMAL,0.0819
L03_001498,397,TRANSFER,409383.48,C2026282259,8618367.78,8208984.3,C489926369,0.0,409383.48,0,0,L03_00300,LEGITIMATE_HIGH_VALUE_HISTORY,High-value transaction consistent with normal historical account behavior,NONE,1,3,5,NORMAL,0.0475
L03_001499,422,TRANSFER,640016.59,C2026282259,8208984.3,7568967.71,C489926369,0.0,640016.59,0,0,L03_00300,LEGITIMATE_HIGH_VALUE_HISTORY,High-value transaction consistent with normal historical account behavior,NONE,1,4,5,NORMAL,0.078
L03_001500,467,TRANSFER,2270690.31,C2026282259,7568967.71,5298277.4,C489926369,0.0,2270690.31,0,0,L03_00300,LEGITIMATE_HIGH_VALUE_HISTORY,High-value transaction consistent with normal historical account behavior,NONE,1,5,5,NORMAL,0.3
L03_001501,400,TRANSFER,775330.97,C2088343651,8707425.03,7932094.06,C704248769,0.0,775330.97,0,0,L03_00301,LEGITIMATE_HIGH_VALUE_HISTORY,High-value transaction consistent with normal historical account behavior,NONE,1,1,5,NORMAL,0.089
L03_001502,459,TRANSFER,411141.55,C2088343651,7932094.06,7520952.51,C704248769,0.0,411141.55,0,0,L03_00301,LEGITIMATE_HIGH_VALUE_HISTORY,High-value transaction consistent with normal historical account behavior,NONE,1,2,5,NORMAL,0.0518
L03_001503,513,TRANSFER,676212.64,C2088343651,7520952.51,6844739.87,C704248769,0.0,676212.64,0,0,L03_00301,LEGITIMATE_HIGH_VALUE_HISTORY,High-value transaction consistent with normal historical account behavior,NONE,1,3,5,NORMAL,0.0899
L03_001504,533,TRANSFER,579934.42,C2088343651,6844739.87,6264805.45,C704248769,0.0,579934.42,0,0,L03_00301,LEGITIMATE_HIGH_VALUE_HISTORY,High-value transaction consistent with normal historical account behavior,NONE,1,4,5,NORMAL,0.0847
L03_001505,574,TRANSFER,1879441.64,C2088343651,6264805.45,4385363.82,C704248769,0.0,1879441.64,0,0,L03_00301,LEGITIMATE_HIGH_VALUE_HISTORY,High-value transaction consistent with normal historical account behavior,NONE,1,5,5,NORMAL,0.3
L03_001506,72,TRANSFER,439767.3,C456653757,7091971.88,6652204.58,C523294991,0.0,439767.3,0,0,L03_00302,LEGITIMATE_HIGH_VALUE_HISTORY,High-value transaction consistent with normal historical account behavior,NONE,1,1,5,NORMAL,0.062
L03_001507,127,TRANSFER,488923.67,C456653757,6652204.58,6163280.91,C523294991,0.0,488923.67,0,0,L03_00302,LEGITIMATE_HIGH_VALUE_HISTORY,High-value transaction consistent with normal historical account behavior,NONE,1,2,5,NORMAL,0.0735
L03_001508,187,TRANSFER,516211.07,C456653757,6163280.91,5647069.83,C523294991,0.0,516211.07,0,0,L03_00302,LEGITIMATE_HIGH_VALUE_HISTORY,High-value transaction consistent with normal historical account behavior,NONE,1,3,5,NORMAL,0.0838
L03_001509,232,TRANSFER,440661.67,C456653757,5647069.83,5206408.17,C523294991,0.0,440661.67,0,0,L03_00302,LEGITIMATE_HIGH_VALUE_HISTORY,High-value transaction consistent with normal historical account behavior,NONE,1,4,5,NORMAL,0.078
L03_001510,277,TRANSFER,1561922.45,C456653757,5206408.17,3644485.72,C523294991,0.0,1561922.45,0,0,L03_00302,LEGITIMATE_HIGH_VALUE_HISTORY,High-value transaction consistent with normal historical account behavior,NONE,1,5,5,NORMAL,0.3
L03_001511,368,TRANSFER,788825.44,C1864681639,18935649.84,18146824.4,C664771018,0.0,788825.44,0,0,L03_00303,LEGITIMATE_HIGH_VALUE_HISTORY,High-value transaction consistent with normal historical account behavior,NONE,1,1,5,NORMAL,0.0417
L03_001512,414,TRANSFER,871192.25,C1864681639,18146824.4,17275632.15,C664771018,0.0,871192.25,0,0,L03_00303,LEGITIMATE_HIGH_VALUE_HISTORY,High-value transaction consistent with normal historical account behavior,NONE,1,2,5,NORMAL,0.048
L03_001513,434,TRANSFER,469425.49,C1864681639,17275632.15,16806206.66,C664771018,0.0,469425.49,0,0,L03_00303,LEGITIMATE_HIGH_VALUE_HISTORY,High-value transaction consistent with normal historical account behavior,NONE,1,3,5,NORMAL,0.0272
L03_001514,455,TRANSFER,494323.38,C1864681639,16806206.66,16311883.28,C664771018,0.0,494323.38,0,0,L03_00303,LEGITIMATE_HIGH_VALUE_HISTORY,High-value transaction consistent with normal historical account behavior,NONE,1,4,5,NORMAL,0.0294
L03_001515,514,TRANSFER,4893564.98,C1864681639,16311883.28,11418318.3,C664771018,0.0,4893564.98,0,0,L03_00303,LEGITIMATE_HIGH_VALUE_HISTORY,High-value transaction consistent with normal historical account behavior,NONE,1,5,5,NORMAL,0.3
L03_001516,277,TRANSFER,730708.38,C1655413230,8105834.29,7375125.92,C1440187854,0.0,730708.38,0,0,L03_00304,LEGITIMATE_HIGH_VALUE_HISTORY,High-value transaction consistent with normal historical account behavior,NONE,1,1,5,NORMAL,0.0901
L03_001517,312,TRANSFER,469061.97,C1655413230,7375125.92,6906063.95,C1440187854,0.0,469061.97,0,0,L03_00304,LEGITIMATE_HIGH_VALUE_HISTORY,High-value transaction consistent with normal historical account behavior,NONE,1,2,5,NORMAL,0.0636
L03_001518,353,TRANSFER,861104.02,C1655413230,6906063.95,6044959.93,C1440187854,0.0,861104.02,0,0,L03_00304,LEGITIMATE_HIGH_VALUE_HISTORY,High-value transaction consistent with normal historical account behavior,NONE,1,3,5,NORMAL,0.1247
L03_001519,408,TRANSFER,503183.19,C1655413230,6044959.93,5541776.74,C1440187854,0.0,503183.19,0,0,L03_00304,LEGITIMATE_HIGH_VALUE_HISTORY,High-value transaction consistent with normal historical account behavior,NONE,1,4,5,NORMAL,0.0832
L03_001520,440,TRANSFER,1662533.02,C1655413230,5541776.74,3879243.71,C1440187854,0.0,1662533.02,0,0,L03_00304,LEGITIMATE_HIGH_VALUE_HISTORY,High-value transaction consistent with normal historical account behavior,NONE,1,5,5,NORMAL,0.3
L03_001521,345,TRANSFER,478427.71,C300667095,19073617.29,18595189.58,C2069774047,0.0,478427.71,0,0,L03_00305,LEGITIMATE_HIGH_VALUE_HISTORY,High-value transaction consistent with normal historical account behavior,NONE,1,1,5,NORMAL,0.0251
L03_001522,388,TRANSFER,814796.54,C300667095,18595189.58,17780393.04,C2069774047,0.0,814796.54,0,0,L03_00305,LEGITIMATE_HIGH_VALUE_HISTORY,High-value transaction consistent with normal historical account behavior,NONE,1,2,5,NORMAL,0.0438
L03_001523,422,TRANSFER,803945.78,C300667095,17780393.04,16976447.26,C2069774047,0.0,803945.78,0,0,L03_00305,LEGITIMATE_HIGH_VALUE_HISTORY,High-value transaction consistent with normal historical account behavior,NONE,1,3,5,NORMAL,0.0452
L03_001524,452,TRANSFER,731401.03,C300667095,16976447.26,16245046.23,C2069774047,0.0,731401.03,0,0,L03_00305,LEGITIMATE_HIGH_VALUE_HISTORY,High-value transaction consistent with normal historical account behavior,NONE,1,4,5,NORMAL,0.0431
L03_001525,493,TRANSFER,4873513.87,C300667095,16245046.23,11371532.36,C2069774047,0.0,4873513.87,0,0,L03_00305,LEGITIMATE_HIGH_VALUE_HISTORY,High-value transaction consistent with normal historical account behavior,NONE,1,5,5,NORMAL,0.3
L03_001526,92,TRANSFER,450520.03,C1341478139,7100826.88,6650306.85,C1596402460,0.0,450520.03,0,0,L03_00306,LEGITIMATE_HIGH_VALUE_HISTORY,High-value transaction consistent with normal historical account behavior,NONE,1,1,5,NORMAL,0.0634
L03_001527,140,TRANSFER,690410.49,C1341478139,6650306.85,5959896.36,C1596402460,0.0,690410.49,0,0,L03_00306,LEGITIMATE_HIGH_VALUE_HISTORY,High-value transaction consistent with normal historical account behavior,NONE,1,2,5,NORMAL,0.1038
L03_001528,200,TRANSFER,325411.78,C1341478139,5959896.36,5634484.58,C1596402460,0.0,325411.78,0,0,L03_00306,LEGITIMATE_HIGH_VALUE_HISTORY,High-value transaction consistent with normal historical account behavior,NONE,1,3,5,NORMAL,0.0546
L03_001529,242,TRANSFER,532425.11,C1341478139,5634484.58,5102059.47,C1596402460,0.0,532425.11,0,0,L03_00306,LEGITIMATE_HIGH_VALUE_HISTORY,High-value transaction consistent with normal historical account behavior,NONE,1,4,5,NORMAL,0.0945
L03_001530,299,TRANSFER,1530617.84,C1341478139,5102059.47,3571441.63,C1596402460,0.0,1530617.84,0,0,L03_00306,LEGITIMATE_HIGH_VALUE_HISTORY,High-value transaction consistent with normal historical account behavior,NONE,1,5,5,NORMAL,0.3
L03_001531,421,TRANSFER,759171.75,C1609652542,9590815.19,8831643.44,C1377554963,0.0,759171.75,0,0,L03_00307,LEGITIMATE_HIGH_VALUE_HISTORY,High-value transaction consistent with normal historical account behavior,NONE,1,1,5,NORMAL,0.0792
L03_001532,478,TRANSFER,537041.77,C1609652542,8831643.44,8294601.67,C1377554963,0.0,537041.77,0,0,L03_00307,LEGITIMATE_HIGH_VALUE_HISTORY,High-value transaction consistent with normal historical account behavior,NONE,1,2,5,NORMAL,0.0608
L03_001533,498,TRANSFER,458993.87,C1609652542,8294601.67,7835607.8,C1377554963,0.0,458993.87,0,0,L03_00307,LEGITIMATE_HIGH_VALUE_HISTORY,High-value transaction consistent with normal historical account behavior,NONE,1,3,5,NORMAL,0.0553
L03_001534,536,TRANSFER,575910.9,C1609652542,7835607.8,7259696.9,C1377554963,0.0,575910.9,0,0,L03_00307,LEGITIMATE_HIGH_VALUE_HISTORY,High-value transaction consistent with normal historical account behavior,NONE,1,4,5,NORMAL,0.0735
L03_001535,551,TRANSFER,2177909.07,C1609652542,7259696.9,5081787.83,C1377554963,0.0,2177909.07,0,0,L03_00307,LEGITIMATE_HIGH_VALUE_HISTORY,High-value transaction consistent with normal historical account behavior,NONE,1,5,5,NORMAL,0.3
L03_001536,437,TRANSFER,529516.75,C1322074321,7341164.52,6811647.77,C1639933778,0.0,529516.75,0,0,L03_00308,LEGITIMATE_HIGH_VALUE_HISTORY,High-value transaction consistent with normal historical account behavior,NONE,1,1,5,NORMAL,0.0721
L03_001537,485,TRANSFER,669432.26,C1322074321,6811647.77,6142215.51,C1639933778,0.0,669432.26,0,0,L03_00308,LEGITIMATE_HIGH_VALUE_HISTORY,High-value transaction consistent with normal historical account behavior,NONE,1,2,5,NORMAL,0.0983
L03_001538,509,TRANSFER,601688.42,C1322074321,6142215.51,5540527.09,C1639933778,0.0,601688.42,0,0,L03_00308,LEGITIMATE_HIGH_VALUE_HISTORY,High-value transaction consistent with normal historical account behavior,NONE,1,3,5,NORMAL,0.098
L03_001539,546,TRANSFER,480847.68,C1322074321,5540527.09,5059679.41,C1639933778,0.0,480847.68,0,0,L03_00308,LEGITIMATE_HIGH_VALUE_HISTORY,High-value transaction consistent with normal historical account behavior,NONE,1,4,5,NORMAL,0.0868
L03_001540,570,TRANSFER,1517903.82,C1322074321,5059679.41,3541775.59,C1639933778,0.0,1517903.82,0,0,L03_00308,LEGITIMATE_HIGH_VALUE_HISTORY,High-value transaction consistent with normal historical account behavior,NONE,1,5,5,NORMAL,0.3
L03_001541,420,TRANSFER,579216.83,C802382857,9356351.71,8777134.88,C743309542,0.0,579216.83,0,0,L03_00309,LEGITIMATE_HIGH_VALUE_HISTORY,High-value transaction consistent with normal historical account behavior,NONE,1,1,5,NORMAL,0.0619
L03_001542,460,TRANSFER,505034.72,C802382857,8777134.88,8272100.17,C743309542,0.0,505034.72,0,0,L03_00309,LEGITIMATE_HIGH_VALUE_HISTORY,High-value transaction consistent with normal historical account behavior,NONE,1,2,5,NORMAL,0.0575
L03_001543,475,TRANSFER,842754.39,C802382857,8272100.17,7429345.78,C743309542,0.0,842754.39,0,0,L03_00309,LEGITIMATE_HIGH_VALUE_HISTORY,High-value transaction consistent with normal historical account behavior,NONE,1,3,5,NORMAL,0.1019
L03_001544,491,TRANSFER,500160.94,C802382857,7429345.78,6929184.83,C743309542,0.0,500160.94,0,0,L03_00309,LEGITIMATE_HIGH_VALUE_HISTORY,High-value transaction consistent with normal historical account behavior,NONE,1,4,5,NORMAL,0.0673
L03_001545,519,TRANSFER,2078755.45,C802382857,6929184.83,4850429.38,C743309542,0.0,2078755.45,0,0,L03_00309,LEGITIMATE_HIGH_VALUE_HISTORY,High-value transaction consistent with normal historical account behavior,NONE,1,5,5,NORMAL,0.3
L03_001546,381,TRANSFER,753501.41,C264560663,19487188.83,18733687.42,C1137320932,0.0,753501.41,0,0,L03_00310,LEGITIMATE_HIGH_VALUE_HISTORY,High-value transaction consistent with normal historical account behavior,NONE,1,1,5,NORMAL,0.0387
L03_001547,401,TRANSFER,859106.28,C264560663,18733687.42,17874581.14,C1137320932,0.0,859106.28,0,0,L03_00310,LEGITIMATE_HIGH_VALUE_HISTORY,High-value transaction consistent with normal historical account behavior,NONE,1,2,5,NORMAL,0.0459
L03_001548,423,TRANSFER,727510.62,C264560663,17874581.14,17147070.52,C1137320932,0.0,727510.62,0,0,L03_00310,LEGITIMATE_HIGH_VALUE_HISTORY,High-value transaction consistent with normal historical account behavior,NONE,1,3,5,NORMAL,0.0407
L03_001549,456,TRANSFER,651340.91,C264560663,17147070.52,16495729.61,C1137320932,0.0,651340.91,0,0,L03_00310,LEGITIMATE_HIGH_VALUE_HISTORY,High-value transaction consistent with normal historical account behavior,NONE,1,4,5,NORMAL,0.038
L03_001550,508,TRANSFER,4948718.88,C264560663,16495729.61,11547010.73,C1137320932,0.0,4948718.88,0,0,L03_00310,LEGITIMATE_HIGH_VALUE_HISTORY,High-value transaction consistent with normal historical account behavior,NONE,1,5,5,NORMAL,0.3
L03_001551,353,TRANSFER,453195.16,C1217115620,9206416.44,8753221.28,C19520396,0.0,453195.16,0,0,L03_00311,LEGITIMATE_HIGH_VALUE_HISTORY,High-value transaction consistent with normal historical account behavior,NONE,1,1,5,NORMAL,0.0492
L03_001552,395,TRANSFER,453846.23,C1217115620,8753221.28,8299375.05,C19520396,0.0,453846.23,0,0,L03_00311,LEGITIMATE_HIGH_VALUE_HISTORY,High-value transaction consistent with normal historical account behavior,NONE,1,2,5,NORMAL,0.0518
L03_001553,441,TRANSFER,672248.7,C1217115620,8299375.05,7627126.35,C19520396,0.0,672248.7,0,0,L03_00311,LEGITIMATE_HIGH_VALUE_HISTORY,High-value transaction consistent with normal historical account behavior,NONE,1,3,5,NORMAL,0.081
L03_001554,475,TRANSFER,627238.34,C1217115620,7627126.35,6999888.01,C19520396,0.0,627238.34,0,0,L03_00311,LEGITIMATE_HIGH_VALUE_HISTORY,High-value transaction consistent with normal historical account behavior,NONE,1,4,5,NORMAL,0.0822
L03_001555,505,TRANSFER,2099966.4,C1217115620,6999888.01,4899921.61,C19520396,0.0,2099966.4,0,0,L03_00311,LEGITIMATE_HIGH_VALUE_HISTORY,High-value transaction consistent with normal historical account behavior,NONE,1,5,5,NORMAL,0.3
L03_001556,394,TRANSFER,723651.15,C7872274,16247889.75,15524238.6,C721464272,0.0,723651.15,0,0,L03_00312,LEGITIMATE_HIGH_VALUE_HISTORY,High-value transaction consistent with normal historical account behavior,NONE,1,1,5,NORMAL,0.0445
L03_001557,422,TRANSFER,530347.86,C7872274,15524238.6,14993890.74,C721464272,0.0,530347.86,0,0,L03_00312,LEGITIMATE_HIGH_VALUE_HISTORY,High-value transaction consistent with normal historical account behavior,NONE,1,2,5,NORMAL,0.0342
L03_001558,447,TRANSFER,383076.44,C7872274,14993890.74,14610814.3,C721464272,0.0,383076.44,0,0,L03_00312,LEGITIMATE_HIGH_VALUE_HISTORY,High-value transaction consistent with normal historical account behavior,NONE,1,3,5,NORMAL,0.0255
L03_001559,464,TRANSFER,766616.84,C7872274,14610814.3,13844197.46,C721464272,0.0,766616.84,0,0,L03_00312,LEGITIMATE_HIGH_VALUE_HISTORY,High-value transaction consistent with normal historical account behavior,NONE,1,4,5,NORMAL,0.0525
L03_001560,484,TRANSFER,4153259.24,C7872274,13844197.46,9690938.22,C721464272,0.0,4153259.24,0,0,L03_00312,LEGITIMATE_HIGH_VALUE_HISTORY,High-value transaction consistent with normal historical account behavior,NONE,1,5,5,NORMAL,0.3
L03_001561,323,TRANSFER,820666.67,C2120801782,18741742.11,17921075.44,C172409641,0.0,820666.67,0,0,L03_00313,LEGITIMATE_HIGH_VALUE_HISTORY,High-value transaction consistent with normal historical account behavior,NONE,1,1,5,NORMAL,0.0438
L03_001562,378,TRANSFER,426323.57,C2120801782,17921075.44,17494751.87,C172409641,0.0,426323.57,0,0,L03_00313,LEGITIMATE_HIGH_VALUE_HISTORY,High-value transaction consistent with normal historical account behavior,NONE,1,2,5,NORMAL,0.0238
L03_001563,396,TRANSFER,865413.93,C2120801782,17494751.87,16629337.94,C172409641,0.0,865413.93,0,0,L03_00313,LEGITIMATE_HIGH_VALUE_HISTORY,High-value transaction consistent with normal historical account behavior,NONE,1,3,5,NORMAL,0.0495
L03_001564,427,TRANSFER,382090.57,C2120801782,16629337.94,16247247.37,C172409641,0.0,382090.57,0,0,L03_00313,LEGITIMATE_HIGH_VALUE_HISTORY,High-value transaction consistent with normal historical account behavior,NONE,1,4,5,NORMAL,0.023
L03_001565,442,TRANSFER,4874174.21,C2120801782,16247247.37,11373073.16,C172409641,0.0,4874174.21,0,0,L03_00313,LEGITIMATE_HIGH_VALUE_HISTORY,High-value transaction consistent with normal historical account behavior,NONE,1,5,5,NORMAL,0.3
L03_001566,550,TRANSFER,780772.03,C2125181812,8559023.89,7778251.86,C1797524503,0.0,780772.03,0,0,L03_00314,LEGITIMATE_HIGH_VALUE_HISTORY,High-value transaction consistent with normal historical account behavior,NONE,1,1,5,NORMAL,0.0912
L03_001567,565,TRANSFER,482482.3,C2125181812,7778251.86,7295769.56,C1797524503,0.0,482482.3,0,0,L03_00314,LEGITIMATE_HIGH_VALUE_HISTORY,High-value transaction consistent with normal historical account behavior,NONE,1,2,5,NORMAL,0.062
L03_001568,606,TRANSFER,840147.91,C2125181812,7295769.56,6455621.65,C1797524503,0.0,840147.91,0,0,L03_00314,LEGITIMATE_HIGH_VALUE_HISTORY,High-value transaction consistent with normal historical account behavior,NONE,1,3,5,NORMAL,0.1152
L03_001569,621,TRANSFER,440546.05,C2125181812,6455621.65,6015075.6,C1797524503,0.0,440546.05,0,0,L03_00314,LEGITIMATE_HIGH_VALUE_HISTORY,High-value transaction consistent with normal historical account behavior,NONE,1,4,5,NORMAL,0.0682
L03_001570,651,TRANSFER,1804522.68,C2125181812,6015075.6,4210552.92,C1797524503,0.0,1804522.68,0,0,L03_00314,LEGITIMATE_HIGH_VALUE_HISTORY,High-value transaction consistent with normal historical account behavior,NONE,1,5,5,NORMAL,0.3
L03_001571,324,TRANSFER,391453.04,C2113935770,12446181.31,12054728.28,C578599557,0.0,391453.04,0,0,L03_00315,LEGITIMATE_HIGH_VALUE_HISTORY,High-value transaction consistent with normal historical account behavior,NONE,1,1,5,NORMAL,0.0315
L03_001572,368,TRANSFER,806910.18,C2113935770,12054728.28,11247818.1,C578599557,0.0,806910.18,0,0,L03_00315,LEGITIMATE_HIGH_VALUE_HISTORY,High-value transaction consistent with normal historical account behavior,NONE,1,2,5,NORMAL,0.0669
L03_001573,405,TRANSFER,746713.13,C2113935770,11247818.1,10501104.96,C578599557,0.0,746713.13,0,0,L03_00315,LEGITIMATE_HIGH_VALUE_HISTORY,High-value transaction consistent with normal historical account behavior,NONE,1,3,5,NORMAL,0.0664
L03_001574,463,TRANSFER,745932.68,C2113935770,10501104.96,9755172.29,C578599557,0.0,745932.68,0,0,L03_00315,LEGITIMATE_HIGH_VALUE_HISTORY,High-value transaction consistent with normal historical account behavior,NONE,1,4,5,NORMAL,0.071
L03_001575,515,TRANSFER,2926551.69,C2113935770,9755172.29,6828620.6,C578599557,0.0,2926551.69,0,0,L03_00315,LEGITIMATE_HIGH_VALUE_HISTORY,High-value transaction consistent with normal historical account behavior,NONE,1,5,5,NORMAL,0.3
L03_001576,315,TRANSFER,465181.46,C1189123990,15911372.48,15446191.02,C731686024,0.0,465181.46,0,0,L03_00316,LEGITIMATE_HIGH_VALUE_HISTORY,High-value transaction consistent with normal historical account behavior,NONE,1,1,5,NORMAL,0.0292
L03_001577,351,TRANSFER,682876.27,C1189123990,15446191.02,14763314.75,C731686024,0.0,682876.27,0,0,L03_00316,LEGITIMATE_HIGH_VALUE_HISTORY,High-value transaction consistent with normal historical account behavior,NONE,1,2,5,NORMAL,0.0442
L03_001578,405,TRANSFER,715250.23,C1189123990,14763314.75,14048064.52,C731686024,0.0,715250.23,0,0,L03_00316,LEGITIMATE_HIGH_VALUE_HISTORY,High-value transaction consistent with normal historical account behavior,NONE,1,3,5,NORMAL,0.0484
L03_001579,459,TRANSFER,533022.52,C1189123990,14048064.52,13515042.0,C731686024,0.0,533022.52,0,0,L03_00316,LEGITIMATE_HIGH_VALUE_HISTORY,High-value transaction consistent with normal historical account behavior,NONE,1,4,5,NORMAL,0.0379
L03_001580,483,TRANSFER,4054512.6,C1189123990,13515042.0,9460529.4,C731686024,0.0,4054512.6,0,0,L03_00316,LEGITIMATE_HIGH_VALUE_HISTORY,High-value transaction consistent with normal historical account behavior,NONE,1,5,5,NORMAL,0.3
L03_001581,349,TRANSFER,458720.3,C1052778440,15957822.32,15499102.02,C1858103917,0.0,458720.3,0,0,L03_00317,LEGITIMATE_HIGH_VALUE_HISTORY,High-value transaction consistent with normal historical account behavior,NONE,1,1,5,NORMAL,0.0287
L03_001582,394,TRANSFER,700443.66,C1052778440,15499102.02,14798658.36,C1858103917,0.0,700443.66,0,0,L03_00317,LEGITIMATE_HIGH_VALUE_HISTORY,High-value transaction consistent with normal historical account behavior,NONE,1,2,5,NORMAL,0.0452
L03_001583,452,TRANSFER,719908.68,C1052778440,14798658.36,14078749.68,C1858103917,0.0,719908.68,0,0,L03_00317,LEGITIMATE_HIGH_VALUE_HISTORY,High-value transaction consistent with normal historical account behavior,NONE,1,3,5,NORMAL,0.0486
L03_001584,506,TRANSFER,719579.31,C1052778440,14078749.68,13359170.37,C1858103917,0.0,719579.31,0,0,L03_00317,LEGITIMATE_HIGH_VALUE_HISTORY,High-value transaction consistent with normal historical account behavior,NONE,1,4,5,NORMAL,0.0511
L03_001585,544,TRANSFER,4007751.11,C1052778440,13359170.37,9351419.26,C1858103917,0.0,4007751.11,0,0,L03_00317,LEGITIMATE_HIGH_VALUE_HISTORY,High-value transaction consistent with normal historical account behavior,NONE,1,5,5,NORMAL,0.3
L03_001586,209,TRANSFER,313925.6,C587357334,9615492.12,9301566.52,C733827588,0.0,313925.6,0,0,L03_00318,LEGITIMATE_HIGH_VALUE_HISTORY,High-value transaction consistent with normal historical account behavior,NONE,1,1,5,NORMAL,0.0326
L03_001587,236,TRANSFER,786617.37,C587357334,9301566.52,8514949.15,C733827588,0.0,786617.37,0,0,L03_00318,LEGITIMATE_HIGH_VALUE_HISTORY,High-value transaction consistent with normal historical account behavior,NONE,1,2,5,NORMAL,0.0846
L03_001588,251,TRANSFER,776826.08,C587357334,8514949.15,7738123.07,C733827588,0.0,776826.08,0,0,L03_00318,LEGITIMATE_HIGH_VALUE_HISTORY,High-value transaction consistent with normal historical account behavior,NONE,1,3,5,NORMAL,0.0912
L03_001589,296,TRANSFER,827954.38,C587357334,7738123.07,6910168.69,C733827588,0.0,827954.38,0,0,L03_00318,LEGITIMATE_HIGH_VALUE_HISTORY,High-value transaction consistent with normal historical account behavior,NONE,1,4,5,NORMAL,0.107
L03_001590,349,TRANSFER,2073050.61,C587357334,6910168.69,4837118.08,C733827588,0.0,2073050.61,0,0,L03_00318,LEGITIMATE_HIGH_VALUE_HISTORY,High-value transaction consistent with normal historical account behavior,NONE,1,5,5,NORMAL,0.3
L03_001591,356,TRANSFER,448062.5,C709953875,18411984.02,17963921.52,C2111115368,0.0,448062.5,0,0,L03_00319,LEGITIMATE_HIGH_VALUE_HISTORY,High-value transaction consistent with normal historical account behavior,NONE,1,1,5,NORMAL,0.0243
L03_001592,405,TRANSFER,453899.07,C709953875,17963921.52,17510022.44,C2111115368,0.0,453899.07,0,0,L03_00319,LEGITIMATE_HIGH_VALUE_HISTORY,High-value transaction consistent with normal historical account behavior,NONE,1,2,5,NORMAL,0.0253
L03_001593,458,TRANSFER,498304.82,C709953875,17510022.44,17011717.62,C2111115368,0.0,498304.82,0,0,L03_00319,LEGITIMATE_HIGH_VALUE_HISTORY,High-value transaction consistent with normal historical account behavior,NONE,1,3,5,NORMAL,0.0285
L03_001594,506,TRANSFER,874389.62,C709953875,17011717.62,16137328.0,C2111115368,0.0,874389.62,0,0,L03_00319,LEGITIMATE_HIGH_VALUE_HISTORY,High-value transaction consistent with normal historical account behavior,NONE,1,4,5,NORMAL,0.0514
L03_001595,549,TRANSFER,4841198.4,C709953875,16137328.0,11296129.6,C2111115368,0.0,4841198.4,0,0,L03_00319,LEGITIMATE_HIGH_VALUE_HISTORY,High-value transaction consistent with normal historical account behavior,NONE,1,5,5,NORMAL,0.3
L03_001596,358,TRANSFER,502148.52,C1184348062,14255368.68,13753220.16,C1383143076,0.0,502148.52,0,0,L03_00320,LEGITIMATE_HIGH_VALUE_HISTORY,High-value transaction consistent with normal historical account behavior,NONE,1,1,5,NORMAL,0.0352
L03_001597,416,TRANSFER,830722.48,C1184348062,13753220.16,12922497.68,C1383143076,0.0,830722.48,0,0,L03_00320,LEGITIMATE_HIGH_VALUE_HISTORY,High-value transaction consistent with normal historical account behavior,NONE,1,2,5,NORMAL,0.0604
L03_001598,438,TRANSFER,363405.75,C1184348062,12922497.68,12559091.93,C1383143076,0.0,363405.75,0,0,L03_00320,LEGITIMATE_HIGH_VALUE_HISTORY,High-value transaction consistent with normal historical account behavior,NONE,1,3,5,NORMAL,0.0281
L03_001599,497,TRANSFER,835526.22,C1184348062,12559091.93,11723565.71,C1383143076,0.0,835526.22,0,0,L03_00320,LEGITIMATE_HIGH_VALUE_HISTORY,High-value transaction consistent with normal historical account behavior,NONE,1,4,5,NORMAL,0.0665
L03_001600,525,TRANSFER,3517069.71,C1184348062,11723565.71,8206496.0,C1383143076,0.0,3517069.71,0,0,L03_00320,LEGITIMATE_HIGH_VALUE_HISTORY,High-value transaction consistent with normal historical account behavior,NONE,1,5,5,NORMAL,0.3
L03_001601,299,TRANSFER,331885.26,C1215649620,7477527.57,7145642.31,C2055609374,0.0,331885.26,0,0,L03_00321,LEGITIMATE_HIGH_VALUE_HISTORY,High-value transaction consistent with normal historical account behavior,NONE,1,1,5,NORMAL,0.0444
L03_001602,350,TRANSFER,752332.7,C1215649620,7145642.31,6393309.61,C2055609374,0.0,752332.7,0,0,L03_00321,LEGITIMATE_HIGH_VALUE_HISTORY,High-value transaction consistent with normal historical account behavior,NONE,1,2,5,NORMAL,0.1053
L03_001603,381,TRANSFER,596821.22,C1215649620,6393309.61,5796488.39,C2055609374,0.0,596821.22,0,0,L03_00321,LEGITIMATE_HIGH_VALUE_HISTORY,High-value transaction consistent with normal historical account behavior,NONE,1,3,5,NORMAL,0.0934
L03_001604,419,TRANSFER,358120.05,C1215649620,5796488.39,5438368.34,C2055609374,0.0,358120.05,0,0,L03_00321,LEGITIMATE_HIGH_VALUE_HISTORY,High-value transaction consistent with normal historical account behavior,NONE,1,4,5,NORMAL,0.0618
L03_001605,442,TRANSFER,1631510.5,C1215649620,5438368.34,3806857.84,C2055609374,0.0,1631510.5,0,0,L03_00321,LEGITIMATE_HIGH_VALUE_HISTORY,High-value transaction consistent with normal historical account behavior,NONE,1,5,5,NORMAL,0.3
L03_001606,405,TRANSFER,725473.98,C62571043,8580399.64,7854925.66,C700341582,0.0,725473.98,0,0,L03_00322,LEGITIMATE_HIGH_VALUE_HISTORY,High-value transaction consistent with normal historical account behavior,NONE,1,1,5,NORMAL,0.0846
L03_001607,445,TRANSFER,349836.24,C62571043,7854925.66,7505089.42,C700341582,0.0,349836.24,0,0,L03_00322,LEGITIMATE_HIGH_VALUE_HISTORY,High-value transaction consistent with normal historical account behavior,NONE,1,2,5,NORMAL,0.0445
L03_001608,492,TRANSFER,504610.78,C62571043,7505089.42,7000478.64,C700341582,0.0,504610.78,0,0,L03_00322,LEGITIMATE_HIGH_VALUE_HISTORY,High-value transaction consistent with normal historical account behavior,NONE,1,3,5,NORMAL,0.0672
L03_001609,548,TRANSFER,773847.04,C62571043,7000478.64,6226631.6,C700341582,0.0,773847.04,0,0,L03_00322,LEGITIMATE_HIGH_VALUE_HISTORY,High-value transaction consistent with normal historical account behavior,NONE,1,4,5,NORMAL,0.1105
L03_001610,571,TRANSFER,1867989.48,C62571043,6226631.6,4358642.12,C700341582,0.0,1867989.48,0,0,L03_00322,LEGITIMATE_HIGH_VALUE_HISTORY,High-value transaction consistent with normal historical account behavior,NONE,1,5,5,NORMAL,0.3
L03_001611,330,TRANSFER,723497.04,C1894541114,13877266.34,13153769.3,C1217939815,0.0,723497.04,0,0,L03_00323,LEGITIMATE_HIGH_VALUE_HISTORY,High-value transaction consistent with normal historical account behavior,NONE,1,1,5,NORMAL,0.0521
L03_001612,372,TRANSFER,865898.8,C1894541114,13153769.3,12287870.5,C1217939815,0.0,865898.8,0,0,L03_00323,LEGITIMATE_HIGH_VALUE_HISTORY,High-value transaction consistent with normal historical account behavior,NONE,1,2,5,NORMAL,0.0658
L03_001613,407,TRANSFER,415601.07,C1894541114,12287870.5,11872269.43,C1217939815,0.0,415601.07,0,0,L03_00323,LEGITIMATE_HIGH_VALUE_HISTORY,High-value transaction consistent with normal historical account behavior,NONE,1,3,5,NORMAL,0.0338
L03_001614,466,TRANSFER,531527.13,C1894541114,11872269.43,11340742.29,C1217939815,0.0,531527.13,0,0,L03_00323,LEGITIMATE_HIGH_VALUE_HISTORY,High-value transaction consistent with normal historical account behavior,NONE,1,4,5,NORMAL,0.0448
L03_001615,485,TRANSFER,3402222.69,C1894541114,11340742.29,7938519.61,C1217939815,0.0,3402222.69,0,0,L03_00323,LEGITIMATE_HIGH_VALUE_HISTORY,High-value transaction consistent with normal historical account behavior,NONE,1,5,5,NORMAL,0.3
L03_001616,599,TRANSFER,354843.18,C1619190008,8113424.89,7758581.71,C809811880,0.0,354843.18,0,0,L03_00324,LEGITIMATE_HIGH_VALUE_HISTORY,High-value transaction consistent with normal historical account behavior,NONE,1,1,5,NORMAL,0.0437
L03_001617,625,TRANSFER,555961.6,C1619190008,7758581.71,7202620.12,C809811880,0.0,555961.6,0,0,L03_00324,LEGITIMATE_HIGH_VALUE_HISTORY,High-value transaction consistent with normal historical account behavior,NONE,1,2,5,NORMAL,0.0717
L03_001618,660,TRANSFER,379110.69,C1619190008,7202620.12,6823509.42,C809811880,0.0,379110.69,0,0,L03_00324,LEGITIMATE_HIGH_VALUE_HISTORY,High-value transaction consistent with normal historical account behavior,NONE,1,3,5,NORMAL,0.0526
L03_001619,680,TRANSFER,795159.92,C1619190008,6823509.42,6028349.5,C809811880,0.0,795159.92,0,0,L03_00324,LEGITIMATE_HIGH_VALUE_HISTORY,High-value transaction consistent with normal historical account behavior,NONE,1,4,5,NORMAL,0.1165
L03_001620,740,TRANSFER,1808504.85,C1619190008,6028349.5,4219844.65,C809811880,0.0,1808504.85,0,0,L03_00324,LEGITIMATE_HIGH_VALUE_HISTORY,High-value transaction consistent with normal historical account behavior,NONE,1,5,5,NORMAL,0.3
L03_001621,348,TRANSFER,833939.8,C269851892,9439514.61,8605574.81,C1690808262,0.0,833939.8,0,0,L03_00325,LEGITIMATE_HIGH_VALUE_HISTORY,High-value transaction consistent with normal historical account behavior,NONE,1,1,5,NORMAL,0.0883
L03_001622,400,TRANSFER,563829.49,C269851892,8605574.81,8041745.32,C1690808262,0.0,563829.49,0,0,L03_00325,LEGITIMATE_HIGH_VALUE_HISTORY,High-value transaction consistent with normal historical account behavior,NONE,1,2,5,NORMAL,0.0655
L03_001623,421,TRANSFER,820813.24,C269851892,8041745.32,7220932.08,C1690808262,0.0,820813.24,0,0,L03_00325,LEGITIMATE_HIGH_VALUE_HISTORY,High-value transaction consistent with normal historical account behavior,NONE,1,3,5,NORMAL,0.1021
L03_001624,466,TRANSFER,714793.82,C269851892,7220932.08,6506138.26,C1690808262,0.0,714793.82,0,0,L03_00325,LEGITIMATE_HIGH_VALUE_HISTORY,High-value transaction consistent with normal historical account behavior,NONE,1,4,5,NORMAL,0.099
L03_001625,481,TRANSFER,1951841.48,C269851892,6506138.26,4554296.78,C1690808262,0.0,1951841.48,0,0,L03_00325,LEGITIMATE_HIGH_VALUE_HISTORY,High-value transaction consistent with normal historical account behavior,NONE,1,5,5,NORMAL,0.3
L03_001626,368,TRANSFER,788125.47,C1692396285,9852208.65,9064083.18,C1254288810,0.0,788125.47,0,0,L03_00326,LEGITIMATE_HIGH_VALUE_HISTORY,High-value transaction consistent with normal historical account behavior,NONE,1,1,5,NORMAL,0.08
L03_001627,428,TRANSFER,474572.75,C1692396285,9064083.18,8589510.43,C1254288810,0.0,474572.75,0,0,L03_00326,LEGITIMATE_HIGH_VALUE_HISTORY,High-value transaction consistent with normal historical account behavior,NONE,1,2,5,NORMAL,0.0524
L03_001628,462,TRANSFER,498760.94,C1692396285,8589510.43,8090749.49,C1254288810,0.0,498760.94,0,0,L03_00326,LEGITIMATE_HIGH_VALUE_HISTORY,High-value transaction consistent with normal historical account behavior,NONE,1,3,5,NORMAL,0.0581
L03_001629,483,TRANSFER,865571.0,C1692396285,8090749.49,7225178.49,C1254288810,0.0,865571.0,0,0,L03_00326,LEGITIMATE_HIGH_VALUE_HISTORY,High-value transaction consistent with normal historical account behavior,NONE,1,4,5,NORMAL,0.107
L03_001630,531,TRANSFER,2167553.55,C1692396285,7225178.49,5057624.94,C1254288810,0.0,2167553.55,0,0,L03_00326,LEGITIMATE_HIGH_VALUE_HISTORY,High-value transaction consistent with normal historical account behavior,NONE,1,5,5,NORMAL,0.3
L03_001631,402,TRANSFER,572030.25,C1277102988,9702272.37,9130242.12,C1557984753,0.0,572030.25,0,0,L03_00327,LEGITIMATE_HIGH_VALUE_HISTORY,High-value transaction consistent with normal historical account behavior,NONE,1,1,5,NORMAL,0.059
L03_001632,437,TRANSFER,758736.88,C1277102988,9130242.12,8371505.24,C1557984753,0.0,758736.88,0,0,L03_00327,LEGITIMATE_HIGH_VALUE_HISTORY,High-value transaction consistent with normal historical account behavior,NONE,1,2,5,NORMAL,0.0831
L03_001633,497,TRANSFER,672794.92,C1277102988,8371505.24,7698710.32,C1557984753,0.0,672794.92,0,0,L03_00327,LEGITIMATE_HIGH_VALUE_HISTORY,High-value transaction consistent with normal historical account behavior,NONE,1,3,5,NORMAL,0.0804
L03_001634,555,TRANSFER,665794.55,C1277102988,7698710.32,7032915.77,C1557984753,0.0,665794.55,0,0,L03_00327,LEGITIMATE_HIGH_VALUE_HISTORY,High-value transaction consistent with normal historical account behavior,NONE,1,4,5,NORMAL,0.0865
L03_001635,609,TRANSFER,2109874.73,C1277102988,7032915.77,4923041.04,C1557984753,0.0,2109874.73,0,0,L03_00327,LEGITIMATE_HIGH_VALUE_HISTORY,High-value transaction consistent with normal historical account behavior,NONE,1,5,5,NORMAL,0.3
L03_001636,329,TRANSFER,503075.75,C709953875,18519726.5,18016650.74,C2111115368,0.0,503075.75,0,0,L03_00328,LEGITIMATE_HIGH_VALUE_HISTORY,High-value transaction consistent with normal historical account behavior,NONE,1,1,5,NORMAL,0.0272
L03_001637,352,TRANSFER,836237.16,C709953875,18016650.74,17180413.58,C2111115368,0.0,836237.16,0,0,L03_00328,LEGITIMATE_HIGH_VALUE_HISTORY,High-value transaction consistent with normal historical account behavior,NONE,1,2,5,NORMAL,0.0464
L03_001638,370,TRANSFER,447601.28,C709953875,17180413.58,16732812.31,C2111115368,0.0,447601.28,0,0,L03_00328,LEGITIMATE_HIGH_VALUE_HISTORY,High-value transaction consistent with normal historical account behavior,NONE,1,3,5,NORMAL,0.0261
L03_001639,408,TRANSFER,559570.14,C709953875,16732812.31,16173242.16,C2111115368,0.0,559570.14,0,0,L03_00328,LEGITIMATE_HIGH_VALUE_HISTORY,High-value transaction consistent with normal historical account behavior,NONE,1,4,5,NORMAL,0.0334
L03_001640,435,TRANSFER,4851972.65,C709953875,16173242.16,11321269.52,C2111115368,0.0,4851972.65,0,0,L03_00328,LEGITIMATE_HIGH_VALUE_HISTORY,High-value transaction consistent with normal historical account behavior,NONE,1,5,5,NORMAL,0.3
L03_001641,396,TRANSFER,654453.12,C1417970575,9437686.14,8783233.02,C1169315321,0.0,654453.12,0,0,L03_00329,LEGITIMATE_HIGH_VALUE_HISTORY,High-value transaction consistent with normal historical account behavior,NONE,1,1,5,NORMAL,0.0693
L03_001642,422,TRANSFER,579328.74,C1417970575,8783233.02,8203904.28,C1169315321,0.0,579328.74,0,0,L03_00329,LEGITIMATE_HIGH_VALUE_HISTORY,High-value transaction consistent with normal historical account behavior,NONE,1,2,5,NORMAL,0.066
L03_001643,441,TRANSFER,370948.53,C1417970575,8203904.28,7832955.75,C1169315321,0.0,370948.53,0,0,L03_00329,LEGITIMATE_HIGH_VALUE_HISTORY,High-value transaction consistent with normal historical account behavior,NONE,1,3,5,NORMAL,0.0452
L03_001644,483,TRANSFER,801344.68,C1417970575,7832955.75,7031611.07,C1169315321,0.0,801344.68,0,0,L03_00329,LEGITIMATE_HIGH_VALUE_HISTORY,High-value transaction consistent with normal historical account behavior,NONE,1,4,5,NORMAL,0.1023
L03_001645,536,TRANSFER,2109483.32,C1417970575,7031611.07,4922127.75,C1169315321,0.0,2109483.32,0,0,L03_00329,LEGITIMATE_HIGH_VALUE_HISTORY,High-value transaction consistent with normal historical account behavior,NONE,1,5,5,NORMAL,0.3
L03_001646,404,TRANSFER,296825.86,C1914813758,7382892.25,7086066.39,C1509817977,0.0,296825.86,0,0,L03_00330,LEGITIMATE_HIGH_VALUE_HISTORY,High-value transaction consistent with normal historical account behavior,NONE,1,1,5,NORMAL,0.0402
L03_001647,439,TRANSFER,713210.48,C1914813758,7086066.39,6372855.91,C1509817977,0.0,713210.48,0,0,L03_00330,LEGITIMATE_HIGH_VALUE_HISTORY,High-value transaction consistent with normal historical account behavior,NONE,1,2,5,NORMAL,0.1006
L03_001648,466,TRANSFER,707817.72,C1914813758,6372855.91,5665038.19,C1509817977,0.0,707817.72,0,0,L03_00330,LEGITIMATE_HIGH_VALUE_HISTORY,High-value transaction consistent with normal historical account behavior,NONE,1,3,5,NORMAL,0.1111
L03_001649,487,TRANSFER,335082.02,C1914813758,5665038.19,5329956.17,C1509817977,0.0,335082.02,0,0,L03_00330,LEGITIMATE_HIGH_VALUE_HISTORY,High-value transaction consistent with normal historical account behavior,NONE,1,4,5,NORMAL,0.0591
L03_001650,506,TRANSFER,1598986.85,C1914813758,5329956.17,3730969.32,C1509817977,0.0,1598986.85,0,0,L03_00330,LEGITIMATE_HIGH_VALUE_HISTORY,High-value transaction consistent with normal historical account behavior,NONE,1,5,5,NORMAL,0.3
L03_001651,354,TRANSFER,639709.25,C1624313265,9589391.91,8949682.66,C480710164,0.0,639709.25,0,0,L03_00331,LEGITIMATE_HIGH_VALUE_HISTORY,High-value transaction consistent with normal historical account behavior,NONE,1,1,5,NORMAL,0.0667
L03_001652,397,TRANSFER,668699.03,C1624313265,8949682.66,8280983.63,C480710164,0.0,668699.03,0,0,L03_00331,LEGITIMATE_HIGH_VALUE_HISTORY,High-value transaction consistent with normal historical account behavior,NONE,1,2,5,NORMAL,0.0747
L03_001653,433,TRANSFER,511175.58,C1624313265,8280983.63,7769808.05,C480710164,0.0,511175.58,0,0,L03_00331,LEGITIMATE_HIGH_VALUE_HISTORY,High-value transaction consistent with normal historical account behavior,NONE,1,3,5,NORMAL,0.0617
L03_001654,451,TRANSFER,340954.21,C1624313265,7769808.05,7428853.84,C480710164,0.0,340954.21,0,0,L03_00331,LEGITIMATE_HIGH_VALUE_HISTORY,High-value transaction consistent with normal historical account behavior,NONE,1,4,5,NORMAL,0.0439
L03_001655,498,TRANSFER,2228656.15,C1624313265,7428853.84,5200197.69,C480710164,0.0,2228656.15,0,0,L03_00331,LEGITIMATE_HIGH_VALUE_HISTORY,High-value transaction consistent with normal historical account behavior,NONE,1,5,5,NORMAL,0.3
L03_001656,336,TRANSFER,427772.71,C1074689208,18555171.34,18127398.63,C741705862,0.0,427772.71,0,0,L03_00332,LEGITIMATE_HIGH_VALUE_HISTORY,High-value transaction consistent with normal historical account behavior,NONE,1,1,5,NORMAL,0.0231
L03_001657,364,TRANSFER,715495.3,C1074689208,18127398.63,17411903.33,C741705862,0.0,715495.3,0,0,L03_00332,LEGITIMATE_HIGH_VALUE_HISTORY,High-value transaction consistent with normal historical account behavior,NONE,1,2,5,NORMAL,0.0395
L03_001658,391,TRANSFER,648786.64,C1074689208,17411903.33,16763116.69,C741705862,0.0,648786.64,0,0,L03_00332,LEGITIMATE_HIGH_VALUE_HISTORY,High-value transaction consistent with normal historical account behavior,NONE,1,3,5,NORMAL,0.0373
L03_001659,437,TRANSFER,813547.74,C1074689208,16763116.69,15949568.95,C741705862,0.0,813547.74,0,0,L03_00332,LEGITIMATE_HIGH_VALUE_HISTORY,High-value transaction consistent with normal historical account behavior,NONE,1,4,5,NORMAL,0.0485
L03_001660,454,TRANSFER,4784870.69,C1074689208,15949568.95,11164698.27,C741705862,0.0,4784870.69,0,0,L03_00332,LEGITIMATE_HIGH_VALUE_HISTORY,High-value transaction consistent with normal historical account behavior,NONE,1,5,5,NORMAL,0.3
L03_001661,412,TRANSFER,754730.97,C1729637030,10665869.75,9911138.78,C1104070576,0.0,754730.97,0,0,L03_00333,LEGITIMATE_HIGH_VALUE_HISTORY,High-value transaction consistent with normal historical account behavior,NONE,1,1,5,NORMAL,0.0708
L03_001662,435,TRANSFER,532202.54,C1729637030,9911138.78,9378936.23,C1104070576,0.0,532202.54,0,0,L03_00333,LEGITIMATE_HIGH_VALUE_HISTORY,High-value transaction consistent with normal historical account behavior,NONE,1,2,5,NORMAL,0.0537
L03_001663,486,TRANSFER,386383.74,C1729637030,9378936.23,8992552.49,C1104070576,0.0,386383.74,0,0,L03_00333,LEGITIMATE_HIGH_VALUE_HISTORY,High-value transaction consistent with normal historical account behavior,NONE,1,3,5,NORMAL,0.0412
L03_001664,517,TRANSFER,724514.19,C1729637030,8992552.49,8268038.3,C1104070576,0.0,724514.19,0,0,L03_00333,LEGITIMATE_HIGH_VALUE_HISTORY,High-value transaction consistent with normal historical account behavior,NONE,1,4,5,NORMAL,0.0806
L03_001665,560,TRANSFER,2480411.49,C1729637030,8268038.3,5787626.81,C1104070576,0.0,2480411.49,0,0,L03_00333,LEGITIMATE_HIGH_VALUE_HISTORY,High-value transaction consistent with normal historical account behavior,NONE,1,5,5,NORMAL,0.3
L03_001666,349,TRANSFER,644358.35,C1006987138,15868030.17,15223671.82,C1453434764,0.0,644358.35,0,0,L03_00334,LEGITIMATE_HIGH_VALUE_HISTORY,High-value transaction consistent with normal historical account behavior,NONE,1,1,5,NORMAL,0.0406
L03_001667,379,TRANSFER,469095.24,C1006987138,15223671.82,14754576.58,C1453434764,0.0,469095.24,0,0,L03_00334,LEGITIMATE_HIGH_VALUE_HISTORY,High-value transaction consistent with normal historical account behavior,NONE,1,2,5,NORMAL,0.0308
L03_001668,438,TRANSFER,695023.84,C1006987138,14754576.58,14059552.74,C1453434764,0.0,695023.84,0,0,L03_00334,LEGITIMATE_HIGH_VALUE_HISTORY,High-value transaction consistent with normal historical account behavior,NONE,1,3,5,NORMAL,0.0471
L03_001669,461,TRANSFER,612715.75,C1006987138,14059552.74,13446836.99,C1453434764,0.0,612715.75,0,0,L03_00334,LEGITIMATE_HIGH_VALUE_HISTORY,High-value transaction consistent with normal historical account behavior,NONE,1,4,5,NORMAL,0.0436
L03_001670,502,TRANSFER,4034051.1,C1006987138,13446836.99,9412785.89,C1453434764,0.0,4034051.1,0,0,L03_00334,LEGITIMATE_HIGH_VALUE_HISTORY,High-value transaction consistent with normal historical account behavior,NONE,1,5,5,NORMAL,0.3
L03_001671,321,TRANSFER,742902.7,C1027899487,8787531.52,8044628.82,C106014281,0.0,742902.7,0,0,L03_00335,LEGITIMATE_HIGH_VALUE_HISTORY,High-value transaction consistent with normal historical account behavior,NONE,1,1,5,NORMAL,0.0845
L03_001672,380,TRANSFER,713821.54,C1027899487,8044628.82,7330807.28,C106014281,0.0,713821.54,0,0,L03_00335,LEGITIMATE_HIGH_VALUE_HISTORY,High-value transaction consistent with normal historical account behavior,NONE,1,2,5,NORMAL,0.0887
L03_001673,431,TRANSFER,352775.37,C1027899487,7330807.28,6978031.91,C106014281,0.0,352775.37,0,0,L03_00335,LEGITIMATE_HIGH_VALUE_HISTORY,High-value transaction consistent with normal historical account behavior,NONE,1,3,5,NORMAL,0.0481
L03_001674,452,TRANSFER,354324.03,C1027899487,6978031.91,6623707.88,C106014281,0.0,354324.03,0,0,L03_00335,LEGITIMATE_HIGH_VALUE_HISTORY,High-value transaction consistent with normal historical account behavior,NONE,1,4,5,NORMAL,0.0508
L03_001675,490,TRANSFER,1987112.37,C1027899487,6623707.88,4636595.52,C106014281,0.0,1987112.37,0,0,L03_00335,LEGITIMATE_HIGH_VALUE_HISTORY,High-value transaction consistent with normal historical account behavior,NONE,1,5,5,NORMAL,0.3
L03_001676,341,TRANSFER,649223.53,C193547920,17202804.45,16553580.92,C604591490,0.0,649223.53,0,0,L03_00336,LEGITIMATE_HIGH_VALUE_HISTORY,High-value transaction consistent with normal historical account behavior,NONE,1,1,5,NORMAL,0.0377
L03_001677,361,TRANSFER,450027.28,C193547920,16553580.92,16103553.64,C604591490,0.0,450027.28,0,0,L03_00336,LEGITIMATE_HIGH_VALUE_HISTORY,High-value transaction consistent with normal historical account behavior,NONE,1,2,5,NORMAL,0.0272
L03_001678,399,TRANSFER,766681.81,C193547920,16103553.64,15336871.83,C604591490,0.0,766681.81,0,0,L03_00336,LEGITIMATE_HIGH_VALUE_HISTORY,High-value transaction consistent with normal historical account behavior,NONE,1,3,5,NORMAL,0.0476
L03_001679,435,TRANSFER,652569.09,C193547920,15336871.83,14684302.74,C604591490,0.0,652569.09,0,0,L03_00336,LEGITIMATE_HIGH_VALUE_HISTORY,High-value transaction consistent with normal historical account behavior,NONE,1,4,5,NORMAL,0.0425
L03_001680,463,TRANSFER,4405290.82,C193547920,14684302.74,10279011.92,C604591490,0.0,4405290.82,0,0,L03_00336,LEGITIMATE_HIGH_VALUE_HISTORY,High-value transaction consistent with normal historical account behavior,NONE,1,5,5,NORMAL,0.3
L03_001681,344,TRANSFER,424809.54,C358207002,7120758.28,6695948.74,C1161885898,0.0,424809.54,0,0,L03_00337,LEGITIMATE_HIGH_VALUE_HISTORY,High-value transaction consistent with normal historical account behavior,NONE,1,1,5,NORMAL,0.0597
L03_001682,360,TRANSFER,366755.63,C358207002,6695948.74,6329193.11,C1161885898,0.0,366755.63,0,0,L03_00337,LEGITIMATE_HIGH_VALUE_HISTORY,High-value transaction consistent with normal historical account behavior,NONE,1,2,5,NORMAL,0.0548
L03_001683,395,TRANSFER,586356.49,C358207002,6329193.11,5742836.62,C1161885898,0.0,586356.49,0,0,L03_00337,LEGITIMATE_HIGH_VALUE_HISTORY,High-value transaction consistent with normal historical account behavior,NONE,1,3,5,NORMAL,0.0926
L03_001684,444,TRANSFER,409047.84,C358207002,5742836.62,5333788.78,C1161885898,0.0,409047.84,0,0,L03_00337,LEGITIMATE_HIGH_VALUE_HISTORY,High-value transaction consistent with normal historical account behavior,NONE,1,4,5,NORMAL,0.0712
L03_001685,462,TRANSFER,1600136.64,C358207002,5333788.78,3733652.15,C1161885898,0.0,1600136.64,0,0,L03_00337,LEGITIMATE_HIGH_VALUE_HISTORY,High-value transaction consistent with normal historical account behavior,NONE,1,5,5,NORMAL,0.3
L03_001686,376,TRANSFER,808795.79,C264560663,18846790.84,18037995.06,C1137320932,0.0,808795.79,0,0,L03_00338,LEGITIMATE_HIGH_VALUE_HISTORY,High-value transaction consistent with normal historical account behavior,NONE,1,1,5,NORMAL,0.0429
L03_001687,394,TRANSFER,375757.7,C264560663,18037995.06,17662237.36,C1137320932,0.0,375757.7,0,0,L03_00338,LEGITIMATE_HIGH_VALUE_HISTORY,High-value transaction consistent with normal historical account behavior,NONE,1,2,5,NORMAL,0.0208
L03_001688,417,TRANSFER,873861.89,C264560663,17662237.36,16788375.46,C1137320932,0.0,873861.89,0,0,L03_00338,LEGITIMATE_HIGH_VALUE_HISTORY,High-value transaction consistent with normal historical account behavior,NONE,1,3,5,NORMAL,0.0495
L03_001689,433,TRANSFER,506111.85,C264560663,16788375.46,16282263.62,C1137320932,0.0,506111.85,0,0,L03_00338,LEGITIMATE_HIGH_VALUE_HISTORY,High-value transaction consistent with normal historical account behavior,NONE,1,4,5,NORMAL,0.0301
L03_001690,449,TRANSFER,4884679.08,C264560663,16282263.62,11397584.53,C1137320932,0.0,4884679.08,0,0,L03_00338,LEGITIMATE_HIGH_VALUE_HISTORY,High-value transaction consistent with normal historical account behavior,NONE,1,5,5,NORMAL,0.3
L03_001691,222,TRANSFER,616019.94,C206224518,7760096.58,7144076.64,C1111972157,0.0,616019.94,0,0,L03_00339,LEGITIMATE_HIGH_VALUE_HISTORY,High-value transaction consistent with normal historical account behavior,NONE,1,1,5,NORMAL,0.0794
L03_001692,258,TRANSFER,766091.99,C206224518,7144076.64,6377984.65,C1111972157,0.0,766091.99,0,0,L03_00339,LEGITIMATE_HIGH_VALUE_HISTORY,High-value transaction consistent with normal historical account behavior,NONE,1,2,5,NORMAL,0.1072
L03_001693,317,TRANSFER,669341.49,C206224518,6377984.65,5708643.16,C1111972157,0.0,669341.49,0,0,L03_00339,LEGITIMATE_HIGH_VALUE_HISTORY,High-value transaction consistent with normal historical account behavior,NONE,1,3,5,NORMAL,0.1049
L03_001694,361,TRANSFER,364067.41,C206224518,5708643.16,5344575.75,C1111972157,0.0,364067.41,0,0,L03_00339,LEGITIMATE_HIGH_VALUE_HISTORY,High-value transaction consistent with normal historical account behavior,NONE,1,4,5,NORMAL,0.0638
L03_001695,387,TRANSFER,1603372.72,C206224518,5344575.75,3741203.03,C1111972157,0.0,1603372.72,0,0,L03_00339,LEGITIMATE_HIGH_VALUE_HISTORY,High-value transaction consistent with normal historical account behavior,NONE,1,5,5,NORMAL,0.3
L03_001696,330,TRANSFER,576551.46,C1443180487,18143856.06,17567304.6,C1616460822,0.0,576551.46,0,0,L03_00340,LEGITIMATE_HIGH_VALUE_HISTORY,High-value transaction consistent with normal historical account behavior,NONE,1,1,5,NORMAL,0.0318
L03_001697,368,TRANSFER,329978.76,C1443180487,17567304.6,17237325.84,C1616460822,0.0,329978.76,0,0,L03_00340,LEGITIMATE_HIGH_VALUE_HISTORY,High-value transaction consistent with normal historical account behavior,NONE,1,2,5,NORMAL,0.0188
L03_001698,392,TRANSFER,645118.97,C1443180487,17237325.84,16592206.87,C1616460822,0.0,645118.97,0,0,L03_00340,LEGITIMATE_HIGH_VALUE_HISTORY,High-value transaction consistent with normal historical account behavior,NONE,1,3,5,NORMAL,0.0374
L03_001699,452,TRANSFER,544254.85,C1443180487,16592206.87,16047952.02,C1616460822,0.0,544254.85,0,0,L03_00340,LEGITIMATE_HIGH_VALUE_HISTORY,High-value transaction consistent with normal historical account behavior,NONE,1,4,5,NORMAL,0.0328
L03_001700,507,TRANSFER,4814385.61,C1443180487,16047952.02,11233566.41,C1616460822,0.0,4814385.61,0,0,L03_00340,LEGITIMATE_HIGH_VALUE_HISTORY,High-value transaction consistent with normal historical account behavior,NONE,1,5,5,NORMAL,0.3
L03_001701,68,TRANSFER,473171.8,C812012253,9078639.36,8605467.56,C257761496,0.0,473171.8,0,0,L03_00341,LEGITIMATE_HIGH_VALUE_HISTORY,High-value transaction consistent with normal historical account behavior,NONE,1,1,5,NORMAL,0.0521
L03_001702,92,TRANSFER,410015.48,C812012253,8605467.56,8195452.08,C257761496,0.0,410015.48,0,0,L03_00341,LEGITIMATE_HIGH_VALUE_HISTORY,High-value transaction consistent with normal historical account behavior,NONE,1,2,5,NORMAL,0.0476
L03_001703,107,TRANSFER,785227.53,C812012253,8195452.08,7410224.55,C257761496,0.0,785227.53,0,0,L03_00341,LEGITIMATE_HIGH_VALUE_HISTORY,High-value transaction consistent with normal historical account behavior,NONE,1,3,5,NORMAL,0.0958
L03_001704,161,TRANSFER,461958.18,C812012253,7410224.55,6948266.37,C257761496,0.0,461958.18,0,0,L03_00341,LEGITIMATE_HIGH_VALUE_HISTORY,High-value transaction consistent with normal historical account behavior,NONE,1,4,5,NORMAL,0.0623
L03_001705,178,TRANSFER,2084479.91,C812012253,6948266.37,4863786.46,C257761496,0.0,2084479.91,0,0,L03_00341,LEGITIMATE_HIGH_VALUE_HISTORY,High-value transaction consistent with normal historical account behavior,NONE,1,5,5,NORMAL,0.3
L03_001706,360,TRANSFER,661926.86,C2552895,18136924.89,17474998.03,C553162522,0.0,661926.86,0,0,L03_00342,LEGITIMATE_HIGH_VALUE_HISTORY,High-value transaction consistent with normal historical account behavior,NONE,1,1,5,NORMAL,0.0365
L03_001707,412,TRANSFER,498793.0,C2552895,17474998.03,16976205.03,C553162522,0.0,498793.0,0,0,L03_00342,LEGITIMATE_HIGH_VALUE_HISTORY,High-value transaction consistent with normal historical account behavior,NONE,1,2,5,NORMAL,0.0285
L03_001708,447,TRANSFER,853238.33,C2552895,16976205.03,16122966.7,C553162522,0.0,853238.33,0,0,L03_00342,LEGITIMATE_HIGH_VALUE_HISTORY,High-value transaction consistent with normal historical account behavior,NONE,1,3,5,NORMAL,0.0503
L03_001709,499,TRANSFER,506495.86,C2552895,16122966.7,15616470.84,C553162522,0.0,506495.86,0,0,L03_00342,LEGITIMATE_HIGH_VALUE_HISTORY,High-value transaction consistent with normal historical account behavior,NONE,1,4,5,NORMAL,0.0314
L03_001710,519,TRANSFER,4684941.25,C2552895,15616470.84,10931529.59,C553162522,0.0,4684941.25,0,0,L03_00342,LEGITIMATE_HIGH_VALUE_HISTORY,High-value transaction consistent with normal historical account behavior,NONE,1,5,5,NORMAL,0.3
L03_001711,344,TRANSFER,328793.32,C385490956,17470821.32,17142028.0,C1487890981,0.0,328793.32,0,0,L03_00343,LEGITIMATE_HIGH_VALUE_HISTORY,High-value transaction consistent with normal historical account behavior,NONE,1,1,5,NORMAL,0.0188
L03_001712,359,TRANSFER,480570.36,C385490956,17142028.0,16661457.64,C1487890981,0.0,480570.36,0,0,L03_00343,LEGITIMATE_HIGH_VALUE_HISTORY,High-value transaction consistent with normal historical account behavior,NONE,1,2,5,NORMAL,0.028
L03_001713,401,TRANSFER,752082.33,C385490956,16661457.64,15909375.31,C1487890981,0.0,752082.33,0,0,L03_00343,LEGITIMATE_HIGH_VALUE_HISTORY,High-value transaction consistent with normal historical account behavior,NONE,1,3,5,NORMAL,0.0451
L03_001714,449,TRANSFER,310104.24,C385490956,15909375.31,15599271.07,C1487890981,0.0,310104.24,0,0,L03_00343,LEGITIMATE_HIGH_VALUE_HISTORY,High-value transaction consistent with normal historical account behavior,NONE,1,4,5,NORMAL,0.0195
L03_001715,493,TRANSFER,4679781.32,C385490956,15599271.07,10919489.75,C1487890981,0.0,4679781.32,0,0,L03_00343,LEGITIMATE_HIGH_VALUE_HISTORY,High-value transaction consistent with normal historical account behavior,NONE,1,5,5,NORMAL,0.3
L03_001716,392,TRANSFER,788757.98,C1061201249,8317457.16,7528699.18,C1425885992,0.0,788757.98,0,0,L03_00344,LEGITIMATE_HIGH_VALUE_HISTORY,High-value transaction consistent with normal historical account behavior,NONE,1,1,5,NORMAL,0.0948
L03_001717,450,TRANSFER,538440.19,C1061201249,7528699.18,6990258.99,C1425885992,0.0,538440.19,0,0,L03_00344,LEGITIMATE_HIGH_VALUE_HISTORY,High-value transaction consistent with normal historical account behavior,NONE,1,2,5,NORMAL,0.0715
L03_001718,491,TRANSFER,784381.38,C1061201249,6990258.99,6205877.61,C1425885992,0.0,784381.38,0,0,L03_00344,LEGITIMATE_HIGH_VALUE_HISTORY,High-value transaction consistent with normal historical account behavior,NONE,1,3,5,NORMAL,0.1122
L03_001719,530,TRANSFER,512713.21,C1061201249,6205877.61,5693164.4,C1425885992,0.0,512713.21,0,0,L03_00344,LEGITIMATE_HIGH_VALUE_HISTORY,High-value transaction consistent with normal historical account behavior,NONE,1,4,5,NORMAL,0.0826
L03_001720,562,TRANSFER,1707949.32,C1061201249,5693164.4,3985215.08,C1425885992,0.0,1707949.32,0,0,L03_00344,LEGITIMATE_HIGH_VALUE_HISTORY,High-value transaction consistent with normal historical account behavior,NONE,1,5,5,NORMAL,0.3
L03_001721,561,TRANSFER,772246.33,C551041149,8521641.31,7749394.98,C1170129837,0.0,772246.33,0,0,L03_00345,LEGITIMATE_HIGH_VALUE_HISTORY,High-value transaction consistent with normal historical account behavior,NONE,1,1,5,NORMAL,0.0906
L03_001722,592,TRANSFER,310640.5,C551041149,7749394.98,7438754.48,C1170129837,0.0,310640.5,0,0,L03_00345,LEGITIMATE_HIGH_VALUE_HISTORY,High-value transaction consistent with normal historical account behavior,NONE,1,2,5,NORMAL,0.0401
L03_001723,615,TRANSFER,856882.39,C551041149,7438754.48,6581872.09,C1170129837,0.0,856882.39,0,0,L03_00345,LEGITIMATE_HIGH_VALUE_HISTORY,High-value transaction consistent with normal historical account behavior,NONE,1,3,5,NORMAL,0.1152
L03_001724,648,TRANSFER,840724.78,C551041149,6581872.09,5741147.31,C1170129837,0.0,840724.78,0,0,L03_00345,LEGITIMATE_HIGH_VALUE_HISTORY,High-value transaction consistent with normal historical account behavior,NONE,1,4,5,NORMAL,0.1277
L03_001725,683,TRANSFER,1722344.19,C551041149,5741147.31,4018803.12,C1170129837,0.0,1722344.19,0,0,L03_00345,LEGITIMATE_HIGH_VALUE_HISTORY,High-value transaction consistent with normal historical account behavior,NONE,1,5,5,NORMAL,0.3
L03_001726,228,TRANSFER,563265.74,C1965989909,8115221.19,7551955.45,C1383273534,0.0,563265.74,0,0,L03_00346,LEGITIMATE_HIGH_VALUE_HISTORY,High-value transaction consistent with normal historical account behavior,NONE,1,1,5,NORMAL,0.0694
L03_001727,243,TRANSFER,368738.06,C1965989909,7551955.45,7183217.39,C1383273534,0.0,368738.06,0,0,L03_00346,LEGITIMATE_HIGH_VALUE_HISTORY,High-value transaction consistent with normal historical account behavior,NONE,1,2,5,NORMAL,0.0488
L03_001728,297,TRANSFER,637478.12,C1965989909,7183217.39,6545739.27,C1383273534,0.0,637478.12,0,0,L03_00346,LEGITIMATE_HIGH_VALUE_HISTORY,High-value transaction consistent with normal historical account behavior,NONE,1,3,5,NORMAL,0.0887
L03_001729,333,TRANSFER,557548.44,C1965989909,6545739.27,5988190.83,C1383273534,0.0,557548.44,0,0,L03_00346,LEGITIMATE_HIGH_VALUE_HISTORY,High-value transaction consistent with normal historical account behavior,NONE,1,4,5,NORMAL,0.0852
L03_001730,387,TRANSFER,1796457.25,C1965989909,5988190.83,4191733.58,C1383273534,0.0,1796457.25,0,0,L03_00346,LEGITIMATE_HIGH_VALUE_HISTORY,High-value transaction consistent with normal historical account behavior,NONE,1,5,5,NORMAL,0.3
L03_001731,290,TRANSFER,741550.86,C1269946061,7599536.1,6857985.24,C783229747,0.0,741550.86,0,0,L03_00347,LEGITIMATE_HIGH_VALUE_HISTORY,High-value transaction consistent with normal historical account behavior,NONE,1,1,5,NORMAL,0.0976
L03_001732,332,TRANSFER,379695.1,C1269946061,6857985.24,6478290.14,C783229747,0.0,379695.1,0,0,L03_00347,LEGITIMATE_HIGH_VALUE_HISTORY,High-value transaction consistent with normal historical account behavior,NONE,1,2,5,NORMAL,0.0554
L03_001733,375,TRANSFER,334622.58,C1269946061,6478290.14,6143667.56,C783229747,0.0,334622.58,0,0,L03_00347,LEGITIMATE_HIGH_VALUE_HISTORY,High-value transaction consistent with normal historical account behavior,NONE,1,3,5,NORMAL,0.0517
L03_001734,400,TRANSFER,317416.13,C1269946061,6143667.56,5826251.43,C783229747,0.0,317416.13,0,0,L03_00347,LEGITIMATE_HIGH_VALUE_HISTORY,High-value transaction consistent with normal historical account behavior,NONE,1,4,5,NORMAL,0.0517
L03_001735,451,TRANSFER,1747875.43,C1269946061,5826251.43,4078376.0,C783229747,0.0,1747875.43,0,0,L03_00347,LEGITIMATE_HIGH_VALUE_HISTORY,High-value transaction consistent with normal historical account behavior,NONE,1,5,5,NORMAL,0.3
L03_001736,396,TRANSFER,348143.78,C1467146776,11720966.29,11372822.51,C490611524,0.0,348143.78,0,0,L03_00348,LEGITIMATE_HIGH_VALUE_HISTORY,High-value transaction consistent with normal historical account behavior,NONE,1,1,5,NORMAL,0.0297
L03_001737,423,TRANSFER,377611.02,C1467146776,11372822.51,10995211.49,C490611524,0.0,377611.02,0,0,L03_00348,LEGITIMATE_HIGH_VALUE_HISTORY,High-value transaction consistent with normal historical account behavior,NONE,1,2,5,NORMAL,0.0332
L03_001738,462,TRANSFER,644433.77,C1467146776,10995211.49,10350777.72,C490611524,0.0,644433.77,0,0,L03_00348,LEGITIMATE_HIGH_VALUE_HISTORY,High-value transaction consistent with normal historical account behavior,NONE,1,3,5,NORMAL,0.0586
L03_001739,507,TRANSFER,666834.19,C1467146776,10350777.72,9683943.54,C490611524,0.0,666834.19,0,0,L03_00348,LEGITIMATE_HIGH_VALUE_HISTORY,High-value transaction consistent with normal historical account behavior,NONE,1,4,5,NORMAL,0.0644
L03_001740,532,TRANSFER,2905183.06,C1467146776,9683943.54,6778760.47,C490611524,0.0,2905183.06,0,0,L03_00348,LEGITIMATE_HIGH_VALUE_HISTORY,High-value transaction consistent with normal historical account behavior,NONE,1,5,5,NORMAL,0.3
L03_001741,355,TRANSFER,439217.74,C1106395261,12492469.83,12053252.09,C1295333897,0.0,439217.74,0,0,L03_00349,LEGITIMATE_HIGH_VALUE_HISTORY,High-value transaction consistent with normal historical account behavior,NONE,1,1,5,NORMAL,0.0352
L03_001742,387,TRANSFER,368933.82,C1106395261,12053252.09,11684318.27,C1295333897,0.0,368933.82,0,0,L03_00349,LEGITIMATE_HIGH_VALUE_HISTORY,High-value transaction consistent with normal historical account behavior,NONE,1,2,5,NORMAL,0.0306
L03_001743,420,TRANSFER,340594.15,C1106395261,11684318.27,11343724.12,C1295333897,0.0,340594.15,0,0,L03_00349,LEGITIMATE_HIGH_VALUE_HISTORY,High-value transaction consistent with normal historical account behavior,NONE,1,3,5,NORMAL,0.0291
L03_001744,477,TRANSFER,690645.38,C1106395261,11343724.12,10653078.74,C1295333897,0.0,690645.38,0,0,L03_00349,LEGITIMATE_HIGH_VALUE_HISTORY,High-value transaction consistent with normal historical account behavior,NONE,1,4,5,NORMAL,0.0609
L03_001745,536,TRANSFER,3195923.62,C1106395261,10653078.74,7457155.12,C1295333897,0.0,3195923.62,0,0,L03_00349,LEGITIMATE_HIGH_VALUE_HISTORY,High-value transaction consistent with normal historical account behavior,NONE,1,5,5,NORMAL,0.3
L03_001746,314,TRANSFER,708405.62,C262929963,14946461.0,14238055.38,C653593128,0.0,708405.62,0,0,L03_00350,LEGITIMATE_HIGH_VALUE_HISTORY,High-value transaction consistent with normal historical account behavior,NONE,1,1,5,NORMAL,0.0474
L03_001747,370,TRANSFER,694977.7,C262929963,14238055.38,13543077.68,C653593128,0.0,694977.7,0,0,L03_00350,LEGITIMATE_HIGH_VALUE_HISTORY,High-value transaction consistent with normal historical account behavior,NONE,1,2,5,NORMAL,0.0488
L03_001748,422,TRANSFER,431439.07,C262929963,13543077.68,13111638.61,C653593128,0.0,431439.07,0,0,L03_00350,LEGITIMATE_HIGH_VALUE_HISTORY,High-value transaction consistent with normal historical account behavior,NONE,1,3,5,NORMAL,0.0319
L03_001749,473,TRANSFER,741164.27,C262929963,13111638.61,12370474.34,C653593128,0.0,741164.27,0,0,L03_00350,LEGITIMATE_HIGH_VALUE_HISTORY,High-value transaction consistent with normal historical account behavior,NONE,1,4,5,NORMAL,0.0565
L03_001750,495,TRANSFER,3711142.3,C262929963,12370474.34,8659332.03,C653593128,0.0,3711142.3,0,0,L03_00350,LEGITIMATE_HIGH_VALUE_HISTORY,High-value transaction consistent with normal historical account behavior,NONE,1,5,5,NORMAL,0.3
L03_001751,407,TRANSFER,323488.67,C1150935914,14771508.69,14448020.02,C1837608805,0.0,323488.67,0,0,L03_00351,LEGITIMATE_HIGH_VALUE_HISTORY,High-value transaction consistent with normal historical account behavior,NONE,1,1,5,NORMAL,0.0219
L03_001752,438,TRANSFER,574092.85,C1150935914,14448020.02,13873927.17,C1837608805,0.0,574092.85,0,0,L03_00351,LEGITIMATE_HIGH_VALUE_HISTORY,High-value transaction consistent with normal historical account behavior,NONE,1,2,5,NORMAL,0.0397
L03_001753,494,TRANSFER,838745.91,C1150935914,13873927.17,13035181.26,C1837608805,0.0,838745.91,0,0,L03_00351,LEGITIMATE_HIGH_VALUE_HISTORY,High-value transaction consistent with normal historical account behavior,NONE,1,3,5,NORMAL,0.0605
L03_001754,530,TRANSFER,844529.58,C1150935914,13035181.26,12190651.68,C1837608805,0.0,844529.58,0,0,L03_00351,LEGITIMATE_HIGH_VALUE_HISTORY,High-value transaction consistent with normal historical account behavior,NONE,1,4,5,NORMAL,0.0648
L03_001755,547,TRANSFER,3657195.5,C1150935914,12190651.68,8533456.18,C1837608805,0.0,3657195.5,0,0,L03_00351,LEGITIMATE_HIGH_VALUE_HISTORY,High-value transaction consistent with normal historical account behavior,NONE,1,5,5,NORMAL,0.3
L03_001756,431,TRANSFER,410984.17,C178600948,9222096.42,8811112.25,C1590064038,0.0,410984.17,0,0,L03_00352,LEGITIMATE_HIGH_VALUE_HISTORY,High-value transaction consistent with normal historical account behavior,NONE,1,1,5,NORMAL,0.0446
L03_001757,489,TRANSFER,776786.92,C178600948,8811112.25,8034325.33,C1590064038,0.0,776786.92,0,0,L03_00352,LEGITIMATE_HIGH_VALUE_HISTORY,High-value transaction consistent with normal historical account behavior,NONE,1,2,5,NORMAL,0.0882
L03_001758,529,TRANSFER,840906.11,C178600948,8034325.33,7193419.22,C1590064038,0.0,840906.11,0,0,L03_00352,LEGITIMATE_HIGH_VALUE_HISTORY,High-value transaction consistent with normal historical account behavior,NONE,1,3,5,NORMAL,0.1047
L03_001759,548,TRANSFER,702730.18,C178600948,7193419.22,6490689.04,C1590064038,0.0,702730.18,0,0,L03_00352,LEGITIMATE_HIGH_VALUE_HISTORY,High-value transaction consistent with normal historical account behavior,NONE,1,4,5,NORMAL,0.0977
L03_001760,578,TRANSFER,1947206.71,C178600948,6490689.04,4543482.33,C1590064038,0.0,1947206.71,0,0,L03_00352,LEGITIMATE_HIGH_VALUE_HISTORY,High-value transaction consistent with normal historical account behavior,NONE,1,5,5,NORMAL,0.3
L03_001761,351,TRANSFER,831832.9,C1845921160,18178316.22,17346483.32,C229767326,0.0,831832.9,0,0,L03_00353,LEGITIMATE_HIGH_VALUE_HISTORY,High-value transaction consistent with normal historical account behavior,NONE,1,1,5,NORMAL,0.0458
L03_001762,367,TRANSFER,445631.57,C1845921160,17346483.32,16900851.75,C229767326,0.0,445631.57,0,0,L03_00353,LEGITIMATE_HIGH_VALUE_HISTORY,High-value transaction consistent with normal historical account behavior,NONE,1,2,5,NORMAL,0.0257
L03_001763,425,TRANSFER,681938.07,C1845921160,16900851.75,16218913.68,C229767326,0.0,681938.07,0,0,L03_00353,LEGITIMATE_HIGH_VALUE_HISTORY,High-value transaction consistent with normal historical account behavior,NONE,1,3,5,NORMAL,0.0403
L03_001764,445,TRANSFER,587773.39,C1845921160,16218913.68,15631140.29,C229767326,0.0,587773.39,0,0,L03_00353,LEGITIMATE_HIGH_VALUE_HISTORY,High-value transaction consistent with normal historical account behavior,NONE,1,4,5,NORMAL,0.0362
L03_001765,489,TRANSFER,4689342.09,C1845921160,15631140.29,10941798.2,C229767326,0.0,4689342.09,0,0,L03_00353,LEGITIMATE_HIGH_VALUE_HISTORY,High-value transaction consistent with normal historical account behavior,NONE,1,5,5,NORMAL,0.3
L03_001766,360,TRANSFER,669612.63,C525216524,18251850.88,17582238.26,C1257827801,0.0,669612.63,0,0,L03_00354,LEGITIMATE_HIGH_VALUE_HISTORY,High-value transaction consistent with normal historical account behavior,NONE,1,1,5,NORMAL,0.0367
L03_001767,384,TRANSFER,489257.92,C525216524,17582238.26,17092980.33,C1257827801,0.0,489257.92,0,0,L03_00354,LEGITIMATE_HIGH_VALUE_HISTORY,High-value transaction consistent with normal historical account behavior,NONE,1,2,5,NORMAL,0.0278
L03_001768,435,TRANSFER,503161.9,C525216524,17092980.33,16589818.43,C1257827801,0.0,503161.9,0,0,L03_00354,LEGITIMATE_HIGH_VALUE_HISTORY,High-value transaction consistent with normal historical account behavior,NONE,1,3,5,NORMAL,0.0294
L03_001769,493,TRANSFER,505868.14,C525216524,16589818.43,16083950.29,C1257827801,0.0,505868.14,0,0,L03_00354,LEGITIMATE_HIGH_VALUE_HISTORY,High-value transaction consistent with normal historical account behavior,NONE,1,4,5,NORMAL,0.0305
L03_001770,535,TRANSFER,4825185.09,C525216524,16083950.29,11258765.21,C1257827801,0.0,4825185.09,0,0,L03_00354,LEGITIMATE_HIGH_VALUE_HISTORY,High-value transaction consistent with normal historical account behavior,NONE,1,5,5,NORMAL,0.3
L03_001771,357,TRANSFER,571888.39,C60265066,18306831.71,17734943.32,C1695534107,0.0,571888.39,0,0,L03_00355,LEGITIMATE_HIGH_VALUE_HISTORY,High-value transaction consistent with normal historical account behavior,NONE,1,1,5,NORMAL,0.0312
L03_001772,379,TRANSFER,619782.63,C60265066,17734943.32,17115160.69,C1695534107,0.0,619782.63,0,0,L03_00355,LEGITIMATE_HIGH_VALUE_HISTORY,High-value transaction consistent with normal historical account behavior,NONE,1,2,5,NORMAL,0.0349
L03_001773,436,TRANSFER,584206.87,C60265066,17115160.69,16530953.82,C1695534107,0.0,584206.87,0,0,L03_00355,LEGITIMATE_HIGH_VALUE_HISTORY,High-value transaction consistent with normal historical account behavior,NONE,1,3,5,NORMAL,0.0341
L03_001774,463,TRANSFER,428676.58,C60265066,16530953.82,16102277.24,C1695534107,0.0,428676.58,0,0,L03_00355,LEGITIMATE_HIGH_VALUE_HISTORY,High-value transaction consistent with normal historical account behavior,NONE,1,4,5,NORMAL,0.0259
L03_001775,503,TRANSFER,4830683.17,C60265066,16102277.24,11271594.06,C1695534107,0.0,4830683.17,0,0,L03_00355,LEGITIMATE_HIGH_VALUE_HISTORY,High-value transaction consistent with normal historical account behavior,NONE,1,5,5,NORMAL,0.3
L03_001776,425,TRANSFER,299954.79,C1241120613,10898504.42,10598549.63,C262355562,0.0,299954.79,0,0,L03_00356,LEGITIMATE_HIGH_VALUE_HISTORY,High-value transaction consistent with normal historical account behavior,NONE,1,1,5,NORMAL,0.0275
L03_001777,460,TRANSFER,593853.78,C1241120613,10598549.63,10004695.85,C262355562,0.0,593853.78,0,0,L03_00356,LEGITIMATE_HIGH_VALUE_HISTORY,High-value transaction consistent with normal historical account behavior,NONE,1,2,5,NORMAL,0.056
L03_001778,509,TRANSFER,853532.92,C1241120613,10004695.85,9151162.93,C262355562,0.0,853532.92,0,0,L03_00356,LEGITIMATE_HIGH_VALUE_HISTORY,High-value transaction consistent with normal historical account behavior,NONE,1,3,5,NORMAL,0.0853
L03_001779,529,TRANSFER,429665.17,C1241120613,9151162.93,8721497.76,C262355562,0.0,429665.17,0,0,L03_00356,LEGITIMATE_HIGH_VALUE_HISTORY,High-value transaction consistent with normal historical account behavior,NONE,1,4,5,NORMAL,0.047
L03_001780,564,TRANSFER,2616449.33,C1241120613,8721497.76,6105048.43,C262355562,0.0,2616449.33,0,0,L03_00356,LEGITIMATE_HIGH_VALUE_HISTORY,High-value transaction consistent with normal historical account behavior,NONE,1,5,5,NORMAL,0.3
L03_001781,380,TRANSFER,817018.95,C226300374,10330535.08,9513516.13,C725317629,0.0,817018.95,0,0,L03_00357,LEGITIMATE_HIGH_VALUE_HISTORY,High-value transaction consistent with normal historical account behavior,NONE,1,1,5,NORMAL,0.0791
L03_001782,426,TRANSFER,673266.74,C226300374,9513516.13,8840249.39,C725317629,0.0,673266.74,0,0,L03_00357,LEGITIMATE_HIGH_VALUE_HISTORY,High-value transaction consistent with normal historical account behavior,NONE,1,2,5,NORMAL,0.0708
L03_001783,470,TRANSFER,666775.77,C226300374,8840249.39,8173473.62,C725317629,0.0,666775.77,0,0,L03_00357,LEGITIMATE_HIGH_VALUE_HISTORY,High-value transaction consistent with normal historical account behavior,NONE,1,3,5,NORMAL,0.0754
L03_001784,498,TRANSFER,867449.4,C226300374,8173473.62,7306024.22,C725317629,0.0,867449.4,0,0,L03_00357,LEGITIMATE_HIGH_VALUE_HISTORY,High-value transaction consistent with normal historical account behavior,NONE,1,4,5,NORMAL,0.1061
L03_001785,514,TRANSFER,2191807.27,C226300374,7306024.22,5114216.96,C725317629,0.0,2191807.27,0,0,L03_00357,LEGITIMATE_HIGH_VALUE_HISTORY,High-value transaction consistent with normal historical account behavior,NONE,1,5,5,NORMAL,0.3
L03_001786,369,TRANSFER,323640.34,C404840354,9304668.69,8981028.35,C95038536,0.0,323640.34,0,0,L03_00358,LEGITIMATE_HIGH_VALUE_HISTORY,High-value transaction consistent with normal historical account behavior,NONE,1,1,5,NORMAL,0.0348
L03_001787,401,TRANSFER,332060.6,C404840354,8981028.35,8648967.75,C95038536,0.0,332060.6,0,0,L03_00358,LEGITIMATE_HIGH_VALUE_HISTORY,High-value transaction consistent with normal historical account behavior,NONE,1,2,5,NORMAL,0.037
L03_001788,445,TRANSFER,732750.31,C404840354,8648967.75,7916217.44,C95038536,0.0,732750.31,0,0,L03_00358,LEGITIMATE_HIGH_VALUE_HISTORY,High-value transaction consistent with normal historical account behavior,NONE,1,3,5,NORMAL,0.0847
L03_001789,504,TRANSFER,718270.88,C404840354,7916217.44,7197946.56,C95038536,0.0,718270.88,0,0,L03_00358,LEGITIMATE_HIGH_VALUE_HISTORY,High-value transaction consistent with normal historical account behavior,NONE,1,4,5,NORMAL,0.0907
L03_001790,535,TRANSFER,2159383.97,C404840354,7197946.56,5038562.59,C95038536,0.0,2159383.97,0,0,L03_00358,LEGITIMATE_HIGH_VALUE_HISTORY,High-value transaction consistent with normal historical account behavior,NONE,1,5,5,NORMAL,0.3
L03_001791,207,TRANSFER,324590.1,C1018527975,7091244.15,6766654.05,C2007290157,0.0,324590.1,0,0,L03_00359,LEGITIMATE_HIGH_VALUE_HISTORY,High-value transaction consistent with normal historical account behavior,NONE,1,1,5,NORMAL,0.0458
L03_001792,240,TRANSFER,466607.44,C1018527975,6766654.05,6300046.61,C2007290157,0.0,466607.44,0,0,L03_00359,LEGITIMATE_HIGH_VALUE_HISTORY,High-value transaction consistent with normal historical account behavior,NONE,1,2,5,NORMAL,0.069
L03_001793,274,TRANSFER,835542.43,C1018527975,6300046.61,5464504.18,C2007290157,0.0,835542.43,0,0,L03_00359,LEGITIMATE_HIGH_VALUE_HISTORY,High-value transaction consistent with normal historical account behavior,NONE,1,3,5,NORMAL,0.1326
L03_001794,323,TRANSFER,406740.29,C1018527975,5464504.18,5057763.89,C2007290157,0.0,406740.29,0,0,L03_00359,LEGITIMATE_HIGH_VALUE_HISTORY,High-value transaction consistent with normal historical account behavior,NONE,1,4,5,NORMAL,0.0744
L03_001795,349,TRANSFER,1517329.17,C1018527975,5057763.89,3540434.72,C2007290157,0.0,1517329.17,0,0,L03_00359,LEGITIMATE_HIGH_VALUE_HISTORY,High-value transaction consistent with normal historical account behavior,NONE,1,5,5,NORMAL,0.3
L03_001796,346,TRANSFER,428872.59,C1162880984,9954625.98,9525753.39,C846848902,0.0,428872.59,0,0,L03_00360,LEGITIMATE_HIGH_VALUE_HISTORY,High-value transaction consistent with normal historical account behavior,NONE,1,1,5,NORMAL,0.0431
L03_001797,368,TRANSFER,749988.0,C1162880984,9525753.39,8775765.39,C846848902,0.0,749988.0,0,0,L03_00360,LEGITIMATE_HIGH_VALUE_HISTORY,High-value transaction consistent with normal historical account behavior,NONE,1,2,5,NORMAL,0.0787
L03_001798,418,TRANSFER,845587.89,C1162880984,8775765.39,7930177.5,C846848902,0.0,845587.89,0,0,L03_00360,LEGITIMATE_HIGH_VALUE_HISTORY,High-value transaction consistent with normal historical account behavior,NONE,1,3,5,NORMAL,0.0964
L03_001799,471,TRANSFER,675864.78,C1162880984,7930177.5,7254312.72,C846848902,0.0,675864.78,0,0,L03_00360,LEGITIMATE_HIGH_VALUE_HISTORY,High-value transaction consistent with normal historical account behavior,NONE,1,4,5,NORMAL,0.0852
L03_001800,507,TRANSFER,2176293.82,C1162880984,7254312.72,5078018.9,C846848902,0.0,2176293.82,0,0,L03_00360,LEGITIMATE_HIGH_VALUE_HISTORY,High-value transaction consistent with normal historical account behavior,NONE,1,5,5,NORMAL,0.3
L03_001801,371,TRANSFER,389163.46,C5181564,16494763.59,16105600.13,C1771229294,0.0,389163.46,0,0,L03_00361,LEGITIMATE_HIGH_VALUE_HISTORY,High-value transaction consistent with normal historical account behavior,NONE,1,1,5,NORMAL,0.0236
L03_001802,400,TRANSFER,673667.51,C5181564,16105600.13,15431932.62,C1771229294,0.0,673667.51,0,0,L03_00361,LEGITIMATE_HIGH_VALUE_HISTORY,High-value transaction consistent with normal historical account behavior,NONE,1,2,5,NORMAL,0.0418
L03_001803,427,TRANSFER,388946.14,C5181564,15431932.62,15042986.48,C1771229294,0.0,388946.14,0,0,L03_00361,LEGITIMATE_HIGH_VALUE_HISTORY,High-value transaction consistent with normal historical account behavior,NONE,1,3,5,NORMAL,0.0252
L03_001804,467,TRANSFER,738232.69,C5181564,15042986.48,14304753.79,C1771229294,0.0,738232.69,0,0,L03_00361,LEGITIMATE_HIGH_VALUE_HISTORY,High-value transaction consistent with normal historical account behavior,NONE,1,4,5,NORMAL,0.0491
L03_001805,512,TRANSFER,4291426.14,C5181564,14304753.79,10013327.65,C1771229294,0.0,4291426.14,0,0,L03_00361,LEGITIMATE_HIGH_VALUE_HISTORY,High-value transaction consistent with normal historical account behavior,NONE,1,5,5,NORMAL,0.3
L03_001806,393,TRANSFER,348980.87,C731069723,8907166.05,8558185.18,C1693783990,0.0,348980.87,0,0,L03_00362,LEGITIMATE_HIGH_VALUE_HISTORY,High-value transaction consistent with normal historical account behavior,NONE,1,1,5,NORMAL,0.0392
L03_001807,453,TRANSFER,757494.41,C731069723,8558185.18,7800690.77,C1693783990,0.0,757494.41,0,0,L03_00362,LEGITIMATE_HIGH_VALUE_HISTORY,High-value transaction consistent with normal historical account behavior,NONE,1,2,5,NORMAL,0.0885
L03_001808,478,TRANSFER,389165.85,C731069723,7800690.77,7411524.92,C1693783990,0.0,389165.85,0,0,L03_00362,LEGITIMATE_HIGH_VALUE_HISTORY,High-value transaction consistent with normal historical account behavior,NONE,1,3,5,NORMAL,0.0499
L03_001809,510,TRANSFER,815450.65,C731069723,7411524.92,6596074.27,C1693783990,0.0,815450.65,0,0,L03_00362,LEGITIMATE_HIGH_VALUE_HISTORY,High-value transaction consistent with normal historical account behavior,NONE,1,4,5,NORMAL,0.11
L03_001810,540,TRANSFER,1978822.28,C731069723,6596074.27,4617251.99,C1693783990,0.0,1978822.28,0,0,L03_00362,LEGITIMATE_HIGH_VALUE_HISTORY,High-value transaction consistent with normal historical account behavior,NONE,1,5,5,NORMAL,0.3
L03_001811,364,TRANSFER,320221.86,C922865479,10242860.82,9922638.96,C1909839600,0.0,320221.86,0,0,L03_00363,LEGITIMATE_HIGH_VALUE_HISTORY,High-value transaction consistent with normal historical account behavior,NONE,1,1,5,NORMAL,0.0313
L03_001812,419,TRANSFER,482590.05,C922865479,9922638.96,9440048.91,C1909839600,0.0,482590.05,0,0,L03_00363,LEGITIMATE_HIGH_VALUE_HISTORY,High-value transaction consistent with normal historical account behavior,NONE,1,2,5,NORMAL,0.0486
L03_001813,457,TRANSFER,634176.46,C922865479,9440048.91,8805872.45,C1909839600,0.0,634176.46,0,0,L03_00363,LEGITIMATE_HIGH_VALUE_HISTORY,High-value transaction consistent with normal historical account behavior,NONE,1,3,5,NORMAL,0.0672
L03_001814,494,TRANSFER,307688.45,C922865479,8805872.45,8498184.0,C1909839600,0.0,307688.45,0,0,L03_00363,LEGITIMATE_HIGH_VALUE_HISTORY,High-value transaction consistent with normal historical account behavior,NONE,1,4,5,NORMAL,0.0349
L03_001815,520,TRANSFER,2549455.2,C922865479,8498184.0,5948728.8,C1909839600,0.0,2549455.2,0,0,L03_00363,LEGITIMATE_HIGH_VALUE_HISTORY,High-value transaction consistent with normal historical account behavior,NONE,1,5,5,NORMAL,0.3
L03_001816,397,TRANSFER,297054.72,C1945584341,9411151.11,9114096.39,C536230622,0.0,297054.72,0,0,L03_00364,LEGITIMATE_HIGH_VALUE_HISTORY,High-value transaction consistent with normal historical account behavior,NONE,1,1,5,NORMAL,0.0316
L03_001817,416,TRANSFER,686786.12,C1945584341,9114096.39,8427310.27,C536230622,0.0,686786.12,0,0,L03_00364,LEGITIMATE_HIGH_VALUE_HISTORY,High-value transaction consistent with normal historical account behavior,NONE,1,2,5,NORMAL,0.0754
L03_001818,437,TRANSFER,292980.76,C1945584341,8427310.27,8134329.51,C536230622,0.0,292980.76,0,0,L03_00364,LEGITIMATE_HIGH_VALUE_HISTORY,High-value transaction consistent with normal historical account behavior,NONE,1,3,5,NORMAL,0.0348
L03_001819,489,TRANSFER,602516.19,C1945584341,8134329.51,7531813.32,C536230622,0.0,602516.19,0,0,L03_00364,LEGITIMATE_HIGH_VALUE_HISTORY,High-value transaction consistent with normal historical account behavior,NONE,1,4,5,NORMAL,0.0741
L03_001820,529,TRANSFER,2259544.0,C1945584341,7531813.32,5272269.32,C536230622,0.0,2259544.0,0,0,L03_00364,LEGITIMATE_HIGH_VALUE_HISTORY,High-value transaction consistent with normal historical account behavior,NONE,1,5,5,NORMAL,0.3
L03_001821,378,TRANSFER,588458.14,C384296789,18444884.48,17856426.34,C596299019,0.0,588458.14,0,0,L03_00365,LEGITIMATE_HIGH_VALUE_HISTORY,High-value transaction consistent with normal historical account behavior,NONE,1,1,5,NORMAL,0.0319
L03_001822,400,TRANSFER,865925.8,C384296789,17856426.34,16990500.54,C596299019,0.0,865925.8,0,0,L03_00365,LEGITIMATE_HIGH_VALUE_HISTORY,High-value transaction consistent with normal historical account behavior,NONE,1,2,5,NORMAL,0.0485
L03_001823,440,TRANSFER,323346.24,C384296789,16990500.54,16667154.3,C596299019,0.0,323346.24,0,0,L03_00365,LEGITIMATE_HIGH_VALUE_HISTORY,High-value transaction consistent with normal historical account behavior,NONE,1,3,5,NORMAL,0.019
L03_001824,469,TRANSFER,518859.47,C384296789,16667154.3,16148294.82,C596299019,0.0,518859.47,0,0,L03_00365,LEGITIMATE_HIGH_VALUE_HISTORY,High-value transaction consistent with normal historical account behavior,NONE,1,4,5,NORMAL,0.0311
L03_001825,529,TRANSFER,4844488.45,C384296789,16148294.82,11303806.38,C596299019,0.0,4844488.45,0,0,L03_00365,LEGITIMATE_HIGH_VALUE_HISTORY,High-value transaction consistent with normal historical account behavior,NONE,1,5,5,NORMAL,0.3
L03_001826,397,TRANSFER,451293.27,C1054392146,8939343.09,8488049.82,C660332999,0.0,451293.27,0,0,L03_00366,LEGITIMATE_HIGH_VALUE_HISTORY,High-value transaction consistent with normal historical account behavior,NONE,1,1,5,NORMAL,0.0505
L03_001827,455,TRANSFER,771024.34,C1054392146,8488049.82,7717025.48,C660332999,0.0,771024.34,0,0,L03_00366,LEGITIMATE_HIGH_VALUE_HISTORY,High-value transaction consistent with normal historical account behavior,NONE,1,2,5,NORMAL,0.0908
L03_001828,499,TRANSFER,517064.97,C1054392146,7717025.48,7199960.51,C660332999,0.0,517064.97,0,0,L03_00366,LEGITIMATE_HIGH_VALUE_HISTORY,High-value transaction consistent with normal historical account behavior,NONE,1,3,5,NORMAL,0.067
L03_001829,523,TRANSFER,498214.57,C1054392146,7199960.51,6701745.94,C660332999,0.0,498214.57,0,0,L03_00366,LEGITIMATE_HIGH_VALUE_HISTORY,High-value transaction consistent with normal historical account behavior,NONE,1,4,5,NORMAL,0.0692
L03_001830,576,TRANSFER,2010523.78,C1054392146,6701745.94,4691222.16,C660332999,0.0,2010523.78,0,0,L03_00366,LEGITIMATE_HIGH_VALUE_HISTORY,High-value transaction consistent with normal historical account behavior,NONE,1,5,5,NORMAL,0.3
L03_001831,325,TRANSFER,564879.14,C1812070038,9353194.98,8788315.84,C1752713668,0.0,564879.14,0,0,L03_00367,LEGITIMATE_HIGH_VALUE_HISTORY,High-value transaction consistent with normal historical account behavior,NONE,1,1,5,NORMAL,0.0604
L03_001832,381,TRANSFER,842471.26,C1812070038,8788315.84,7945844.58,C1752713668,0.0,842471.26,0,0,L03_00367,LEGITIMATE_HIGH_VALUE_HISTORY,High-value transaction consistent with normal historical account behavior,NONE,1,2,5,NORMAL,0.0959
L03_001833,433,TRANSFER,484464.4,C1812070038,7945844.58,7461380.18,C1752713668,0.0,484464.4,0,0,L03_00367,LEGITIMATE_HIGH_VALUE_HISTORY,High-value transaction consistent with normal historical account behavior,NONE,1,3,5,NORMAL,0.061
L03_001834,480,TRANSFER,570572.52,C1812070038,7461380.18,6890807.66,C1752713668,0.0,570572.52,0,0,L03_00367,LEGITIMATE_HIGH_VALUE_HISTORY,High-value transaction consistent with normal historical account behavior,NONE,1,4,5,NORMAL,0.0765
L03_001835,531,TRANSFER,2067242.3,C1812070038,6890807.66,4823565.36,C1752713668,0.0,2067242.3,0,0,L03_00367,LEGITIMATE_HIGH_VALUE_HISTORY,High-value transaction consistent with normal historical account behavior,NONE,1,5,5,NORMAL,0.3
L03_001836,320,TRANSFER,649272.47,C433416354,18600183.02,17950910.55,C1286084959,0.0,649272.47,0,0,L03_00368,LEGITIMATE_HIGH_VALUE_HISTORY,High-value transaction consistent with normal historical account behavior,NONE,1,1,5,NORMAL,0.0349
L03_001837,377,TRANSFER,313643.16,C433416354,17950910.55,17637267.39,C1286084959,0.0,313643.16,0,0,L03_00368,LEGITIMATE_HIGH_VALUE_HISTORY,High-value transaction consistent with normal historical account behavior,NONE,1,2,5,NORMAL,0.0175
L03_001838,418,TRANSFER,586454.69,C433416354,17637267.39,17050812.7,C1286084959,0.0,586454.69,0,0,L03_00368,LEGITIMATE_HIGH_VALUE_HISTORY,High-value transaction consistent with normal historical account behavior,NONE,1,3,5,NORMAL,0.0333
L03_001839,454,TRANSFER,850751.69,C433416354,17050812.7,16200061.0,C1286084959,0.0,850751.69,0,0,L03_00368,LEGITIMATE_HIGH_VALUE_HISTORY,High-value transaction consistent with normal historical account behavior,NONE,1,4,5,NORMAL,0.0499
L03_001840,497,TRANSFER,4860018.3,C433416354,16200061.0,11340042.7,C1286084959,0.0,4860018.3,0,0,L03_00368,LEGITIMATE_HIGH_VALUE_HISTORY,High-value transaction consistent with normal historical account behavior,NONE,1,5,5,NORMAL,0.3
L03_001841,351,TRANSFER,379595.42,C1518060731,16971430.83,16591835.41,C1945970316,0.0,379595.42,0,0,L03_00369,LEGITIMATE_HIGH_VALUE_HISTORY,High-value transaction consistent with normal historical account behavior,NONE,1,1,5,NORMAL,0.0224
L03_001842,385,TRANSFER,718989.74,C1518060731,16591835.41,15872845.67,C1945970316,0.0,718989.74,0,0,L03_00369,LEGITIMATE_HIGH_VALUE_HISTORY,High-value transaction consistent with normal historical account behavior,NONE,1,2,5,NORMAL,0.0433
L03_001843,400,TRANSFER,441681.36,C1518060731,15872845.67,15431164.31,C1945970316,0.0,441681.36,0,0,L03_00369,LEGITIMATE_HIGH_VALUE_HISTORY,High-value transaction consistent with normal historical account behavior,NONE,1,3,5,NORMAL,0.0278
L03_001844,421,TRANSFER,679120.54,C1518060731,15431164.31,14752043.77,C1945970316,0.0,679120.54,0,0,L03_00369,LEGITIMATE_HIGH_VALUE_HISTORY,High-value transaction consistent with normal historical account behavior,NONE,1,4,5,NORMAL,0.044
L03_001845,445,TRANSFER,4425613.13,C1518060731,14752043.77,10326430.64,C1945970316,0.0,4425613.13,0,0,L03_00369,LEGITIMATE_HIGH_VALUE_HISTORY,High-value transaction consistent with normal historical account behavior,NONE,1,5,5,NORMAL,0.3
L03_001846,394,TRANSFER,553114.65,C1063705035,9151418.31,8598303.66,C1761865559,0.0,553114.65,0,0,L03_00370,LEGITIMATE_HIGH_VALUE_HISTORY,High-value transaction consistent with normal historical account behavior,NONE,1,1,5,NORMAL,0.0604
L03_001847,452,TRANSFER,582447.47,C1063705035,8598303.66,8015856.19,C1761865559,0.0,582447.47,0,0,L03_00370,LEGITIMATE_HIGH_VALUE_HISTORY,High-value transaction consistent with normal historical account behavior,NONE,1,2,5,NORMAL,0.0677
L03_001848,493,TRANSFER,622376.16,C1063705035,8015856.19,7393480.03,C1761865559,0.0,622376.16,0,0,L03_00370,LEGITIMATE_HIGH_VALUE_HISTORY,High-value transaction consistent with normal historical account behavior,NONE,1,3,5,NORMAL,0.0776
L03_001849,515,TRANSFER,305479.49,C1063705035,7393480.03,7088000.54,C1761865559,0.0,305479.49,0,0,L03_00370,LEGITIMATE_HIGH_VALUE_HISTORY,High-value transaction consistent with normal historical account behavior,NONE,1,4,5,NORMAL,0.0413
L03_001850,531,TRANSFER,2126400.16,C1063705035,7088000.54,4961600.38,C1761865559,0.0,2126400.16,0,0,L03_00370,LEGITIMATE_HIGH_VALUE_HISTORY,High-value transaction consistent with normal historical account behavior,NONE,1,5,5,NORMAL,0.3
L03_001851,352,TRANSFER,602298.99,C2135664364,9374835.09,8772536.1,C831752752,0.0,602298.99,0,0,L03_00371,LEGITIMATE_HIGH_VALUE_HISTORY,High-value transaction consistent with normal historical account behavior,NONE,1,1,5,NORMAL,0.0642
L03_001852,403,TRANSFER,406734.52,C2135664364,8772536.1,8365801.58,C831752752,0.0,406734.52,0,0,L03_00371,LEGITIMATE_HIGH_VALUE_HISTORY,High-value transaction consistent with normal historical account behavior,NONE,1,2,5,NORMAL,0.0464
L03_001853,418,TRANSFER,723199.5,C2135664364,8365801.58,7642602.08,C831752752,0.0,723199.5,0,0,L03_00371,LEGITIMATE_HIGH_VALUE_HISTORY,High-value transaction consistent with normal historical account behavior,NONE,1,3,5,NORMAL,0.0864
L03_001854,466,TRANSFER,617604.61,C2135664364,7642602.08,7024997.47,C831752752,0.0,617604.61,0,0,L03_00371,LEGITIMATE_HIGH_VALUE_HISTORY,High-value transaction consistent with normal historical account behavior,NONE,1,4,5,NORMAL,0.0808
L03_001855,495,TRANSFER,2107499.24,C2135664364,7024997.47,4917498.23,C831752752,0.0,2107499.24,0,0,L03_00371,LEGITIMATE_HIGH_VALUE_HISTORY,High-value transaction consistent with normal historical account behavior,NONE,1,5,5,NORMAL,0.3
L03_001856,68,TRANSFER,695132.26,C804720816,8511571.65,7816439.39,C772586292,0.0,695132.26,0,0,L03_00372,LEGITIMATE_HIGH_VALUE_HISTORY,High-value transaction consistent with normal historical account behavior,NONE,1,1,5,NORMAL,0.0817
L03_001857,87,TRANSFER,640059.14,C804720816,7816439.39,7176380.25,C772586292,0.0,640059.14,0,0,L03_00372,LEGITIMATE_HIGH_VALUE_HISTORY,High-value transaction consistent with normal historical account behavior,NONE,1,2,5,NORMAL,0.0819
L03_001858,106,TRANSFER,764144.35,C804720816,7176380.25,6412235.9,C772586292,0.0,764144.35,0,0,L03_00372,LEGITIMATE_HIGH_VALUE_HISTORY,High-value transaction consistent with normal historical account behavior,NONE,1,3,5,NORMAL,0.1065
L03_001859,159,TRANSFER,638459.01,C804720816,6412235.9,5773776.89,C772586292,0.0,638459.01,0,0,L03_00372,LEGITIMATE_HIGH_VALUE_HISTORY,High-value transaction consistent with normal historical account behavior,NONE,1,4,5,NORMAL,0.0996
L03_001860,192,TRANSFER,1732133.07,C804720816,5773776.89,4041643.82,C772586292,0.0,1732133.07,0,0,L03_00372,LEGITIMATE_HIGH_VALUE_HISTORY,High-value transaction consistent with normal historical account behavior,NONE,1,5,5,NORMAL,0.3
L03_001861,336,TRANSFER,720707.24,C1701964888,19026891.88,18306184.64,C310383504,0.0,720707.24,0,0,L03_00373,LEGITIMATE_HIGH_VALUE_HISTORY,High-value transaction consistent with normal historical account behavior,NONE,1,1,5,NORMAL,0.0379
L03_001862,353,TRANSFER,500090.09,C1701964888,18306184.64,17806094.56,C310383504,0.0,500090.09,0,0,L03_00373,LEGITIMATE_HIGH_VALUE_HISTORY,High-value transaction consistent with normal historical account behavior,NONE,1,2,5,NORMAL,0.0273
L03_001863,399,TRANSFER,774057.03,C1701964888,17806094.56,17032037.52,C310383504,0.0,774057.03,0,0,L03_00373,LEGITIMATE_HIGH_VALUE_HISTORY,High-value transaction consistent with normal historical account behavior,NONE,1,3,5,NORMAL,0.0435
L03_001864,445,TRANSFER,689740.23,C1701964888,17032037.52,16342297.29,C310383504,0.0,689740.23,0,0,L03_00373,LEGITIMATE_HIGH_VALUE_HISTORY,High-value transaction consistent with normal historical account behavior,NONE,1,4,5,NORMAL,0.0405
L03_001865,503,TRANSFER,4902689.19,C1701964888,16342297.29,11439608.11,C310383504,0.0,4902689.19,0,0,L03_00373,LEGITIMATE_HIGH_VALUE_HISTORY,High-value transaction consistent with normal historical account behavior,NONE,1,5,5,NORMAL,0.3
L03_001866,350,TRANSFER,528270.95,C1495143993,7929842.21,7401571.25,C1231969885,0.0,528270.95,0,0,L03_00374,LEGITIMATE_HIGH_VALUE_HISTORY,High-value transaction consistent with normal historical account behavior,NONE,1,1,5,NORMAL,0.0666
L03_001867,369,TRANSFER,448281.76,C1495143993,7401571.25,6953289.5,C1231969885,0.0,448281.76,0,0,L03_00374,LEGITIMATE_HIGH_VALUE_HISTORY,High-value transaction consistent with normal historical account behavior,NONE,1,2,5,NORMAL,0.0606
L03_001868,417,TRANSFER,873365.99,C1495143993,6953289.5,6079923.5,C1231969885,0.0,873365.99,0,0,L03_00374,LEGITIMATE_HIGH_VALUE_HISTORY,High-value transaction consistent with normal historical account behavior,NONE,1,3,5,NORMAL,0.1256
L03_001869,463,TRANSFER,320076.23,C1495143993,6079923.5,5759847.28,C1231969885,0.0,320076.23,0,0,L03_00374,LEGITIMATE_HIGH_VALUE_HISTORY,High-value transaction consistent with normal historical account behavior,NONE,1,4,5,NORMAL,0.0526
L03_001870,511,TRANSFER,1727954.18,C1495143993,5759847.28,4031893.09,C1231969885,0.0,1727954.18,0,0,L03_00374,LEGITIMATE_HIGH_VALUE_HISTORY,High-value transaction consistent with normal historical account behavior,NONE,1,5,5,NORMAL,0.3
L03_001871,369,TRANSFER,604321.92,C1006987138,15901094.75,15296772.83,C1453434764,0.0,604321.92,0,0,L03_00375,LEGITIMATE_HIGH_VALUE_HISTORY,High-value transaction consistent with normal historical account behavior,NONE,1,1,5,NORMAL,0.038
L03_001872,420,TRANSFER,373885.2,C1006987138,15296772.83,14922887.63,C1453434764,0.0,373885.2,0,0,L03_00375,LEGITIMATE_HIGH_VALUE_HISTORY,High-value transaction consistent with normal historical account behavior,NONE,1,2,5,NORMAL,0.0244
L03_001873,457,TRANSFER,632737.03,C1006987138,14922887.63,14290150.6,C1453434764,0.0,632737.03,0,0,L03_00375,LEGITIMATE_HIGH_VALUE_HISTORY,High-value transaction consistent with normal historical account behavior,NONE,1,3,5,NORMAL,0.0424
L03_001874,489,TRANSFER,622129.93,C1006987138,14290150.6,13668020.67,C1453434764,0.0,622129.93,0,0,L03_00375,LEGITIMATE_HIGH_VALUE_HISTORY,High-value transaction consistent with normal historical account behavior,NONE,1,4,5,NORMAL,0.0435
L03_001875,545,TRANSFER,4100406.2,C1006987138,13668020.67,9567614.47,C1453434764,0.0,4100406.2,0,0,L03_00375,LEGITIMATE_HIGH_VALUE_HISTORY,High-value transaction consistent with normal historical account behavior,NONE,1,5,5,NORMAL,0.3
L03_001876,325,TRANSFER,556777.32,C224755910,17677865.88,17121088.56,C650651404,0.0,556777.32,0,0,L03_00376,LEGITIMATE_HIGH_VALUE_HISTORY,High-value transaction consistent with normal historical account behavior,NONE,1,1,5,NORMAL,0.0315
L03_001877,351,TRANSFER,304678.03,C224755910,17121088.56,16816410.53,C650651404,0.0,304678.03,0,0,L03_00376,LEGITIMATE_HIGH_VALUE_HISTORY,High-value transaction consistent with normal historical account behavior,NONE,1,2,5,NORMAL,0.0178
L03_001878,376,TRANSFER,457956.62,C224755910,16816410.53,16358453.91,C650651404,0.0,457956.62,0,0,L03_00376,LEGITIMATE_HIGH_VALUE_HISTORY,High-value transaction consistent with normal historical account behavior,NONE,1,3,5,NORMAL,0.0272
L03_001879,434,TRANSFER,465831.95,C224755910,16358453.91,15892621.96,C650651404,0.0,465831.95,0,0,L03_00376,LEGITIMATE_HIGH_VALUE_HISTORY,High-value transaction consistent with normal historical account behavior,NONE,1,4,5,NORMAL,0.0285
L03_001880,457,TRANSFER,4767786.59,C224755910,15892621.96,11124835.37,C650651404,0.0,4767786.59,0,0,L03_00376,LEGITIMATE_HIGH_VALUE_HISTORY,High-value transaction consistent with normal historical account behavior,NONE,1,5,5,NORMAL,0.3
L03_001881,416,TRANSFER,386798.05,C742571168,7372128.21,6985330.16,C759525800,0.0,386798.05,0,0,L03_00377,LEGITIMATE_HIGH_VALUE_HISTORY,High-value transaction consistent with normal historical account behavior,NONE,1,1,5,NORMAL,0.0525
L03_001882,441,TRANSFER,544674.64,C742571168,6985330.16,6440655.52,C759525800,0.0,544674.64,0,0,L03_00377,LEGITIMATE_HIGH_VALUE_HISTORY,High-value transaction consistent with normal historical account behavior,NONE,1,2,5,NORMAL,0.078
L03_001883,481,TRANSFER,297514.19,C742571168,6440655.52,6143141.33,C759525800,0.0,297514.19,0,0,L03_00377,LEGITIMATE_HIGH_VALUE_HISTORY,High-value transaction consistent with normal historical account behavior,NONE,1,3,5,NORMAL,0.0462
L03_001884,502,TRANSFER,415679.5,C742571168,6143141.33,5727461.83,C759525800,0.0,415679.5,0,0,L03_00377,LEGITIMATE_HIGH_VALUE_HISTORY,High-value transaction consistent with normal historical account behavior,NONE,1,4,5,NORMAL,0.0677
L03_001885,525,TRANSFER,1718238.55,C742571168,5727461.83,4009223.28,C759525800,0.0,1718238.55,0,0,L03_00377,LEGITIMATE_HIGH_VALUE_HISTORY,High-value transaction consistent with normal historical account behavior,NONE,1,5,5,NORMAL,0.3
L03_001886,102,TRANSFER,874462.79,C1035803675,9421134.73,8546671.95,C2049813033,0.0,874462.79,0,0,L03_00378,LEGITIMATE_HIGH_VALUE_HISTORY,High-value transaction consistent with normal historical account behavior,NONE,1,1,5,NORMAL,0.0928
L03_001887,124,TRANSFER,596449.51,C1035803675,8546671.95,7950222.44,C2049813033,0.0,596449.51,0,0,L03_00378,LEGITIMATE_HIGH_VALUE_HISTORY,High-value transaction consistent with normal historical account behavior,NONE,1,2,5,NORMAL,0.0698
L03_001888,163,TRANSFER,776652.81,C1035803675,7950222.44,7173569.62,C2049813033,0.0,776652.81,0,0,L03_00378,LEGITIMATE_HIGH_VALUE_HISTORY,High-value transaction consistent with normal historical account behavior,NONE,1,3,5,NORMAL,0.0977
L03_001889,221,TRANSFER,804304.12,C1035803675,7173569.62,6369265.5,C2049813033,0.0,804304.12,0,0,L03_00378,LEGITIMATE_HIGH_VALUE_HISTORY,High-value transaction consistent with normal historical account behavior,NONE,1,4,5,NORMAL,0.1121
L03_001890,255,TRANSFER,1910779.65,C1035803675,6369265.5,4458485.85,C2049813033,0.0,1910779.65,0,0,L03_00378,LEGITIMATE_HIGH_VALUE_HISTORY,High-value transaction consistent with normal historical account behavior,NONE,1,5,5,NORMAL,0.3
L03_001891,323,TRANSFER,386708.89,C41338477,12943926.96,12557218.07,C264843581,0.0,386708.89,0,0,L03_00379,LEGITIMATE_HIGH_VALUE_HISTORY,High-value transaction consistent with normal historical account behavior,NONE,1,1,5,NORMAL,0.0299
L03_001892,353,TRANSFER,602662.52,C41338477,12557218.07,11954555.55,C264843581,0.0,602662.52,0,0,L03_00379,LEGITIMATE_HIGH_VALUE_HISTORY,High-value transaction consistent with normal historical account behavior,NONE,1,2,5,NORMAL,0.048
L03_001893,395,TRANSFER,383616.71,C41338477,11954555.55,11570938.84,C264843581,0.0,383616.71,0,0,L03_00379,LEGITIMATE_HIGH_VALUE_HISTORY,High-value transaction consistent with normal historical account behavior,NONE,1,3,5,NORMAL,0.0321
L03_001894,438,TRANSFER,420142.23,C41338477,11570938.84,11150796.61,C264843581,0.0,420142.23,0,0,L03_00379,LEGITIMATE_HIGH_VALUE_HISTORY,High-value transaction consistent with normal historical account behavior,NONE,1,4,5,NORMAL,0.0363
L03_001895,468,TRANSFER,3345238.98,C41338477,11150796.61,7805557.63,C264843581,0.0,3345238.98,0,0,L03_00379,LEGITIMATE_HIGH_VALUE_HISTORY,High-value transaction consistent with normal historical account behavior,NONE,1,5,5,NORMAL,0.3
L03_001896,342,TRANSFER,576919.18,C182734212,8146648.58,7569729.4,C861077340,0.0,576919.18,0,0,L03_00380,LEGITIMATE_HIGH_VALUE_HISTORY,High-value transaction consistent with normal historical account behavior,NONE,1,1,5,NORMAL,0.0708
L03_001897,394,TRANSFER,785733.22,C182734212,7569729.4,6783996.18,C861077340,0.0,785733.22,0,0,L03_00380,LEGITIMATE_HIGH_VALUE_HISTORY,High-value transaction consistent with normal historical account behavior,NONE,1,2,5,NORMAL,0.1038
L03_001898,414,TRANSFER,603348.46,C182734212,6783996.18,6180647.72,C861077340,0.0,603348.46,0,0,L03_00380,LEGITIMATE_HIGH_VALUE_HISTORY,High-value transaction consistent with normal historical account behavior,NONE,1,3,5,NORMAL,0.0889
L03_001899,448,TRANSFER,320659.45,C182734212,6180647.72,5859988.27,C861077340,0.0,320659.45,0,0,L03_00380,LEGITIMATE_HIGH_VALUE_HISTORY,High-value transaction consistent with normal historical account behavior,NONE,1,4,5,NORMAL,0.0519
L03_001900,465,TRANSFER,1757996.48,C182734212,5859988.27,4101991.79,C861077340,0.0,1757996.48,0,0,L03_00380,LEGITIMATE_HIGH_VALUE_HISTORY,High-value transaction consistent with normal historical account behavior,NONE,1,5,5,NORMAL,0.3
L03_001901,350,TRANSFER,784353.28,C2144239303,8889107.25,8104753.97,C1085948132,0.0,784353.28,0,0,L03_00381,LEGITIMATE_HIGH_VALUE_HISTORY,High-value transaction consistent with normal historical account behavior,NONE,1,1,5,NORMAL,0.0882
L03_001902,388,TRANSFER,812871.41,C2144239303,8104753.97,7291882.56,C1085948132,0.0,812871.41,0,0,L03_00381,LEGITIMATE_HIGH_VALUE_HISTORY,High-value transaction consistent with normal historical account behavior,NONE,1,2,5,NORMAL,0.1003
L03_001903,436,TRANSFER,485901.28,C2144239303,7291882.56,6805981.28,C1085948132,0.0,485901.28,0,0,L03_00381,LEGITIMATE_HIGH_VALUE_HISTORY,High-value transaction consistent with normal historical account behavior,NONE,1,3,5,NORMAL,0.0666
L03_001904,470,TRANSFER,745758.22,C2144239303,6805981.28,6060223.06,C1085948132,0.0,745758.22,0,0,L03_00381,LEGITIMATE_HIGH_VALUE_HISTORY,High-value transaction consistent with normal historical account behavior,NONE,1,4,5,NORMAL,0.1096
L03_001905,514,TRANSFER,1818066.92,C2144239303,6060223.06,4242156.14,C1085948132,0.0,1818066.92,0,0,L03_00381,LEGITIMATE_HIGH_VALUE_HISTORY,High-value transaction consistent with normal historical account behavior,NONE,1,5,5,NORMAL,0.3
L03_001906,320,TRANSFER,305114.96,C1841736313,17866552.12,17561437.16,C1702260170,0.0,305114.96,0,0,L03_00382,LEGITIMATE_HIGH_VALUE_HISTORY,High-value transaction consistent with normal historical account behavior,NONE,1,1,5,NORMAL,0.0171
L03_001907,363,TRANSFER,808066.1,C1841736313,17561437.16,16753371.06,C1702260170,0.0,808066.1,0,0,L03_00382,LEGITIMATE_HIGH_VALUE_HISTORY,High-value transaction consistent with normal historical account behavior,NONE,1,2,5,NORMAL,0.046
L03_001908,415,TRANSFER,482332.61,C1841736313,16753371.06,16271038.46,C1702260170,0.0,482332.61,0,0,L03_00382,LEGITIMATE_HIGH_VALUE_HISTORY,High-value transaction consistent with normal historical account behavior,NONE,1,3,5,NORMAL,0.0288
L03_001909,446,TRANSFER,315521.08,C1841736313,16271038.46,15955517.38,C1702260170,0.0,315521.08,0,0,L03_00382,LEGITIMATE_HIGH_VALUE_HISTORY,High-value transaction consistent with normal historical account behavior,NONE,1,4,5,NORMAL,0.0194
L03_001910,495,TRANSFER,4786655.21,C1841736313,15955517.38,11168862.16,C1702260170,0.0,4786655.21,0,0,L03_00382,LEGITIMATE_HIGH_VALUE_HISTORY,High-value transaction consistent with normal historical account behavior,NONE,1,5,5,NORMAL,0.3
L03_001911,400,TRANSFER,344090.83,C965982445,9896059.32,9551968.49,C1462656288,0.0,344090.83,0,0,L03_00383,LEGITIMATE_HIGH_VALUE_HISTORY,High-value transaction consistent with normal historical account behavior,NONE,1,1,5,NORMAL,0.0348
L03_001912,431,TRANSFER,713150.61,C965982445,9551968.49,8838817.88,C1462656288,0.0,713150.61,0,0,L03_00383,LEGITIMATE_HIGH_VALUE_HISTORY,High-value transaction consistent with normal historical account behavior,NONE,1,2,5,NORMAL,0.0747
L03_001913,467,TRANSFER,407471.97,C965982445,8838817.88,8431345.91,C1462656288,0.0,407471.97,0,0,L03_00383,LEGITIMATE_HIGH_VALUE_HISTORY,High-value transaction consistent with normal historical account behavior,NONE,1,3,5,NORMAL,0.0461
L03_001914,502,TRANSFER,874580.98,C965982445,8431345.91,7556764.93,C1462656288,0.0,874580.98,0,0,L03_00383,LEGITIMATE_HIGH_VALUE_HISTORY,High-value transaction consistent with normal historical account behavior,NONE,1,4,5,NORMAL,0.1037
L03_001915,554,TRANSFER,2267029.48,C965982445,7556764.93,5289735.45,C1462656288,0.0,2267029.48,0,0,L03_00383,LEGITIMATE_HIGH_VALUE_HISTORY,High-value transaction consistent with normal historical account behavior,NONE,1,5,5,NORMAL,0.3
L03_001916,388,TRANSFER,485578.83,C1776615901,7574189.91,7088611.08,C1079557379,0.0,485578.83,0,0,L03_00384,LEGITIMATE_HIGH_VALUE_HISTORY,High-value transaction consistent with normal historical account behavior,NONE,1,1,5,NORMAL,0.0641
L03_001917,414,TRANSFER,861699.43,C1776615901,7088611.08,6226911.65,C1079557379,0.0,861699.43,0,0,L03_00384,LEGITIMATE_HIGH_VALUE_HISTORY,High-value transaction consistent with normal historical account behavior,NONE,1,2,5,NORMAL,0.1216
L03_001918,432,TRANSFER,548627.17,C1776615901,6226911.65,5678284.48,C1079557379,0.0,548627.17,0,0,L03_00384,LEGITIMATE_HIGH_VALUE_HISTORY,High-value transaction consistent with normal historical account behavior,NONE,1,3,5,NORMAL,0.0881
L03_001919,466,TRANSFER,371457.27,C1776615901,5678284.48,5306827.21,C1079557379,0.0,371457.27,0,0,L03_00384,LEGITIMATE_HIGH_VALUE_HISTORY,High-value transaction consistent with normal historical account behavior,NONE,1,4,5,NORMAL,0.0654
L03_001920,488,TRANSFER,1592048.16,C1776615901,5306827.21,3714779.05,C1079557379,0.0,1592048.16,0,0,L03_00384,LEGITIMATE_HIGH_VALUE_HISTORY,High-value transaction consistent with normal historical account behavior,NONE,1,5,5,NORMAL,0.3
L03_001921,279,TRANSFER,615137.08,C539606271,8661927.25,8046790.17,C1752860566,0.0,615137.08,0,0,L03_00385,LEGITIMATE_HIGH_VALUE_HISTORY,High-value transaction consistent with normal historical account behavior,NONE,1,1,5,NORMAL,0.071
L03_001922,296,TRANSFER,766182.94,C539606271,8046790.17,7280607.23,C1752860566,0.0,766182.94,0,0,L03_00385,LEGITIMATE_HIGH_VALUE_HISTORY,High-value transaction consistent with normal historical account behavior,NONE,1,2,5,NORMAL,0.0952
L03_001923,324,TRANSFER,666504.25,C539606271,7280607.23,6614102.98,C1752860566,0.0,666504.25,0,0,L03_00385,LEGITIMATE_HIGH_VALUE_HISTORY,High-value transaction consistent with normal historical account behavior,NONE,1,3,5,NORMAL,0.0915
L03_001924,344,TRANSFER,869870.78,C539606271,6614102.98,5744232.2,C1752860566,0.0,869870.78,0,0,L03_00385,LEGITIMATE_HIGH_VALUE_HISTORY,High-value transaction consistent with normal historical account behavior,NONE,1,4,5,NORMAL,0.1315
L03_001925,386,TRANSFER,1723269.66,C539606271,5744232.2,4020962.54,C1752860566,0.0,1723269.66,0,0,L03_00385,LEGITIMATE_HIGH_VALUE_HISTORY,High-value transaction consistent with normal historical account behavior,NONE,1,5,5,NORMAL,0.3
L03_001926,370,TRANSFER,535391.38,C1097378267,7599553.38,7064162.0,C155270476,0.0,535391.38,0,0,L03_00386,LEGITIMATE_HIGH_VALUE_HISTORY,High-value transaction consistent with normal historical account behavior,NONE,1,1,5,NORMAL,0.0705
L03_001927,424,TRANSFER,386784.71,C1097378267,7064162.0,6677377.29,C155270476,0.0,386784.71,0,0,L03_00386,LEGITIMATE_HIGH_VALUE_HISTORY,High-value transaction consistent with normal historical account behavior,NONE,1,2,5,NORMAL,0.0548
L03_001928,444,TRANSFER,554580.01,C1097378267,6677377.29,6122797.28,C155270476,0.0,554580.01,0,0,L03_00386,LEGITIMATE_HIGH_VALUE_HISTORY,High-value transaction consistent with normal historical account behavior,NONE,1,3,5,NORMAL,0.0831
L03_001929,466,TRANSFER,719312.28,C1097378267,6122797.28,5403485.0,C155270476,0.0,719312.28,0,0,L03_00386,LEGITIMATE_HIGH_VALUE_HISTORY,High-value transaction consistent with normal historical account behavior,NONE,1,4,5,NORMAL,0.1175
L03_001930,486,TRANSFER,1621045.5,C1097378267,5403485.0,3782439.5,C155270476,0.0,1621045.5,0,0,L03_00386,LEGITIMATE_HIGH_VALUE_HISTORY,High-value transaction consistent with normal historical account behavior,NONE,1,5,5,NORMAL,0.3
L03_001931,511,TRANSFER,448688.88,C998472626,7554607.88,7105919.0,C1590922892,0.0,448688.88,0,0,L03_00387,LEGITIMATE_HIGH_VALUE_HISTORY,High-value transaction consistent with normal historical account behavior,NONE,1,1,5,NORMAL,0.0594
L03_001932,550,TRANSFER,345740.72,C998472626,7105919.0,6760178.28,C1590922892,0.0,345740.72,0,0,L03_00387,LEGITIMATE_HIGH_VALUE_HISTORY,High-value transaction consistent with normal historical account behavior,NONE,1,2,5,NORMAL,0.0487
L03_001933,588,TRANSFER,559049.53,C998472626,6760178.28,6201128.75,C1590922892,0.0,559049.53,0,0,L03_00387,LEGITIMATE_HIGH_VALUE_HISTORY,High-value transaction consistent with normal historical account behavior,NONE,1,3,5,NORMAL,0.0827
L03_001934,638,TRANSFER,341343.85,C998472626,6201128.75,5859784.9,C1590922892,0.0,341343.85,0,0,L03_00387,LEGITIMATE_HIGH_VALUE_HISTORY,High-value transaction consistent with normal historical account behavior,NONE,1,4,5,NORMAL,0.055
L03_001935,678,TRANSFER,1757935.47,C998472626,5859784.9,4101849.43,C1590922892,0.0,1757935.47,0,0,L03_00387,LEGITIMATE_HIGH_VALUE_HISTORY,High-value transaction consistent with normal historical account behavior,NONE,1,5,5,NORMAL,0.3
L03_001936,37,TRANSFER,737149.92,C1202737701,9676257.42,8939107.5,C483287972,0.0,737149.92,0,0,L03_00388,LEGITIMATE_HIGH_VALUE_HISTORY,High-value transaction consistent with normal historical account behavior,NONE,1,1,5,NORMAL,0.0762
L03_001937,84,TRANSFER,818282.21,C1202737701,8939107.5,8120825.29,C483287972,0.0,818282.21,0,0,L03_00388,LEGITIMATE_HIGH_VALUE_HISTORY,High-value transaction consistent with normal historical account behavior,NONE,1,2,5,NORMAL,0.0915
L03_001938,119,TRANSFER,390508.1,C1202737701,8120825.29,7730317.19,C483287972,0.0,390508.1,0,0,L03_00388,LEGITIMATE_HIGH_VALUE_HISTORY,High-value transaction consistent with normal historical account behavior,NONE,1,3,5,NORMAL,0.0481
L03_001939,149,TRANSFER,699183.55,C1202737701,7730317.19,7031133.64,C483287972,0.0,699183.55,0,0,L03_00388,LEGITIMATE_HIGH_VALUE_HISTORY,High-value transaction consistent with normal historical account behavior,NONE,1,4,5,NORMAL,0.0904
L03_001940,190,TRANSFER,2109340.09,C1202737701,7031133.64,4921793.55,C483287972,0.0,2109340.09,0,0,L03_00388,LEGITIMATE_HIGH_VALUE_HISTORY,High-value transaction consistent with normal historical account behavior,NONE,1,5,5,NORMAL,0.3
L03_001941,344,TRANSFER,293846.51,C265488344,18475957.11,18182110.6,C304358840,0.0,293846.51,0,0,L03_00389,LEGITIMATE_HIGH_VALUE_HISTORY,High-value transaction consistent with normal historical account behavior,NONE,1,1,5,NORMAL,0.0159
L03_001942,401,TRANSFER,840840.97,C265488344,18182110.6,17341269.63,C304358840,0.0,840840.97,0,0,L03_00389,LEGITIMATE_HIGH_VALUE_HISTORY,High-value transaction consistent with normal historical account behavior,NONE,1,2,5,NORMAL,0.0462
L03_001943,437,TRANSFER,452955.28,C265488344,17341269.63,16888314.35,C304358840,0.0,452955.28,0,0,L03_00389,LEGITIMATE_HIGH_VALUE_HISTORY,High-value transaction consistent with normal historical account behavior,NONE,1,3,5,NORMAL,0.0261
L03_001944,479,TRANSFER,729661.98,C265488344,16888314.35,16158652.37,C304358840,0.0,729661.98,0,0,L03_00389,LEGITIMATE_HIGH_VALUE_HISTORY,High-value transaction consistent with normal historical account behavior,NONE,1,4,5,NORMAL,0.0432
L03_001945,518,TRANSFER,4847595.71,C265488344,16158652.37,11311056.66,C304358840,0.0,4847595.71,0,0,L03_00389,LEGITIMATE_HIGH_VALUE_HISTORY,High-value transaction consistent with normal historical account behavior,NONE,1,5,5,NORMAL,0.3
L03_001946,379,TRANSFER,361546.27,C1416122447,17681887.8,17320341.53,C1456893211,0.0,361546.27,0,0,L03_00390,LEGITIMATE_HIGH_VALUE_HISTORY,High-value transaction consistent with normal historical account behavior,NONE,1,1,5,NORMAL,0.0204
L03_001947,408,TRANSFER,558159.41,C1416122447,17320341.53,16762182.12,C1456893211,0.0,558159.41,0,0,L03_00390,LEGITIMATE_HIGH_VALUE_HISTORY,High-value transaction consistent with normal historical account behavior,NONE,1,2,5,NORMAL,0.0322
L03_001948,457,TRANSFER,623279.85,C1416122447,16762182.12,16138902.27,C1456893211,0.0,623279.85,0,0,L03_00390,LEGITIMATE_HIGH_VALUE_HISTORY,High-value transaction consistent with normal historical account behavior,NONE,1,3,5,NORMAL,0.0372
L03_001949,499,TRANSFER,475700.62,C1416122447,16138902.27,15663201.65,C1456893211,0.0,475700.62,0,0,L03_00390,LEGITIMATE_HIGH_VALUE_HISTORY,High-value transaction consistent with normal historical account behavior,NONE,1,4,5,NORMAL,0.0295
L03_001950,553,TRANSFER,4698960.5,C1416122447,15663201.65,10964241.16,C1456893211,0.0,4698960.5,0,0,L03_00390,LEGITIMATE_HIGH_VALUE_HISTORY,High-value transaction consistent with normal historical account behavior,NONE,1,5,5,NORMAL,0.3
L03_001951,342,TRANSFER,760799.8,C615473298,13857436.79,13096636.98,C7290290,0.0,760799.8,0,0,L03_00391,LEGITIMATE_HIGH_VALUE_HISTORY,High-value transaction consistent with normal historical account behavior,NONE,1,1,5,NORMAL,0.0549
L03_001952,385,TRANSFER,625796.01,C615473298,13096636.98,12470840.97,C7290290,0.0,625796.01,0,0,L03_00391,LEGITIMATE_HIGH_VALUE_HISTORY,High-value transaction consistent with normal historical account behavior,NONE,1,2,5,NORMAL,0.0478
L03_001953,436,TRANSFER,542900.07,C615473298,12470840.97,11927940.9,C7290290,0.0,542900.07,0,0,L03_00391,LEGITIMATE_HIGH_VALUE_HISTORY,High-value transaction consistent with normal historical account behavior,NONE,1,3,5,NORMAL,0.0435
L03_001954,487,TRANSFER,588686.22,C615473298,11927940.9,11339254.68,C7290290,0.0,588686.22,0,0,L03_00391,LEGITIMATE_HIGH_VALUE_HISTORY,High-value transaction consistent with normal historical account behavior,NONE,1,4,5,NORMAL,0.0494
L03_001955,514,TRANSFER,3401776.41,C615473298,11339254.68,7937478.28,C7290290,0.0,3401776.41,0,0,L03_00391,LEGITIMATE_HIGH_VALUE_HISTORY,High-value transaction consistent with normal historical account behavior,NONE,1,5,5,NORMAL,0.3
L03_001956,257,TRANSFER,679104.09,C2116362996,9988186.89,9309082.8,C59232933,0.0,679104.09,0,0,L03_00392,LEGITIMATE_HIGH_VALUE_HISTORY,High-value transaction consistent with normal historical account behavior,NONE,1,1,5,NORMAL,0.068
L03_001957,309,TRANSFER,868990.04,C2116362996,9309082.8,8440092.76,C59232933,0.0,868990.04,0,0,L03_00392,LEGITIMATE_HIGH_VALUE_HISTORY,High-value transaction consistent with normal historical account behavior,NONE,1,2,5,NORMAL,0.0933
L03_001958,344,TRANSFER,615586.34,C2116362996,8440092.76,7824506.42,C59232933,0.0,615586.34,0,0,L03_00392,LEGITIMATE_HIGH_VALUE_HISTORY,High-value transaction consistent with normal historical account behavior,NONE,1,3,5,NORMAL,0.0729
L03_001959,399,TRANSFER,731596.41,C2116362996,7824506.42,7092910.01,C59232933,0.0,731596.41,0,0,L03_00392,LEGITIMATE_HIGH_VALUE_HISTORY,High-value transaction consistent with normal historical account behavior,NONE,1,4,5,NORMAL,0.0935
L03_001960,457,TRANSFER,2127873.0,C2116362996,7092910.01,4965037.01,C59232933,0.0,2127873.0,0,0,L03_00392,LEGITIMATE_HIGH_VALUE_HISTORY,High-value transaction consistent with normal historical account behavior,NONE,1,5,5,NORMAL,0.3
L03_001961,344,TRANSFER,505355.91,C1159941883,7563689.61,7058333.7,C1009510323,0.0,505355.91,0,0,L03_00393,LEGITIMATE_HIGH_VALUE_HISTORY,High-value transaction consistent with normal historical account behavior,NONE,1,1,5,NORMAL,0.0668
L03_001962,361,TRANSFER,337663.89,C1159941883,7058333.7,6720669.81,C1009510323,0.0,337663.89,0,0,L03_00393,LEGITIMATE_HIGH_VALUE_HISTORY,High-value transaction consistent with normal historical account behavior,NONE,1,2,5,NORMAL,0.0478
L03_001963,397,TRANSFER,712736.37,C1159941883,6720669.81,6007933.44,C1009510323,0.0,712736.37,0,0,L03_00393,LEGITIMATE_HIGH_VALUE_HISTORY,High-value transaction consistent with normal historical account behavior,NONE,1,3,5,NORMAL,0.1061
L03_001964,433,TRANSFER,867250.67,C1159941883,6007933.44,5140682.77,C1009510323,0.0,867250.67,0,0,L03_00393,LEGITIMATE_HIGH_VALUE_HISTORY,High-value transaction consistent with normal historical account behavior,NONE,1,4,5,NORMAL,0.1444
L03_001965,487,TRANSFER,1542204.83,C1159941883,5140682.77,3598477.94,C1009510323,0.0,1542204.83,0,0,L03_00393,LEGITIMATE_HIGH_VALUE_HISTORY,High-value transaction consistent with normal historical account behavior,NONE,1,5,5,NORMAL,0.3
L03_001966,363,TRANSFER,594577.5,C161780213,8819213.31,8224635.81,C1145076193,0.0,594577.5,0,0,L03_00394,LEGITIMATE_HIGH_VALUE_HISTORY,High-value transaction consistent with normal historical account behavior,NONE,1,1,5,NORMAL,0.0674
L03_001967,378,TRANSFER,790917.28,C161780213,8224635.81,7433718.53,C1145076193,0.0,790917.28,0,0,L03_00394,LEGITIMATE_HIGH_VALUE_HISTORY,High-value transaction consistent with normal historical account behavior,NONE,1,2,5,NORMAL,0.0962
L03_001968,437,TRANSFER,472395.81,C161780213,7433718.53,6961322.72,C1145076193,0.0,472395.81,0,0,L03_00394,LEGITIMATE_HIGH_VALUE_HISTORY,High-value transaction consistent with normal historical account behavior,NONE,1,3,5,NORMAL,0.0635
L03_001969,480,TRANSFER,475567.33,C161780213,6961322.72,6485755.39,C1145076193,0.0,475567.33,0,0,L03_00394,LEGITIMATE_HIGH_VALUE_HISTORY,High-value transaction consistent with normal historical account behavior,NONE,1,4,5,NORMAL,0.0683
L03_001970,514,TRANSFER,1945726.62,C161780213,6485755.39,4540028.77,C1145076193,0.0,1945726.62,0,0,L03_00394,LEGITIMATE_HIGH_VALUE_HISTORY,High-value transaction consistent with normal historical account behavior,NONE,1,5,5,NORMAL,0.3
L03_001971,363,TRANSFER,664012.94,C2015885023,10611098.23,9947085.29,C1260946073,0.0,664012.94,0,0,L03_00395,LEGITIMATE_HIGH_VALUE_HISTORY,High-value transaction consistent with normal historical account behavior,NONE,1,1,5,NORMAL,0.0626
L03_001972,391,TRANSFER,642936.52,C2015885023,9947085.29,9304148.78,C1260946073,0.0,642936.52,0,0,L03_00395,LEGITIMATE_HIGH_VALUE_HISTORY,High-value transaction consistent with normal historical account behavior,NONE,1,2,5,NORMAL,0.0646
L03_001973,412,TRANSFER,420741.53,C2015885023,9304148.78,8883407.25,C1260946073,0.0,420741.53,0,0,L03_00395,LEGITIMATE_HIGH_VALUE_HISTORY,High-value transaction consistent with normal historical account behavior,NONE,1,3,5,NORMAL,0.0452
L03_001974,429,TRANSFER,730364.3,C2015885023,8883407.25,8153042.95,C1260946073,0.0,730364.3,0,0,L03_00395,LEGITIMATE_HIGH_VALUE_HISTORY,High-value transaction consistent with normal historical account behavior,NONE,1,4,5,NORMAL,0.0822
L03_001975,489,TRANSFER,2445912.88,C2015885023,8153042.95,5707130.06,C1260946073,0.0,2445912.88,0,0,L03_00395,LEGITIMATE_HIGH_VALUE_HISTORY,High-value transaction consistent with normal historical account behavior,NONE,1,5,5,NORMAL,0.3
L03_001976,324,TRANSFER,354629.56,C759471213,9140882.07,8786252.51,C1953829510,0.0,354629.56,0,0,L03_00396,LEGITIMATE_HIGH_VALUE_HISTORY,High-value transaction consistent with normal historical account behavior,NONE,1,1,5,NORMAL,0.0388
L03_001977,375,TRANSFER,355533.98,C759471213,8786252.51,8430718.53,C1953829510,0.0,355533.98,0,0,L03_00396,LEGITIMATE_HIGH_VALUE_HISTORY,High-value transaction consistent with normal historical account behavior,NONE,1,2,5,NORMAL,0.0405
L03_001978,422,TRANSFER,714786.71,C759471213,8430718.53,7715931.82,C1953829510,0.0,714786.71,0,0,L03_00396,LEGITIMATE_HIGH_VALUE_HISTORY,High-value transaction consistent with normal historical account behavior,NONE,1,3,5,NORMAL,0.0848
L03_001979,457,TRANSFER,449294.21,C759471213,7715931.82,7266637.61,C1953829510,0.0,449294.21,0,0,L03_00396,LEGITIMATE_HIGH_VALUE_HISTORY,High-value transaction consistent with normal historical account behavior,NONE,1,4,5,NORMAL,0.0582
L03_001980,499,TRANSFER,2179991.28,C759471213,7266637.61,5086646.33,C1953829510,0.0,2179991.28,0,0,L03_00396,LEGITIMATE_HIGH_VALUE_HISTORY,High-value transaction consistent with normal historical account behavior,NONE,1,5,5,NORMAL,0.3
L03_001981,325,TRANSFER,602495.2,C1696392608,18858449.82,18255954.62,C189327596,0.0,602495.2,0,0,L03_00397,LEGITIMATE_HIGH_VALUE_HISTORY,High-value transaction consistent with normal historical account behavior,NONE,1,1,5,NORMAL,0.0319
L03_001982,365,TRANSFER,468973.25,C1696392608,18255954.62,17786981.37,C189327596,0.0,468973.25,0,0,L03_00397,LEGITIMATE_HIGH_VALUE_HISTORY,High-value transaction consistent with normal historical account behavior,NONE,1,2,5,NORMAL,0.0257
L03_001983,388,TRANSFER,800853.98,C1696392608,17786981.37,16986127.39,C189327596,0.0,800853.98,0,0,L03_00397,LEGITIMATE_HIGH_VALUE_HISTORY,High-value transaction consistent with normal historical account behavior,NONE,1,3,5,NORMAL,0.045
L03_001984,443,TRANSFER,699977.45,C1696392608,16986127.39,16286149.94,C189327596,0.0,699977.45,0,0,L03_00397,LEGITIMATE_HIGH_VALUE_HISTORY,High-value transaction consistent with normal historical account behavior,NONE,1,4,5,NORMAL,0.0412
L03_001985,475,TRANSFER,4885844.98,C1696392608,16286149.94,11400304.96,C189327596,0.0,4885844.98,0,0,L03_00397,LEGITIMATE_HIGH_VALUE_HISTORY,High-value transaction consistent with normal historical account behavior,NONE,1,5,5,NORMAL,0.3
L03_001986,344,TRANSFER,714903.12,C269283854,8265973.56,7551070.44,C1782693250,0.0,714903.12,0,0,L03_00398,LEGITIMATE_HIGH_VALUE_HISTORY,High-value transaction consistent with normal historical account behavior,NONE,1,1,5,NORMAL,0.0865
L03_001987,389,TRANSFER,559611.74,C269283854,7551070.44,6991458.7,C1782693250,0.0,559611.74,0,0,L03_00398,LEGITIMATE_HIGH_VALUE_HISTORY,High-value transaction consistent with normal historical account behavior,NONE,1,2,5,NORMAL,0.0741
L03_001988,433,TRANSFER,666472.57,C269283854,6991458.7,6324986.13,C1782693250,0.0,666472.57,0,0,L03_00398,LEGITIMATE_HIGH_VALUE_HISTORY,High-value transaction consistent with normal historical account behavior,NONE,1,3,5,NORMAL,0.0953
L03_001989,485,TRANSFER,561767.95,C269283854,6324986.13,5763218.18,C1782693250,0.0,561767.95,0,0,L03_00398,LEGITIMATE_HIGH_VALUE_HISTORY,High-value transaction consistent with normal historical account behavior,NONE,1,4,5,NORMAL,0.0888
L03_001990,510,TRANSFER,1728965.45,C269283854,5763218.18,4034252.73,C1782693250,0.0,1728965.45,0,0,L03_00398,LEGITIMATE_HIGH_VALUE_HISTORY,High-value transaction consistent with normal historical account behavior,NONE,1,5,5,NORMAL,0.3
L03_001991,325,TRANSFER,672325.11,C49701820,19414618.93,18742293.82,C184253187,0.0,672325.11,0,0,L03_00399,LEGITIMATE_HIGH_VALUE_HISTORY,High-value transaction consistent with normal historical account behavior,NONE,1,1,5,NORMAL,0.0346
L03_001992,355,TRANSFER,850010.18,C49701820,18742293.82,17892283.64,C184253187,0.0,850010.18,0,0,L03_00399,LEGITIMATE_HIGH_VALUE_HISTORY,High-value transaction consistent with normal historical account behavior,NONE,1,2,5,NORMAL,0.0454
L03_001993,386,TRANSFER,866835.66,C49701820,17892283.64,17025447.98,C184253187,0.0,866835.66,0,0,L03_00399,LEGITIMATE_HIGH_VALUE_HISTORY,High-value transaction consistent with normal historical account behavior,NONE,1,3,5,NORMAL,0.0484
L03_001994,441,TRANSFER,553908.34,C49701820,17025447.98,16471539.64,C184253187,0.0,553908.34,0,0,L03_00399,LEGITIMATE_HIGH_VALUE_HISTORY,High-value transaction consistent with normal historical account behavior,NONE,1,4,5,NORMAL,0.0325
L03_001995,497,TRANSFER,4941461.89,C49701820,16471539.64,11530077.75,C184253187,0.0,4941461.89,0,0,L03_00399,LEGITIMATE_HIGH_VALUE_HISTORY,High-value transaction consistent with normal historical account behavior,NONE,1,5,5,NORMAL,0.3
L03_001996,363,TRANSFER,729799.95,C2137107584,18883219.37,18153419.42,C537530062,0.0,729799.95,0,0,L03_00400,LEGITIMATE_HIGH_VALUE_HISTORY,High-value transaction consistent with normal historical account behavior,NONE,1,1,5,NORMAL,0.0386
L03_001997,410,TRANSFER,756536.29,C2137107584,18153419.42,17396883.13,C537530062,0.0,756536.29,0,0,L03_00400,LEGITIMATE_HIGH_VALUE_HISTORY,High-value transaction consistent with normal historical account behavior,NONE,1,2,5,NORMAL,0.0417
L03_001998,456,TRANSFER,410976.33,C2137107584,17396883.13,16985906.8,C537530062,0.0,410976.33,0,0,L03_00400,LEGITIMATE_HIGH_VALUE_HISTORY,High-value transaction consistent with normal historical account behavior,NONE,1,3,5,NORMAL,0.0236
L03_001999,478,TRANSFER,691500.34,C2137107584,16985906.8,16294406.46,C537530062,0.0,691500.34,0,0,L03_00400,LEGITIMATE_HIGH_VALUE_HISTORY,High-value transaction consistent with normal historical account behavior,NONE,1,4,5,NORMAL,0.0407
L03_002000,526,TRANSFER,4888321.94,C2137107584,16294406.46,11406084.52,C537530062,0.0,4888321.94,0,0,L03_00400,LEGITIMATE_HIGH_VALUE_HISTORY,High-value transaction consistent with normal historical account behavior,NONE,1,5,5,NORMAL,0.3
L03_002001,362,TRANSFER,600866.44,C818503742,16159902.51,15559036.07,C1447446716,0.0,600866.44,0,0,L03_00401,LEGITIMATE_HIGH_VALUE_HISTORY,High-value transaction consistent with normal historical account behavior,NONE,1,1,5,NORMAL,0.0372
L03_002002,383,TRANSFER,631237.76,C818503742,15559036.07,14927798.31,C1447446716,0.0,631237.76,0,0,L03_00401,LEGITIMATE_HIGH_VALUE_HISTORY,High-value transaction consistent with normal historical account behavior,NONE,1,2,5,NORMAL,0.0406
L03_002003,403,TRANSFER,560957.3,C818503742,14927798.31,14366841.01,C1447446716,0.0,560957.3,0,0,L03_00401,LEGITIMATE_HIGH_VALUE_HISTORY,High-value transaction consistent with normal historical account behavior,NONE,1,3,5,NORMAL,0.0376
L03_002004,453,TRANSFER,378018.52,C818503742,14366841.01,13988822.49,C1447446716,0.0,378018.52,0,0,L03_00401,LEGITIMATE_HIGH_VALUE_HISTORY,High-value transaction consistent with normal historical account behavior,NONE,1,4,5,NORMAL,0.0263
L03_002005,487,TRANSFER,4196646.75,C818503742,13988822.49,9792175.74,C1447446716,0.0,4196646.75,0,0,L03_00401,LEGITIMATE_HIGH_VALUE_HISTORY,High-value transaction consistent with normal historical account behavior,NONE,1,5,5,NORMAL,0.3
L03_002006,386,TRANSFER,575143.35,C228729026,13227276.96,12652133.61,C470568944,0.0,575143.35,0,0,L03_00402,LEGITIMATE_HIGH_VALUE_HISTORY,High-value transaction consistent with normal historical account behavior,NONE,1,1,5,NORMAL,0.0435
L03_002007,442,TRANSFER,692120.94,C228729026,12652133.61,11960012.67,C470568944,0.0,692120.94,0,0,L03_00402,LEGITIMATE_HIGH_VALUE_HISTORY,High-value transaction consistent with normal historical account behavior,NONE,1,2,5,NORMAL,0.0547
L03_002008,489,TRANSFER,850720.5,C228729026,11960012.67,11109292.17,C470568944,0.0,850720.5,0,0,L03_00402,LEGITIMATE_HIGH_VALUE_HISTORY,High-value transaction consistent with normal historical account behavior,NONE,1,3,5,NORMAL,0.0711
L03_002009,527,TRANSFER,642415.18,C228729026,11109292.17,10466876.99,C470568944,0.0,642415.18,0,0,L03_00402,LEGITIMATE_HIGH_VALUE_HISTORY,High-value transaction consistent with normal historical account behavior,NONE,1,4,5,NORMAL,0.0578
L03_002010,542,TRANSFER,3140063.1,C228729026,10466876.99,7326813.89,C470568944,0.0,3140063.1,0,0,L03_00402,LEGITIMATE_HIGH_VALUE_HISTORY,High-value transaction consistent with normal historical account behavior,NONE,1,5,5,NORMAL,0.3
L03_002011,334,TRANSFER,759805.99,C789239545,17723313.02,16963507.03,C1278252907,0.0,759805.99,0,0,L03_00403,LEGITIMATE_HIGH_VALUE_HISTORY,High-value transaction consistent with normal historical account behavior,NONE,1,1,5,NORMAL,0.0429
L03_002012,370,TRANSFER,663400.67,C789239545,16963507.03,16300106.36,C1278252907,0.0,663400.67,0,0,L03_00403,LEGITIMATE_HIGH_VALUE_HISTORY,High-value transaction consistent with normal historical account behavior,NONE,1,2,5,NORMAL,0.0391
L03_002013,385,TRANSFER,455175.48,C789239545,16300106.36,15844930.88,C1278252907,0.0,455175.48,0,0,L03_00403,LEGITIMATE_HIGH_VALUE_HISTORY,High-value transaction consistent with normal historical account behavior,NONE,1,3,5,NORMAL,0.0279
L03_002014,424,TRANSFER,782262.32,C789239545,15844930.88,15062668.56,C1278252907,0.0,782262.32,0,0,L03_00403,LEGITIMATE_HIGH_VALUE_HISTORY,High-value transaction consistent with normal historical account behavior,NONE,1,4,5,NORMAL,0.0494
L03_002015,449,TRANSFER,4518800.57,C789239545,15062668.56,10543867.99,C1278252907,0.0,4518800.57,0,0,L03_00403,LEGITIMATE_HIGH_VALUE_HISTORY,High-value transaction consistent with normal historical account behavior,NONE,1,5,5,NORMAL,0.3
L03_002016,250,TRANSFER,755518.64,C1409903172,11611254.16,10855735.52,C1685726862,0.0,755518.64,0,0,L03_00404,LEGITIMATE_HIGH_VALUE_HISTORY,High-value transaction consistent with normal historical account behavior,NONE,1,1,5,NORMAL,0.0651
L03_002017,279,TRANSFER,385693.94,C1409903172,10855735.52,10470041.58,C1685726862,0.0,385693.94,0,0,L03_00404,LEGITIMATE_HIGH_VALUE_HISTORY,High-value transaction consistent with normal historical account behavior,NONE,1,2,5,NORMAL,0.0355
L03_002018,315,TRANSFER,675260.47,C1409903172,10470041.58,9794781.11,C1685726862,0.0,675260.47,0,0,L03_00404,LEGITIMATE_HIGH_VALUE_HISTORY,High-value transaction consistent with normal historical account behavior,NONE,1,3,5,NORMAL,0.0645
L03_002019,370,TRANSFER,570212.67,C1409903172,9794781.11,9224568.44,C1685726862,0.0,570212.67,0,0,L03_00404,LEGITIMATE_HIGH_VALUE_HISTORY,High-value transaction consistent with normal historical account behavior,NONE,1,4,5,NORMAL,0.0582
L03_002020,393,TRANSFER,2767370.53,C1409903172,9224568.44,6457197.91,C1685726862,0.0,2767370.53,0,0,L03_00404,LEGITIMATE_HIGH_VALUE_HISTORY,High-value transaction consistent with normal historical account behavior,NONE,1,5,5,NORMAL,0.3
L03_002021,386,TRANSFER,558776.83,C410320731,7641281.87,7082505.04,C501098699,0.0,558776.83,0,0,L03_00405,LEGITIMATE_HIGH_VALUE_HISTORY,High-value transaction consistent with normal historical account behavior,NONE,1,1,5,NORMAL,0.0731
L03_002022,444,TRANSFER,315508.59,C410320731,7082505.04,6766996.45,C501098699,0.0,315508.59,0,0,L03_00405,LEGITIMATE_HIGH_VALUE_HISTORY,High-value transaction consistent with normal historical account behavior,NONE,1,2,5,NORMAL,0.0445
L03_002023,472,TRANSFER,753603.55,C410320731,6766996.45,6013392.9,C501098699,0.0,753603.55,0,0,L03_00405,LEGITIMATE_HIGH_VALUE_HISTORY,High-value transaction consistent with normal historical account behavior,NONE,1,3,5,NORMAL,0.1114
L03_002024,511,TRANSFER,544781.4,C410320731,6013392.9,5468611.5,C501098699,0.0,544781.4,0,0,L03_00405,LEGITIMATE_HIGH_VALUE_HISTORY,High-value transaction consistent with normal historical account behavior,NONE,1,4,5,NORMAL,0.0906
L03_002025,565,TRANSFER,1640583.45,C410320731,5468611.5,3828028.05,C501098699,0.0,1640583.45,0,0,L03_00405,LEGITIMATE_HIGH_VALUE_HISTORY,High-value transaction consistent with normal historical account behavior,NONE,1,5,5,NORMAL,0.3
L03_002026,345,TRANSFER,837107.61,C1074689208,19525879.84,18688772.24,C741705862,0.0,837107.61,0,0,L03_00406,LEGITIMATE_HIGH_VALUE_HISTORY,High-value transaction consistent with normal historical account behavior,NONE,1,1,5,NORMAL,0.0429
L03_002027,371,TRANSFER,681045.88,C1074689208,18688772.24,18007726.36,C741705862,0.0,681045.88,0,0,L03_00406,LEGITIMATE_HIGH_VALUE_HISTORY,High-value transaction consistent with normal historical account behavior,NONE,1,2,5,NORMAL,0.0364
L03_002028,411,TRANSFER,685787.7,C1074689208,18007726.36,17321938.66,C741705862,0.0,685787.7,0,0,L03_00406,LEGITIMATE_HIGH_VALUE_HISTORY,High-value transaction consistent with normal historical account behavior,NONE,1,3,5,NORMAL,0.0381
L03_002029,444,TRANSFER,813312.04,C1074689208,17321938.66,16508626.62,C741705862,0.0,813312.04,0,0,L03_00406,LEGITIMATE_HIGH_VALUE_HISTORY,High-value transaction consistent with normal historical account behavior,NONE,1,4,5,NORMAL,0.047
L03_002030,484,TRANSFER,4952587.98,C1074689208,16508626.62,11556038.63,C741705862,0.0,4952587.98,0,0,L03_00406,LEGITIMATE_HIGH_VALUE_HISTORY,High-value transaction consistent with normal historical account behavior,NONE,1,5,5,NORMAL,0.3
L03_002031,257,TRANSFER,540180.41,C16074437,6745902.99,6205722.58,C1513124079,0.0,540180.41,0,0,L03_00407,LEGITIMATE_HIGH_VALUE_HISTORY,High-value transaction consistent with normal historical account behavior,NONE,1,1,5,NORMAL,0.0801
L03_002032,281,TRANSFER,381155.3,C16074437,6205722.58,5824567.28,C1513124079,0.0,381155.3,0,0,L03_00407,LEGITIMATE_HIGH_VALUE_HISTORY,High-value transaction consistent with normal historical account behavior,NONE,1,2,5,NORMAL,0.0614
L03_002033,322,TRANSFER,332467.15,C16074437,5824567.28,5492100.13,C1513124079,0.0,332467.15,0,0,L03_00407,LEGITIMATE_HIGH_VALUE_HISTORY,High-value transaction consistent with normal historical account behavior,NONE,1,3,5,NORMAL,0.0571
L03_002034,362,TRANSFER,480407.26,C16074437,5492100.13,5011692.87,C1513124079,0.0,480407.26,0,0,L03_00407,LEGITIMATE_HIGH_VALUE_HISTORY,High-value transaction consistent with normal historical account behavior,NONE,1,4,5,NORMAL,0.0875
L03_002035,393,TRANSFER,1503507.86,C16074437,5011692.87,3508185.01,C1513124079,0.0,1503507.86,0,0,L03_00407,LEGITIMATE_HIGH_VALUE_HISTORY,High-value transaction consistent with normal historical account behavior,NONE,1,5,5,NORMAL,0.3
L03_002036,225,TRANSFER,471530.39,C530708276,8909119.46,8437589.06,C1533091865,0.0,471530.39,0,0,L03_00408,LEGITIMATE_HIGH_VALUE_HISTORY,High-value transaction consistent with normal historical account behavior,NONE,1,1,5,NORMAL,0.0529
L03_002037,254,TRANSFER,760162.74,C530708276,8437589.06,7677426.32,C1533091865,0.0,760162.74,0,0,L03_00408,LEGITIMATE_HIGH_VALUE_HISTORY,High-value transaction consistent with normal historical account behavior,NONE,1,2,5,NORMAL,0.0901
L03_002038,300,TRANSFER,300250.92,C530708276,7677426.32,7377175.4,C1533091865,0.0,300250.92,0,0,L03_00408,LEGITIMATE_HIGH_VALUE_HISTORY,High-value transaction consistent with normal historical account behavior,NONE,1,3,5,NORMAL,0.0391
L03_002039,321,TRANSFER,778769.47,C530708276,7377175.4,6598405.93,C1533091865,0.0,778769.47,0,0,L03_00408,LEGITIMATE_HIGH_VALUE_HISTORY,High-value transaction consistent with normal historical account behavior,NONE,1,4,5,NORMAL,0.1056
L03_002040,366,TRANSFER,1979521.78,C530708276,6598405.93,4618884.15,C1533091865,0.0,1979521.78,0,0,L03_00408,LEGITIMATE_HIGH_VALUE_HISTORY,High-value transaction consistent with normal historical account behavior,NONE,1,5,5,NORMAL,0.3
L03_002041,364,TRANSFER,431714.98,C264560663,18121966.2,17690251.22,C1137320932,0.0,431714.98,0,0,L03_00409,LEGITIMATE_HIGH_VALUE_HISTORY,High-value transaction consistent with normal historical account behavior,NONE,1,1,5,NORMAL,0.0238
L03_002042,391,TRANSFER,338032.81,C264560663,17690251.22,17352218.41,C1137320932,0.0,338032.81,0,0,L03_00409,LEGITIMATE_HIGH_VALUE_HISTORY,High-value transaction consistent with normal historical account behavior,NONE,1,2,5,NORMAL,0.0191
L03_002043,409,TRANSFER,512697.5,C264560663,17352218.41,16839520.91,C1137320932,0.0,512697.5,0,0,L03_00409,LEGITIMATE_HIGH_VALUE_HISTORY,High-value transaction consistent with normal historical account behavior,NONE,1,3,5,NORMAL,0.0295
L03_002044,468,TRANSFER,798865.51,C264560663,16839520.91,16040655.4,C1137320932,0.0,798865.51,0,0,L03_00409,LEGITIMATE_HIGH_VALUE_HISTORY,High-value transaction consistent with normal historical account behavior,NONE,1,4,5,NORMAL,0.0474
L03_002045,504,TRANSFER,4812196.62,C264560663,16040655.4,11228458.78,C1137320932,0.0,4812196.62,0,0,L03_00409,LEGITIMATE_HIGH_VALUE_HISTORY,High-value transaction consistent with normal historical account behavior,NONE,1,5,5,NORMAL,0.3
L03_002046,306,TRANSFER,805695.32,C2040856570,11105773.38,10300078.06,C322477364,0.0,805695.32,0,0,L03_00410,LEGITIMATE_HIGH_VALUE_HISTORY,High-value transaction consistent with normal historical account behavior,NONE,1,1,5,NORMAL,0.0725
L03_002047,328,TRANSFER,323177.5,C2040856570,10300078.06,9976900.56,C322477364,0.0,323177.5,0,0,L03_00410,LEGITIMATE_HIGH_VALUE_HISTORY,High-value transaction consistent with normal historical account behavior,NONE,1,2,5,NORMAL,0.0314
L03_002048,370,TRANSFER,417003.94,C2040856570,9976900.56,9559896.62,C322477364,0.0,417003.94,0,0,L03_00410,LEGITIMATE_HIGH_VALUE_HISTORY,High-value transaction consistent with normal historical account behavior,NONE,1,3,5,NORMAL,0.0418
L03_002049,394,TRANSFER,334941.5,C2040856570,9559896.62,9224955.12,C322477364,0.0,334941.5,0,0,L03_00410,LEGITIMATE_HIGH_VALUE_HISTORY,High-value transaction consistent with normal historical account behavior,NONE,1,4,5,NORMAL,0.035
L03_002050,424,TRANSFER,2767486.54,C2040856570,9224955.12,6457468.58,C322477364,0.0,2767486.54,0,0,L03_00410,LEGITIMATE_HIGH_VALUE_HISTORY,High-value transaction consistent with normal historical account behavior,NONE,1,5,5,NORMAL,0.3
L03_002051,363,TRANSFER,825221.94,C1339971799,8256311.87,7431089.93,C1381670471,0.0,825221.94,0,0,L03_00411,LEGITIMATE_HIGH_VALUE_HISTORY,High-value transaction consistent with normal historical account behavior,NONE,1,1,5,NORMAL,0.1
L03_002052,387,TRANSFER,339877.26,C1339971799,7431089.93,7091212.67,C1381670471,0.0,339877.26,0,0,L03_00411,LEGITIMATE_HIGH_VALUE_HISTORY,High-value transaction consistent with normal historical account behavior,NONE,1,2,5,NORMAL,0.0457
L03_002053,442,TRANSFER,308309.36,C1339971799,7091212.67,6782903.31,C1381670471,0.0,308309.36,0,0,L03_00411,LEGITIMATE_HIGH_VALUE_HISTORY,High-value transaction consistent with normal historical account behavior,NONE,1,3,5,NORMAL,0.0435
L03_002054,475,TRANSFER,306997.79,C1339971799,6782903.31,6475905.52,C1381670471,0.0,306997.79,0,0,L03_00411,LEGITIMATE_HIGH_VALUE_HISTORY,High-value transaction consistent with normal historical account behavior,NONE,1,4,5,NORMAL,0.0453
L03_002055,520,TRANSFER,1942771.65,C1339971799,6475905.52,4533133.86,C1381670471,0.0,1942771.65,0,0,L03_00411,LEGITIMATE_HIGH_VALUE_HISTORY,High-value transaction consistent with normal historical account behavior,NONE,1,5,5,NORMAL,0.3
L03_002056,334,TRANSFER,464628.3,C1985992850,12986392.53,12521764.23,C1262565112,0.0,464628.3,0,0,L03_00412,LEGITIMATE_HIGH_VALUE_HISTORY,High-value transaction consistent with normal historical account behavior,NONE,1,1,5,NORMAL,0.0358
L03_002057,382,TRANSFER,809601.51,C1985992850,12521764.23,11712162.72,C1262565112,0.0,809601.51,0,0,L03_00412,LEGITIMATE_HIGH_VALUE_HISTORY,High-value transaction consistent with normal historical account behavior,NONE,1,2,5,NORMAL,0.0647
L03_002058,440,TRANSFER,728765.48,C1985992850,11712162.72,10983397.24,C1262565112,0.0,728765.48,0,0,L03_00412,LEGITIMATE_HIGH_VALUE_HISTORY,High-value transaction consistent with normal historical account behavior,NONE,1,3,5,NORMAL,0.0622
L03_002059,498,TRANSFER,468489.39,C1985992850,10983397.24,10514907.85,C1262565112,0.0,468489.39,0,0,L03_00412,LEGITIMATE_HIGH_VALUE_HISTORY,High-value transaction consistent with normal historical account behavior,NONE,1,4,5,NORMAL,0.0427
L03_002060,538,TRANSFER,3154472.35,C1985992850,10514907.85,7360435.49,C1262565112,0.0,3154472.35,0,0,L03_00412,LEGITIMATE_HIGH_VALUE_HISTORY,High-value transaction consistent with normal historical account behavior,NONE,1,5,5,NORMAL,0.3
L03_002061,322,TRANSFER,710559.56,C251754812,18762201.84,18051642.28,C563859355,0.0,710559.56,0,0,L03_00413,LEGITIMATE_HIGH_VALUE_HISTORY,High-value transaction consistent with normal historical account behavior,NONE,1,1,5,NORMAL,0.0379
L03_002062,349,TRANSFER,777623.71,C251754812,18051642.28,17274018.57,C563859355,0.0,777623.71,0,0,L03_00413,LEGITIMATE_HIGH_VALUE_HISTORY,High-value transaction consistent with normal historical account behavior,NONE,1,2,5,NORMAL,0.0431
L03_002063,373,TRANSFER,583015.35,C251754812,17274018.57,16691003.22,C563859355,0.0,583015.35,0,0,L03_00413,LEGITIMATE_HIGH_VALUE_HISTORY,High-value transaction consistent with normal historical account behavior,NONE,1,3,5,NORMAL,0.0338
L03_002064,425,TRANSFER,436935.94,C251754812,16691003.22,16254067.28,C563859355,0.0,436935.94,0,0,L03_00413,LEGITIMATE_HIGH_VALUE_HISTORY,High-value transaction consistent with normal historical account behavior,NONE,1,4,5,NORMAL,0.0262
L03_002065,463,TRANSFER,4876220.18,C251754812,16254067.28,11377847.1,C563859355,0.0,4876220.18,0,0,L03_00413,LEGITIMATE_HIGH_VALUE_HISTORY,High-value transaction consistent with normal historical account behavior,NONE,1,5,5,NORMAL,0.3
L03_002066,449,TRANSFER,458048.64,C1846824835,11677007.05,11218958.41,C264142753,0.0,458048.64,0,0,L03_00414,LEGITIMATE_HIGH_VALUE_HISTORY,High-value transaction consistent with normal historical account behavior,NONE,1,1,5,NORMAL,0.0392
L03_002067,494,TRANSFER,763804.41,C1846824835,11218958.41,10455154.0,C264142753,0.0,763804.41,0,0,L03_00414,LEGITIMATE_HIGH_VALUE_HISTORY,High-value transaction consistent with normal historical account behavior,NONE,1,2,5,NORMAL,0.0681
L03_002068,553,TRANSFER,313745.19,C1846824835,10455154.0,10141408.81,C264142753,0.0,313745.19,0,0,L03_00414,LEGITIMATE_HIGH_VALUE_HISTORY,High-value transaction consistent with normal historical account behavior,NONE,1,3,5,NORMAL,0.03
L03_002069,592,TRANSFER,861316.96,C1846824835,10141408.81,9280091.86,C264142753,0.0,861316.96,0,0,L03_00414,LEGITIMATE_HIGH_VALUE_HISTORY,High-value transaction consistent with normal historical account behavior,NONE,1,4,5,NORMAL,0.0849
L03_002070,627,TRANSFER,2784027.56,C1846824835,9280091.86,6496064.3,C264142753,0.0,2784027.56,0,0,L03_00414,LEGITIMATE_HIGH_VALUE_HISTORY,High-value transaction consistent with normal historical account behavior,NONE,1,5,5,NORMAL,0.3
L03_002071,364,TRANSFER,816292.19,C1263288405,8855615.55,8039323.36,C754704414,0.0,816292.19,0,0,L03_00415,LEGITIMATE_HIGH_VALUE_HISTORY,High-value transaction consistent with normal historical account behavior,NONE,1,1,5,NORMAL,0.0922
L03_002072,387,TRANSFER,757760.94,C1263288405,8039323.36,7281562.42,C754704414,0.0,757760.94,0,0,L03_00415,LEGITIMATE_HIGH_VALUE_HISTORY,High-value transaction consistent with normal historical account behavior,NONE,1,2,5,NORMAL,0.0943
L03_002073,440,TRANSFER,477321.09,C1263288405,7281562.42,6804241.33,C754704414,0.0,477321.09,0,0,L03_00415,LEGITIMATE_HIGH_VALUE_HISTORY,High-value transaction consistent with normal historical account behavior,NONE,1,3,5,NORMAL,0.0656
L03_002074,497,TRANSFER,773657.1,C1263288405,6804241.33,6030584.23,C754704414,0.0,773657.1,0,0,L03_00415,LEGITIMATE_HIGH_VALUE_HISTORY,High-value transaction consistent with normal historical account behavior,NONE,1,4,5,NORMAL,0.1137
L03_002075,545,TRANSFER,1809175.27,C1263288405,6030584.23,4221408.96,C754704414,0.0,1809175.27,0,0,L03_00415,LEGITIMATE_HIGH_VALUE_HISTORY,High-value transaction consistent with normal historical account behavior,NONE,1,5,5,NORMAL,0.3
L03_002076,348,TRANSFER,767317.04,C482931912,17204249.12,16436932.08,C121078741,0.0,767317.04,0,0,L03_00416,LEGITIMATE_HIGH_VALUE_HISTORY,High-value transaction consistent with normal historical account behavior,NONE,1,1,5,NORMAL,0.0446
L03_002077,407,TRANSFER,619060.3,C482931912,16436932.08,15817871.78,C121078741,0.0,619060.3,0,0,L03_00416,LEGITIMATE_HIGH_VALUE_HISTORY,High-value transaction consistent with normal historical account behavior,NONE,1,2,5,NORMAL,0.0377
L03_002078,424,TRANSFER,697917.24,C482931912,15817871.78,15119954.54,C121078741,0.0,697917.24,0,0,L03_00416,LEGITIMATE_HIGH_VALUE_HISTORY,High-value transaction consistent with normal historical account behavior,NONE,1,3,5,NORMAL,0.0441
L03_002079,471,TRANSFER,796838.6,C482931912,15119954.54,14323115.94,C121078741,0.0,796838.6,0,0,L03_00416,LEGITIMATE_HIGH_VALUE_HISTORY,High-value transaction consistent with normal historical account behavior,NONE,1,4,5,NORMAL,0.0527
L03_002080,523,TRANSFER,4296934.78,C482931912,14323115.94,10026181.15,C121078741,0.0,4296934.78,0,0,L03_00416,LEGITIMATE_HIGH_VALUE_HISTORY,High-value transaction consistent with normal historical account behavior,NONE,1,5,5,NORMAL,0.3
L03_002081,393,TRANSFER,374391.18,C1787543804,10972547.16,10598155.98,C1696052056,0.0,374391.18,0,0,L03_00417,LEGITIMATE_HIGH_VALUE_HISTORY,High-value transaction consistent with normal historical account behavior,NONE,1,1,5,NORMAL,0.0341
L03_002082,452,TRANSFER,766512.17,C1787543804,10598155.98,9831643.81,C1696052056,0.0,766512.17,0,0,L03_00417,LEGITIMATE_HIGH_VALUE_HISTORY,High-value transaction consistent with normal historical account behavior,NONE,1,2,5,NORMAL,0.0723
L03_002083,492,TRANSFER,691921.42,C1787543804,9831643.81,9139722.39,C1696052056,0.0,691921.42,0,0,L03_00417,LEGITIMATE_HIGH_VALUE_HISTORY,High-value transaction consistent with normal historical account behavior,NONE,1,3,5,NORMAL,0.0704
L03_002084,526,TRANSFER,462632.31,C1787543804,9139722.39,8677090.08,C1696052056,0.0,462632.31,0,0,L03_00417,LEGITIMATE_HIGH_VALUE_HISTORY,High-value transaction consistent with normal historical account behavior,NONE,1,4,5,NORMAL,0.0506
L03_002085,544,TRANSFER,2603127.02,C1787543804,8677090.08,6073963.06,C1696052056,0.0,2603127.02,0,0,L03_00417,LEGITIMATE_HIGH_VALUE_HISTORY,High-value transaction consistent with normal historical account behavior,NONE,1,5,5,NORMAL,0.3
L03_002086,44,TRANSFER,589288.26,C1263405029,8242556.94,7653268.68,C1014935920,0.0,589288.26,0,0,L03_00418,LEGITIMATE_HIGH_VALUE_HISTORY,High-value transaction consistent with normal historical account behavior,NONE,1,1,5,NORMAL,0.0715
L03_002087,93,TRANSFER,865975.73,C1263405029,7653268.68,6787292.95,C1014935920,0.0,865975.73,0,0,L03_00418,LEGITIMATE_HIGH_VALUE_HISTORY,High-value transaction consistent with normal historical account behavior,NONE,1,2,5,NORMAL,0.1132
L03_002088,141,TRANSFER,666208.1,C1263405029,6787292.95,6121084.85,C1014935920,0.0,666208.1,0,0,L03_00418,LEGITIMATE_HIGH_VALUE_HISTORY,High-value transaction consistent with normal historical account behavior,NONE,1,3,5,NORMAL,0.0982
L03_002089,201,TRANSFER,409677.84,C1263405029,6121084.85,5711407.01,C1014935920,0.0,409677.84,0,0,L03_00418,LEGITIMATE_HIGH_VALUE_HISTORY,High-value transaction consistent with normal historical account behavior,NONE,1,4,5,NORMAL,0.0669
L03_002090,251,TRANSFER,1713422.1,C1263405029,5711407.01,3997984.91,C1014935920,0.0,1713422.1,0,0,L03_00418,LEGITIMATE_HIGH_VALUE_HISTORY,High-value transaction consistent with normal historical account behavior,NONE,1,5,5,NORMAL,0.3
L03_002091,364,TRANSFER,696648.6,C365177156,19353671.46,18657022.86,C1235812541,0.0,696648.6,0,0,L03_00419,LEGITIMATE_HIGH_VALUE_HISTORY,High-value transaction consistent with normal historical account behavior,NONE,1,1,5,NORMAL,0.036
L03_002092,388,TRANSFER,869218.26,C365177156,18657022.86,17787804.6,C1235812541,0.0,869218.26,0,0,L03_00419,LEGITIMATE_HIGH_VALUE_HISTORY,High-value transaction consistent with normal historical account behavior,NONE,1,2,5,NORMAL,0.0466
L03_002093,422,TRANSFER,794580.74,C365177156,17787804.6,16993223.86,C1235812541,0.0,794580.74,0,0,L03_00419,LEGITIMATE_HIGH_VALUE_HISTORY,High-value transaction consistent with normal historical account behavior,NONE,1,3,5,NORMAL,0.0447
L03_002094,438,TRANSFER,587654.03,C365177156,16993223.86,16405569.83,C1235812541,0.0,587654.03,0,0,L03_00419,LEGITIMATE_HIGH_VALUE_HISTORY,High-value transaction consistent with normal historical account behavior,NONE,1,4,5,NORMAL,0.0346
L03_002095,483,TRANSFER,4921670.95,C365177156,16405569.83,11483898.88,C1235812541,0.0,4921670.95,0,0,L03_00419,LEGITIMATE_HIGH_VALUE_HISTORY,High-value transaction consistent with normal historical account behavior,NONE,1,5,5,NORMAL,0.3
L03_002096,371,TRANSFER,315023.38,C241065429,7540193.28,7225169.9,C1337627041,0.0,315023.38,0,0,L03_00420,LEGITIMATE_HIGH_VALUE_HISTORY,High-value transaction consistent with normal historical account behavior,NONE,1,1,5,NORMAL,0.0418
L03_002097,408,TRANSFER,401734.3,C241065429,7225169.9,6823435.6,C1337627041,0.0,401734.3,0,0,L03_00420,LEGITIMATE_HIGH_VALUE_HISTORY,High-value transaction consistent with normal historical account behavior,NONE,1,2,5,NORMAL,0.0556
L03_002098,436,TRANSFER,721557.06,C241065429,6823435.6,6101878.54,C1337627041,0.0,721557.06,0,0,L03_00420,LEGITIMATE_HIGH_VALUE_HISTORY,High-value transaction consistent with normal historical account behavior,NONE,1,3,5,NORMAL,0.1057
L03_002099,472,TRANSFER,502757.56,C241065429,6101878.54,5599120.98,C1337627041,0.0,502757.56,0,0,L03_00420,LEGITIMATE_HIGH_VALUE_HISTORY,High-value transaction consistent with normal historical account behavior,NONE,1,4,5,NORMAL,0.0824
L03_002100,500,TRANSFER,1679736.29,C241065429,5599120.98,3919384.69,C1337627041,0.0,1679736.29,0,0,L03_00420,LEGITIMATE_HIGH_VALUE_HISTORY,High-value transaction consistent with normal historical account behavior,NONE,1,5,5,NORMAL,0.3
L03_002101,392,TRANSFER,588932.4,C1373008665,9318433.71,8729501.31,C470954905,0.0,588932.4,0,0,L03_00421,LEGITIMATE_HIGH_VALUE_HISTORY,High-value transaction consistent with normal historical account behavior,NONE,1,1,5,NORMAL,0.0632
L03_002102,408,TRANSFER,377464.48,C1373008665,8729501.31,8352036.83,C470954905,0.0,377464.48,0,0,L03_00421,LEGITIMATE_HIGH_VALUE_HISTORY,High-value transaction consistent with normal historical account behavior,NONE,1,2,5,NORMAL,0.0432
L03_002103,430,TRANSFER,483025.84,C1373008665,8352036.83,7869010.99,C470954905,0.0,483025.84,0,0,L03_00421,LEGITIMATE_HIGH_VALUE_HISTORY,High-value transaction consistent with normal historical account behavior,NONE,1,3,5,NORMAL,0.0578
L03_002104,460,TRANSFER,721430.83,C1373008665,7869010.99,7147580.16,C470954905,0.0,721430.83,0,0,L03_00421,LEGITIMATE_HIGH_VALUE_HISTORY,High-value transaction consistent with normal historical account behavior,NONE,1,4,5,NORMAL,0.0917
L03_002105,488,TRANSFER,2144274.05,C1373008665,7147580.16,5003306.11,C470954905,0.0,2144274.05,0,0,L03_00421,LEGITIMATE_HIGH_VALUE_HISTORY,High-value transaction consistent with normal historical account behavior,NONE,1,5,5,NORMAL,0.3
L03_002106,386,TRANSFER,816930.88,C1723342790,9878417.45,9061486.56,C610565123,0.0,816930.88,0,0,L03_00422,LEGITIMATE_HIGH_VALUE_HISTORY,High-value transaction consistent with normal historical account behavior,NONE,1,1,5,NORMAL,0.0827
L03_002107,402,TRANSFER,868096.65,C1723342790,9061486.56,8193389.91,C610565123,0.0,868096.65,0,0,L03_00422,LEGITIMATE_HIGH_VALUE_HISTORY,High-value transaction consistent with normal historical account behavior,NONE,1,2,5,NORMAL,0.0958
L03_002108,434,TRANSFER,841037.24,C1723342790,8193389.91,7352352.67,C610565123,0.0,841037.24,0,0,L03_00422,LEGITIMATE_HIGH_VALUE_HISTORY,High-value transaction consistent with normal historical account behavior,NONE,1,3,5,NORMAL,0.1026
L03_002109,460,TRANSFER,625491.55,C1723342790,7352352.67,6726861.12,C610565123,0.0,625491.55,0,0,L03_00422,LEGITIMATE_HIGH_VALUE_HISTORY,High-value transaction consistent with normal historical account behavior,NONE,1,4,5,NORMAL,0.0851
L03_002110,483,TRANSFER,2018058.34,C1723342790,6726861.12,4708802.79,C610565123,0.0,2018058.34,0,0,L03_00422,LEGITIMATE_HIGH_VALUE_HISTORY,High-value transaction consistent with normal historical account behavior,NONE,1,5,5,NORMAL,0.3
L03_002111,363,TRANSFER,704710.07,C1342224686,8577471.63,7872761.56,C513219102,0.0,704710.07,0,0,L03_00423,LEGITIMATE_HIGH_VALUE_HISTORY,High-value transaction consistent with normal historical account behavior,NONE,1,1,5,NORMAL,0.0822
L03_002112,407,TRANSFER,489467.22,C1342224686,7872761.56,7383294.34,C513219102,0.0,489467.22,0,0,L03_00423,LEGITIMATE_HIGH_VALUE_HISTORY,High-value transaction consistent with normal historical account behavior,NONE,1,2,5,NORMAL,0.0622
L03_002113,452,TRANSFER,310973.8,C1342224686,7383294.34,7072320.54,C513219102,0.0,310973.8,0,0,L03_00423,LEGITIMATE_HIGH_VALUE_HISTORY,High-value transaction consistent with normal historical account behavior,NONE,1,3,5,NORMAL,0.0421
L03_002114,512,TRANSFER,652802.33,C1342224686,7072320.54,6419518.21,C513219102,0.0,652802.33,0,0,L03_00423,LEGITIMATE_HIGH_VALUE_HISTORY,High-value transaction consistent with normal historical account behavior,NONE,1,4,5,NORMAL,0.0923
L03_002115,536,TRANSFER,1925855.46,C1342224686,6419518.21,4493662.75,C513219102,0.0,1925855.46,0,0,L03_00423,LEGITIMATE_HIGH_VALUE_HISTORY,High-value transaction consistent with normal historical account behavior,NONE,1,5,5,NORMAL,0.3
L03_002116,348,TRANSFER,375884.54,C1898731303,17891124.82,17515240.29,C2143310218,0.0,375884.54,0,0,L03_00424,LEGITIMATE_HIGH_VALUE_HISTORY,High-value transaction consistent with normal historical account behavior,NONE,1,1,5,NORMAL,0.021
L03_002117,401,TRANSFER,747593.93,C1898731303,17515240.29,16767646.36,C2143310218,0.0,747593.93,0,0,L03_00424,LEGITIMATE_HIGH_VALUE_HISTORY,High-value transaction consistent with normal historical account behavior,NONE,1,2,5,NORMAL,0.0427
L03_002118,453,TRANSFER,432895.63,C1898731303,16767646.36,16334750.72,C2143310218,0.0,432895.63,0,0,L03_00424,LEGITIMATE_HIGH_VALUE_HISTORY,High-value transaction consistent with normal historical account behavior,NONE,1,3,5,NORMAL,0.0258
L03_002119,481,TRANSFER,760853.42,C1898731303,16334750.72,15573897.3,C2143310218,0.0,760853.42,0,0,L03_00424,LEGITIMATE_HIGH_VALUE_HISTORY,High-value transaction consistent with normal historical account behavior,NONE,1,4,5,NORMAL,0.0466
L03_002120,526,TRANSFER,4672169.19,C1898731303,15573897.3,10901728.11,C2143310218,0.0,4672169.19,0,0,L03_00424,LEGITIMATE_HIGH_VALUE_HISTORY,High-value transaction consistent with normal historical account behavior,NONE,1,5,5,NORMAL,0.3
L03_002121,552,TRANSFER,480014.44,C1705027270,8224250.26,7744235.82,C1721207765,0.0,480014.44,0,0,L03_00425,LEGITIMATE_HIGH_VALUE_HISTORY,High-value transaction consistent with normal historical account behavior,NONE,1,1,5,NORMAL,0.0584
L03_002122,587,TRANSFER,626872.17,C1705027270,7744235.82,7117363.65,C1721207765,0.0,626872.17,0,0,L03_00425,LEGITIMATE_HIGH_VALUE_HISTORY,High-value transaction consistent with normal historical account behavior,NONE,1,2,5,NORMAL,0.0809
L03_002123,639,TRANSFER,352861.63,C1705027270,7117363.65,6764502.02,C1721207765,0.0,352861.63,0,0,L03_00425,LEGITIMATE_HIGH_VALUE_HISTORY,High-value transaction consistent with normal historical account behavior,NONE,1,3,5,NORMAL,0.0496
L03_002124,697,TRANSFER,748099.32,C1705027270,6764502.02,6016402.7,C1721207765,0.0,748099.32,0,0,L03_00425,LEGITIMATE_HIGH_VALUE_HISTORY,High-value transaction consistent with normal historical account behavior,NONE,1,4,5,NORMAL,0.1106
L03_002125,744,TRANSFER,1804920.81,C1705027270,6016402.7,4211481.89,C1721207765,0.0,1804920.81,0,0,L03_00425,LEGITIMATE_HIGH_VALUE_HISTORY,High-value transaction consistent with normal historical account behavior,NONE,1,5,5,NORMAL,0.3
L03_002126,396,TRANSFER,471563.37,C1742540565,18207216.23,17735652.86,C464094472,0.0,471563.37,0,0,L03_00426,LEGITIMATE_HIGH_VALUE_HISTORY,High-value transaction consistent with normal historical account behavior,NONE,1,1,5,NORMAL,0.0259
L03_002127,431,TRANSFER,658060.23,C1742540565,17735652.86,17077592.62,C464094472,0.0,658060.23,0,0,L03_00426,LEGITIMATE_HIGH_VALUE_HISTORY,High-value transaction consistent with normal historical account behavior,NONE,1,2,5,NORMAL,0.0371
L03_002128,479,TRANSFER,622455.37,C1742540565,17077592.62,16455137.26,C464094472,0.0,622455.37,0,0,L03_00426,LEGITIMATE_HIGH_VALUE_HISTORY,High-value transaction consistent with normal historical account behavior,NONE,1,3,5,NORMAL,0.0364
L03_002129,537,TRANSFER,428480.52,C1742540565,16455137.26,16026656.74,C464094472,0.0,428480.52,0,0,L03_00426,LEGITIMATE_HIGH_VALUE_HISTORY,High-value transaction consistent with normal historical account behavior,NONE,1,4,5,NORMAL,0.026
L03_002130,557,TRANSFER,4807997.02,C1742540565,16026656.74,11218659.71,C464094472,0.0,4807997.02,0,0,L03_00426,LEGITIMATE_HIGH_VALUE_HISTORY,High-value transaction consistent with normal historical account behavior,NONE,1,5,5,NORMAL,0.3
L03_002131,309,TRANSFER,446547.01,C2053433231,19015965.94,18569418.93,C463981805,0.0,446547.01,0,0,L03_00427,LEGITIMATE_HIGH_VALUE_HISTORY,High-value transaction consistent with normal historical account behavior,NONE,1,1,5,NORMAL,0.0235
L03_002132,354,TRANSFER,762428.28,C2053433231,18569418.93,17806990.65,C463981805,0.0,762428.28,0,0,L03_00427,LEGITIMATE_HIGH_VALUE_HISTORY,High-value transaction consistent with normal historical account behavior,NONE,1,2,5,NORMAL,0.0411
L03_002133,397,TRANSFER,724728.71,C2053433231,17806990.65,17082261.94,C463981805,0.0,724728.71,0,0,L03_00427,LEGITIMATE_HIGH_VALUE_HISTORY,High-value transaction consistent with normal historical account behavior,NONE,1,3,5,NORMAL,0.0407
L03_002134,418,TRANSFER,743606.63,C2053433231,17082261.94,16338655.31,C463981805,0.0,743606.63,0,0,L03_00427,LEGITIMATE_HIGH_VALUE_HISTORY,High-value transaction consistent with normal historical account behavior,NONE,1,4,5,NORMAL,0.0435
L03_002135,455,TRANSFER,4901596.59,C2053433231,16338655.31,11437058.72,C463981805,0.0,4901596.59,0,0,L03_00427,LEGITIMATE_HIGH_VALUE_HISTORY,High-value transaction consistent with normal historical account behavior,NONE,1,5,5,NORMAL,0.3
L03_002136,202,TRANSFER,661156.77,C1018527975,8921151.17,8259994.4,C2007290157,0.0,661156.77,0,0,L03_00428,LEGITIMATE_HIGH_VALUE_HISTORY,High-value transaction consistent with normal historical account behavior,NONE,1,1,5,NORMAL,0.0741
L03_002137,224,TRANSFER,762214.66,C1018527975,8259994.4,7497779.74,C2007290157,0.0,762214.66,0,0,L03_00428,LEGITIMATE_HIGH_VALUE_HISTORY,High-value transaction consistent with normal historical account behavior,NONE,1,2,5,NORMAL,0.0923
L03_002138,270,TRANSFER,827308.77,C1018527975,7497779.74,6670470.97,C2007290157,0.0,827308.77,0,0,L03_00428,LEGITIMATE_HIGH_VALUE_HISTORY,High-value transaction consistent with normal historical account behavior,NONE,1,3,5,NORMAL,0.1103
L03_002139,319,TRANSFER,864730.46,C1018527975,6670470.97,5805740.51,C2007290157,0.0,864730.46,0,0,L03_00428,LEGITIMATE_HIGH_VALUE_HISTORY,High-value transaction consistent with normal historical account behavior,NONE,1,4,5,NORMAL,0.1296
L03_002140,353,TRANSFER,1741722.15,C1018527975,5805740.51,4064018.35,C2007290157,0.0,1741722.15,0,0,L03_00428,LEGITIMATE_HIGH_VALUE_HISTORY,High-value transaction consistent with normal historical account behavior,NONE,1,5,5,NORMAL,0.3
L03_002141,345,TRANSFER,808687.09,C2095303457,8987533.27,8178846.18,C2063532362,0.0,808687.09,0,0,L03_00429,LEGITIMATE_HIGH_VALUE_HISTORY,High-value transaction consistent with normal historical account behavior,NONE,1,1,5,NORMAL,0.09
L03_002142,368,TRANSFER,292701.43,C2095303457,8178846.18,7886144.75,C2063532362,0.0,292701.43,0,0,L03_00429,LEGITIMATE_HIGH_VALUE_HISTORY,High-value transaction consistent with normal historical account behavior,NONE,1,2,5,NORMAL,0.0358
L03_002143,403,TRANSFER,537422.53,C2095303457,7886144.75,7348722.22,C2063532362,0.0,537422.53,0,0,L03_00429,LEGITIMATE_HIGH_VALUE_HISTORY,High-value transaction consistent with normal historical account behavior,NONE,1,3,5,NORMAL,0.0681
L03_002144,440,TRANSFER,807116.25,C2095303457,7348722.22,6541605.97,C2063532362,0.0,807116.25,0,0,L03_00429,LEGITIMATE_HIGH_VALUE_HISTORY,High-value transaction consistent with normal historical account behavior,NONE,1,4,5,NORMAL,0.1098
L03_002145,469,TRANSFER,1962481.79,C2095303457,6541605.97,4579124.18,C2063532362,0.0,1962481.79,0,0,L03_00429,LEGITIMATE_HIGH_VALUE_HISTORY,High-value transaction consistent with normal historical account behavior,NONE,1,5,5,NORMAL,0.3
L03_002146,359,TRANSFER,305051.09,C1849086938,18690692.43,18385641.34,C358043414,0.0,305051.09,0,0,L03_00430,LEGITIMATE_HIGH_VALUE_HISTORY,High-value transaction consistent with normal historical account behavior,NONE,1,1,5,NORMAL,0.0163
L03_002147,402,TRANSFER,719967.57,C1849086938,18385641.34,17665673.77,C358043414,0.0,719967.57,0,0,L03_00430,LEGITIMATE_HIGH_VALUE_HISTORY,High-value transaction consistent with normal historical account behavior,NONE,1,2,5,NORMAL,0.0392
L03_002148,420,TRANSFER,644060.7,C1849086938,17665673.77,17021613.07,C358043414,0.0,644060.7,0,0,L03_00430,LEGITIMATE_HIGH_VALUE_HISTORY,High-value transaction consistent with normal historical account behavior,NONE,1,3,5,NORMAL,0.0365
L03_002149,479,TRANSFER,791382.26,C1849086938,17021613.07,16230230.81,C358043414,0.0,791382.26,0,0,L03_00430,LEGITIMATE_HIGH_VALUE_HISTORY,High-value transaction consistent with normal historical account behavior,NONE,1,4,5,NORMAL,0.0465
L03_002150,522,TRANSFER,4869069.24,C1849086938,16230230.81,11361161.57,C358043414,0.0,4869069.24,0,0,L03_00430,LEGITIMATE_HIGH_VALUE_HISTORY,High-value transaction consistent with normal historical account behavior,NONE,1,5,5,NORMAL,0.3
L03_002151,205,TRANSFER,470723.16,C1217156346,7486281.63,7015558.47,C1356953467,0.0,470723.16,0,0,L03_00431,LEGITIMATE_HIGH_VALUE_HISTORY,High-value transaction consistent with normal historical account behavior,NONE,1,1,5,NORMAL,0.0629
L03_002152,246,TRANSFER,550436.59,C1217156346,7015558.47,6465121.88,C1356953467,0.0,550436.59,0,0,L03_00431,LEGITIMATE_HIGH_VALUE_HISTORY,High-value transaction consistent with normal historical account behavior,NONE,1,2,5,NORMAL,0.0785
L03_002153,294,TRANSFER,508177.29,C1217156346,6465121.88,5956944.59,C1356953467,0.0,508177.29,0,0,L03_00431,LEGITIMATE_HIGH_VALUE_HISTORY,High-value transaction consistent with normal historical account behavior,NONE,1,3,5,NORMAL,0.0786
L03_002154,320,TRANSFER,694286.82,C1217156346,5956944.59,5262657.77,C1356953467,0.0,694286.82,0,0,L03_00431,LEGITIMATE_HIGH_VALUE_HISTORY,High-value transaction consistent with normal historical account behavior,NONE,1,4,5,NORMAL,0.1166
L03_002155,351,TRANSFER,1578797.33,C1217156346,5262657.77,3683860.44,C1356953467,0.0,1578797.33,0,0,L03_00431,LEGITIMATE_HIGH_VALUE_HISTORY,High-value transaction consistent with normal historical account behavior,NONE,1,5,5,NORMAL,0.3
L03_002156,426,TRANSFER,342947.41,C1320811888,8503663.84,8160716.43,C1920278726,0.0,342947.41,0,0,L03_00432,LEGITIMATE_HIGH_VALUE_HISTORY,High-value transaction consistent with normal historical account behavior,NONE,1,1,5,NORMAL,0.0403
L03_002157,477,TRANSFER,743680.71,C1320811888,8160716.43,7417035.72,C1920278726,0.0,743680.71,0,0,L03_00432,LEGITIMATE_HIGH_VALUE_HISTORY,High-value transaction consistent with normal historical account behavior,NONE,1,2,5,NORMAL,0.0911
L03_002158,503,TRANSFER,761459.97,C1320811888,7417035.72,6655575.75,C1920278726,0.0,761459.97,0,0,L03_00432,LEGITIMATE_HIGH_VALUE_HISTORY,High-value transaction consistent with normal historical account behavior,NONE,1,3,5,NORMAL,0.1027
L03_002159,552,TRANSFER,811136.13,C1320811888,6655575.75,5844439.62,C1920278726,0.0,811136.13,0,0,L03_00432,LEGITIMATE_HIGH_VALUE_HISTORY,High-value transaction consistent with normal historical account behavior,NONE,1,4,5,NORMAL,0.1219
L03_002160,608,TRANSFER,1753331.89,C1320811888,5844439.62,4091107.74,C1920278726,0.0,1753331.89,0,0,L03_00432,LEGITIMATE_HIGH_VALUE_HISTORY,High-value transaction consistent with normal historical account behavior,NONE,1,5,5,NORMAL,0.3
L03_002161,336,TRANSFER,457657.37,C590489295,17717902.23,17260244.86,C1393533512,0.0,457657.37,0,0,L03_00433,LEGITIMATE_HIGH_VALUE_HISTORY,High-value transaction consistent with normal historical account behavior,NONE,1,1,5,NORMAL,0.0258
L03_002162,385,TRANSFER,394267.87,C590489295,17260244.86,16865976.99,C1393533512,0.0,394267.87,0,0,L03_00433,LEGITIMATE_HIGH_VALUE_HISTORY,High-value transaction consistent with normal historical account behavior,NONE,1,2,5,NORMAL,0.0228
L03_002163,422,TRANSFER,551565.31,C590489295,16865976.99,16314411.68,C1393533512,0.0,551565.31,0,0,L03_00433,LEGITIMATE_HIGH_VALUE_HISTORY,High-value transaction consistent with normal historical account behavior,NONE,1,3,5,NORMAL,0.0327
L03_002164,458,TRANSFER,408444.27,C590489295,16314411.68,15905967.41,C1393533512,0.0,408444.27,0,0,L03_00433,LEGITIMATE_HIGH_VALUE_HISTORY,High-value transaction consistent with normal historical account behavior,NONE,1,4,5,NORMAL,0.025
L03_002165,505,TRANSFER,4771790.22,C590489295,15905967.41,11134177.19,C1393533512,0.0,4771790.22,0,0,L03_00433,LEGITIMATE_HIGH_VALUE_HISTORY,High-value transaction consistent with normal historical account behavior,NONE,1,5,5,NORMAL,0.3
L03_002166,360,TRANSFER,527288.92,C611634421,8309636.73,7782347.81,C1865820651,0.0,527288.92,0,0,L03_00434,LEGITIMATE_HIGH_VALUE_HISTORY,High-value transaction consistent with normal historical account behavior,NONE,1,1,5,NORMAL,0.0635
L03_002167,382,TRANSFER,671900.95,C611634421,7782347.81,7110446.86,C1865820651,0.0,671900.95,0,0,L03_00434,LEGITIMATE_HIGH_VALUE_HISTORY,High-value transaction consistent with normal historical account behavior,NONE,1,2,5,NORMAL,0.0863
L03_002168,421,TRANSFER,648695.71,C611634421,7110446.86,6461751.15,C1865820651,0.0,648695.71,0,0,L03_00434,LEGITIMATE_HIGH_VALUE_HISTORY,High-value transaction consistent with normal historical account behavior,NONE,1,3,5,NORMAL,0.0912
L03_002169,439,TRANSFER,359916.81,C611634421,6461751.15,6101834.34,C1865820651,0.0,359916.81,0,0,L03_00434,LEGITIMATE_HIGH_VALUE_HISTORY,High-value transaction consistent with normal historical account behavior,NONE,1,4,5,NORMAL,0.0557
L03_002170,492,TRANSFER,1830550.3,C611634421,6101834.34,4271284.04,C1865820651,0.0,1830550.3,0,0,L03_00434,LEGITIMATE_HIGH_VALUE_HISTORY,High-value transaction consistent with normal historical account behavior,NONE,1,5,5,NORMAL,0.3
L03_002171,530,TRANSFER,748427.13,C1947042102,8498418.04,7749990.92,C564536748,0.0,748427.13,0,0,L03_00435,LEGITIMATE_HIGH_VALUE_HISTORY,High-value transaction consistent with normal historical account behavior,NONE,1,1,5,NORMAL,0.0881
L03_002172,571,TRANSFER,338266.38,C1947042102,7749990.92,7411724.54,C564536748,0.0,338266.38,0,0,L03_00435,LEGITIMATE_HIGH_VALUE_HISTORY,High-value transaction consistent with normal historical account behavior,NONE,1,2,5,NORMAL,0.0436
L03_002173,595,TRANSFER,330009.32,C1947042102,7411724.54,7081715.21,C564536748,0.0,330009.32,0,0,L03_00435,LEGITIMATE_HIGH_VALUE_HISTORY,High-value transaction consistent with normal historical account behavior,NONE,1,3,5,NORMAL,0.0445
L03_002174,632,TRANSFER,656835.62,C1947042102,7081715.21,6424879.59,C564536748,0.0,656835.62,0,0,L03_00435,LEGITIMATE_HIGH_VALUE_HISTORY,High-value transaction consistent with normal historical account behavior,NONE,1,4,5,NORMAL,0.0928
L03_002175,651,TRANSFER,1927463.88,C1947042102,6424879.59,4497415.72,C564536748,0.0,1927463.88,0,0,L03_00435,LEGITIMATE_HIGH_VALUE_HISTORY,High-value transaction consistent with normal historical account behavior,NONE,1,5,5,NORMAL,0.3
L03_002176,344,TRANSFER,420171.15,C97892189,9282301.89,8862130.74,C1274670427,0.0,420171.15,0,0,L03_00436,LEGITIMATE_HIGH_VALUE_HISTORY,High-value transaction consistent with normal historical account behavior,NONE,1,1,5,NORMAL,0.0453
L03_002177,386,TRANSFER,367349.18,C97892189,8862130.74,8494781.56,C1274670427,0.0,367349.18,0,0,L03_00436,LEGITIMATE_HIGH_VALUE_HISTORY,High-value transaction consistent with normal historical account behavior,NONE,1,2,5,NORMAL,0.0415
L03_002178,406,TRANSFER,548160.89,C97892189,8494781.56,7946620.67,C1274670427,0.0,548160.89,0,0,L03_00436,LEGITIMATE_HIGH_VALUE_HISTORY,High-value transaction consistent with normal historical account behavior,NONE,1,3,5,NORMAL,0.0645
L03_002179,437,TRANSFER,594971.52,C97892189,7946620.67,7351649.15,C1274670427,0.0,594971.52,0,0,L03_00436,LEGITIMATE_HIGH_VALUE_HISTORY,High-value transaction consistent with normal historical account behavior,NONE,1,4,5,NORMAL,0.0749
L03_002180,466,TRANSFER,2205494.75,C97892189,7351649.15,5146154.41,C1274670427,0.0,2205494.75,0,0,L03_00436,LEGITIMATE_HIGH_VALUE_HISTORY,High-value transaction consistent with normal historical account behavior,NONE,1,5,5,NORMAL,0.3
L03_002181,315,TRANSFER,632534.63,C1137604162,9902192.65,9269658.02,C1653497755,0.0,632534.63,0,0,L03_00437,LEGITIMATE_HIGH_VALUE_HISTORY,High-value transaction consistent with normal historical account behavior,NONE,1,1,5,NORMAL,0.0639
L03_002182,369,TRANSFER,537623.96,C1137604162,9269658.02,8732034.06,C1653497755,0.0,537623.96,0,0,L03_00437,LEGITIMATE_HIGH_VALUE_HISTORY,High-value transaction consistent with normal historical account behavior,NONE,1,2,5,NORMAL,0.058
L03_002183,403,TRANSFER,441054.36,C1137604162,8732034.06,8290979.7,C1653497755,0.0,441054.36,0,0,L03_00437,LEGITIMATE_HIGH_VALUE_HISTORY,High-value transaction consistent with normal historical account behavior,NONE,1,3,5,NORMAL,0.0505
L03_002184,448,TRANSFER,729826.98,C1137604162,8290979.7,7561152.72,C1653497755,0.0,729826.98,0,0,L03_00437,LEGITIMATE_HIGH_VALUE_HISTORY,High-value transaction consistent with normal historical account behavior,NONE,1,4,5,NORMAL,0.088
L03_002185,470,TRANSFER,2268345.82,C1137604162,7561152.72,5292806.91,C1653497755,0.0,2268345.82,0,0,L03_00437,LEGITIMATE_HIGH_VALUE_HISTORY,High-value transaction consistent with normal historical account behavior,NONE,1,5,5,NORMAL,0.3
L03_002186,412,TRANSFER,752107.81,C951989942,7555436.72,6803328.91,C2034088711,0.0,752107.81,0,0,L03_00438,LEGITIMATE_HIGH_VALUE_HISTORY,High-value transaction consistent with normal historical account behavior,NONE,1,1,5,NORMAL,0.0995
L03_002187,462,TRANSFER,599337.16,C951989942,6803328.91,6203991.75,C2034088711,0.0,599337.16,0,0,L03_00438,LEGITIMATE_HIGH_VALUE_HISTORY,High-value transaction consistent with normal historical account behavior,NONE,1,2,5,NORMAL,0.0881
L03_002188,518,TRANSFER,359405.36,C951989942,6203991.75,5844586.39,C2034088711,0.0,359405.36,0,0,L03_00438,LEGITIMATE_HIGH_VALUE_HISTORY,High-value transaction consistent with normal historical account behavior,NONE,1,3,5,NORMAL,0.0579
L03_002189,542,TRANSFER,539573.5,C951989942,5844586.39,5305012.89,C2034088711,0.0,539573.5,0,0,L03_00438,LEGITIMATE_HIGH_VALUE_HISTORY,High-value transaction consistent with normal historical account behavior,NONE,1,4,5,NORMAL,0.0923
L03_002190,593,TRANSFER,1591503.87,C951989942,5305012.89,3713509.02,C2034088711,0.0,1591503.87,0,0,L03_00438,LEGITIMATE_HIGH_VALUE_HISTORY,High-value transaction consistent with normal historical account behavior,NONE,1,5,5,NORMAL,0.3
L03_002191,611,TRANSFER,781801.32,C620180774,8554782.6,7772981.28,C1105659245,0.0,781801.32,0,0,L03_00439,LEGITIMATE_HIGH_VALUE_HISTORY,High-value transaction consistent with normal historical account behavior,NONE,1,1,5,NORMAL,0.0914
L03_002192,630,TRANSFER,644127.48,C620180774,7772981.28,7128853.8,C1105659245,0.0,644127.48,0,0,L03_00439,LEGITIMATE_HIGH_VALUE_HISTORY,High-value transaction consistent with normal historical account behavior,NONE,1,2,5,NORMAL,0.0829
L03_002193,665,TRANSFER,838975.96,C620180774,7128853.8,6289877.84,C1105659245,0.0,838975.96,0,0,L03_00439,LEGITIMATE_HIGH_VALUE_HISTORY,High-value transaction consistent with normal historical account behavior,NONE,1,3,5,NORMAL,0.1177
L03_002194,685,TRANSFER,750193.53,C620180774,6289877.84,5539684.31,C1105659245,0.0,750193.53,0,0,L03_00439,LEGITIMATE_HIGH_VALUE_HISTORY,High-value transaction consistent with normal historical account behavior,NONE,1,4,5,NORMAL,0.1193
L03_002195,744,TRANSFER,1661905.29,C620180774,5539684.31,3877779.02,C1105659245,0.0,1661905.29,0,0,L03_00439,LEGITIMATE_HIGH_VALUE_HISTORY,High-value transaction consistent with normal historical account behavior,NONE,1,5,5,NORMAL,0.3
L03_002196,175,TRANSFER,344277.12,C868245264,9035650.2,8691373.08,C927654211,0.0,344277.12,0,0,L03_00440,LEGITIMATE_HIGH_VALUE_HISTORY,High-value transaction consistent with normal historical account behavior,NONE,1,1,5,NORMAL,0.0381
L03_002197,222,TRANSFER,734659.1,C868245264,8691373.08,7956713.98,C927654211,0.0,734659.1,0,0,L03_00440,LEGITIMATE_HIGH_VALUE_HISTORY,High-value transaction consistent with normal historical account behavior,NONE,1,2,5,NORMAL,0.0845
L03_002198,249,TRANSFER,662317.38,C868245264,7956713.98,7294396.6,C927654211,0.0,662317.38,0,0,L03_00440,LEGITIMATE_HIGH_VALUE_HISTORY,High-value transaction consistent with normal historical account behavior,NONE,1,3,5,NORMAL,0.0832
L03_002199,273,TRANSFER,743862.89,C868245264,7294396.6,6550533.71,C927654211,0.0,743862.89,0,0,L03_00440,LEGITIMATE_HIGH_VALUE_HISTORY,High-value transaction consistent with normal historical account behavior,NONE,1,4,5,NORMAL,0.102
L03_002200,324,TRANSFER,1965160.11,C868245264,6550533.71,4585373.6,C927654211,0.0,1965160.11,0,0,L03_00440,LEGITIMATE_HIGH_VALUE_HISTORY,High-value transaction consistent with normal historical account behavior,NONE,1,5,5,NORMAL,0.3
L03_002201,188,TRANSFER,684761.81,C1604666538,10940102.55,10255340.74,C1365750193,0.0,684761.81,0,0,L03_00441,LEGITIMATE_HIGH_VALUE_HISTORY,High-value transaction consistent with normal historical account behavior,NONE,1,1,5,NORMAL,0.0626
L03_002202,211,TRANSFER,630096.28,C1604666538,10255340.74,9625244.46,C1365750193,0.0,630096.28,0,0,L03_00441,LEGITIMATE_HIGH_VALUE_HISTORY,High-value transaction consistent with normal historical account behavior,NONE,1,2,5,NORMAL,0.0614
L03_002203,268,TRANSFER,799869.13,C1604666538,9625244.46,8825375.33,C1365750193,0.0,799869.13,0,0,L03_00441,LEGITIMATE_HIGH_VALUE_HISTORY,High-value transaction consistent with normal historical account behavior,NONE,1,3,5,NORMAL,0.0831
L03_002204,292,TRANSFER,707464.0,C1604666538,8825375.33,8117911.33,C1365750193,0.0,707464.0,0,0,L03_00441,LEGITIMATE_HIGH_VALUE_HISTORY,High-value transaction consistent with normal historical account behavior,NONE,1,4,5,NORMAL,0.0802
L03_002205,329,TRANSFER,2435373.4,C1604666538,8117911.33,5682537.93,C1365750193,0.0,2435373.4,0,0,L03_00441,LEGITIMATE_HIGH_VALUE_HISTORY,High-value transaction consistent with normal historical account behavior,NONE,1,5,5,NORMAL,0.3
L03_002206,543,TRANSFER,801461.35,C1033192563,10672337.83,9870876.48,C1010605974,0.0,801461.35,0,0,L03_00442,LEGITIMATE_HIGH_VALUE_HISTORY,High-value transaction consistent with normal historical account behavior,NONE,1,1,5,NORMAL,0.0751
L03_002207,573,TRANSFER,367436.18,C1033192563,9870876.48,9503440.3,C1010605974,0.0,367436.18,0,0,L03_00442,LEGITIMATE_HIGH_VALUE_HISTORY,High-value transaction consistent with normal historical account behavior,NONE,1,2,5,NORMAL,0.0372
L03_002208,597,TRANSFER,484799.27,C1033192563,9503440.3,9018641.04,C1010605974,0.0,484799.27,0,0,L03_00442,LEGITIMATE_HIGH_VALUE_HISTORY,High-value transaction consistent with normal historical account behavior,NONE,1,3,5,NORMAL,0.051
L03_002209,655,TRANSFER,824429.54,C1033192563,9018641.04,8194211.5,C1010605974,0.0,824429.54,0,0,L03_00442,LEGITIMATE_HIGH_VALUE_HISTORY,High-value transaction consistent with normal historical account behavior,NONE,1,4,5,NORMAL,0.0914
L03_002210,705,TRANSFER,2458263.45,C1033192563,8194211.5,5735948.05,C1010605974,0.0,2458263.45,0,0,L03_00442,LEGITIMATE_HIGH_VALUE_HISTORY,High-value transaction consistent with normal historical account behavior,NONE,1,5,5,NORMAL,0.3
L03_002211,330,TRANSFER,597061.92,C304925516,14678068.88,14081006.96,C1176879193,0.0,597061.92,0,0,L03_00443,LEGITIMATE_HIGH_VALUE_HISTORY,High-value transaction consistent with normal historical account behavior,NONE,1,1,5,NORMAL,0.0407
L03_002212,390,TRANSFER,457647.52,C304925516,14081006.96,13623359.44,C1176879193,0.0,457647.52,0,0,L03_00443,LEGITIMATE_HIGH_VALUE_HISTORY,High-value transaction consistent with normal historical account behavior,NONE,1,2,5,NORMAL,0.0325
L03_002213,429,TRANSFER,367201.43,C304925516,13623359.44,13256158.01,C1176879193,0.0,367201.43,0,0,L03_00443,LEGITIMATE_HIGH_VALUE_HISTORY,High-value transaction consistent with normal historical account behavior,NONE,1,3,5,NORMAL,0.027
L03_002214,483,TRANSFER,616926.59,C304925516,13256158.01,12639231.42,C1176879193,0.0,616926.59,0,0,L03_00443,LEGITIMATE_HIGH_VALUE_HISTORY,High-value transaction consistent with normal historical account behavior,NONE,1,4,5,NORMAL,0.0465
L03_002215,520,TRANSFER,3791769.42,C304925516,12639231.42,8847461.99,C1176879193,0.0,3791769.42,0,0,L03_00443,LEGITIMATE_HIGH_VALUE_HISTORY,High-value transaction consistent with normal historical account behavior,NONE,1,5,5,NORMAL,0.3
L03_002216,404,TRANSFER,321013.67,C1348932337,7110166.29,6789152.62,C1314563886,0.0,321013.67,0,0,L03_00444,LEGITIMATE_HIGH_VALUE_HISTORY,High-value transaction consistent with normal historical account behavior,NONE,1,1,5,NORMAL,0.0451
L03_002217,455,TRANSFER,374060.14,C1348932337,6789152.62,6415092.48,C1314563886,0.0,374060.14,0,0,L03_00444,LEGITIMATE_HIGH_VALUE_HISTORY,High-value transaction consistent with normal historical account behavior,NONE,1,2,5,NORMAL,0.0551
L03_002218,473,TRANSFER,712311.59,C1348932337,6415092.48,5702780.89,C1314563886,0.0,712311.59,0,0,L03_00444,LEGITIMATE_HIGH_VALUE_HISTORY,High-value transaction consistent with normal historical account behavior,NONE,1,3,5,NORMAL,0.111
L03_002219,524,TRANSFER,380851.74,C1348932337,5702780.89,5321929.15,C1314563886,0.0,380851.74,0,0,L03_00444,LEGITIMATE_HIGH_VALUE_HISTORY,High-value transaction consistent with normal historical account behavior,NONE,1,4,5,NORMAL,0.0668
L03_002220,550,TRANSFER,1596578.75,C1348932337,5321929.15,3725350.41,C1314563886,0.0,1596578.75,0,0,L03_00444,LEGITIMATE_HIGH_VALUE_HISTORY,High-value transaction consistent with normal historical account behavior,NONE,1,5,5,NORMAL,0.3
L03_002221,391,TRANSFER,704150.33,C465147919,12378737.65,11674587.32,C727137885,0.0,704150.33,0,0,L03_00445,LEGITIMATE_HIGH_VALUE_HISTORY,High-value transaction consistent with normal historical account behavior,NONE,1,1,5,NORMAL,0.0569
L03_002222,435,TRANSFER,475193.62,C465147919,11674587.32,11199393.71,C727137885,0.0,475193.62,0,0,L03_00445,LEGITIMATE_HIGH_VALUE_HISTORY,High-value transaction consistent with normal historical account behavior,NONE,1,2,5,NORMAL,0.0407
L03_002223,451,TRANSFER,419928.44,C465147919,11199393.71,10779465.27,C727137885,0.0,419928.44,0,0,L03_00445,LEGITIMATE_HIGH_VALUE_HISTORY,High-value transaction consistent with normal historical account behavior,NONE,1,3,5,NORMAL,0.0375
L03_002224,478,TRANSFER,802154.67,C465147919,10779465.27,9977310.6,C727137885,0.0,802154.67,0,0,L03_00445,LEGITIMATE_HIGH_VALUE_HISTORY,High-value transaction consistent with normal historical account behavior,NONE,1,4,5,NORMAL,0.0744
L03_002225,526,TRANSFER,2993193.18,C465147919,9977310.6,6984117.42,C727137885,0.0,2993193.18,0,0,L03_00445,LEGITIMATE_HIGH_VALUE_HISTORY,High-value transaction consistent with normal historical account behavior,NONE,1,5,5,NORMAL,0.3
L03_002226,338,TRANSFER,577454.56,C1507081216,18136749.41,17559294.85,C1597201839,0.0,577454.56,0,0,L03_00446,LEGITIMATE_HIGH_VALUE_HISTORY,High-value transaction consistent with normal historical account behavior,NONE,1,1,5,NORMAL,0.0318
L03_002227,386,TRANSFER,331884.99,C1507081216,17559294.85,17227409.86,C1597201839,0.0,331884.99,0,0,L03_00446,LEGITIMATE_HIGH_VALUE_HISTORY,High-value transaction consistent with normal historical account behavior,NONE,1,2,5,NORMAL,0.0189
L03_002228,412,TRANSFER,436178.16,C1507081216,17227409.86,16791231.7,C1597201839,0.0,436178.16,0,0,L03_00446,LEGITIMATE_HIGH_VALUE_HISTORY,High-value transaction consistent with normal historical account behavior,NONE,1,3,5,NORMAL,0.0253
L03_002229,450,TRANSFER,814090.08,C1507081216,16791231.7,15977141.62,C1597201839,0.0,814090.08,0,0,L03_00446,LEGITIMATE_HIGH_VALUE_HISTORY,High-value transaction consistent with normal historical account behavior,NONE,1,4,5,NORMAL,0.0485
L03_002230,481,TRANSFER,4793142.48,C1507081216,15977141.62,11183999.13,C1597201839,0.0,4793142.48,0,0,L03_00446,LEGITIMATE_HIGH_VALUE_HISTORY,High-value transaction consistent with normal historical account behavior,NONE,1,5,5,NORMAL,0.3
L03_002231,399,TRANSFER,764317.49,C2118928898,9577068.67,8812751.18,C1014935920,0.0,764317.49,0,0,L03_00447,LEGITIMATE_HIGH_VALUE_HISTORY,High-value transaction consistent with normal historical account behavior,NONE,1,1,5,NORMAL,0.0798
L03_002232,414,TRANSFER,688329.29,C2118928898,8812751.18,8124421.89,C1014935920,0.0,688329.29,0,0,L03_00447,LEGITIMATE_HIGH_VALUE_HISTORY,High-value transaction consistent with normal historical account behavior,NONE,1,2,5,NORMAL,0.0781
L03_002233,429,TRANSFER,725370.94,C2118928898,8124421.89,7399050.95,C1014935920,0.0,725370.94,0,0,L03_00447,LEGITIMATE_HIGH_VALUE_HISTORY,High-value transaction consistent with normal historical account behavior,NONE,1,3,5,NORMAL,0.0893
L03_002234,446,TRANSFER,588313.8,C2118928898,7399050.95,6810737.15,C1014935920,0.0,588313.8,0,0,L03_00447,LEGITIMATE_HIGH_VALUE_HISTORY,High-value transaction consistent with normal historical account behavior,NONE,1,4,5,NORMAL,0.0795
L03_002235,492,TRANSFER,2043221.15,C2118928898,6810737.15,4767516.01,C1014935920,0.0,2043221.15,0,0,L03_00447,LEGITIMATE_HIGH_VALUE_HISTORY,High-value transaction consistent with normal historical account behavior,NONE,1,5,5,NORMAL,0.3
L03_002236,417,TRANSFER,788845.21,C1646870482,8992248.96,8203403.75,C301648379,0.0,788845.21,0,0,L03_00448,LEGITIMATE_HIGH_VALUE_HISTORY,High-value transaction consistent with normal historical account behavior,NONE,1,1,5,NORMAL,0.0877
L03_002237,469,TRANSFER,530848.61,C1646870482,8203403.75,7672555.14,C301648379,0.0,530848.61,0,0,L03_00448,LEGITIMATE_HIGH_VALUE_HISTORY,High-value transaction consistent with normal historical account behavior,NONE,1,2,5,NORMAL,0.0647
L03_002238,490,TRANSFER,530777.71,C1646870482,7672555.14,7141777.43,C301648379,0.0,530777.71,0,0,L03_00448,LEGITIMATE_HIGH_VALUE_HISTORY,High-value transaction consistent with normal historical account behavior,NONE,1,3,5,NORMAL,0.0692
L03_002239,507,TRANSFER,812236.8,C1646870482,7141777.43,6329540.63,C301648379,0.0,812236.8,0,0,L03_00448,LEGITIMATE_HIGH_VALUE_HISTORY,High-value transaction consistent with normal historical account behavior,NONE,1,4,5,NORMAL,0.1137
L03_002240,541,TRANSFER,1898862.19,C1646870482,6329540.63,4430678.44,C301648379,0.0,1898862.19,0,0,L03_00448,LEGITIMATE_HIGH_VALUE_HISTORY,High-value transaction consistent with normal historical account behavior,NONE,1,5,5,NORMAL,0.3
L03_002241,323,TRANSFER,411606.18,C1588841329,11121318.77,10709712.59,C99957529,0.0,411606.18,0,0,L03_00449,LEGITIMATE_HIGH_VALUE_HISTORY,High-value transaction consistent with normal historical account behavior,NONE,1,1,5,NORMAL,0.037
L03_002242,375,TRANSFER,446748.73,C1588841329,10709712.59,10262963.86,C99957529,0.0,446748.73,0,0,L03_00449,LEGITIMATE_HIGH_VALUE_HISTORY,High-value transaction consistent with normal historical account behavior,NONE,1,2,5,NORMAL,0.0417
L03_002243,426,TRANSFER,407130.59,C1588841329,10262963.86,9855833.27,C99957529,0.0,407130.59,0,0,L03_00449,LEGITIMATE_HIGH_VALUE_HISTORY,High-value transaction consistent with normal historical account behavior,NONE,1,3,5,NORMAL,0.0397
L03_002244,474,TRANSFER,511407.01,C1588841329,9855833.27,9344426.26,C99957529,0.0,511407.01,0,0,L03_00449,LEGITIMATE_HIGH_VALUE_HISTORY,High-value transaction consistent with normal historical account behavior,NONE,1,4,5,NORMAL,0.0519
L03_002245,524,TRANSFER,2803327.88,C1588841329,9344426.26,6541098.38,C99957529,0.0,2803327.88,0,0,L03_00449,LEGITIMATE_HIGH_VALUE_HISTORY,High-value transaction consistent with normal historical account behavior,NONE,1,5,5,NORMAL,0.3
L03_002246,406,TRANSFER,789871.89,C1200372274,11556869.47,10766997.58,C2098321728,0.0,789871.89,0,0,L03_00450,LEGITIMATE_HIGH_VALUE_HISTORY,High-value transaction consistent with normal historical account behavior,NONE,1,1,5,NORMAL,0.0683
L03_002247,456,TRANSFER,563204.34,C1200372274,10766997.58,10203793.24,C2098321728,0.0,563204.34,0,0,L03_00450,LEGITIMATE_HIGH_VALUE_HISTORY,High-value transaction consistent with normal historical account behavior,NONE,1,2,5,NORMAL,0.0523
L03_002248,509,TRANSFER,558553.25,C1200372274,10203793.24,9645239.99,C2098321728,0.0,558553.25,0,0,L03_00450,LEGITIMATE_HIGH_VALUE_HISTORY,High-value transaction consistent with normal historical account behavior,NONE,1,3,5,NORMAL,0.0547
L03_002249,552,TRANSFER,524276.4,C1200372274,9645239.99,9120963.59,C2098321728,0.0,524276.4,0,0,L03_00450,LEGITIMATE_HIGH_VALUE_HISTORY,High-value transaction consistent with normal historical account behavior,NONE,1,4,5,NORMAL,0.0544
L03_002250,578,TRANSFER,2736289.08,C1200372274,9120963.59,6384674.52,C2098321728,0.0,2736289.08,0,0,L03_00450,LEGITIMATE_HIGH_VALUE_HISTORY,High-value transaction consistent with normal historical account behavior,NONE,1,5,5,NORMAL,0.3
L03_002251,201,TRANSFER,613754.28,C999049329,9331354.04,8717599.76,C692081404,0.0,613754.28,0,0,L03_00451,LEGITIMATE_HIGH_VALUE_HISTORY,High-value transaction consistent with normal historical account behavior,NONE,1,1,5,NORMAL,0.0658
L03_002252,243,TRANSFER,729127.1,C999049329,8717599.76,7988472.66,C692081404,0.0,729127.1,0,0,L03_00451,LEGITIMATE_HIGH_VALUE_HISTORY,High-value transaction consistent with normal historical account behavior,NONE,1,2,5,NORMAL,0.0836
L03_002253,261,TRANSFER,587206.15,C999049329,7988472.66,7401266.51,C692081404,0.0,587206.15,0,0,L03_00451,LEGITIMATE_HIGH_VALUE_HISTORY,High-value transaction consistent with normal historical account behavior,NONE,1,3,5,NORMAL,0.0735
L03_002254,301,TRANSFER,502820.86,C999049329,7401266.51,6898445.65,C692081404,0.0,502820.86,0,0,L03_00451,LEGITIMATE_HIGH_VALUE_HISTORY,High-value transaction consistent with normal historical account behavior,NONE,1,4,5,NORMAL,0.0679
L03_002255,336,TRANSFER,2069533.69,C999049329,6898445.65,4828911.95,C692081404,0.0,2069533.69,0,0,L03_00451,LEGITIMATE_HIGH_VALUE_HISTORY,High-value transaction consistent with normal historical account behavior,NONE,1,5,5,NORMAL,0.3
L03_002256,396,TRANSFER,522830.69,C470829772,15354798.75,14831968.06,C1155337528,0.0,522830.69,0,0,L03_00452,LEGITIMATE_HIGH_VALUE_HISTORY,High-value transaction consistent with normal historical account behavior,NONE,1,1,5,NORMAL,0.034
L03_002257,430,TRANSFER,640779.43,C470829772,14831968.06,14191188.63,C1155337528,0.0,640779.43,0,0,L03_00452,LEGITIMATE_HIGH_VALUE_HISTORY,High-value transaction consistent with normal historical account behavior,NONE,1,2,5,NORMAL,0.0432
L03_002258,472,TRANSFER,585979.78,C470829772,14191188.63,13605208.85,C1155337528,0.0,585979.78,0,0,L03_00452,LEGITIMATE_HIGH_VALUE_HISTORY,High-value transaction consistent with normal historical account behavior,NONE,1,3,5,NORMAL,0.0413
L03_002259,524,TRANSFER,508575.65,C470829772,13605208.85,13096633.2,C1155337528,0.0,508575.65,0,0,L03_00452,LEGITIMATE_HIGH_VALUE_HISTORY,High-value transaction consistent with normal historical account behavior,NONE,1,4,5,NORMAL,0.0374
L03_002260,552,TRANSFER,3928989.96,C470829772,13096633.2,9167643.24,C1155337528,0.0,3928989.96,0,0,L03_00452,LEGITIMATE_HIGH_VALUE_HISTORY,High-value transaction consistent with normal historical account behavior,NONE,1,5,5,NORMAL,0.3
L03_002261,323,TRANSFER,440400.02,C1631045730,18474003.43,18033603.42,C464345779,0.0,440400.02,0,0,L03_00453,LEGITIMATE_HIGH_VALUE_HISTORY,High-value transaction consistent with normal historical account behavior,NONE,1,1,5,NORMAL,0.0238
L03_002262,362,TRANSFER,715046.98,C1631045730,18033603.42,17318556.43,C464345779,0.0,715046.98,0,0,L03_00453,LEGITIMATE_HIGH_VALUE_HISTORY,High-value transaction consistent with normal historical account behavior,NONE,1,2,5,NORMAL,0.0397
L03_002263,421,TRANSFER,699146.21,C1631045730,17318556.43,16619410.22,C464345779,0.0,699146.21,0,0,L03_00453,LEGITIMATE_HIGH_VALUE_HISTORY,High-value transaction consistent with normal historical account behavior,NONE,1,3,5,NORMAL,0.0404
L03_002264,477,TRANSFER,461409.08,C1631045730,16619410.22,16158001.14,C464345779,0.0,461409.08,0,0,L03_00453,LEGITIMATE_HIGH_VALUE_HISTORY,High-value transaction consistent with normal historical account behavior,NONE,1,4,5,NORMAL,0.0278
L03_002265,511,TRANSFER,4847400.34,C1631045730,16158001.14,11310600.8,C464345779,0.0,4847400.34,0,0,L03_00453,LEGITIMATE_HIGH_VALUE_HISTORY,High-value transaction consistent with normal historical account behavior,NONE,1,5,5,NORMAL,0.3
L03_002266,350,TRANSFER,658428.24,C1824292310,15939488.55,15281060.31,C730350455,0.0,658428.24,0,0,L03_00454,LEGITIMATE_HIGH_VALUE_HISTORY,High-value transaction consistent with normal historical account behavior,NONE,1,1,5,NORMAL,0.0413
L03_002267,378,TRANSFER,623264.26,C1824292310,15281060.31,14657796.05,C730350455,0.0,623264.26,0,0,L03_00454,LEGITIMATE_HIGH_VALUE_HISTORY,High-value transaction consistent with normal historical account behavior,NONE,1,2,5,NORMAL,0.0408
L03_002268,438,TRANSFER,509714.7,C1824292310,14657796.05,14148081.35,C730350455,0.0,509714.7,0,0,L03_00454,LEGITIMATE_HIGH_VALUE_HISTORY,High-value transaction consistent with normal historical account behavior,NONE,1,3,5,NORMAL,0.0348
L03_002269,466,TRANSFER,780640.3,C1824292310,14148081.35,13367441.05,C730350455,0.0,780640.3,0,0,L03_00454,LEGITIMATE_HIGH_VALUE_HISTORY,High-value transaction consistent with normal historical account behavior,NONE,1,4,5,NORMAL,0.0552
L03_002270,489,TRANSFER,4010232.31,C1824292310,13367441.05,9357208.73,C730350455,0.0,4010232.31,0,0,L03_00454,LEGITIMATE_HIGH_VALUE_HISTORY,High-value transaction consistent with normal historical account behavior,NONE,1,5,5,NORMAL,0.3
L03_002271,369,TRANSFER,747421.4,C410243286,11993197.2,11245775.8,C893663718,0.0,747421.4,0,0,L03_00455,LEGITIMATE_HIGH_VALUE_HISTORY,High-value transaction consistent with normal historical account behavior,NONE,1,1,5,NORMAL,0.0623
L03_002272,391,TRANSFER,814347.18,C410243286,11245775.8,10431428.62,C893663718,0.0,814347.18,0,0,L03_00455,LEGITIMATE_HIGH_VALUE_HISTORY,High-value transaction consistent with normal historical account behavior,NONE,1,2,5,NORMAL,0.0724
L03_002273,437,TRANSFER,869864.87,C410243286,10431428.62,9561563.75,C893663718,0.0,869864.87,0,0,L03_00455,LEGITIMATE_HIGH_VALUE_HISTORY,High-value transaction consistent with normal historical account behavior,NONE,1,3,5,NORMAL,0.0834
L03_002274,473,TRANSFER,728529.55,C410243286,9561563.75,8833034.2,C893663718,0.0,728529.55,0,0,L03_00455,LEGITIMATE_HIGH_VALUE_HISTORY,High-value transaction consistent with normal historical account behavior,NONE,1,4,5,NORMAL,0.0762
L03_002275,517,TRANSFER,2649910.26,C410243286,8833034.2,6183123.94,C893663718,0.0,2649910.26,0,0,L03_00455,LEGITIMATE_HIGH_VALUE_HISTORY,High-value transaction consistent with normal historical account behavior,NONE,1,5,5,NORMAL,0.3
L03_002276,329,TRANSFER,695605.27,C1537858633,8026921.94,7331316.67,C1291634254,0.0,695605.27,0,0,L03_00456,LEGITIMATE_HIGH_VALUE_HISTORY,High-value transaction consistent with normal historical account behavior,NONE,1,1,5,NORMAL,0.0867
L03_002277,354,TRANSFER,532355.66,C1537858633,7331316.67,6798961.01,C1291634254,0.0,532355.66,0,0,L03_00456,LEGITIMATE_HIGH_VALUE_HISTORY,High-value transaction consistent with normal historical account behavior,NONE,1,2,5,NORMAL,0.0726
L03_002278,402,TRANSFER,670382.61,C1537858633,6798961.01,6128578.4,C1291634254,0.0,670382.61,0,0,L03_00456,LEGITIMATE_HIGH_VALUE_HISTORY,High-value transaction consistent with normal historical account behavior,NONE,1,3,5,NORMAL,0.0986
L03_002279,454,TRANSFER,339055.21,C1537858633,6128578.4,5789523.19,C1291634254,0.0,339055.21,0,0,L03_00456,LEGITIMATE_HIGH_VALUE_HISTORY,High-value transaction consistent with normal historical account behavior,NONE,1,4,5,NORMAL,0.0553
L03_002280,505,TRANSFER,1736856.96,C1537858633,5789523.19,4052666.23,C1291634254,0.0,1736856.96,0,0,L03_00456,LEGITIMATE_HIGH_VALUE_HISTORY,High-value transaction consistent with normal historical account behavior,NONE,1,5,5,NORMAL,0.3
L03_002281,350,TRANSFER,622522.92,C1387351988,19028340.63,18405817.71,C165786078,0.0,622522.92,0,0,L03_00457,LEGITIMATE_HIGH_VALUE_HISTORY,High-value transaction consistent with normal historical account behavior,NONE,1,1,5,NORMAL,0.0327
L03_002282,384,TRANSFER,507828.04,C1387351988,18405817.71,17897989.67,C165786078,0.0,507828.04,0,0,L03_00457,LEGITIMATE_HIGH_VALUE_HISTORY,High-value transaction consistent with normal historical account behavior,NONE,1,2,5,NORMAL,0.0276
L03_002283,403,TRANSFER,730364.43,C1387351988,17897989.67,17167625.24,C165786078,0.0,730364.43,0,0,L03_00457,LEGITIMATE_HIGH_VALUE_HISTORY,High-value transaction consistent with normal historical account behavior,NONE,1,3,5,NORMAL,0.0408
L03_002284,453,TRANSFER,824845.03,C1387351988,17167625.24,16342780.21,C165786078,0.0,824845.03,0,0,L03_00457,LEGITIMATE_HIGH_VALUE_HISTORY,High-value transaction consistent with normal historical account behavior,NONE,1,4,5,NORMAL,0.048
L03_002285,501,TRANSFER,4902834.06,C1387351988,16342780.21,11439946.15,C165786078,0.0,4902834.06,0,0,L03_00457,LEGITIMATE_HIGH_VALUE_HISTORY,High-value transaction consistent with normal historical account behavior,NONE,1,5,5,NORMAL,0.3
L03_002286,333,TRANSFER,425482.96,C1016304505,17505299.05,17079816.09,C970615377,0.0,425482.96,0,0,L03_00458,LEGITIMATE_HIGH_VALUE_HISTORY,High-value transaction consistent with normal historical account behavior,NONE,1,1,5,NORMAL,0.0243
L03_002287,386,TRANSFER,503973.14,C1016304505,17079816.09,16575842.95,C970615377,0.0,503973.14,0,0,L03_00458,LEGITIMATE_HIGH_VALUE_HISTORY,High-value transaction consistent with normal historical account behavior,NONE,1,2,5,NORMAL,0.0295
L03_002288,427,TRANSFER,326179.04,C1016304505,16575842.95,16249663.91,C970615377,0.0,326179.04,0,0,L03_00458,LEGITIMATE_HIGH_VALUE_HISTORY,High-value transaction consistent with normal historical account behavior,NONE,1,3,5,NORMAL,0.0197
L03_002289,464,TRANSFER,796615.26,C1016304505,16249663.91,15453048.65,C970615377,0.0,796615.26,0,0,L03_00458,LEGITIMATE_HIGH_VALUE_HISTORY,High-value transaction consistent with normal historical account behavior,NONE,1,4,5,NORMAL,0.049
L03_002290,480,TRANSFER,4635914.6,C1016304505,15453048.65,10817134.06,C970615377,0.0,4635914.6,0,0,L03_00458,LEGITIMATE_HIGH_VALUE_HISTORY,High-value transaction consistent with normal historical account behavior,NONE,1,5,5,NORMAL,0.3
L03_002291,364,TRANSFER,303149.1,C173802804,17952186.55,17649037.45,C218343521,0.0,303149.1,0,0,L03_00459,LEGITIMATE_HIGH_VALUE_HISTORY,High-value transaction consistent with normal historical account behavior,NONE,1,1,5,NORMAL,0.0169
L03_002292,389,TRANSFER,361616.22,C173802804,17649037.45,17287421.23,C218343521,0.0,361616.22,0,0,L03_00459,LEGITIMATE_HIGH_VALUE_HISTORY,High-value transaction consistent with normal historical account behavior,NONE,1,2,5,NORMAL,0.0205
L03_002293,445,TRANSFER,832565.99,C173802804,17287421.23,16454855.24,C218343521,0.0,832565.99,0,0,L03_00459,LEGITIMATE_HIGH_VALUE_HISTORY,High-value transaction consistent with normal historical account behavior,NONE,1,3,5,NORMAL,0.0482
L03_002294,473,TRANSFER,721955.0,C173802804,16454855.24,15732900.24,C218343521,0.0,721955.0,0,0,L03_00459,LEGITIMATE_HIGH_VALUE_HISTORY,High-value transaction consistent with normal historical account behavior,NONE,1,4,5,NORMAL,0.0439
L03_002295,488,TRANSFER,4719870.07,C173802804,15732900.24,11013030.17,C218343521,0.0,4719870.07,0,0,L03_00459,LEGITIMATE_HIGH_VALUE_HISTORY,High-value transaction consistent with normal historical account behavior,NONE,1,5,5,NORMAL,0.3
L03_002296,429,TRANSFER,340901.89,C648000651,10526098.75,10185196.86,C183491570,0.0,340901.89,0,0,L03_00460,LEGITIMATE_HIGH_VALUE_HISTORY,High-value transaction consistent with normal historical account behavior,NONE,1,1,5,NORMAL,0.0324
L03_002297,473,TRANSFER,335677.42,C648000651,10185196.86,9849519.44,C183491570,0.0,335677.42,0,0,L03_00460,LEGITIMATE_HIGH_VALUE_HISTORY,High-value transaction consistent with normal historical account behavior,NONE,1,2,5,NORMAL,0.033
L03_002298,501,TRANSFER,849678.62,C648000651,9849519.44,8999840.82,C183491570,0.0,849678.62,0,0,L03_00460,LEGITIMATE_HIGH_VALUE_HISTORY,High-value transaction consistent with normal historical account behavior,NONE,1,3,5,NORMAL,0.0863
L03_002299,535,TRANSFER,500552.52,C648000651,8999840.82,8499288.3,C183491570,0.0,500552.52,0,0,L03_00460,LEGITIMATE_HIGH_VALUE_HISTORY,High-value transaction consistent with normal historical account behavior,NONE,1,4,5,NORMAL,0.0556
L03_002300,573,TRANSFER,2549786.49,C648000651,8499288.3,5949501.81,C183491570,0.0,2549786.49,0,0,L03_00460,LEGITIMATE_HIGH_VALUE_HISTORY,High-value transaction consistent with normal historical account behavior,NONE,1,5,5,NORMAL,0.3
L03_002301,360,TRANSFER,746901.44,C2552895,18777158.8,18030257.36,C553162522,0.0,746901.44,0,0,L03_00461,LEGITIMATE_HIGH_VALUE_HISTORY,High-value transaction consistent with normal historical account behavior,NONE,1,1,5,NORMAL,0.0398
L03_002302,400,TRANSFER,775775.17,C2552895,18030257.36,17254482.19,C553162522,0.0,775775.17,0,0,L03_00461,LEGITIMATE_HIGH_VALUE_HISTORY,High-value transaction consistent with normal historical account behavior,NONE,1,2,5,NORMAL,0.043
L03_002303,446,TRANSFER,493100.31,C2552895,17254482.19,16761381.88,C553162522,0.0,493100.31,0,0,L03_00461,LEGITIMATE_HIGH_VALUE_HISTORY,High-value transaction consistent with normal historical account behavior,NONE,1,3,5,NORMAL,0.0286
L03_002304,483,TRANSFER,820309.1,C2552895,16761381.88,15941072.78,C553162522,0.0,820309.1,0,0,L03_00461,LEGITIMATE_HIGH_VALUE_HISTORY,High-value transaction consistent with normal historical account behavior,NONE,1,4,5,NORMAL,0.0489
L03_002305,528,TRANSFER,4782321.84,C2552895,15941072.78,11158750.95,C553162522,0.0,4782321.84,0,0,L03_00461,LEGITIMATE_HIGH_VALUE_HISTORY,High-value transaction consistent with normal historical account behavior,NONE,1,5,5,NORMAL,0.3
L03_002306,45,TRANSFER,695419.19,C812012253,9902404.0,9206984.81,C257761496,0.0,695419.19,0,0,L03_00462,LEGITIMATE_HIGH_VALUE_HISTORY,High-value transaction consistent with normal historical account behavior,NONE,1,1,5,NORMAL,0.0702
L03_002307,63,TRANSFER,733945.46,C812012253,9206984.81,8473039.36,C257761496,0.0,733945.46,0,0,L03_00462,LEGITIMATE_HIGH_VALUE_HISTORY,High-value transaction consistent with normal historical account behavior,NONE,1,2,5,NORMAL,0.0797
L03_002308,83,TRANSFER,854303.52,C812012253,8473039.36,7618735.84,C257761496,0.0,854303.52,0,0,L03_00462,LEGITIMATE_HIGH_VALUE_HISTORY,High-value transaction consistent with normal historical account behavior,NONE,1,3,5,NORMAL,0.1008
L03_002309,109,TRANSFER,406279.92,C812012253,7618735.84,7212455.92,C257761496,0.0,406279.92,0,0,L03_00462,LEGITIMATE_HIGH_VALUE_HISTORY,High-value transaction consistent with normal historical account behavior,NONE,1,4,5,NORMAL,0.0533
L03_002310,133,TRANSFER,2163736.77,C812012253,7212455.92,5048719.14,C257761496,0.0,2163736.77,0,0,L03_00462,LEGITIMATE_HIGH_VALUE_HISTORY,High-value transaction consistent with normal historical account behavior,NONE,1,5,5,NORMAL,0.3
L03_002311,335,TRANSFER,717772.15,C1434756942,18007697.07,17289924.92,C766998626,0.0,717772.15,0,0,L03_00463,LEGITIMATE_HIGH_VALUE_HISTORY,High-value transaction consistent with normal historical account behavior,NONE,1,1,5,NORMAL,0.0399
L03_002312,389,TRANSFER,493384.4,C1434756942,17289924.92,16796540.52,C766998626,0.0,493384.4,0,0,L03_00463,LEGITIMATE_HIGH_VALUE_HISTORY,High-value transaction consistent with normal historical account behavior,NONE,1,2,5,NORMAL,0.0285
L03_002313,410,TRANSFER,655578.62,C1434756942,16796540.52,16140961.9,C766998626,0.0,655578.62,0,0,L03_00463,LEGITIMATE_HIGH_VALUE_HISTORY,High-value transaction consistent with normal historical account behavior,NONE,1,3,5,NORMAL,0.039
L03_002314,442,TRANSFER,626610.38,C1434756942,16140961.9,15514351.52,C766998626,0.0,626610.38,0,0,L03_00463,LEGITIMATE_HIGH_VALUE_HISTORY,High-value transaction consistent with normal historical account behavior,NONE,1,4,5,NORMAL,0.0388
L03_002315,500,TRANSFER,4654305.46,C1434756942,15514351.52,10860046.06,C766998626,0.0,4654305.46,0,0,L03_00463,LEGITIMATE_HIGH_VALUE_HISTORY,High-value transaction consistent with normal historical account behavior,NONE,1,5,5,NORMAL,0.3
L03_002316,375,TRANSFER,530211.36,C1319843142,7574622.36,7044411.0,C1913414023,0.0,530211.36,0,0,L03_00464,LEGITIMATE_HIGH_VALUE_HISTORY,High-value transaction consistent with normal historical account behavior,NONE,1,1,5,NORMAL,0.07
L03_002317,423,TRANSFER,388752.5,C1319843142,7044411.0,6655658.5,C1913414023,0.0,388752.5,0,0,L03_00464,LEGITIMATE_HIGH_VALUE_HISTORY,High-value transaction consistent with normal historical account behavior,NONE,1,2,5,NORMAL,0.0552
L03_002318,443,TRANSFER,466543.07,C1319843142,6655658.5,6189115.43,C1913414023,0.0,466543.07,0,0,L03_00464,LEGITIMATE_HIGH_VALUE_HISTORY,High-value transaction consistent with normal historical account behavior,NONE,1,3,5,NORMAL,0.0701
L03_002319,498,TRANSFER,346764.81,C1319843142,6189115.43,5842350.62,C1913414023,0.0,346764.81,0,0,L03_00464,LEGITIMATE_HIGH_VALUE_HISTORY,High-value transaction consistent with normal historical account behavior,NONE,1,4,5,NORMAL,0.056
L03_002320,526,TRANSFER,1752705.19,C1319843142,5842350.62,4089645.43,C1913414023,0.0,1752705.19,0,0,L03_00464,LEGITIMATE_HIGH_VALUE_HISTORY,High-value transaction consistent with normal historical account behavior,NONE,1,5,5,NORMAL,0.3
L03_002321,421,TRANSFER,338373.08,C620095486,11345834.0,11007460.92,C1853202598,0.0,338373.08,0,0,L03_00465,LEGITIMATE_HIGH_VALUE_HISTORY,High-value transaction consistent with normal historical account behavior,NONE,1,1,5,NORMAL,0.0298
L03_002322,436,TRANSFER,495681.29,C620095486,11007460.92,10511779.63,C1853202598,0.0,495681.29,0,0,L03_00465,LEGITIMATE_HIGH_VALUE_HISTORY,High-value transaction consistent with normal historical account behavior,NONE,1,2,5,NORMAL,0.045
L03_002323,482,TRANSFER,564841.76,C620095486,10511779.63,9946937.87,C1853202598,0.0,564841.76,0,0,L03_00465,LEGITIMATE_HIGH_VALUE_HISTORY,High-value transaction consistent with normal historical account behavior,NONE,1,3,5,NORMAL,0.0537
L03_002324,513,TRANSFER,543208.61,C620095486,9946937.87,9403729.26,C1853202598,0.0,543208.61,0,0,L03_00465,LEGITIMATE_HIGH_VALUE_HISTORY,High-value transaction consistent with normal historical account behavior,NONE,1,4,5,NORMAL,0.0546
L03_002325,548,TRANSFER,2821118.78,C620095486,9403729.26,6582610.48,C1853202598,0.0,2821118.78,0,0,L03_00465,LEGITIMATE_HIGH_VALUE_HISTORY,High-value transaction consistent with normal historical account behavior,NONE,1,5,5,NORMAL,0.3
L03_002326,339,TRANSFER,689738.71,C2146002726,18662419.86,17972681.15,C1246973714,0.0,689738.71,0,0,L03_00466,LEGITIMATE_HIGH_VALUE_HISTORY,High-value transaction consistent with normal historical account behavior,NONE,1,1,5,NORMAL,0.037
L03_002327,375,TRANSFER,350503.04,C2146002726,17972681.15,17622178.11,C1246973714,0.0,350503.04,0,0,L03_00466,LEGITIMATE_HIGH_VALUE_HISTORY,High-value transaction consistent with normal historical account behavior,NONE,1,2,5,NORMAL,0.0195
L03_002328,430,TRANSFER,547456.23,C2146002726,17622178.11,17074721.88,C1246973714,0.0,547456.23,0,0,L03_00466,LEGITIMATE_HIGH_VALUE_HISTORY,High-value transaction consistent with normal historical account behavior,NONE,1,3,5,NORMAL,0.0311
L03_002329,476,TRANSFER,853915.26,C2146002726,17074721.88,16220806.62,C1246973714,0.0,853915.26,0,0,L03_00466,LEGITIMATE_HIGH_VALUE_HISTORY,High-value transaction consistent with normal historical account behavior,NONE,1,4,5,NORMAL,0.05
L03_002330,500,TRANSFER,4866241.99,C2146002726,16220806.62,11354564.63,C1246973714,0.0,4866241.99,0,0,L03_00466,LEGITIMATE_HIGH_VALUE_HISTORY,High-value transaction consistent with normal historical account behavior,NONE,1,5,5,NORMAL,0.3
L03_002331,394,TRANSFER,620950.02,C1379860599,8614688.49,7993738.47,C1028362359,0.0,620950.02,0,0,L03_00467,LEGITIMATE_HIGH_VALUE_HISTORY,High-value transaction consistent with normal historical account behavior,NONE,1,1,5,NORMAL,0.0721
L03_002332,436,TRANSFER,747766.36,C1379860599,7993738.47,7245972.11,C1028362359,0.0,747766.36,0,0,L03_00467,LEGITIMATE_HIGH_VALUE_HISTORY,High-value transaction consistent with normal historical account behavior,NONE,1,2,5,NORMAL,0.0935
L03_002333,490,TRANSFER,543428.69,C1379860599,7245972.11,6702543.42,C1028362359,0.0,543428.69,0,0,L03_00467,LEGITIMATE_HIGH_VALUE_HISTORY,High-value transaction consistent with normal historical account behavior,NONE,1,3,5,NORMAL,0.075
L03_002334,546,TRANSFER,410452.4,C1379860599,6702543.42,6292091.02,C1028362359,0.0,410452.4,0,0,L03_00467,LEGITIMATE_HIGH_VALUE_HISTORY,High-value transaction consistent with normal historical account behavior,NONE,1,4,5,NORMAL,0.0612
L03_002335,573,TRANSFER,1887627.31,C1379860599,6292091.02,4404463.71,C1028362359,0.0,1887627.31,0,0,L03_00467,LEGITIMATE_HIGH_VALUE_HISTORY,High-value transaction consistent with normal historical account behavior,NONE,1,5,5,NORMAL,0.3
L03_002336,321,TRANSFER,554780.42,C708906820,19399497.4,18844716.98,C1812715311,0.0,554780.42,0,0,L03_00468,LEGITIMATE_HIGH_VALUE_HISTORY,High-value transaction consistent with normal historical account behavior,NONE,1,1,5,NORMAL,0.0286
L03_002337,356,TRANSFER,672290.12,C708906820,18844716.98,18172426.86,C1812715311,0.0,672290.12,0,0,L03_00468,LEGITIMATE_HIGH_VALUE_HISTORY,High-value transaction consistent with normal historical account behavior,NONE,1,2,5,NORMAL,0.0357
L03_002338,390,TRANSFER,856705.15,C708906820,18172426.86,17315721.72,C1812715311,0.0,856705.15,0,0,L03_00468,LEGITIMATE_HIGH_VALUE_HISTORY,High-value transaction consistent with normal historical account behavior,NONE,1,3,5,NORMAL,0.0471
L03_002339,416,TRANSFER,849222.58,C708906820,17315721.72,16466499.14,C1812715311,0.0,849222.58,0,0,L03_00468,LEGITIMATE_HIGH_VALUE_HISTORY,High-value transaction consistent with normal historical account behavior,NONE,1,4,5,NORMAL,0.049
L03_002340,441,TRANSFER,4939949.74,C708906820,16466499.14,11526549.39,C1812715311,0.0,4939949.74,0,0,L03_00468,LEGITIMATE_HIGH_VALUE_HISTORY,High-value transaction consistent with normal historical account behavior,NONE,1,5,5,NORMAL,0.3
L03_002341,382,TRANSFER,601373.14,C228136111,15187691.43,14586318.29,C429928160,0.0,601373.14,0,0,L03_00469,LEGITIMATE_HIGH_VALUE_HISTORY,High-value transaction consistent with normal historical account behavior,NONE,1,1,5,NORMAL,0.0396
L03_002342,416,TRANSFER,550178.87,C228136111,14586318.29,14036139.42,C429928160,0.0,550178.87,0,0,L03_00469,LEGITIMATE_HIGH_VALUE_HISTORY,High-value transaction consistent with normal historical account behavior,NONE,1,2,5,NORMAL,0.0377
L03_002343,440,TRANSFER,441383.49,C228136111,14036139.42,13594755.93,C429928160,0.0,441383.49,0,0,L03_00469,LEGITIMATE_HIGH_VALUE_HISTORY,High-value transaction consistent with normal historical account behavior,NONE,1,3,5,NORMAL,0.0314
L03_002344,478,TRANSFER,362306.39,C228136111,13594755.93,13232449.54,C429928160,0.0,362306.39,0,0,L03_00469,LEGITIMATE_HIGH_VALUE_HISTORY,High-value transaction consistent with normal historical account behavior,NONE,1,4,5,NORMAL,0.0267
L03_002345,534,TRANSFER,3969734.86,C228136111,13232449.54,9262714.68,C429928160,0.0,3969734.86,0,0,L03_00469,LEGITIMATE_HIGH_VALUE_HISTORY,High-value transaction consistent with normal historical account behavior,NONE,1,5,5,NORMAL,0.3
L03_002346,413,TRANSFER,851197.98,C2095883311,17977500.8,17126302.82,C1996972952,0.0,851197.98,0,0,L03_00470,LEGITIMATE_HIGH_VALUE_HISTORY,High-value transaction consistent with normal historical account behavior,NONE,1,1,5,NORMAL,0.0473
L03_002347,472,TRANSFER,787180.61,C2095883311,17126302.82,16339122.21,C1996972952,0.0,787180.61,0,0,L03_00470,LEGITIMATE_HIGH_VALUE_HISTORY,High-value transaction consistent with normal historical account behavior,NONE,1,2,5,NORMAL,0.046
L03_002348,498,TRANSFER,572236.84,C2095883311,16339122.21,15766885.37,C1996972952,0.0,572236.84,0,0,L03_00470,LEGITIMATE_HIGH_VALUE_HISTORY,High-value transaction consistent with normal historical account behavior,NONE,1,3,5,NORMAL,0.035
L03_002349,551,TRANSFER,435149.46,C2095883311,15766885.37,15331735.91,C1996972952,0.0,435149.46,0,0,L03_00470,LEGITIMATE_HIGH_VALUE_HISTORY,High-value transaction consistent with normal historical account behavior,NONE,1,4,5,NORMAL,0.0276
L03_002350,586,TRANSFER,4599520.77,C2095883311,15331735.91,10732215.13,C1996972952,0.0,4599520.77,0,0,L03_00470,LEGITIMATE_HIGH_VALUE_HISTORY,High-value transaction consistent with normal historical account behavior,NONE,1,5,5,NORMAL,0.3
L03_002351,334,TRANSFER,748662.11,C2137765044,19358829.96,18610167.85,C669550273,0.0,748662.11,0,0,L03_00471,LEGITIMATE_HIGH_VALUE_HISTORY,High-value transaction consistent with normal historical account behavior,NONE,1,1,5,NORMAL,0.0387
L03_002352,379,TRANSFER,820363.39,C2137765044,18610167.85,17789804.46,C669550273,0.0,820363.39,0,0,L03_00471,LEGITIMATE_HIGH_VALUE_HISTORY,High-value transaction consistent with normal historical account behavior,NONE,1,2,5,NORMAL,0.0441
L03_002353,405,TRANSFER,642691.47,C2137765044,17789804.46,17147112.99,C669550273,0.0,642691.47,0,0,L03_00471,LEGITIMATE_HIGH_VALUE_HISTORY,High-value transaction consistent with normal historical account behavior,NONE,1,3,5,NORMAL,0.0361
L03_002354,431,TRANSFER,694169.67,C2137765044,17147112.99,16452943.32,C669550273,0.0,694169.67,0,0,L03_00471,LEGITIMATE_HIGH_VALUE_HISTORY,High-value transaction consistent with normal historical account behavior,NONE,1,4,5,NORMAL,0.0405
L03_002355,491,TRANSFER,4935883.0,C2137765044,16452943.32,11517060.32,C669550273,0.0,4935883.0,0,0,L03_00471,LEGITIMATE_HIGH_VALUE_HISTORY,High-value transaction consistent with normal historical account behavior,NONE,1,5,5,NORMAL,0.3
L03_002356,389,TRANSFER,786482.21,C1397503577,9680835.98,8894353.77,C119900163,0.0,786482.21,0,0,L03_00472,LEGITIMATE_HIGH_VALUE_HISTORY,High-value transaction consistent with normal historical account behavior,NONE,1,1,5,NORMAL,0.0812
L03_002357,424,TRANSFER,792165.15,C1397503577,8894353.77,8102188.62,C119900163,0.0,792165.15,0,0,L03_00472,LEGITIMATE_HIGH_VALUE_HISTORY,High-value transaction consistent with normal historical account behavior,NONE,1,2,5,NORMAL,0.0891
L03_002358,483,TRANSFER,842710.77,C1397503577,8102188.62,7259477.85,C119900163,0.0,842710.77,0,0,L03_00472,LEGITIMATE_HIGH_VALUE_HISTORY,High-value transaction consistent with normal historical account behavior,NONE,1,3,5,NORMAL,0.104
L03_002359,530,TRANSFER,393481.78,C1397503577,7259477.85,6865996.07,C119900163,0.0,393481.78,0,0,L03_00472,LEGITIMATE_HIGH_VALUE_HISTORY,High-value transaction consistent with normal historical account behavior,NONE,1,4,5,NORMAL,0.0542
L03_002360,572,TRANSFER,2059798.82,C1397503577,6865996.07,4806197.25,C119900163,0.0,2059798.82,0,0,L03_00472,LEGITIMATE_HIGH_VALUE_HISTORY,High-value transaction consistent with normal historical account behavior,NONE,1,5,5,NORMAL,0.3
L03_002361,431,TRANSFER,547225.31,C45373621,16576023.63,16028798.32,C1616728190,0.0,547225.31,0,0,L03_00473,LEGITIMATE_HIGH_VALUE_HISTORY,High-value transaction consistent with normal historical account behavior,NONE,1,1,5,NORMAL,0.033
L03_002362,455,TRANSFER,869536.19,C45373621,16028798.32,15159262.13,C1616728190,0.0,869536.19,0,0,L03_00473,LEGITIMATE_HIGH_VALUE_HISTORY,High-value transaction consistent with normal historical account behavior,NONE,1,2,5,NORMAL,0.0542
L03_002363,493,TRANSFER,336730.32,C45373621,15159262.13,14822531.81,C1616728190,0.0,336730.32,0,0,L03_00473,LEGITIMATE_HIGH_VALUE_HISTORY,High-value transaction consistent with normal historical account behavior,NONE,1,3,5,NORMAL,0.0222
L03_002364,548,TRANSFER,492757.11,C45373621,14822531.81,14329774.7,C1616728190,0.0,492757.11,0,0,L03_00473,LEGITIMATE_HIGH_VALUE_HISTORY,High-value transaction consistent with normal historical account behavior,NONE,1,4,5,NORMAL,0.0332
L03_002365,605,TRANSFER,4298932.41,C45373621,14329774.7,10030842.29,C1616728190,0.0,4298932.41,0,0,L03_00473,LEGITIMATE_HIGH_VALUE_HISTORY,High-value transaction consistent with normal historical account behavior,NONE,1,5,5,NORMAL,0.3
L03_002366,355,TRANSFER,322131.3,C819045929,17777394.55,17455263.25,C563859355,0.0,322131.3,0,0,L03_00474,LEGITIMATE_HIGH_VALUE_HISTORY,High-value transaction consistent with normal historical account behavior,NONE,1,1,5,NORMAL,0.0181
L03_002367,405,TRANSFER,461289.33,C819045929,17455263.25,16993973.93,C563859355,0.0,461289.33,0,0,L03_00474,LEGITIMATE_HIGH_VALUE_HISTORY,High-value transaction consistent with normal historical account behavior,NONE,1,2,5,NORMAL,0.0264
L03_002368,441,TRANSFER,634567.86,C819045929,16993973.93,16359406.07,C563859355,0.0,634567.86,0,0,L03_00474,LEGITIMATE_HIGH_VALUE_HISTORY,High-value transaction consistent with normal historical account behavior,NONE,1,3,5,NORMAL,0.0373
L03_002369,456,TRANSFER,733788.33,C819045929,16359406.07,15625617.74,C563859355,0.0,733788.33,0,0,L03_00474,LEGITIMATE_HIGH_VALUE_HISTORY,High-value transaction consistent with normal historical account behavior,NONE,1,4,5,NORMAL,0.0449
L03_002370,495,TRANSFER,4687685.32,C819045929,15625617.74,10937932.41,C563859355,0.0,4687685.32,0,0,L03_00474,LEGITIMATE_HIGH_VALUE_HISTORY,High-value transaction consistent with normal historical account behavior,NONE,1,5,5,NORMAL,0.3
L03_002371,435,TRANSFER,576142.81,C592528440,9043611.39,8467468.58,C1028073704,0.0,576142.81,0,0,L03_00475,LEGITIMATE_HIGH_VALUE_HISTORY,High-value transaction consistent with normal historical account behavior,NONE,1,1,5,NORMAL,0.0637
L03_002372,458,TRANSFER,590002.99,C592528440,8467468.58,7877465.59,C1028073704,0.0,590002.99,0,0,L03_00475,LEGITIMATE_HIGH_VALUE_HISTORY,High-value transaction consistent with normal historical account behavior,NONE,1,2,5,NORMAL,0.0697
L03_002373,476,TRANSFER,865374.09,C592528440,7877465.59,7012091.5,C1028073704,0.0,865374.09,0,0,L03_00475,LEGITIMATE_HIGH_VALUE_HISTORY,High-value transaction consistent with normal historical account behavior,NONE,1,3,5,NORMAL,0.1099
L03_002374,496,TRANSFER,553618.33,C592528440,7012091.5,6458473.17,C1028073704,0.0,553618.33,0,0,L03_00475,LEGITIMATE_HIGH_VALUE_HISTORY,High-value transaction consistent with normal historical account behavior,NONE,1,4,5,NORMAL,0.079
L03_002375,518,TRANSFER,1937541.95,C592528440,6458473.17,4520931.22,C1028073704,0.0,1937541.95,0,0,L03_00475,LEGITIMATE_HIGH_VALUE_HISTORY,High-value transaction consistent with normal historical account behavior,NONE,1,5,5,NORMAL,0.3
L03_002376,421,TRANSFER,435952.96,C620095486,11781507.4,11345554.44,C1853202598,0.0,435952.96,0,0,L03_00476,LEGITIMATE_HIGH_VALUE_HISTORY,High-value transaction consistent with normal historical account behavior,NONE,1,1,5,NORMAL,0.037
L03_002377,477,TRANSFER,456595.89,C620095486,11345554.44,10888958.55,C1853202598,0.0,456595.89,0,0,L03_00476,LEGITIMATE_HIGH_VALUE_HISTORY,High-value transaction consistent with normal historical account behavior,NONE,1,2,5,NORMAL,0.0402
L03_002378,521,TRANSFER,549630.74,C620095486,10888958.55,10339327.81,C1853202598,0.0,549630.74,0,0,L03_00476,LEGITIMATE_HIGH_VALUE_HISTORY,High-value transaction consistent with normal historical account behavior,NONE,1,3,5,NORMAL,0.0505
L03_002379,547,TRANSFER,842665.91,C620095486,10339327.81,9496661.9,C1853202598,0.0,842665.91,0,0,L03_00476,LEGITIMATE_HIGH_VALUE_HISTORY,High-value transaction consistent with normal historical account behavior,NONE,1,4,5,NORMAL,0.0815
L03_002380,599,TRANSFER,2848998.57,C620095486,9496661.9,6647663.33,C1853202598,0.0,2848998.57,0,0,L03_00476,LEGITIMATE_HIGH_VALUE_HISTORY,High-value transaction consistent with normal historical account behavior,NONE,1,5,5,NORMAL,0.3
L03_002381,369,TRANSFER,753430.26,C1010768947,8029710.44,7276280.18,C296619562,0.0,753430.26,0,0,L03_00477,LEGITIMATE_HIGH_VALUE_HISTORY,High-value transaction consistent with normal historical account behavior,NONE,1,1,5,NORMAL,0.0938
L03_002382,413,TRANSFER,657745.15,C1010768947,7276280.18,6618535.03,C296619562,0.0,657745.15,0,0,L03_00477,LEGITIMATE_HIGH_VALUE_HISTORY,High-value transaction consistent with normal historical account behavior,NONE,1,2,5,NORMAL,0.0904
L03_002383,453,TRANSFER,530041.71,C1010768947,6618535.03,6088493.32,C296619562,0.0,530041.71,0,0,L03_00477,LEGITIMATE_HIGH_VALUE_HISTORY,High-value transaction consistent with normal historical account behavior,NONE,1,3,5,NORMAL,0.0801
L03_002384,506,TRANSFER,356029.73,C1010768947,6088493.32,5732463.59,C296619562,0.0,356029.73,0,0,L03_00477,LEGITIMATE_HIGH_VALUE_HISTORY,High-value transaction consistent with normal historical account behavior,NONE,1,4,5,NORMAL,0.0585
L03_002385,553,TRANSFER,1719739.08,C1010768947,5732463.59,4012724.51,C296619562,0.0,1719739.08,0,0,L03_00477,LEGITIMATE_HIGH_VALUE_HISTORY,High-value transaction consistent with normal historical account behavior,NONE,1,5,5,NORMAL,0.3
L03_002386,382,TRANSFER,713481.38,C416307467,10918980.63,10205499.25,C1811492477,0.0,713481.38,0,0,L03_00478,LEGITIMATE_HIGH_VALUE_HISTORY,High-value transaction consistent with normal historical account behavior,NONE,1,1,5,NORMAL,0.0653
L03_002387,408,TRANSFER,556146.86,C416307467,10205499.25,9649352.39,C1811492477,0.0,556146.86,0,0,L03_00478,LEGITIMATE_HIGH_VALUE_HISTORY,High-value transaction consistent with normal historical account behavior,NONE,1,2,5,NORMAL,0.0545
L03_002388,447,TRANSFER,309476.37,C416307467,9649352.39,9339876.02,C1811492477,0.0,309476.37,0,0,L03_00478,LEGITIMATE_HIGH_VALUE_HISTORY,High-value transaction consistent with normal historical account behavior,NONE,1,3,5,NORMAL,0.0321
L03_002389,483,TRANSFER,689879.66,C416307467,9339876.02,8649996.36,C1811492477,0.0,689879.66,0,0,L03_00478,LEGITIMATE_HIGH_VALUE_HISTORY,High-value transaction consistent with normal historical account behavior,NONE,1,4,5,NORMAL,0.0739
L03_002390,514,TRANSFER,2594998.91,C416307467,8649996.36,6054997.45,C1811492477,0.0,2594998.91,0,0,L03_00478,LEGITIMATE_HIGH_VALUE_HISTORY,High-value transaction consistent with normal historical account behavior,NONE,1,5,5,NORMAL,0.3
L03_002391,30,TRANSFER,484846.26,C1923117171,8186191.26,7701345.0,C141316671,0.0,484846.26,0,0,L03_00479,LEGITIMATE_HIGH_VALUE_HISTORY,High-value transaction consistent with normal historical account behavior,NONE,1,1,5,NORMAL,0.0592
L03_002392,73,TRANSFER,771340.42,C1923117171,7701345.0,6930004.58,C141316671,0.0,771340.42,0,0,L03_00479,LEGITIMATE_HIGH_VALUE_HISTORY,High-value transaction consistent with normal historical account behavior,NONE,1,2,5,NORMAL,0.1002
L03_002393,114,TRANSFER,555441.45,C1923117171,6930004.58,6374563.13,C141316671,0.0,555441.45,0,0,L03_00479,LEGITIMATE_HIGH_VALUE_HISTORY,High-value transaction consistent with normal historical account behavior,NONE,1,3,5,NORMAL,0.0802
L03_002394,173,TRANSFER,464367.63,C1923117171,6374563.13,5910195.5,C141316671,0.0,464367.63,0,0,L03_00479,LEGITIMATE_HIGH_VALUE_HISTORY,High-value transaction consistent with normal historical account behavior,NONE,1,4,5,NORMAL,0.0728
L03_002395,192,TRANSFER,1773058.65,C1923117171,5910195.5,4137136.85,C141316671,0.0,1773058.65,0,0,L03_00479,LEGITIMATE_HIGH_VALUE_HISTORY,High-value transaction consistent with normal historical account behavior,NONE,1,5,5,NORMAL,0.3
L03_002396,358,TRANSFER,480218.13,C228729026,13428114.42,12947896.29,C470568944,0.0,480218.13,0,0,L03_00480,LEGITIMATE_HIGH_VALUE_HISTORY,High-value transaction consistent with normal historical account behavior,NONE,1,1,5,NORMAL,0.0358
L03_002397,382,TRANSFER,775779.77,C228729026,12947896.29,12172116.52,C470568944,0.0,775779.77,0,0,L03_00480,LEGITIMATE_HIGH_VALUE_HISTORY,High-value transaction consistent with normal historical account behavior,NONE,1,2,5,NORMAL,0.0599
L03_002398,401,TRANSFER,858465.32,C228729026,12172116.52,11313651.2,C470568944,0.0,858465.32,0,0,L03_00480,LEGITIMATE_HIGH_VALUE_HISTORY,High-value transaction consistent with normal historical account behavior,NONE,1,3,5,NORMAL,0.0705
L03_002399,447,TRANSFER,670271.56,C228729026,11313651.2,10643379.64,C470568944,0.0,670271.56,0,0,L03_00480,LEGITIMATE_HIGH_VALUE_HISTORY,High-value transaction consistent with normal historical account behavior,NONE,1,4,5,NORMAL,0.0592
L03_002400,491,TRANSFER,3193013.89,C228729026,10643379.64,7450365.75,C470568944,0.0,3193013.89,0,0,L03_00480,LEGITIMATE_HIGH_VALUE_HISTORY,High-value transaction consistent with normal historical account behavior,NONE,1,5,5,NORMAL,0.3
L03_002401,340,TRANSFER,394708.81,C525216524,18590919.54,18196210.73,C1257827801,0.0,394708.81,0,0,L03_00481,LEGITIMATE_HIGH_VALUE_HISTORY,High-value transaction consistent with normal historical account behavior,NONE,1,1,5,NORMAL,0.0212
L03_002402,397,TRANSFER,774698.05,C525216524,18196210.73,17421512.68,C1257827801,0.0,774698.05,0,0,L03_00481,LEGITIMATE_HIGH_VALUE_HISTORY,High-value transaction consistent with normal historical account behavior,NONE,1,2,5,NORMAL,0.0426
L03_002403,437,TRANSFER,406049.75,C525216524,17421512.68,17015462.93,C1257827801,0.0,406049.75,0,0,L03_00481,LEGITIMATE_HIGH_VALUE_HISTORY,High-value transaction consistent with normal historical account behavior,NONE,1,3,5,NORMAL,0.0233
L03_002404,462,TRANSFER,818489.75,C525216524,17015462.93,16196973.18,C1257827801,0.0,818489.75,0,0,L03_00481,LEGITIMATE_HIGH_VALUE_HISTORY,High-value transaction consistent with normal historical account behavior,NONE,1,4,5,NORMAL,0.0481
L03_002405,520,TRANSFER,4859091.95,C525216524,16196973.18,11337881.23,C1257827801,0.0,4859091.95,0,0,L03_00481,LEGITIMATE_HIGH_VALUE_HISTORY,High-value transaction consistent with normal historical account behavior,NONE,1,5,5,NORMAL,0.3
L03_002406,249,TRANSFER,481481.4,C205240684,7724761.3,7243279.9,C1837145358,0.0,481481.4,0,0,L03_00482,LEGITIMATE_HIGH_VALUE_HISTORY,High-value transaction consistent with normal historical account behavior,NONE,1,1,5,NORMAL,0.0623
L03_002407,266,TRANSFER,596705.44,C205240684,7243279.9,6646574.46,C1837145358,0.0,596705.44,0,0,L03_00482,LEGITIMATE_HIGH_VALUE_HISTORY,High-value transaction consistent with normal historical account behavior,NONE,1,2,5,NORMAL,0.0824
L03_002408,300,TRANSFER,416866.47,C205240684,6646574.46,6229707.99,C1837145358,0.0,416866.47,0,0,L03_00482,LEGITIMATE_HIGH_VALUE_HISTORY,High-value transaction consistent with normal historical account behavior,NONE,1,3,5,NORMAL,0.0627
L03_002409,350,TRANSFER,688101.05,C205240684,6229707.99,5541606.94,C1837145358,0.0,688101.05,0,0,L03_00482,LEGITIMATE_HIGH_VALUE_HISTORY,High-value transaction consistent with normal historical account behavior,NONE,1,4,5,NORMAL,0.1105
L03_002410,393,TRANSFER,1662482.08,C205240684,5541606.94,3879124.86,C1837145358,0.0,1662482.08,0,0,L03_00482,LEGITIMATE_HIGH_VALUE_HISTORY,High-value transaction consistent with normal historical account behavior,NONE,1,5,5,NORMAL,0.3
L03_002411,426,TRANSFER,624142.67,C1716725224,8474819.01,7850676.34,C1274877827,0.0,624142.67,0,0,L03_00483,LEGITIMATE_HIGH_VALUE_HISTORY,High-value transaction consistent with normal historical account behavior,NONE,1,1,5,NORMAL,0.0736
L03_002412,459,TRANSFER,606476.15,C1716725224,7850676.34,7244200.19,C1274877827,0.0,606476.15,0,0,L03_00483,LEGITIMATE_HIGH_VALUE_HISTORY,High-value transaction consistent with normal historical account behavior,NONE,1,2,5,NORMAL,0.0773
L03_002413,496,TRANSFER,846466.92,C1716725224,7244200.19,6397733.27,C1274877827,0.0,846466.92,0,0,L03_00483,LEGITIMATE_HIGH_VALUE_HISTORY,High-value transaction consistent with normal historical account behavior,NONE,1,3,5,NORMAL,0.1168
L03_002414,522,TRANSFER,433925.1,C1716725224,6397733.27,5963808.17,C1274877827,0.0,433925.1,0,0,L03_00483,LEGITIMATE_HIGH_VALUE_HISTORY,High-value transaction consistent with normal historical account behavior,NONE,1,4,5,NORMAL,0.0678
L03_002415,581,TRANSFER,1789142.45,C1716725224,5963808.17,4174665.72,C1274877827,0.0,1789142.45,0,0,L03_00483,LEGITIMATE_HIGH_VALUE_HISTORY,High-value transaction consistent with normal historical account behavior,NONE,1,5,5,NORMAL,0.3
L03_002416,353,TRANSFER,533144.19,C1462857516,7707412.34,7174268.15,C936468670,0.0,533144.19,0,0,L03_00484,LEGITIMATE_HIGH_VALUE_HISTORY,High-value transaction consistent with normal historical account behavior,NONE,1,1,5,NORMAL,0.0692
L03_002417,382,TRANSFER,659440.28,C1462857516,7174268.15,6514827.87,C936468670,0.0,659440.28,0,0,L03_00484,LEGITIMATE_HIGH_VALUE_HISTORY,High-value transaction consistent with normal historical account behavior,NONE,1,2,5,NORMAL,0.0919
L03_002418,408,TRANSFER,784566.54,C1462857516,6514827.87,5730261.33,C936468670,0.0,784566.54,0,0,L03_00484,LEGITIMATE_HIGH_VALUE_HISTORY,High-value transaction consistent with normal historical account behavior,NONE,1,3,5,NORMAL,0.1204
L03_002419,451,TRANSFER,500128.17,C1462857516,5730261.33,5230133.16,C936468670,0.0,500128.17,0,0,L03_00484,LEGITIMATE_HIGH_VALUE_HISTORY,High-value transaction consistent with normal historical account behavior,NONE,1,4,5,NORMAL,0.0873
L03_002420,509,TRANSFER,1569039.95,C1462857516,5230133.16,3661093.21,C936468670,0.0,1569039.95,0,0,L03_00484,LEGITIMATE_HIGH_VALUE_HISTORY,High-value transaction consistent with normal historical account behavior,NONE,1,5,5,NORMAL,0.3
L03_002421,363,TRANSFER,582817.87,C300728122,16981365.84,16398547.97,C672506150,0.0,582817.87,0,0,L03_00485,LEGITIMATE_HIGH_VALUE_HISTORY,High-value transaction consistent with normal historical account behavior,NONE,1,1,5,NORMAL,0.0343
L03_002422,387,TRANSFER,379457.74,C300728122,16398547.97,16019090.23,C672506150,0.0,379457.74,0,0,L03_00485,LEGITIMATE_HIGH_VALUE_HISTORY,High-value transaction consistent with normal historical account behavior,NONE,1,2,5,NORMAL,0.0231
L03_002423,428,TRANSFER,493695.93,C300728122,16019090.23,15525394.3,C672506150,0.0,493695.93,0,0,L03_00485,LEGITIMATE_HIGH_VALUE_HISTORY,High-value transaction consistent with normal historical account behavior,NONE,1,3,5,NORMAL,0.0308
L03_002424,447,TRANSFER,328647.23,C300728122,15525394.3,15196747.07,C672506150,0.0,328647.23,0,0,L03_00485,LEGITIMATE_HIGH_VALUE_HISTORY,High-value transaction consistent with normal historical account behavior,NONE,1,4,5,NORMAL,0.0212
L03_002425,477,TRANSFER,4559024.12,C300728122,15196747.07,10637722.95,C672506150,0.0,4559024.12,0,0,L03_00485,LEGITIMATE_HIGH_VALUE_HISTORY,High-value transaction consistent with normal historical account behavior,NONE,1,5,5,NORMAL,0.3
L03_002426,359,TRANSFER,292217.22,C344170606,11454057.42,11161840.2,C1141013803,0.0,292217.22,0,0,L03_00486,LEGITIMATE_HIGH_VALUE_HISTORY,High-value transaction consistent with normal historical account behavior,NONE,1,1,5,NORMAL,0.0255
L03_002427,392,TRANSFER,329282.74,C344170606,11161840.2,10832557.46,C1141013803,0.0,329282.74,0,0,L03_00486,LEGITIMATE_HIGH_VALUE_HISTORY,High-value transaction consistent with normal historical account behavior,NONE,1,2,5,NORMAL,0.0295
L03_002428,408,TRANSFER,429696.31,C344170606,10832557.46,10402861.15,C1141013803,0.0,429696.31,0,0,L03_00486,LEGITIMATE_HIGH_VALUE_HISTORY,High-value transaction consistent with normal historical account behavior,NONE,1,3,5,NORMAL,0.0397
L03_002429,435,TRANSFER,865158.27,C344170606,10402861.15,9537702.88,C1141013803,0.0,865158.27,0,0,L03_00486,LEGITIMATE_HIGH_VALUE_HISTORY,High-value transaction consistent with normal historical account behavior,NONE,1,4,5,NORMAL,0.0832
L03_002430,476,TRANSFER,2861310.86,C344170606,9537702.88,6676392.02,C1141013803,0.0,2861310.86,0,0,L03_00486,LEGITIMATE_HIGH_VALUE_HISTORY,High-value transaction consistent with normal historical account behavior,NONE,1,5,5,NORMAL,0.3
L03_002431,74,TRANSFER,412889.91,C456653757,7133124.47,6720234.56,C523294991,0.0,412889.91,0,0,L03_00487,LEGITIMATE_HIGH_VALUE_HISTORY,High-value transaction consistent with normal historical account behavior,NONE,1,1,5,NORMAL,0.0579
L03_002432,134,TRANSFER,469536.68,C456653757,6720234.56,6250697.88,C523294991,0.0,469536.68,0,0,L03_00487,LEGITIMATE_HIGH_VALUE_HISTORY,High-value transaction consistent with normal historical account behavior,NONE,1,2,5,NORMAL,0.0699
L03_002433,185,TRANSFER,668796.19,C456653757,6250697.88,5581901.69,C523294991,0.0,668796.19,0,0,L03_00487,LEGITIMATE_HIGH_VALUE_HISTORY,High-value transaction consistent with normal historical account behavior,NONE,1,3,5,NORMAL,0.107
L03_002434,227,TRANSFER,512757.29,C456653757,5581901.69,5069144.4,C523294991,0.0,512757.29,0,0,L03_00487,LEGITIMATE_HIGH_VALUE_HISTORY,High-value transaction consistent with normal historical account behavior,NONE,1,4,5,NORMAL,0.0919
L03_002435,280,TRANSFER,1520743.32,C456653757,5069144.4,3548401.08,C523294991,0.0,1520743.32,0,0,L03_00487,LEGITIMATE_HIGH_VALUE_HISTORY,High-value transaction consistent with normal historical account behavior,NONE,1,5,5,NORMAL,0.3
L03_002436,367,TRANSFER,401678.91,C85598924,12904491.48,12502812.57,C1819271729,0.0,401678.91,0,0,L03_00488,LEGITIMATE_HIGH_VALUE_HISTORY,High-value transaction consistent with normal historical account behavior,NONE,1,1,5,NORMAL,0.0311
L03_002437,398,TRANSFER,555661.72,C85598924,12502812.57,11947150.85,C1819271729,0.0,555661.72,0,0,L03_00488,LEGITIMATE_HIGH_VALUE_HISTORY,High-value transaction consistent with normal historical account behavior,NONE,1,2,5,NORMAL,0.0444
L03_002438,416,TRANSFER,359535.86,C85598924,11947150.85,11587614.99,C1819271729,0.0,359535.86,0,0,L03_00488,LEGITIMATE_HIGH_VALUE_HISTORY,High-value transaction consistent with normal historical account behavior,NONE,1,3,5,NORMAL,0.0301
L03_002439,455,TRANSFER,644387.73,C85598924,11587614.99,10943227.26,C1819271729,0.0,644387.73,0,0,L03_00488,LEGITIMATE_HIGH_VALUE_HISTORY,High-value transaction consistent with normal historical account behavior,NONE,1,4,5,NORMAL,0.0556
L03_002440,473,TRANSFER,3282968.18,C85598924,10943227.26,7660259.08,C1819271729,0.0,3282968.18,0,0,L03_00488,LEGITIMATE_HIGH_VALUE_HISTORY,High-value transaction consistent with normal historical account behavior,NONE,1,5,5,NORMAL,0.3
L03_002441,364,TRANSFER,556719.18,C2137765044,18304668.36,17747949.18,C669550273,0.0,556719.18,0,0,L03_00489,LEGITIMATE_HIGH_VALUE_HISTORY,High-value transaction consistent with normal historical account behavior,NONE,1,1,5,NORMAL,0.0304
L03_002442,398,TRANSFER,477859.55,C2137765044,17747949.18,17270089.63,C669550273,0.0,477859.55,0,0,L03_00489,LEGITIMATE_HIGH_VALUE_HISTORY,High-value transaction consistent with normal historical account behavior,NONE,1,2,5,NORMAL,0.0269
L03_002443,417,TRANSFER,873944.73,C2137765044,17270089.63,16396144.9,C669550273,0.0,873944.73,0,0,L03_00489,LEGITIMATE_HIGH_VALUE_HISTORY,High-value transaction consistent with normal historical account behavior,NONE,1,3,5,NORMAL,0.0506
L03_002444,436,TRANSFER,294588.78,C2137765044,16396144.9,16101556.12,C669550273,0.0,294588.78,0,0,L03_00489,LEGITIMATE_HIGH_VALUE_HISTORY,High-value transaction consistent with normal historical account behavior,NONE,1,4,5,NORMAL,0.018
L03_002445,459,TRANSFER,4830466.84,C2137765044,16101556.12,11271089.28,C669550273,0.0,4830466.84,0,0,L03_00489,LEGITIMATE_HIGH_VALUE_HISTORY,High-value transaction consistent with normal historical account behavior,NONE,1,5,5,NORMAL,0.3
L03_002446,363,TRANSFER,418588.12,C875641568,9122867.01,8704278.89,C1769317192,0.0,418588.12,0,0,L03_00490,LEGITIMATE_HIGH_VALUE_HISTORY,High-value transaction consistent with normal historical account behavior,NONE,1,1,5,NORMAL,0.0459
L03_002447,407,TRANSFER,784626.89,C875641568,8704278.89,7919652.0,C1769317192,0.0,784626.89,0,0,L03_00490,LEGITIMATE_HIGH_VALUE_HISTORY,High-value transaction consistent with normal historical account behavior,NONE,1,2,5,NORMAL,0.0901
L03_002448,428,TRANSFER,384154.53,C875641568,7919652.0,7535497.47,C1769317192,0.0,384154.53,0,0,L03_00490,LEGITIMATE_HIGH_VALUE_HISTORY,High-value transaction consistent with normal historical account behavior,NONE,1,3,5,NORMAL,0.0485
L03_002449,474,TRANSFER,531664.27,C875641568,7535497.47,7003833.2,C1769317192,0.0,531664.27,0,0,L03_00490,LEGITIMATE_HIGH_VALUE_HISTORY,High-value transaction consistent with normal historical account behavior,NONE,1,4,5,NORMAL,0.0706
L03_002450,508,TRANSFER,2101149.96,C875641568,7003833.2,4902683.24,C1769317192,0.0,2101149.96,0,0,L03_00490,LEGITIMATE_HIGH_VALUE_HISTORY,High-value transaction consistent with normal historical account behavior,NONE,1,5,5,NORMAL,0.3
L03_002451,309,TRANSFER,863040.11,C1971552782,18492283.62,17629243.51,C1193179406,0.0,863040.11,0,0,L03_00491,LEGITIMATE_HIGH_VALUE_HISTORY,High-value transaction consistent with normal historical account behavior,NONE,1,1,5,NORMAL,0.0467
L03_002452,353,TRANSFER,626702.31,C1971552782,17629243.51,17002541.2,C1193179406,0.0,626702.31,0,0,L03_00491,LEGITIMATE_HIGH_VALUE_HISTORY,High-value transaction consistent with normal historical account behavior,NONE,1,2,5,NORMAL,0.0355
L03_002453,395,TRANSFER,390183.83,C1971552782,17002541.2,16612357.37,C1193179406,0.0,390183.83,0,0,L03_00491,LEGITIMATE_HIGH_VALUE_HISTORY,High-value transaction consistent with normal historical account behavior,NONE,1,3,5,NORMAL,0.0229
L03_002454,455,TRANSFER,448262.83,C1971552782,16612357.37,16164094.54,C1193179406,0.0,448262.83,0,0,L03_00491,LEGITIMATE_HIGH_VALUE_HISTORY,High-value transaction consistent with normal historical account behavior,NONE,1,4,5,NORMAL,0.027
L03_002455,494,TRANSFER,4849228.36,C1971552782,16164094.54,11314866.18,C1193179406,0.0,4849228.36,0,0,L03_00491,LEGITIMATE_HIGH_VALUE_HISTORY,High-value transaction consistent with normal historical account behavior,NONE,1,5,5,NORMAL,0.3
L03_002456,509,TRANSFER,386405.7,C595129866,7833491.25,7447085.55,C2011860169,0.0,386405.7,0,0,L03_00492,LEGITIMATE_HIGH_VALUE_HISTORY,High-value transaction consistent with normal historical account behavior,NONE,1,1,5,NORMAL,0.0493
L03_002457,524,TRANSFER,606318.13,C595129866,7447085.55,6840767.42,C2011860169,0.0,606318.13,0,0,L03_00492,LEGITIMATE_HIGH_VALUE_HISTORY,High-value transaction consistent with normal historical account behavior,NONE,1,2,5,NORMAL,0.0814
L03_002458,582,TRANSFER,551733.88,C595129866,6840767.42,6289033.54,C2011860169,0.0,551733.88,0,0,L03_00492,LEGITIMATE_HIGH_VALUE_HISTORY,High-value transaction consistent with normal historical account behavior,NONE,1,3,5,NORMAL,0.0807
L03_002459,635,TRANSFER,594589.33,C595129866,6289033.54,5694444.21,C2011860169,0.0,594589.33,0,0,L03_00492,LEGITIMATE_HIGH_VALUE_HISTORY,High-value transaction consistent with normal historical account behavior,NONE,1,4,5,NORMAL,0.0945
L03_002460,689,TRANSFER,1708333.26,C595129866,5694444.21,3986110.95,C2011860169,0.0,1708333.26,0,0,L03_00492,LEGITIMATE_HIGH_VALUE_HISTORY,High-value transaction consistent with normal historical account behavior,NONE,1,5,5,NORMAL,0.3
L03_002461,352,TRANSFER,860718.16,C589946418,9933439.23,9072721.07,C323689232,0.0,860718.16,0,0,L03_00493,LEGITIMATE_HIGH_VALUE_HISTORY,High-value transaction consistent with normal historical account behavior,NONE,1,1,5,NORMAL,0.0866
L03_002462,376,TRANSFER,618942.7,C589946418,9072721.07,8453778.37,C323689232,0.0,618942.7,0,0,L03_00493,LEGITIMATE_HIGH_VALUE_HISTORY,High-value transaction consistent with normal historical account behavior,NONE,1,2,5,NORMAL,0.0682
L03_002463,432,TRANSFER,873721.05,C589946418,8453778.37,7580057.32,C323689232,0.0,873721.05,0,0,L03_00493,LEGITIMATE_HIGH_VALUE_HISTORY,High-value transaction consistent with normal historical account behavior,NONE,1,3,5,NORMAL,0.1034
L03_002464,457,TRANSFER,680192.42,C589946418,7580057.32,6899864.9,C323689232,0.0,680192.42,0,0,L03_00493,LEGITIMATE_HIGH_VALUE_HISTORY,High-value transaction consistent with normal historical account behavior,NONE,1,4,5,NORMAL,0.0897
L03_002465,491,TRANSFER,2069959.47,C589946418,6899864.9,4829905.43,C323689232,0.0,2069959.47,0,0,L03_00493,LEGITIMATE_HIGH_VALUE_HISTORY,High-value transaction consistent with normal historical account behavior,NONE,1,5,5,NORMAL,0.3
L03_002466,359,TRANSFER,402901.73,C49701820,18396980.29,17994078.56,C184253187,0.0,402901.73,0,0,L03_00494,LEGITIMATE_HIGH_VALUE_HISTORY,High-value transaction consistent with normal historical account behavior,NONE,1,1,5,NORMAL,0.0219
L03_002467,374,TRANSFER,388712.73,C49701820,17994078.56,17605365.83,C184253187,0.0,388712.73,0,0,L03_00494,LEGITIMATE_HIGH_VALUE_HISTORY,High-value transaction consistent with normal historical account behavior,NONE,1,2,5,NORMAL,0.0216
L03_002468,427,TRANSFER,813952.07,C49701820,17605365.83,16791413.76,C184253187,0.0,813952.07,0,0,L03_00494,LEGITIMATE_HIGH_VALUE_HISTORY,High-value transaction consistent with normal historical account behavior,NONE,1,3,5,NORMAL,0.0462
L03_002469,477,TRANSFER,659087.0,C49701820,16791413.76,16132326.76,C184253187,0.0,659087.0,0,0,L03_00494,LEGITIMATE_HIGH_VALUE_HISTORY,High-value transaction consistent with normal historical account behavior,NONE,1,4,5,NORMAL,0.0393
L03_002470,515,TRANSFER,4839698.03,C49701820,16132326.76,11292628.74,C184253187,0.0,4839698.03,0,0,L03_00494,LEGITIMATE_HIGH_VALUE_HISTORY,High-value transaction consistent with normal historical account behavior,NONE,1,5,5,NORMAL,0.3
L03_002471,593,TRANSFER,325523.6,C2094517584,17921156.27,17595632.66,C1583805592,0.0,325523.6,0,0,L03_00495,LEGITIMATE_HIGH_VALUE_HISTORY,High-value transaction consistent with normal historical account behavior,NONE,1,1,5,NORMAL,0.0182
L03_002472,630,TRANSFER,493516.96,C2094517584,17595632.66,17102115.7,C1583805592,0.0,493516.96,0,0,L03_00495,LEGITIMATE_HIGH_VALUE_HISTORY,High-value transaction consistent with normal historical account behavior,NONE,1,2,5,NORMAL,0.028
L03_002473,663,TRANSFER,390349.51,C2094517584,17102115.7,16711766.19,C1583805592,0.0,390349.51,0,0,L03_00495,LEGITIMATE_HIGH_VALUE_HISTORY,High-value transaction consistent with normal historical account behavior,NONE,1,3,5,NORMAL,0.0228
L03_002474,697,TRANSFER,811841.36,C2094517584,16711766.19,15899924.83,C1583805592,0.0,811841.36,0,0,L03_00495,LEGITIMATE_HIGH_VALUE_HISTORY,High-value transaction consistent with normal historical account behavior,NONE,1,4,5,NORMAL,0.0486
L03_002475,715,TRANSFER,4769977.45,C2094517584,15899924.83,11129947.38,C1583805592,0.0,4769977.45,0,0,L03_00495,LEGITIMATE_HIGH_VALUE_HISTORY,High-value transaction consistent with normal historical account behavior,NONE,1,5,5,NORMAL,0.3
L03_002476,400,TRANSFER,645395.59,C1081667103,11705825.76,11060430.17,C1511982129,0.0,645395.59,0,0,L03_00496,LEGITIMATE_HIGH_VALUE_HISTORY,High-value transaction consistent with normal historical account behavior,NONE,1,1,5,NORMAL,0.0551
L03_002477,416,TRANSFER,738871.19,C1081667103,11060430.17,10321558.98,C1511982129,0.0,738871.19,0,0,L03_00496,LEGITIMATE_HIGH_VALUE_HISTORY,High-value transaction consistent with normal historical account behavior,NONE,1,2,5,NORMAL,0.0668
L03_002478,466,TRANSFER,784776.45,C1081667103,10321558.98,9536782.53,C1511982129,0.0,784776.45,0,0,L03_00496,LEGITIMATE_HIGH_VALUE_HISTORY,High-value transaction consistent with normal historical account behavior,NONE,1,3,5,NORMAL,0.076
L03_002479,525,TRANSFER,867381.15,C1081667103,9536782.53,8669401.38,C1511982129,0.0,867381.15,0,0,L03_00496,LEGITIMATE_HIGH_VALUE_HISTORY,High-value transaction consistent with normal historical account behavior,NONE,1,4,5,NORMAL,0.091
L03_002480,559,TRANSFER,2600820.41,C1081667103,8669401.38,6068580.97,C1511982129,0.0,2600820.41,0,0,L03_00496,LEGITIMATE_HIGH_VALUE_HISTORY,High-value transaction consistent with normal historical account behavior,NONE,1,5,5,NORMAL,0.3
L03_002481,330,TRANSFER,628401.81,C1013450220,9046938.81,8418537.0,C1458190684,0.0,628401.81,0,0,L03_00497,LEGITIMATE_HIGH_VALUE_HISTORY,High-value transaction consistent with normal historical account behavior,NONE,1,1,5,NORMAL,0.0695
L03_002482,345,TRANSFER,673895.05,C1013450220,8418537.0,7744641.95,C1458190684,0.0,673895.05,0,0,L03_00497,LEGITIMATE_HIGH_VALUE_HISTORY,High-value transaction consistent with normal historical account behavior,NONE,1,2,5,NORMAL,0.08
L03_002483,396,TRANSFER,522680.34,C1013450220,7744641.95,7221961.61,C1458190684,0.0,522680.34,0,0,L03_00497,LEGITIMATE_HIGH_VALUE_HISTORY,High-value transaction consistent with normal historical account behavior,NONE,1,3,5,NORMAL,0.0675
L03_002484,419,TRANSFER,344931.27,C1013450220,7221961.61,6877030.34,C1458190684,0.0,344931.27,0,0,L03_00497,LEGITIMATE_HIGH_VALUE_HISTORY,High-value transaction consistent with normal historical account behavior,NONE,1,4,5,NORMAL,0.0478
L03_002485,446,TRANSFER,2063109.1,C1013450220,6877030.34,4813921.24,C1458190684,0.0,2063109.1,0,0,L03_00497,LEGITIMATE_HIGH_VALUE_HISTORY,High-value transaction consistent with normal historical account behavior,NONE,1,5,5,NORMAL,0.3
L03_002486,362,TRANSFER,623334.01,C2083963066,8961403.39,8338069.38,C199220777,0.0,623334.01,0,0,L03_00498,LEGITIMATE_HIGH_VALUE_HISTORY,High-value transaction consistent with normal historical account behavior,NONE,1,1,5,NORMAL,0.0696
L03_002487,378,TRANSFER,812775.26,C2083963066,8338069.38,7525294.12,C199220777,0.0,812775.26,0,0,L03_00498,LEGITIMATE_HIGH_VALUE_HISTORY,High-value transaction consistent with normal historical account behavior,NONE,1,2,5,NORMAL,0.0975
L03_002488,401,TRANSFER,869594.45,C2083963066,7525294.12,6655699.67,C199220777,0.0,869594.45,0,0,L03_00498,LEGITIMATE_HIGH_VALUE_HISTORY,High-value transaction consistent with normal historical account behavior,NONE,1,3,5,NORMAL,0.1156
L03_002489,445,TRANSFER,540335.29,C2083963066,6655699.67,6115364.38,C199220777,0.0,540335.29,0,0,L03_00498,LEGITIMATE_HIGH_VALUE_HISTORY,High-value transaction consistent with normal historical account behavior,NONE,1,4,5,NORMAL,0.0812
L03_002490,470,TRANSFER,1834609.32,C2083963066,6115364.38,4280755.07,C199220777,0.0,1834609.32,0,0,L03_00498,LEGITIMATE_HIGH_VALUE_HISTORY,High-value transaction consistent with normal historical account behavior,NONE,1,5,5,NORMAL,0.3
L03_002491,368,TRANSFER,675014.78,C2043763261,15011862.86,14336848.08,C346676825,0.0,675014.78,0,0,L03_00499,LEGITIMATE_HIGH_VALUE_HISTORY,High-value transaction consistent with normal historical account behavior,NONE,1,1,5,NORMAL,0.045
L03_002492,411,TRANSFER,846735.85,C2043763261,14336848.08,13490112.23,C346676825,0.0,846735.85,0,0,L03_00499,LEGITIMATE_HIGH_VALUE_HISTORY,High-value transaction consistent with normal historical account behavior,NONE,1,2,5,NORMAL,0.0591
L03_002493,452,TRANSFER,821681.85,C2043763261,13490112.23,12668430.38,C346676825,0.0,821681.85,0,0,L03_00499,LEGITIMATE_HIGH_VALUE_HISTORY,High-value transaction consistent with normal historical account behavior,NONE,1,3,5,NORMAL,0.0609
L03_002494,474,TRANSFER,453514.51,C2043763261,12668430.38,12214915.87,C346676825,0.0,453514.51,0,0,L03_00499,LEGITIMATE_HIGH_VALUE_HISTORY,High-value transaction consistent with normal historical account behavior,NONE,1,4,5,NORMAL,0.0358
L03_002495,514,TRANSFER,3664474.76,C2043763261,12214915.87,8550441.11,C346676825,0.0,3664474.76,0,0,L03_00499,LEGITIMATE_HIGH_VALUE_HISTORY,High-value transaction consistent with normal historical account behavior,NONE,1,5,5,NORMAL,0.3
L03_002496,382,TRANSFER,678376.57,C1056057630,9077319.54,8398942.97,C612183649,0.0,678376.57,0,0,L03_00500,LEGITIMATE_HIGH_VALUE_HISTORY,High-value transaction consistent with normal historical account behavior,NONE,1,1,5,NORMAL,0.0747
L03_002497,397,TRANSFER,735515.68,C1056057630,8398942.97,7663427.29,C612183649,0.0,735515.68,0,0,L03_00500,LEGITIMATE_HIGH_VALUE_HISTORY,High-value transaction consistent with normal historical account behavior,NONE,1,2,5,NORMAL,0.0876
L03_002498,453,TRANSFER,715969.48,C1056057630,7663427.29,6947457.81,C612183649,0.0,715969.48,0,0,L03_00500,LEGITIMATE_HIGH_VALUE_HISTORY,High-value transaction consistent with normal historical account behavior,NONE,1,3,5,NORMAL,0.0934
L03_002499,469,TRANSFER,521729.83,C1056057630,6947457.81,6425727.98,C612183649,0.0,521729.83,0,0,L03_00500,LEGITIMATE_HIGH_VALUE_HISTORY,High-value transaction consistent with normal historical account behavior,NONE,1,4,5,NORMAL,0.0751
L03_002500,489,TRANSFER,1927718.39,C1056057630,6425727.98,4498009.59,C612183649,0.0,1927718.39,0,0,L03_00500,LEGITIMATE_HIGH_VALUE_HISTORY,High-value transaction consistent with normal historical account behavior,NONE,1,5,5,NORMAL,0.3
L03_002501,351,TRANSFER,326811.85,C299945858,8281105.67,7954293.82,C1629963494,0.0,326811.85,0,0,L03_00501,LEGITIMATE_HIGH_VALUE_HISTORY,High-value transaction consistent with normal historical account behavior,NONE,1,1,5,NORMAL,0.0395
L03_002502,395,TRANSFER,580576.47,C299945858,7954293.82,7373717.35,C1629963494,0.0,580576.47,0,0,L03_00501,LEGITIMATE_HIGH_VALUE_HISTORY,High-value transaction consistent with normal historical account behavior,NONE,1,2,5,NORMAL,0.073
L03_002503,453,TRANSFER,498176.15,C299945858,7373717.35,6875541.2,C1629963494,0.0,498176.15,0,0,L03_00501,LEGITIMATE_HIGH_VALUE_HISTORY,High-value transaction consistent with normal historical account behavior,NONE,1,3,5,NORMAL,0.0676
L03_002504,497,TRANSFER,691074.96,C299945858,6875541.2,6184466.24,C1629963494,0.0,691074.96,0,0,L03_00501,LEGITIMATE_HIGH_VALUE_HISTORY,High-value transaction consistent with normal historical account behavior,NONE,1,4,5,NORMAL,0.1005
L03_002505,520,TRANSFER,1855339.87,C299945858,6184466.24,4329126.36,C1629963494,0.0,1855339.87,0,0,L03_00501,LEGITIMATE_HIGH_VALUE_HISTORY,High-value transaction consistent with normal historical account behavior,NONE,1,5,5,NORMAL,0.3
L03_002506,197,TRANSFER,807996.38,C826793105,10738984.52,9930988.13,C1606198128,0.0,807996.38,0,0,L03_00502,LEGITIMATE_HIGH_VALUE_HISTORY,High-value transaction consistent with normal historical account behavior,NONE,1,1,5,NORMAL,0.0752
L03_002507,231,TRANSFER,593846.95,C826793105,9930988.13,9337141.19,C1606198128,0.0,593846.95,0,0,L03_00502,LEGITIMATE_HIGH_VALUE_HISTORY,High-value transaction consistent with normal historical account behavior,NONE,1,2,5,NORMAL,0.0598
L03_002508,275,TRANSFER,607727.86,C826793105,9337141.19,8729413.33,C1606198128,0.0,607727.86,0,0,L03_00502,LEGITIMATE_HIGH_VALUE_HISTORY,High-value transaction consistent with normal historical account behavior,NONE,1,3,5,NORMAL,0.0651
L03_002509,327,TRANSFER,728026.69,C826793105,8729413.33,8001386.64,C1606198128,0.0,728026.69,0,0,L03_00502,LEGITIMATE_HIGH_VALUE_HISTORY,High-value transaction consistent with normal historical account behavior,NONE,1,4,5,NORMAL,0.0834
L03_002510,376,TRANSFER,2400415.99,C826793105,8001386.64,5600970.64,C1606198128,0.0,2400415.99,0,0,L03_00502,LEGITIMATE_HIGH_VALUE_HISTORY,High-value transaction consistent with normal historical account behavior,NONE,1,5,5,NORMAL,0.3
L03_002511,353,TRANSFER,425505.89,C182734212,8514196.85,8088690.96,C861077340,0.0,425505.89,0,0,L03_00503,LEGITIMATE_HIGH_VALUE_HISTORY,High-value transaction consistent with normal historical account behavior,NONE,1,1,5,NORMAL,0.05
L03_002512,378,TRANSFER,719327.47,C182734212,8088690.96,7369363.49,C861077340,0.0,719327.47,0,0,L03_00503,LEGITIMATE_HIGH_VALUE_HISTORY,High-value transaction consistent with normal historical account behavior,NONE,1,2,5,NORMAL,0.0889
L03_002513,435,TRANSFER,815738.81,C182734212,7369363.49,6553624.68,C861077340,0.0,815738.81,0,0,L03_00503,LEGITIMATE_HIGH_VALUE_HISTORY,High-value transaction consistent with normal historical account behavior,NONE,1,3,5,NORMAL,0.1107
L03_002514,477,TRANSFER,580274.77,C182734212,6553624.68,5973349.91,C861077340,0.0,580274.77,0,0,L03_00503,LEGITIMATE_HIGH_VALUE_HISTORY,High-value transaction consistent with normal historical account behavior,NONE,1,4,5,NORMAL,0.0885
L03_002515,495,TRANSFER,1792004.97,C182734212,5973349.91,4181344.93,C861077340,0.0,1792004.97,0,0,L03_00503,LEGITIMATE_HIGH_VALUE_HISTORY,High-value transaction consistent with normal historical account behavior,NONE,1,5,5,NORMAL,0.3
L03_002516,323,TRANSFER,844598.92,C1412120055,18880814.52,18036215.6,C760284726,0.0,844598.92,0,0,L03_00504,LEGITIMATE_HIGH_VALUE_HISTORY,High-value transaction consistent with normal historical account behavior,NONE,1,1,5,NORMAL,0.0447
L03_002517,381,TRANSFER,834918.91,C1412120055,18036215.6,17201296.69,C760284726,0.0,834918.91,0,0,L03_00504,LEGITIMATE_HIGH_VALUE_HISTORY,High-value transaction consistent with normal historical account behavior,NONE,1,2,5,NORMAL,0.0463
L03_002518,410,TRANSFER,632093.13,C1412120055,17201296.69,16569203.56,C760284726,0.0,632093.13,0,0,L03_00504,LEGITIMATE_HIGH_VALUE_HISTORY,High-value transaction consistent with normal historical account behavior,NONE,1,3,5,NORMAL,0.0367
L03_002519,439,TRANSFER,720341.31,C1412120055,16569203.56,15848862.25,C760284726,0.0,720341.31,0,0,L03_00504,LEGITIMATE_HIGH_VALUE_HISTORY,High-value transaction consistent with normal historical account behavior,NONE,1,4,5,NORMAL,0.0435
L03_002520,484,TRANSFER,4754658.67,C1412120055,15848862.25,11094203.57,C760284726,0.0,4754658.67,0,0,L03_00504,LEGITIMATE_HIGH_VALUE_HISTORY,High-value transaction consistent with normal historical account behavior,NONE,1,5,5,NORMAL,0.3
L03_002521,347,TRANSFER,394187.55,C862165272,7208828.0,6814640.45,C893285608,0.0,394187.55,0,0,L03_00505,LEGITIMATE_HIGH_VALUE_HISTORY,High-value transaction consistent with normal historical account behavior,NONE,1,1,5,NORMAL,0.0547
L03_002522,401,TRANSFER,385508.58,C862165272,6814640.45,6429131.87,C893285608,0.0,385508.58,0,0,L03_00505,LEGITIMATE_HIGH_VALUE_HISTORY,High-value transaction consistent with normal historical account behavior,NONE,1,2,5,NORMAL,0.0566
L03_002523,451,TRANSFER,723080.85,C862165272,6429131.87,5706051.02,C893285608,0.0,723080.85,0,0,L03_00505,LEGITIMATE_HIGH_VALUE_HISTORY,High-value transaction consistent with normal historical account behavior,NONE,1,3,5,NORMAL,0.1125
L03_002524,466,TRANSFER,619147.29,C862165272,5706051.02,5086903.73,C893285608,0.0,619147.29,0,0,L03_00505,LEGITIMATE_HIGH_VALUE_HISTORY,High-value transaction consistent with normal historical account behavior,NONE,1,4,5,NORMAL,0.1085
L03_002525,524,TRANSFER,1526071.12,C862165272,5086903.73,3560832.61,C893285608,0.0,1526071.12,0,0,L03_00505,LEGITIMATE_HIGH_VALUE_HISTORY,High-value transaction consistent with normal historical account behavior,NONE,1,5,5,NORMAL,0.3
L03_002526,337,TRANSFER,654274.08,C1526666125,18225598.16,17571324.08,C1028362359,0.0,654274.08,0,0,L03_00506,LEGITIMATE_HIGH_VALUE_HISTORY,High-value transaction consistent with normal historical account behavior,NONE,1,1,5,NORMAL,0.0359
L03_002527,369,TRANSFER,576067.91,C1526666125,17571324.08,16995256.17,C1028362359,0.0,576067.91,0,0,L03_00506,LEGITIMATE_HIGH_VALUE_HISTORY,High-value transaction consistent with normal historical account behavior,NONE,1,2,5,NORMAL,0.0328
L03_002528,414,TRANSFER,443713.27,C1526666125,16995256.17,16551542.9,C1028362359,0.0,443713.27,0,0,L03_00506,LEGITIMATE_HIGH_VALUE_HISTORY,High-value transaction consistent with normal historical account behavior,NONE,1,3,5,NORMAL,0.0261
L03_002529,459,TRANSFER,476343.51,C1526666125,16551542.9,16075199.39,C1028362359,0.0,476343.51,0,0,L03_00506,LEGITIMATE_HIGH_VALUE_HISTORY,High-value transaction consistent with normal historical account behavior,NONE,1,4,5,NORMAL,0.0288
L03_002530,484,TRANSFER,4822559.82,C1526666125,16075199.39,11252639.57,C1028362359,0.0,4822559.82,0,0,L03_00506,LEGITIMATE_HIGH_VALUE_HISTORY,High-value transaction consistent with normal historical account behavior,NONE,1,5,5,NORMAL,0.3
L03_002531,403,TRANSFER,572313.26,C1734036888,9102227.55,8529914.29,C1382394077,0.0,572313.26,0,0,L03_00507,LEGITIMATE_HIGH_VALUE_HISTORY,High-value transaction consistent with normal historical account behavior,NONE,1,1,5,NORMAL,0.0629
L03_002532,432,TRANSFER,446403.32,C1734036888,8529914.29,8083510.97,C1382394077,0.0,446403.32,0,0,L03_00507,LEGITIMATE_HIGH_VALUE_HISTORY,High-value transaction consistent with normal historical account behavior,NONE,1,2,5,NORMAL,0.0523
L03_002533,460,TRANSFER,737401.39,C1734036888,8083510.97,7346109.58,C1382394077,0.0,737401.39,0,0,L03_00507,LEGITIMATE_HIGH_VALUE_HISTORY,High-value transaction consistent with normal historical account behavior,NONE,1,3,5,NORMAL,0.0912
L03_002534,490,TRANSFER,507999.61,C1734036888,7346109.58,6838109.97,C1382394077,0.0,507999.61,0,0,L03_00507,LEGITIMATE_HIGH_VALUE_HISTORY,High-value transaction consistent with normal historical account behavior,NONE,1,4,5,NORMAL,0.0692
L03_002535,549,TRANSFER,2051432.99,C1734036888,6838109.97,4786676.98,C1382394077,0.0,2051432.99,0,0,L03_00507,LEGITIMATE_HIGH_VALUE_HISTORY,High-value transaction consistent with normal historical account behavior,NONE,1,5,5,NORMAL,0.3
L03_002536,358,TRANSFER,639489.75,C818659750,18309998.8,17670509.06,C757534983,0.0,639489.75,0,0,L03_00508,LEGITIMATE_HIGH_VALUE_HISTORY,High-value transaction consistent with normal historical account behavior,NONE,1,1,5,NORMAL,0.0349
L03_002537,397,TRANSFER,785359.74,C818659750,17670509.06,16885149.32,C757534983,0.0,785359.74,0,0,L03_00508,LEGITIMATE_HIGH_VALUE_HISTORY,High-value transaction consistent with normal historical account behavior,NONE,1,2,5,NORMAL,0.0444
L03_002538,443,TRANSFER,379495.55,C818659750,16885149.32,16505653.76,C757534983,0.0,379495.55,0,0,L03_00508,LEGITIMATE_HIGH_VALUE_HISTORY,High-value transaction consistent with normal historical account behavior,NONE,1,3,5,NORMAL,0.0225
L03_002539,473,TRANSFER,402320.83,C818659750,16505653.76,16103332.94,C757534983,0.0,402320.83,0,0,L03_00508,LEGITIMATE_HIGH_VALUE_HISTORY,High-value transaction consistent with normal historical account behavior,NONE,1,4,5,NORMAL,0.0244
L03_002540,491,TRANSFER,4830999.88,C818659750,16103332.94,11272333.05,C757534983,0.0,4830999.88,0,0,L03_00508,LEGITIMATE_HIGH_VALUE_HISTORY,High-value transaction consistent with normal historical account behavior,NONE,1,5,5,NORMAL,0.3
L03_002541,348,TRANSFER,405552.88,C545441274,9581827.73,9176274.85,C1487308040,0.0,405552.88,0,0,L03_00509,LEGITIMATE_HIGH_VALUE_HISTORY,High-value transaction consistent with normal historical account behavior,NONE,1,1,5,NORMAL,0.0423
L03_002542,408,TRANSFER,806693.42,C545441274,9176274.85,8369581.43,C1487308040,0.0,806693.42,0,0,L03_00509,LEGITIMATE_HIGH_VALUE_HISTORY,High-value transaction consistent with normal historical account behavior,NONE,1,2,5,NORMAL,0.0879
L03_002543,443,TRANSFER,778786.85,C545441274,8369581.43,7590794.58,C1487308040,0.0,778786.85,0,0,L03_00509,LEGITIMATE_HIGH_VALUE_HISTORY,High-value transaction consistent with normal historical account behavior,NONE,1,3,5,NORMAL,0.093
L03_002544,486,TRANSFER,339132.07,C545441274,7590794.58,7251662.51,C1487308040,0.0,339132.07,0,0,L03_00509,LEGITIMATE_HIGH_VALUE_HISTORY,High-value transaction consistent with normal historical account behavior,NONE,1,4,5,NORMAL,0.0447
L03_002545,505,TRANSFER,2175498.75,C545441274,7251662.51,5076163.75,C1487308040,0.0,2175498.75,0,0,L03_00509,LEGITIMATE_HIGH_VALUE_HISTORY,High-value transaction consistent with normal historical account behavior,NONE,1,5,5,NORMAL,0.3
L03_002546,434,TRANSFER,374370.91,C78817976,10569074.4,10194703.49,C717928322,0.0,374370.91,0,0,L03_00510,LEGITIMATE_HIGH_VALUE_HISTORY,High-value transaction consistent with normal historical account behavior,NONE,1,1,5,NORMAL,0.0354
L03_002547,454,TRANSFER,721887.23,C78817976,10194703.49,9472816.26,C717928322,0.0,721887.23,0,0,L03_00510,LEGITIMATE_HIGH_VALUE_HISTORY,High-value transaction consistent with normal historical account behavior,NONE,1,2,5,NORMAL,0.0708
L03_002548,492,TRANSFER,359466.78,C78817976,9472816.26,9113349.48,C717928322,0.0,359466.78,0,0,L03_00510,LEGITIMATE_HIGH_VALUE_HISTORY,High-value transaction consistent with normal historical account behavior,NONE,1,3,5,NORMAL,0.0379
L03_002549,542,TRANSFER,854578.17,C78817976,9113349.48,8258771.31,C717928322,0.0,854578.17,0,0,L03_00510,LEGITIMATE_HIGH_VALUE_HISTORY,High-value transaction consistent with normal historical account behavior,NONE,1,4,5,NORMAL,0.0938
L03_002550,577,TRANSFER,2477631.39,C78817976,8258771.31,5781139.92,C717928322,0.0,2477631.39,0,0,L03_00510,LEGITIMATE_HIGH_VALUE_HISTORY,High-value transaction consistent with normal historical account behavior,NONE,1,5,5,NORMAL,0.3
L03_002551,252,TRANSFER,657674.1,C1776603333,7752043.71,7094369.61,C102000195,0.0,657674.1,0,0,L03_00511,LEGITIMATE_HIGH_VALUE_HISTORY,High-value transaction consistent with normal historical account behavior,NONE,1,1,5,NORMAL,0.0848
L03_002552,270,TRANSFER,772882.5,C1776603333,7094369.61,6321487.11,C102000195,0.0,772882.5,0,0,L03_00511,LEGITIMATE_HIGH_VALUE_HISTORY,High-value transaction consistent with normal historical account behavior,NONE,1,2,5,NORMAL,0.1089
L03_002553,314,TRANSFER,335972.09,C1776603333,6321487.11,5985515.02,C102000195,0.0,335972.09,0,0,L03_00511,LEGITIMATE_HIGH_VALUE_HISTORY,High-value transaction consistent with normal historical account behavior,NONE,1,3,5,NORMAL,0.0531
L03_002554,366,TRANSFER,506559.94,C1776603333,5985515.02,5478955.08,C102000195,0.0,506559.94,0,0,L03_00511,LEGITIMATE_HIGH_VALUE_HISTORY,High-value transaction consistent with normal historical account behavior,NONE,1,4,5,NORMAL,0.0846
L03_002555,423,TRANSFER,1643686.52,C1776603333,5478955.08,3835268.56,C102000195,0.0,1643686.52,0,0,L03_00511,LEGITIMATE_HIGH_VALUE_HISTORY,High-value transaction consistent with normal historical account behavior,NONE,1,5,5,NORMAL,0.3
L03_002556,357,TRANSFER,829971.55,C1898731303,19284909.54,18454937.99,C2143310218,0.0,829971.55,0,0,L03_00512,LEGITIMATE_HIGH_VALUE_HISTORY,High-value transaction consistent with normal historical account behavior,NONE,1,1,5,NORMAL,0.043
L03_002557,383,TRANSFER,738999.15,C1898731303,18454937.99,17715938.84,C2143310218,0.0,738999.15,0,0,L03_00512,LEGITIMATE_HIGH_VALUE_HISTORY,High-value transaction consistent with normal historical account behavior,NONE,1,2,5,NORMAL,0.04
L03_002558,435,TRANSFER,739173.88,C1898731303,17715938.84,16976764.96,C2143310218,0.0,739173.88,0,0,L03_00512,LEGITIMATE_HIGH_VALUE_HISTORY,High-value transaction consistent with normal historical account behavior,NONE,1,3,5,NORMAL,0.0417
L03_002559,462,TRANSFER,548461.78,C1898731303,16976764.96,16428303.18,C2143310218,0.0,548461.78,0,0,L03_00512,LEGITIMATE_HIGH_VALUE_HISTORY,High-value transaction consistent with normal historical account behavior,NONE,1,4,5,NORMAL,0.0323
L03_002560,480,TRANSFER,4928490.95,C1898731303,16428303.18,11499812.23,C2143310218,0.0,4928490.95,0,0,L03_00512,LEGITIMATE_HIGH_VALUE_HISTORY,High-value transaction consistent with normal historical account behavior,NONE,1,5,5,NORMAL,0.3
L03_002561,48,TRANSFER,536406.7,C1397146468,7946676.0,7410269.3,C182555395,0.0,536406.7,0,0,L03_00513,LEGITIMATE_HIGH_VALUE_HISTORY,High-value transaction consistent with normal historical account behavior,NONE,1,1,5,NORMAL,0.0675
L03_002562,93,TRANSFER,711120.56,C1397146468,7410269.3,6699148.74,C182555395,0.0,711120.56,0,0,L03_00513,LEGITIMATE_HIGH_VALUE_HISTORY,High-value transaction consistent with normal historical account behavior,NONE,1,2,5,NORMAL,0.096
L03_002563,121,TRANSFER,346329.21,C1397146468,6699148.74,6352819.53,C182555395,0.0,346329.21,0,0,L03_00513,LEGITIMATE_HIGH_VALUE_HISTORY,High-value transaction consistent with normal historical account behavior,NONE,1,3,5,NORMAL,0.0517
L03_002564,178,TRANSFER,587672.99,C1397146468,6352819.53,5765146.54,C182555395,0.0,587672.99,0,0,L03_00513,LEGITIMATE_HIGH_VALUE_HISTORY,High-value transaction consistent with normal historical account behavior,NONE,1,4,5,NORMAL,0.0925
L03_002565,211,TRANSFER,1729543.96,C1397146468,5765146.54,4035602.58,C182555395,0.0,1729543.96,0,0,L03_00513,LEGITIMATE_HIGH_VALUE_HISTORY,High-value transaction consistent with normal historical account behavior,NONE,1,5,5,NORMAL,0.3
L03_002566,346,TRANSFER,533304.53,C2100080896,16424024.47,15890719.94,C670177943,0.0,533304.53,0,0,L03_00514,LEGITIMATE_HIGH_VALUE_HISTORY,High-value transaction consistent with normal historical account behavior,NONE,1,1,5,NORMAL,0.0325
L03_002567,372,TRANSFER,829100.11,C2100080896,15890719.94,15061619.83,C670177943,0.0,829100.11,0,0,L03_00514,LEGITIMATE_HIGH_VALUE_HISTORY,High-value transaction consistent with normal historical account behavior,NONE,1,2,5,NORMAL,0.0522
L03_002568,425,TRANSFER,650447.11,C2100080896,15061619.83,14411172.72,C670177943,0.0,650447.11,0,0,L03_00514,LEGITIMATE_HIGH_VALUE_HISTORY,High-value transaction consistent with normal historical account behavior,NONE,1,3,5,NORMAL,0.0432
L03_002569,464,TRANSFER,465304.46,C2100080896,14411172.72,13945868.26,C670177943,0.0,465304.46,0,0,L03_00514,LEGITIMATE_HIGH_VALUE_HISTORY,High-value transaction consistent with normal historical account behavior,NONE,1,4,5,NORMAL,0.0323
L03_002570,520,TRANSFER,4183760.48,C2100080896,13945868.26,9762107.79,C670177943,0.0,4183760.48,0,0,L03_00514,LEGITIMATE_HIGH_VALUE_HISTORY,High-value transaction consistent with normal historical account behavior,NONE,1,5,5,NORMAL,0.3
L03_002571,369,TRANSFER,591315.71,C1495143993,7984048.38,7392732.67,C1231969885,0.0,591315.71,0,0,L03_00515,LEGITIMATE_HIGH_VALUE_HISTORY,High-value transaction consistent with normal historical account behavior,NONE,1,1,5,NORMAL,0.0741
L03_002572,411,TRANSFER,511432.52,C1495143993,7392732.67,6881300.15,C1231969885,0.0,511432.52,0,0,L03_00515,LEGITIMATE_HIGH_VALUE_HISTORY,High-value transaction consistent with normal historical account behavior,NONE,1,2,5,NORMAL,0.0692
L03_002573,439,TRANSFER,356878.43,C1495143993,6881300.15,6524421.72,C1231969885,0.0,356878.43,0,0,L03_00515,LEGITIMATE_HIGH_VALUE_HISTORY,High-value transaction consistent with normal historical account behavior,NONE,1,3,5,NORMAL,0.0519
L03_002574,485,TRANSFER,442409.94,C1495143993,6524421.72,6082011.78,C1231969885,0.0,442409.94,0,0,L03_00515,LEGITIMATE_HIGH_VALUE_HISTORY,High-value transaction consistent with normal historical account behavior,NONE,1,4,5,NORMAL,0.0678
L03_002575,544,TRANSFER,1824603.53,C1495143993,6082011.78,4257408.25,C1231969885,0.0,1824603.53,0,0,L03_00515,LEGITIMATE_HIGH_VALUE_HISTORY,High-value transaction consistent with normal historical account behavior,NONE,1,5,5,NORMAL,0.3
L03_002576,359,TRANSFER,377342.05,C947530029,6939993.2,6562651.15,C2044105514,0.0,377342.05,0,0,L03_00516,LEGITIMATE_HIGH_VALUE_HISTORY,High-value transaction consistent with normal historical account behavior,NONE,1,1,5,NORMAL,0.0544
L03_002577,396,TRANSFER,453751.85,C947530029,6562651.15,6108899.3,C2044105514,0.0,453751.85,0,0,L03_00516,LEGITIMATE_HIGH_VALUE_HISTORY,High-value transaction consistent with normal historical account behavior,NONE,1,2,5,NORMAL,0.0691
L03_002578,442,TRANSFER,705104.04,C947530029,6108899.3,5403795.26,C2044105514,0.0,705104.04,0,0,L03_00516,LEGITIMATE_HIGH_VALUE_HISTORY,High-value transaction consistent with normal historical account behavior,NONE,1,3,5,NORMAL,0.1154
L03_002579,465,TRANSFER,398476.5,C947530029,5403795.26,5005318.76,C2044105514,0.0,398476.5,0,0,L03_00516,LEGITIMATE_HIGH_VALUE_HISTORY,High-value transaction consistent with normal historical account behavior,NONE,1,4,5,NORMAL,0.0737
L03_002580,494,TRANSFER,1501595.63,C947530029,5005318.76,3503723.13,C2044105514,0.0,1501595.63,0,0,L03_00516,LEGITIMATE_HIGH_VALUE_HISTORY,High-value transaction consistent with normal historical account behavior,NONE,1,5,5,NORMAL,0.3
L03_002581,352,TRANSFER,568915.48,C1010768947,7324405.35,6755489.87,C296619562,0.0,568915.48,0,0,L03_00517,LEGITIMATE_HIGH_VALUE_HISTORY,High-value transaction consistent with normal historical account behavior,NONE,1,1,5,NORMAL,0.0777
L03_002582,374,TRANSFER,413529.08,C1010768947,6755489.87,6341960.79,C296619562,0.0,413529.08,0,0,L03_00517,LEGITIMATE_HIGH_VALUE_HISTORY,High-value transaction consistent with normal historical account behavior,NONE,1,2,5,NORMAL,0.0612
L03_002583,421,TRANSFER,395974.07,C1010768947,6341960.79,5945986.72,C296619562,0.0,395974.07,0,0,L03_00517,LEGITIMATE_HIGH_VALUE_HISTORY,High-value transaction consistent with normal historical account behavior,NONE,1,3,5,NORMAL,0.0624
L03_002584,464,TRANSFER,473051.27,C1010768947,5945986.72,5472935.45,C296619562,0.0,473051.27,0,0,L03_00517,LEGITIMATE_HIGH_VALUE_HISTORY,High-value transaction consistent with normal historical account behavior,NONE,1,4,5,NORMAL,0.0796
L03_002585,495,TRANSFER,1641880.64,C1010768947,5472935.45,3831054.82,C296619562,0.0,1641880.64,0,0,L03_00517,LEGITIMATE_HIGH_VALUE_HISTORY,High-value transaction consistent with normal historical account behavior,NONE,1,5,5,NORMAL,0.3
L03_002586,325,TRANSFER,518672.8,C1084862176,7597676.37,7079003.57,C526003428,0.0,518672.8,0,0,L03_00518,LEGITIMATE_HIGH_VALUE_HISTORY,High-value transaction consistent with normal historical account behavior,NONE,1,1,5,NORMAL,0.0683
L03_002587,360,TRANSFER,436377.17,C1084862176,7079003.57,6642626.4,C526003428,0.0,436377.17,0,0,L03_00518,LEGITIMATE_HIGH_VALUE_HISTORY,High-value transaction consistent with normal historical account behavior,NONE,1,2,5,NORMAL,0.0616
L03_002588,412,TRANSFER,357647.11,C1084862176,6642626.4,6284979.29,C526003428,0.0,357647.11,0,0,L03_00518,LEGITIMATE_HIGH_VALUE_HISTORY,High-value transaction consistent with normal historical account behavior,NONE,1,3,5,NORMAL,0.0538
L03_002589,443,TRANSFER,555241.35,C1084862176,6284979.29,5729737.94,C526003428,0.0,555241.35,0,0,L03_00518,LEGITIMATE_HIGH_VALUE_HISTORY,High-value transaction consistent with normal historical account behavior,NONE,1,4,5,NORMAL,0.0883
L03_002590,496,TRANSFER,1718921.38,C1084862176,5729737.94,4010816.56,C526003428,0.0,1718921.38,0,0,L03_00518,LEGITIMATE_HIGH_VALUE_HISTORY,High-value transaction consistent with normal historical account behavior,NONE,1,5,5,NORMAL,0.3
L03_002591,389,TRANSFER,395180.4,C2142203672,8516887.77,8121707.37,C1728771256,0.0,395180.4,0,0,L03_00519,LEGITIMATE_HIGH_VALUE_HISTORY,High-value transaction consistent with normal historical account behavior,NONE,1,1,5,NORMAL,0.0464
L03_002592,440,TRANSFER,673197.05,C2142203672,8121707.37,7448510.32,C1728771256,0.0,673197.05,0,0,L03_00519,LEGITIMATE_HIGH_VALUE_HISTORY,High-value transaction consistent with normal historical account behavior,NONE,1,2,5,NORMAL,0.0829
L03_002593,477,TRANSFER,476391.01,C2142203672,7448510.32,6972119.31,C1728771256,0.0,476391.01,0,0,L03_00519,LEGITIMATE_HIGH_VALUE_HISTORY,High-value transaction consistent with normal historical account behavior,NONE,1,3,5,NORMAL,0.064
L03_002594,533,TRANSFER,367188.32,C2142203672,6972119.31,6604930.99,C1728771256,0.0,367188.32,0,0,L03_00519,LEGITIMATE_HIGH_VALUE_HISTORY,High-value transaction consistent with normal historical account behavior,NONE,1,4,5,NORMAL,0.0527
L03_002595,590,TRANSFER,1981479.3,C2142203672,6604930.99,4623451.69,C1728771256,0.0,1981479.3,0,0,L03_00519,LEGITIMATE_HIGH_VALUE_HISTORY,High-value transaction consistent with normal historical account behavior,NONE,1,5,5,NORMAL,0.3
L03_002596,322,TRANSFER,596735.17,C1666560485,18730696.16,18133960.98,C1320946922,0.0,596735.17,0,0,L03_00520,LEGITIMATE_HIGH_VALUE_HISTORY,High-value transaction consistent with normal historical account behavior,NONE,1,1,5,NORMAL,0.0319
L03_002597,351,TRANSFER,794790.11,C1666560485,18133960.98,17339170.88,C1320946922,0.0,794790.11,0,0,L03_00520,LEGITIMATE_HIGH_VALUE_HISTORY,High-value transaction consistent with normal historical account behavior,NONE,1,2,5,NORMAL,0.0438
L03_002598,373,TRANSFER,494434.06,C1666560485,17339170.88,16844736.82,C1320946922,0.0,494434.06,0,0,L03_00520,LEGITIMATE_HIGH_VALUE_HISTORY,High-value transaction consistent with normal historical account behavior,NONE,1,3,5,NORMAL,0.0285
L03_002599,403,TRANSFER,601171.43,C1666560485,16844736.82,16243565.39,C1320946922,0.0,601171.43,0,0,L03_00520,LEGITIMATE_HIGH_VALUE_HISTORY,High-value transaction consistent with normal historical account behavior,NONE,1,4,5,NORMAL,0.0357
L03_002600,458,TRANSFER,4873069.62,C1666560485,16243565.39,11370495.77,C1320946922,0.0,4873069.62,0,0,L03_00520,LEGITIMATE_HIGH_VALUE_HISTORY,High-value transaction consistent with normal historical account behavior,NONE,1,5,5,NORMAL,0.3
L03_002601,279,TRANSFER,873991.62,C1883238074,8661893.0,7787901.38,C410759196,0.0,873991.62,0,0,L03_00521,LEGITIMATE_HIGH_VALUE_HISTORY,High-value transaction consistent with normal historical account behavior,NONE,1,1,5,NORMAL,0.1009
L03_002602,298,TRANSFER,712776.51,C1883238074,7787901.38,7075124.87,C410759196,0.0,712776.51,0,0,L03_00521,LEGITIMATE_HIGH_VALUE_HISTORY,High-value transaction consistent with normal historical account behavior,NONE,1,2,5,NORMAL,0.0915
L03_002603,326,TRANSFER,547776.11,C1883238074,7075124.87,6527348.76,C410759196,0.0,547776.11,0,0,L03_00521,LEGITIMATE_HIGH_VALUE_HISTORY,High-value transaction consistent with normal historical account behavior,NONE,1,3,5,NORMAL,0.0774
L03_002604,376,TRANSFER,482658.04,C1883238074,6527348.76,6044690.72,C410759196,0.0,482658.04,0,0,L03_00521,LEGITIMATE_HIGH_VALUE_HISTORY,High-value transaction consistent with normal historical account behavior,NONE,1,4,5,NORMAL,0.0739
L03_002605,421,TRANSFER,1813407.21,C1883238074,6044690.72,4231283.5,C410759196,0.0,1813407.21,0,0,L03_00521,LEGITIMATE_HIGH_VALUE_HISTORY,High-value transaction consistent with normal historical account behavior,NONE,1,5,5,NORMAL,0.3
L03_002606,202,TRANSFER,409034.78,C282137095,7383741.86,6974707.08,C1121331503,0.0,409034.78,0,0,L03_00522,LEGITIMATE_HIGH_VALUE_HISTORY,High-value transaction consistent with normal historical account behavior,NONE,1,1,5,NORMAL,0.0554
L03_002607,230,TRANSFER,874759.03,C282137095,6974707.08,6099948.04,C1121331503,0.0,874759.03,0,0,L03_00522,LEGITIMATE_HIGH_VALUE_HISTORY,High-value transaction consistent with normal historical account behavior,NONE,1,2,5,NORMAL,0.1254
L03_002608,253,TRANSFER,299820.63,C282137095,6099948.04,5800127.42,C1121331503,0.0,299820.63,0,0,L03_00522,LEGITIMATE_HIGH_VALUE_HISTORY,High-value transaction consistent with normal historical account behavior,NONE,1,3,5,NORMAL,0.0492
L03_002609,302,TRANSFER,626014.72,C282137095,5800127.42,5174112.7,C1121331503,0.0,626014.72,0,0,L03_00522,LEGITIMATE_HIGH_VALUE_HISTORY,High-value transaction consistent with normal historical account behavior,NONE,1,4,5,NORMAL,0.1079
L03_002610,339,TRANSFER,1552233.81,C282137095,5174112.7,3621878.89,C1121331503,0.0,1552233.81,0,0,L03_00522,LEGITIMATE_HIGH_VALUE_HISTORY,High-value transaction consistent with normal historical account behavior,NONE,1,5,5,NORMAL,0.3
L03_002611,364,TRANSFER,304409.39,C774293924,8895415.44,8591006.05,C1414324990,0.0,304409.39,0,0,L03_00523,LEGITIMATE_HIGH_VALUE_HISTORY,High-value transaction consistent with normal historical account behavior,NONE,1,1,5,NORMAL,0.0342
L03_002612,384,TRANSFER,322073.78,C774293924,8591006.05,8268932.27,C1414324990,0.0,322073.78,0,0,L03_00523,LEGITIMATE_HIGH_VALUE_HISTORY,High-value transaction consistent with normal historical account behavior,NONE,1,2,5,NORMAL,0.0375
L03_002613,422,TRANSFER,404206.97,C774293924,8268932.27,7864725.3,C1414324990,0.0,404206.97,0,0,L03_00523,LEGITIMATE_HIGH_VALUE_HISTORY,High-value transaction consistent with normal historical account behavior,NONE,1,3,5,NORMAL,0.0489
L03_002614,451,TRANSFER,501583.48,C774293924,7864725.3,7363141.82,C1414324990,0.0,501583.48,0,0,L03_00523,LEGITIMATE_HIGH_VALUE_HISTORY,High-value transaction consistent with normal historical account behavior,NONE,1,4,5,NORMAL,0.0638
L03_002615,477,TRANSFER,2208942.55,C774293924,7363141.82,5154199.27,C1414324990,0.0,2208942.55,0,0,L03_00523,LEGITIMATE_HIGH_VALUE_HISTORY,High-value transaction consistent with normal historical account behavior,NONE,1,5,5,NORMAL,0.3
L03_002616,431,TRANSFER,659657.56,C1616889947,13810231.74,13150574.18,C1699806036,0.0,659657.56,0,0,L03_00524,LEGITIMATE_HIGH_VALUE_HISTORY,High-value transaction consistent with normal historical account behavior,NONE,1,1,5,NORMAL,0.0478
L03_002617,455,TRANSFER,470067.46,C1616889947,13150574.18,12680506.72,C1699806036,0.0,470067.46,0,0,L03_00524,LEGITIMATE_HIGH_VALUE_HISTORY,High-value transaction consistent with normal historical account behavior,NONE,1,2,5,NORMAL,0.0357
L03_002618,505,TRANSFER,784896.89,C1616889947,12680506.72,11895609.83,C1699806036,0.0,784896.89,0,0,L03_00524,LEGITIMATE_HIGH_VALUE_HISTORY,High-value transaction consistent with normal historical account behavior,NONE,1,3,5,NORMAL,0.0619
L03_002619,551,TRANSFER,344266.44,C1616889947,11895609.83,11551343.39,C1699806036,0.0,344266.44,0,0,L03_00524,LEGITIMATE_HIGH_VALUE_HISTORY,High-value transaction consistent with normal historical account behavior,NONE,1,4,5,NORMAL,0.0289
L03_002620,609,TRANSFER,3465403.02,C1616889947,11551343.39,8085940.37,C1699806036,0.0,3465403.02,0,0,L03_00524,LEGITIMATE_HIGH_VALUE_HISTORY,High-value transaction consistent with normal historical account behavior,NONE,1,5,5,NORMAL,0.3
L03_002621,394,TRANSFER,772211.49,C298271884,7880315.52,7108104.03,C71780546,0.0,772211.49,0,0,L03_00525,LEGITIMATE_HIGH_VALUE_HISTORY,High-value transaction consistent with normal historical account behavior,NONE,1,1,5,NORMAL,0.098
L03_002622,416,TRANSFER,403588.16,C298271884,7108104.03,6704515.87,C71780546,0.0,403588.16,0,0,L03_00525,LEGITIMATE_HIGH_VALUE_HISTORY,High-value transaction consistent with normal historical account behavior,NONE,1,2,5,NORMAL,0.0568
L03_002623,471,TRANSFER,700815.39,C298271884,6704515.87,6003700.48,C71780546,0.0,700815.39,0,0,L03_00525,LEGITIMATE_HIGH_VALUE_HISTORY,High-value transaction consistent with normal historical account behavior,NONE,1,3,5,NORMAL,0.1045
L03_002624,519,TRANSFER,421249.43,C298271884,6003700.48,5582451.05,C71780546,0.0,421249.43,0,0,L03_00525,LEGITIMATE_HIGH_VALUE_HISTORY,High-value transaction consistent with normal historical account behavior,NONE,1,4,5,NORMAL,0.0702
L03_002625,571,TRANSFER,1674735.31,C298271884,5582451.05,3907715.73,C71780546,0.0,1674735.31,0,0,L03_00525,LEGITIMATE_HIGH_VALUE_HISTORY,High-value transaction consistent with normal historical account behavior,NONE,1,5,5,NORMAL,0.3
L03_002626,40,TRANSFER,666428.72,C509689689,8062150.71,7395721.99,C1168153455,0.0,666428.72,0,0,L03_00526,LEGITIMATE_HIGH_VALUE_HISTORY,High-value transaction consistent with normal historical account behavior,NONE,1,1,5,NORMAL,0.0827
L03_002627,91,TRANSFER,606803.19,C509689689,7395721.99,6788918.8,C1168153455,0.0,606803.19,0,0,L03_00526,LEGITIMATE_HIGH_VALUE_HISTORY,High-value transaction consistent with normal historical account behavior,NONE,1,2,5,NORMAL,0.082
L03_002628,128,TRANSFER,513472.87,C509689689,6788918.8,6275445.93,C1168153455,0.0,513472.87,0,0,L03_00526,LEGITIMATE_HIGH_VALUE_HISTORY,High-value transaction consistent with normal historical account behavior,NONE,1,3,5,NORMAL,0.0756
L03_002629,172,TRANSFER,638909.82,C509689689,6275445.93,5636536.11,C1168153455,0.0,638909.82,0,0,L03_00526,LEGITIMATE_HIGH_VALUE_HISTORY,High-value transaction consistent with normal historical account behavior,NONE,1,4,5,NORMAL,0.1018
L03_002630,194,TRANSFER,1690960.83,C509689689,5636536.11,3945575.28,C1168153455,0.0,1690960.83,0,0,L03_00526,LEGITIMATE_HIGH_VALUE_HISTORY,High-value transaction consistent with normal historical account behavior,NONE,1,5,5,NORMAL,0.3
L03_002631,453,TRANSFER,501213.02,C989323525,12831887.12,12330674.1,C169316538,0.0,501213.02,0,0,L03_00527,LEGITIMATE_HIGH_VALUE_HISTORY,High-value transaction consistent with normal historical account behavior,NONE,1,1,5,NORMAL,0.0391
L03_002632,504,TRANSFER,457596.6,C989323525,12330674.1,11873077.5,C169316538,0.0,457596.6,0,0,L03_00527,LEGITIMATE_HIGH_VALUE_HISTORY,High-value transaction consistent with normal historical account behavior,NONE,1,2,5,NORMAL,0.0371
L03_002633,526,TRANSFER,716202.11,C989323525,11873077.5,11156875.39,C169316538,0.0,716202.11,0,0,L03_00527,LEGITIMATE_HIGH_VALUE_HISTORY,High-value transaction consistent with normal historical account behavior,NONE,1,3,5,NORMAL,0.0603
L03_002634,566,TRANSFER,379153.64,C989323525,11156875.39,10777721.75,C169316538,0.0,379153.64,0,0,L03_00527,LEGITIMATE_HIGH_VALUE_HISTORY,High-value transaction consistent with normal historical account behavior,NONE,1,4,5,NORMAL,0.034
L03_002635,604,TRANSFER,3233316.52,C989323525,10777721.75,7544405.22,C169316538,0.0,3233316.52,0,0,L03_00527,LEGITIMATE_HIGH_VALUE_HISTORY,High-value transaction consistent with normal historical account behavior,NONE,1,5,5,NORMAL,0.3
L03_002636,168,TRANSFER,440208.14,C1051777851,8199508.29,7759300.15,C1291681774,0.0,440208.14,0,0,L03_00528,LEGITIMATE_HIGH_VALUE_HISTORY,High-value transaction consistent with normal historical account behavior,NONE,1,1,5,NORMAL,0.0537
L03_002637,197,TRANSFER,760818.33,C1051777851,7759300.15,6998481.82,C1291681774,0.0,760818.33,0,0,L03_00528,LEGITIMATE_HIGH_VALUE_HISTORY,High-value transaction consistent with normal historical account behavior,NONE,1,2,5,NORMAL,0.0981
L03_002638,225,TRANSFER,473104.67,C1051777851,6998481.82,6525377.15,C1291681774,0.0,473104.67,0,0,L03_00528,LEGITIMATE_HIGH_VALUE_HISTORY,High-value transaction consistent with normal historical account behavior,NONE,1,3,5,NORMAL,0.0676
L03_002639,276,TRANSFER,685241.91,C1051777851,6525377.15,5840135.24,C1291681774,0.0,685241.91,0,0,L03_00528,LEGITIMATE_HIGH_VALUE_HISTORY,High-value transaction consistent with normal historical account behavior,NONE,1,4,5,NORMAL,0.105
L03_002640,304,TRANSFER,1752040.57,C1051777851,5840135.24,4088094.67,C1291681774,0.0,1752040.57,0,0,L03_00528,LEGITIMATE_HIGH_VALUE_HISTORY,High-value transaction consistent with normal historical account behavior,NONE,1,5,5,NORMAL,0.3
L03_002641,369,TRANSFER,523897.83,C809798528,18381111.48,17857213.65,C810631086,0.0,523897.83,0,0,L03_00529,LEGITIMATE_HIGH_VALUE_HISTORY,High-value transaction consistent with normal historical account behavior,NONE,1,1,5,NORMAL,0.0285
L03_002642,422,TRANSFER,587453.0,C809798528,17857213.65,17269760.65,C810631086,0.0,587453.0,0,0,L03_00529,LEGITIMATE_HIGH_VALUE_HISTORY,High-value transaction consistent with normal historical account behavior,NONE,1,2,5,NORMAL,0.0329
L03_002643,468,TRANSFER,744909.28,C809798528,17269760.65,16524851.37,C810631086,0.0,744909.28,0,0,L03_00529,LEGITIMATE_HIGH_VALUE_HISTORY,High-value transaction consistent with normal historical account behavior,NONE,1,3,5,NORMAL,0.0431
L03_002644,526,TRANSFER,397814.21,C809798528,16524851.37,16127037.16,C810631086,0.0,397814.21,0,0,L03_00529,LEGITIMATE_HIGH_VALUE_HISTORY,High-value transaction consistent with normal historical account behavior,NONE,1,4,5,NORMAL,0.0241
L03_002645,569,TRANSFER,4838111.15,C809798528,16127037.16,11288926.01,C810631086,0.0,4838111.15,0,0,L03_00529,LEGITIMATE_HIGH_VALUE_HISTORY,High-value transaction consistent with normal historical account behavior,NONE,1,5,5,NORMAL,0.3
L03_002646,313,TRANSFER,572960.05,C1971552782,19103385.56,18530425.5,C1193179406,0.0,572960.05,0,0,L03_00530,LEGITIMATE_HIGH_VALUE_HISTORY,High-value transaction consistent with normal historical account behavior,NONE,1,1,5,NORMAL,0.03
L03_002647,335,TRANSFER,870062.09,C1971552782,18530425.5,17660363.42,C1193179406,0.0,870062.09,0,0,L03_00530,LEGITIMATE_HIGH_VALUE_HISTORY,High-value transaction consistent with normal historical account behavior,NONE,1,2,5,NORMAL,0.047
L03_002648,350,TRANSFER,703051.75,C1971552782,17660363.42,16957311.66,C1193179406,0.0,703051.75,0,0,L03_00530,LEGITIMATE_HIGH_VALUE_HISTORY,High-value transaction consistent with normal historical account behavior,NONE,1,3,5,NORMAL,0.0398
L03_002649,387,TRANSFER,589516.48,C1971552782,16957311.66,16367795.18,C1193179406,0.0,589516.48,0,0,L03_00530,LEGITIMATE_HIGH_VALUE_HISTORY,High-value transaction consistent with normal historical account behavior,NONE,1,4,5,NORMAL,0.0348
L03_002650,423,TRANSFER,4910338.56,C1971552782,16367795.18,11457456.63,C1193179406,0.0,4910338.56,0,0,L03_00530,LEGITIMATE_HIGH_VALUE_HISTORY,High-value transaction consistent with normal historical account behavior,NONE,1,5,5,NORMAL,0.3
L03_002651,357,TRANSFER,823773.25,C794403848,10990620.31,10166847.06,C782059140,0.0,823773.25,0,0,L03_00531,LEGITIMATE_HIGH_VALUE_HISTORY,High-value transaction consistent with normal historical account behavior,NONE,1,1,5,NORMAL,0.075
L03_002652,396,TRANSFER,379283.59,C794403848,10166847.06,9787563.47,C782059140,0.0,379283.59,0,0,L03_00531,LEGITIMATE_HIGH_VALUE_HISTORY,High-value transaction consistent with normal historical account behavior,NONE,1,2,5,NORMAL,0.0373
L03_002653,437,TRANSFER,510798.0,C794403848,9787563.47,9276765.47,C782059140,0.0,510798.0,0,0,L03_00531,LEGITIMATE_HIGH_VALUE_HISTORY,High-value transaction consistent with normal historical account behavior,NONE,1,3,5,NORMAL,0.0522
L03_002654,476,TRANSFER,591969.48,C794403848,9276765.47,8684795.99,C782059140,0.0,591969.48,0,0,L03_00531,LEGITIMATE_HIGH_VALUE_HISTORY,High-value transaction consistent with normal historical account behavior,NONE,1,4,5,NORMAL,0.0638
L03_002655,507,TRANSFER,2605438.8,C794403848,8684795.99,6079357.2,C782059140,0.0,2605438.8,0,0,L03_00531,LEGITIMATE_HIGH_VALUE_HISTORY,High-value transaction consistent with normal historical account behavior,NONE,1,5,5,NORMAL,0.3
L03_002656,24,TRANSFER,437137.34,C812012253,9338100.33,8900962.99,C257761496,0.0,437137.34,0,0,L03_00532,LEGITIMATE_HIGH_VALUE_HISTORY,High-value transaction consistent with normal historical account behavior,NONE,1,1,5,NORMAL,0.0468
L03_002657,80,TRANSFER,660059.19,C812012253,8900962.99,8240903.8,C257761496,0.0,660059.19,0,0,L03_00532,LEGITIMATE_HIGH_VALUE_HISTORY,High-value transaction consistent with normal historical account behavior,NONE,1,2,5,NORMAL,0.0742
L03_002658,124,TRANSFER,349517.97,C812012253,8240903.8,7891385.83,C257761496,0.0,349517.97,0,0,L03_00532,LEGITIMATE_HIGH_VALUE_HISTORY,High-value transaction consistent with normal historical account behavior,NONE,1,3,5,NORMAL,0.0424
L03_002659,165,TRANSFER,641485.51,C812012253,7891385.83,7249900.32,C257761496,0.0,641485.51,0,0,L03_00532,LEGITIMATE_HIGH_VALUE_HISTORY,High-value transaction consistent with normal historical account behavior,NONE,1,4,5,NORMAL,0.0813
L03_002660,224,TRANSFER,2174970.1,C812012253,7249900.32,5074930.22,C257761496,0.0,2174970.1,0,0,L03_00532,LEGITIMATE_HIGH_VALUE_HISTORY,High-value transaction consistent with normal historical account behavior,NONE,1,5,5,NORMAL,0.3
L03_002661,350,TRANSFER,631522.62,C2552895,18440195.58,17808672.96,C553162522,0.0,631522.62,0,0,L03_00533,LEGITIMATE_HIGH_VALUE_HISTORY,High-value transaction consistent with normal historical account behavior,NONE,1,1,5,NORMAL,0.0342
L03_002662,374,TRANSFER,446256.18,C2552895,17808672.96,17362416.78,C553162522,0.0,446256.18,0,0,L03_00533,LEGITIMATE_HIGH_VALUE_HISTORY,High-value transaction consistent with normal historical account behavior,NONE,1,2,5,NORMAL,0.0251
L03_002663,401,TRANSFER,868131.89,C2552895,17362416.78,16494284.89,C553162522,0.0,868131.89,0,0,L03_00533,LEGITIMATE_HIGH_VALUE_HISTORY,High-value transaction consistent with normal historical account behavior,NONE,1,3,5,NORMAL,0.05
L03_002664,442,TRANSFER,347553.03,C2552895,16494284.89,16146731.86,C553162522,0.0,347553.03,0,0,L03_00533,LEGITIMATE_HIGH_VALUE_HISTORY,High-value transaction consistent with normal historical account behavior,NONE,1,4,5,NORMAL,0.0211
L03_002665,489,TRANSFER,4844019.56,C2552895,16146731.86,11302712.3,C553162522,0.0,4844019.56,0,0,L03_00533,LEGITIMATE_HIGH_VALUE_HISTORY,High-value transaction consistent with normal historical account behavior,NONE,1,5,5,NORMAL,0.3
L03_002666,254,TRANSFER,527798.17,C205240684,7343450.54,6815652.37,C1837145358,0.0,527798.17,0,0,L03_00534,LEGITIMATE_HIGH_VALUE_HISTORY,High-value transaction consistent with normal historical account behavior,NONE,1,1,5,NORMAL,0.0719
L03_002667,281,TRANSFER,604616.4,C205240684,6815652.37,6211035.96,C1837145358,0.0,604616.4,0,0,L03_00534,LEGITIMATE_HIGH_VALUE_HISTORY,High-value transaction consistent with normal historical account behavior,NONE,1,2,5,NORMAL,0.0887
L03_002668,339,TRANSFER,577934.13,C205240684,6211035.96,5633101.83,C1837145358,0.0,577934.13,0,0,L03_00534,LEGITIMATE_HIGH_VALUE_HISTORY,High-value transaction consistent with normal historical account behavior,NONE,1,3,5,NORMAL,0.093
L03_002669,394,TRANSFER,341553.72,C205240684,5633101.83,5291548.12,C1837145358,0.0,341553.72,0,0,L03_00534,LEGITIMATE_HIGH_VALUE_HISTORY,High-value transaction consistent with normal historical account behavior,NONE,1,4,5,NORMAL,0.0606
L03_002670,447,TRANSFER,1587464.43,C205240684,5291548.12,3704083.68,C1837145358,0.0,1587464.43,0,0,L03_00534,LEGITIMATE_HIGH_VALUE_HISTORY,High-value transaction consistent with normal historical account behavior,NONE,1,5,5,NORMAL,0.3
L03_002671,347,TRANSFER,292268.97,C1482349383,8517348.83,8225079.86,C1805225013,0.0,292268.97,0,0,L03_00535,LEGITIMATE_HIGH_VALUE_HISTORY,High-value transaction consistent with normal historical account behavior,NONE,1,1,5,NORMAL,0.0343
L03_002672,379,TRANSFER,826249.16,C1482349383,8225079.86,7398830.7,C1805225013,0.0,826249.16,0,0,L03_00535,LEGITIMATE_HIGH_VALUE_HISTORY,High-value transaction consistent with normal historical account behavior,NONE,1,2,5,NORMAL,0.1005
L03_002673,415,TRANSFER,397294.14,C1482349383,7398830.7,7001536.56,C1805225013,0.0,397294.14,0,0,L03_00535,LEGITIMATE_HIGH_VALUE_HISTORY,High-value transaction consistent with normal historical account behavior,NONE,1,3,5,NORMAL,0.0537
L03_002674,446,TRANSFER,322012.14,C1482349383,7001536.56,6679524.42,C1805225013,0.0,322012.14,0,0,L03_00535,LEGITIMATE_HIGH_VALUE_HISTORY,High-value transaction consistent with normal historical account behavior,NONE,1,4,5,NORMAL,0.046
L03_002675,499,TRANSFER,2003857.32,C1482349383,6679524.42,4675667.09,C1805225013,0.0,2003857.32,0,0,L03_00535,LEGITIMATE_HIGH_VALUE_HISTORY,High-value transaction consistent with normal historical account behavior,NONE,1,5,5,NORMAL,0.3
L03_002676,265,TRANSFER,572236.98,C1901107767,7145496.45,6573259.47,C1065644864,0.0,572236.98,0,0,L03_00536,LEGITIMATE_HIGH_VALUE_HISTORY,High-value transaction consistent with normal historical account behavior,NONE,1,1,5,NORMAL,0.0801
L03_002677,287,TRANSFER,323715.6,C1901107767,6573259.47,6249543.87,C1065644864,0.0,323715.6,0,0,L03_00536,LEGITIMATE_HIGH_VALUE_HISTORY,High-value transaction consistent with normal historical account behavior,NONE,1,2,5,NORMAL,0.0492
L03_002678,337,TRANSFER,631199.96,C1901107767,6249543.87,5618343.91,C1065644864,0.0,631199.96,0,0,L03_00536,LEGITIMATE_HIGH_VALUE_HISTORY,High-value transaction consistent with normal historical account behavior,NONE,1,3,5,NORMAL,0.101
L03_002679,386,TRANSFER,367117.61,C1901107767,5618343.91,5251226.3,C1065644864,0.0,367117.61,0,0,L03_00536,LEGITIMATE_HIGH_VALUE_HISTORY,High-value transaction consistent with normal historical account behavior,NONE,1,4,5,NORMAL,0.0653
L03_002680,409,TRANSFER,1575367.89,C1901107767,5251226.3,3675858.41,C1065644864,0.0,1575367.89,0,0,L03_00536,LEGITIMATE_HIGH_VALUE_HISTORY,High-value transaction consistent with normal historical account behavior,NONE,1,5,5,NORMAL,0.3
L03_002681,423,TRANSFER,823594.06,C323023477,9410230.7,8586636.63,C1002973579,0.0,823594.06,0,0,L03_00537,LEGITIMATE_HIGH_VALUE_HISTORY,High-value transaction consistent with normal historical account behavior,NONE,1,1,5,NORMAL,0.0875
L03_002682,439,TRANSFER,666934.09,C323023477,8586636.63,7919702.54,C1002973579,0.0,666934.09,0,0,L03_00537,LEGITIMATE_HIGH_VALUE_HISTORY,High-value transaction consistent with normal historical account behavior,NONE,1,2,5,NORMAL,0.0777
L03_002683,460,TRANSFER,521353.28,C323023477,7919702.54,7398349.26,C1002973579,0.0,521353.28,0,0,L03_00537,LEGITIMATE_HIGH_VALUE_HISTORY,High-value transaction consistent with normal historical account behavior,NONE,1,3,5,NORMAL,0.0658
L03_002684,492,TRANSFER,845832.18,C323023477,7398349.26,6552517.08,C1002973579,0.0,845832.18,0,0,L03_00537,LEGITIMATE_HIGH_VALUE_HISTORY,High-value transaction consistent with normal historical account behavior,NONE,1,4,5,NORMAL,0.1143
L03_002685,508,TRANSFER,1965755.13,C323023477,6552517.08,4586761.96,C1002973579,0.0,1965755.13,0,0,L03_00537,LEGITIMATE_HIGH_VALUE_HISTORY,High-value transaction consistent with normal historical account behavior,NONE,1,5,5,NORMAL,0.3
L03_002686,335,TRANSFER,335342.47,C216942433,17781632.1,17446289.63,C993603737,0.0,335342.47,0,0,L03_00538,LEGITIMATE_HIGH_VALUE_HISTORY,High-value transaction consistent with normal historical account behavior,NONE,1,1,5,NORMAL,0.0189
L03_002687,368,TRANSFER,445046.56,C216942433,17446289.63,17001243.07,C993603737,0.0,445046.56,0,0,L03_00538,LEGITIMATE_HIGH_VALUE_HISTORY,High-value transaction consistent with normal historical account behavior,NONE,1,2,5,NORMAL,0.0255
L03_002688,387,TRANSFER,695257.39,C216942433,17001243.07,16305985.68,C993603737,0.0,695257.39,0,0,L03_00538,LEGITIMATE_HIGH_VALUE_HISTORY,High-value transaction consistent with normal historical account behavior,NONE,1,3,5,NORMAL,0.0409
L03_002689,402,TRANSFER,611601.8,C216942433,16305985.68,15694383.88,C993603737,0.0,611601.8,0,0,L03_00538,LEGITIMATE_HIGH_VALUE_HISTORY,High-value transaction consistent with normal historical account behavior,NONE,1,4,5,NORMAL,0.0375
L03_002690,460,TRANSFER,4708315.16,C216942433,15694383.88,10986068.72,C993603737,0.0,4708315.16,0,0,L03_00538,LEGITIMATE_HIGH_VALUE_HISTORY,High-value transaction consistent with normal historical account behavior,NONE,1,5,5,NORMAL,0.3
L03_002691,432,TRANSFER,666275.99,C1002771960,9833475.81,9167199.82,C583485973,0.0,666275.99,0,0,L03_00539,LEGITIMATE_HIGH_VALUE_HISTORY,High-value transaction consistent with normal historical account behavior,NONE,1,1,5,NORMAL,0.0678
L03_002692,451,TRANSFER,331545.67,C1002771960,9167199.82,8835654.15,C583485973,0.0,331545.67,0,0,L03_00539,LEGITIMATE_HIGH_VALUE_HISTORY,High-value transaction consistent with normal historical account behavior,NONE,1,2,5,NORMAL,0.0362
L03_002693,476,TRANSFER,820905.38,C1002771960,8835654.15,8014748.77,C583485973,0.0,820905.38,0,0,L03_00539,LEGITIMATE_HIGH_VALUE_HISTORY,High-value transaction consistent with normal historical account behavior,NONE,1,3,5,NORMAL,0.0929
L03_002694,508,TRANSFER,559610.03,C1002771960,8014748.77,7455138.74,C583485973,0.0,559610.03,0,0,L03_00539,LEGITIMATE_HIGH_VALUE_HISTORY,High-value transaction consistent with normal historical account behavior,NONE,1,4,5,NORMAL,0.0698
L03_002695,565,TRANSFER,2236541.62,C1002771960,7455138.74,5218597.12,C583485973,0.0,2236541.62,0,0,L03_00539,LEGITIMATE_HIGH_VALUE_HISTORY,High-value transaction consistent with normal historical account behavior,NONE,1,5,5,NORMAL,0.3
L03_002696,406,TRANSFER,425488.81,C1435906733,17116845.63,16691356.82,C1661993247,0.0,425488.81,0,0,L03_00540,LEGITIMATE_HIGH_VALUE_HISTORY,High-value transaction consistent with normal historical account behavior,NONE,1,1,5,NORMAL,0.0249
L03_002697,435,TRANSFER,633764.3,C1435906733,16691356.82,16057592.52,C1661993247,0.0,633764.3,0,0,L03_00540,LEGITIMATE_HIGH_VALUE_HISTORY,High-value transaction consistent with normal historical account behavior,NONE,1,2,5,NORMAL,0.038
L03_002698,469,TRANSFER,816099.28,C1435906733,16057592.52,15241493.24,C1661993247,0.0,816099.28,0,0,L03_00540,LEGITIMATE_HIGH_VALUE_HISTORY,High-value transaction consistent with normal historical account behavior,NONE,1,3,5,NORMAL,0.0508
L03_002699,500,TRANSFER,565653.71,C1435906733,15241493.24,14675839.53,C1661993247,0.0,565653.71,0,0,L03_00540,LEGITIMATE_HIGH_VALUE_HISTORY,High-value transaction consistent with normal historical account behavior,NONE,1,4,5,NORMAL,0.0371
L03_002700,555,TRANSFER,4402751.86,C1435906733,14675839.53,10273087.67,C1661993247,0.0,4402751.86,0,0,L03_00540,LEGITIMATE_HIGH_VALUE_HISTORY,High-value transaction consistent with normal historical account behavior,NONE,1,5,5,NORMAL,0.3
L03_002701,334,TRANSFER,398188.0,C304925516,14398432.88,14000244.88,C1176879193,0.0,398188.0,0,0,L03_00541,LEGITIMATE_HIGH_VALUE_HISTORY,High-value transaction consistent with normal historical account behavior,NONE,1,1,5,NORMAL,0.0277
L03_002702,393,TRANSFER,863690.02,C304925516,14000244.88,13136554.86,C1176879193,0.0,863690.02,0,0,L03_00541,LEGITIMATE_HIGH_VALUE_HISTORY,High-value transaction consistent with normal historical account behavior,NONE,1,2,5,NORMAL,0.0617
L03_002703,413,TRANSFER,418291.92,C304925516,13136554.86,12718262.94,C1176879193,0.0,418291.92,0,0,L03_00541,LEGITIMATE_HIGH_VALUE_HISTORY,High-value transaction consistent with normal historical account behavior,NONE,1,3,5,NORMAL,0.0318
L03_002704,435,TRANSFER,406615.16,C304925516,12718262.94,12311647.78,C1176879193,0.0,406615.16,0,0,L03_00541,LEGITIMATE_HIGH_VALUE_HISTORY,High-value transaction consistent with normal historical account behavior,NONE,1,4,5,NORMAL,0.032
L03_002705,495,TRANSFER,3693494.33,C304925516,12311647.78,8618153.44,C1176879193,0.0,3693494.33,0,0,L03_00541,LEGITIMATE_HIGH_VALUE_HISTORY,High-value transaction consistent with normal historical account behavior,NONE,1,5,5,NORMAL,0.3
L03_002706,397,TRANSFER,859142.62,C648000651,10659697.05,9800554.43,C183491570,0.0,859142.62,0,0,L03_00542,LEGITIMATE_HIGH_VALUE_HISTORY,High-value transaction consistent with normal historical account behavior,NONE,1,1,5,NORMAL,0.0806
L03_002707,456,TRANSFER,374084.61,C648000651,9800554.43,9426469.82,C183491570,0.0,374084.61,0,0,L03_00542,LEGITIMATE_HIGH_VALUE_HISTORY,High-value transaction consistent with normal historical account behavior,NONE,1,2,5,NORMAL,0.0382
L03_002708,487,TRANSFER,394462.08,C648000651,9426469.82,9032007.74,C183491570,0.0,394462.08,0,0,L03_00542,LEGITIMATE_HIGH_VALUE_HISTORY,High-value transaction consistent with normal historical account behavior,NONE,1,3,5,NORMAL,0.0418
L03_002709,529,TRANSFER,568561.13,C648000651,9032007.74,8463446.61,C183491570,0.0,568561.13,0,0,L03_00542,LEGITIMATE_HIGH_VALUE_HISTORY,High-value transaction consistent with normal historical account behavior,NONE,1,4,5,NORMAL,0.0629
L03_002710,550,TRANSFER,2539033.98,C648000651,8463446.61,5924412.63,C183491570,0.0,2539033.98,0,0,L03_00542,LEGITIMATE_HIGH_VALUE_HISTORY,High-value transaction consistent with normal historical account behavior,NONE,1,5,5,NORMAL,0.3
L03_002711,537,TRANSFER,698039.51,C1376223617,8607225.18,7909185.67,C735764004,0.0,698039.51,0,0,L03_00543,LEGITIMATE_HIGH_VALUE_HISTORY,High-value transaction consistent with normal historical account behavior,NONE,1,1,5,NORMAL,0.0811
L03_002712,585,TRANSFER,696801.12,C1376223617,7909185.67,7212384.55,C735764004,0.0,696801.12,0,0,L03_00543,LEGITIMATE_HIGH_VALUE_HISTORY,High-value transaction consistent with normal historical account behavior,NONE,1,2,5,NORMAL,0.0881
L03_002713,635,TRANSFER,489388.11,C1376223617,7212384.55,6722996.44,C735764004,0.0,489388.11,0,0,L03_00543,LEGITIMATE_HIGH_VALUE_HISTORY,High-value transaction consistent with normal historical account behavior,NONE,1,3,5,NORMAL,0.0679
L03_002714,650,TRANSFER,614587.53,C1376223617,6722996.44,6108408.91,C735764004,0.0,614587.53,0,0,L03_00543,LEGITIMATE_HIGH_VALUE_HISTORY,High-value transaction consistent with normal historical account behavior,NONE,1,4,5,NORMAL,0.0914
L03_002715,681,TRANSFER,1832522.67,C1376223617,6108408.91,4275886.24,C735764004,0.0,1832522.67,0,0,L03_00543,LEGITIMATE_HIGH_VALUE_HISTORY,High-value transaction consistent with normal historical account behavior,NONE,1,5,5,NORMAL,0.3
L03_002716,308,TRANSFER,503336.72,C1826834913,7388652.58,6885315.86,C1336006046,0.0,503336.72,0,0,L03_00544,LEGITIMATE_HIGH_VALUE_HISTORY,High-value transaction consistent with normal historical account behavior,NONE,1,1,5,NORMAL,0.0681
L03_002717,359,TRANSFER,359621.1,C1826834913,6885315.86,6525694.76,C1336006046,0.0,359621.1,0,0,L03_00544,LEGITIMATE_HIGH_VALUE_HISTORY,High-value transaction consistent with normal historical account behavior,NONE,1,2,5,NORMAL,0.0522
L03_002718,376,TRANSFER,449867.52,C1826834913,6525694.76,6075827.24,C1336006046,0.0,449867.52,0,0,L03_00544,LEGITIMATE_HIGH_VALUE_HISTORY,High-value transaction consistent with normal historical account behavior,NONE,1,3,5,NORMAL,0.0689
L03_002719,399,TRANSFER,470735.84,C1826834913,6075827.24,5605091.4,C1336006046,0.0,470735.84,0,0,L03_00544,LEGITIMATE_HIGH_VALUE_HISTORY,High-value transaction consistent with normal historical account behavior,NONE,1,4,5,NORMAL,0.0775
L03_002720,419,TRANSFER,1681527.42,C1826834913,5605091.4,3923563.98,C1336006046,0.0,1681527.42,0,0,L03_00544,LEGITIMATE_HIGH_VALUE_HISTORY,High-value transaction consistent with normal historical account behavior,NONE,1,5,5,NORMAL,0.3
L03_002721,372,TRANSFER,415967.06,C1097378267,7486289.45,7070322.39,C155270476,0.0,415967.06,0,0,L03_00545,LEGITIMATE_HIGH_VALUE_HISTORY,High-value transaction consistent with normal historical account behavior,NONE,1,1,5,NORMAL,0.0556
L03_002722,405,TRANSFER,503607.11,C1097378267,7070322.39,6566715.28,C155270476,0.0,503607.11,0,0,L03_00545,LEGITIMATE_HIGH_VALUE_HISTORY,High-value transaction consistent with normal historical account behavior,NONE,1,2,5,NORMAL,0.0712
L03_002723,445,TRANSFER,776952.42,C1097378267,6566715.28,5789762.86,C155270476,0.0,776952.42,0,0,L03_00545,LEGITIMATE_HIGH_VALUE_HISTORY,High-value transaction consistent with normal historical account behavior,NONE,1,3,5,NORMAL,0.1183
L03_002724,487,TRANSFER,393932.38,C1097378267,5789762.86,5395830.48,C155270476,0.0,393932.38,0,0,L03_00545,LEGITIMATE_HIGH_VALUE_HISTORY,High-value transaction consistent with normal historical account behavior,NONE,1,4,5,NORMAL,0.068
L03_002725,504,TRANSFER,1618749.14,C1097378267,5395830.48,3777081.33,C155270476,0.0,1618749.14,0,0,L03_00545,LEGITIMATE_HIGH_VALUE_HISTORY,High-value transaction consistent with normal historical account behavior,NONE,1,5,5,NORMAL,0.3
L03_002726,32,TRANSFER,551111.38,C970896560,9040552.68,8489441.3,C1733234480,0.0,551111.38,0,0,L03_00546,LEGITIMATE_HIGH_VALUE_HISTORY,High-value transaction consistent with normal historical account behavior,NONE,1,1,5,NORMAL,0.061
L03_002727,50,TRANSFER,679380.65,C970896560,8489441.3,7810060.65,C1733234480,0.0,679380.65,0,0,L03_00546,LEGITIMATE_HIGH_VALUE_HISTORY,High-value transaction consistent with normal historical account behavior,NONE,1,2,5,NORMAL,0.08
L03_002728,110,TRANSFER,568203.75,C970896560,7810060.65,7241856.9,C1733234480,0.0,568203.75,0,0,L03_00546,LEGITIMATE_HIGH_VALUE_HISTORY,High-value transaction consistent with normal historical account behavior,NONE,1,3,5,NORMAL,0.0728
L03_002729,144,TRANSFER,788225.74,C970896560,7241856.9,6453631.16,C1733234480,0.0,788225.74,0,0,L03_00546,LEGITIMATE_HIGH_VALUE_HISTORY,High-value transaction consistent with normal historical account behavior,NONE,1,4,5,NORMAL,0.1088
L03_002730,188,TRANSFER,1936089.35,C970896560,6453631.16,4517541.81,C1733234480,0.0,1936089.35,0,0,L03_00546,LEGITIMATE_HIGH_VALUE_HISTORY,High-value transaction consistent with normal historical account behavior,NONE,1,5,5,NORMAL,0.3
L03_002731,445,TRANSFER,315396.81,C986002774,7158973.96,6843577.16,C274355883,0.0,315396.81,0,0,L03_00547,LEGITIMATE_HIGH_VALUE_HISTORY,High-value transaction consistent with normal historical account behavior,NONE,1,1,5,NORMAL,0.0441
L03_002732,483,TRANSFER,573915.48,C986002774,6843577.16,6269661.68,C274355883,0.0,573915.48,0,0,L03_00547,LEGITIMATE_HIGH_VALUE_HISTORY,High-value transaction consistent with normal historical account behavior,NONE,1,2,5,NORMAL,0.0839
L03_002733,538,TRANSFER,367957.02,C986002774,6269661.68,5901704.66,C274355883,0.0,367957.02,0,0,L03_00547,LEGITIMATE_HIGH_VALUE_HISTORY,High-value transaction consistent with normal historical account behavior,NONE,1,3,5,NORMAL,0.0587
L03_002734,575,TRANSFER,412761.24,C986002774,5901704.66,5488943.42,C274355883,0.0,412761.24,0,0,L03_00547,LEGITIMATE_HIGH_VALUE_HISTORY,High-value transaction consistent with normal historical account behavior,NONE,1,4,5,NORMAL,0.0699
L03_002735,606,TRANSFER,1646683.02,C986002774,5488943.42,3842260.39,C274355883,0.0,1646683.02,0,0,L03_00547,LEGITIMATE_HIGH_VALUE_HISTORY,High-value transaction consistent with normal historical account behavior,NONE,1,5,5,NORMAL,0.3
L03_002736,362,TRANSFER,729918.56,C2135834722,9129956.73,8400038.17,C512919598,0.0,729918.56,0,0,L03_00548,LEGITIMATE_HIGH_VALUE_HISTORY,High-value transaction consistent with normal historical account behavior,NONE,1,1,5,NORMAL,0.0799
L03_002737,402,TRANSFER,720357.45,C2135834722,8400038.17,7679680.72,C512919598,0.0,720357.45,0,0,L03_00548,LEGITIMATE_HIGH_VALUE_HISTORY,High-value transaction consistent with normal historical account behavior,NONE,1,2,5,NORMAL,0.0858
L03_002738,436,TRANSFER,504131.85,C2135834722,7679680.72,7175548.87,C512919598,0.0,504131.85,0,0,L03_00548,LEGITIMATE_HIGH_VALUE_HISTORY,High-value transaction consistent with normal historical account behavior,NONE,1,3,5,NORMAL,0.0656
L03_002739,476,TRANSFER,697780.53,C2135834722,7175548.87,6477768.34,C512919598,0.0,697780.53,0,0,L03_00548,LEGITIMATE_HIGH_VALUE_HISTORY,High-value transaction consistent with normal historical account behavior,NONE,1,4,5,NORMAL,0.0972
L03_002740,511,TRANSFER,1943330.5,C2135834722,6477768.34,4534437.84,C512919598,0.0,1943330.5,0,0,L03_00548,LEGITIMATE_HIGH_VALUE_HISTORY,High-value transaction consistent with normal historical account behavior,NONE,1,5,5,NORMAL,0.3
L03_002741,53,TRANSFER,680311.11,C466318345,8000835.31,7320524.2,C1988451596,0.0,680311.11,0,0,L03_00549,LEGITIMATE_HIGH_VALUE_HISTORY,High-value transaction consistent with normal historical account behavior,NONE,1,1,5,NORMAL,0.085
L03_002742,98,TRANSFER,485456.11,C466318345,7320524.2,6835068.09,C1988451596,0.0,485456.11,0,0,L03_00549,LEGITIMATE_HIGH_VALUE_HISTORY,High-value transaction consistent with normal historical account behavior,NONE,1,2,5,NORMAL,0.0663
L03_002743,157,TRANSFER,427227.64,C466318345,6835068.09,6407840.45,C1988451596,0.0,427227.64,0,0,L03_00549,LEGITIMATE_HIGH_VALUE_HISTORY,High-value transaction consistent with normal historical account behavior,NONE,1,3,5,NORMAL,0.0625
L03_002744,191,TRANSFER,515418.18,C466318345,6407840.45,5892422.27,C1988451596,0.0,515418.18,0,0,L03_00549,LEGITIMATE_HIGH_VALUE_HISTORY,High-value transaction consistent with normal historical account behavior,NONE,1,4,5,NORMAL,0.0804
L03_002745,215,TRANSFER,1767726.68,C466318345,5892422.27,4124695.59,C1988451596,0.0,1767726.68,0,0,L03_00549,LEGITIMATE_HIGH_VALUE_HISTORY,High-value transaction consistent with normal historical account behavior,NONE,1,5,5,NORMAL,0.3
L03_002746,376,TRANSFER,506968.36,C2083963066,8651060.42,8144092.06,C199220777,0.0,506968.36,0,0,L03_00550,LEGITIMATE_HIGH_VALUE_HISTORY,High-value transaction consistent with normal historical account behavior,NONE,1,1,5,NORMAL,0.0586
L03_002747,432,TRANSFER,665317.1,C2083963066,8144092.06,7478774.96,C199220777,0.0,665317.1,0,0,L03_00550,LEGITIMATE_HIGH_VALUE_HISTORY,High-value transaction consistent with normal historical account behavior,NONE,1,2,5,NORMAL,0.0817
L03_002748,451,TRANSFER,776332.41,C2083963066,7478774.96,6702442.55,C199220777,0.0,776332.41,0,0,L03_00550,LEGITIMATE_HIGH_VALUE_HISTORY,High-value transaction consistent with normal historical account behavior,NONE,1,3,5,NORMAL,0.1038
L03_002749,495,TRANSFER,409294.49,C2083963066,6702442.55,6293148.06,C199220777,0.0,409294.49,0,0,L03_00550,LEGITIMATE_HIGH_VALUE_HISTORY,High-value transaction consistent with normal historical account behavior,NONE,1,4,5,NORMAL,0.0611
L03_002750,532,TRANSFER,1887944.42,C2083963066,6293148.06,4405203.64,C199220777,0.0,1887944.42,0,0,L03_00550,LEGITIMATE_HIGH_VALUE_HISTORY,High-value transaction consistent with normal historical account behavior,NONE,1,5,5,NORMAL,0.3
L03_002751,339,TRANSFER,680853.76,C1468918775,17338052.89,16657199.13,C1773865133,0.0,680853.76,0,0,L03_00551,LEGITIMATE_HIGH_VALUE_HISTORY,High-value transaction consistent with normal historical account behavior,NONE,1,1,5,NORMAL,0.0393
L03_002752,375,TRANSFER,600481.66,C1468918775,16657199.13,16056717.47,C1773865133,0.0,600481.66,0,0,L03_00551,LEGITIMATE_HIGH_VALUE_HISTORY,High-value transaction consistent with normal historical account behavior,NONE,1,2,5,NORMAL,0.036
L03_002753,425,TRANSFER,429014.75,C1468918775,16056717.47,15627702.72,C1773865133,0.0,429014.75,0,0,L03_00551,LEGITIMATE_HIGH_VALUE_HISTORY,High-value transaction consistent with normal historical account behavior,NONE,1,3,5,NORMAL,0.0267
L03_002754,469,TRANSFER,852812.18,C1468918775,15627702.72,14774890.54,C1773865133,0.0,852812.18,0,0,L03_00551,LEGITIMATE_HIGH_VALUE_HISTORY,High-value transaction consistent with normal historical account behavior,NONE,1,4,5,NORMAL,0.0546
L03_002755,525,TRANSFER,4432467.16,C1468918775,14774890.54,10342423.38,C1773865133,0.0,4432467.16,0,0,L03_00551,LEGITIMATE_HIGH_VALUE_HISTORY,High-value transaction consistent with normal historical account behavior,NONE,1,5,5,NORMAL,0.3
L03_002756,381,TRANSFER,743008.91,C1627254004,7601309.38,6858300.47,C570984435,0.0,743008.91,0,0,L03_00552,LEGITIMATE_HIGH_VALUE_HISTORY,High-value transaction consistent with normal historical account behavior,NONE,1,1,5,NORMAL,0.0977
L03_002757,396,TRANSFER,302752.66,C1627254004,6858300.47,6555547.81,C570984435,0.0,302752.66,0,0,L03_00552,LEGITIMATE_HIGH_VALUE_HISTORY,High-value transaction consistent with normal historical account behavior,NONE,1,2,5,NORMAL,0.0441
L03_002758,447,TRANSFER,593695.28,C1627254004,6555547.81,5961852.53,C570984435,0.0,593695.28,0,0,L03_00552,LEGITIMATE_HIGH_VALUE_HISTORY,High-value transaction consistent with normal historical account behavior,NONE,1,3,5,NORMAL,0.0906
L03_002759,493,TRANSFER,550192.82,C1627254004,5961852.53,5411659.71,C570984435,0.0,550192.82,0,0,L03_00552,LEGITIMATE_HIGH_VALUE_HISTORY,High-value transaction consistent with normal historical account behavior,NONE,1,4,5,NORMAL,0.0923
L03_002760,545,TRANSFER,1623497.91,C1627254004,5411659.71,3788161.8,C570984435,0.0,1623497.91,0,0,L03_00552,LEGITIMATE_HIGH_VALUE_HISTORY,High-value transaction consistent with normal historical account behavior,NONE,1,5,5,NORMAL,0.3
L03_002761,278,TRANSFER,599646.95,C529529624,8660647.0,8061000.05,C2103741998,0.0,599646.95,0,0,L03_00553,LEGITIMATE_HIGH_VALUE_HISTORY,High-value transaction consistent with normal historical account behavior,NONE,1,1,5,NORMAL,0.0692
L03_002762,310,TRANSFER,676109.64,C529529624,8061000.05,7384890.41,C2103741998,0.0,676109.64,0,0,L03_00553,LEGITIMATE_HIGH_VALUE_HISTORY,High-value transaction consistent with normal historical account behavior,NONE,1,2,5,NORMAL,0.0839
L03_002763,359,TRANSFER,487547.25,C529529624,7384890.41,6897343.16,C2103741998,0.0,487547.25,0,0,L03_00553,LEGITIMATE_HIGH_VALUE_HISTORY,High-value transaction consistent with normal historical account behavior,NONE,1,3,5,NORMAL,0.066
L03_002764,403,TRANSFER,871978.89,C529529624,6897343.16,6025364.27,C2103741998,0.0,871978.89,0,0,L03_00553,LEGITIMATE_HIGH_VALUE_HISTORY,High-value transaction consistent with normal historical account behavior,NONE,1,4,5,NORMAL,0.1264
L03_002765,434,TRANSFER,1807609.28,C529529624,6025364.27,4217754.99,C2103741998,0.0,1807609.28,0,0,L03_00553,LEGITIMATE_HIGH_VALUE_HISTORY,High-value transaction consistent with normal historical account behavior,NONE,1,5,5,NORMAL,0.3
L03_002766,335,TRANSFER,799696.68,C1849086938,19094616.09,18294919.41,C358043414,0.0,799696.68,0,0,L03_00554,LEGITIMATE_HIGH_VALUE_HISTORY,High-value transaction consistent with normal historical account behavior,NONE,1,1,5,NORMAL,0.0419
L03_002767,367,TRANSFER,681192.37,C1849086938,18294919.41,17613727.04,C358043414,0.0,681192.37,0,0,L03_00554,LEGITIMATE_HIGH_VALUE_HISTORY,High-value transaction consistent with normal historical account behavior,NONE,1,2,5,NORMAL,0.0372
L03_002768,401,TRANSFER,714621.62,C1849086938,17613727.04,16899105.42,C358043414,0.0,714621.62,0,0,L03_00554,LEGITIMATE_HIGH_VALUE_HISTORY,High-value transaction consistent with normal historical account behavior,NONE,1,3,5,NORMAL,0.0406
L03_002769,419,TRANSFER,534233.39,C1849086938,16899105.42,16364872.03,C358043414,0.0,534233.39,0,0,L03_00554,LEGITIMATE_HIGH_VALUE_HISTORY,High-value transaction consistent with normal historical account behavior,NONE,1,4,5,NORMAL,0.0316
L03_002770,473,TRANSFER,4909461.61,C1849086938,16364872.03,11455410.42,C358043414,0.0,4909461.61,0,0,L03_00554,LEGITIMATE_HIGH_VALUE_HISTORY,High-value transaction consistent with normal historical account behavior,NONE,1,5,5,NORMAL,0.3
L03_002771,365,TRANSFER,351567.46,C708969076,7342561.02,6990993.56,C1137952620,0.0,351567.46,0,0,L03_00555,LEGITIMATE_HIGH_VALUE_HISTORY,High-value transaction consistent with normal historical account behavior,NONE,1,1,5,NORMAL,0.0479
L03_002772,391,TRANSFER,306609.83,C708969076,6990993.56,6684383.73,C1137952620,0.0,306609.83,0,0,L03_00555,LEGITIMATE_HIGH_VALUE_HISTORY,High-value transaction consistent with normal historical account behavior,NONE,1,2,5,NORMAL,0.0439
L03_002773,435,TRANSFER,383139.96,C708969076,6684383.73,6301243.77,C1137952620,0.0,383139.96,0,0,L03_00555,LEGITIMATE_HIGH_VALUE_HISTORY,High-value transaction consistent with normal historical account behavior,NONE,1,3,5,NORMAL,0.0573
L03_002774,454,TRANSFER,805398.57,C708969076,6301243.77,5495845.2,C1137952620,0.0,805398.57,0,0,L03_00555,LEGITIMATE_HIGH_VALUE_HISTORY,High-value transaction consistent with normal historical account behavior,NONE,1,4,5,NORMAL,0.1278
L03_002775,490,TRANSFER,1648753.56,C708969076,5495845.2,3847091.64,C1137952620,0.0,1648753.56,0,0,L03_00555,LEGITIMATE_HIGH_VALUE_HISTORY,High-value transaction consistent with normal historical account behavior,NONE,1,5,5,NORMAL,0.3
L03_002776,438,TRANSFER,872109.81,C1246676361,10011297.95,9139188.13,C1113126238,0.0,872109.81,0,0,L03_00556,LEGITIMATE_HIGH_VALUE_HISTORY,High-value transaction consistent with normal historical account behavior,NONE,1,1,5,NORMAL,0.0871
L03_002777,472,TRANSFER,818502.28,C1246676361,9139188.13,8320685.85,C1113126238,0.0,818502.28,0,0,L03_00556,LEGITIMATE_HIGH_VALUE_HISTORY,High-value transaction consistent with normal historical account behavior,NONE,1,2,5,NORMAL,0.0896
L03_002778,506,TRANSFER,678073.95,C1246676361,8320685.85,7642611.9,C1113126238,0.0,678073.95,0,0,L03_00556,LEGITIMATE_HIGH_VALUE_HISTORY,High-value transaction consistent with normal historical account behavior,NONE,1,3,5,NORMAL,0.0815
L03_002779,562,TRANSFER,708545.94,C1246676361,7642611.9,6934065.96,C1113126238,0.0,708545.94,0,0,L03_00556,LEGITIMATE_HIGH_VALUE_HISTORY,High-value transaction consistent with normal historical account behavior,NONE,1,4,5,NORMAL,0.0927
L03_002780,610,TRANSFER,2080219.79,C1246676361,6934065.96,4853846.18,C1113126238,0.0,2080219.79,0,0,L03_00556,LEGITIMATE_HIGH_VALUE_HISTORY,High-value transaction consistent with normal historical account behavior,NONE,1,5,5,NORMAL,0.3
L03_002781,352,TRANSFER,799569.89,C677370460,8760365.91,7960796.02,C1157718738,0.0,799569.89,0,0,L03_00557,LEGITIMATE_HIGH_VALUE_HISTORY,High-value transaction consistent with normal historical account behavior,NONE,1,1,5,NORMAL,0.0913
L03_002782,373,TRANSFER,565358.2,C677370460,7960796.02,7395437.82,C1157718738,0.0,565358.2,0,0,L03_00557,LEGITIMATE_HIGH_VALUE_HISTORY,High-value transaction consistent with normal historical account behavior,NONE,1,2,5,NORMAL,0.071
L03_002783,417,TRANSFER,409473.57,C677370460,7395437.82,6985964.25,C1157718738,0.0,409473.57,0,0,L03_00557,LEGITIMATE_HIGH_VALUE_HISTORY,High-value transaction consistent with normal historical account behavior,NONE,1,3,5,NORMAL,0.0554
L03_002784,438,TRANSFER,298827.87,C677370460,6985964.25,6687136.38,C1157718738,0.0,298827.87,0,0,L03_00557,LEGITIMATE_HIGH_VALUE_HISTORY,High-value transaction consistent with normal historical account behavior,NONE,1,4,5,NORMAL,0.0428
L03_002785,457,TRANSFER,2006140.91,C677370460,6687136.38,4680995.47,C1157718738,0.0,2006140.91,0,0,L03_00557,LEGITIMATE_HIGH_VALUE_HISTORY,High-value transaction consistent with normal historical account behavior,NONE,1,5,5,NORMAL,0.3
L03_002786,423,TRANSFER,299307.0,C284975290,8977248.02,8677941.02,C697147407,0.0,299307.0,0,0,L03_00558,LEGITIMATE_HIGH_VALUE_HISTORY,High-value transaction consistent with normal historical account behavior,NONE,1,1,5,NORMAL,0.0333
L03_002787,461,TRANSFER,422418.28,C284975290,8677941.02,8255522.74,C697147407,0.0,422418.28,0,0,L03_00558,LEGITIMATE_HIGH_VALUE_HISTORY,High-value transaction consistent with normal historical account behavior,NONE,1,2,5,NORMAL,0.0487
L03_002788,481,TRANSFER,797262.19,C284975290,8255522.74,7458260.54,C697147407,0.0,797262.19,0,0,L03_00558,LEGITIMATE_HIGH_VALUE_HISTORY,High-value transaction consistent with normal historical account behavior,NONE,1,3,5,NORMAL,0.0966
L03_002789,509,TRANSFER,747613.31,C284975290,7458260.54,6710647.23,C697147407,0.0,747613.31,0,0,L03_00558,LEGITIMATE_HIGH_VALUE_HISTORY,High-value transaction consistent with normal historical account behavior,NONE,1,4,5,NORMAL,0.1002
L03_002790,535,TRANSFER,2013194.17,C284975290,6710647.23,4697453.06,C697147407,0.0,2013194.17,0,0,L03_00558,LEGITIMATE_HIGH_VALUE_HISTORY,High-value transaction consistent with normal historical account behavior,NONE,1,5,5,NORMAL,0.3
L03_002791,337,TRANSFER,404804.69,C886235965,17715586.09,17310781.4,C1116628297,0.0,404804.69,0,0,L03_00559,LEGITIMATE_HIGH_VALUE_HISTORY,High-value transaction consistent with normal historical account behavior,NONE,1,1,5,NORMAL,0.0229
L03_002792,389,TRANSFER,353574.69,C886235965,17310781.4,16957206.71,C1116628297,0.0,353574.69,0,0,L03_00559,LEGITIMATE_HIGH_VALUE_HISTORY,High-value transaction consistent with normal historical account behavior,NONE,1,2,5,NORMAL,0.0204
L03_002793,424,TRANSFER,655980.92,C886235965,16957206.71,16301225.79,C1116628297,0.0,655980.92,0,0,L03_00559,LEGITIMATE_HIGH_VALUE_HISTORY,High-value transaction consistent with normal historical account behavior,NONE,1,3,5,NORMAL,0.0387
L03_002794,450,TRANSFER,742042.41,C886235965,16301225.79,15559183.38,C1116628297,0.0,742042.41,0,0,L03_00559,LEGITIMATE_HIGH_VALUE_HISTORY,High-value transaction consistent with normal historical account behavior,NONE,1,4,5,NORMAL,0.0455
L03_002795,467,TRANSFER,4667755.02,C886235965,15559183.38,10891428.37,C1116628297,0.0,4667755.02,0,0,L03_00559,LEGITIMATE_HIGH_VALUE_HISTORY,High-value transaction consistent with normal historical account behavior,NONE,1,5,5,NORMAL,0.3
L03_002796,340,TRANSFER,652060.88,C2031941773,18812785.42,18160724.54,C676255240,0.0,652060.88,0,0,L03_00560,LEGITIMATE_HIGH_VALUE_HISTORY,High-value transaction consistent with normal historical account behavior,NONE,1,1,5,NORMAL,0.0347
L03_002797,381,TRANSFER,425201.1,C2031941773,18160724.54,17735523.44,C676255240,0.0,425201.1,0,0,L03_00560,LEGITIMATE_HIGH_VALUE_HISTORY,High-value transaction consistent with normal historical account behavior,NONE,1,2,5,NORMAL,0.0234
L03_002798,415,TRANSFER,795571.97,C2031941773,17735523.44,16939951.47,C676255240,0.0,795571.97,0,0,L03_00560,LEGITIMATE_HIGH_VALUE_HISTORY,High-value transaction consistent with normal historical account behavior,NONE,1,3,5,NORMAL,0.0449
L03_002799,453,TRANSFER,669023.0,C2031941773,16939951.47,16270928.47,C676255240,0.0,669023.0,0,0,L03_00560,LEGITIMATE_HIGH_VALUE_HISTORY,High-value transaction consistent with normal historical account behavior,NONE,1,4,5,NORMAL,0.0395
L03_002800,502,TRANSFER,4881278.54,C2031941773,16270928.47,11389649.93,C676255240,0.0,4881278.54,0,0,L03_00560,LEGITIMATE_HIGH_VALUE_HISTORY,High-value transaction consistent with normal historical account behavior,NONE,1,5,5,NORMAL,0.3
L03_002801,339,TRANSFER,575047.46,C255961556,18808834.4,18233786.93,C2063353843,0.0,575047.46,0,0,L03_00561,LEGITIMATE_HIGH_VALUE_HISTORY,High-value transaction consistent with normal historical account behavior,NONE,1,1,5,NORMAL,0.0306
L03_002802,375,TRANSFER,343424.32,C255961556,18233786.93,17890362.61,C2063353843,0.0,343424.32,0,0,L03_00561,LEGITIMATE_HIGH_VALUE_HISTORY,High-value transaction consistent with normal historical account behavior,NONE,1,2,5,NORMAL,0.0188
L03_002803,418,TRANSFER,826690.7,C255961556,17890362.61,17063671.92,C2063353843,0.0,826690.7,0,0,L03_00561,LEGITIMATE_HIGH_VALUE_HISTORY,High-value transaction consistent with normal historical account behavior,NONE,1,3,5,NORMAL,0.0462
L03_002804,441,TRANSFER,794060.45,C255961556,17063671.92,16269611.46,C2063353843,0.0,794060.45,0,0,L03_00561,LEGITIMATE_HIGH_VALUE_HISTORY,High-value transaction consistent with normal historical account behavior,NONE,1,4,5,NORMAL,0.0465
L03_002805,491,TRANSFER,4880883.44,C255961556,16269611.46,11388728.03,C2063353843,0.0,4880883.44,0,0,L03_00561,LEGITIMATE_HIGH_VALUE_HISTORY,High-value transaction consistent with normal historical account behavior,NONE,1,5,5,NORMAL,0.3
L03_002806,339,TRANSFER,512037.28,C1955302191,7451577.72,6939540.44,C894268159,0.0,512037.28,0,0,L03_00562,LEGITIMATE_HIGH_VALUE_HISTORY,High-value transaction consistent with normal historical account behavior,NONE,1,1,5,NORMAL,0.0687
L03_002807,356,TRANSFER,425567.02,C1955302191,6939540.44,6513973.42,C894268159,0.0,425567.02,0,0,L03_00562,LEGITIMATE_HIGH_VALUE_HISTORY,High-value transaction consistent with normal historical account behavior,NONE,1,2,5,NORMAL,0.0613
L03_002808,415,TRANSFER,499094.77,C1955302191,6513973.42,6014878.65,C894268159,0.0,499094.77,0,0,L03_00562,LEGITIMATE_HIGH_VALUE_HISTORY,High-value transaction consistent with normal historical account behavior,NONE,1,3,5,NORMAL,0.0766
L03_002809,445,TRANSFER,849323.99,C1955302191,6014878.65,5165554.66,C894268159,0.0,849323.99,0,0,L03_00562,LEGITIMATE_HIGH_VALUE_HISTORY,High-value transaction consistent with normal historical account behavior,NONE,1,4,5,NORMAL,0.1412
L03_002810,502,TRANSFER,1549666.4,C1955302191,5165554.66,3615888.26,C894268159,0.0,1549666.4,0,0,L03_00562,LEGITIMATE_HIGH_VALUE_HISTORY,High-value transaction consistent with normal historical account behavior,NONE,1,5,5,NORMAL,0.3
L03_002811,373,TRANSFER,825051.61,C69187976,9521328.72,8696277.11,C350500421,0.0,825051.61,0,0,L03_00563,LEGITIMATE_HIGH_VALUE_HISTORY,High-value transaction consistent with normal historical account behavior,NONE,1,1,5,NORMAL,0.0867
L03_002812,418,TRANSFER,529034.16,C69187976,8696277.11,8167242.95,C350500421,0.0,529034.16,0,0,L03_00563,LEGITIMATE_HIGH_VALUE_HISTORY,High-value transaction consistent with normal historical account behavior,NONE,1,2,5,NORMAL,0.0608
L03_002813,455,TRANSFER,644344.86,C69187976,8167242.95,7522898.09,C350500421,0.0,644344.86,0,0,L03_00563,LEGITIMATE_HIGH_VALUE_HISTORY,High-value transaction consistent with normal historical account behavior,NONE,1,3,5,NORMAL,0.0789
L03_002814,481,TRANSFER,666331.98,C69187976,7522898.09,6856566.11,C350500421,0.0,666331.98,0,0,L03_00563,LEGITIMATE_HIGH_VALUE_HISTORY,High-value transaction consistent with normal historical account behavior,NONE,1,4,5,NORMAL,0.0886
L03_002815,498,TRANSFER,2056969.83,C69187976,6856566.11,4799596.28,C350500421,0.0,2056969.83,0,0,L03_00563,LEGITIMATE_HIGH_VALUE_HISTORY,High-value transaction consistent with normal historical account behavior,NONE,1,5,5,NORMAL,0.3
L03_002816,376,TRANSFER,437102.26,C1664264700,18164670.45,17727568.19,C293061155,0.0,437102.26,0,0,L03_00564,LEGITIMATE_HIGH_VALUE_HISTORY,High-value transaction consistent with normal historical account behavior,NONE,1,1,5,NORMAL,0.0241
L03_002817,425,TRANSFER,662368.3,C1664264700,17727568.19,17065199.89,C293061155,0.0,662368.3,0,0,L03_00564,LEGITIMATE_HIGH_VALUE_HISTORY,High-value transaction consistent with normal historical account behavior,NONE,1,2,5,NORMAL,0.0374
L03_002818,441,TRANSFER,637467.16,C1664264700,17065199.89,16427732.73,C293061155,0.0,637467.16,0,0,L03_00564,LEGITIMATE_HIGH_VALUE_HISTORY,High-value transaction consistent with normal historical account behavior,NONE,1,3,5,NORMAL,0.0374
L03_002819,497,TRANSFER,372842.58,C1664264700,16427732.73,16054890.15,C293061155,0.0,372842.58,0,0,L03_00564,LEGITIMATE_HIGH_VALUE_HISTORY,High-value transaction consistent with normal historical account behavior,NONE,1,4,5,NORMAL,0.0227
L03_002820,540,TRANSFER,4816467.04,C1664264700,16054890.15,11238423.1,C293061155,0.0,4816467.04,0,0,L03_00564,LEGITIMATE_HIGH_VALUE_HISTORY,High-value transaction consistent with normal historical account behavior,NONE,1,5,5,NORMAL,0.3
L03_002821,357,TRANSFER,786821.11,C1269530212,18071733.98,17284912.87,C1800227006,0.0,786821.11,0,0,L03_00565,LEGITIMATE_HIGH_VALUE_HISTORY,High-value transaction consistent with normal historical account behavior,NONE,1,1,5,NORMAL,0.0435
L03_002822,414,TRANSFER,434532.75,C1269530212,17284912.87,16850380.12,C1800227006,0.0,434532.75,0,0,L03_00565,LEGITIMATE_HIGH_VALUE_HISTORY,High-value transaction consistent with normal historical account behavior,NONE,1,2,5,NORMAL,0.0251
L03_002823,449,TRANSFER,873190.8,C1269530212,16850380.12,15977189.32,C1800227006,0.0,873190.8,0,0,L03_00565,LEGITIMATE_HIGH_VALUE_HISTORY,High-value transaction consistent with normal historical account behavior,NONE,1,3,5,NORMAL,0.0518
L03_002824,465,TRANSFER,707504.61,C1269530212,15977189.32,15269684.71,C1800227006,0.0,707504.61,0,0,L03_00565,LEGITIMATE_HIGH_VALUE_HISTORY,High-value transaction consistent with normal historical account behavior,NONE,1,4,5,NORMAL,0.0443
L03_002825,510,TRANSFER,4580905.41,C1269530212,15269684.71,10688779.29,C1800227006,0.0,4580905.41,0,0,L03_00565,LEGITIMATE_HIGH_VALUE_HISTORY,High-value transaction consistent with normal historical account behavior,NONE,1,5,5,NORMAL,0.3
L03_002826,344,TRANSFER,728519.37,C1844535847,18107841.78,17379322.41,C478988849,0.0,728519.37,0,0,L03_00566,LEGITIMATE_HIGH_VALUE_HISTORY,High-value transaction consistent with normal historical account behavior,NONE,1,1,5,NORMAL,0.0402
L03_002827,390,TRANSFER,746425.91,C1844535847,17379322.41,16632896.5,C478988849,0.0,746425.91,0,0,L03_00566,LEGITIMATE_HIGH_VALUE_HISTORY,High-value transaction consistent with normal historical account behavior,NONE,1,2,5,NORMAL,0.0429
L03_002828,408,TRANSFER,330327.34,C1844535847,16632896.5,16302569.16,C478988849,0.0,330327.34,0,0,L03_00566,LEGITIMATE_HIGH_VALUE_HISTORY,High-value transaction consistent with normal historical account behavior,NONE,1,3,5,NORMAL,0.0199
L03_002829,423,TRANSFER,717743.04,C1844535847,16302569.16,15584826.12,C478988849,0.0,717743.04,0,0,L03_00566,LEGITIMATE_HIGH_VALUE_HISTORY,High-value transaction consistent with normal historical account behavior,NONE,1,4,5,NORMAL,0.044
L03_002830,451,TRANSFER,4675447.84,C1844535847,15584826.12,10909378.28,C478988849,0.0,4675447.84,0,0,L03_00566,LEGITIMATE_HIGH_VALUE_HISTORY,High-value transaction consistent with normal historical account behavior,NONE,1,5,5,NORMAL,0.3
L03_002831,586,TRANSFER,391762.88,C551041149,7697676.35,7305913.47,C1170129837,0.0,391762.88,0,0,L03_00567,LEGITIMATE_HIGH_VALUE_HISTORY,High-value transaction consistent with normal historical account behavior,NONE,1,1,5,NORMAL,0.0509
L03_002832,608,TRANSFER,675716.27,C551041149,7305913.47,6630197.2,C1170129837,0.0,675716.27,0,0,L03_00567,LEGITIMATE_HIGH_VALUE_HISTORY,High-value transaction consistent with normal historical account behavior,NONE,1,2,5,NORMAL,0.0925
L03_002833,648,TRANSFER,743636.93,C551041149,6630197.2,5886560.27,C1170129837,0.0,743636.93,0,0,L03_00567,LEGITIMATE_HIGH_VALUE_HISTORY,High-value transaction consistent with normal historical account behavior,NONE,1,3,5,NORMAL,0.1122
L03_002834,673,TRANSFER,477421.27,C551041149,5886560.27,5409139.0,C1170129837,0.0,477421.27,0,0,L03_00567,LEGITIMATE_HIGH_VALUE_HISTORY,High-value transaction consistent with normal historical account behavior,NONE,1,4,5,NORMAL,0.0811
L03_002835,690,TRANSFER,1622741.7,C551041149,5409139.0,3786397.3,C1170129837,0.0,1622741.7,0,0,L03_00567,LEGITIMATE_HIGH_VALUE_HISTORY,High-value transaction consistent with normal historical account behavior,NONE,1,5,5,NORMAL,0.3
L03_002836,280,TRANSFER,703481.57,C519728043,8998109.85,8294628.28,C422531565,0.0,703481.57,0,0,L03_00568,LEGITIMATE_HIGH_VALUE_HISTORY,High-value transaction consistent with normal historical account behavior,NONE,1,1,5,NORMAL,0.0782
L03_002837,339,TRANSFER,657726.08,C519728043,8294628.28,7636902.2,C422531565,0.0,657726.08,0,0,L03_00568,LEGITIMATE_HIGH_VALUE_HISTORY,High-value transaction consistent with normal historical account behavior,NONE,1,2,5,NORMAL,0.0793
L03_002838,368,TRANSFER,785229.71,C519728043,7636902.2,6851672.49,C422531565,0.0,785229.71,0,0,L03_00568,LEGITIMATE_HIGH_VALUE_HISTORY,High-value transaction consistent with normal historical account behavior,NONE,1,3,5,NORMAL,0.1028
L03_002839,416,TRANSFER,736411.92,C519728043,6851672.49,6115260.57,C422531565,0.0,736411.92,0,0,L03_00568,LEGITIMATE_HIGH_VALUE_HISTORY,High-value transaction consistent with normal historical account behavior,NONE,1,4,5,NORMAL,0.1075
L03_002840,456,TRANSFER,1834578.17,C519728043,6115260.57,4280682.4,C422531565,0.0,1834578.17,0,0,L03_00568,LEGITIMATE_HIGH_VALUE_HISTORY,High-value transaction consistent with normal historical account behavior,NONE,1,5,5,NORMAL,0.3
L03_002841,317,TRANSFER,393465.55,C2053433231,18232311.71,17838846.16,C463981805,0.0,393465.55,0,0,L03_00569,LEGITIMATE_HIGH_VALUE_HISTORY,High-value transaction consistent with normal historical account behavior,NONE,1,1,5,NORMAL,0.0216
L03_002842,347,TRANSFER,836968.46,C2053433231,17838846.16,17001877.7,C463981805,0.0,836968.46,0,0,L03_00569,LEGITIMATE_HIGH_VALUE_HISTORY,High-value transaction consistent with normal historical account behavior,NONE,1,2,5,NORMAL,0.0469
L03_002843,376,TRANSFER,487690.63,C2053433231,17001877.7,16514187.06,C463981805,0.0,487690.63,0,0,L03_00569,LEGITIMATE_HIGH_VALUE_HISTORY,High-value transaction consistent with normal historical account behavior,NONE,1,3,5,NORMAL,0.0287
L03_002844,412,TRANSFER,436749.83,C2053433231,16514187.06,16077437.24,C463981805,0.0,436749.83,0,0,L03_00569,LEGITIMATE_HIGH_VALUE_HISTORY,High-value transaction consistent with normal historical account behavior,NONE,1,4,5,NORMAL,0.0264
L03_002845,427,TRANSFER,4823231.17,C2053433231,16077437.24,11254206.06,C463981805,0.0,4823231.17,0,0,L03_00569,LEGITIMATE_HIGH_VALUE_HISTORY,High-value transaction consistent with normal historical account behavior,NONE,1,5,5,NORMAL,0.3
L03_002846,352,TRANSFER,528481.02,C396524829,18157412.26,17628931.24,C1141137903,0.0,528481.02,0,0,L03_00570,LEGITIMATE_HIGH_VALUE_HISTORY,High-value transaction consistent with normal historical account behavior,NONE,1,1,5,NORMAL,0.0291
L03_002847,377,TRANSFER,422438.3,C396524829,17628931.24,17206492.94,C1141137903,0.0,422438.3,0,0,L03_00570,LEGITIMATE_HIGH_VALUE_HISTORY,High-value transaction consistent with normal historical account behavior,NONE,1,2,5,NORMAL,0.024
L03_002848,430,TRANSFER,587062.0,C396524829,17206492.94,16619430.94,C1141137903,0.0,587062.0,0,0,L03_00570,LEGITIMATE_HIGH_VALUE_HISTORY,High-value transaction consistent with normal historical account behavior,NONE,1,3,5,NORMAL,0.0341
L03_002849,452,TRANSFER,566960.19,C396524829,16619430.94,16052470.76,C1141137903,0.0,566960.19,0,0,L03_00570,LEGITIMATE_HIGH_VALUE_HISTORY,High-value transaction consistent with normal historical account behavior,NONE,1,4,5,NORMAL,0.0341
L03_002850,505,TRANSFER,4815741.23,C396524829,16052470.76,11236729.53,C1141137903,0.0,4815741.23,0,0,L03_00570,LEGITIMATE_HIGH_VALUE_HISTORY,High-value transaction consistent with normal historical account behavior,NONE,1,5,5,NORMAL,0.3
L03_002851,338,TRANSFER,437620.74,C1588841329,11190833.32,10753212.58,C99957529,0.0,437620.74,0,0,L03_00571,LEGITIMATE_HIGH_VALUE_HISTORY,High-value transaction consistent with normal historical account behavior,NONE,1,1,5,NORMAL,0.0391
L03_002852,353,TRANSFER,403296.61,C1588841329,10753212.58,10349915.97,C99957529,0.0,403296.61,0,0,L03_00571,LEGITIMATE_HIGH_VALUE_HISTORY,High-value transaction consistent with normal historical account behavior,NONE,1,2,5,NORMAL,0.0375
L03_002853,375,TRANSFER,362375.12,C1588841329,10349915.97,9987540.86,C99957529,0.0,362375.12,0,0,L03_00571,LEGITIMATE_HIGH_VALUE_HISTORY,High-value transaction consistent with normal historical account behavior,NONE,1,3,5,NORMAL,0.035
L03_002854,392,TRANSFER,429571.36,C1588841329,9987540.86,9557969.5,C99957529,0.0,429571.36,0,0,L03_00571,LEGITIMATE_HIGH_VALUE_HISTORY,High-value transaction consistent with normal historical account behavior,NONE,1,4,5,NORMAL,0.043
L03_002855,410,TRANSFER,2867390.85,C1588841329,9557969.5,6690578.65,C99957529,0.0,2867390.85,0,0,L03_00571,LEGITIMATE_HIGH_VALUE_HISTORY,High-value transaction consistent with normal historical account behavior,NONE,1,5,5,NORMAL,0.3
L03_002856,359,TRANSFER,352355.45,C1769534655,18728823.28,18376467.84,C1620573488,0.0,352355.45,0,0,L03_00572,LEGITIMATE_HIGH_VALUE_HISTORY,High-value transaction consistent with normal historical account behavior,NONE,1,1,5,NORMAL,0.0188
L03_002857,384,TRANSFER,689839.72,C1769534655,18376467.84,17686628.12,C1620573488,0.0,689839.72,0,0,L03_00572,LEGITIMATE_HIGH_VALUE_HISTORY,High-value transaction consistent with normal historical account behavior,NONE,1,2,5,NORMAL,0.0375
L03_002858,412,TRANSFER,685899.44,C1769534655,17686628.12,17000728.68,C1620573488,0.0,685899.44,0,0,L03_00572,LEGITIMATE_HIGH_VALUE_HISTORY,High-value transaction consistent with normal historical account behavior,NONE,1,3,5,NORMAL,0.0388
L03_002859,447,TRANSFER,757787.58,C1769534655,17000728.68,16242941.1,C1620573488,0.0,757787.58,0,0,L03_00572,LEGITIMATE_HIGH_VALUE_HISTORY,High-value transaction consistent with normal historical account behavior,NONE,1,4,5,NORMAL,0.0446
L03_002860,506,TRANSFER,4872882.33,C1769534655,16242941.1,11370058.77,C1620573488,0.0,4872882.33,0,0,L03_00572,LEGITIMATE_HIGH_VALUE_HISTORY,High-value transaction consistent with normal historical account behavior,NONE,1,5,5,NORMAL,0.3
L03_002861,361,TRANSFER,605777.14,C1461136068,18775944.74,18170167.6,C466299050,0.0,605777.14,0,0,L03_00573,LEGITIMATE_HIGH_VALUE_HISTORY,High-value transaction consistent with normal historical account behavior,NONE,1,1,5,NORMAL,0.0323
L03_002862,417,TRANSFER,780748.31,C1461136068,18170167.6,17389419.28,C466299050,0.0,780748.31,0,0,L03_00573,LEGITIMATE_HIGH_VALUE_HISTORY,High-value transaction consistent with normal historical account behavior,NONE,1,2,5,NORMAL,0.043
L03_002863,470,TRANSFER,386117.64,C1461136068,17389419.28,17003301.64,C466299050,0.0,386117.64,0,0,L03_00573,LEGITIMATE_HIGH_VALUE_HISTORY,High-value transaction consistent with normal historical account behavior,NONE,1,3,5,NORMAL,0.0222
L03_002864,507,TRANSFER,744653.4,C1461136068,17003301.64,16258648.24,C466299050,0.0,744653.4,0,0,L03_00573,LEGITIMATE_HIGH_VALUE_HISTORY,High-value transaction consistent with normal historical account behavior,NONE,1,4,5,NORMAL,0.0438
L03_002865,540,TRANSFER,4877594.47,C1461136068,16258648.24,11381053.77,C466299050,0.0,4877594.47,0,0,L03_00573,LEGITIMATE_HIGH_VALUE_HISTORY,High-value transaction consistent with normal historical account behavior,NONE,1,5,5,NORMAL,0.3
L03_002866,397,TRANSFER,486916.54,C1150935914,14264745.6,13777829.06,C1837608805,0.0,486916.54,0,0,L03_00574,LEGITIMATE_HIGH_VALUE_HISTORY,High-value transaction consistent with normal historical account behavior,NONE,1,1,5,NORMAL,0.0341
L03_002867,430,TRANSFER,521725.89,C1150935914,13777829.06,13256103.17,C1837608805,0.0,521725.89,0,0,L03_00574,LEGITIMATE_HIGH_VALUE_HISTORY,High-value transaction consistent with normal historical account behavior,NONE,1,2,5,NORMAL,0.0379
L03_002868,464,TRANSFER,394800.67,C1150935914,13256103.17,12861302.5,C1837608805,0.0,394800.67,0,0,L03_00574,LEGITIMATE_HIGH_VALUE_HISTORY,High-value transaction consistent with normal historical account behavior,NONE,1,3,5,NORMAL,0.0298
L03_002869,486,TRANSFER,666105.07,C1150935914,12861302.5,12195197.43,C1837608805,0.0,666105.07,0,0,L03_00574,LEGITIMATE_HIGH_VALUE_HISTORY,High-value transaction consistent with normal historical account behavior,NONE,1,4,5,NORMAL,0.0518
L03_002870,538,TRANSFER,3658559.23,C1150935914,12195197.43,8536638.2,C1837608805,0.0,3658559.23,0,0,L03_00574,LEGITIMATE_HIGH_VALUE_HISTORY,High-value transaction consistent with normal historical account behavior,NONE,1,5,5,NORMAL,0.3
L03_002871,356,TRANSFER,735388.46,C2042980311,18403908.96,17668520.5,C498875146,0.0,735388.46,0,0,L03_00575,LEGITIMATE_HIGH_VALUE_HISTORY,High-value transaction consistent with normal historical account behavior,NONE,1,1,5,NORMAL,0.04
L03_002872,412,TRANSFER,543107.8,C2042980311,17668520.5,17125412.7,C498875146,0.0,543107.8,0,0,L03_00575,LEGITIMATE_HIGH_VALUE_HISTORY,High-value transaction consistent with normal historical account behavior,NONE,1,2,5,NORMAL,0.0307
L03_002873,439,TRANSFER,629636.7,C2042980311,17125412.7,16495776.0,C498875146,0.0,629636.7,0,0,L03_00575,LEGITIMATE_HIGH_VALUE_HISTORY,High-value transaction consistent with normal historical account behavior,NONE,1,3,5,NORMAL,0.0368
L03_002874,494,TRANSFER,361139.68,C2042980311,16495776.0,16134636.32,C498875146,0.0,361139.68,0,0,L03_00575,LEGITIMATE_HIGH_VALUE_HISTORY,High-value transaction consistent with normal historical account behavior,NONE,1,4,5,NORMAL,0.0219
L03_002875,540,TRANSFER,4840390.9,C2042980311,16134636.32,11294245.42,C498875146,0.0,4840390.9,0,0,L03_00575,LEGITIMATE_HIGH_VALUE_HISTORY,High-value transaction consistent with normal historical account behavior,NONE,1,5,5,NORMAL,0.3
L03_002876,386,TRANSFER,398953.42,C1136310524,8206560.63,7807607.21,C792092581,0.0,398953.42,0,0,L03_00576,LEGITIMATE_HIGH_VALUE_HISTORY,High-value transaction consistent with normal historical account behavior,NONE,1,1,5,NORMAL,0.0486
L03_002877,402,TRANSFER,721118.31,C1136310524,7807607.21,7086488.9,C792092581,0.0,721118.31,0,0,L03_00576,LEGITIMATE_HIGH_VALUE_HISTORY,High-value transaction consistent with normal historical account behavior,NONE,1,2,5,NORMAL,0.0924
L03_002878,448,TRANSFER,666589.4,C1136310524,7086488.9,6419899.5,C792092581,0.0,666589.4,0,0,L03_00576,LEGITIMATE_HIGH_VALUE_HISTORY,High-value transaction consistent with normal historical account behavior,NONE,1,3,5,NORMAL,0.0941
L03_002879,508,TRANSFER,673738.76,C1136310524,6419899.5,5746160.74,C792092581,0.0,673738.76,0,0,L03_00576,LEGITIMATE_HIGH_VALUE_HISTORY,High-value transaction consistent with normal historical account behavior,NONE,1,4,5,NORMAL,0.1049
L03_002880,552,TRANSFER,1723848.22,C1136310524,5746160.74,4022312.52,C792092581,0.0,1723848.22,0,0,L03_00576,LEGITIMATE_HIGH_VALUE_HISTORY,High-value transaction consistent with normal historical account behavior,NONE,1,5,5,NORMAL,0.3
L03_002881,381,TRANSFER,658176.06,C1531511490,16473404.46,15815228.4,C1645593687,0.0,658176.06,0,0,L03_00577,LEGITIMATE_HIGH_VALUE_HISTORY,High-value transaction consistent with normal historical account behavior,NONE,1,1,5,NORMAL,0.04
L03_002882,396,TRANSFER,314531.15,C1531511490,15815228.4,15500697.25,C1645593687,0.0,314531.15,0,0,L03_00577,LEGITIMATE_HIGH_VALUE_HISTORY,High-value transaction consistent with normal historical account behavior,NONE,1,2,5,NORMAL,0.0199
L03_002883,447,TRANSFER,484753.7,C1531511490,15500697.25,15015943.55,C1645593687,0.0,484753.7,0,0,L03_00577,LEGITIMATE_HIGH_VALUE_HISTORY,High-value transaction consistent with normal historical account behavior,NONE,1,3,5,NORMAL,0.0313
L03_002884,491,TRANSFER,465663.78,C1531511490,15015943.55,14550279.77,C1645593687,0.0,465663.78,0,0,L03_00577,LEGITIMATE_HIGH_VALUE_HISTORY,High-value transaction consistent with normal historical account behavior,NONE,1,4,5,NORMAL,0.031
L03_002885,528,TRANSFER,4365083.93,C1531511490,14550279.77,10185195.84,C1645593687,0.0,4365083.93,0,0,L03_00577,LEGITIMATE_HIGH_VALUE_HISTORY,High-value transaction consistent with normal historical account behavior,NONE,1,5,5,NORMAL,0.3
L03_002886,560,TRANSFER,770018.15,C2119592026,8473334.19,7703316.04,C851071292,0.0,770018.15,0,0,L03_00578,LEGITIMATE_HIGH_VALUE_HISTORY,High-value transaction consistent with normal historical account behavior,NONE,1,1,5,NORMAL,0.0909
L03_002887,596,TRANSFER,568890.02,C2119592026,7703316.04,7134426.02,C851071292,0.0,568890.02,0,0,L03_00578,LEGITIMATE_HIGH_VALUE_HISTORY,High-value transaction consistent with normal historical account behavior,NONE,1,2,5,NORMAL,0.0739
L03_002888,638,TRANSFER,507786.59,C2119592026,7134426.02,6626639.43,C851071292,0.0,507786.59,0,0,L03_00578,LEGITIMATE_HIGH_VALUE_HISTORY,High-value transaction consistent with normal historical account behavior,NONE,1,3,5,NORMAL,0.0712
L03_002889,689,TRANSFER,642331.54,C2119592026,6626639.43,5984307.89,C851071292,0.0,642331.54,0,0,L03_00578,LEGITIMATE_HIGH_VALUE_HISTORY,High-value transaction consistent with normal historical account behavior,NONE,1,4,5,NORMAL,0.0969
L03_002890,740,TRANSFER,1795292.37,C2119592026,5984307.89,4189015.52,C851071292,0.0,1795292.37,0,0,L03_00578,LEGITIMATE_HIGH_VALUE_HISTORY,High-value transaction consistent with normal historical account behavior,NONE,1,5,5,NORMAL,0.3
L03_002891,197,TRANSFER,729207.97,C442181625,8284453.79,7555245.82,C1583920143,0.0,729207.97,0,0,L03_00579,LEGITIMATE_HIGH_VALUE_HISTORY,High-value transaction consistent with normal historical account behavior,NONE,1,1,5,NORMAL,0.088
L03_002892,225,TRANSFER,695918.25,C442181625,7555245.82,6859327.57,C1583920143,0.0,695918.25,0,0,L03_00579,LEGITIMATE_HIGH_VALUE_HISTORY,High-value transaction consistent with normal historical account behavior,NONE,1,2,5,NORMAL,0.0921
L03_002893,246,TRANSFER,666265.8,C442181625,6859327.57,6193061.77,C1583920143,0.0,666265.8,0,0,L03_00579,LEGITIMATE_HIGH_VALUE_HISTORY,High-value transaction consistent with normal historical account behavior,NONE,1,3,5,NORMAL,0.0971
L03_002894,294,TRANSFER,625738.76,C442181625,6193061.77,5567323.01,C1583920143,0.0,625738.76,0,0,L03_00579,LEGITIMATE_HIGH_VALUE_HISTORY,High-value transaction consistent with normal historical account behavior,NONE,1,4,5,NORMAL,0.101
L03_002895,319,TRANSFER,1670196.9,C442181625,5567323.01,3897126.1,C1583920143,0.0,1670196.9,0,0,L03_00579,LEGITIMATE_HIGH_VALUE_HISTORY,High-value transaction consistent with normal historical account behavior,NONE,1,5,5,NORMAL,0.3
L03_002896,337,TRANSFER,723660.85,C1198508679,18872287.57,18148626.72,C1176879193,0.0,723660.85,0,0,L03_00580,LEGITIMATE_HIGH_VALUE_HISTORY,High-value transaction consistent with normal historical account behavior,NONE,1,1,5,NORMAL,0.0383
L03_002897,355,TRANSFER,812717.88,C1198508679,18148626.72,17335908.84,C1176879193,0.0,812717.88,0,0,L03_00580,LEGITIMATE_HIGH_VALUE_HISTORY,High-value transaction consistent with normal historical account behavior,NONE,1,2,5,NORMAL,0.0448
L03_002898,380,TRANSFER,714951.52,C1198508679,17335908.84,16620957.32,C1176879193,0.0,714951.52,0,0,L03_00580,LEGITIMATE_HIGH_VALUE_HISTORY,High-value transaction consistent with normal historical account behavior,NONE,1,3,5,NORMAL,0.0412
L03_002899,435,TRANSFER,758915.19,C1198508679,16620957.32,15862042.13,C1176879193,0.0,758915.19,0,0,L03_00580,LEGITIMATE_HIGH_VALUE_HISTORY,High-value transaction consistent with normal historical account behavior,NONE,1,4,5,NORMAL,0.0457
L03_002900,469,TRANSFER,4758612.64,C1198508679,15862042.13,11103429.49,C1176879193,0.0,4758612.64,0,0,L03_00580,LEGITIMATE_HIGH_VALUE_HISTORY,High-value transaction consistent with normal historical account behavior,NONE,1,5,5,NORMAL,0.3
L03_002901,619,TRANSFER,743496.0,C395730747,7688477.91,6944981.91,C1860925113,0.0,743496.0,0,0,L03_00581,LEGITIMATE_HIGH_VALUE_HISTORY,High-value transaction consistent with normal historical account behavior,NONE,1,1,5,NORMAL,0.0967
L03_002902,650,TRANSFER,340895.5,C395730747,6944981.91,6604086.41,C1860925113,0.0,340895.5,0,0,L03_00581,LEGITIMATE_HIGH_VALUE_HISTORY,High-value transaction consistent with normal historical account behavior,NONE,1,2,5,NORMAL,0.0491
L03_002903,685,TRANSFER,482864.4,C395730747,6604086.41,6121222.01,C1860925113,0.0,482864.4,0,0,L03_00581,LEGITIMATE_HIGH_VALUE_HISTORY,High-value transaction consistent with normal historical account behavior,NONE,1,3,5,NORMAL,0.0731
L03_002904,708,TRANSFER,741634.11,C395730747,6121222.01,5379587.9,C1860925113,0.0,741634.11,0,0,L03_00581,LEGITIMATE_HIGH_VALUE_HISTORY,High-value transaction consistent with normal historical account behavior,NONE,1,4,5,NORMAL,0.1212
L03_002905,744,TRANSFER,1613876.37,C395730747,5379587.9,3765711.53,C1860925113,0.0,1613876.37,0,0,L03_00581,LEGITIMATE_HIGH_VALUE_HISTORY,High-value transaction consistent with normal historical account behavior,NONE,1,5,5,NORMAL,0.3
L03_002906,327,TRANSFER,793982.57,C1052778440,14935740.24,14141757.67,C1858103917,0.0,793982.57,0,0,L03_00582,LEGITIMATE_HIGH_VALUE_HISTORY,High-value transaction consistent with normal historical account behavior,NONE,1,1,5,NORMAL,0.0532
L03_002907,358,TRANSFER,491916.74,C1052778440,14141757.67,13649840.93,C1858103917,0.0,491916.74,0,0,L03_00582,LEGITIMATE_HIGH_VALUE_HISTORY,High-value transaction consistent with normal historical account behavior,NONE,1,2,5,NORMAL,0.0348
L03_002908,406,TRANSFER,659282.17,C1052778440,13649840.93,12990558.76,C1858103917,0.0,659282.17,0,0,L03_00582,LEGITIMATE_HIGH_VALUE_HISTORY,High-value transaction consistent with normal historical account behavior,NONE,1,3,5,NORMAL,0.0483
L03_002909,462,TRANSFER,296552.31,C1052778440,12990558.76,12694006.45,C1858103917,0.0,296552.31,0,0,L03_00582,LEGITIMATE_HIGH_VALUE_HISTORY,High-value transaction consistent with normal historical account behavior,NONE,1,4,5,NORMAL,0.0228
L03_002910,499,TRANSFER,3808201.93,C1052778440,12694006.45,8885804.52,C1858103917,0.0,3808201.93,0,0,L03_00582,LEGITIMATE_HIGH_VALUE_HISTORY,High-value transaction consistent with normal historical account behavior,NONE,1,5,5,NORMAL,0.3
L03_002911,403,TRANSFER,504718.3,C1292981435,8230448.77,7725730.47,C448555696,0.0,504718.3,0,0,L03_00583,LEGITIMATE_HIGH_VALUE_HISTORY,High-value transaction consistent with normal historical account behavior,NONE,1,1,5,NORMAL,0.0613
L03_002912,444,TRANSFER,451588.66,C1292981435,7725730.47,7274141.81,C448555696,0.0,451588.66,0,0,L03_00583,LEGITIMATE_HIGH_VALUE_HISTORY,High-value transaction consistent with normal historical account behavior,NONE,1,2,5,NORMAL,0.0585
L03_002913,504,TRANSFER,317791.35,C1292981435,7274141.81,6956350.46,C448555696,0.0,317791.35,0,0,L03_00583,LEGITIMATE_HIGH_VALUE_HISTORY,High-value transaction consistent with normal historical account behavior,NONE,1,3,5,NORMAL,0.0437
L03_002914,553,TRANSFER,436790.46,C1292981435,6956350.46,6519560.0,C448555696,0.0,436790.46,0,0,L03_00583,LEGITIMATE_HIGH_VALUE_HISTORY,High-value transaction consistent with normal historical account behavior,NONE,1,4,5,NORMAL,0.0628
L03_002915,604,TRANSFER,1955868.0,C1292981435,6519560.0,4563692.0,C448555696,0.0,1955868.0,0,0,L03_00583,LEGITIMATE_HIGH_VALUE_HISTORY,High-value transaction consistent with normal historical account behavior,NONE,1,5,5,NORMAL,0.3
L03_002916,316,TRANSFER,826379.9,C442031506,13271774.05,12445394.15,C1372234884,0.0,826379.9,0,0,L03_00584,LEGITIMATE_HIGH_VALUE_HISTORY,High-value transaction consistent with normal historical account behavior,NONE,1,1,5,NORMAL,0.0623
L03_002917,350,TRANSFER,474011.82,C442031506,12445394.15,11971382.33,C1372234884,0.0,474011.82,0,0,L03_00584,LEGITIMATE_HIGH_VALUE_HISTORY,High-value transaction consistent with normal historical account behavior,NONE,1,2,5,NORMAL,0.0381
L03_002918,383,TRANSFER,835004.33,C442031506,11971382.33,11136378.0,C1372234884,0.0,835004.33,0,0,L03_00584,LEGITIMATE_HIGH_VALUE_HISTORY,High-value transaction consistent with normal historical account behavior,NONE,1,3,5,NORMAL,0.0698
L03_002919,427,TRANSFER,462297.31,C442031506,11136378.0,10674080.69,C1372234884,0.0,462297.31,0,0,L03_00584,LEGITIMATE_HIGH_VALUE_HISTORY,High-value transaction consistent with normal historical account behavior,NONE,1,4,5,NORMAL,0.0415
L03_002920,460,TRANSFER,3202224.21,C442031506,10674080.69,7471856.49,C1372234884,0.0,3202224.21,0,0,L03_00584,LEGITIMATE_HIGH_VALUE_HISTORY,High-value transaction consistent with normal historical account behavior,NONE,1,5,5,NORMAL,0.3
L03_002921,346,TRANSFER,646777.88,C968687465,7649380.44,7002602.56,C32569718,0.0,646777.88,0,0,L03_00585,LEGITIMATE_HIGH_VALUE_HISTORY,High-value transaction consistent with normal historical account behavior,NONE,1,1,5,NORMAL,0.0846
L03_002922,361,TRANSFER,381238.07,C968687465,7002602.56,6621364.49,C32569718,0.0,381238.07,0,0,L03_00585,LEGITIMATE_HIGH_VALUE_HISTORY,High-value transaction consistent with normal historical account behavior,NONE,1,2,5,NORMAL,0.0544
L03_002923,391,TRANSFER,791221.28,C968687465,6621364.49,5830143.21,C32569718,0.0,791221.28,0,0,L03_00585,LEGITIMATE_HIGH_VALUE_HISTORY,High-value transaction consistent with normal historical account behavior,NONE,1,3,5,NORMAL,0.1195
L03_002924,428,TRANSFER,543886.26,C968687465,5830143.21,5286256.95,C32569718,0.0,543886.26,0,0,L03_00585,LEGITIMATE_HIGH_VALUE_HISTORY,High-value transaction consistent with normal historical account behavior,NONE,1,4,5,NORMAL,0.0933
L03_002925,458,TRANSFER,1585877.09,C968687465,5286256.95,3700379.87,C32569718,0.0,1585877.09,0,0,L03_00585,LEGITIMATE_HIGH_VALUE_HISTORY,High-value transaction consistent with normal historical account behavior,NONE,1,5,5,NORMAL,0.3
L03_002926,406,TRANSFER,587014.91,C418063905,18244295.67,17657280.76,C764014385,0.0,587014.91,0,0,L03_00586,LEGITIMATE_HIGH_VALUE_HISTORY,High-value transaction consistent with normal historical account behavior,NONE,1,1,5,NORMAL,0.0322
L03_002927,434,TRANSFER,687932.97,C418063905,17657280.76,16969347.79,C764014385,0.0,687932.97,0,0,L03_00586,LEGITIMATE_HIGH_VALUE_HISTORY,High-value transaction consistent with normal historical account behavior,NONE,1,2,5,NORMAL,0.039
L03_002928,487,TRANSFER,429586.42,C418063905,16969347.79,16539761.37,C764014385,0.0,429586.42,0,0,L03_00586,LEGITIMATE_HIGH_VALUE_HISTORY,High-value transaction consistent with normal historical account behavior,NONE,1,3,5,NORMAL,0.0253
L03_002929,520,TRANSFER,458329.48,C418063905,16539761.37,16081431.89,C764014385,0.0,458329.48,0,0,L03_00586,LEGITIMATE_HIGH_VALUE_HISTORY,High-value transaction consistent with normal historical account behavior,NONE,1,4,5,NORMAL,0.0277
L03_002930,556,TRANSFER,4824429.57,C418063905,16081431.89,11257002.32,C764014385,0.0,4824429.57,0,0,L03_00586,LEGITIMATE_HIGH_VALUE_HISTORY,High-value transaction consistent with normal historical account behavior,NONE,1,5,5,NORMAL,0.3
L03_002931,254,TRANSFER,402241.45,C519728043,8011523.28,7609281.83,C422531565,0.0,402241.45,0,0,L03_00587,LEGITIMATE_HIGH_VALUE_HISTORY,High-value transaction consistent with normal historical account behavior,NONE,1,1,5,NORMAL,0.0502
L03_002932,296,TRANSFER,830417.23,C519728043,7609281.83,6778864.6,C422531565,0.0,830417.23,0,0,L03_00587,LEGITIMATE_HIGH_VALUE_HISTORY,High-value transaction consistent with normal historical account behavior,NONE,1,2,5,NORMAL,0.1091
L03_002933,318,TRANSFER,497583.07,C519728043,6778864.6,6281281.53,C422531565,0.0,497583.07,0,0,L03_00587,LEGITIMATE_HIGH_VALUE_HISTORY,High-value transaction consistent with normal historical account behavior,NONE,1,3,5,NORMAL,0.0734
L03_002934,343,TRANSFER,366363.97,C519728043,6281281.53,5914917.56,C422531565,0.0,366363.97,0,0,L03_00587,LEGITIMATE_HIGH_VALUE_HISTORY,High-value transaction consistent with normal historical account behavior,NONE,1,4,5,NORMAL,0.0583
L03_002935,369,TRANSFER,1774475.27,C519728043,5914917.56,4140442.29,C422531565,0.0,1774475.27,0,0,L03_00587,LEGITIMATE_HIGH_VALUE_HISTORY,High-value transaction consistent with normal historical account behavior,NONE,1,5,5,NORMAL,0.3
L03_002936,349,TRANSFER,793769.86,C1468918775,18038576.57,17244806.71,C1773865133,0.0,793769.86,0,0,L03_00588,LEGITIMATE_HIGH_VALUE_HISTORY,High-value transaction consistent with normal historical account behavior,NONE,1,1,5,NORMAL,0.044
L03_002937,384,TRANSFER,595333.04,C1468918775,17244806.71,16649473.67,C1773865133,0.0,595333.04,0,0,L03_00588,LEGITIMATE_HIGH_VALUE_HISTORY,High-value transaction consistent with normal historical account behavior,NONE,1,2,5,NORMAL,0.0345
L03_002938,442,TRANSFER,693664.4,C1468918775,16649473.67,15955809.27,C1773865133,0.0,693664.4,0,0,L03_00588,LEGITIMATE_HIGH_VALUE_HISTORY,High-value transaction consistent with normal historical account behavior,NONE,1,3,5,NORMAL,0.0417
L03_002939,482,TRANSFER,514071.95,C1468918775,15955809.27,15441737.32,C1773865133,0.0,514071.95,0,0,L03_00588,LEGITIMATE_HIGH_VALUE_HISTORY,High-value transaction consistent with normal historical account behavior,NONE,1,4,5,NORMAL,0.0322
L03_002940,503,TRANSFER,4632521.19,C1468918775,15441737.32,10809216.12,C1773865133,0.0,4632521.19,0,0,L03_00588,LEGITIMATE_HIGH_VALUE_HISTORY,High-value transaction consistent with normal historical account behavior,NONE,1,5,5,NORMAL,0.3
L03_002941,427,TRANSFER,825054.94,C783597789,9959852.97,9134798.03,C618018140,0.0,825054.94,0,0,L03_00589,LEGITIMATE_HIGH_VALUE_HISTORY,High-value transaction consistent with normal historical account behavior,NONE,1,1,5,NORMAL,0.0828
L03_002942,474,TRANSFER,547736.93,C783597789,9134798.03,8587061.1,C618018140,0.0,547736.93,0,0,L03_00589,LEGITIMATE_HIGH_VALUE_HISTORY,High-value transaction consistent with normal historical account behavior,NONE,1,2,5,NORMAL,0.06
L03_002943,531,TRANSFER,839141.1,C783597789,8587061.1,7747920.0,C618018140,0.0,839141.1,0,0,L03_00589,LEGITIMATE_HIGH_VALUE_HISTORY,High-value transaction consistent with normal historical account behavior,NONE,1,3,5,NORMAL,0.0977
L03_002944,583,TRANSFER,633606.22,C783597789,7747920.0,7114313.78,C618018140,0.0,633606.22,0,0,L03_00589,LEGITIMATE_HIGH_VALUE_HISTORY,High-value transaction consistent with normal historical account behavior,NONE,1,4,5,NORMAL,0.0818
L03_002945,607,TRANSFER,2134294.13,C783597789,7114313.78,4980019.65,C618018140,0.0,2134294.13,0,0,L03_00589,LEGITIMATE_HIGH_VALUE_HISTORY,High-value transaction consistent with normal historical account behavior,NONE,1,5,5,NORMAL,0.3
L03_002946,348,TRANSFER,688782.68,C595695907,18660881.69,17972099.01,C1553928544,0.0,688782.68,0,0,L03_00590,LEGITIMATE_HIGH_VALUE_HISTORY,High-value transaction consistent with normal historical account behavior,NONE,1,1,5,NORMAL,0.0369
L03_002947,407,TRANSFER,823211.41,C595695907,17972099.01,17148887.6,C1553928544,0.0,823211.41,0,0,L03_00590,LEGITIMATE_HIGH_VALUE_HISTORY,High-value transaction consistent with normal historical account behavior,NONE,1,2,5,NORMAL,0.0458
L03_002948,428,TRANSFER,642861.89,C595695907,17148887.6,16506025.71,C1553928544,0.0,642861.89,0,0,L03_00590,LEGITIMATE_HIGH_VALUE_HISTORY,High-value transaction consistent with normal historical account behavior,NONE,1,3,5,NORMAL,0.0375
L03_002949,450,TRANSFER,649120.09,C595695907,16506025.71,15856905.62,C1553928544,0.0,649120.09,0,0,L03_00590,LEGITIMATE_HIGH_VALUE_HISTORY,High-value transaction consistent with normal historical account behavior,NONE,1,4,5,NORMAL,0.0393
L03_002950,469,TRANSFER,4757071.68,C595695907,15856905.62,11099833.93,C1553928544,0.0,4757071.68,0,0,L03_00590,LEGITIMATE_HIGH_VALUE_HISTORY,High-value transaction consistent with normal historical account behavior,NONE,1,5,5,NORMAL,0.3
L03_002951,409,TRANSFER,573930.68,C1294358269,10744835.25,10170904.57,C1411726232,0.0,573930.68,0,0,L03_00591,LEGITIMATE_HIGH_VALUE_HISTORY,High-value transaction consistent with normal historical account behavior,NONE,1,1,5,NORMAL,0.0534
L03_002952,445,TRANSFER,623938.17,C1294358269,10170904.57,9546966.4,C1411726232,0.0,623938.17,0,0,L03_00591,LEGITIMATE_HIGH_VALUE_HISTORY,High-value transaction consistent with normal historical account behavior,NONE,1,2,5,NORMAL,0.0613
L03_002953,471,TRANSFER,552668.51,C1294358269,9546966.4,8994297.89,C1411726232,0.0,552668.51,0,0,L03_00591,LEGITIMATE_HIGH_VALUE_HISTORY,High-value transaction consistent with normal historical account behavior,NONE,1,3,5,NORMAL,0.0579
L03_002954,489,TRANSFER,796138.29,C1294358269,8994297.89,8198159.6,C1411726232,0.0,796138.29,0,0,L03_00591,LEGITIMATE_HIGH_VALUE_HISTORY,High-value transaction consistent with normal historical account behavior,NONE,1,4,5,NORMAL,0.0885
L03_002955,532,TRANSFER,2459447.88,C1294358269,8198159.6,5738711.72,C1411726232,0.0,2459447.88,0,0,L03_00591,LEGITIMATE_HIGH_VALUE_HISTORY,High-value transaction consistent with normal historical account behavior,NONE,1,5,5,NORMAL,0.3
L03_002956,454,TRANSFER,665596.03,C1847025542,7678236.9,7012640.87,C1497049395,0.0,665596.03,0,0,L03_00592,LEGITIMATE_HIGH_VALUE_HISTORY,High-value transaction consistent with normal historical account behavior,NONE,1,1,5,NORMAL,0.0867
L03_002957,509,TRANSFER,342798.26,C1847025542,7012640.87,6669842.61,C1497049395,0.0,342798.26,0,0,L03_00592,LEGITIMATE_HIGH_VALUE_HISTORY,High-value transaction consistent with normal historical account behavior,NONE,1,2,5,NORMAL,0.0489
L03_002958,524,TRANSFER,350280.9,C1847025542,6669842.61,6319561.71,C1497049395,0.0,350280.9,0,0,L03_00592,LEGITIMATE_HIGH_VALUE_HISTORY,High-value transaction consistent with normal historical account behavior,NONE,1,3,5,NORMAL,0.0525
L03_002959,572,TRANSFER,855954.94,C1847025542,6319561.71,5463606.77,C1497049395,0.0,855954.94,0,0,L03_00592,LEGITIMATE_HIGH_VALUE_HISTORY,High-value transaction consistent with normal historical account behavior,NONE,1,4,5,NORMAL,0.1354
L03_002960,604,TRANSFER,1639082.03,C1847025542,5463606.77,3824524.74,C1497049395,0.0,1639082.03,0,0,L03_00592,LEGITIMATE_HIGH_VALUE_HISTORY,High-value transaction consistent with normal historical account behavior,NONE,1,5,5,NORMAL,0.3
L03_002961,582,TRANSFER,745193.81,C1470830835,9794482.44,9049288.63,C1384804107,0.0,745193.81,0,0,L03_00593,LEGITIMATE_HIGH_VALUE_HISTORY,High-value transaction consistent with normal historical account behavior,NONE,1,1,5,NORMAL,0.0761
L03_002962,627,TRANSFER,685010.96,C1470830835,9049288.63,8364277.67,C1384804107,0.0,685010.96,0,0,L03_00593,LEGITIMATE_HIGH_VALUE_HISTORY,High-value transaction consistent with normal historical account behavior,NONE,1,2,5,NORMAL,0.0757
L03_002963,644,TRANSFER,443465.96,C1470830835,8364277.67,7920811.71,C1384804107,0.0,443465.96,0,0,L03_00593,LEGITIMATE_HIGH_VALUE_HISTORY,High-value transaction consistent with normal historical account behavior,NONE,1,3,5,NORMAL,0.053
L03_002964,677,TRANSFER,294586.85,C1470830835,7920811.71,7626224.86,C1384804107,0.0,294586.85,0,0,L03_00593,LEGITIMATE_HIGH_VALUE_HISTORY,High-value transaction consistent with normal historical account behavior,NONE,1,4,5,NORMAL,0.0372
L03_002965,737,TRANSFER,2287867.46,C1470830835,7626224.86,5338357.4,C1384804107,0.0,2287867.46,0,0,L03_00593,LEGITIMATE_HIGH_VALUE_HISTORY,High-value transaction consistent with normal historical account behavior,NONE,1,5,5,NORMAL,0.3
L03_002966,354,TRANSFER,707512.26,C1523646401,10206216.06,9498703.8,C705795298,0.0,707512.26,0,0,L03_00594,LEGITIMATE_HIGH_VALUE_HISTORY,High-value transaction consistent with normal historical account behavior,NONE,1,1,5,NORMAL,0.0693
L03_002967,380,TRANSFER,449272.07,C1523646401,9498703.8,9049431.73,C705795298,0.0,449272.07,0,0,L03_00594,LEGITIMATE_HIGH_VALUE_HISTORY,High-value transaction consistent with normal historical account behavior,NONE,1,2,5,NORMAL,0.0473
L03_002968,416,TRANSFER,333615.76,C1523646401,9049431.73,8715815.97,C705795298,0.0,333615.76,0,0,L03_00594,LEGITIMATE_HIGH_VALUE_HISTORY,High-value transaction consistent with normal historical account behavior,NONE,1,3,5,NORMAL,0.0369
L03_002969,475,TRANSFER,618923.67,C1523646401,8715815.97,8096892.3,C705795298,0.0,618923.67,0,0,L03_00594,LEGITIMATE_HIGH_VALUE_HISTORY,High-value transaction consistent with normal historical account behavior,NONE,1,4,5,NORMAL,0.071
L03_002970,500,TRANSFER,2429067.69,C1523646401,8096892.3,5667824.61,C705795298,0.0,2429067.69,0,0,L03_00594,LEGITIMATE_HIGH_VALUE_HISTORY,High-value transaction consistent with normal historical account behavior,NONE,1,5,5,NORMAL,0.3
L03_002971,209,TRANSFER,305333.62,C539253067,7656466.25,7351132.62,C89406522,0.0,305333.62,0,0,L03_00595,LEGITIMATE_HIGH_VALUE_HISTORY,High-value transaction consistent with normal historical account behavior,NONE,1,1,5,NORMAL,0.0399
L03_002972,244,TRANSFER,369282.7,C539253067,7351132.62,6981849.92,C89406522,0.0,369282.7,0,0,L03_00595,LEGITIMATE_HIGH_VALUE_HISTORY,High-value transaction consistent with normal historical account behavior,NONE,1,2,5,NORMAL,0.0502
L03_002973,294,TRANSFER,759211.74,C539253067,6981849.92,6222638.18,C89406522,0.0,759211.74,0,0,L03_00595,LEGITIMATE_HIGH_VALUE_HISTORY,High-value transaction consistent with normal historical account behavior,NONE,1,3,5,NORMAL,0.1087
L03_002974,318,TRANSFER,596751.2,C539253067,6222638.18,5625886.98,C89406522,0.0,596751.2,0,0,L03_00595,LEGITIMATE_HIGH_VALUE_HISTORY,High-value transaction consistent with normal historical account behavior,NONE,1,4,5,NORMAL,0.0959
L03_002975,334,TRANSFER,1687766.1,C539253067,5625886.98,3938120.89,C89406522,0.0,1687766.1,0,0,L03_00595,LEGITIMATE_HIGH_VALUE_HISTORY,High-value transaction consistent with normal historical account behavior,NONE,1,5,5,NORMAL,0.3
L03_002976,455,TRANSFER,489012.0,C625156741,8021582.37,7532570.37,C24245719,0.0,489012.0,0,0,L03_00596,LEGITIMATE_HIGH_VALUE_HISTORY,High-value transaction consistent with normal historical account behavior,NONE,1,1,5,NORMAL,0.061
L03_002977,486,TRANSFER,506311.2,C625156741,7532570.37,7026259.17,C24245719,0.0,506311.2,0,0,L03_00596,LEGITIMATE_HIGH_VALUE_HISTORY,High-value transaction consistent with normal historical account behavior,NONE,1,2,5,NORMAL,0.0672
L03_002978,512,TRANSFER,481953.22,C625156741,7026259.17,6544305.95,C24245719,0.0,481953.22,0,0,L03_00596,LEGITIMATE_HIGH_VALUE_HISTORY,High-value transaction consistent with normal historical account behavior,NONE,1,3,5,NORMAL,0.0686
L03_002979,546,TRANSFER,404178.7,C625156741,6544305.95,6140127.25,C24245719,0.0,404178.7,0,0,L03_00596,LEGITIMATE_HIGH_VALUE_HISTORY,High-value transaction consistent with normal historical account behavior,NONE,1,4,5,NORMAL,0.0618
L03_002980,592,TRANSFER,1842038.18,C625156741,6140127.25,4298089.08,C24245719,0.0,1842038.18,0,0,L03_00596,LEGITIMATE_HIGH_VALUE_HISTORY,High-value transaction consistent with normal historical account behavior,NONE,1,5,5,NORMAL,0.3
L03_002981,345,TRANSFER,520121.39,C255001948,16971880.62,16451759.23,C218607270,0.0,520121.39,0,0,L03_00597,LEGITIMATE_HIGH_VALUE_HISTORY,High-value transaction consistent with normal historical account behavior,NONE,1,1,5,NORMAL,0.0306
L03_002982,400,TRANSFER,325045.34,C255001948,16451759.23,16126713.89,C218607270,0.0,325045.34,0,0,L03_00597,LEGITIMATE_HIGH_VALUE_HISTORY,High-value transaction consistent with normal historical account behavior,NONE,1,2,5,NORMAL,0.0198
L03_002983,422,TRANSFER,493384.68,C255001948,16126713.89,15633329.21,C218607270,0.0,493384.68,0,0,L03_00597,LEGITIMATE_HIGH_VALUE_HISTORY,High-value transaction consistent with normal historical account behavior,NONE,1,3,5,NORMAL,0.0306
L03_002984,481,TRANSFER,437233.8,C255001948,15633329.21,15196095.41,C218607270,0.0,437233.8,0,0,L03_00597,LEGITIMATE_HIGH_VALUE_HISTORY,High-value transaction consistent with normal historical account behavior,NONE,1,4,5,NORMAL,0.028
L03_002985,534,TRANSFER,4558828.62,C255001948,15196095.41,10637266.79,C218607270,0.0,4558828.62,0,0,L03_00597,LEGITIMATE_HIGH_VALUE_HISTORY,High-value transaction consistent with normal historical account behavior,NONE,1,5,5,NORMAL,0.3
L03_002986,424,TRANSFER,536095.64,C909735867,15233292.46,14697196.82,C1823146598,0.0,536095.64,0,0,L03_00598,LEGITIMATE_HIGH_VALUE_HISTORY,High-value transaction consistent with normal historical account behavior,NONE,1,1,5,NORMAL,0.0352
L03_002987,465,TRANSFER,325545.97,C909735867,14697196.82,14371650.85,C1823146598,0.0,325545.97,0,0,L03_00598,LEGITIMATE_HIGH_VALUE_HISTORY,High-value transaction consistent with normal historical account behavior,NONE,1,2,5,NORMAL,0.0222
L03_002988,512,TRANSFER,566173.3,C909735867,14371650.85,13805477.55,C1823146598,0.0,566173.3,0,0,L03_00598,LEGITIMATE_HIGH_VALUE_HISTORY,High-value transaction consistent with normal historical account behavior,NONE,1,3,5,NORMAL,0.0394
L03_002989,536,TRANSFER,518661.85,C909735867,13805477.55,13286815.7,C1823146598,0.0,518661.85,0,0,L03_00598,LEGITIMATE_HIGH_VALUE_HISTORY,High-value transaction consistent with normal historical account behavior,NONE,1,4,5,NORMAL,0.0376
L03_002990,560,TRANSFER,3986044.71,C909735867,13286815.7,9300770.99,C1823146598,0.0,3986044.71,0,0,L03_00598,LEGITIMATE_HIGH_VALUE_HISTORY,High-value transaction consistent with normal historical account behavior,NONE,1,5,5,NORMAL,0.3
L03_002991,344,TRANSFER,781553.7,C519909597,12917878.98,12136325.28,C370961035,0.0,781553.7,0,0,L03_00599,LEGITIMATE_HIGH_VALUE_HISTORY,High-value transaction consistent with normal historical account behavior,NONE,1,1,5,NORMAL,0.0605
L03_002992,401,TRANSFER,803331.21,C519909597,12136325.28,11332994.07,C370961035,0.0,803331.21,0,0,L03_00599,LEGITIMATE_HIGH_VALUE_HISTORY,High-value transaction consistent with normal historical account behavior,NONE,1,2,5,NORMAL,0.0662
L03_002993,443,TRANSFER,583822.35,C519909597,11332994.07,10749171.72,C370961035,0.0,583822.35,0,0,L03_00599,LEGITIMATE_HIGH_VALUE_HISTORY,High-value transaction consistent with normal historical account behavior,NONE,1,3,5,NORMAL,0.0515
L03_002994,487,TRANSFER,702597.78,C519909597,10749171.72,10046573.94,C370961035,0.0,702597.78,0,0,L03_00599,LEGITIMATE_HIGH_VALUE_HISTORY,High-value transaction consistent with normal historical account behavior,NONE,1,4,5,NORMAL,0.0654
L03_002995,536,TRANSFER,3013972.18,C519909597,10046573.94,7032601.76,C370961035,0.0,3013972.18,0,0,L03_00599,LEGITIMATE_HIGH_VALUE_HISTORY,High-value transaction consistent with normal historical account behavior,NONE,1,5,5,NORMAL,0.3
L03_002996,351,TRANSFER,388486.89,C274997431,14450737.79,14062250.89,C340476329,0.0,388486.89,0,0,L03_00600,LEGITIMATE_HIGH_VALUE_HISTORY,High-value transaction consistent with normal historical account behavior,NONE,1,1,5,NORMAL,0.0269
L03_002997,377,TRANSFER,784384.66,C274997431,14062250.89,13277866.23,C340476329,0.0,784384.66,0,0,L03_00600,LEGITIMATE_HIGH_VALUE_HISTORY,High-value transaction consistent with normal historical account behavior,NONE,1,2,5,NORMAL,0.0558
L03_002998,429,TRANSFER,291904.8,C274997431,13277866.23,12985961.43,C340476329,0.0,291904.8,0,0,L03_00600,LEGITIMATE_HIGH_VALUE_HISTORY,High-value transaction consistent with normal historical account behavior,NONE,1,3,5,NORMAL,0.022
L03_002999,461,TRANSFER,738290.45,C274997431,12985961.43,12247670.98,C340476329,0.0,738290.45,0,0,L03_00600,LEGITIMATE_HIGH_VALUE_HISTORY,High-value transaction consistent with normal historical account behavior,NONE,1,4,5,NORMAL,0.0569
L03_003000,499,TRANSFER,3674301.3,C274997431,12247670.98,8573369.69,C340476329,0.0,3674301.3,0,0,L03_00600,LEGITIMATE_HIGH_VALUE_HISTORY,High-value transaction consistent with normal historical account behavior,NONE,1,5,5,NORMAL,0.3
L03_003001,183,TRANSFER,620897.23,C1248356506,6859631.91,6238734.68,C839700014,0.0,620897.23,0,0,L03_00601,LEGITIMATE_HIGH_VALUE_HISTORY,High-value transaction consistent with normal historical account behavior,NONE,1,1,5,NORMAL,0.0905
L03_003002,236,TRANSFER,315004.42,C1248356506,6238734.68,5923730.26,C839700014,0.0,315004.42,0,0,L03_00601,LEGITIMATE_HIGH_VALUE_HISTORY,High-value transaction consistent with normal historical account behavior,NONE,1,2,5,NORMAL,0.0505
L03_003003,284,TRANSFER,346935.54,C1248356506,5923730.26,5576794.72,C839700014,0.0,346935.54,0,0,L03_00601,LEGITIMATE_HIGH_VALUE_HISTORY,High-value transaction consistent with normal historical account behavior,NONE,1,3,5,NORMAL,0.0586
L03_003004,322,TRANSFER,447103.6,C1248356506,5576794.72,5129691.12,C839700014,0.0,447103.6,0,0,L03_00601,LEGITIMATE_HIGH_VALUE_HISTORY,High-value transaction consistent with normal historical account behavior,NONE,1,4,5,NORMAL,0.0802
L03_003005,381,TRANSFER,1538907.34,C1248356506,5129691.12,3590783.78,C839700014,0.0,1538907.34,0,0,L03_00601,LEGITIMATE_HIGH_VALUE_HISTORY,High-value transaction consistent with normal historical account behavior,NONE,1,5,5,NORMAL,0.3
L03_003006,340,TRANSFER,512995.21,C1367098078,9221851.95,8708856.74,C260269594,0.0,512995.21,0,0,L03_00602,LEGITIMATE_HIGH_VALUE_HISTORY,High-value transaction consistent with normal historical account behavior,NONE,1,1,5,NORMAL,0.0556
L03_003007,399,TRANSFER,325321.75,C1367098078,8708856.74,8383534.99,C260269594,0.0,325321.75,0,0,L03_00602,LEGITIMATE_HIGH_VALUE_HISTORY,High-value transaction consistent with normal historical account behavior,NONE,1,2,5,NORMAL,0.0374
L03_003008,455,TRANSFER,745889.3,C1367098078,8383534.99,7637645.69,C260269594,0.0,745889.3,0,0,L03_00602,LEGITIMATE_HIGH_VALUE_HISTORY,High-value transaction consistent with normal historical account behavior,NONE,1,3,5,NORMAL,0.089
L03_003009,488,TRANSFER,420423.56,C1367098078,7637645.69,7217222.13,C260269594,0.0,420423.56,0,0,L03_00602,LEGITIMATE_HIGH_VALUE_HISTORY,High-value transaction consistent with normal historical account behavior,NONE,1,4,5,NORMAL,0.055
L03_003010,540,TRANSFER,2165166.64,C1367098078,7217222.13,5052055.49,C260269594,0.0,2165166.64,0,0,L03_00602,LEGITIMATE_HIGH_VALUE_HISTORY,High-value transaction consistent with normal historical account behavior,NONE,1,5,5,NORMAL,0.3
L03_003011,269,TRANSFER,652898.93,C520601158,7005733.88,6352834.95,C1714083725,0.0,652898.93,0,0,L03_00603,LEGITIMATE_HIGH_VALUE_HISTORY,High-value transaction consistent with normal historical account behavior,NONE,1,1,5,NORMAL,0.0932
L03_003012,297,TRANSFER,300203.73,C520601158,6352834.95,6052631.21,C1714083725,0.0,300203.73,0,0,L03_00603,LEGITIMATE_HIGH_VALUE_HISTORY,High-value transaction consistent with normal historical account behavior,NONE,1,2,5,NORMAL,0.0473
L03_003013,325,TRANSFER,624274.32,C520601158,6052631.21,5428356.89,C1714083725,0.0,624274.32,0,0,L03_00603,LEGITIMATE_HIGH_VALUE_HISTORY,High-value transaction consistent with normal historical account behavior,NONE,1,3,5,NORMAL,0.1031
L03_003014,379,TRANSFER,471278.69,C520601158,5428356.89,4957078.2,C1714083725,0.0,471278.69,0,0,L03_00603,LEGITIMATE_HIGH_VALUE_HISTORY,High-value transaction consistent with normal historical account behavior,NONE,1,4,5,NORMAL,0.0868
L03_003015,431,TRANSFER,1487123.46,C520601158,4957078.2,3469954.74,C1714083725,0.0,1487123.46,0,0,L03_00603,LEGITIMATE_HIGH_VALUE_HISTORY,High-value transaction consistent with normal historical account behavior,NONE,1,5,5,NORMAL,0.3
L03_003016,209,TRANSFER,631883.89,C238244816,9699258.4,9067374.51,C866672845,0.0,631883.89,0,0,L03_00604,LEGITIMATE_HIGH_VALUE_HISTORY,High-value transaction consistent with normal historical account behavior,NONE,1,1,5,NORMAL,0.0651
L03_003017,266,TRANSFER,625733.67,C238244816,9067374.51,8441640.84,C866672845,0.0,625733.67,0,0,L03_00604,LEGITIMATE_HIGH_VALUE_HISTORY,High-value transaction consistent with normal historical account behavior,NONE,1,2,5,NORMAL,0.069
L03_003018,302,TRANSFER,788072.94,C238244816,8441640.84,7653567.9,C866672845,0.0,788072.94,0,0,L03_00604,LEGITIMATE_HIGH_VALUE_HISTORY,High-value transaction consistent with normal historical account behavior,NONE,1,3,5,NORMAL,0.0934
L03_003019,345,TRANSFER,851239.4,C238244816,7653567.9,6802328.5,C866672845,0.0,851239.4,0,0,L03_00604,LEGITIMATE_HIGH_VALUE_HISTORY,High-value transaction consistent with normal historical account behavior,NONE,1,4,5,NORMAL,0.1112
L03_003020,367,TRANSFER,2040698.55,C238244816,6802328.5,4761629.95,C866672845,0.0,2040698.55,0,0,L03_00604,LEGITIMATE_HIGH_VALUE_HISTORY,High-value transaction consistent with normal historical account behavior,NONE,1,5,5,NORMAL,0.3
L03_003021,348,TRANSFER,523685.55,C611634421,7758493.97,7234808.42,C1865820651,0.0,523685.55,0,0,L03_00605,LEGITIMATE_HIGH_VALUE_HISTORY,High-value transaction consistent with normal historical account behavior,NONE,1,1,5,NORMAL,0.0675
L03_003022,374,TRANSFER,581729.65,C611634421,7234808.42,6653078.77,C1865820651,0.0,581729.65,0,0,L03_00605,LEGITIMATE_HIGH_VALUE_HISTORY,High-value transaction consistent with normal historical account behavior,NONE,1,2,5,NORMAL,0.0804
L03_003023,433,TRANSFER,388928.9,C611634421,6653078.77,6264149.87,C1865820651,0.0,388928.9,0,0,L03_00605,LEGITIMATE_HIGH_VALUE_HISTORY,High-value transaction consistent with normal historical account behavior,NONE,1,3,5,NORMAL,0.0585
L03_003024,486,TRANSFER,324042.47,C611634421,6264149.87,5940107.4,C1865820651,0.0,324042.47,0,0,L03_00605,LEGITIMATE_HIGH_VALUE_HISTORY,High-value transaction consistent with normal historical account behavior,NONE,1,4,5,NORMAL,0.0517
L03_003025,538,TRANSFER,1782032.22,C611634421,5940107.4,4158075.18,C1865820651,0.0,1782032.22,0,0,L03_00605,LEGITIMATE_HIGH_VALUE_HISTORY,High-value transaction consistent with normal historical account behavior,NONE,1,5,5,NORMAL,0.3
L03_003026,364,TRANSFER,363586.52,C575957176,17963500.24,17599913.73,C1174239080,0.0,363586.52,0,0,L03_00606,LEGITIMATE_HIGH_VALUE_HISTORY,High-value transaction consistent with normal historical account behavior,NONE,1,1,5,NORMAL,0.0202
L03_003027,382,TRANSFER,541687.11,C575957176,17599913.73,17058226.62,C1174239080,0.0,541687.11,0,0,L03_00606,LEGITIMATE_HIGH_VALUE_HISTORY,High-value transaction consistent with normal historical account behavior,NONE,1,2,5,NORMAL,0.0308
L03_003028,420,TRANSFER,638327.76,C575957176,17058226.62,16419898.86,C1174239080,0.0,638327.76,0,0,L03_00606,LEGITIMATE_HIGH_VALUE_HISTORY,High-value transaction consistent with normal historical account behavior,NONE,1,3,5,NORMAL,0.0374
L03_003029,473,TRANSFER,432065.44,C575957176,16419898.86,15987833.42,C1174239080,0.0,432065.44,0,0,L03_00606,LEGITIMATE_HIGH_VALUE_HISTORY,High-value transaction consistent with normal historical account behavior,NONE,1,4,5,NORMAL,0.0263
L03_003030,511,TRANSFER,4796350.02,C575957176,15987833.42,11191483.39,C1174239080,0.0,4796350.02,0,0,L03_00606,LEGITIMATE_HIGH_VALUE_HISTORY,High-value transaction consistent with normal historical account behavior,NONE,1,5,5,NORMAL,0.3
L03_003031,414,TRANSFER,611240.61,C101916362,9393128.07,8781887.46,C1555411099,0.0,611240.61,0,0,L03_00607,LEGITIMATE_HIGH_VALUE_HISTORY,High-value transaction consistent with normal historical account behavior,NONE,1,1,5,NORMAL,0.0651
L03_003032,459,TRANSFER,543361.0,C101916362,8781887.46,8238526.46,C1555411099,0.0,543361.0,0,0,L03_00607,LEGITIMATE_HIGH_VALUE_HISTORY,High-value transaction consistent with normal historical account behavior,NONE,1,2,5,NORMAL,0.0619
L03_003033,503,TRANSFER,693572.49,C101916362,8238526.46,7544953.97,C1555411099,0.0,693572.49,0,0,L03_00607,LEGITIMATE_HIGH_VALUE_HISTORY,High-value transaction consistent with normal historical account behavior,NONE,1,3,5,NORMAL,0.0842
L03_003034,540,TRANSFER,600912.75,C101916362,7544953.97,6944041.22,C1555411099,0.0,600912.75,0,0,L03_00607,LEGITIMATE_HIGH_VALUE_HISTORY,High-value transaction consistent with normal historical account behavior,NONE,1,4,5,NORMAL,0.0796
L03_003035,594,TRANSFER,2083212.37,C101916362,6944041.22,4860828.85,C1555411099,0.0,2083212.37,0,0,L03_00607,LEGITIMATE_HIGH_VALUE_HISTORY,High-value transaction consistent with normal historical account behavior,NONE,1,5,5,NORMAL,0.3
L03_003036,321,TRANSFER,832736.39,C950718731,18802009.12,17969272.74,C1262565112,0.0,832736.39,0,0,L03_00608,LEGITIMATE_HIGH_VALUE_HISTORY,High-value transaction consistent with normal historical account behavior,NONE,1,1,5,NORMAL,0.0443
L03_003037,374,TRANSFER,552566.08,C950718731,17969272.74,17416706.66,C1262565112,0.0,552566.08,0,0,L03_00608,LEGITIMATE_HIGH_VALUE_HISTORY,High-value transaction consistent with normal historical account behavior,NONE,1,2,5,NORMAL,0.0308
L03_003038,405,TRANSFER,840731.27,C950718731,17416706.66,16575975.39,C1262565112,0.0,840731.27,0,0,L03_00608,LEGITIMATE_HIGH_VALUE_HISTORY,High-value transaction consistent with normal historical account behavior,NONE,1,3,5,NORMAL,0.0483
L03_003039,448,TRANSFER,308639.01,C950718731,16575975.39,16267336.38,C1262565112,0.0,308639.01,0,0,L03_00608,LEGITIMATE_HIGH_VALUE_HISTORY,High-value transaction consistent with normal historical account behavior,NONE,1,4,5,NORMAL,0.0186
L03_003040,493,TRANSFER,4880200.91,C950718731,16267336.38,11387135.46,C1262565112,0.0,4880200.91,0,0,L03_00608,LEGITIMATE_HIGH_VALUE_HISTORY,High-value transaction consistent with normal historical account behavior,NONE,1,5,5,NORMAL,0.3
L03_003041,372,TRANSFER,498136.32,C2104801160,9155733.68,8657597.36,C1805889045,0.0,498136.32,0,0,L03_00609,LEGITIMATE_HIGH_VALUE_HISTORY,High-value transaction consistent with normal historical account behavior,NONE,1,1,5,NORMAL,0.0544
L03_003042,403,TRANSFER,717192.29,C2104801160,8657597.36,7940405.07,C1805889045,0.0,717192.29,0,0,L03_00609,LEGITIMATE_HIGH_VALUE_HISTORY,High-value transaction consistent with normal historical account behavior,NONE,1,2,5,NORMAL,0.0828
L03_003043,435,TRANSFER,596980.42,C2104801160,7940405.07,7343424.65,C1805889045,0.0,596980.42,0,0,L03_00609,LEGITIMATE_HIGH_VALUE_HISTORY,High-value transaction consistent with normal historical account behavior,NONE,1,3,5,NORMAL,0.0752
L03_003044,490,TRANSFER,531194.98,C2104801160,7343424.65,6812229.67,C1805889045,0.0,531194.98,0,0,L03_00609,LEGITIMATE_HIGH_VALUE_HISTORY,High-value transaction consistent with normal historical account behavior,NONE,1,4,5,NORMAL,0.0723
L03_003045,531,TRANSFER,2043668.9,C2104801160,6812229.67,4768560.77,C1805889045,0.0,2043668.9,0,0,L03_00609,LEGITIMATE_HIGH_VALUE_HISTORY,High-value transaction consistent with normal historical account behavior,NONE,1,5,5,NORMAL,0.3
L03_003046,243,TRANSFER,586052.28,C1615175118,7766992.53,7180940.25,C1579071336,0.0,586052.28,0,0,L03_00610,LEGITIMATE_HIGH_VALUE_HISTORY,High-value transaction consistent with normal historical account behavior,NONE,1,1,5,NORMAL,0.0755
L03_003047,286,TRANSFER,873582.61,C1615175118,7180940.25,6307357.64,C1579071336,0.0,873582.61,0,0,L03_00610,LEGITIMATE_HIGH_VALUE_HISTORY,High-value transaction consistent with normal historical account behavior,NONE,1,2,5,NORMAL,0.1217
L03_003048,328,TRANSFER,348154.69,C1615175118,6307357.64,5959202.95,C1579071336,0.0,348154.69,0,0,L03_00610,LEGITIMATE_HIGH_VALUE_HISTORY,High-value transaction consistent with normal historical account behavior,NONE,1,3,5,NORMAL,0.0552
L03_003049,384,TRANSFER,543999.15,C1615175118,5959202.95,5415203.8,C1579071336,0.0,543999.15,0,0,L03_00610,LEGITIMATE_HIGH_VALUE_HISTORY,High-value transaction consistent with normal historical account behavior,NONE,1,4,5,NORMAL,0.0913
L03_003050,433,TRANSFER,1624561.14,C1615175118,5415203.8,3790642.66,C1579071336,0.0,1624561.14,0,0,L03_00610,LEGITIMATE_HIGH_VALUE_HISTORY,High-value transaction consistent with normal historical account behavior,NONE,1,5,5,NORMAL,0.3
L03_003051,345,TRANSFER,343215.34,C604229533,7108485.51,6765270.17,C447658882,0.0,343215.34,0,0,L03_00611,LEGITIMATE_HIGH_VALUE_HISTORY,High-value transaction consistent with normal historical account behavior,NONE,1,1,5,NORMAL,0.0483
L03_003052,398,TRANSFER,501727.62,C604229533,6765270.17,6263542.55,C447658882,0.0,501727.62,0,0,L03_00611,LEGITIMATE_HIGH_VALUE_HISTORY,High-value transaction consistent with normal historical account behavior,NONE,1,2,5,NORMAL,0.0742
L03_003053,427,TRANSFER,449769.71,C604229533,6263542.55,5813772.84,C447658882,0.0,449769.71,0,0,L03_00611,LEGITIMATE_HIGH_VALUE_HISTORY,High-value transaction consistent with normal historical account behavior,NONE,1,3,5,NORMAL,0.0718
L03_003054,468,TRANSFER,437876.29,C604229533,5813772.84,5375896.55,C447658882,0.0,437876.29,0,0,L03_00611,LEGITIMATE_HIGH_VALUE_HISTORY,High-value transaction consistent with normal historical account behavior,NONE,1,4,5,NORMAL,0.0753
L03_003055,500,TRANSFER,1612768.96,C604229533,5375896.55,3763127.58,C447658882,0.0,1612768.96,0,0,L03_00611,LEGITIMATE_HIGH_VALUE_HISTORY,High-value transaction consistent with normal historical account behavior,NONE,1,5,5,NORMAL,0.3
L03_003056,383,TRANSFER,728322.25,C669222199,8506395.66,7778073.41,C746715753,0.0,728322.25,0,0,L03_00612,LEGITIMATE_HIGH_VALUE_HISTORY,High-value transaction consistent with normal historical account behavior,NONE,1,1,5,NORMAL,0.0856
L03_003057,429,TRANSFER,604830.91,C669222199,7778073.41,7173242.5,C746715753,0.0,604830.91,0,0,L03_00612,LEGITIMATE_HIGH_VALUE_HISTORY,High-value transaction consistent with normal historical account behavior,NONE,1,2,5,NORMAL,0.0778
L03_003058,472,TRANSFER,723966.74,C669222199,7173242.5,6449275.76,C746715753,0.0,723966.74,0,0,L03_00612,LEGITIMATE_HIGH_VALUE_HISTORY,High-value transaction consistent with normal historical account behavior,NONE,1,3,5,NORMAL,0.1009
L03_003059,513,TRANSFER,578383.49,C669222199,6449275.76,5870892.27,C746715753,0.0,578383.49,0,0,L03_00612,LEGITIMATE_HIGH_VALUE_HISTORY,High-value transaction consistent with normal historical account behavior,NONE,1,4,5,NORMAL,0.0897
L03_003060,562,TRANSFER,1761267.68,C669222199,5870892.27,4109624.59,C746715753,0.0,1761267.68,0,0,L03_00612,LEGITIMATE_HIGH_VALUE_HISTORY,High-value transaction consistent with normal historical account behavior,NONE,1,5,5,NORMAL,0.3
L03_003061,213,TRANSFER,334966.43,C1003994512,7606601.8,7271635.38,C772379618,0.0,334966.43,0,0,L03_00613,LEGITIMATE_HIGH_VALUE_HISTORY,High-value transaction consistent with normal historical account behavior,NONE,1,1,5,NORMAL,0.044
L03_003062,254,TRANSFER,551788.48,C1003994512,7271635.38,6719846.89,C772379618,0.0,551788.48,0,0,L03_00613,LEGITIMATE_HIGH_VALUE_HISTORY,High-value transaction consistent with normal historical account behavior,NONE,1,2,5,NORMAL,0.0759
L03_003063,274,TRANSFER,616668.3,C1003994512,6719846.89,6103178.59,C772379618,0.0,616668.3,0,0,L03_00613,LEGITIMATE_HIGH_VALUE_HISTORY,High-value transaction consistent with normal historical account behavior,NONE,1,3,5,NORMAL,0.0918
L03_003064,302,TRANSFER,636724.12,C1003994512,6103178.59,5466454.47,C772379618,0.0,636724.12,0,0,L03_00613,LEGITIMATE_HIGH_VALUE_HISTORY,High-value transaction consistent with normal historical account behavior,NONE,1,4,5,NORMAL,0.1043
L03_003065,334,TRANSFER,1639936.34,C1003994512,5466454.47,3826518.13,C772379618,0.0,1639936.34,0,0,L03_00613,LEGITIMATE_HIGH_VALUE_HISTORY,High-value transaction consistent with normal historical account behavior,NONE,1,5,5,NORMAL,0.3
L03_003066,348,TRANSFER,383875.46,C202766691,18334971.46,17951096.0,C1335926666,0.0,383875.46,0,0,L03_00614,LEGITIMATE_HIGH_VALUE_HISTORY,High-value transaction consistent with normal historical account behavior,NONE,1,1,5,NORMAL,0.0209
L03_003067,364,TRANSFER,472751.88,C202766691,17951096.0,17478344.12,C1335926666,0.0,472751.88,0,0,L03_00614,LEGITIMATE_HIGH_VALUE_HISTORY,High-value transaction consistent with normal historical account behavior,NONE,1,2,5,NORMAL,0.0263
L03_003068,408,TRANSFER,644937.07,C202766691,17478344.12,16833407.05,C1335926666,0.0,644937.07,0,0,L03_00614,LEGITIMATE_HIGH_VALUE_HISTORY,High-value transaction consistent with normal historical account behavior,NONE,1,3,5,NORMAL,0.0369
L03_003069,444,TRANSFER,787963.44,C202766691,16833407.05,16045443.62,C1335926666,0.0,787963.44,0,0,L03_00614,LEGITIMATE_HIGH_VALUE_HISTORY,High-value transaction consistent with normal historical account behavior,NONE,1,4,5,NORMAL,0.0468
L03_003070,486,TRANSFER,4813633.08,C202766691,16045443.62,11231810.53,C1335926666,0.0,4813633.08,0,0,L03_00614,LEGITIMATE_HIGH_VALUE_HISTORY,High-value transaction consistent with normal historical account behavior,NONE,1,5,5,NORMAL,0.3
L03_003071,359,TRANSFER,618233.71,C819045929,17916326.34,17298092.63,C563859355,0.0,618233.71,0,0,L03_00615,LEGITIMATE_HIGH_VALUE_HISTORY,High-value transaction consistent with normal historical account behavior,NONE,1,1,5,NORMAL,0.0345
L03_003072,407,TRANSFER,508613.71,C819045929,17298092.63,16789478.92,C563859355,0.0,508613.71,0,0,L03_00615,LEGITIMATE_HIGH_VALUE_HISTORY,High-value transaction consistent with normal historical account behavior,NONE,1,2,5,NORMAL,0.0294
L03_003073,464,TRANSFER,504949.24,C819045929,16789478.92,16284529.68,C563859355,0.0,504949.24,0,0,L03_00615,LEGITIMATE_HIGH_VALUE_HISTORY,High-value transaction consistent with normal historical account behavior,NONE,1,3,5,NORMAL,0.0301
L03_003074,518,TRANSFER,312420.9,C819045929,16284529.68,15972108.78,C563859355,0.0,312420.9,0,0,L03_00615,LEGITIMATE_HIGH_VALUE_HISTORY,High-value transaction consistent with normal historical account behavior,NONE,1,4,5,NORMAL,0.0192
L03_003075,564,TRANSFER,4791632.63,C819045929,15972108.78,11180476.15,C563859355,0.0,4791632.63,0,0,L03_00615,LEGITIMATE_HIGH_VALUE_HISTORY,High-value transaction consistent with normal historical account behavior,NONE,1,5,5,NORMAL,0.3
L03_003076,328,TRANSFER,819572.58,C1005494038,10778102.69,9958530.11,C1797010701,0.0,819572.58,0,0,L03_00616,LEGITIMATE_HIGH_VALUE_HISTORY,High-value transaction consistent with normal historical account behavior,NONE,1,1,5,NORMAL,0.076
L03_003077,344,TRANSFER,415872.35,C1005494038,9958530.11,9542657.76,C1797010701,0.0,415872.35,0,0,L03_00616,LEGITIMATE_HIGH_VALUE_HISTORY,High-value transaction consistent with normal historical account behavior,NONE,1,2,5,NORMAL,0.0418
L03_003078,378,TRANSFER,321295.35,C1005494038,9542657.76,9221362.41,C1797010701,0.0,321295.35,0,0,L03_00616,LEGITIMATE_HIGH_VALUE_HISTORY,High-value transaction consistent with normal historical account behavior,NONE,1,3,5,NORMAL,0.0337
L03_003079,403,TRANSFER,638819.28,C1005494038,9221362.41,8582543.13,C1797010701,0.0,638819.28,0,0,L03_00616,LEGITIMATE_HIGH_VALUE_HISTORY,High-value transaction consistent with normal historical account behavior,NONE,1,4,5,NORMAL,0.0693
L03_003080,438,TRANSFER,2574762.94,C1005494038,8582543.13,6007780.19,C1797010701,0.0,2574762.94,0,0,L03_00616,LEGITIMATE_HIGH_VALUE_HISTORY,High-value transaction consistent with normal historical account behavior,NONE,1,5,5,NORMAL,0.3
L03_003081,399,TRANSFER,550010.06,C1538348954,10857507.64,10307497.58,C726752092,0.0,550010.06,0,0,L03_00617,LEGITIMATE_HIGH_VALUE_HISTORY,High-value transaction consistent with normal historical account behavior,NONE,1,1,5,NORMAL,0.0507
L03_003082,418,TRANSFER,756848.46,C1538348954,10307497.58,9550649.12,C726752092,0.0,756848.46,0,0,L03_00617,LEGITIMATE_HIGH_VALUE_HISTORY,High-value transaction consistent with normal historical account behavior,NONE,1,2,5,NORMAL,0.0734
L03_003083,452,TRANSFER,804401.43,C1538348954,9550649.12,8746247.7,C726752092,0.0,804401.43,0,0,L03_00617,LEGITIMATE_HIGH_VALUE_HISTORY,High-value transaction consistent with normal historical account behavior,NONE,1,3,5,NORMAL,0.0842
L03_003084,476,TRANSFER,722466.38,C1538348954,8746247.7,8023781.32,C726752092,0.0,722466.38,0,0,L03_00617,LEGITIMATE_HIGH_VALUE_HISTORY,High-value transaction consistent with normal historical account behavior,NONE,1,4,5,NORMAL,0.0826
L03_003085,508,TRANSFER,2407134.39,C1538348954,8023781.32,5616646.92,C726752092,0.0,2407134.39,0,0,L03_00617,LEGITIMATE_HIGH_VALUE_HISTORY,High-value transaction consistent with normal historical account behavior,NONE,1,5,5,NORMAL,0.3
L03_003086,378,TRANSFER,714596.85,C612994587,14305312.68,13590715.83,C1784119143,0.0,714596.85,0,0,L03_00618,LEGITIMATE_HIGH_VALUE_HISTORY,High-value transaction consistent with normal historical account behavior,NONE,1,1,5,NORMAL,0.05
L03_003087,402,TRANSFER,858295.47,C612994587,13590715.83,12732420.36,C1784119143,0.0,858295.47,0,0,L03_00618,LEGITIMATE_HIGH_VALUE_HISTORY,High-value transaction consistent with normal historical account behavior,NONE,1,2,5,NORMAL,0.0632
L03_003088,446,TRANSFER,736914.09,C612994587,12732420.36,11995506.27,C1784119143,0.0,736914.09,0,0,L03_00618,LEGITIMATE_HIGH_VALUE_HISTORY,High-value transaction consistent with normal historical account behavior,NONE,1,3,5,NORMAL,0.0579
L03_003089,477,TRANSFER,541116.4,C612994587,11995506.27,11454389.87,C1784119143,0.0,541116.4,0,0,L03_00618,LEGITIMATE_HIGH_VALUE_HISTORY,High-value transaction consistent with normal historical account behavior,NONE,1,4,5,NORMAL,0.0451
L03_003090,493,TRANSFER,3436316.96,C612994587,11454389.87,8018072.91,C1784119143,0.0,3436316.96,0,0,L03_00618,LEGITIMATE_HIGH_VALUE_HISTORY,High-value transaction consistent with normal historical account behavior,NONE,1,5,5,NORMAL,0.3
L03_003091,365,TRANSFER,557687.9,C1829626983,17443722.89,16886034.99,C1229859146,0.0,557687.9,0,0,L03_00619,LEGITIMATE_HIGH_VALUE_HISTORY,High-value transaction consistent with normal historical account behavior,NONE,1,1,5,NORMAL,0.032
L03_003092,416,TRANSFER,461376.86,C1829626983,16886034.99,16424658.13,C1229859146,0.0,461376.86,0,0,L03_00619,LEGITIMATE_HIGH_VALUE_HISTORY,High-value transaction consistent with normal historical account behavior,NONE,1,2,5,NORMAL,0.0273
L03_003093,456,TRANSFER,409530.08,C1829626983,16424658.13,16015128.05,C1229859146,0.0,409530.08,0,0,L03_00619,LEGITIMATE_HIGH_VALUE_HISTORY,High-value transaction consistent with normal historical account behavior,NONE,1,3,5,NORMAL,0.0249
L03_003094,514,TRANSFER,615315.04,C1829626983,16015128.05,15399813.01,C1229859146,0.0,615315.04,0,0,L03_00619,LEGITIMATE_HIGH_VALUE_HISTORY,High-value transaction consistent with normal historical account behavior,NONE,1,4,5,NORMAL,0.0384
L03_003095,539,TRANSFER,4619943.9,C1829626983,15399813.01,10779869.1,C1229859146,0.0,4619943.9,0,0,L03_00619,LEGITIMATE_HIGH_VALUE_HISTORY,High-value transaction consistent with normal historical account behavior,NONE,1,5,5,NORMAL,0.3
L03_003096,257,TRANSFER,697462.99,C1269946061,8641410.46,7943947.47,C783229747,0.0,697462.99,0,0,L03_00620,LEGITIMATE_HIGH_VALUE_HISTORY,High-value transaction consistent with normal historical account behavior,NONE,1,1,5,NORMAL,0.0807
L03_003097,304,TRANSFER,852226.31,C1269946061,7943947.47,7091721.16,C783229747,0.0,852226.31,0,0,L03_00620,LEGITIMATE_HIGH_VALUE_HISTORY,High-value transaction consistent with normal historical account behavior,NONE,1,2,5,NORMAL,0.1073
L03_003098,344,TRANSFER,299645.49,C1269946061,7091721.16,6792075.67,C783229747,0.0,299645.49,0,0,L03_00620,LEGITIMATE_HIGH_VALUE_HISTORY,High-value transaction consistent with normal historical account behavior,NONE,1,3,5,NORMAL,0.0423
L03_003099,385,TRANSFER,801787.6,C1269946061,6792075.67,5990288.07,C783229747,0.0,801787.6,0,0,L03_00620,LEGITIMATE_HIGH_VALUE_HISTORY,High-value transaction consistent with normal historical account behavior,NONE,1,4,5,NORMAL,0.118
L03_003100,404,TRANSFER,1797086.42,C1269946061,5990288.07,4193201.65,C783229747,0.0,1797086.42,0,0,L03_00620,LEGITIMATE_HIGH_VALUE_HISTORY,High-value transaction consistent with normal historical account behavior,NONE,1,5,5,NORMAL,0.3
L03_003101,418,TRANSFER,368383.13,C504707277,11893484.98,11525101.85,C526689956,0.0,368383.13,0,0,L03_00621,LEGITIMATE_HIGH_VALUE_HISTORY,High-value transaction consistent with normal historical account behavior,NONE,1,1,5,NORMAL,0.031
L03_003102,447,TRANSFER,763617.59,C504707277,11525101.85,10761484.26,C526689956,0.0,763617.59,0,0,L03_00621,LEGITIMATE_HIGH_VALUE_HISTORY,High-value transaction consistent with normal historical account behavior,NONE,1,2,5,NORMAL,0.0663
L03_003103,492,TRANSFER,531041.5,C504707277,10761484.26,10230442.76,C526689956,0.0,531041.5,0,0,L03_00621,LEGITIMATE_HIGH_VALUE_HISTORY,High-value transaction consistent with normal historical account behavior,NONE,1,3,5,NORMAL,0.0493
L03_003104,513,TRANSFER,741808.05,C504707277,10230442.76,9488634.71,C526689956,0.0,741808.05,0,0,L03_00621,LEGITIMATE_HIGH_VALUE_HISTORY,High-value transaction consistent with normal historical account behavior,NONE,1,4,5,NORMAL,0.0725
L03_003105,557,TRANSFER,2846590.41,C504707277,9488634.71,6642044.3,C526689956,0.0,2846590.41,0,0,L03_00621,LEGITIMATE_HIGH_VALUE_HISTORY,High-value transaction consistent with normal historical account behavior,NONE,1,5,5,NORMAL,0.3
L03_003106,343,TRANSFER,369881.71,C161780213,8902403.34,8532521.63,C1145076193,0.0,369881.71,0,0,L03_00622,LEGITIMATE_HIGH_VALUE_HISTORY,High-value transaction consistent with normal historical account behavior,NONE,1,1,5,NORMAL,0.0415
L03_003107,367,TRANSFER,829331.42,C161780213,8532521.63,7703190.21,C1145076193,0.0,829331.42,0,0,L03_00622,LEGITIMATE_HIGH_VALUE_HISTORY,High-value transaction consistent with normal historical account behavior,NONE,1,2,5,NORMAL,0.0972
L03_003108,397,TRANSFER,571211.99,C161780213,7703190.21,7131978.22,C1145076193,0.0,571211.99,0,0,L03_00622,LEGITIMATE_HIGH_VALUE_HISTORY,High-value transaction consistent with normal historical account behavior,NONE,1,3,5,NORMAL,0.0742
L03_003109,443,TRANSFER,726184.19,C161780213,7131978.22,6405794.03,C1145076193,0.0,726184.19,0,0,L03_00622,LEGITIMATE_HIGH_VALUE_HISTORY,High-value transaction consistent with normal historical account behavior,NONE,1,4,5,NORMAL,0.1018
L03_003110,479,TRANSFER,1921738.21,C161780213,6405794.03,4484055.82,C1145076193,0.0,1921738.21,0,0,L03_00622,LEGITIMATE_HIGH_VALUE_HISTORY,High-value transaction consistent with normal historical account behavior,NONE,1,5,5,NORMAL,0.3
L03_003111,206,TRANSFER,780208.71,C1286858745,8820570.02,8040361.31,C1218990149,0.0,780208.71,0,0,L03_00623,LEGITIMATE_HIGH_VALUE_HISTORY,High-value transaction consistent with normal historical account behavior,NONE,1,1,5,NORMAL,0.0885
L03_003112,258,TRANSFER,594082.67,C1286858745,8040361.31,7446278.64,C1218990149,0.0,594082.67,0,0,L03_00623,LEGITIMATE_HIGH_VALUE_HISTORY,High-value transaction consistent with normal historical account behavior,NONE,1,2,5,NORMAL,0.0739
L03_003113,285,TRANSFER,645193.03,C1286858745,7446278.64,6801085.61,C1218990149,0.0,645193.03,0,0,L03_00623,LEGITIMATE_HIGH_VALUE_HISTORY,High-value transaction consistent with normal historical account behavior,NONE,1,3,5,NORMAL,0.0866
L03_003114,340,TRANSFER,525840.15,C1286858745,6801085.61,6275245.46,C1218990149,0.0,525840.15,0,0,L03_00623,LEGITIMATE_HIGH_VALUE_HISTORY,High-value transaction consistent with normal historical account behavior,NONE,1,4,5,NORMAL,0.0773
L03_003115,362,TRANSFER,1882573.64,C1286858745,6275245.46,4392671.82,C1218990149,0.0,1882573.64,0,0,L03_00623,LEGITIMATE_HIGH_VALUE_HISTORY,High-value transaction consistent with normal historical account behavior,NONE,1,5,5,NORMAL,0.3
L03_003116,558,TRANSFER,630087.38,C1376223617,7524329.5,6894242.12,C735764004,0.0,630087.38,0,0,L03_00624,LEGITIMATE_HIGH_VALUE_HISTORY,High-value transaction consistent with normal historical account behavior,NONE,1,1,5,NORMAL,0.0837
L03_003117,603,TRANSFER,397379.37,C1376223617,6894242.12,6496862.75,C735764004,0.0,397379.37,0,0,L03_00624,LEGITIMATE_HIGH_VALUE_HISTORY,High-value transaction consistent with normal historical account behavior,NONE,1,2,5,NORMAL,0.0576
L03_003118,654,TRANSFER,446958.55,C1376223617,6496862.75,6049904.21,C735764004,0.0,446958.55,0,0,L03_00624,LEGITIMATE_HIGH_VALUE_HISTORY,High-value transaction consistent with normal historical account behavior,NONE,1,3,5,NORMAL,0.0688
L03_003119,679,TRANSFER,292736.01,C1376223617,6049904.21,5757168.2,C735764004,0.0,292736.01,0,0,L03_00624,LEGITIMATE_HIGH_VALUE_HISTORY,High-value transaction consistent with normal historical account behavior,NONE,1,4,5,NORMAL,0.0484
L03_003120,697,TRANSFER,1727150.46,C1376223617,5757168.2,4030017.74,C735764004,0.0,1727150.46,0,0,L03_00624,LEGITIMATE_HIGH_VALUE_HISTORY,High-value transaction consistent with normal historical account behavior,NONE,1,5,5,NORMAL,0.3
L03_003121,315,TRANSFER,717056.83,C1971552782,19384968.46,18667911.63,C1193179406,0.0,717056.83,0,0,L03_00625,LEGITIMATE_HIGH_VALUE_HISTORY,High-value transaction consistent with normal historical account behavior,NONE,1,1,5,NORMAL,0.037
L03_003122,338,TRANSFER,778490.67,C1971552782,18667911.63,17889420.96,C1193179406,0.0,778490.67,0,0,L03_00625,LEGITIMATE_HIGH_VALUE_HISTORY,High-value transaction consistent with normal historical account behavior,NONE,1,2,5,NORMAL,0.0417
L03_003123,387,TRANSFER,633879.36,C1971552782,17889420.96,17255541.6,C1193179406,0.0,633879.36,0,0,L03_00625,LEGITIMATE_HIGH_VALUE_HISTORY,High-value transaction consistent with normal historical account behavior,NONE,1,3,5,NORMAL,0.0354
L03_003124,439,TRANSFER,793885.45,C1971552782,17255541.6,16461656.15,C1193179406,0.0,793885.45,0,0,L03_00625,LEGITIMATE_HIGH_VALUE_HISTORY,High-value transaction consistent with normal historical account behavior,NONE,1,4,5,NORMAL,0.046
L03_003125,485,TRANSFER,4938496.85,C1971552782,16461656.15,11523159.31,C1193179406,0.0,4938496.85,0,0,L03_00625,LEGITIMATE_HIGH_VALUE_HISTORY,High-value transaction consistent with normal historical account behavior,NONE,1,5,5,NORMAL,0.3
L03_003126,345,TRANSFER,369134.02,C2042980311,17420100.93,17050966.91,C498875146,0.0,369134.02,0,0,L03_00626,LEGITIMATE_HIGH_VALUE_HISTORY,High-value transaction consistent with normal historical account behavior,NONE,1,1,5,NORMAL,0.0212
L03_003127,360,TRANSFER,402172.7,C2042980311,17050966.91,16648794.21,C498875146,0.0,402172.7,0,0,L03_00626,LEGITIMATE_HIGH_VALUE_HISTORY,High-value transaction consistent with normal historical account behavior,NONE,1,2,5,NORMAL,0.0236
L03_003128,384,TRANSFER,459438.62,C2042980311,16648794.21,16189355.59,C498875146,0.0,459438.62,0,0,L03_00626,LEGITIMATE_HIGH_VALUE_HISTORY,High-value transaction consistent with normal historical account behavior,NONE,1,3,5,NORMAL,0.0276
L03_003129,406,TRANSFER,382655.28,C2042980311,16189355.59,15806700.31,C498875146,0.0,382655.28,0,0,L03_00626,LEGITIMATE_HIGH_VALUE_HISTORY,High-value transaction consistent with normal historical account behavior,NONE,1,4,5,NORMAL,0.0236
L03_003130,455,TRANSFER,4742010.09,C2042980311,15806700.31,11064690.22,C498875146,0.0,4742010.09,0,0,L03_00626,LEGITIMATE_HIGH_VALUE_HISTORY,High-value transaction consistent with normal historical account behavior,NONE,1,5,5,NORMAL,0.3
L03_003131,228,TRANSFER,485700.04,C1942332145,7601987.77,7116287.73,C53105230,0.0,485700.04,0,0,L03_00627,LEGITIMATE_HIGH_VALUE_HISTORY,High-value transaction consistent with normal historical account behavior,NONE,1,1,5,NORMAL,0.0639
L03_003132,247,TRANSFER,555810.39,C1942332145,7116287.73,6560477.34,C53105230,0.0,555810.39,0,0,L03_00627,LEGITIMATE_HIGH_VALUE_HISTORY,High-value transaction consistent with normal historical account behavior,NONE,1,2,5,NORMAL,0.0781
L03_003133,267,TRANSFER,595829.82,C1942332145,6560477.34,5964647.52,C53105230,0.0,595829.82,0,0,L03_00627,LEGITIMATE_HIGH_VALUE_HISTORY,High-value transaction consistent with normal historical account behavior,NONE,1,3,5,NORMAL,0.0908
L03_003134,314,TRANSFER,551050.26,C1942332145,5964647.52,5413597.26,C53105230,0.0,551050.26,0,0,L03_00627,LEGITIMATE_HIGH_VALUE_HISTORY,High-value transaction consistent with normal historical account behavior,NONE,1,4,5,NORMAL,0.0924
L03_003135,347,TRANSFER,1624079.18,C1942332145,5413597.26,3789518.09,C53105230,0.0,1624079.18,0,0,L03_00627,LEGITIMATE_HIGH_VALUE_HISTORY,High-value transaction consistent with normal historical account behavior,NONE,1,5,5,NORMAL,0.3
L03_003136,428,TRANSFER,680642.49,C1854547201,8289710.18,7609067.69,C1863624816,0.0,680642.49,0,0,L03_00628,LEGITIMATE_HIGH_VALUE_HISTORY,High-value transaction consistent with normal historical account behavior,NONE,1,1,5,NORMAL,0.0821
L03_003137,475,TRANSFER,413263.42,C1854547201,7609067.69,7195804.27,C1863624816,0.0,413263.42,0,0,L03_00628,LEGITIMATE_HIGH_VALUE_HISTORY,High-value transaction consistent with normal historical account behavior,NONE,1,2,5,NORMAL,0.0543
L03_003138,498,TRANSFER,844784.24,C1854547201,7195804.27,6351020.03,C1863624816,0.0,844784.24,0,0,L03_00628,LEGITIMATE_HIGH_VALUE_HISTORY,High-value transaction consistent with normal historical account behavior,NONE,1,3,5,NORMAL,0.1174
L03_003139,525,TRANSFER,566890.18,C1854547201,6351020.03,5784129.85,C1863624816,0.0,566890.18,0,0,L03_00628,LEGITIMATE_HIGH_VALUE_HISTORY,High-value transaction consistent with normal historical account behavior,NONE,1,4,5,NORMAL,0.0893
L03_003140,552,TRANSFER,1735238.95,C1854547201,5784129.85,4048890.89,C1863624816,0.0,1735238.95,0,0,L03_00628,LEGITIMATE_HIGH_VALUE_HISTORY,High-value transaction consistent with normal historical account behavior,NONE,1,5,5,NORMAL,0.3
L03_003141,398,TRANSFER,411063.08,C1612885146,7930813.73,7519750.65,C1495119408,0.0,411063.08,0,0,L03_00629,LEGITIMATE_HIGH_VALUE_HISTORY,High-value transaction consistent with normal historical account behavior,NONE,1,1,5,NORMAL,0.0518
L03_003142,445,TRANSFER,648864.41,C1612885146,7519750.65,6870886.24,C1495119408,0.0,648864.41,0,0,L03_00629,LEGITIMATE_HIGH_VALUE_HISTORY,High-value transaction consistent with normal historical account behavior,NONE,1,2,5,NORMAL,0.0863
L03_003143,499,TRANSFER,547179.36,C1612885146,6870886.24,6323706.88,C1495119408,0.0,547179.36,0,0,L03_00629,LEGITIMATE_HIGH_VALUE_HISTORY,High-value transaction consistent with normal historical account behavior,NONE,1,3,5,NORMAL,0.0796
L03_003144,555,TRANSFER,559970.01,C1612885146,6323706.88,5763736.87,C1495119408,0.0,559970.01,0,0,L03_00629,LEGITIMATE_HIGH_VALUE_HISTORY,High-value transaction consistent with normal historical account behavior,NONE,1,4,5,NORMAL,0.0886
L03_003145,574,TRANSFER,1729121.06,C1612885146,5763736.87,4034615.81,C1495119408,0.0,1729121.06,0,0,L03_00629,LEGITIMATE_HIGH_VALUE_HISTORY,High-value transaction consistent with normal historical account behavior,NONE,1,5,5,NORMAL,0.3
L03_003146,301,TRANSFER,871983.97,C1444103577,8155672.32,7283688.35,C1319271082,0.0,871983.97,0,0,L03_00630,LEGITIMATE_HIGH_VALUE_HISTORY,High-value transaction consistent with normal historical account behavior,NONE,1,1,5,NORMAL,0.1069
L03_003147,320,TRANSFER,355635.91,C1444103577,7283688.35,6928052.44,C1319271082,0.0,355635.91,0,0,L03_00630,LEGITIMATE_HIGH_VALUE_HISTORY,High-value transaction consistent with normal historical account behavior,NONE,1,2,5,NORMAL,0.0488
L03_003148,364,TRANSFER,759152.03,C1444103577,6928052.44,6168900.41,C1319271082,0.0,759152.03,0,0,L03_00630,LEGITIMATE_HIGH_VALUE_HISTORY,High-value transaction consistent with normal historical account behavior,NONE,1,3,5,NORMAL,0.1096
L03_003149,417,TRANSFER,593647.34,C1444103577,6168900.41,5575253.07,C1319271082,0.0,593647.34,0,0,L03_00630,LEGITIMATE_HIGH_VALUE_HISTORY,High-value transaction consistent with normal historical account behavior,NONE,1,4,5,NORMAL,0.0962
L03_003150,465,TRANSFER,1672575.92,C1444103577,5575253.07,3902677.15,C1319271082,0.0,1672575.92,0,0,L03_00630,LEGITIMATE_HIGH_VALUE_HISTORY,High-value transaction consistent with normal historical account behavior,NONE,1,5,5,NORMAL,0.3
L03_003151,229,TRANSFER,871921.02,C1370842090,8541954.42,7670033.4,C1024803005,0.0,871921.02,0,0,L03_00631,LEGITIMATE_HIGH_VALUE_HISTORY,High-value transaction consistent with normal historical account behavior,NONE,1,1,5,NORMAL,0.1021
L03_003152,264,TRANSFER,812689.81,C1370842090,7670033.4,6857343.59,C1024803005,0.0,812689.81,0,0,L03_00631,LEGITIMATE_HIGH_VALUE_HISTORY,High-value transaction consistent with normal historical account behavior,NONE,1,2,5,NORMAL,0.106
L03_003153,312,TRANSFER,531262.06,C1370842090,6857343.59,6326081.53,C1024803005,0.0,531262.06,0,0,L03_00631,LEGITIMATE_HIGH_VALUE_HISTORY,High-value transaction consistent with normal historical account behavior,NONE,1,3,5,NORMAL,0.0775
L03_003154,327,TRANSFER,401389.7,C1370842090,6326081.53,5924691.83,C1024803005,0.0,401389.7,0,0,L03_00631,LEGITIMATE_HIGH_VALUE_HISTORY,High-value transaction consistent with normal historical account behavior,NONE,1,4,5,NORMAL,0.0634
L03_003155,361,TRANSFER,1777407.55,C1370842090,5924691.83,4147284.28,C1024803005,0.0,1777407.55,0,0,L03_00631,LEGITIMATE_HIGH_VALUE_HISTORY,High-value transaction consistent with normal historical account behavior,NONE,1,5,5,NORMAL,0.3
L03_003156,203,TRANSFER,528716.97,C1286858745,9220479.78,8691762.81,C1218990149,0.0,528716.97,0,0,L03_00632,LEGITIMATE_HIGH_VALUE_HISTORY,High-value transaction consistent with normal historical account behavior,NONE,1,1,5,NORMAL,0.0573
L03_003157,245,TRANSFER,837699.16,C1286858745,8691762.81,7854063.65,C1218990149,0.0,837699.16,0,0,L03_00632,LEGITIMATE_HIGH_VALUE_HISTORY,High-value transaction consistent with normal historical account behavior,NONE,1,2,5,NORMAL,0.0964
L03_003158,292,TRANSFER,788453.91,C1286858745,7854063.65,7065609.74,C1218990149,0.0,788453.91,0,0,L03_00632,LEGITIMATE_HIGH_VALUE_HISTORY,High-value transaction consistent with normal historical account behavior,NONE,1,3,5,NORMAL,0.1004
L03_003159,317,TRANSFER,674999.33,C1286858745,7065609.74,6390610.41,C1218990149,0.0,674999.33,0,0,L03_00632,LEGITIMATE_HIGH_VALUE_HISTORY,High-value transaction consistent with normal historical account behavior,NONE,1,4,5,NORMAL,0.0955
L03_003160,348,TRANSFER,1917183.12,C1286858745,6390610.41,4473427.29,C1218990149,0.0,1917183.12,0,0,L03_00632,LEGITIMATE_HIGH_VALUE_HISTORY,High-value transaction consistent with normal historical account behavior,NONE,1,5,5,NORMAL,0.3
L03_003161,365,TRANSFER,809142.62,C325401550,8119297.9,7310155.28,C1599949671,0.0,809142.62,0,0,L03_00633,LEGITIMATE_HIGH_VALUE_HISTORY,High-value transaction consistent with normal historical account behavior,NONE,1,1,5,NORMAL,0.0997
L03_003162,399,TRANSFER,685696.92,C325401550,7310155.28,6624458.36,C1599949671,0.0,685696.92,0,0,L03_00633,LEGITIMATE_HIGH_VALUE_HISTORY,High-value transaction consistent with normal historical account behavior,NONE,1,2,5,NORMAL,0.0938
L03_003163,451,TRANSFER,468439.83,C325401550,6624458.36,6156018.53,C1599949671,0.0,468439.83,0,0,L03_00633,LEGITIMATE_HIGH_VALUE_HISTORY,High-value transaction consistent with normal historical account behavior,NONE,1,3,5,NORMAL,0.0707
L03_003164,494,TRANSFER,620024.57,C325401550,6156018.53,5535993.96,C1599949671,0.0,620024.57,0,0,L03_00633,LEGITIMATE_HIGH_VALUE_HISTORY,High-value transaction consistent with normal historical account behavior,NONE,1,4,5,NORMAL,0.1007
L03_003165,533,TRANSFER,1660798.19,C325401550,5535993.96,3875195.78,C1599949671,0.0,1660798.19,0,0,L03_00633,LEGITIMATE_HIGH_VALUE_HISTORY,High-value transaction consistent with normal historical account behavior,NONE,1,5,5,NORMAL,0.3
L03_003166,335,TRANSFER,705552.82,C2144239303,9030525.6,8324972.78,C1085948132,0.0,705552.82,0,0,L03_00634,LEGITIMATE_HIGH_VALUE_HISTORY,High-value transaction consistent with normal historical account behavior,NONE,1,1,5,NORMAL,0.0781
L03_003167,352,TRANSFER,840119.75,C2144239303,8324972.78,7484853.03,C1085948132,0.0,840119.75,0,0,L03_00634,LEGITIMATE_HIGH_VALUE_HISTORY,High-value transaction consistent with normal historical account behavior,NONE,1,2,5,NORMAL,0.1009
L03_003168,389,TRANSFER,775674.91,C2144239303,7484853.03,6709178.12,C1085948132,0.0,775674.91,0,0,L03_00634,LEGITIMATE_HIGH_VALUE_HISTORY,High-value transaction consistent with normal historical account behavior,NONE,1,3,5,NORMAL,0.1036
L03_003169,431,TRANSFER,451435.05,C2144239303,6709178.12,6257743.07,C1085948132,0.0,451435.05,0,0,L03_00634,LEGITIMATE_HIGH_VALUE_HISTORY,High-value transaction consistent with normal historical account behavior,NONE,1,4,5,NORMAL,0.0673
L03_003170,486,TRANSFER,1877322.92,C2144239303,6257743.07,4380420.15,C1085948132,0.0,1877322.92,0,0,L03_00634,LEGITIMATE_HIGH_VALUE_HISTORY,High-value transaction consistent with normal historical account behavior,NONE,1,5,5,NORMAL,0.3
L03_003171,182,TRANSFER,709256.08,C1309414134,9424936.05,8715679.97,C1344195521,0.0,709256.08,0,0,L03_00635,LEGITIMATE_HIGH_VALUE_HISTORY,High-value transaction consistent with normal historical account behavior,NONE,1,1,5,NORMAL,0.0753
L03_003172,214,TRANSFER,682330.37,C1309414134,8715679.97,8033349.6,C1344195521,0.0,682330.37,0,0,L03_00635,LEGITIMATE_HIGH_VALUE_HISTORY,High-value transaction consistent with normal historical account behavior,NONE,1,2,5,NORMAL,0.0783
L03_003173,257,TRANSFER,820584.16,C1309414134,8033349.6,7212765.44,C1344195521,0.0,820584.16,0,0,L03_00635,LEGITIMATE_HIGH_VALUE_HISTORY,High-value transaction consistent with normal historical account behavior,NONE,1,3,5,NORMAL,0.1021
L03_003174,274,TRANSFER,862532.05,C1309414134,7212765.44,6350233.39,C1344195521,0.0,862532.05,0,0,L03_00635,LEGITIMATE_HIGH_VALUE_HISTORY,High-value transaction consistent with normal historical account behavior,NONE,1,4,5,NORMAL,0.1196
L03_003175,295,TRANSFER,1905070.02,C1309414134,6350233.39,4445163.37,C1344195521,0.0,1905070.02,0,0,L03_00635,LEGITIMATE_HIGH_VALUE_HISTORY,High-value transaction consistent with normal historical account behavior,NONE,1,5,5,NORMAL,0.3
L03_003176,242,TRANSFER,421261.27,C2117768376,8140366.98,7719105.71,C2027771540,0.0,421261.27,0,0,L03_00636,LEGITIMATE_HIGH_VALUE_HISTORY,High-value transaction consistent with normal historical account behavior,NONE,1,1,5,NORMAL,0.0517
L03_003177,269,TRANSFER,701903.96,C2117768376,7719105.71,7017201.75,C2027771540,0.0,701903.96,0,0,L03_00636,LEGITIMATE_HIGH_VALUE_HISTORY,High-value transaction consistent with normal historical account behavior,NONE,1,2,5,NORMAL,0.0909
L03_003178,285,TRANSFER,330388.95,C2117768376,7017201.75,6686812.8,C2027771540,0.0,330388.95,0,0,L03_00636,LEGITIMATE_HIGH_VALUE_HISTORY,High-value transaction consistent with normal historical account behavior,NONE,1,3,5,NORMAL,0.0471
L03_003179,307,TRANSFER,828813.7,C2117768376,6686812.8,5857999.1,C2027771540,0.0,828813.7,0,0,L03_00636,LEGITIMATE_HIGH_VALUE_HISTORY,High-value transaction consistent with normal historical account behavior,NONE,1,4,5,NORMAL,0.1239
L03_003180,336,TRANSFER,1757399.73,C2117768376,5857999.1,4100599.37,C2027771540,0.0,1757399.73,0,0,L03_00636,LEGITIMATE_HIGH_VALUE_HISTORY,High-value transaction consistent with normal historical account behavior,NONE,1,5,5,NORMAL,0.3
L03_003181,418,TRANSFER,697677.86,C1320811888,8139195.92,7441518.06,C1920278726,0.0,697677.86,0,0,L03_00637,LEGITIMATE_HIGH_VALUE_HISTORY,High-value transaction consistent with normal historical account behavior,NONE,1,1,5,NORMAL,0.0857
L03_003182,435,TRANSFER,520827.12,C1320811888,7441518.06,6920690.94,C1920278726,0.0,520827.12,0,0,L03_00637,LEGITIMATE_HIGH_VALUE_HISTORY,High-value transaction consistent with normal historical account behavior,NONE,1,2,5,NORMAL,0.07
L03_003183,462,TRANSFER,455357.37,C1320811888,6920690.94,6465333.57,C1920278726,0.0,455357.37,0,0,L03_00637,LEGITIMATE_HIGH_VALUE_HISTORY,High-value transaction consistent with normal historical account behavior,NONE,1,3,5,NORMAL,0.0658
L03_003184,515,TRANSFER,632265.31,C1320811888,6465333.57,5833068.26,C1920278726,0.0,632265.31,0,0,L03_00637,LEGITIMATE_HIGH_VALUE_HISTORY,High-value transaction consistent with normal historical account behavior,NONE,1,4,5,NORMAL,0.0978
L03_003185,545,TRANSFER,1749920.48,C1320811888,5833068.26,4083147.78,C1920278726,0.0,1749920.48,0,0,L03_00637,LEGITIMATE_HIGH_VALUE_HISTORY,High-value transaction consistent with normal historical account behavior,NONE,1,5,5,NORMAL,0.3
L03_003186,554,TRANSFER,740741.0,C1208842509,12052961.8,11312220.8,C630371504,0.0,740741.0,0,0,L03_00638,LEGITIMATE_HIGH_VALUE_HISTORY,High-value transaction consistent with normal historical account behavior,NONE,1,1,5,NORMAL,0.0615
L03_003187,591,TRANSFER,643071.22,C1208842509,11312220.8,10669149.58,C630371504,0.0,643071.22,0,0,L03_00638,LEGITIMATE_HIGH_VALUE_HISTORY,High-value transaction consistent with normal historical account behavior,NONE,1,2,5,NORMAL,0.0568
L03_003188,610,TRANSFER,439158.59,C1208842509,10669149.58,10229990.99,C630371504,0.0,439158.59,0,0,L03_00638,LEGITIMATE_HIGH_VALUE_HISTORY,High-value transaction consistent with normal historical account behavior,NONE,1,3,5,NORMAL,0.0412
L03_003189,663,TRANSFER,835036.07,C1208842509,10229990.99,9394954.92,C630371504,0.0,835036.07,0,0,L03_00638,LEGITIMATE_HIGH_VALUE_HISTORY,High-value transaction consistent with normal historical account behavior,NONE,1,4,5,NORMAL,0.0816
L03_003190,713,TRANSFER,2818486.48,C1208842509,9394954.92,6576468.45,C630371504,0.0,2818486.48,0,0,L03_00638,LEGITIMATE_HIGH_VALUE_HISTORY,High-value transaction consistent with normal historical account behavior,NONE,1,5,5,NORMAL,0.3
L03_003191,187,TRANSFER,419756.86,C442181625,6833831.19,6414074.33,C1583920143,0.0,419756.86,0,0,L03_00639,LEGITIMATE_HIGH_VALUE_HISTORY,High-value transaction consistent with normal historical account behavior,NONE,1,1,5,NORMAL,0.0614
L03_003192,206,TRANSFER,383006.9,C442181625,6414074.33,6031067.43,C1583920143,0.0,383006.9,0,0,L03_00639,LEGITIMATE_HIGH_VALUE_HISTORY,High-value transaction consistent with normal historical account behavior,NONE,1,2,5,NORMAL,0.0597
L03_003193,233,TRANSFER,413912.39,C442181625,6031067.43,5617155.04,C1583920143,0.0,413912.39,0,0,L03_00639,LEGITIMATE_HIGH_VALUE_HISTORY,High-value transaction consistent with normal historical account behavior,NONE,1,3,5,NORMAL,0.0686
L03_003194,261,TRANSFER,530203.32,C442181625,5617155.04,5086951.72,C1583920143,0.0,530203.32,0,0,L03_00639,LEGITIMATE_HIGH_VALUE_HISTORY,High-value transaction consistent with normal historical account behavior,NONE,1,4,5,NORMAL,0.0944
L03_003195,311,TRANSFER,1526085.52,C442181625,5086951.72,3560866.2,C1583920143,0.0,1526085.52,0,0,L03_00639,LEGITIMATE_HIGH_VALUE_HISTORY,High-value transaction consistent with normal historical account behavior,NONE,1,5,5,NORMAL,0.3
L03_003196,392,TRANSFER,444598.11,C2040294398,7812812.01,7368213.9,C1757541334,0.0,444598.11,0,0,L03_00640,LEGITIMATE_HIGH_VALUE_HISTORY,High-value transaction consistent with normal historical account behavior,NONE,1,1,5,NORMAL,0.0569
L03_003197,449,TRANSFER,708348.39,C2040294398,7368213.9,6659865.51,C1757541334,0.0,708348.39,0,0,L03_00640,LEGITIMATE_HIGH_VALUE_HISTORY,High-value transaction consistent with normal historical account behavior,NONE,1,2,5,NORMAL,0.0961
L03_003198,472,TRANSFER,798230.7,C2040294398,6659865.51,5861634.81,C1757541334,0.0,798230.7,0,0,L03_00640,LEGITIMATE_HIGH_VALUE_HISTORY,High-value transaction consistent with normal historical account behavior,NONE,1,3,5,NORMAL,0.1199
L03_003199,522,TRANSFER,437029.72,C2040294398,5861634.81,5424605.09,C1757541334,0.0,437029.72,0,0,L03_00640,LEGITIMATE_HIGH_VALUE_HISTORY,High-value transaction consistent with normal historical account behavior,NONE,1,4,5,NORMAL,0.0746
L03_003200,537,TRANSFER,1627381.53,C2040294398,5424605.09,3797223.56,C1757541334,0.0,1627381.53,0,0,L03_00640,LEGITIMATE_HIGH_VALUE_HISTORY,High-value transaction consistent with normal historical account behavior,NONE,1,5,5,NORMAL,0.3
L03_003201,341,TRANSFER,489857.16,C1641830932,19200509.72,18710652.56,C670177943,0.0,489857.16,0,0,L03_00641,LEGITIMATE_HIGH_VALUE_HISTORY,High-value transaction consistent with normal historical account behavior,NONE,1,1,5,NORMAL,0.0255
L03_003202,361,TRANSFER,847428.68,C1641830932,18710652.56,17863223.88,C670177943,0.0,847428.68,0,0,L03_00641,LEGITIMATE_HIGH_VALUE_HISTORY,High-value transaction consistent with normal historical account behavior,NONE,1,2,5,NORMAL,0.0453
L03_003203,382,TRANSFER,840388.76,C1641830932,17863223.88,17022835.11,C670177943,0.0,840388.76,0,0,L03_00641,LEGITIMATE_HIGH_VALUE_HISTORY,High-value transaction consistent with normal historical account behavior,NONE,1,3,5,NORMAL,0.047
L03_003204,428,TRANSFER,622665.21,C1641830932,17022835.11,16400169.9,C670177943,0.0,622665.21,0,0,L03_00641,LEGITIMATE_HIGH_VALUE_HISTORY,High-value transaction consistent with normal historical account behavior,NONE,1,4,5,NORMAL,0.0366
L03_003205,477,TRANSFER,4920050.97,C1641830932,16400169.9,11480118.93,C670177943,0.0,4920050.97,0,0,L03_00641,LEGITIMATE_HIGH_VALUE_HISTORY,High-value transaction consistent with normal historical account behavior,NONE,1,5,5,NORMAL,0.3
L03_003206,116,TRANSFER,480204.14,C749637864,10009665.29,9529461.14,C2022767113,0.0,480204.14,0,0,L03_00642,LEGITIMATE_HIGH_VALUE_HISTORY,High-value transaction consistent with normal historical account behavior,NONE,1,1,5,NORMAL,0.048
L03_003207,144,TRANSFER,639497.31,C749637864,9529461.14,8889963.83,C2022767113,0.0,639497.31,0,0,L03_00642,LEGITIMATE_HIGH_VALUE_HISTORY,High-value transaction consistent with normal historical account behavior,NONE,1,2,5,NORMAL,0.0671
L03_003208,198,TRANSFER,609376.88,C749637864,8889963.83,8280586.95,C2022767113,0.0,609376.88,0,0,L03_00642,LEGITIMATE_HIGH_VALUE_HISTORY,High-value transaction consistent with normal historical account behavior,NONE,1,3,5,NORMAL,0.0685
L03_003209,230,TRANSFER,629488.04,C749637864,8280586.95,7651098.91,C2022767113,0.0,629488.04,0,0,L03_00642,LEGITIMATE_HIGH_VALUE_HISTORY,High-value transaction consistent with normal historical account behavior,NONE,1,4,5,NORMAL,0.076
L03_003210,285,TRANSFER,2295329.67,C749637864,7651098.91,5355769.24,C2022767113,0.0,2295329.67,0,0,L03_00642,LEGITIMATE_HIGH_VALUE_HISTORY,High-value transaction consistent with normal historical account behavior,NONE,1,5,5,NORMAL,0.3
L03_003211,424,TRANSFER,470696.76,C1925891681,7988295.75,7517598.99,C221008185,0.0,470696.76,0,0,L03_00643,LEGITIMATE_HIGH_VALUE_HISTORY,High-value transaction consistent with normal historical account behavior,NONE,1,1,5,NORMAL,0.0589
L03_003212,464,TRANSFER,373445.32,C1925891681,7517598.99,7144153.67,C221008185,0.0,373445.32,0,0,L03_00643,LEGITIMATE_HIGH_VALUE_HISTORY,High-value transaction consistent with normal historical account behavior,NONE,1,2,5,NORMAL,0.0497
L03_003213,494,TRANSFER,691379.74,C1925891681,7144153.67,6452773.93,C221008185,0.0,691379.74,0,0,L03_00643,LEGITIMATE_HIGH_VALUE_HISTORY,High-value transaction consistent with normal historical account behavior,NONE,1,3,5,NORMAL,0.0968
L03_003214,532,TRANSFER,758187.57,C1925891681,6452773.93,5694586.36,C221008185,0.0,758187.57,0,0,L03_00643,LEGITIMATE_HIGH_VALUE_HISTORY,High-value transaction consistent with normal historical account behavior,NONE,1,4,5,NORMAL,0.1175
L03_003215,583,TRANSFER,1708375.91,C1925891681,5694586.36,3986210.45,C221008185,0.0,1708375.91,0,0,L03_00643,LEGITIMATE_HIGH_VALUE_HISTORY,High-value transaction consistent with normal historical account behavior,NONE,1,5,5,NORMAL,0.3
L03_003216,374,TRANSFER,603934.19,C1956097911,18549206.92,17945272.73,C305155344,0.0,603934.19,0,0,L03_00644,LEGITIMATE_HIGH_VALUE_HISTORY,High-value transaction consistent with normal historical account behavior,NONE,1,1,5,NORMAL,0.0326
L03_003217,408,TRANSFER,458682.77,C1956097911,17945272.73,17486589.96,C305155344,0.0,458682.77,0,0,L03_00644,LEGITIMATE_HIGH_VALUE_HISTORY,High-value transaction consistent with normal historical account behavior,NONE,1,2,5,NORMAL,0.0256
L03_003218,428,TRANSFER,770985.23,C1956097911,17486589.96,16715604.73,C305155344,0.0,770985.23,0,0,L03_00644,LEGITIMATE_HIGH_VALUE_HISTORY,High-value transaction consistent with normal historical account behavior,NONE,1,3,5,NORMAL,0.0441
L03_003219,481,TRANSFER,532535.76,C1956097911,16715604.73,16183068.97,C305155344,0.0,532535.76,0,0,L03_00644,LEGITIMATE_HIGH_VALUE_HISTORY,High-value transaction consistent with normal historical account behavior,NONE,1,4,5,NORMAL,0.0319
L03_003220,530,TRANSFER,4854920.69,C1956097911,16183068.97,11328148.28,C305155344,0.0,4854920.69,0,0,L03_00644,LEGITIMATE_HIGH_VALUE_HISTORY,High-value transaction consistent with normal historical account behavior,NONE,1,5,5,NORMAL,0.3
L03_003221,380,TRANSFER,624096.44,C646634331,8105430.79,7481334.36,C392082135,0.0,624096.44,0,0,L03_00645,LEGITIMATE_HIGH_VALUE_HISTORY,High-value transaction consistent with normal historical account behavior,NONE,1,1,5,NORMAL,0.077
L03_003222,438,TRANSFER,372651.46,C646634331,7481334.36,7108682.9,C392082135,0.0,372651.46,0,0,L03_00645,LEGITIMATE_HIGH_VALUE_HISTORY,High-value transaction consistent with normal historical account behavior,NONE,1,2,5,NORMAL,0.0498
L03_003223,463,TRANSFER,360965.87,C646634331,7108682.9,6747717.03,C392082135,0.0,360965.87,0,0,L03_00645,LEGITIMATE_HIGH_VALUE_HISTORY,High-value transaction consistent with normal historical account behavior,NONE,1,3,5,NORMAL,0.0508
L03_003224,494,TRANSFER,495340.93,C646634331,6747717.03,6252376.1,C392082135,0.0,495340.93,0,0,L03_00645,LEGITIMATE_HIGH_VALUE_HISTORY,High-value transaction consistent with normal historical account behavior,NONE,1,4,5,NORMAL,0.0734
L03_003225,525,TRANSFER,1875712.83,C646634331,6252376.1,4376663.27,C392082135,0.0,1875712.83,0,0,L03_00645,LEGITIMATE_HIGH_VALUE_HISTORY,High-value transaction consistent with normal historical account behavior,NONE,1,5,5,NORMAL,0.3
L03_003226,565,TRANSFER,662076.89,C61789702,18043851.9,17381775.01,C781552024,0.0,662076.89,0,0,L03_00646,LEGITIMATE_HIGH_VALUE_HISTORY,High-value transaction consistent with normal historical account behavior,NONE,1,1,5,NORMAL,0.0367
L03_003227,625,TRANSFER,848244.2,C61789702,17381775.01,16533530.81,C781552024,0.0,848244.2,0,0,L03_00646,LEGITIMATE_HIGH_VALUE_HISTORY,High-value transaction consistent with normal historical account behavior,NONE,1,2,5,NORMAL,0.0488
L03_003228,663,TRANSFER,747566.42,C61789702,16533530.81,15785964.39,C781552024,0.0,747566.42,0,0,L03_00646,LEGITIMATE_HIGH_VALUE_HISTORY,High-value transaction consistent with normal historical account behavior,NONE,1,3,5,NORMAL,0.0452
L03_003229,717,TRANSFER,540577.15,C61789702,15785964.39,15245387.24,C781552024,0.0,540577.15,0,0,L03_00646,LEGITIMATE_HIGH_VALUE_HISTORY,High-value transaction consistent with normal historical account behavior,NONE,1,4,5,NORMAL,0.0342
L03_003230,744,TRANSFER,4573616.17,C61789702,15245387.24,10671771.07,C781552024,0.0,4573616.17,0,0,L03_00646,LEGITIMATE_HIGH_VALUE_HISTORY,High-value transaction consistent with normal historical account behavior,NONE,1,5,5,NORMAL,0.3
L03_003231,408,TRANSFER,615006.56,C1670213925,7984904.73,7369898.17,C957325666,0.0,615006.56,0,0,L03_00647,LEGITIMATE_HIGH_VALUE_HISTORY,High-value transaction consistent with normal historical account behavior,NONE,1,1,5,NORMAL,0.077
L03_003232,460,TRANSFER,322615.38,C1670213925,7369898.17,7047282.79,C957325666,0.0,322615.38,0,0,L03_00647,LEGITIMATE_HIGH_VALUE_HISTORY,High-value transaction consistent with normal historical account behavior,NONE,1,2,5,NORMAL,0.0438
L03_003233,519,TRANSFER,712941.55,C1670213925,7047282.79,6334341.24,C957325666,0.0,712941.55,0,0,L03_00647,LEGITIMATE_HIGH_VALUE_HISTORY,High-value transaction consistent with normal historical account behavior,NONE,1,3,5,NORMAL,0.1012
L03_003234,575,TRANSFER,726886.16,C1670213925,6334341.24,5607455.08,C957325666,0.0,726886.16,0,0,L03_00647,LEGITIMATE_HIGH_VALUE_HISTORY,High-value transaction consistent with normal historical account behavior,NONE,1,4,5,NORMAL,0.1148
L03_003235,601,TRANSFER,1682236.52,C1670213925,5607455.08,3925218.56,C957325666,0.0,1682236.52,0,0,L03_00647,LEGITIMATE_HIGH_VALUE_HISTORY,High-value transaction consistent with normal historical account behavior,NONE,1,5,5,NORMAL,0.3
L03_003236,428,TRANSFER,327503.39,C1385796048,6554347.23,6226843.84,C905840089,0.0,327503.39,0,0,L03_00648,LEGITIMATE_HIGH_VALUE_HISTORY,High-value transaction consistent with normal historical account behavior,NONE,1,1,5,NORMAL,0.05
L03_003237,451,TRANSFER,470768.01,C1385796048,6226843.84,5756075.83,C905840089,0.0,470768.01,0,0,L03_00648,LEGITIMATE_HIGH_VALUE_HISTORY,High-value transaction consistent with normal historical account behavior,NONE,1,2,5,NORMAL,0.0756
L03_003238,501,TRANSFER,340863.76,C1385796048,5756075.83,5415212.07,C905840089,0.0,340863.76,0,0,L03_00648,LEGITIMATE_HIGH_VALUE_HISTORY,High-value transaction consistent with normal historical account behavior,NONE,1,3,5,NORMAL,0.0592
L03_003239,551,TRANSFER,319791.77,C1385796048,5415212.07,5095420.3,C905840089,0.0,319791.77,0,0,L03_00648,LEGITIMATE_HIGH_VALUE_HISTORY,High-value transaction consistent with normal historical account behavior,NONE,1,4,5,NORMAL,0.0591
L03_003240,584,TRANSFER,1528626.09,C1385796048,5095420.3,3566794.21,C905840089,0.0,1528626.09,0,0,L03_00648,LEGITIMATE_HIGH_VALUE_HISTORY,High-value transaction consistent with normal historical account behavior,NONE,1,5,5,NORMAL,0.3
L03_003241,360,TRANSFER,574171.25,C1812070038,9714191.01,9140019.76,C1752713668,0.0,574171.25,0,0,L03_00649,LEGITIMATE_HIGH_VALUE_HISTORY,High-value transaction consistent with normal historical account behavior,NONE,1,1,5,NORMAL,0.0591
L03_003242,405,TRANSFER,601303.95,C1812070038,9140019.76,8538715.81,C1752713668,0.0,601303.95,0,0,L03_00649,LEGITIMATE_HIGH_VALUE_HISTORY,High-value transaction consistent with normal historical account behavior,NONE,1,2,5,NORMAL,0.0658
L03_003243,449,TRANSFER,682167.48,C1812070038,8538715.81,7856548.33,C1752713668,0.0,682167.48,0,0,L03_00649,LEGITIMATE_HIGH_VALUE_HISTORY,High-value transaction consistent with normal historical account behavior,NONE,1,3,5,NORMAL,0.0799
L03_003244,468,TRANSFER,822076.81,C1812070038,7856548.33,7034471.52,C1752713668,0.0,822076.81,0,0,L03_00649,LEGITIMATE_HIGH_VALUE_HISTORY,High-value transaction consistent with normal historical account behavior,NONE,1,4,5,NORMAL,0.1046
L03_003245,522,TRANSFER,2110341.46,C1812070038,7034471.52,4924130.06,C1752713668,0.0,2110341.46,0,0,L03_00649,LEGITIMATE_HIGH_VALUE_HISTORY,High-value transaction consistent with normal historical account behavior,NONE,1,5,5,NORMAL,0.3
L03_003246,584,TRANSFER,495649.84,C557146328,10297400.05,9801750.21,C1090032812,0.0,495649.84,0,0,L03_00650,LEGITIMATE_HIGH_VALUE_HISTORY,High-value transaction consistent with normal historical account behavior,NONE,1,1,5,NORMAL,0.0481
L03_003247,636,TRANSFER,739732.36,C557146328,9801750.21,9062017.86,C1090032812,0.0,739732.36,0,0,L03_00650,LEGITIMATE_HIGH_VALUE_HISTORY,High-value transaction consistent with normal historical account behavior,NONE,1,2,5,NORMAL,0.0755
L03_003248,667,TRANSFER,762619.25,C557146328,9062017.86,8299398.61,C1090032812,0.0,762619.25,0,0,L03_00650,LEGITIMATE_HIGH_VALUE_HISTORY,High-value transaction consistent with normal historical account behavior,NONE,1,3,5,NORMAL,0.0842
L03_003249,717,TRANSFER,329259.36,C557146328,8299398.61,7970139.25,C1090032812,0.0,329259.36,0,0,L03_00650,LEGITIMATE_HIGH_VALUE_HISTORY,High-value transaction consistent with normal historical account behavior,NONE,1,4,5,NORMAL,0.0397
L03_003250,743,TRANSFER,2391041.77,C557146328,7970139.25,5579097.47,C1090032812,0.0,2391041.77,0,0,L03_00650,LEGITIMATE_HIGH_VALUE_HISTORY,High-value transaction consistent with normal historical account behavior,NONE,1,5,5,NORMAL,0.3
L03_003251,347,TRANSFER,351492.33,C399678217,18122000.02,17770507.7,C557031864,0.0,351492.33,0,0,L03_00651,LEGITIMATE_HIGH_VALUE_HISTORY,High-value transaction consistent with normal historical account behavior,NONE,1,1,5,NORMAL,0.0194
L03_003252,407,TRANSFER,441201.68,C399678217,17770507.7,17329306.02,C557031864,0.0,441201.68,0,0,L03_00651,LEGITIMATE_HIGH_VALUE_HISTORY,High-value transaction consistent with normal historical account behavior,NONE,1,2,5,NORMAL,0.0248
L03_003253,444,TRANSFER,596500.3,C399678217,17329306.02,16732805.72,C557031864,0.0,596500.3,0,0,L03_00651,LEGITIMATE_HIGH_VALUE_HISTORY,High-value transaction consistent with normal historical account behavior,NONE,1,3,5,NORMAL,0.0344
L03_003254,459,TRANSFER,692139.04,C399678217,16732805.72,16040666.68,C557031864,0.0,692139.04,0,0,L03_00651,LEGITIMATE_HIGH_VALUE_HISTORY,High-value transaction consistent with normal historical account behavior,NONE,1,4,5,NORMAL,0.0414
L03_003255,515,TRANSFER,4812200.0,C399678217,16040666.68,11228466.67,C557031864,0.0,4812200.0,0,0,L03_00651,LEGITIMATE_HIGH_VALUE_HISTORY,High-value transaction consistent with normal historical account behavior,NONE,1,5,5,NORMAL,0.3
L03_003256,379,TRANSFER,361221.48,C69187976,8457698.4,8096476.92,C350500421,0.0,361221.48,0,0,L03_00652,LEGITIMATE_HIGH_VALUE_HISTORY,High-value transaction consistent with normal historical account behavior,NONE,1,1,5,NORMAL,0.0427
L03_003257,438,TRANSFER,373776.19,C69187976,8096476.92,7722700.73,C350500421,0.0,373776.19,0,0,L03_00652,LEGITIMATE_HIGH_VALUE_HISTORY,High-value transaction consistent with normal historical account behavior,NONE,1,2,5,NORMAL,0.0462
L03_003258,477,TRANSFER,413279.36,C69187976,7722700.73,7309421.37,C350500421,0.0,413279.36,0,0,L03_00652,LEGITIMATE_HIGH_VALUE_HISTORY,High-value transaction consistent with normal historical account behavior,NONE,1,3,5,NORMAL,0.0535
L03_003259,509,TRANSFER,739218.76,C69187976,7309421.37,6570202.61,C350500421,0.0,739218.76,0,0,L03_00652,LEGITIMATE_HIGH_VALUE_HISTORY,High-value transaction consistent with normal historical account behavior,NONE,1,4,5,NORMAL,0.1011
L03_003260,557,TRANSFER,1971060.78,C69187976,6570202.61,4599141.83,C350500421,0.0,1971060.78,0,0,L03_00652,LEGITIMATE_HIGH_VALUE_HISTORY,High-value transaction consistent with normal historical account behavior,NONE,1,5,5,NORMAL,0.3
L03_003261,322,TRANSFER,525305.01,C1075674067,18271328.68,17746023.67,C228481895,0.0,525305.01,0,0,L03_00653,LEGITIMATE_HIGH_VALUE_HISTORY,High-value transaction consistent with normal historical account behavior,NONE,1,1,5,NORMAL,0.0288
L03_003262,370,TRANSFER,668347.4,C1075674067,17746023.67,17077676.27,C228481895,0.0,668347.4,0,0,L03_00653,LEGITIMATE_HIGH_VALUE_HISTORY,High-value transaction consistent with normal historical account behavior,NONE,1,2,5,NORMAL,0.0377
L03_003263,391,TRANSFER,651564.53,C1075674067,17077676.27,16426111.74,C228481895,0.0,651564.53,0,0,L03_00653,LEGITIMATE_HIGH_VALUE_HISTORY,High-value transaction consistent with normal historical account behavior,NONE,1,3,5,NORMAL,0.0382
L03_003264,431,TRANSFER,335668.85,C1075674067,16426111.74,16090442.9,C228481895,0.0,335668.85,0,0,L03_00653,LEGITIMATE_HIGH_VALUE_HISTORY,High-value transaction consistent with normal historical account behavior,NONE,1,4,5,NORMAL,0.0204
L03_003265,468,TRANSFER,4827132.87,C1075674067,16090442.9,11263310.03,C228481895,0.0,4827132.87,0,0,L03_00653,LEGITIMATE_HIGH_VALUE_HISTORY,High-value transaction consistent with normal historical account behavior,NONE,1,5,5,NORMAL,0.3
L03_003266,355,TRANSFER,407688.06,C304925516,14434414.38,14026726.32,C1176879193,0.0,407688.06,0,0,L03_00654,LEGITIMATE_HIGH_VALUE_HISTORY,High-value transaction consistent with normal historical account behavior,NONE,1,1,5,NORMAL,0.0282
L03_003267,404,TRANSFER,720024.41,C304925516,14026726.32,13306701.91,C1176879193,0.0,720024.41,0,0,L03_00654,LEGITIMATE_HIGH_VALUE_HISTORY,High-value transaction consistent with normal historical account behavior,NONE,1,2,5,NORMAL,0.0513
L03_003268,444,TRANSFER,833947.36,C304925516,13306701.91,12472754.55,C1176879193,0.0,833947.36,0,0,L03_00654,LEGITIMATE_HIGH_VALUE_HISTORY,High-value transaction consistent with normal historical account behavior,NONE,1,3,5,NORMAL,0.0627
L03_003269,473,TRANSFER,302007.37,C304925516,12472754.55,12170747.18,C1176879193,0.0,302007.37,0,0,L03_00654,LEGITIMATE_HIGH_VALUE_HISTORY,High-value transaction consistent with normal historical account behavior,NONE,1,4,5,NORMAL,0.0242
L03_003270,514,TRANSFER,3651224.15,C304925516,12170747.18,8519523.03,C1176879193,0.0,3651224.15,0,0,L03_00654,LEGITIMATE_HIGH_VALUE_HISTORY,High-value transaction consistent with normal historical account behavior,NONE,1,5,5,NORMAL,0.3
L03_003271,417,TRANSFER,786668.66,C1417970575,9582761.46,8796092.8,C1169315321,0.0,786668.66,0,0,L03_00655,LEGITIMATE_HIGH_VALUE_HISTORY,High-value transaction consistent with normal historical account behavior,NONE,1,1,5,NORMAL,0.0821
L03_003272,433,TRANSFER,864420.82,C1417970575,8796092.8,7931671.98,C1169315321,0.0,864420.82,0,0,L03_00655,LEGITIMATE_HIGH_VALUE_HISTORY,High-value transaction consistent with normal historical account behavior,NONE,1,2,5,NORMAL,0.0983
L03_003273,450,TRANSFER,491220.41,C1417970575,7931671.98,7440451.57,C1169315321,0.0,491220.41,0,0,L03_00655,LEGITIMATE_HIGH_VALUE_HISTORY,High-value transaction consistent with normal historical account behavior,NONE,1,3,5,NORMAL,0.0619
L03_003274,494,TRANSFER,385073.61,C1417970575,7440451.57,7055377.96,C1169315321,0.0,385073.61,0,0,L03_00655,LEGITIMATE_HIGH_VALUE_HISTORY,High-value transaction consistent with normal historical account behavior,NONE,1,4,5,NORMAL,0.0518
L03_003275,524,TRANSFER,2116613.39,C1417970575,7055377.96,4938764.57,C1169315321,0.0,2116613.39,0,0,L03_00655,LEGITIMATE_HIGH_VALUE_HISTORY,High-value transaction consistent with normal historical account behavior,NONE,1,5,5,NORMAL,0.3
L03_003276,369,TRANSFER,629801.76,C47252190,9492571.38,8862769.62,C1161623278,0.0,629801.76,0,0,L03_00656,LEGITIMATE_HIGH_VALUE_HISTORY,High-value transaction consistent with normal historical account behavior,NONE,1,1,5,NORMAL,0.0663
L03_003277,403,TRANSFER,680738.85,C47252190,8862769.62,8182030.77,C1161623278,0.0,680738.85,0,0,L03_00656,LEGITIMATE_HIGH_VALUE_HISTORY,High-value transaction consistent with normal historical account behavior,NONE,1,2,5,NORMAL,0.0768
L03_003278,418,TRANSFER,626676.75,C47252190,8182030.77,7555354.02,C1161623278,0.0,626676.75,0,0,L03_00656,LEGITIMATE_HIGH_VALUE_HISTORY,High-value transaction consistent with normal historical account behavior,NONE,1,3,5,NORMAL,0.0766
L03_003279,442,TRANSFER,561787.6,C47252190,7555354.02,6993566.42,C1161623278,0.0,561787.6,0,0,L03_00656,LEGITIMATE_HIGH_VALUE_HISTORY,High-value transaction consistent with normal historical account behavior,NONE,1,4,5,NORMAL,0.0744
L03_003280,493,TRANSFER,2098069.93,C47252190,6993566.42,4895496.49,C1161623278,0.0,2098069.93,0,0,L03_00656,LEGITIMATE_HIGH_VALUE_HISTORY,High-value transaction consistent with normal historical account behavior,NONE,1,5,5,NORMAL,0.3
L03_003281,365,TRANSFER,434241.53,C1191308015,15041860.47,14607618.94,C1507766273,0.0,434241.53,0,0,L03_00657,LEGITIMATE_HIGH_VALUE_HISTORY,High-value transaction consistent with normal historical account behavior,NONE,1,1,5,NORMAL,0.0289
L03_003282,407,TRANSFER,551051.03,C1191308015,14607618.94,14056567.91,C1507766273,0.0,551051.03,0,0,L03_00657,LEGITIMATE_HIGH_VALUE_HISTORY,High-value transaction consistent with normal historical account behavior,NONE,1,2,5,NORMAL,0.0377
L03_003283,449,TRANSFER,429337.88,C1191308015,14056567.91,13627230.03,C1507766273,0.0,429337.88,0,0,L03_00657,LEGITIMATE_HIGH_VALUE_HISTORY,High-value transaction consistent with normal historical account behavior,NONE,1,3,5,NORMAL,0.0305
L03_003284,489,TRANSFER,816109.09,C1191308015,13627230.03,12811120.94,C1507766273,0.0,816109.09,0,0,L03_00657,LEGITIMATE_HIGH_VALUE_HISTORY,High-value transaction consistent with normal historical account behavior,NONE,1,4,5,NORMAL,0.0599
L03_003285,546,TRANSFER,3843336.28,C1191308015,12811120.94,8967784.66,C1507766273,0.0,3843336.28,0,0,L03_00657,LEGITIMATE_HIGH_VALUE_HISTORY,High-value transaction consistent with normal historical account behavior,NONE,1,5,5,NORMAL,0.3
L03_003286,301,TRANSFER,786008.91,C39165524,7442139.69,6656130.78,C458591309,0.0,786008.91,0,0,L03_00658,LEGITIMATE_HIGH_VALUE_HISTORY,High-value transaction consistent with normal historical account behavior,NONE,1,1,5,NORMAL,0.1056
L03_003287,359,TRANSFER,397606.44,C39165524,6656130.78,6258524.34,C458591309,0.0,397606.44,0,0,L03_00658,LEGITIMATE_HIGH_VALUE_HISTORY,High-value transaction consistent with normal historical account behavior,NONE,1,2,5,NORMAL,0.0597
L03_003288,419,TRANSFER,343963.93,C39165524,6258524.34,5914560.41,C458591309,0.0,343963.93,0,0,L03_00658,LEGITIMATE_HIGH_VALUE_HISTORY,High-value transaction consistent with normal historical account behavior,NONE,1,3,5,NORMAL,0.055
L03_003289,471,TRANSFER,531674.95,C39165524,5914560.41,5382885.46,C458591309,0.0,531674.95,0,0,L03_00658,LEGITIMATE_HIGH_VALUE_HISTORY,High-value transaction consistent with normal historical account behavior,NONE,1,4,5,NORMAL,0.0899
L03_003290,510,TRANSFER,1614865.64,C39165524,5382885.46,3768019.82,C458591309,0.0,1614865.64,0,0,L03_00658,LEGITIMATE_HIGH_VALUE_HISTORY,High-value transaction consistent with normal historical account behavior,NONE,1,5,5,NORMAL,0.3
L03_003291,293,TRANSFER,678049.99,C1513568030,8160337.37,7482287.38,C896346351,0.0,678049.99,0,0,L03_00659,LEGITIMATE_HIGH_VALUE_HISTORY,High-value transaction consistent with normal historical account behavior,NONE,1,1,5,NORMAL,0.0831
L03_003292,336,TRANSFER,755670.49,C1513568030,7482287.38,6726616.88,C896346351,0.0,755670.49,0,0,L03_00659,LEGITIMATE_HIGH_VALUE_HISTORY,High-value transaction consistent with normal historical account behavior,NONE,1,2,5,NORMAL,0.101
L03_003293,356,TRANSFER,399483.53,C1513568030,6726616.88,6327133.35,C896346351,0.0,399483.53,0,0,L03_00659,LEGITIMATE_HIGH_VALUE_HISTORY,High-value transaction consistent with normal historical account behavior,NONE,1,3,5,NORMAL,0.0594
L03_003294,411,TRANSFER,770216.66,C1513568030,6327133.35,5556916.69,C896346351,0.0,770216.66,0,0,L03_00659,LEGITIMATE_HIGH_VALUE_HISTORY,High-value transaction consistent with normal historical account behavior,NONE,1,4,5,NORMAL,0.1217
L03_003295,455,TRANSFER,1667075.01,C1513568030,5556916.69,3889841.69,C896346351,0.0,1667075.01,0,0,L03_00659,LEGITIMATE_HIGH_VALUE_HISTORY,High-value transaction consistent with normal historical account behavior,NONE,1,5,5,NORMAL,0.3
L03_003296,343,TRANSFER,672544.97,C2068714072,9121789.59,8449244.62,C420629203,0.0,672544.97,0,0,L03_00660,LEGITIMATE_HIGH_VALUE_HISTORY,High-value transaction consistent with normal historical account behavior,NONE,1,1,5,NORMAL,0.0737
L03_003297,374,TRANSFER,724479.87,C2068714072,8449244.62,7724764.75,C420629203,0.0,724479.87,0,0,L03_00660,LEGITIMATE_HIGH_VALUE_HISTORY,High-value transaction consistent with normal historical account behavior,NONE,1,2,5,NORMAL,0.0857
L03_003298,400,TRANSFER,630274.28,C2068714072,7724764.75,7094490.47,C420629203,0.0,630274.28,0,0,L03_00660,LEGITIMATE_HIGH_VALUE_HISTORY,High-value transaction consistent with normal historical account behavior,NONE,1,3,5,NORMAL,0.0816
L03_003299,446,TRANSFER,630335.11,C2068714072,7094490.47,6464155.36,C420629203,0.0,630335.11,0,0,L03_00660,LEGITIMATE_HIGH_VALUE_HISTORY,High-value transaction consistent with normal historical account behavior,NONE,1,4,5,NORMAL,0.0888
L03_003300,474,TRANSFER,1939246.61,C2068714072,6464155.36,4524908.75,C420629203,0.0,1939246.61,0,0,L03_00660,LEGITIMATE_HIGH_VALUE_HISTORY,High-value transaction consistent with normal historical account behavior,NONE,1,5,5,NORMAL,0.3
L03_003301,355,TRANSFER,723569.54,C2113935770,12249502.65,11525933.11,C578599557,0.0,723569.54,0,0,L03_00661,LEGITIMATE_HIGH_VALUE_HISTORY,High-value transaction consistent with normal historical account behavior,NONE,1,1,5,NORMAL,0.0591
L03_003302,378,TRANSFER,729931.16,C2113935770,11525933.11,10796001.95,C578599557,0.0,729931.16,0,0,L03_00661,LEGITIMATE_HIGH_VALUE_HISTORY,High-value transaction consistent with normal historical account behavior,NONE,1,2,5,NORMAL,0.0633
L03_003303,398,TRANSFER,856588.59,C2113935770,10796001.95,9939413.36,C578599557,0.0,856588.59,0,0,L03_00661,LEGITIMATE_HIGH_VALUE_HISTORY,High-value transaction consistent with normal historical account behavior,NONE,1,3,5,NORMAL,0.0793
L03_003304,440,TRANSFER,357889.06,C2113935770,9939413.36,9581524.3,C578599557,0.0,357889.06,0,0,L03_00661,LEGITIMATE_HIGH_VALUE_HISTORY,High-value transaction consistent with normal historical account behavior,NONE,1,4,5,NORMAL,0.036
L03_003305,479,TRANSFER,2874457.29,C2113935770,9581524.3,6707067.01,C578599557,0.0,2874457.29,0,0,L03_00661,LEGITIMATE_HIGH_VALUE_HISTORY,High-value transaction consistent with normal historical account behavior,NONE,1,5,5,NORMAL,0.3
L03_003306,348,TRANSFER,427078.99,C1624313265,9638460.13,9211381.14,C480710164,0.0,427078.99,0,0,L03_00662,LEGITIMATE_HIGH_VALUE_HISTORY,High-value transaction consistent with normal historical account behavior,NONE,1,1,5,NORMAL,0.0443
L03_003307,380,TRANSFER,525700.81,C1624313265,9211381.14,8685680.33,C480710164,0.0,525700.81,0,0,L03_00662,LEGITIMATE_HIGH_VALUE_HISTORY,High-value transaction consistent with normal historical account behavior,NONE,1,2,5,NORMAL,0.0571
L03_003308,429,TRANSFER,603748.41,C1624313265,8685680.33,8081931.92,C480710164,0.0,603748.41,0,0,L03_00662,LEGITIMATE_HIGH_VALUE_HISTORY,High-value transaction consistent with normal historical account behavior,NONE,1,3,5,NORMAL,0.0695
L03_003309,464,TRANSFER,606441.61,C1624313265,8081931.92,7475490.31,C480710164,0.0,606441.61,0,0,L03_00662,LEGITIMATE_HIGH_VALUE_HISTORY,High-value transaction consistent with normal historical account behavior,NONE,1,4,5,NORMAL,0.075
L03_003310,501,TRANSFER,2242647.09,C1624313265,7475490.31,5232843.22,C480710164,0.0,2242647.09,0,0,L03_00662,LEGITIMATE_HIGH_VALUE_HISTORY,High-value transaction consistent with normal historical account behavior,NONE,1,5,5,NORMAL,0.3
L03_003311,358,TRANSFER,535708.83,C815812703,9122112.27,8586403.44,C652050165,0.0,535708.83,0,0,L03_00663,LEGITIMATE_HIGH_VALUE_HISTORY,High-value transaction consistent with normal historical account behavior,NONE,1,1,5,NORMAL,0.0587
L03_003312,414,TRANSFER,522315.95,C815812703,8586403.44,8064087.49,C652050165,0.0,522315.95,0,0,L03_00663,LEGITIMATE_HIGH_VALUE_HISTORY,High-value transaction consistent with normal historical account behavior,NONE,1,2,5,NORMAL,0.0608
L03_003313,455,TRANSFER,822568.81,C815812703,8064087.49,7241518.68,C652050165,0.0,822568.81,0,0,L03_00663,LEGITIMATE_HIGH_VALUE_HISTORY,High-value transaction consistent with normal historical account behavior,NONE,1,3,5,NORMAL,0.102
L03_003314,502,TRANSFER,327447.72,C815812703,7241518.68,6914070.96,C652050165,0.0,327447.72,0,0,L03_00663,LEGITIMATE_HIGH_VALUE_HISTORY,High-value transaction consistent with normal historical account behavior,NONE,1,4,5,NORMAL,0.0452
L03_003315,558,TRANSFER,2074221.29,C815812703,6914070.96,4839849.67,C652050165,0.0,2074221.29,0,0,L03_00663,LEGITIMATE_HIGH_VALUE_HISTORY,High-value transaction consistent with normal historical account behavior,NONE,1,5,5,NORMAL,0.3
L03_003316,385,TRANSFER,510447.35,C865090966,18033271.61,17522824.25,C1356939581,0.0,510447.35,0,0,L03_00664,LEGITIMATE_HIGH_VALUE_HISTORY,High-value transaction consistent with normal historical account behavior,NONE,1,1,5,NORMAL,0.0283
L03_003317,403,TRANSFER,751632.65,C865090966,17522824.25,16771191.6,C1356939581,0.0,751632.65,0,0,L03_00664,LEGITIMATE_HIGH_VALUE_HISTORY,High-value transaction consistent with normal historical account behavior,NONE,1,2,5,NORMAL,0.0429
L03_003318,452,TRANSFER,605730.43,C865090966,16771191.6,16165461.17,C1356939581,0.0,605730.43,0,0,L03_00664,LEGITIMATE_HIGH_VALUE_HISTORY,High-value transaction consistent with normal historical account behavior,NONE,1,3,5,NORMAL,0.0361
L03_003319,496,TRANSFER,337292.4,C865090966,16165461.17,15828168.77,C1356939581,0.0,337292.4,0,0,L03_00664,LEGITIMATE_HIGH_VALUE_HISTORY,High-value transaction consistent with normal historical account behavior,NONE,1,4,5,NORMAL,0.0209
L03_003320,545,TRANSFER,4748450.63,C865090966,15828168.77,11079718.14,C1356939581,0.0,4748450.63,0,0,L03_00664,LEGITIMATE_HIGH_VALUE_HISTORY,High-value transaction consistent with normal historical account behavior,NONE,1,5,5,NORMAL,0.3
L03_003321,374,TRANSFER,491265.73,C2124962456,8943800.6,8452534.87,C752403290,0.0,491265.73,0,0,L03_00665,LEGITIMATE_HIGH_VALUE_HISTORY,High-value transaction consistent with normal historical account behavior,NONE,1,1,5,NORMAL,0.0549
L03_003322,418,TRANSFER,824018.17,C2124962456,8452534.87,7628516.7,C752403290,0.0,824018.17,0,0,L03_00665,LEGITIMATE_HIGH_VALUE_HISTORY,High-value transaction consistent with normal historical account behavior,NONE,1,2,5,NORMAL,0.0975
L03_003323,462,TRANSFER,334519.33,C2124962456,7628516.7,7293997.37,C752403290,0.0,334519.33,0,0,L03_00665,LEGITIMATE_HIGH_VALUE_HISTORY,High-value transaction consistent with normal historical account behavior,NONE,1,3,5,NORMAL,0.0439
L03_003324,518,TRANSFER,810004.5,C2124962456,7293997.37,6483992.87,C752403290,0.0,810004.5,0,0,L03_00665,LEGITIMATE_HIGH_VALUE_HISTORY,High-value transaction consistent with normal historical account behavior,NONE,1,4,5,NORMAL,0.1111
L03_003325,553,TRANSFER,1945197.86,C2124962456,6483992.87,4538795.01,C752403290,0.0,1945197.86,0,0,L03_00665,LEGITIMATE_HIGH_VALUE_HISTORY,High-value transaction consistent with normal historical account behavior,NONE,1,5,5,NORMAL,0.3
L03_003326,429,TRANSFER,307960.84,C2142203672,9110459.01,8802498.17,C1728771256,0.0,307960.84,0,0,L03_00666,LEGITIMATE_HIGH_VALUE_HISTORY,High-value transaction consistent with normal historical account behavior,NONE,1,1,5,NORMAL,0.0338
L03_003327,489,TRANSFER,843266.63,C2142203672,8802498.17,7959231.54,C1728771256,0.0,843266.63,0,0,L03_00666,LEGITIMATE_HIGH_VALUE_HISTORY,High-value transaction consistent with normal historical account behavior,NONE,1,2,5,NORMAL,0.0958
L03_003328,514,TRANSFER,338932.75,C2142203672,7959231.54,7620298.79,C1728771256,0.0,338932.75,0,0,L03_00666,LEGITIMATE_HIGH_VALUE_HISTORY,High-value transaction consistent with normal historical account behavior,NONE,1,3,5,NORMAL,0.0426
L03_003329,542,TRANSFER,695239.64,C2142203672,7620298.79,6925059.15,C1728771256,0.0,695239.64,0,0,L03_00666,LEGITIMATE_HIGH_VALUE_HISTORY,High-value transaction consistent with normal historical account behavior,NONE,1,4,5,NORMAL,0.0912
L03_003330,600,TRANSFER,2077517.75,C2142203672,6925059.15,4847541.41,C1728771256,0.0,2077517.75,0,0,L03_00666,LEGITIMATE_HIGH_VALUE_HISTORY,High-value transaction consistent with normal historical account behavior,NONE,1,5,5,NORMAL,0.3
L03_003331,266,TRANSFER,764511.94,C970986671,8070407.82,7305895.88,C1803276230,0.0,764511.94,0,0,L03_00667,LEGITIMATE_HIGH_VALUE_HISTORY,High-value transaction consistent with normal historical account behavior,NONE,1,1,5,NORMAL,0.0947
L03_003332,281,TRANSFER,543647.73,C970986671,7305895.88,6762248.15,C1803276230,0.0,543647.73,0,0,L03_00667,LEGITIMATE_HIGH_VALUE_HISTORY,High-value transaction consistent with normal historical account behavior,NONE,1,2,5,NORMAL,0.0744
L03_003333,316,TRANSFER,391973.3,C970986671,6762248.15,6370274.85,C1803276230,0.0,391973.3,0,0,L03_00667,LEGITIMATE_HIGH_VALUE_HISTORY,High-value transaction consistent with normal historical account behavior,NONE,1,3,5,NORMAL,0.058
L03_003334,344,TRANSFER,759750.8,C970986671,6370274.85,5610524.05,C1803276230,0.0,759750.8,0,0,L03_00667,LEGITIMATE_HIGH_VALUE_HISTORY,High-value transaction consistent with normal historical account behavior,NONE,1,4,5,NORMAL,0.1193
L03_003335,399,TRANSFER,1683157.22,C970986671,5610524.05,3927366.84,C1803276230,0.0,1683157.22,0,0,L03_00667,LEGITIMATE_HIGH_VALUE_HISTORY,High-value transaction consistent with normal historical account behavior,NONE,1,5,5,NORMAL,0.3
L03_003336,357,TRANSFER,559116.57,C200110777,17975962.34,17416845.76,C1105246644,0.0,559116.57,0,0,L03_00668,LEGITIMATE_HIGH_VALUE_HISTORY,High-value transaction consistent with normal historical account behavior,NONE,1,1,5,NORMAL,0.0311
L03_003337,407,TRANSFER,586640.17,C200110777,17416845.76,16830205.6,C1105246644,0.0,586640.17,0,0,L03_00668,LEGITIMATE_HIGH_VALUE_HISTORY,High-value transaction consistent with normal historical account behavior,NONE,1,2,5,NORMAL,0.0337
L03_003338,431,TRANSFER,509919.36,C200110777,16830205.6,16320286.24,C1105246644,0.0,509919.36,0,0,L03_00668,LEGITIMATE_HIGH_VALUE_HISTORY,High-value transaction consistent with normal historical account behavior,NONE,1,3,5,NORMAL,0.0303
L03_003339,480,TRANSFER,328298.79,C200110777,16320286.24,15991987.44,C1105246644,0.0,328298.79,0,0,L03_00668,LEGITIMATE_HIGH_VALUE_HISTORY,High-value transaction consistent with normal historical account behavior,NONE,1,4,5,NORMAL,0.0201
L03_003340,507,TRANSFER,4797596.23,C200110777,15991987.44,11194391.21,C1105246644,0.0,4797596.23,0,0,L03_00668,LEGITIMATE_HIGH_VALUE_HISTORY,High-value transaction consistent with normal historical account behavior,NONE,1,5,5,NORMAL,0.3
L03_003341,320,TRANSFER,831532.32,C1017082500,11312817.64,10481285.32,C706689972,0.0,831532.32,0,0,L03_00669,LEGITIMATE_HIGH_VALUE_HISTORY,High-value transaction consistent with normal historical account behavior,NONE,1,1,5,NORMAL,0.0735
L03_003342,373,TRANSFER,747754.46,C1017082500,10481285.32,9733530.86,C706689972,0.0,747754.46,0,0,L03_00669,LEGITIMATE_HIGH_VALUE_HISTORY,High-value transaction consistent with normal historical account behavior,NONE,1,2,5,NORMAL,0.0713
L03_003343,389,TRANSFER,408340.41,C1017082500,9733530.86,9325190.45,C706689972,0.0,408340.41,0,0,L03_00669,LEGITIMATE_HIGH_VALUE_HISTORY,High-value transaction consistent with normal historical account behavior,NONE,1,3,5,NORMAL,0.042
L03_003344,448,TRANSFER,832574.6,C1017082500,9325190.45,8492615.85,C706689972,0.0,832574.6,0,0,L03_00669,LEGITIMATE_HIGH_VALUE_HISTORY,High-value transaction consistent with normal historical account behavior,NONE,1,4,5,NORMAL,0.0893
L03_003345,472,TRANSFER,2547784.76,C1017082500,8492615.85,5944831.1,C706689972,0.0,2547784.76,0,0,L03_00669,LEGITIMATE_HIGH_VALUE_HISTORY,High-value transaction consistent with normal historical account behavior,NONE,1,5,5,NORMAL,0.3
L03_003346,386,TRANSFER,412142.63,C1416122447,17333708.55,16921565.92,C1456893211,0.0,412142.63,0,0,L03_00670,LEGITIMATE_HIGH_VALUE_HISTORY,High-value transaction consistent with normal historical account behavior,NONE,1,1,5,NORMAL,0.0238
L03_003347,440,TRANSFER,563966.17,C1416122447,16921565.92,16357599.75,C1456893211,0.0,563966.17,0,0,L03_00670,LEGITIMATE_HIGH_VALUE_HISTORY,High-value transaction consistent with normal historical account behavior,NONE,1,2,5,NORMAL,0.0333
L03_003348,490,TRANSFER,322968.34,C1416122447,16357599.75,16034631.41,C1456893211,0.0,322968.34,0,0,L03_00670,LEGITIMATE_HIGH_VALUE_HISTORY,High-value transaction consistent with normal historical account behavior,NONE,1,3,5,NORMAL,0.0197
L03_003349,530,TRANSFER,355010.59,C1416122447,16034631.41,15679620.82,C1456893211,0.0,355010.59,0,0,L03_00670,LEGITIMATE_HIGH_VALUE_HISTORY,High-value transaction consistent with normal historical account behavior,NONE,1,4,5,NORMAL,0.0221
L03_003350,555,TRANSFER,4703886.25,C1416122447,15679620.82,10975734.57,C1456893211,0.0,4703886.25,0,0,L03_00670,LEGITIMATE_HIGH_VALUE_HISTORY,High-value transaction consistent with normal historical account behavior,NONE,1,5,5,NORMAL,0.3
L03_003351,547,TRANSFER,569054.76,C472963722,10637855.39,10068800.63,C1960983129,0.0,569054.76,0,0,L03_00671,LEGITIMATE_HIGH_VALUE_HISTORY,High-value transaction consistent with normal historical account behavior,NONE,1,1,5,NORMAL,0.0535
L03_003352,571,TRANSFER,845011.82,C472963722,10068800.63,9223788.81,C1960983129,0.0,845011.82,0,0,L03_00671,LEGITIMATE_HIGH_VALUE_HISTORY,High-value transaction consistent with normal historical account behavior,NONE,1,2,5,NORMAL,0.0839
L03_003353,611,TRANSFER,348596.87,C472963722,9223788.81,8875191.94,C1960983129,0.0,348596.87,0,0,L03_00671,LEGITIMATE_HIGH_VALUE_HISTORY,High-value transaction consistent with normal historical account behavior,NONE,1,3,5,NORMAL,0.0378
L03_003354,639,TRANSFER,358537.53,C472963722,8875191.94,8516654.41,C1960983129,0.0,358537.53,0,0,L03_00671,LEGITIMATE_HIGH_VALUE_HISTORY,High-value transaction consistent with normal historical account behavior,NONE,1,4,5,NORMAL,0.0404
L03_003355,685,TRANSFER,2554996.32,C472963722,8516654.41,5961658.08,C1960983129,0.0,2554996.32,0,0,L03_00671,LEGITIMATE_HIGH_VALUE_HISTORY,High-value transaction consistent with normal historical account behavior,NONE,1,5,5,NORMAL,0.3
L03_003356,223,TRANSFER,297848.27,C2100239684,9976833.08,9678984.81,C1987522403,0.0,297848.27,0,0,L03_00672,LEGITIMATE_HIGH_VALUE_HISTORY,High-value transaction consistent with normal historical account behavior,NONE,1,1,5,NORMAL,0.0299
L03_003357,268,TRANSFER,341030.99,C2100239684,9678984.81,9337953.82,C1987522403,0.0,341030.99,0,0,L03_00672,LEGITIMATE_HIGH_VALUE_HISTORY,High-value transaction consistent with normal historical account behavior,NONE,1,2,5,NORMAL,0.0352
L03_003358,293,TRANSFER,471885.52,C2100239684,9337953.82,8866068.3,C1987522403,0.0,471885.52,0,0,L03_00672,LEGITIMATE_HIGH_VALUE_HISTORY,High-value transaction consistent with normal historical account behavior,NONE,1,3,5,NORMAL,0.0505
L03_003359,326,TRANSFER,568561.03,C2100239684,8866068.3,8297507.27,C1987522403,0.0,568561.03,0,0,L03_00672,LEGITIMATE_HIGH_VALUE_HISTORY,High-value transaction consistent with normal historical account behavior,NONE,1,4,5,NORMAL,0.0641
L03_003360,385,TRANSFER,2489252.18,C2100239684,8297507.27,5808255.09,C1987522403,0.0,2489252.18,0,0,L03_00672,LEGITIMATE_HIGH_VALUE_HISTORY,High-value transaction consistent with normal historical account behavior,NONE,1,5,5,NORMAL,0.3
L03_003361,356,TRANSFER,305074.67,C80164011,8393271.33,8088196.66,C1033272969,0.0,305074.67,0,0,L03_00673,LEGITIMATE_HIGH_VALUE_HISTORY,High-value transaction consistent with normal historical account behavior,NONE,1,1,5,NORMAL,0.0363
L03_003362,395,TRANSFER,788357.07,C80164011,8088196.66,7299839.59,C1033272969,0.0,788357.07,0,0,L03_00673,LEGITIMATE_HIGH_VALUE_HISTORY,High-value transaction consistent with normal historical account behavior,NONE,1,2,5,NORMAL,0.0975
L03_003363,414,TRANSFER,740861.59,C80164011,7299839.59,6558978.0,C1033272969,0.0,740861.59,0,0,L03_00673,LEGITIMATE_HIGH_VALUE_HISTORY,High-value transaction consistent with normal historical account behavior,NONE,1,3,5,NORMAL,0.1015
L03_003364,469,TRANSFER,642102.48,C80164011,6558978.0,5916875.52,C1033272969,0.0,642102.48,0,0,L03_00673,LEGITIMATE_HIGH_VALUE_HISTORY,High-value transaction consistent with normal historical account behavior,NONE,1,4,5,NORMAL,0.0979
L03_003365,528,TRANSFER,1775062.66,C80164011,5916875.52,4141812.86,C1033272969,0.0,1775062.66,0,0,L03_00673,LEGITIMATE_HIGH_VALUE_HISTORY,High-value transaction consistent with normal historical account behavior,NONE,1,5,5,NORMAL,0.3
L03_003366,65,TRANSFER,456874.73,C466318345,7783170.66,7326295.93,C1988451596,0.0,456874.73,0,0,L03_00674,LEGITIMATE_HIGH_VALUE_HISTORY,High-value transaction consistent with normal historical account behavior,NONE,1,1,5,NORMAL,0.0587
L03_003367,103,TRANSFER,347081.09,C466318345,7326295.93,6979214.84,C1988451596,0.0,347081.09,0,0,L03_00674,LEGITIMATE_HIGH_VALUE_HISTORY,High-value transaction consistent with normal historical account behavior,NONE,1,2,5,NORMAL,0.0474
L03_003368,158,TRANSFER,770329.3,C466318345,6979214.84,6208885.54,C1988451596,0.0,770329.3,0,0,L03_00674,LEGITIMATE_HIGH_VALUE_HISTORY,High-value transaction consistent with normal historical account behavior,NONE,1,3,5,NORMAL,0.1104
L03_003369,216,TRANSFER,366310.26,C466318345,6208885.54,5842575.28,C1988451596,0.0,366310.26,0,0,L03_00674,LEGITIMATE_HIGH_VALUE_HISTORY,High-value transaction consistent with normal historical account behavior,NONE,1,4,5,NORMAL,0.059
L03_003370,231,TRANSFER,1752772.58,C466318345,5842575.28,4089802.7,C1988451596,0.0,1752772.58,0,0,L03_00674,LEGITIMATE_HIGH_VALUE_HISTORY,High-value transaction consistent with normal historical account behavior,NONE,1,5,5,NORMAL,0.3
L03_003371,325,TRANSFER,656220.54,C122081078,14475433.05,13819212.51,C360642915,0.0,656220.54,0,0,L03_00675,LEGITIMATE_HIGH_VALUE_HISTORY,High-value transaction consistent with normal historical account behavior,NONE,1,1,5,NORMAL,0.0453
L03_003372,365,TRANSFER,418959.35,C122081078,13819212.51,13400253.16,C360642915,0.0,418959.35,0,0,L03_00675,LEGITIMATE_HIGH_VALUE_HISTORY,High-value transaction consistent with normal historical account behavior,NONE,1,2,5,NORMAL,0.0303
L03_003373,414,TRANSFER,692202.84,C122081078,13400253.16,12708050.32,C360642915,0.0,692202.84,0,0,L03_00675,LEGITIMATE_HIGH_VALUE_HISTORY,High-value transaction consistent with normal historical account behavior,NONE,1,3,5,NORMAL,0.0517
L03_003374,435,TRANSFER,784617.72,C122081078,12708050.32,11923432.6,C360642915,0.0,784617.72,0,0,L03_00675,LEGITIMATE_HIGH_VALUE_HISTORY,High-value transaction consistent with normal historical account behavior,NONE,1,4,5,NORMAL,0.0617
L03_003375,476,TRANSFER,3577029.78,C122081078,11923432.6,8346402.82,C360642915,0.0,3577029.78,0,0,L03_00675,LEGITIMATE_HIGH_VALUE_HISTORY,High-value transaction consistent with normal historical account behavior,NONE,1,5,5,NORMAL,0.3
L03_003376,371,TRANSFER,540849.64,C968687465,7602674.58,7061824.94,C32569718,0.0,540849.64,0,0,L03_00676,LEGITIMATE_HIGH_VALUE_HISTORY,High-value transaction consistent with normal historical account behavior,NONE,1,1,5,NORMAL,0.0711
L03_003377,393,TRANSFER,653069.58,C968687465,7061824.94,6408755.36,C32569718,0.0,653069.58,0,0,L03_00676,LEGITIMATE_HIGH_VALUE_HISTORY,High-value transaction consistent with normal historical account behavior,NONE,1,2,5,NORMAL,0.0925
L03_003378,440,TRANSFER,361743.87,C968687465,6408755.36,6047011.49,C32569718,0.0,361743.87,0,0,L03_00676,LEGITIMATE_HIGH_VALUE_HISTORY,High-value transaction consistent with normal historical account behavior,NONE,1,3,5,NORMAL,0.0564
L03_003379,496,TRANSFER,702227.92,C968687465,6047011.49,5344783.57,C32569718,0.0,702227.92,0,0,L03_00676,LEGITIMATE_HIGH_VALUE_HISTORY,High-value transaction consistent with normal historical account behavior,NONE,1,4,5,NORMAL,0.1161
L03_003380,537,TRANSFER,1603435.07,C968687465,5344783.57,3741348.5,C32569718,0.0,1603435.07,0,0,L03_00676,LEGITIMATE_HIGH_VALUE_HISTORY,High-value transaction consistent with normal historical account behavior,NONE,1,5,5,NORMAL,0.3
L03_003381,344,TRANSFER,559598.89,C744891380,18583739.64,18024140.75,C1234336383,0.0,559598.89,0,0,L03_00677,LEGITIMATE_HIGH_VALUE_HISTORY,High-value transaction consistent with normal historical account behavior,NONE,1,1,5,NORMAL,0.0301
L03_003382,401,TRANSFER,479798.9,C744891380,18024140.75,17544341.85,C1234336383,0.0,479798.9,0,0,L03_00677,LEGITIMATE_HIGH_VALUE_HISTORY,High-value transaction consistent with normal historical account behavior,NONE,1,2,5,NORMAL,0.0266
L03_003383,427,TRANSFER,495636.92,C744891380,17544341.85,17048704.93,C1234336383,0.0,495636.92,0,0,L03_00677,LEGITIMATE_HIGH_VALUE_HISTORY,High-value transaction consistent with normal historical account behavior,NONE,1,3,5,NORMAL,0.0283
L03_003384,447,TRANSFER,854125.05,C744891380,17048704.93,16194579.88,C1234336383,0.0,854125.05,0,0,L03_00677,LEGITIMATE_HIGH_VALUE_HISTORY,High-value transaction consistent with normal historical account behavior,NONE,1,4,5,NORMAL,0.0501
L03_003385,490,TRANSFER,4858373.96,C744891380,16194579.88,11336205.92,C1234336383,0.0,4858373.96,0,0,L03_00677,LEGITIMATE_HIGH_VALUE_HISTORY,High-value transaction consistent with normal historical account behavior,NONE,1,5,5,NORMAL,0.3
L03_003386,380,TRANSFER,383745.58,C319331887,17676530.84,17292785.26,C60911281,0.0,383745.58,0,0,L03_00678,LEGITIMATE_HIGH_VALUE_HISTORY,High-value transaction consistent with normal historical account behavior,NONE,1,1,5,NORMAL,0.0217
L03_003387,402,TRANSFER,499564.15,C319331887,17292785.26,16793221.11,C60911281,0.0,499564.15,0,0,L03_00678,LEGITIMATE_HIGH_VALUE_HISTORY,High-value transaction consistent with normal historical account behavior,NONE,1,2,5,NORMAL,0.0289
L03_003388,431,TRANSFER,677045.61,C319331887,16793221.11,16116175.5,C60911281,0.0,677045.61,0,0,L03_00678,LEGITIMATE_HIGH_VALUE_HISTORY,High-value transaction consistent with normal historical account behavior,NONE,1,3,5,NORMAL,0.0403
L03_003389,484,TRANSFER,325625.66,C319331887,16116175.5,15790549.84,C60911281,0.0,325625.66,0,0,L03_00678,LEGITIMATE_HIGH_VALUE_HISTORY,High-value transaction consistent with normal historical account behavior,NONE,1,4,5,NORMAL,0.0202
L03_003390,518,TRANSFER,4737164.95,C319331887,15790549.84,11053384.88,C60911281,0.0,4737164.95,0,0,L03_00678,LEGITIMATE_HIGH_VALUE_HISTORY,High-value transaction consistent with normal historical account behavior,NONE,1,5,5,NORMAL,0.3
L03_003391,330,TRANSFER,748412.47,C1069389007,12717062.12,11968649.64,C1603768583,0.0,748412.47,0,0,L03_00679,LEGITIMATE_HIGH_VALUE_HISTORY,High-value transaction consistent with normal historical account behavior,NONE,1,1,5,NORMAL,0.0589
L03_003392,377,TRANSFER,660659.92,C1069389007,11968649.64,11307989.72,C1603768583,0.0,660659.92,0,0,L03_00679,LEGITIMATE_HIGH_VALUE_HISTORY,High-value transaction consistent with normal historical account behavior,NONE,1,2,5,NORMAL,0.0552
L03_003393,411,TRANSFER,768607.24,C1069389007,11307989.72,10539382.48,C1603768583,0.0,768607.24,0,0,L03_00679,LEGITIMATE_HIGH_VALUE_HISTORY,High-value transaction consistent with normal historical account behavior,NONE,1,3,5,NORMAL,0.068
L03_003394,457,TRANSFER,553726.47,C1069389007,10539382.48,9985656.01,C1603768583,0.0,553726.47,0,0,L03_00679,LEGITIMATE_HIGH_VALUE_HISTORY,High-value transaction consistent with normal historical account behavior,NONE,1,4,5,NORMAL,0.0525
L03_003395,502,TRANSFER,2995696.8,C1069389007,9985656.01,6989959.21,C1603768583,0.0,2995696.8,0,0,L03_00679,LEGITIMATE_HIGH_VALUE_HISTORY,High-value transaction consistent with normal historical account behavior,NONE,1,5,5,NORMAL,0.3
L03_003396,214,TRANSFER,644421.61,C822713817,8312713.7,7668292.08,C1418294358,0.0,644421.61,0,0,L03_00680,LEGITIMATE_HIGH_VALUE_HISTORY,High-value transaction consistent with normal historical account behavior,NONE,1,1,5,NORMAL,0.0775
L03_003397,272,TRANSFER,574008.65,C822713817,7668292.08,7094283.43,C1418294358,0.0,574008.65,0,0,L03_00680,LEGITIMATE_HIGH_VALUE_HISTORY,High-value transaction consistent with normal historical account behavior,NONE,1,2,5,NORMAL,0.0749
L03_003398,323,TRANSFER,534033.84,C822713817,7094283.43,6560249.59,C1418294358,0.0,534033.84,0,0,L03_00680,LEGITIMATE_HIGH_VALUE_HISTORY,High-value transaction consistent with normal historical account behavior,NONE,1,3,5,NORMAL,0.0753
L03_003399,353,TRANSFER,795562.46,C822713817,6560249.59,5764687.13,C1418294358,0.0,795562.46,0,0,L03_00680,LEGITIMATE_HIGH_VALUE_HISTORY,High-value transaction consistent with normal historical account behavior,NONE,1,4,5,NORMAL,0.1213
L03_003400,370,TRANSFER,1729406.14,C822713817,5764687.13,4035280.99,C1418294358,0.0,1729406.14,0,0,L03_00680,LEGITIMATE_HIGH_VALUE_HISTORY,High-value transaction consistent with normal historical account behavior,NONE,1,5,5,NORMAL,0.3
L03_003401,387,TRANSFER,738068.23,C1836708589,10278296.66,9540228.43,C133452186,0.0,738068.23,0,0,L03_00681,LEGITIMATE_HIGH_VALUE_HISTORY,High-value transaction consistent with normal historical account behavior,NONE,1,1,5,NORMAL,0.0718
L03_003402,412,TRANSFER,502026.89,C1836708589,9540228.43,9038201.54,C133452186,0.0,502026.89,0,0,L03_00681,LEGITIMATE_HIGH_VALUE_HISTORY,High-value transaction consistent with normal historical account behavior,NONE,1,2,5,NORMAL,0.0526
L03_003403,438,TRANSFER,471117.1,C1836708589,9038201.54,8567084.44,C133452186,0.0,471117.1,0,0,L03_00681,LEGITIMATE_HIGH_VALUE_HISTORY,High-value transaction consistent with normal historical account behavior,NONE,1,3,5,NORMAL,0.0521
L03_003404,467,TRANSFER,512358.94,C1836708589,8567084.44,8054725.5,C133452186,0.0,512358.94,0,0,L03_00681,LEGITIMATE_HIGH_VALUE_HISTORY,High-value transaction consistent with normal historical account behavior,NONE,1,4,5,NORMAL,0.0598
L03_003405,493,TRANSFER,2416417.65,C1836708589,8054725.5,5638307.85,C133452186,0.0,2416417.65,0,0,L03_00681,LEGITIMATE_HIGH_VALUE_HISTORY,High-value transaction consistent with normal historical account behavior,NONE,1,5,5,NORMAL,0.3
L03_003406,221,TRANSFER,630489.7,C2117768376,8443470.15,7812980.45,C2027771540,0.0,630489.7,0,0,L03_00682,LEGITIMATE_HIGH_VALUE_HISTORY,High-value transaction consistent with normal historical account behavior,NONE,1,1,5,NORMAL,0.0747
L03_003407,256,TRANSFER,757604.99,C2117768376,7812980.45,7055375.46,C2027771540,0.0,757604.99,0,0,L03_00682,LEGITIMATE_HIGH_VALUE_HISTORY,High-value transaction consistent with normal historical account behavior,NONE,1,2,5,NORMAL,0.097
L03_003408,300,TRANSFER,450194.62,C2117768376,7055375.46,6605180.84,C2027771540,0.0,450194.62,0,0,L03_00682,LEGITIMATE_HIGH_VALUE_HISTORY,High-value transaction consistent with normal historical account behavior,NONE,1,3,5,NORMAL,0.0638
L03_003409,328,TRANSFER,483994.02,C2117768376,6605180.84,6121186.82,C2027771540,0.0,483994.02,0,0,L03_00682,LEGITIMATE_HIGH_VALUE_HISTORY,High-value transaction consistent with normal historical account behavior,NONE,1,4,5,NORMAL,0.0733
L03_003410,356,TRANSFER,1836356.05,C2117768376,6121186.82,4284830.77,C2027771540,0.0,1836356.05,0,0,L03_00682,LEGITIMATE_HIGH_VALUE_HISTORY,High-value transaction consistent with normal historical account behavior,NONE,1,5,5,NORMAL,0.3
L03_003411,368,TRANSFER,681829.06,C1774928535,9812239.62,9130410.56,C1508466053,0.0,681829.06,0,0,L03_00683,LEGITIMATE_HIGH_VALUE_HISTORY,High-value transaction consistent with normal historical account behavior,NONE,1,1,5,NORMAL,0.0695
L03_003412,399,TRANSFER,662288.22,C1774928535,9130410.56,8468122.34,C1508466053,0.0,662288.22,0,0,L03_00683,LEGITIMATE_HIGH_VALUE_HISTORY,High-value transaction consistent with normal historical account behavior,NONE,1,2,5,NORMAL,0.0725
L03_003413,454,TRANSFER,854978.24,C1774928535,8468122.34,7613144.1,C1508466053,0.0,854978.24,0,0,L03_00683,LEGITIMATE_HIGH_VALUE_HISTORY,High-value transaction consistent with normal historical account behavior,NONE,1,3,5,NORMAL,0.101
L03_003414,499,TRANSFER,414522.16,C1774928535,7613144.1,7198621.94,C1508466053,0.0,414522.16,0,0,L03_00683,LEGITIMATE_HIGH_VALUE_HISTORY,High-value transaction consistent with normal historical account behavior,NONE,1,4,5,NORMAL,0.0544
L03_003415,537,TRANSFER,2159586.58,C1774928535,7198621.94,5039035.36,C1508466053,0.0,2159586.58,0,0,L03_00683,LEGITIMATE_HIGH_VALUE_HISTORY,High-value transaction consistent with normal historical account behavior,NONE,1,5,5,NORMAL,0.3
L03_003416,243,TRANSFER,402829.45,C1283378174,8195407.12,7792577.67,C1029477986,0.0,402829.45,0,0,L03_00684,LEGITIMATE_HIGH_VALUE_HISTORY,High-value transaction consistent with normal historical account behavior,NONE,1,1,5,NORMAL,0.0492
L03_003417,283,TRANSFER,445351.87,C1283378174,7792577.67,7347225.8,C1029477986,0.0,445351.87,0,0,L03_00684,LEGITIMATE_HIGH_VALUE_HISTORY,High-value transaction consistent with normal historical account behavior,NONE,1,2,5,NORMAL,0.0572
L03_003418,312,TRANSFER,453320.9,C1283378174,7347225.8,6893904.9,C1029477986,0.0,453320.9,0,0,L03_00684,LEGITIMATE_HIGH_VALUE_HISTORY,High-value transaction consistent with normal historical account behavior,NONE,1,3,5,NORMAL,0.0617
L03_003419,347,TRANSFER,506576.0,C1283378174,6893904.9,6387328.9,C1029477986,0.0,506576.0,0,0,L03_00684,LEGITIMATE_HIGH_VALUE_HISTORY,High-value transaction consistent with normal historical account behavior,NONE,1,4,5,NORMAL,0.0735
L03_003420,383,TRANSFER,1916198.67,C1283378174,6387328.9,4471130.23,C1029477986,0.0,1916198.67,0,0,L03_00684,LEGITIMATE_HIGH_VALUE_HISTORY,High-value transaction consistent with normal historical account behavior,NONE,1,5,5,NORMAL,0.3
L03_003421,377,TRANSFER,773928.83,C823285326,8937274.5,8163345.67,C882848847,0.0,773928.83,0,0,L03_00685,LEGITIMATE_HIGH_VALUE_HISTORY,High-value transaction consistent with normal historical account behavior,NONE,1,1,5,NORMAL,0.0866
L03_003422,403,TRANSFER,825741.28,C823285326,8163345.67,7337604.39,C882848847,0.0,825741.28,0,0,L03_00685,LEGITIMATE_HIGH_VALUE_HISTORY,High-value transaction consistent with normal historical account behavior,NONE,1,2,5,NORMAL,0.1012
L03_003423,462,TRANSFER,300744.06,C823285326,7337604.39,7036860.33,C882848847,0.0,300744.06,0,0,L03_00685,LEGITIMATE_HIGH_VALUE_HISTORY,High-value transaction consistent with normal historical account behavior,NONE,1,3,5,NORMAL,0.041
L03_003424,491,TRANSFER,495787.63,C823285326,7036860.33,6541072.7,C882848847,0.0,495787.63,0,0,L03_00685,LEGITIMATE_HIGH_VALUE_HISTORY,High-value transaction consistent with normal historical account behavior,NONE,1,4,5,NORMAL,0.0705
L03_003425,533,TRANSFER,1962321.81,C823285326,6541072.7,4578750.89,C882848847,0.0,1962321.81,0,0,L03_00685,LEGITIMATE_HIGH_VALUE_HISTORY,High-value transaction consistent with normal historical account behavior,NONE,1,5,5,NORMAL,0.3
L03_003426,371,TRANSFER,598136.58,C465147919,12261944.09,11663807.51,C727137885,0.0,598136.58,0,0,L03_00686,LEGITIMATE_HIGH_VALUE_HISTORY,High-value transaction consistent with normal historical account behavior,NONE,1,1,5,NORMAL,0.0488
L03_003427,403,TRANSFER,407069.7,C465147919,11663807.51,11256737.81,C727137885,0.0,407069.7,0,0,L03_00686,LEGITIMATE_HIGH_VALUE_HISTORY,High-value transaction consistent with normal historical account behavior,NONE,1,2,5,NORMAL,0.0349
L03_003428,420,TRANSFER,852668.88,C465147919,11256737.81,10404068.93,C727137885,0.0,852668.88,0,0,L03_00686,LEGITIMATE_HIGH_VALUE_HISTORY,High-value transaction consistent with normal historical account behavior,NONE,1,3,5,NORMAL,0.0757
L03_003429,480,TRANSFER,337377.12,C465147919,10404068.93,10066691.81,C727137885,0.0,337377.12,0,0,L03_00686,LEGITIMATE_HIGH_VALUE_HISTORY,High-value transaction consistent with normal historical account behavior,NONE,1,4,5,NORMAL,0.0324
L03_003430,508,TRANSFER,3020007.54,C465147919,10066691.81,7046684.26,C727137885,0.0,3020007.54,0,0,L03_00686,LEGITIMATE_HIGH_VALUE_HISTORY,High-value transaction consistent with normal historical account behavior,NONE,1,5,5,NORMAL,0.3
L03_003431,380,TRANSFER,442977.01,C701140142,7122128.46,6679151.45,C1935460405,0.0,442977.01,0,0,L03_00687,LEGITIMATE_HIGH_VALUE_HISTORY,High-value transaction consistent with normal historical account behavior,NONE,1,1,5,NORMAL,0.0622
L03_003432,395,TRANSFER,629181.92,C701140142,6679151.45,6049969.53,C1935460405,0.0,629181.92,0,0,L03_00687,LEGITIMATE_HIGH_VALUE_HISTORY,High-value transaction consistent with normal historical account behavior,NONE,1,2,5,NORMAL,0.0942
L03_003433,439,TRANSFER,325367.02,C701140142,6049969.53,5724602.51,C1935460405,0.0,325367.02,0,0,L03_00687,LEGITIMATE_HIGH_VALUE_HISTORY,High-value transaction consistent with normal historical account behavior,NONE,1,3,5,NORMAL,0.0538
L03_003434,455,TRANSFER,551671.03,C701140142,5724602.51,5172931.48,C1935460405,0.0,551671.03,0,0,L03_00687,LEGITIMATE_HIGH_VALUE_HISTORY,High-value transaction consistent with normal historical account behavior,NONE,1,4,5,NORMAL,0.0964
L03_003435,489,TRANSFER,1551879.44,C701140142,5172931.48,3621052.04,C1935460405,0.0,1551879.44,0,0,L03_00687,LEGITIMATE_HIGH_VALUE_HISTORY,High-value transaction consistent with normal historical account behavior,NONE,1,5,5,NORMAL,0.3
L03_003436,353,TRANSFER,852085.64,C442724545,16806367.05,15954281.41,C1899223003,0.0,852085.64,0,0,L03_00688,LEGITIMATE_HIGH_VALUE_HISTORY,High-value transaction consistent with normal historical account behavior,NONE,1,1,5,NORMAL,0.0507
L03_003437,398,TRANSFER,295424.77,C442724545,15954281.41,15658856.64,C1899223003,0.0,295424.77,0,0,L03_00688,LEGITIMATE_HIGH_VALUE_HISTORY,High-value transaction consistent with normal historical account behavior,NONE,1,2,5,NORMAL,0.0185
L03_003438,435,TRANSFER,854108.73,C442724545,15658856.64,14804747.91,C1899223003,0.0,854108.73,0,0,L03_00688,LEGITIMATE_HIGH_VALUE_HISTORY,High-value transaction consistent with normal historical account behavior,NONE,1,3,5,NORMAL,0.0545
L03_003439,458,TRANSFER,522286.95,C442724545,14804747.91,14282460.96,C1899223003,0.0,522286.95,0,0,L03_00688,LEGITIMATE_HIGH_VALUE_HISTORY,High-value transaction consistent with normal historical account behavior,NONE,1,4,5,NORMAL,0.0353
L03_003440,510,TRANSFER,4284738.29,C442724545,14282460.96,9997722.67,C1899223003,0.0,4284738.29,0,0,L03_00688,LEGITIMATE_HIGH_VALUE_HISTORY,High-value transaction consistent with normal historical account behavior,NONE,1,5,5,NORMAL,0.3
L03_003441,400,TRANSFER,300033.84,C1277102988,9155708.67,8855674.83,C1557984753,0.0,300033.84,0,0,L03_00689,LEGITIMATE_HIGH_VALUE_HISTORY,High-value transaction consistent with normal historical account behavior,NONE,1,1,5,NORMAL,0.0328
L03_003442,445,TRANSFER,681556.47,C1277102988,8855674.83,8174118.36,C1557984753,0.0,681556.47,0,0,L03_00689,LEGITIMATE_HIGH_VALUE_HISTORY,High-value transaction consistent with normal historical account behavior,NONE,1,2,5,NORMAL,0.077
L03_003443,498,TRANSFER,692115.78,C1277102988,8174118.36,7482002.58,C1557984753,0.0,692115.78,0,0,L03_00689,LEGITIMATE_HIGH_VALUE_HISTORY,High-value transaction consistent with normal historical account behavior,NONE,1,3,5,NORMAL,0.0847
L03_003444,545,TRANSFER,738991.95,C1277102988,7482002.58,6743010.63,C1557984753,0.0,738991.95,0,0,L03_00689,LEGITIMATE_HIGH_VALUE_HISTORY,High-value transaction consistent with normal historical account behavior,NONE,1,4,5,NORMAL,0.0988
L03_003445,605,TRANSFER,2022903.19,C1277102988,6743010.63,4720107.44,C1557984753,0.0,2022903.19,0,0,L03_00689,LEGITIMATE_HIGH_VALUE_HISTORY,High-value transaction consistent with normal historical account behavior,NONE,1,5,5,NORMAL,0.3
L03_003446,393,TRANSFER,793666.35,C1994988064,10786868.62,9993202.28,C1011560708,0.0,793666.35,0,0,L03_00690,LEGITIMATE_HIGH_VALUE_HISTORY,High-value transaction consistent with normal historical account behavior,NONE,1,1,5,NORMAL,0.0736
L03_003447,424,TRANSFER,813630.51,C1994988064,9993202.28,9179571.77,C1011560708,0.0,813630.51,0,0,L03_00690,LEGITIMATE_HIGH_VALUE_HISTORY,High-value transaction consistent with normal historical account behavior,NONE,1,2,5,NORMAL,0.0814
L03_003448,453,TRANSFER,496132.65,C1994988064,9179571.77,8683439.12,C1011560708,0.0,496132.65,0,0,L03_00690,LEGITIMATE_HIGH_VALUE_HISTORY,High-value transaction consistent with normal historical account behavior,NONE,1,3,5,NORMAL,0.054
L03_003449,470,TRANSFER,868938.36,C1994988064,8683439.12,7814500.75,C1011560708,0.0,868938.36,0,0,L03_00690,LEGITIMATE_HIGH_VALUE_HISTORY,High-value transaction consistent with normal historical account behavior,NONE,1,4,5,NORMAL,0.1001
L03_003450,489,TRANSFER,2344350.23,C1994988064,7814500.75,5470150.53,C1011560708,0.0,2344350.23,0,0,L03_00690,LEGITIMATE_HIGH_VALUE_HISTORY,High-value transaction consistent with normal historical account behavior,NONE,1,5,5,NORMAL,0.3
L03_003451,345,TRANSFER,652866.03,C1579070388,10090156.75,9437290.72,C163627086,0.0,652866.03,0,0,L03_00691,LEGITIMATE_HIGH_VALUE_HISTORY,High-value transaction consistent with normal historical account behavior,NONE,1,1,5,NORMAL,0.0647
L03_003452,395,TRANSFER,520570.54,C1579070388,9437290.72,8916720.19,C163627086,0.0,520570.54,0,0,L03_00691,LEGITIMATE_HIGH_VALUE_HISTORY,High-value transaction consistent with normal historical account behavior,NONE,1,2,5,NORMAL,0.0552
L03_003453,434,TRANSFER,688375.98,C1579070388,8916720.19,8228344.21,C163627086,0.0,688375.98,0,0,L03_00691,LEGITIMATE_HIGH_VALUE_HISTORY,High-value transaction consistent with normal historical account behavior,NONE,1,3,5,NORMAL,0.0772
L03_003454,462,TRANSFER,560676.95,C1579070388,8228344.21,7667667.25,C163627086,0.0,560676.95,0,0,L03_00691,LEGITIMATE_HIGH_VALUE_HISTORY,High-value transaction consistent with normal historical account behavior,NONE,1,4,5,NORMAL,0.0681
L03_003455,522,TRANSFER,2300300.18,C1579070388,7667667.25,5367367.08,C163627086,0.0,2300300.18,0,0,L03_00691,LEGITIMATE_HIGH_VALUE_HISTORY,High-value transaction consistent with normal historical account behavior,NONE,1,5,5,NORMAL,0.3
L03_003456,410,TRANSFER,436269.35,C613362594,14735618.1,14299348.75,C166679275,0.0,436269.35,0,0,L03_00692,LEGITIMATE_HIGH_VALUE_HISTORY,High-value transaction consistent with normal historical account behavior,NONE,1,1,5,NORMAL,0.0296
L03_003457,465,TRANSFER,554011.75,C613362594,14299348.75,13745337.0,C166679275,0.0,554011.75,0,0,L03_00692,LEGITIMATE_HIGH_VALUE_HISTORY,High-value transaction consistent with normal historical account behavior,NONE,1,2,5,NORMAL,0.0387
L03_003458,513,TRANSFER,670917.5,C613362594,13745337.0,13074419.5,C166679275,0.0,670917.5,0,0,L03_00692,LEGITIMATE_HIGH_VALUE_HISTORY,High-value transaction consistent with normal historical account behavior,NONE,1,3,5,NORMAL,0.0488
L03_003459,570,TRANSFER,664110.17,C613362594,13074419.5,12410309.33,C166679275,0.0,664110.17,0,0,L03_00692,LEGITIMATE_HIGH_VALUE_HISTORY,High-value transaction consistent with normal historical account behavior,NONE,1,4,5,NORMAL,0.0508
L03_003460,619,TRANSFER,3723092.8,C613362594,12410309.33,8687216.53,C166679275,0.0,3723092.8,0,0,L03_00692,LEGITIMATE_HIGH_VALUE_HISTORY,High-value transaction consistent with normal historical account behavior,NONE,1,5,5,NORMAL,0.3
L03_003461,364,TRANSFER,407813.57,C1837225397,10348360.53,9940546.96,C1774626299,0.0,407813.57,0,0,L03_00693,LEGITIMATE_HIGH_VALUE_HISTORY,High-value transaction consistent with normal historical account behavior,NONE,1,1,5,NORMAL,0.0394
L03_003462,394,TRANSFER,568188.71,C1837225397,9940546.96,9372358.25,C1774626299,0.0,568188.71,0,0,L03_00693,LEGITIMATE_HIGH_VALUE_HISTORY,High-value transaction consistent with normal historical account behavior,NONE,1,2,5,NORMAL,0.0572
L03_003463,447,TRANSFER,638809.44,C1837225397,9372358.25,8733548.81,C1774626299,0.0,638809.44,0,0,L03_00693,LEGITIMATE_HIGH_VALUE_HISTORY,High-value transaction consistent with normal historical account behavior,NONE,1,3,5,NORMAL,0.0682
L03_003464,497,TRANSFER,837095.15,C1837225397,8733548.81,7896453.66,C1774626299,0.0,837095.15,0,0,L03_00693,LEGITIMATE_HIGH_VALUE_HISTORY,High-value transaction consistent with normal historical account behavior,NONE,1,4,5,NORMAL,0.0958
L03_003465,555,TRANSFER,2368936.1,C1837225397,7896453.66,5527517.56,C1774626299,0.0,2368936.1,0,0,L03_00693,LEGITIMATE_HIGH_VALUE_HISTORY,High-value transaction consistent with normal historical account behavior,NONE,1,5,5,NORMAL,0.3
L03_003466,431,TRANSFER,449062.79,C323023477,8501450.64,8052387.85,C1002973579,0.0,449062.79,0,0,L03_00694,LEGITIMATE_HIGH_VALUE_HISTORY,High-value transaction consistent with normal historical account behavior,NONE,1,1,5,NORMAL,0.0528
L03_003467,471,TRANSFER,687088.24,C323023477,8052387.85,7365299.61,C1002973579,0.0,687088.24,0,0,L03_00694,LEGITIMATE_HIGH_VALUE_HISTORY,High-value transaction consistent with normal historical account behavior,NONE,1,2,5,NORMAL,0.0853
L03_003468,506,TRANSFER,664666.45,C323023477,7365299.61,6700633.16,C1002973579,0.0,664666.45,0,0,L03_00694,LEGITIMATE_HIGH_VALUE_HISTORY,High-value transaction consistent with normal historical account behavior,NONE,1,3,5,NORMAL,0.0902
L03_003469,545,TRANSFER,551196.96,C323023477,6700633.16,6149436.2,C1002973579,0.0,551196.96,0,0,L03_00694,LEGITIMATE_HIGH_VALUE_HISTORY,High-value transaction consistent with normal historical account behavior,NONE,1,4,5,NORMAL,0.0823
L03_003470,582,TRANSFER,1844830.86,C323023477,6149436.2,4304605.34,C1002973579,0.0,1844830.86,0,0,L03_00694,LEGITIMATE_HIGH_VALUE_HISTORY,High-value transaction consistent with normal historical account behavior,NONE,1,5,5,NORMAL,0.3
L03_003471,333,TRANSFER,645452.78,C1982524501,18075076.53,17429623.75,C449049752,0.0,645452.78,0,0,L03_00695,LEGITIMATE_HIGH_VALUE_HISTORY,High-value transaction consistent with normal historical account behavior,NONE,1,1,5,NORMAL,0.0357
L03_003472,379,TRANSFER,687455.52,C1982524501,17429623.75,16742168.23,C449049752,0.0,687455.52,0,0,L03_00695,LEGITIMATE_HIGH_VALUE_HISTORY,High-value transaction consistent with normal historical account behavior,NONE,1,2,5,NORMAL,0.0394
L03_003473,430,TRANSFER,452076.72,C1982524501,16742168.23,16290091.51,C449049752,0.0,452076.72,0,0,L03_00695,LEGITIMATE_HIGH_VALUE_HISTORY,High-value transaction consistent with normal historical account behavior,NONE,1,3,5,NORMAL,0.027
L03_003474,474,TRANSFER,697000.92,C1982524501,16290091.51,15593090.59,C449049752,0.0,697000.92,0,0,L03_00695,LEGITIMATE_HIGH_VALUE_HISTORY,High-value transaction consistent with normal historical account behavior,NONE,1,4,5,NORMAL,0.0428
L03_003475,516,TRANSFER,4677927.18,C1982524501,15593090.59,10915163.41,C449049752,0.0,4677927.18,0,0,L03_00695,LEGITIMATE_HIGH_VALUE_HISTORY,High-value transaction consistent with normal historical account behavior,NONE,1,5,5,NORMAL,0.3
L03_003476,44,TRANSFER,842551.85,C1259948400,8555283.42,7712731.57,C1195378184,0.0,842551.85,0,0,L03_00696,LEGITIMATE_HIGH_VALUE_HISTORY,High-value transaction consistent with normal historical account behavior,NONE,1,1,5,NORMAL,0.0985
L03_003477,64,TRANSFER,656992.56,C1259948400,7712731.57,7055739.01,C1195378184,0.0,656992.56,0,0,L03_00696,LEGITIMATE_HIGH_VALUE_HISTORY,High-value transaction consistent with normal historical account behavior,NONE,1,2,5,NORMAL,0.0852
L03_003478,100,TRANSFER,447510.04,C1259948400,7055739.01,6608228.97,C1195378184,0.0,447510.04,0,0,L03_00696,LEGITIMATE_HIGH_VALUE_HISTORY,High-value transaction consistent with normal historical account behavior,NONE,1,3,5,NORMAL,0.0634
L03_003479,145,TRANSFER,305521.3,C1259948400,6608228.97,6302707.67,C1195378184,0.0,305521.3,0,0,L03_00696,LEGITIMATE_HIGH_VALUE_HISTORY,High-value transaction consistent with normal historical account behavior,NONE,1,4,5,NORMAL,0.0462
L03_003480,161,TRANSFER,1890812.3,C1259948400,6302707.67,4411895.37,C1195378184,0.0,1890812.3,0,0,L03_00696,LEGITIMATE_HIGH_VALUE_HISTORY,High-value transaction consistent with normal historical account behavior,NONE,1,5,5,NORMAL,0.3
L03_003481,495,TRANSFER,840635.45,C168441138,9322680.58,8482045.13,C1561383262,0.0,840635.45,0,0,L03_00697,LEGITIMATE_HIGH_VALUE_HISTORY,High-value transaction consistent with normal historical account behavior,NONE,1,1,5,NORMAL,0.0902
L03_003482,548,TRANSFER,651183.66,C168441138,8482045.13,7830861.47,C1561383262,0.0,651183.66,0,0,L03_00697,LEGITIMATE_HIGH_VALUE_HISTORY,High-value transaction consistent with normal historical account behavior,NONE,1,2,5,NORMAL,0.0768
L03_003483,573,TRANSFER,607455.32,C168441138,7830861.47,7223406.15,C1561383262,0.0,607455.32,0,0,L03_00697,LEGITIMATE_HIGH_VALUE_HISTORY,High-value transaction consistent with normal historical account behavior,NONE,1,3,5,NORMAL,0.0776
L03_003484,594,TRANSFER,471309.5,C168441138,7223406.15,6752096.65,C1561383262,0.0,471309.5,0,0,L03_00697,LEGITIMATE_HIGH_VALUE_HISTORY,High-value transaction consistent with normal historical account behavior,NONE,1,4,5,NORMAL,0.0652
L03_003485,615,TRANSFER,2025629.0,C168441138,6752096.65,4726467.66,C1561383262,0.0,2025629.0,0,0,L03_00697,LEGITIMATE_HIGH_VALUE_HISTORY,High-value transaction consistent with normal historical account behavior,NONE,1,5,5,NORMAL,0.3
L03_003486,383,TRANSFER,581347.31,C646634331,8853375.39,8272028.08,C392082135,0.0,581347.31,0,0,L03_00698,LEGITIMATE_HIGH_VALUE_HISTORY,High-value transaction consistent with normal historical account behavior,NONE,1,1,5,NORMAL,0.0657
L03_003487,419,TRANSFER,550880.18,C646634331,8272028.08,7721147.9,C392082135,0.0,550880.18,0,0,L03_00698,LEGITIMATE_HIGH_VALUE_HISTORY,High-value transaction consistent with normal historical account behavior,NONE,1,2,5,NORMAL,0.0666
L03_003488,447,TRANSFER,505442.84,C646634331,7721147.9,7215705.06,C392082135,0.0,505442.84,0,0,L03_00698,LEGITIMATE_HIGH_VALUE_HISTORY,High-value transaction consistent with normal historical account behavior,NONE,1,3,5,NORMAL,0.0655
L03_003489,479,TRANSFER,731168.13,C646634331,7215705.06,6484536.93,C392082135,0.0,731168.13,0,0,L03_00698,LEGITIMATE_HIGH_VALUE_HISTORY,High-value transaction consistent with normal historical account behavior,NONE,1,4,5,NORMAL,0.1013
L03_003490,523,TRANSFER,1945361.08,C646634331,6484536.93,4539175.85,C392082135,0.0,1945361.08,0,0,L03_00698,LEGITIMATE_HIGH_VALUE_HISTORY,High-value transaction consistent with normal historical account behavior,NONE,1,5,5,NORMAL,0.3
L03_003491,359,TRANSFER,866969.73,C1083158873,18732655.77,17865686.04,C1738610409,0.0,866969.73,0,0,L03_00699,LEGITIMATE_HIGH_VALUE_HISTORY,High-value transaction consistent with normal historical account behavior,NONE,1,1,5,NORMAL,0.0463
L03_003492,411,TRANSFER,292575.62,C1083158873,17865686.04,17573110.42,C1738610409,0.0,292575.62,0,0,L03_00699,LEGITIMATE_HIGH_VALUE_HISTORY,High-value transaction consistent with normal historical account behavior,NONE,1,2,5,NORMAL,0.0164
L03_003493,459,TRANSFER,736385.0,C1083158873,17573110.42,16836725.42,C1738610409,0.0,736385.0,0,0,L03_00699,LEGITIMATE_HIGH_VALUE_HISTORY,High-value transaction consistent with normal historical account behavior,NONE,1,3,5,NORMAL,0.0419
L03_003494,510,TRANSFER,592506.83,C1083158873,16836725.42,16244218.59,C1738610409,0.0,592506.83,0,0,L03_00699,LEGITIMATE_HIGH_VALUE_HISTORY,High-value transaction consistent with normal historical account behavior,NONE,1,4,5,NORMAL,0.0352
L03_003495,559,TRANSFER,4873265.58,C1083158873,16244218.59,11370953.01,C1738610409,0.0,4873265.58,0,0,L03_00699,LEGITIMATE_HIGH_VALUE_HISTORY,High-value transaction consistent with normal historical account behavior,NONE,1,5,5,NORMAL,0.3
L03_003496,319,TRANSFER,807427.96,C637695680,18763390.4,17955962.43,C1671434698,0.0,807427.96,0,0,L03_00700,LEGITIMATE_HIGH_VALUE_HISTORY,High-value transaction consistent with normal historical account behavior,NONE,1,1,5,NORMAL,0.043
L03_003497,372,TRANSFER,706777.53,C637695680,17955962.43,17249184.9,C1671434698,0.0,706777.53,0,0,L03_00700,LEGITIMATE_HIGH_VALUE_HISTORY,High-value transaction consistent with normal historical account behavior,NONE,1,2,5,NORMAL,0.0394
L03_003498,389,TRANSFER,602375.93,C637695680,17249184.9,16646808.97,C1671434698,0.0,602375.93,0,0,L03_00700,LEGITIMATE_HIGH_VALUE_HISTORY,High-value transaction consistent with normal historical account behavior,NONE,1,3,5,NORMAL,0.0349
L03_003499,443,TRANSFER,392345.51,C637695680,16646808.97,16254463.46,C1671434698,0.0,392345.51,0,0,L03_00700,LEGITIMATE_HIGH_VALUE_HISTORY,High-value transaction consistent with normal historical account behavior,NONE,1,4,5,NORMAL,0.0236
L03_003500,461,TRANSFER,4876339.04,C637695680,16254463.46,11378124.43,C1671434698,0.0,4876339.04,0,0,L03_00700,LEGITIMATE_HIGH_VALUE_HISTORY,High-value transaction consistent with normal historical account behavior,NONE,1,5,5,NORMAL,0.3
L03_003501,352,TRANSFER,415460.06,C1828876375,9817744.59,9402284.53,C2000927074,0.0,415460.06,0,0,L03_00701,LEGITIMATE_HIGH_VALUE_HISTORY,High-value transaction consistent with normal historical account behavior,NONE,1,1,5,NORMAL,0.0423
L03_003502,401,TRANSFER,348478.58,C1828876375,9402284.53,9053805.95,C2000927074,0.0,348478.58,0,0,L03_00701,LEGITIMATE_HIGH_VALUE_HISTORY,High-value transaction consistent with normal historical account behavior,NONE,1,2,5,NORMAL,0.0371
L03_003503,434,TRANSFER,860696.6,C1828876375,9053805.95,8193109.35,C2000927074,0.0,860696.6,0,0,L03_00701,LEGITIMATE_HIGH_VALUE_HISTORY,High-value transaction consistent with normal historical account behavior,NONE,1,3,5,NORMAL,0.0951
L03_003504,491,TRANSFER,551101.4,C1828876375,8193109.35,7642007.95,C2000927074,0.0,551101.4,0,0,L03_00701,LEGITIMATE_HIGH_VALUE_HISTORY,High-value transaction consistent with normal historical account behavior,NONE,1,4,5,NORMAL,0.0673
L03_003505,534,TRANSFER,2292602.38,C1828876375,7642007.95,5349405.56,C2000927074,0.0,2292602.38,0,0,L03_00701,LEGITIMATE_HIGH_VALUE_HISTORY,High-value transaction consistent with normal historical account behavior,NONE,1,5,5,NORMAL,0.3
L03_003506,331,TRANSFER,760686.84,C1603212803,19508405.16,18747718.32,C916690965,0.0,760686.84,0,0,L03_00702,LEGITIMATE_HIGH_VALUE_HISTORY,High-value transaction consistent with normal historical account behavior,NONE,1,1,5,NORMAL,0.039
L03_003507,364,TRANSFER,836687.72,C1603212803,18747718.32,17911030.6,C916690965,0.0,836687.72,0,0,L03_00702,LEGITIMATE_HIGH_VALUE_HISTORY,High-value transaction consistent with normal historical account behavior,NONE,1,2,5,NORMAL,0.0446
L03_003508,410,TRANSFER,646366.49,C1603212803,17911030.6,17264664.11,C916690965,0.0,646366.49,0,0,L03_00702,LEGITIMATE_HIGH_VALUE_HISTORY,High-value transaction consistent with normal historical account behavior,NONE,1,3,5,NORMAL,0.0361
L03_003509,438,TRANSFER,761862.39,C1603212803,17264664.11,16502801.72,C916690965,0.0,761862.39,0,0,L03_00702,LEGITIMATE_HIGH_VALUE_HISTORY,High-value transaction consistent with normal historical account behavior,NONE,1,4,5,NORMAL,0.0441
L03_003510,455,TRANSFER,4950840.52,C1603212803,16502801.72,11551961.2,C916690965,0.0,4950840.52,0,0,L03_00702,LEGITIMATE_HIGH_VALUE_HISTORY,High-value transaction consistent with normal historical account behavior,NONE,1,5,5,NORMAL,0.3
L03_003511,69,TRANSFER,665623.53,C1263405029,8170564.62,7504941.09,C1014935920,0.0,665623.53,0,0,L03_00703,LEGITIMATE_HIGH_VALUE_HISTORY,High-value transaction consistent with normal historical account behavior,NONE,1,1,5,NORMAL,0.0815
L03_003512,104,TRANSFER,800997.25,C1263405029,7504941.09,6703943.84,C1014935920,0.0,800997.25,0,0,L03_00703,LEGITIMATE_HIGH_VALUE_HISTORY,High-value transaction consistent with normal historical account behavior,NONE,1,2,5,NORMAL,0.1067
L03_003513,149,TRANSFER,634579.33,C1263405029,6703943.84,6069364.51,C1014935920,0.0,634579.33,0,0,L03_00703,LEGITIMATE_HIGH_VALUE_HISTORY,High-value transaction consistent with normal historical account behavior,NONE,1,3,5,NORMAL,0.0947
L03_003514,168,TRANSFER,562541.72,C1263405029,6069364.51,5506822.79,C1014935920,0.0,562541.72,0,0,L03_00703,LEGITIMATE_HIGH_VALUE_HISTORY,High-value transaction consistent with normal historical account behavior,NONE,1,4,5,NORMAL,0.0927
L03_003515,213,TRANSFER,1652046.84,C1263405029,5506822.79,3854775.95,C1014935920,0.0,1652046.84,0,0,L03_00703,LEGITIMATE_HIGH_VALUE_HISTORY,High-value transaction consistent with normal historical account behavior,NONE,1,5,5,NORMAL,0.3
L03_003516,384,TRANSFER,476914.34,C158000044,7468689.81,6991775.47,C1292179523,0.0,476914.34,0,0,L03_00704,LEGITIMATE_HIGH_VALUE_HISTORY,High-value transaction consistent with normal historical account behavior,NONE,1,1,5,NORMAL,0.0639
L03_003517,432,TRANSFER,590573.84,C158000044,6991775.47,6401201.63,C1292179523,0.0,590573.84,0,0,L03_00704,LEGITIMATE_HIGH_VALUE_HISTORY,High-value transaction consistent with normal historical account behavior,NONE,1,2,5,NORMAL,0.0845
L03_003518,483,TRANSFER,577824.55,C158000044,6401201.63,5823377.08,C1292179523,0.0,577824.55,0,0,L03_00704,LEGITIMATE_HIGH_VALUE_HISTORY,High-value transaction consistent with normal historical account behavior,NONE,1,3,5,NORMAL,0.0903
L03_003519,524,TRANSFER,378893.85,C158000044,5823377.08,5444483.23,C1292179523,0.0,378893.85,0,0,L03_00704,LEGITIMATE_HIGH_VALUE_HISTORY,High-value transaction consistent with normal historical account behavior,NONE,1,4,5,NORMAL,0.0651
L03_003520,542,TRANSFER,1633344.97,C158000044,5444483.23,3811138.26,C1292179523,0.0,1633344.97,0,0,L03_00704,LEGITIMATE_HIGH_VALUE_HISTORY,High-value transaction consistent with normal historical account behavior,NONE,1,5,5,NORMAL,0.3
L03_003521,441,TRANSFER,652198.71,C504707277,11584170.79,10931972.08,C526689956,0.0,652198.71,0,0,L03_00705,LEGITIMATE_HIGH_VALUE_HISTORY,High-value transaction consistent with normal historical account behavior,NONE,1,1,5,NORMAL,0.0563
L03_003522,480,TRANSFER,570064.36,C504707277,10931972.08,10361907.72,C526689956,0.0,570064.36,0,0,L03_00705,LEGITIMATE_HIGH_VALUE_HISTORY,High-value transaction consistent with normal historical account behavior,NONE,1,2,5,NORMAL,0.0521
L03_003523,500,TRANSFER,639158.1,C504707277,10361907.72,9722749.62,C526689956,0.0,639158.1,0,0,L03_00705,LEGITIMATE_HIGH_VALUE_HISTORY,High-value transaction consistent with normal historical account behavior,NONE,1,3,5,NORMAL,0.0617
L03_003524,536,TRANSFER,343576.68,C504707277,9722749.62,9379172.94,C526689956,0.0,343576.68,0,0,L03_00705,LEGITIMATE_HIGH_VALUE_HISTORY,High-value transaction consistent with normal historical account behavior,NONE,1,4,5,NORMAL,0.0353
L03_003525,593,TRANSFER,2813751.88,C504707277,9379172.94,6565421.06,C526689956,0.0,2813751.88,0,0,L03_00705,LEGITIMATE_HIGH_VALUE_HISTORY,High-value transaction consistent with normal historical account behavior,NONE,1,5,5,NORMAL,0.3
L03_003526,347,TRANSFER,561781.78,C158957565,11388692.41,10826910.63,C640654428,0.0,561781.78,0,0,L03_00706,LEGITIMATE_HIGH_VALUE_HISTORY,High-value transaction consistent with normal historical account behavior,NONE,1,1,5,NORMAL,0.0493
L03_003527,404,TRANSFER,613258.26,C158957565,10826910.63,10213652.38,C640654428,0.0,613258.26,0,0,L03_00706,LEGITIMATE_HIGH_VALUE_HISTORY,High-value transaction consistent with normal historical account behavior,NONE,1,2,5,NORMAL,0.0566
L03_003528,430,TRANSFER,354294.5,C158957565,10213652.38,9859357.88,C640654428,0.0,354294.5,0,0,L03_00706,LEGITIMATE_HIGH_VALUE_HISTORY,High-value transaction consistent with normal historical account behavior,NONE,1,3,5,NORMAL,0.0347
L03_003529,490,TRANSFER,674734.36,C158957565,9859357.88,9184623.52,C640654428,0.0,674734.36,0,0,L03_00706,LEGITIMATE_HIGH_VALUE_HISTORY,High-value transaction consistent with normal historical account behavior,NONE,1,4,5,NORMAL,0.0684
L03_003530,525,TRANSFER,2755387.05,C158957565,9184623.52,6429236.46,C640654428,0.0,2755387.05,0,0,L03_00706,LEGITIMATE_HIGH_VALUE_HISTORY,High-value transaction consistent with normal historical account behavior,NONE,1,5,5,NORMAL,0.3
L03_003531,370,TRANSFER,320562.84,C1100657842,13190648.62,12870085.79,C670660349,0.0,320562.84,0,0,L03_00707,LEGITIMATE_HIGH_VALUE_HISTORY,High-value transaction consistent with normal historical account behavior,NONE,1,1,5,NORMAL,0.0243
L03_003532,391,TRANSFER,507471.44,C1100657842,12870085.79,12362614.35,C670660349,0.0,507471.44,0,0,L03_00707,LEGITIMATE_HIGH_VALUE_HISTORY,High-value transaction consistent with normal historical account behavior,NONE,1,2,5,NORMAL,0.0394
L03_003533,418,TRANSFER,786723.36,C1100657842,12362614.35,11575890.99,C670660349,0.0,786723.36,0,0,L03_00707,LEGITIMATE_HIGH_VALUE_HISTORY,High-value transaction consistent with normal historical account behavior,NONE,1,3,5,NORMAL,0.0636
L03_003534,451,TRANSFER,432109.85,C1100657842,11575890.99,11143781.14,C670660349,0.0,432109.85,0,0,L03_00707,LEGITIMATE_HIGH_VALUE_HISTORY,High-value transaction consistent with normal historical account behavior,NONE,1,4,5,NORMAL,0.0373
L03_003535,483,TRANSFER,3343134.34,C1100657842,11143781.14,7800646.79,C670660349,0.0,3343134.34,0,0,L03_00707,LEGITIMATE_HIGH_VALUE_HISTORY,High-value transaction consistent with normal historical account behavior,NONE,1,5,5,NORMAL,0.3
L03_003536,392,TRANSFER,423156.59,C958296809,9053610.99,8630454.4,C1151505060,0.0,423156.59,0,0,L03_00708,LEGITIMATE_HIGH_VALUE_HISTORY,High-value transaction consistent with normal historical account behavior,NONE,1,1,5,NORMAL,0.0467
L03_003537,417,TRANSFER,481946.18,C958296809,8630454.4,8148508.22,C1151505060,0.0,481946.18,0,0,L03_00708,LEGITIMATE_HIGH_VALUE_HISTORY,High-value transaction consistent with normal historical account behavior,NONE,1,2,5,NORMAL,0.0558
L03_003538,467,TRANSFER,399054.5,C958296809,8148508.22,7749453.72,C1151505060,0.0,399054.5,0,0,L03_00708,LEGITIMATE_HIGH_VALUE_HISTORY,High-value transaction consistent with normal historical account behavior,NONE,1,3,5,NORMAL,0.049
L03_003539,493,TRANSFER,512003.04,C958296809,7749453.72,7237450.68,C1151505060,0.0,512003.04,0,0,L03_00708,LEGITIMATE_HIGH_VALUE_HISTORY,High-value transaction consistent with normal historical account behavior,NONE,1,4,5,NORMAL,0.0661
L03_003540,547,TRANSFER,2171235.2,C958296809,7237450.68,5066215.48,C1151505060,0.0,2171235.2,0,0,L03_00708,LEGITIMATE_HIGH_VALUE_HISTORY,High-value transaction consistent with normal historical account behavior,NONE,1,5,5,NORMAL,0.3
L03_003541,431,TRANSFER,543659.37,C1089044039,13326990.39,12783331.02,C1479813516,0.0,543659.37,0,0,L03_00709,LEGITIMATE_HIGH_VALUE_HISTORY,High-value transaction consistent with normal historical account behavior,NONE,1,1,5,NORMAL,0.0408
L03_003542,475,TRANSFER,504212.47,C1089044039,12783331.02,12279118.55,C1479813516,0.0,504212.47,0,0,L03_00709,LEGITIMATE_HIGH_VALUE_HISTORY,High-value transaction consistent with normal historical account behavior,NONE,1,2,5,NORMAL,0.0394
L03_003543,509,TRANSFER,585973.63,C1089044039,12279118.55,11693144.92,C1479813516,0.0,585973.63,0,0,L03_00709,LEGITIMATE_HIGH_VALUE_HISTORY,High-value transaction consistent with normal historical account behavior,NONE,1,3,5,NORMAL,0.0477
L03_003544,528,TRANSFER,391368.56,C1089044039,11693144.92,11301776.36,C1479813516,0.0,391368.56,0,0,L03_00709,LEGITIMATE_HIGH_VALUE_HISTORY,High-value transaction consistent with normal historical account behavior,NONE,1,4,5,NORMAL,0.0335
L03_003545,544,TRANSFER,3390532.91,C1089044039,11301776.36,7911243.45,C1479813516,0.0,3390532.91,0,0,L03_00709,LEGITIMATE_HIGH_VALUE_HISTORY,High-value transaction consistent with normal historical account behavior,NONE,1,5,5,NORMAL,0.3
L03_003546,323,TRANSFER,605804.1,C863106680,18109252.08,17503447.98,C224089943,0.0,605804.1,0,0,L03_00710,LEGITIMATE_HIGH_VALUE_HISTORY,High-value transaction consistent with normal historical account behavior,NONE,1,1,5,NORMAL,0.0335
L03_003547,348,TRANSFER,720934.63,C863106680,17503447.98,16782513.35,C224089943,0.0,720934.63,0,0,L03_00710,LEGITIMATE_HIGH_VALUE_HISTORY,High-value transaction consistent with normal historical account behavior,NONE,1,2,5,NORMAL,0.0412
L03_003548,366,TRANSFER,365615.21,C863106680,16782513.35,16416898.14,C224089943,0.0,365615.21,0,0,L03_00710,LEGITIMATE_HIGH_VALUE_HISTORY,High-value transaction consistent with normal historical account behavior,NONE,1,3,5,NORMAL,0.0218
L03_003549,416,TRANSFER,380480.78,C863106680,16416898.14,16036417.36,C224089943,0.0,380480.78,0,0,L03_00710,LEGITIMATE_HIGH_VALUE_HISTORY,High-value transaction consistent with normal historical account behavior,NONE,1,4,5,NORMAL,0.0232
L03_003550,443,TRANSFER,4810925.21,C863106680,16036417.36,11225492.15,C224089943,0.0,4810925.21,0,0,L03_00710,LEGITIMATE_HIGH_VALUE_HISTORY,High-value transaction consistent with normal historical account behavior,NONE,1,5,5,NORMAL,0.3
L03_003551,343,TRANSFER,309207.37,C1404934546,7798151.14,7488943.77,C1961442702,0.0,309207.37,0,0,L03_00711,LEGITIMATE_HIGH_VALUE_HISTORY,High-value transaction consistent with normal historical account behavior,NONE,1,1,5,NORMAL,0.0397
L03_003552,393,TRANSFER,302183.26,C1404934546,7488943.77,7186760.51,C1961442702,0.0,302183.26,0,0,L03_00711,LEGITIMATE_HIGH_VALUE_HISTORY,High-value transaction consistent with normal historical account behavior,NONE,1,2,5,NORMAL,0.0404
L03_003553,420,TRANSFER,644082.52,C1404934546,7186760.51,6542677.99,C1961442702,0.0,644082.52,0,0,L03_00711,LEGITIMATE_HIGH_VALUE_HISTORY,High-value transaction consistent with normal historical account behavior,NONE,1,3,5,NORMAL,0.0896
L03_003554,440,TRANSFER,339607.06,C1404934546,6542677.99,6203070.93,C1961442702,0.0,339607.06,0,0,L03_00711,LEGITIMATE_HIGH_VALUE_HISTORY,High-value transaction consistent with normal historical account behavior,NONE,1,4,5,NORMAL,0.0519
L03_003555,477,TRANSFER,1860921.28,C1404934546,6203070.93,4342149.65,C1961442702,0.0,1860921.28,0,0,L03_00711,LEGITIMATE_HIGH_VALUE_HISTORY,High-value transaction consistent with normal historical account behavior,NONE,1,5,5,NORMAL,0.3
L03_003556,407,TRANSFER,849985.83,C1301653608,8809111.33,7959125.5,C1099745183,0.0,849985.83,0,0,L03_00712,LEGITIMATE_HIGH_VALUE_HISTORY,High-value transaction consistent with normal historical account behavior,NONE,1,1,5,NORMAL,0.0965
L03_003557,422,TRANSFER,635316.76,C1301653608,7959125.5,7323808.74,C1099745183,0.0,635316.76,0,0,L03_00712,LEGITIMATE_HIGH_VALUE_HISTORY,High-value transaction consistent with normal historical account behavior,NONE,1,2,5,NORMAL,0.0798
L03_003558,466,TRANSFER,764860.38,C1301653608,7323808.74,6558948.36,C1099745183,0.0,764860.38,0,0,L03_00712,LEGITIMATE_HIGH_VALUE_HISTORY,High-value transaction consistent with normal historical account behavior,NONE,1,3,5,NORMAL,0.1044
L03_003559,525,TRANSFER,808547.76,C1301653608,6558948.36,5750400.6,C1099745183,0.0,808547.76,0,0,L03_00712,LEGITIMATE_HIGH_VALUE_HISTORY,High-value transaction consistent with normal historical account behavior,NONE,1,4,5,NORMAL,0.1233
L03_003560,579,TRANSFER,1725120.18,C1301653608,5750400.6,4025280.42,C1099745183,0.0,1725120.18,0,0,L03_00712,LEGITIMATE_HIGH_VALUE_HISTORY,High-value transaction consistent with normal historical account behavior,NONE,1,5,5,NORMAL,0.3
L03_003561,247,TRANSFER,732097.53,C2076961719,11793334.95,11061237.42,C2039685840,0.0,732097.53,0,0,L03_00713,LEGITIMATE_HIGH_VALUE_HISTORY,High-value transaction consistent with normal historical account behavior,NONE,1,1,5,NORMAL,0.0621
L03_003562,301,TRANSFER,780182.08,C2076961719,11061237.42,10281055.34,C2039685840,0.0,780182.08,0,0,L03_00713,LEGITIMATE_HIGH_VALUE_HISTORY,High-value transaction consistent with normal historical account behavior,NONE,1,2,5,NORMAL,0.0705
L03_003563,321,TRANSFER,580579.18,C2076961719,10281055.34,9700476.16,C2039685840,0.0,580579.18,0,0,L03_00713,LEGITIMATE_HIGH_VALUE_HISTORY,High-value transaction consistent with normal historical account behavior,NONE,1,3,5,NORMAL,0.0565
L03_003564,376,TRANSFER,778215.04,C2076961719,9700476.16,8922261.12,C2039685840,0.0,778215.04,0,0,L03_00713,LEGITIMATE_HIGH_VALUE_HISTORY,High-value transaction consistent with normal historical account behavior,NONE,1,4,5,NORMAL,0.0802
L03_003565,403,TRANSFER,2676678.34,C2076961719,8922261.12,6245582.78,C2039685840,0.0,2676678.34,0,0,L03_00713,LEGITIMATE_HIGH_VALUE_HISTORY,High-value transaction consistent with normal historical account behavior,NONE,1,5,5,NORMAL,0.3
L03_003566,327,TRANSFER,416407.76,C1670831169,17307054.96,16890647.2,C25540096,0.0,416407.76,0,0,L03_00714,LEGITIMATE_HIGH_VALUE_HISTORY,High-value transaction consistent with normal historical account behavior,NONE,1,1,5,NORMAL,0.0241
L03_003567,386,TRANSFER,468779.02,C1670831169,16890647.2,16421868.18,C25540096,0.0,468779.02,0,0,L03_00714,LEGITIMATE_HIGH_VALUE_HISTORY,High-value transaction consistent with normal historical account behavior,NONE,1,2,5,NORMAL,0.0278
L03_003568,430,TRANSFER,729402.91,C1670831169,16421868.18,15692465.27,C25540096,0.0,729402.91,0,0,L03_00714,LEGITIMATE_HIGH_VALUE_HISTORY,High-value transaction consistent with normal historical account behavior,NONE,1,3,5,NORMAL,0.0444
L03_003569,457,TRANSFER,399888.23,C1670831169,15692465.27,15292577.04,C25540096,0.0,399888.23,0,0,L03_00714,LEGITIMATE_HIGH_VALUE_HISTORY,High-value transaction consistent with normal historical account behavior,NONE,1,4,5,NORMAL,0.0255
L03_003570,497,TRANSFER,4587773.11,C1670831169,15292577.04,10704803.93,C25540096,0.0,4587773.11,0,0,L03_00714,LEGITIMATE_HIGH_VALUE_HISTORY,High-value transaction consistent with normal historical account behavior,NONE,1,5,5,NORMAL,0.3
L03_003571,346,TRANSFER,852703.64,C1407958429,16550199.01,15697495.37,C1729146739,0.0,852703.64,0,0,L03_00715,LEGITIMATE_HIGH_VALUE_HISTORY,High-value transaction consistent with normal historical account behavior,NONE,1,1,5,NORMAL,0.0515
L03_003572,378,TRANSFER,665521.47,C1407958429,15697495.37,15031973.9,C1729146739,0.0,665521.47,0,0,L03_00715,LEGITIMATE_HIGH_VALUE_HISTORY,High-value transaction consistent with normal historical account behavior,NONE,1,2,5,NORMAL,0.0424
L03_003573,397,TRANSFER,463087.46,C1407958429,15031973.9,14568886.44,C1729146739,0.0,463087.46,0,0,L03_00715,LEGITIMATE_HIGH_VALUE_HISTORY,High-value transaction consistent with normal historical account behavior,NONE,1,3,5,NORMAL,0.0308
L03_003574,453,TRANSFER,347459.32,C1407958429,14568886.44,14221427.12,C1729146739,0.0,347459.32,0,0,L03_00715,LEGITIMATE_HIGH_VALUE_HISTORY,High-value transaction consistent with normal historical account behavior,NONE,1,4,5,NORMAL,0.0238
L03_003575,509,TRANSFER,4266428.14,C1407958429,14221427.12,9954998.99,C1729146739,0.0,4266428.14,0,0,L03_00715,LEGITIMATE_HIGH_VALUE_HISTORY,High-value transaction consistent with normal historical account behavior,NONE,1,5,5,NORMAL,0.3
L03_003576,344,TRANSFER,765086.08,C1785297279,13970608.98,13205522.9,C1263724469,0.0,765086.08,0,0,L03_00716,LEGITIMATE_HIGH_VALUE_HISTORY,High-value transaction consistent with normal historical account behavior,NONE,1,1,5,NORMAL,0.0548
L03_003577,389,TRANSFER,722145.48,C1785297279,13205522.9,12483377.42,C1263724469,0.0,722145.48,0,0,L03_00716,LEGITIMATE_HIGH_VALUE_HISTORY,High-value transaction consistent with normal historical account behavior,NONE,1,2,5,NORMAL,0.0547
L03_003578,407,TRANSFER,745975.29,C1785297279,12483377.42,11737402.13,C1263724469,0.0,745975.29,0,0,L03_00716,LEGITIMATE_HIGH_VALUE_HISTORY,High-value transaction consistent with normal historical account behavior,NONE,1,3,5,NORMAL,0.0598
L03_003579,454,TRANSFER,570685.99,C1785297279,11737402.13,11166716.14,C1263724469,0.0,570685.99,0,0,L03_00716,LEGITIMATE_HIGH_VALUE_HISTORY,High-value transaction consistent with normal historical account behavior,NONE,1,4,5,NORMAL,0.0486
L03_003580,499,TRANSFER,3350014.84,C1785297279,11166716.14,7816701.3,C1263724469,0.0,3350014.84,0,0,L03_00716,LEGITIMATE_HIGH_VALUE_HISTORY,High-value transaction consistent with normal historical account behavior,NONE,1,5,5,NORMAL,0.3
L03_003581,321,TRANSFER,488640.0,C1327110730,8792622.02,8303982.02,C1306044543,0.0,488640.0,0,0,L03_00717,LEGITIMATE_HIGH_VALUE_HISTORY,High-value transaction consistent with normal historical account behavior,NONE,1,1,5,NORMAL,0.0556
L03_003582,345,TRANSFER,601066.61,C1327110730,8303982.02,7702915.41,C1306044543,0.0,601066.61,0,0,L03_00717,LEGITIMATE_HIGH_VALUE_HISTORY,High-value transaction consistent with normal historical account behavior,NONE,1,2,5,NORMAL,0.0724
L03_003583,375,TRANSFER,650940.62,C1327110730,7702915.41,7051974.79,C1306044543,0.0,650940.62,0,0,L03_00717,LEGITIMATE_HIGH_VALUE_HISTORY,High-value transaction consistent with normal historical account behavior,NONE,1,3,5,NORMAL,0.0845
L03_003584,396,TRANSFER,353615.64,C1327110730,7051974.79,6698359.15,C1306044543,0.0,353615.64,0,0,L03_00717,LEGITIMATE_HIGH_VALUE_HISTORY,High-value transaction consistent with normal historical account behavior,NONE,1,4,5,NORMAL,0.0501
L03_003585,421,TRANSFER,2009507.74,C1327110730,6698359.15,4688851.4,C1306044543,0.0,2009507.74,0,0,L03_00717,LEGITIMATE_HIGH_VALUE_HISTORY,High-value transaction consistent with normal historical account behavior,NONE,1,5,5,NORMAL,0.3
L03_003586,387,TRANSFER,854317.97,C1931328834,10773921.72,9919603.75,C980986419,0.0,854317.97,0,0,L03_00718,LEGITIMATE_HIGH_VALUE_HISTORY,High-value transaction consistent with normal historical account behavior,NONE,1,1,5,NORMAL,0.0793
L03_003587,436,TRANSFER,799646.02,C1931328834,9919603.75,9119957.73,C980986419,0.0,799646.02,0,0,L03_00718,LEGITIMATE_HIGH_VALUE_HISTORY,High-value transaction consistent with normal historical account behavior,NONE,1,2,5,NORMAL,0.0806
L03_003588,470,TRANSFER,363497.74,C1931328834,9119957.73,8756459.99,C980986419,0.0,363497.74,0,0,L03_00718,LEGITIMATE_HIGH_VALUE_HISTORY,High-value transaction consistent with normal historical account behavior,NONE,1,3,5,NORMAL,0.0399
L03_003589,519,TRANSFER,602954.7,C1931328834,8756459.99,8153505.29,C980986419,0.0,602954.7,0,0,L03_00718,LEGITIMATE_HIGH_VALUE_HISTORY,High-value transaction consistent with normal historical account behavior,NONE,1,4,5,NORMAL,0.0689
L03_003590,565,TRANSFER,2446051.59,C1931328834,8153505.29,5707453.7,C980986419,0.0,2446051.59,0,0,L03_00718,LEGITIMATE_HIGH_VALUE_HISTORY,High-value transaction consistent with normal historical account behavior,NONE,1,5,5,NORMAL,0.3
L03_003591,331,TRANSFER,357928.94,C825688510,18440373.72,18082444.78,C418707522,0.0,357928.94,0,0,L03_00719,LEGITIMATE_HIGH_VALUE_HISTORY,High-value transaction consistent with normal historical account behavior,NONE,1,1,5,NORMAL,0.0194
L03_003592,376,TRANSFER,519578.13,C825688510,18082444.78,17562866.65,C418707522,0.0,519578.13,0,0,L03_00719,LEGITIMATE_HIGH_VALUE_HISTORY,High-value transaction consistent with normal historical account behavior,NONE,1,2,5,NORMAL,0.0287
L03_003593,413,TRANSFER,654483.95,C825688510,17562866.65,16908382.7,C418707522,0.0,654483.95,0,0,L03_00719,LEGITIMATE_HIGH_VALUE_HISTORY,High-value transaction consistent with normal historical account behavior,NONE,1,3,5,NORMAL,0.0373
L03_003594,441,TRANSFER,761591.46,C825688510,16908382.7,16146791.24,C418707522,0.0,761591.46,0,0,L03_00719,LEGITIMATE_HIGH_VALUE_HISTORY,High-value transaction consistent with normal historical account behavior,NONE,1,4,5,NORMAL,0.045
L03_003595,488,TRANSFER,4844037.37,C825688510,16146791.24,11302753.87,C418707522,0.0,4844037.37,0,0,L03_00719,LEGITIMATE_HIGH_VALUE_HISTORY,High-value transaction consistent with normal historical account behavior,NONE,1,5,5,NORMAL,0.3
L03_003596,342,TRANSFER,376998.77,C578173787,18408823.74,18031824.97,C1355921443,0.0,376998.77,0,0,L03_00720,LEGITIMATE_HIGH_VALUE_HISTORY,High-value transaction consistent with normal historical account behavior,NONE,1,1,5,NORMAL,0.0205
L03_003597,382,TRANSFER,541764.0,C578173787,18031824.97,17490060.97,C1355921443,0.0,541764.0,0,0,L03_00720,LEGITIMATE_HIGH_VALUE_HISTORY,High-value transaction consistent with normal historical account behavior,NONE,1,2,5,NORMAL,0.03
L03_003598,405,TRANSFER,669861.65,C578173787,17490060.97,16820199.32,C1355921443,0.0,669861.65,0,0,L03_00720,LEGITIMATE_HIGH_VALUE_HISTORY,High-value transaction consistent with normal historical account behavior,NONE,1,3,5,NORMAL,0.0383
L03_003599,432,TRANSFER,695115.05,C578173787,16820199.32,16125084.27,C1355921443,0.0,695115.05,0,0,L03_00720,LEGITIMATE_HIGH_VALUE_HISTORY,High-value transaction consistent with normal historical account behavior,NONE,1,4,5,NORMAL,0.0413
L03_003600,466,TRANSFER,4837525.28,C578173787,16125084.27,11287558.99,C1355921443,0.0,4837525.28,0,0,L03_00720,LEGITIMATE_HIGH_VALUE_HISTORY,High-value transaction consistent with normal historical account behavior,NONE,1,5,5,NORMAL,0.3
L03_003601,459,TRANSFER,426929.28,C114390236,7117142.62,6690213.34,C555762532,0.0,426929.28,0,0,L03_00721,LEGITIMATE_HIGH_VALUE_HISTORY,High-value transaction consistent with normal historical account behavior,NONE,1,1,5,NORMAL,0.06
L03_003602,482,TRANSFER,620847.75,C114390236,6690213.34,6069365.59,C555762532,0.0,620847.75,0,0,L03_00721,LEGITIMATE_HIGH_VALUE_HISTORY,High-value transaction consistent with normal historical account behavior,NONE,1,2,5,NORMAL,0.0928
L03_003603,517,TRANSFER,536073.78,C114390236,6069365.59,5533291.81,C555762532,0.0,536073.78,0,0,L03_00721,LEGITIMATE_HIGH_VALUE_HISTORY,High-value transaction consistent with normal historical account behavior,NONE,1,3,5,NORMAL,0.0883
L03_003604,549,TRANSFER,365183.72,C114390236,5533291.81,5168108.09,C555762532,0.0,365183.72,0,0,L03_00721,LEGITIMATE_HIGH_VALUE_HISTORY,High-value transaction consistent with normal historical account behavior,NONE,1,4,5,NORMAL,0.066
L03_003605,590,TRANSFER,1550432.43,C114390236,5168108.09,3617675.67,C555762532,0.0,1550432.43,0,0,L03_00721,LEGITIMATE_HIGH_VALUE_HISTORY,High-value transaction consistent with normal historical account behavior,NONE,1,5,5,NORMAL,0.3
L03_003606,412,TRANSFER,742476.55,C218410540,13813348.95,13070872.4,C1946788,0.0,742476.55,0,0,L03_00722,LEGITIMATE_HIGH_VALUE_HISTORY,High-value transaction consistent with normal historical account behavior,NONE,1,1,5,NORMAL,0.0538
L03_003607,459,TRANSFER,478734.87,C218410540,13070872.4,12592137.53,C1946788,0.0,478734.87,0,0,L03_00722,LEGITIMATE_HIGH_VALUE_HISTORY,High-value transaction consistent with normal historical account behavior,NONE,1,2,5,NORMAL,0.0366
L03_003608,517,TRANSFER,659629.88,C218410540,12592137.53,11932507.65,C1946788,0.0,659629.88,0,0,L03_00722,LEGITIMATE_HIGH_VALUE_HISTORY,High-value transaction consistent with normal historical account behavior,NONE,1,3,5,NORMAL,0.0524
L03_003609,571,TRANSFER,427086.44,C218410540,11932507.65,11505421.21,C1946788,0.0,427086.44,0,0,L03_00722,LEGITIMATE_HIGH_VALUE_HISTORY,High-value transaction consistent with normal historical account behavior,NONE,1,4,5,NORMAL,0.0358
L03_003610,597,TRANSFER,3451626.36,C218410540,11505421.21,8053794.85,C1946788,0.0,3451626.36,0,0,L03_00722,LEGITIMATE_HIGH_VALUE_HISTORY,High-value transaction consistent with normal historical account behavior,NONE,1,5,5,NORMAL,0.3
L03_003611,47,TRANSFER,442890.63,C1202737701,9216191.56,8773300.93,C483287972,0.0,442890.63,0,0,L03_00723,LEGITIMATE_HIGH_VALUE_HISTORY,High-value transaction consistent with normal historical account behavior,NONE,1,1,5,NORMAL,0.0481
L03_003612,98,TRANSFER,759133.9,C1202737701,8773300.93,8014167.03,C483287972,0.0,759133.9,0,0,L03_00723,LEGITIMATE_HIGH_VALUE_HISTORY,High-value transaction consistent with normal historical account behavior,NONE,1,2,5,NORMAL,0.0865
L03_003613,145,TRANSFER,814623.83,C1202737701,8014167.03,7199543.2,C483287972,0.0,814623.83,0,0,L03_00723,LEGITIMATE_HIGH_VALUE_HISTORY,High-value transaction consistent with normal historical account behavior,NONE,1,3,5,NORMAL,0.1016
L03_003614,173,TRANSFER,510905.22,C1202737701,7199543.2,6688637.98,C483287972,0.0,510905.22,0,0,L03_00723,LEGITIMATE_HIGH_VALUE_HISTORY,High-value transaction consistent with normal historical account behavior,NONE,1,4,5,NORMAL,0.071
L03_003615,209,TRANSFER,2006591.4,C1202737701,6688637.98,4682046.59,C483287972,0.0,2006591.4,0,0,L03_00723,LEGITIMATE_HIGH_VALUE_HISTORY,High-value transaction consistent with normal historical account behavior,NONE,1,5,5,NORMAL,0.3
L03_003616,212,TRANSFER,611975.72,C1420810172,9043791.48,8431815.76,C417383401,0.0,611975.72,0,0,L03_00724,LEGITIMATE_HIGH_VALUE_HISTORY,High-value transaction consistent with normal historical account behavior,NONE,1,1,5,NORMAL,0.0677
L03_003617,259,TRANSFER,787530.97,C1420810172,8431815.76,7644284.79,C417383401,0.0,787530.97,0,0,L03_00724,LEGITIMATE_HIGH_VALUE_HISTORY,High-value transaction consistent with normal historical account behavior,NONE,1,2,5,NORMAL,0.0934
L03_003618,306,TRANSFER,445327.59,C1420810172,7644284.79,7198957.2,C417383401,0.0,445327.59,0,0,L03_00724,LEGITIMATE_HIGH_VALUE_HISTORY,High-value transaction consistent with normal historical account behavior,NONE,1,3,5,NORMAL,0.0583
L03_003619,349,TRANSFER,870350.67,C1420810172,7198957.2,6328606.53,C417383401,0.0,870350.67,0,0,L03_00724,LEGITIMATE_HIGH_VALUE_HISTORY,High-value transaction consistent with normal historical account behavior,NONE,1,4,5,NORMAL,0.1209
L03_003620,387,TRANSFER,1898581.96,C1420810172,6328606.53,4430024.57,C417383401,0.0,1898581.96,0,0,L03_00724,LEGITIMATE_HIGH_VALUE_HISTORY,High-value transaction consistent with normal historical account behavior,NONE,1,5,5,NORMAL,0.3
L03_003621,609,TRANSFER,502145.08,C1705027270,8663456.48,8161311.4,C1721207765,0.0,502145.08,0,0,L03_00725,LEGITIMATE_HIGH_VALUE_HISTORY,High-value transaction consistent with normal historical account behavior,NONE,1,1,5,NORMAL,0.058
L03_003622,656,TRANSFER,380770.42,C1705027270,8161311.4,7780540.98,C1721207765,0.0,380770.42,0,0,L03_00725,LEGITIMATE_HIGH_VALUE_HISTORY,High-value transaction consistent with normal historical account behavior,NONE,1,2,5,NORMAL,0.0467
L03_003623,671,TRANSFER,863586.63,C1705027270,7780540.98,6916954.35,C1721207765,0.0,863586.63,0,0,L03_00725,LEGITIMATE_HIGH_VALUE_HISTORY,High-value transaction consistent with normal historical account behavior,NONE,1,3,5,NORMAL,0.111
L03_003624,703,TRANSFER,601316.17,C1705027270,6916954.35,6315638.18,C1721207765,0.0,601316.17,0,0,L03_00725,LEGITIMATE_HIGH_VALUE_HISTORY,High-value transaction consistent with normal historical account behavior,NONE,1,4,5,NORMAL,0.0869
L03_003625,744,TRANSFER,1894691.45,C1705027270,6315638.18,4420946.72,C1721207765,0.0,1894691.45,0,0,L03_00725,LEGITIMATE_HIGH_VALUE_HISTORY,High-value transaction consistent with normal historical account behavior,NONE,1,5,5,NORMAL,0.3
L03_003626,330,TRANSFER,574186.03,C718286599,18268705.73,17694519.7,C2017118277,0.0,574186.03,0,0,L03_00726,LEGITIMATE_HIGH_VALUE_HISTORY,High-value transaction consistent with normal historical account behavior,NONE,1,1,5,NORMAL,0.0314
L03_003627,358,TRANSFER,398137.85,C718286599,17694519.7,17296381.84,C2017118277,0.0,398137.85,0,0,L03_00726,LEGITIMATE_HIGH_VALUE_HISTORY,High-value transaction consistent with normal historical account behavior,NONE,1,2,5,NORMAL,0.0225
L03_003628,375,TRANSFER,531617.72,C718286599,17296381.84,16764764.12,C2017118277,0.0,531617.72,0,0,L03_00726,LEGITIMATE_HIGH_VALUE_HISTORY,High-value transaction consistent with normal historical account behavior,NONE,1,3,5,NORMAL,0.0307
L03_003629,423,TRANSFER,675195.55,C718286599,16764764.12,16089568.57,C2017118277,0.0,675195.55,0,0,L03_00726,LEGITIMATE_HIGH_VALUE_HISTORY,High-value transaction consistent with normal historical account behavior,NONE,1,4,5,NORMAL,0.0403
L03_003630,461,TRANSFER,4826870.57,C718286599,16089568.57,11262698.0,C2017118277,0.0,4826870.57,0,0,L03_00726,LEGITIMATE_HIGH_VALUE_HISTORY,High-value transaction consistent with normal historical account behavior,NONE,1,5,5,NORMAL,0.3
L03_003631,329,TRANSFER,327302.47,C265488344,18453446.97,18126144.5,C304358840,0.0,327302.47,0,0,L03_00727,LEGITIMATE_HIGH_VALUE_HISTORY,High-value transaction consistent with normal historical account behavior,NONE,1,1,5,NORMAL,0.0177
L03_003632,371,TRANSFER,621219.85,C265488344,18126144.5,17504924.65,C304358840,0.0,621219.85,0,0,L03_00727,LEGITIMATE_HIGH_VALUE_HISTORY,High-value transaction consistent with normal historical account behavior,NONE,1,2,5,NORMAL,0.0343
L03_003633,430,TRANSFER,515905.64,C265488344,17504924.65,16989019.01,C304358840,0.0,515905.64,0,0,L03_00727,LEGITIMATE_HIGH_VALUE_HISTORY,High-value transaction consistent with normal historical account behavior,NONE,1,3,5,NORMAL,0.0295
L03_003634,448,TRANSFER,837870.02,C265488344,16989019.01,16151148.99,C304358840,0.0,837870.02,0,0,L03_00727,LEGITIMATE_HIGH_VALUE_HISTORY,High-value transaction consistent with normal historical account behavior,NONE,1,4,5,NORMAL,0.0493
L03_003635,473,TRANSFER,4845344.7,C265488344,16151148.99,11305804.29,C304358840,0.0,4845344.7,0,0,L03_00727,LEGITIMATE_HIGH_VALUE_HISTORY,High-value transaction consistent with normal historical account behavior,NONE,1,5,5,NORMAL,0.3
L03_003636,357,TRANSFER,803183.51,C1027899487,8843876.56,8040693.05,C106014281,0.0,803183.51,0,0,L03_00728,LEGITIMATE_HIGH_VALUE_HISTORY,High-value transaction consistent with normal historical account behavior,NONE,1,1,5,NORMAL,0.0908
L03_003637,402,TRANSFER,683155.36,C1027899487,8040693.05,7357537.69,C106014281,0.0,683155.36,0,0,L03_00728,LEGITIMATE_HIGH_VALUE_HISTORY,High-value transaction consistent with normal historical account behavior,NONE,1,2,5,NORMAL,0.085
L03_003638,426,TRANSFER,321727.98,C1027899487,7357537.69,7035809.71,C106014281,0.0,321727.98,0,0,L03_00728,LEGITIMATE_HIGH_VALUE_HISTORY,High-value transaction consistent with normal historical account behavior,NONE,1,3,5,NORMAL,0.0437
L03_003639,452,TRANSFER,481196.69,C1027899487,7035809.71,6554613.02,C106014281,0.0,481196.69,0,0,L03_00728,LEGITIMATE_HIGH_VALUE_HISTORY,High-value transaction consistent with normal historical account behavior,NONE,1,4,5,NORMAL,0.0684
L03_003640,491,TRANSFER,1966383.91,C1027899487,6554613.02,4588229.12,C106014281,0.0,1966383.91,0,0,L03_00728,LEGITIMATE_HIGH_VALUE_HISTORY,High-value transaction consistent with normal historical account behavior,NONE,1,5,5,NORMAL,0.3
L03_003641,163,TRANSFER,408618.12,C2021666869,9322924.89,8914306.77,C568250601,0.0,408618.12,0,0,L03_00729,LEGITIMATE_HIGH_VALUE_HISTORY,High-value transaction consistent with normal historical account behavior,NONE,1,1,5,NORMAL,0.0438
L03_003642,220,TRANSFER,873467.43,C2021666869,8914306.77,8040839.34,C568250601,0.0,873467.43,0,0,L03_00729,LEGITIMATE_HIGH_VALUE_HISTORY,High-value transaction consistent with normal historical account behavior,NONE,1,2,5,NORMAL,0.098
L03_003643,268,TRANSFER,529687.95,C2021666869,8040839.34,7511151.39,C568250601,0.0,529687.95,0,0,L03_00729,LEGITIMATE_HIGH_VALUE_HISTORY,High-value transaction consistent with normal historical account behavior,NONE,1,3,5,NORMAL,0.0659
L03_003644,325,TRANSFER,874378.5,C2021666869,7511151.39,6636772.89,C568250601,0.0,874378.5,0,0,L03_00729,LEGITIMATE_HIGH_VALUE_HISTORY,High-value transaction consistent with normal historical account behavior,NONE,1,4,5,NORMAL,0.1164
L03_003645,345,TRANSFER,1991031.87,C2021666869,6636772.89,4645741.02,C568250601,0.0,1991031.87,0,0,L03_00729,LEGITIMATE_HIGH_VALUE_HISTORY,High-value transaction consistent with normal historical account behavior,NONE,1,5,5,NORMAL,0.3
L03_003646,70,TRANSFER,508537.64,C1779270779,8475348.87,7966811.23,C1597133845,0.0,508537.64,0,0,L03_00730,LEGITIMATE_HIGH_VALUE_HISTORY,High-value transaction consistent with normal historical account behavior,NONE,1,1,5,NORMAL,0.06
L03_003647,98,TRANSFER,536764.99,C1779270779,7966811.23,7430046.24,C1597133845,0.0,536764.99,0,0,L03_00730,LEGITIMATE_HIGH_VALUE_HISTORY,High-value transaction consistent with normal historical account behavior,NONE,1,2,5,NORMAL,0.0674
L03_003648,117,TRANSFER,798428.97,C1779270779,7430046.24,6631617.27,C1597133845,0.0,798428.97,0,0,L03_00730,LEGITIMATE_HIGH_VALUE_HISTORY,High-value transaction consistent with normal historical account behavior,NONE,1,3,5,NORMAL,0.1075
L03_003649,160,TRANSFER,641819.64,C1779270779,6631617.27,5989797.63,C1597133845,0.0,641819.64,0,0,L03_00730,LEGITIMATE_HIGH_VALUE_HISTORY,High-value transaction consistent with normal historical account behavior,NONE,1,4,5,NORMAL,0.0968
L03_003650,218,TRANSFER,1796939.29,C1779270779,5989797.63,4192858.34,C1597133845,0.0,1796939.29,0,0,L03_00730,LEGITIMATE_HIGH_VALUE_HISTORY,High-value transaction consistent with normal historical account behavior,NONE,1,5,5,NORMAL,0.3
L03_003651,380,TRANSFER,299000.59,C613362594,15362921.43,15063920.84,C166679275,0.0,299000.59,0,0,L03_00731,LEGITIMATE_HIGH_VALUE_HISTORY,High-value transaction consistent with normal historical account behavior,NONE,1,1,5,NORMAL,0.0195
L03_003652,429,TRANSFER,774878.18,C613362594,15063920.84,14289042.66,C166679275,0.0,774878.18,0,0,L03_00731,LEGITIMATE_HIGH_VALUE_HISTORY,High-value transaction consistent with normal historical account behavior,NONE,1,2,5,NORMAL,0.0514
L03_003653,451,TRANSFER,451743.96,C613362594,14289042.66,13837298.7,C166679275,0.0,451743.96,0,0,L03_00731,LEGITIMATE_HIGH_VALUE_HISTORY,High-value transaction consistent with normal historical account behavior,NONE,1,3,5,NORMAL,0.0316
L03_003654,491,TRANSFER,545721.1,C613362594,13837298.7,13291577.6,C166679275,0.0,545721.1,0,0,L03_00731,LEGITIMATE_HIGH_VALUE_HISTORY,High-value transaction consistent with normal historical account behavior,NONE,1,4,5,NORMAL,0.0394
L03_003655,521,TRANSFER,3987473.28,C613362594,13291577.6,9304104.32,C166679275,0.0,3987473.28,0,0,L03_00731,LEGITIMATE_HIGH_VALUE_HISTORY,High-value transaction consistent with normal historical account behavior,NONE,1,5,5,NORMAL,0.3
L03_003656,329,TRANSFER,449581.65,C1137604162,10793976.75,10344395.1,C1653497755,0.0,449581.65,0,0,L03_00732,LEGITIMATE_HIGH_VALUE_HISTORY,High-value transaction consistent with normal historical account behavior,NONE,1,1,5,NORMAL,0.0417
L03_003657,365,TRANSFER,736050.29,C1137604162,10344395.1,9608344.81,C1653497755,0.0,736050.29,0,0,L03_00732,LEGITIMATE_HIGH_VALUE_HISTORY,High-value transaction consistent with normal historical account behavior,NONE,1,2,5,NORMAL,0.0712
L03_003658,398,TRANSFER,812400.82,C1137604162,9608344.81,8795943.99,C1653497755,0.0,812400.82,0,0,L03_00732,LEGITIMATE_HIGH_VALUE_HISTORY,High-value transaction consistent with normal historical account behavior,NONE,1,3,5,NORMAL,0.0846
L03_003659,414,TRANSFER,755411.88,C1137604162,8795943.99,8040532.11,C1653497755,0.0,755411.88,0,0,L03_00732,LEGITIMATE_HIGH_VALUE_HISTORY,High-value transaction consistent with normal historical account behavior,NONE,1,4,5,NORMAL,0.0859
L03_003660,457,TRANSFER,2412159.63,C1137604162,8040532.11,5628372.48,C1653497755,0.0,2412159.63,0,0,L03_00732,LEGITIMATE_HIGH_VALUE_HISTORY,High-value transaction consistent with normal historical account behavior,NONE,1,5,5,NORMAL,0.3
L03_003661,327,TRANSFER,749209.47,C1412120055,18611642.73,17862433.26,C760284726,0.0,749209.47,0,0,L03_00733,LEGITIMATE_HIGH_VALUE_HISTORY,High-value transaction consistent with normal historical account behavior,NONE,1,1,5,NORMAL,0.0403
L03_003662,367,TRANSFER,673154.79,C1412120055,17862433.26,17189278.47,C760284726,0.0,673154.79,0,0,L03_00733,LEGITIMATE_HIGH_VALUE_HISTORY,High-value transaction consistent with normal historical account behavior,NONE,1,2,5,NORMAL,0.0377
L03_003663,417,TRANSFER,505282.04,C1412120055,17189278.47,16683996.43,C760284726,0.0,505282.04,0,0,L03_00733,LEGITIMATE_HIGH_VALUE_HISTORY,High-value transaction consistent with normal historical account behavior,NONE,1,3,5,NORMAL,0.0294
L03_003664,440,TRANSFER,480115.52,C1412120055,16683996.43,16203880.91,C760284726,0.0,480115.52,0,0,L03_00733,LEGITIMATE_HIGH_VALUE_HISTORY,High-value transaction consistent with normal historical account behavior,NONE,1,4,5,NORMAL,0.0288
L03_003665,458,TRANSFER,4861164.27,C1412120055,16203880.91,11342716.64,C760284726,0.0,4861164.27,0,0,L03_00733,LEGITIMATE_HIGH_VALUE_HISTORY,High-value transaction consistent with normal historical account behavior,NONE,1,5,5,NORMAL,0.3
L03_003666,400,TRANSFER,388595.7,C544776618,7868215.16,7479619.46,C69470475,0.0,388595.7,0,0,L03_00734,LEGITIMATE_HIGH_VALUE_HISTORY,High-value transaction consistent with normal historical account behavior,NONE,1,1,5,NORMAL,0.0494
L03_003667,430,TRANSFER,623959.33,C544776618,7479619.46,6855660.13,C69470475,0.0,623959.33,0,0,L03_00734,LEGITIMATE_HIGH_VALUE_HISTORY,High-value transaction consistent with normal historical account behavior,NONE,1,2,5,NORMAL,0.0834
L03_003668,476,TRANSFER,591006.69,C544776618,6855660.13,6264653.44,C69470475,0.0,591006.69,0,0,L03_00734,LEGITIMATE_HIGH_VALUE_HISTORY,High-value transaction consistent with normal historical account behavior,NONE,1,3,5,NORMAL,0.0862
L03_003669,519,TRANSFER,324081.08,C544776618,6264653.44,5940572.36,C69470475,0.0,324081.08,0,0,L03_00734,LEGITIMATE_HIGH_VALUE_HISTORY,High-value transaction consistent with normal historical account behavior,NONE,1,4,5,NORMAL,0.0517
L03_003670,558,TRANSFER,1782171.71,C544776618,5940572.36,4158400.65,C69470475,0.0,1782171.71,0,0,L03_00734,LEGITIMATE_HIGH_VALUE_HISTORY,High-value transaction consistent with normal historical account behavior,NONE,1,5,5,NORMAL,0.3
L03_003671,320,TRANSFER,368177.56,C637695680,18542705.85,18174528.29,C1671434698,0.0,368177.56,0,0,L03_00735,LEGITIMATE_HIGH_VALUE_HISTORY,High-value transaction consistent with normal historical account behavior,NONE,1,1,5,NORMAL,0.0199
L03_003672,378,TRANSFER,403497.61,C637695680,18174528.29,17771030.68,C1671434698,0.0,403497.61,0,0,L03_00735,LEGITIMATE_HIGH_VALUE_HISTORY,High-value transaction consistent with normal historical account behavior,NONE,1,2,5,NORMAL,0.0222
L03_003673,422,TRANSFER,785256.33,C637695680,17771030.68,16985774.35,C1671434698,0.0,785256.33,0,0,L03_00735,LEGITIMATE_HIGH_VALUE_HISTORY,High-value transaction consistent with normal historical account behavior,NONE,1,3,5,NORMAL,0.0442
L03_003674,446,TRANSFER,804872.4,C637695680,16985774.35,16180901.95,C1671434698,0.0,804872.4,0,0,L03_00735,LEGITIMATE_HIGH_VALUE_HISTORY,High-value transaction consistent with normal historical account behavior,NONE,1,4,5,NORMAL,0.0474
L03_003675,502,TRANSFER,4854270.59,C637695680,16180901.95,11326631.37,C1671434698,0.0,4854270.59,0,0,L03_00735,LEGITIMATE_HIGH_VALUE_HISTORY,High-value transaction consistent with normal historical account behavior,NONE,1,5,5,NORMAL,0.3
L03_003676,263,TRANSFER,716918.06,C942471489,7873161.54,7156243.48,C232812328,0.0,716918.06,0,0,L03_00736,LEGITIMATE_HIGH_VALUE_HISTORY,High-value transaction consistent with normal historical account behavior,NONE,1,1,5,NORMAL,0.0911
L03_003677,289,TRANSFER,344210.52,C942471489,7156243.48,6812032.96,C232812328,0.0,344210.52,0,0,L03_00736,LEGITIMATE_HIGH_VALUE_HISTORY,High-value transaction consistent with normal historical account behavior,NONE,1,2,5,NORMAL,0.0481
L03_003678,330,TRANSFER,387817.97,C942471489,6812032.96,6424214.99,C232812328,0.0,387817.97,0,0,L03_00736,LEGITIMATE_HIGH_VALUE_HISTORY,High-value transaction consistent with normal historical account behavior,NONE,1,3,5,NORMAL,0.0569
L03_003679,376,TRANSFER,595549.79,C942471489,6424214.99,5828665.2,C232812328,0.0,595549.79,0,0,L03_00736,LEGITIMATE_HIGH_VALUE_HISTORY,High-value transaction consistent with normal historical account behavior,NONE,1,4,5,NORMAL,0.0927
L03_003680,426,TRANSFER,1748599.56,C942471489,5828665.2,4080065.64,C232812328,0.0,1748599.56,0,0,L03_00736,LEGITIMATE_HIGH_VALUE_HISTORY,High-value transaction consistent with normal historical account behavior,NONE,1,5,5,NORMAL,0.3
L03_003681,188,TRANSFER,415412.92,C1614779606,8062706.26,7647293.34,C1063760935,0.0,415412.92,0,0,L03_00737,LEGITIMATE_HIGH_VALUE_HISTORY,High-value transaction consistent with normal historical account behavior,NONE,1,1,5,NORMAL,0.0515
L03_003682,223,TRANSFER,422614.55,C1614779606,7647293.34,7224678.79,C1063760935,0.0,422614.55,0,0,L03_00737,LEGITIMATE_HIGH_VALUE_HISTORY,High-value transaction consistent with normal historical account behavior,NONE,1,2,5,NORMAL,0.0553
L03_003683,274,TRANSFER,774065.61,C1614779606,7224678.79,6450613.18,C1063760935,0.0,774065.61,0,0,L03_00737,LEGITIMATE_HIGH_VALUE_HISTORY,High-value transaction consistent with normal historical account behavior,NONE,1,3,5,NORMAL,0.1071
L03_003684,297,TRANSFER,536392.64,C1614779606,6450613.18,5914220.54,C1063760935,0.0,536392.64,0,0,L03_00737,LEGITIMATE_HIGH_VALUE_HISTORY,High-value transaction consistent with normal historical account behavior,NONE,1,4,5,NORMAL,0.0832
L03_003685,344,TRANSFER,1774266.16,C1614779606,5914220.54,4139954.38,C1063760935,0.0,1774266.16,0,0,L03_00737,LEGITIMATE_HIGH_VALUE_HISTORY,High-value transaction consistent with normal historical account behavior,NONE,1,5,5,NORMAL,0.3
L03_003686,318,TRANSFER,566999.51,C399358815,8335555.02,7768555.51,C801253193,0.0,566999.51,0,0,L03_00738,LEGITIMATE_HIGH_VALUE_HISTORY,High-value transaction consistent with normal historical account behavior,NONE,1,1,5,NORMAL,0.068
L03_003687,377,TRANSFER,380248.41,C399358815,7768555.51,7388307.1,C801253193,0.0,380248.41,0,0,L03_00738,LEGITIMATE_HIGH_VALUE_HISTORY,High-value transaction consistent with normal historical account behavior,NONE,1,2,5,NORMAL,0.0489
L03_003688,435,TRANSFER,807199.64,C399358815,7388307.1,6581107.46,C801253193,0.0,807199.64,0,0,L03_00738,LEGITIMATE_HIGH_VALUE_HISTORY,High-value transaction consistent with normal historical account behavior,NONE,1,3,5,NORMAL,0.1093
L03_003689,477,TRANSFER,430982.54,C399358815,6581107.46,6150124.92,C801253193,0.0,430982.54,0,0,L03_00738,LEGITIMATE_HIGH_VALUE_HISTORY,High-value transaction consistent with normal historical account behavior,NONE,1,4,5,NORMAL,0.0655
L03_003690,496,TRANSFER,1845037.48,C399358815,6150124.92,4305087.44,C801253193,0.0,1845037.48,0,0,L03_00738,LEGITIMATE_HIGH_VALUE_HISTORY,High-value transaction consistent with normal historical account behavior,NONE,1,5,5,NORMAL,0.3
L03_003691,400,TRANSFER,369032.63,C1513819970,8693661.54,8324628.91,C1800227006,0.0,369032.63,0,0,L03_00739,LEGITIMATE_HIGH_VALUE_HISTORY,High-value transaction consistent with normal historical account behavior,NONE,1,1,5,NORMAL,0.0424
L03_003692,437,TRANSFER,581025.07,C1513819970,8324628.91,7743603.84,C1800227006,0.0,581025.07,0,0,L03_00739,LEGITIMATE_HIGH_VALUE_HISTORY,High-value transaction consistent with normal historical account behavior,NONE,1,2,5,NORMAL,0.0698
L03_003693,482,TRANSFER,769937.21,C1513819970,7743603.84,6973666.63,C1800227006,0.0,769937.21,0,0,L03_00739,LEGITIMATE_HIGH_VALUE_HISTORY,High-value transaction consistent with normal historical account behavior,NONE,1,3,5,NORMAL,0.0994
L03_003694,501,TRANSFER,790882.9,C1513819970,6973666.63,6182783.73,C1800227006,0.0,790882.9,0,0,L03_00739,LEGITIMATE_HIGH_VALUE_HISTORY,High-value transaction consistent with normal historical account behavior,NONE,1,4,5,NORMAL,0.1134
L03_003695,521,TRANSFER,1854835.12,C1513819970,6182783.73,4327948.61,C1800227006,0.0,1854835.12,0,0,L03_00739,LEGITIMATE_HIGH_VALUE_HISTORY,High-value transaction consistent with normal historical account behavior,NONE,1,5,5,NORMAL,0.3
L03_003696,324,TRANSFER,435042.4,C1869616998,7224811.83,6789769.43,C1471234649,0.0,435042.4,0,0,L03_00740,LEGITIMATE_HIGH_VALUE_HISTORY,High-value transaction consistent with normal historical account behavior,NONE,1,1,5,NORMAL,0.0602
L03_003697,345,TRANSFER,507379.69,C1869616998,6789769.43,6282389.74,C1471234649,0.0,507379.69,0,0,L03_00740,LEGITIMATE_HIGH_VALUE_HISTORY,High-value transaction consistent with normal historical account behavior,NONE,1,2,5,NORMAL,0.0747
L03_003698,361,TRANSFER,430204.98,C1869616998,6282389.74,5852184.76,C1471234649,0.0,430204.98,0,0,L03_00740,LEGITIMATE_HIGH_VALUE_HISTORY,High-value transaction consistent with normal historical account behavior,NONE,1,3,5,NORMAL,0.0685
L03_003699,381,TRANSFER,333842.77,C1869616998,5852184.76,5518341.99,C1471234649,0.0,333842.77,0,0,L03_00740,LEGITIMATE_HIGH_VALUE_HISTORY,High-value transaction consistent with normal historical account behavior,NONE,1,4,5,NORMAL,0.057
L03_003700,441,TRANSFER,1655502.6,C1869616998,5518341.99,3862839.39,C1471234649,0.0,1655502.6,0,0,L03_00740,LEGITIMATE_HIGH_VALUE_HISTORY,High-value transaction consistent with normal historical account behavior,NONE,1,5,5,NORMAL,0.3
L03_003701,313,TRANSFER,521198.85,C1265110514,7629827.88,7108629.03,C1220351642,0.0,521198.85,0,0,L03_00741,LEGITIMATE_HIGH_VALUE_HISTORY,High-value transaction consistent with normal historical account behavior,NONE,1,1,5,NORMAL,0.0683
L03_003702,343,TRANSFER,476612.93,C1265110514,7108629.03,6632016.1,C1220351642,0.0,476612.93,0,0,L03_00741,LEGITIMATE_HIGH_VALUE_HISTORY,High-value transaction consistent with normal historical account behavior,NONE,1,2,5,NORMAL,0.067
L03_003703,358,TRANSFER,860844.45,C1265110514,6632016.1,5771171.65,C1220351642,0.0,860844.45,0,0,L03_00741,LEGITIMATE_HIGH_VALUE_HISTORY,High-value transaction consistent with normal historical account behavior,NONE,1,3,5,NORMAL,0.1298
L03_003704,399,TRANSFER,449317.96,C1265110514,5771171.65,5321853.69,C1220351642,0.0,449317.96,0,0,L03_00741,LEGITIMATE_HIGH_VALUE_HISTORY,High-value transaction consistent with normal historical account behavior,NONE,1,4,5,NORMAL,0.0779
L03_003705,450,TRANSFER,1596556.11,C1265110514,5321853.69,3725297.58,C1220351642,0.0,1596556.11,0,0,L03_00741,LEGITIMATE_HIGH_VALUE_HISTORY,High-value transaction consistent with normal historical account behavior,NONE,1,5,5,NORMAL,0.3
L03_003706,355,TRANSFER,766250.76,C1537858633,8921135.0,8154884.24,C1291634254,0.0,766250.76,0,0,L03_00742,LEGITIMATE_HIGH_VALUE_HISTORY,High-value transaction consistent with normal historical account behavior,NONE,1,1,5,NORMAL,0.0859
L03_003707,399,TRANSFER,689565.02,C1537858633,8154884.24,7465319.22,C1291634254,0.0,689565.02,0,0,L03_00742,LEGITIMATE_HIGH_VALUE_HISTORY,High-value transaction consistent with normal historical account behavior,NONE,1,2,5,NORMAL,0.0846
L03_003708,459,TRANSFER,797786.08,C1537858633,7465319.22,6667533.14,C1291634254,0.0,797786.08,0,0,L03_00742,LEGITIMATE_HIGH_VALUE_HISTORY,High-value transaction consistent with normal historical account behavior,NONE,1,3,5,NORMAL,0.1069
L03_003709,503,TRANSFER,694747.42,C1537858633,6667533.14,5972785.72,C1291634254,0.0,694747.42,0,0,L03_00742,LEGITIMATE_HIGH_VALUE_HISTORY,High-value transaction consistent with normal historical account behavior,NONE,1,4,5,NORMAL,0.1042
L03_003710,539,TRANSFER,1791835.71,C1537858633,5972785.72,4180950.0,C1291634254,0.0,1791835.71,0,0,L03_00742,LEGITIMATE_HIGH_VALUE_HISTORY,High-value transaction consistent with normal historical account behavior,NONE,1,5,5,NORMAL,0.3
L03_003711,334,TRANSFER,568956.95,C491820319,18456809.9,17887852.94,C2032635653,0.0,568956.95,0,0,L03_00743,LEGITIMATE_HIGH_VALUE_HISTORY,High-value transaction consistent with normal historical account behavior,NONE,1,1,5,NORMAL,0.0308
L03_003712,366,TRANSFER,724201.12,C491820319,17887852.94,17163651.82,C2032635653,0.0,724201.12,0,0,L03_00743,LEGITIMATE_HIGH_VALUE_HISTORY,High-value transaction consistent with normal historical account behavior,NONE,1,2,5,NORMAL,0.0405
L03_003713,415,TRANSFER,571455.11,C491820319,17163651.82,16592196.72,C2032635653,0.0,571455.11,0,0,L03_00743,LEGITIMATE_HIGH_VALUE_HISTORY,High-value transaction consistent with normal historical account behavior,NONE,1,3,5,NORMAL,0.0333
L03_003714,452,TRANSFER,439926.75,C491820319,16592196.72,16152269.96,C2032635653,0.0,439926.75,0,0,L03_00743,LEGITIMATE_HIGH_VALUE_HISTORY,High-value transaction consistent with normal historical account behavior,NONE,1,4,5,NORMAL,0.0265
L03_003715,480,TRANSFER,4845680.99,C491820319,16152269.96,11306588.98,C2032635653,0.0,4845680.99,0,0,L03_00743,LEGITIMATE_HIGH_VALUE_HISTORY,High-value transaction consistent with normal historical account behavior,NONE,1,5,5,NORMAL,0.3
L03_003716,579,TRANSFER,675963.99,C472963722,11124863.52,10448899.53,C1960983129,0.0,675963.99,0,0,L03_00744,LEGITIMATE_HIGH_VALUE_HISTORY,High-value transaction consistent with normal historical account behavior,NONE,1,1,5,NORMAL,0.0608
L03_003717,605,TRANSFER,404932.24,C472963722,10448899.53,10043967.29,C1960983129,0.0,404932.24,0,0,L03_00744,LEGITIMATE_HIGH_VALUE_HISTORY,High-value transaction consistent with normal historical account behavior,NONE,1,2,5,NORMAL,0.0388
L03_003718,650,TRANSFER,619708.54,C472963722,10043967.29,9424258.75,C1960983129,0.0,619708.54,0,0,L03_00744,LEGITIMATE_HIGH_VALUE_HISTORY,High-value transaction consistent with normal historical account behavior,NONE,1,3,5,NORMAL,0.0617
L03_003719,679,TRANSFER,443423.1,C472963722,9424258.75,8980835.65,C1960983129,0.0,443423.1,0,0,L03_00744,LEGITIMATE_HIGH_VALUE_HISTORY,High-value transaction consistent with normal historical account behavior,NONE,1,4,5,NORMAL,0.0471
L03_003720,696,TRANSFER,2694250.69,C472963722,8980835.65,6286584.96,C1960983129,0.0,2694250.69,0,0,L03_00744,LEGITIMATE_HIGH_VALUE_HISTORY,High-value transaction consistent with normal historical account behavior,NONE,1,5,5,NORMAL,0.3
L03_003721,324,TRANSFER,527978.81,C1813475423,13007264.69,12479285.88,C589552915,0.0,527978.81,0,0,L03_00745,LEGITIMATE_HIGH_VALUE_HISTORY,High-value transaction consistent with normal historical account behavior,NONE,1,1,5,NORMAL,0.0406
L03_003722,356,TRANSFER,384385.08,C1813475423,12479285.88,12094900.8,C589552915,0.0,384385.08,0,0,L03_00745,LEGITIMATE_HIGH_VALUE_HISTORY,High-value transaction consistent with normal historical account behavior,NONE,1,2,5,NORMAL,0.0308
L03_003723,373,TRANSFER,595484.32,C1813475423,12094900.8,11499416.48,C589552915,0.0,595484.32,0,0,L03_00745,LEGITIMATE_HIGH_VALUE_HISTORY,High-value transaction consistent with normal historical account behavior,NONE,1,3,5,NORMAL,0.0492
L03_003724,405,TRANSFER,562155.8,C1813475423,11499416.48,10937260.68,C589552915,0.0,562155.8,0,0,L03_00745,LEGITIMATE_HIGH_VALUE_HISTORY,High-value transaction consistent with normal historical account behavior,NONE,1,4,5,NORMAL,0.0489
L03_003725,430,TRANSFER,3281178.2,C1813475423,10937260.68,7656082.47,C589552915,0.0,3281178.2,0,0,L03_00745,LEGITIMATE_HIGH_VALUE_HISTORY,High-value transaction consistent with normal historical account behavior,NONE,1,5,5,NORMAL,0.3
L03_003726,366,TRANSFER,778726.9,C818659750,19316247.52,18537520.62,C757534983,0.0,778726.9,0,0,L03_00746,LEGITIMATE_HIGH_VALUE_HISTORY,High-value transaction consistent with normal historical account behavior,NONE,1,1,5,NORMAL,0.0403
L03_003727,396,TRANSFER,533074.86,C818659750,18537520.62,18004445.76,C757534983,0.0,533074.86,0,0,L03_00746,LEGITIMATE_HIGH_VALUE_HISTORY,High-value transaction consistent with normal historical account behavior,NONE,1,2,5,NORMAL,0.0288
L03_003728,430,TRANSFER,758759.39,C818659750,18004445.76,17245686.38,C757534983,0.0,758759.39,0,0,L03_00746,LEGITIMATE_HIGH_VALUE_HISTORY,High-value transaction consistent with normal historical account behavior,NONE,1,3,5,NORMAL,0.0421
L03_003729,472,TRANSFER,806937.2,C818659750,17245686.38,16438749.18,C757534983,0.0,806937.2,0,0,L03_00746,LEGITIMATE_HIGH_VALUE_HISTORY,High-value transaction consistent with normal historical account behavior,NONE,1,4,5,NORMAL,0.0468
L03_003730,516,TRANSFER,4931624.75,C818659750,16438749.18,11507124.42,C757534983,0.0,4931624.75,0,0,L03_00746,LEGITIMATE_HIGH_VALUE_HISTORY,High-value transaction consistent with normal historical account behavior,NONE,1,5,5,NORMAL,0.3
L03_003731,409,TRANSFER,669060.42,C1926081335,8903940.93,8234880.51,C1217224540,0.0,669060.42,0,0,L03_00747,LEGITIMATE_HIGH_VALUE_HISTORY,High-value transaction consistent with normal historical account behavior,NONE,1,1,5,NORMAL,0.0751
L03_003732,465,TRANSFER,422730.53,C1926081335,8234880.51,7812149.98,C1217224540,0.0,422730.53,0,0,L03_00747,LEGITIMATE_HIGH_VALUE_HISTORY,High-value transaction consistent with normal historical account behavior,NONE,1,2,5,NORMAL,0.0513
L03_003733,487,TRANSFER,763015.31,C1926081335,7812149.98,7049134.67,C1217224540,0.0,763015.31,0,0,L03_00747,LEGITIMATE_HIGH_VALUE_HISTORY,High-value transaction consistent with normal historical account behavior,NONE,1,3,5,NORMAL,0.0977
L03_003734,540,TRANSFER,453656.35,C1926081335,7049134.67,6595478.32,C1217224540,0.0,453656.35,0,0,L03_00747,LEGITIMATE_HIGH_VALUE_HISTORY,High-value transaction consistent with normal historical account behavior,NONE,1,4,5,NORMAL,0.0644
L03_003735,578,TRANSFER,1978643.5,C1926081335,6595478.32,4616834.82,C1217224540,0.0,1978643.5,0,0,L03_00747,LEGITIMATE_HIGH_VALUE_HISTORY,High-value transaction consistent with normal historical account behavior,NONE,1,5,5,NORMAL,0.3
L03_003736,344,TRANSFER,820270.38,C455998286,18687327.88,17867057.5,C239031696,0.0,820270.38,0,0,L03_00748,LEGITIMATE_HIGH_VALUE_HISTORY,High-value transaction consistent with normal historical account behavior,NONE,1,1,5,NORMAL,0.0439
L03_003737,401,TRANSFER,577863.38,C455998286,17867057.5,17289194.12,C239031696,0.0,577863.38,0,0,L03_00748,LEGITIMATE_HIGH_VALUE_HISTORY,High-value transaction consistent with normal historical account behavior,NONE,1,2,5,NORMAL,0.0323
L03_003738,425,TRANSFER,596027.9,C455998286,17289194.12,16693166.22,C239031696,0.0,596027.9,0,0,L03_00748,LEGITIMATE_HIGH_VALUE_HISTORY,High-value transaction consistent with normal historical account behavior,NONE,1,3,5,NORMAL,0.0345
L03_003739,465,TRANSFER,464056.93,C455998286,16693166.22,16229109.3,C239031696,0.0,464056.93,0,0,L03_00748,LEGITIMATE_HIGH_VALUE_HISTORY,High-value transaction consistent with normal historical account behavior,NONE,1,4,5,NORMAL,0.0278
L03_003740,492,TRANSFER,4868732.79,C455998286,16229109.3,11360376.51,C239031696,0.0,4868732.79,0,0,L03_00748,LEGITIMATE_HIGH_VALUE_HISTORY,High-value transaction consistent with normal historical account behavior,NONE,1,5,5,NORMAL,0.3
L03_003741,341,TRANSFER,340623.96,C995951437,8076354.81,7735730.85,C1279456646,0.0,340623.96,0,0,L03_00749,LEGITIMATE_HIGH_VALUE_HISTORY,High-value transaction consistent with normal historical account behavior,NONE,1,1,5,NORMAL,0.0422
L03_003742,357,TRANSFER,820379.98,C995951437,7735730.85,6915350.87,C1279456646,0.0,820379.98,0,0,L03_00749,LEGITIMATE_HIGH_VALUE_HISTORY,High-value transaction consistent with normal historical account behavior,NONE,1,2,5,NORMAL,0.1061
L03_003743,375,TRANSFER,309662.85,C995951437,6915350.87,6605688.02,C1279456646,0.0,309662.85,0,0,L03_00749,LEGITIMATE_HIGH_VALUE_HISTORY,High-value transaction consistent with normal historical account behavior,NONE,1,3,5,NORMAL,0.0448
L03_003744,415,TRANSFER,750198.91,C995951437,6605688.02,5855489.11,C1279456646,0.0,750198.91,0,0,L03_00749,LEGITIMATE_HIGH_VALUE_HISTORY,High-value transaction consistent with normal historical account behavior,NONE,1,4,5,NORMAL,0.1136
L03_003745,469,TRANSFER,1756646.73,C995951437,5855489.11,4098842.38,C1279456646,0.0,1756646.73,0,0,L03_00749,LEGITIMATE_HIGH_VALUE_HISTORY,High-value transaction consistent with normal historical account behavior,NONE,1,5,5,NORMAL,0.3
L03_003746,330,TRANSFER,618193.47,C1373675853,18346505.52,17728312.05,C1392646379,0.0,618193.47,0,0,L03_00750,LEGITIMATE_HIGH_VALUE_HISTORY,High-value transaction consistent with normal historical account behavior,NONE,1,1,5,NORMAL,0.0337
L03_003747,387,TRANSFER,860293.37,C1373675853,17728312.05,16868018.68,C1392646379,0.0,860293.37,0,0,L03_00750,LEGITIMATE_HIGH_VALUE_HISTORY,High-value transaction consistent with normal historical account behavior,NONE,1,2,5,NORMAL,0.0485
L03_003748,438,TRANSFER,619025.35,C1373675853,16868018.68,16248993.33,C1392646379,0.0,619025.35,0,0,L03_00750,LEGITIMATE_HIGH_VALUE_HISTORY,High-value transaction consistent with normal historical account behavior,NONE,1,3,5,NORMAL,0.0367
L03_003749,498,TRANSFER,765192.62,C1373675853,16248993.33,15483800.71,C1392646379,0.0,765192.62,0,0,L03_00750,LEGITIMATE_HIGH_VALUE_HISTORY,High-value transaction consistent with normal historical account behavior,NONE,1,4,5,NORMAL,0.0471
L03_003750,527,TRANSFER,4645140.21,C1373675853,15483800.71,10838660.5,C1392646379,0.0,4645140.21,0,0,L03_00750,LEGITIMATE_HIGH_VALUE_HISTORY,High-value transaction consistent with normal historical account behavior,NONE,1,5,5,NORMAL,0.3
L03_003751,346,TRANSFER,549570.61,C1084862176,8537623.65,7988053.04,C526003428,0.0,549570.61,0,0,L03_00751,LEGITIMATE_HIGH_VALUE_HISTORY,High-value transaction consistent with normal historical account behavior,NONE,1,1,5,NORMAL,0.0644
L03_003752,371,TRANSFER,367744.5,C1084862176,7988053.04,7620308.54,C526003428,0.0,367744.5,0,0,L03_00751,LEGITIMATE_HIGH_VALUE_HISTORY,High-value transaction consistent with normal historical account behavior,NONE,1,2,5,NORMAL,0.046
L03_003753,413,TRANSFER,842295.36,C1084862176,7620308.54,6778013.18,C526003428,0.0,842295.36,0,0,L03_00751,LEGITIMATE_HIGH_VALUE_HISTORY,High-value transaction consistent with normal historical account behavior,NONE,1,3,5,NORMAL,0.1105
L03_003754,439,TRANSFER,734637.98,C1084862176,6778013.18,6043375.2,C526003428,0.0,734637.98,0,0,L03_00751,LEGITIMATE_HIGH_VALUE_HISTORY,High-value transaction consistent with normal historical account behavior,NONE,1,4,5,NORMAL,0.1084
L03_003755,486,TRANSFER,1813012.56,C1084862176,6043375.2,4230362.64,C526003428,0.0,1813012.56,0,0,L03_00751,LEGITIMATE_HIGH_VALUE_HISTORY,High-value transaction consistent with normal historical account behavior,NONE,1,5,5,NORMAL,0.3
L03_003756,375,TRANSFER,779178.92,C2104950363,17834827.02,17055648.1,C1105901057,0.0,779178.92,0,0,L03_00752,LEGITIMATE_HIGH_VALUE_HISTORY,High-value transaction consistent with normal historical account behavior,NONE,1,1,5,NORMAL,0.0437
L03_003757,426,TRANSFER,337938.24,C2104950363,17055648.1,16717709.86,C1105901057,0.0,337938.24,0,0,L03_00752,LEGITIMATE_HIGH_VALUE_HISTORY,High-value transaction consistent with normal historical account behavior,NONE,1,2,5,NORMAL,0.0198
L03_003758,480,TRANSFER,407286.57,C2104950363,16717709.86,16310423.29,C1105901057,0.0,407286.57,0,0,L03_00752,LEGITIMATE_HIGH_VALUE_HISTORY,High-value transaction consistent with normal historical account behavior,NONE,1,3,5,NORMAL,0.0244
L03_003759,504,TRANSFER,365480.95,C2104950363,16310423.29,15944942.34,C1105901057,0.0,365480.95,0,0,L03_00752,LEGITIMATE_HIGH_VALUE_HISTORY,High-value transaction consistent with normal historical account behavior,NONE,1,4,5,NORMAL,0.0224
L03_003760,555,TRANSFER,4783482.7,C2104950363,15944942.34,11161459.64,C1105901057,0.0,4783482.7,0,0,L03_00752,LEGITIMATE_HIGH_VALUE_HISTORY,High-value transaction consistent with normal historical account behavior,NONE,1,5,5,NORMAL,0.3
L03_003761,347,TRANSFER,318913.72,C2120801782,18742646.74,18423733.03,C172409641,0.0,318913.72,0,0,L03_00753,LEGITIMATE_HIGH_VALUE_HISTORY,High-value transaction consistent with normal historical account behavior,NONE,1,1,5,NORMAL,0.017
L03_003762,388,TRANSFER,872965.89,C2120801782,18423733.03,17550767.14,C172409641,0.0,872965.89,0,0,L03_00753,LEGITIMATE_HIGH_VALUE_HISTORY,High-value transaction consistent with normal historical account behavior,NONE,1,2,5,NORMAL,0.0474
L03_003763,429,TRANSFER,810498.47,C2120801782,17550767.14,16740268.66,C172409641,0.0,810498.47,0,0,L03_00753,LEGITIMATE_HIGH_VALUE_HISTORY,High-value transaction consistent with normal historical account behavior,NONE,1,3,5,NORMAL,0.0462
L03_003764,477,TRANSFER,492719.75,C2120801782,16740268.66,16247548.92,C172409641,0.0,492719.75,0,0,L03_00753,LEGITIMATE_HIGH_VALUE_HISTORY,High-value transaction consistent with normal historical account behavior,NONE,1,4,5,NORMAL,0.0294
L03_003765,507,TRANSFER,4874264.67,C2120801782,16247548.92,11373284.24,C172409641,0.0,4874264.67,0,0,L03_00753,LEGITIMATE_HIGH_VALUE_HISTORY,High-value transaction consistent with normal historical account behavior,NONE,1,5,5,NORMAL,0.3
L03_003766,391,TRANSFER,749700.75,C792743051,11575865.64,10826164.89,C161550987,0.0,749700.75,0,0,L03_00754,LEGITIMATE_HIGH_VALUE_HISTORY,High-value transaction consistent with normal historical account behavior,NONE,1,1,5,NORMAL,0.0648
L03_003767,437,TRANSFER,430224.21,C792743051,10826164.89,10395940.68,C161550987,0.0,430224.21,0,0,L03_00754,LEGITIMATE_HIGH_VALUE_HISTORY,High-value transaction consistent with normal historical account behavior,NONE,1,2,5,NORMAL,0.0397
L03_003768,456,TRANSFER,388863.06,C792743051,10395940.68,10007077.62,C161550987,0.0,388863.06,0,0,L03_00754,LEGITIMATE_HIGH_VALUE_HISTORY,High-value transaction consistent with normal historical account behavior,NONE,1,3,5,NORMAL,0.0374
L03_003769,515,TRANSFER,419817.56,C792743051,10007077.62,9587260.06,C161550987,0.0,419817.56,0,0,L03_00754,LEGITIMATE_HIGH_VALUE_HISTORY,High-value transaction consistent with normal historical account behavior,NONE,1,4,5,NORMAL,0.042
L03_003770,549,TRANSFER,2876178.02,C792743051,9587260.06,6711082.04,C161550987,0.0,2876178.02,0,0,L03_00754,LEGITIMATE_HIGH_VALUE_HISTORY,High-value transaction consistent with normal historical account behavior,NONE,1,5,5,NORMAL,0.3
L03_003771,364,TRANSFER,426967.73,C1517390382,18438705.63,18011737.9,C160796152,0.0,426967.73,0,0,L03_00755,LEGITIMATE_HIGH_VALUE_HISTORY,High-value transaction consistent with normal historical account behavior,NONE,1,1,5,NORMAL,0.0232
L03_003772,419,TRANSFER,840701.63,C1517390382,18011737.9,17171036.27,C160796152,0.0,840701.63,0,0,L03_00755,LEGITIMATE_HIGH_VALUE_HISTORY,High-value transaction consistent with normal historical account behavior,NONE,1,2,5,NORMAL,0.0467
L03_003773,477,TRANSFER,630554.9,C1517390382,17171036.27,16540481.37,C160796152,0.0,630554.9,0,0,L03_00755,LEGITIMATE_HIGH_VALUE_HISTORY,High-value transaction consistent with normal historical account behavior,NONE,1,3,5,NORMAL,0.0367
L03_003774,532,TRANSFER,394246.16,C1517390382,16540481.37,16146235.21,C160796152,0.0,394246.16,0,0,L03_00755,LEGITIMATE_HIGH_VALUE_HISTORY,High-value transaction consistent with normal historical account behavior,NONE,1,4,5,NORMAL,0.0238
L03_003775,582,TRANSFER,4843870.56,C1517390382,16146235.21,11302364.65,C160796152,0.0,4843870.56,0,0,L03_00755,LEGITIMATE_HIGH_VALUE_HISTORY,High-value transaction consistent with normal historical account behavior,NONE,1,5,5,NORMAL,0.3
L03_003776,349,TRANSFER,751270.46,C1293131388,8699891.54,7948621.08,C1655304321,0.0,751270.46,0,0,L03_00756,LEGITIMATE_HIGH_VALUE_HISTORY,High-value transaction consistent with normal historical account behavior,NONE,1,1,5,NORMAL,0.0864
L03_003777,377,TRANSFER,745014.1,C1293131388,7948621.08,7203606.98,C1655304321,0.0,745014.1,0,0,L03_00756,LEGITIMATE_HIGH_VALUE_HISTORY,High-value transaction consistent with normal historical account behavior,NONE,1,2,5,NORMAL,0.0937
L03_003778,402,TRANSFER,331941.28,C1293131388,7203606.98,6871665.7,C1655304321,0.0,331941.28,0,0,L03_00756,LEGITIMATE_HIGH_VALUE_HISTORY,High-value transaction consistent with normal historical account behavior,NONE,1,3,5,NORMAL,0.0461
L03_003779,425,TRANSFER,484703.96,C1293131388,6871665.7,6386961.74,C1655304321,0.0,484703.96,0,0,L03_00756,LEGITIMATE_HIGH_VALUE_HISTORY,High-value transaction consistent with normal historical account behavior,NONE,1,4,5,NORMAL,0.0705
L03_003780,469,TRANSFER,1916088.52,C1293131388,6386961.74,4470873.21,C1655304321,0.0,1916088.52,0,0,L03_00756,LEGITIMATE_HIGH_VALUE_HISTORY,High-value transaction consistent with normal historical account behavior,NONE,1,5,5,NORMAL,0.3
L03_003781,302,TRANSFER,598697.34,C1637499083,12792634.72,12193937.38,C1072868968,0.0,598697.34,0,0,L03_00757,LEGITIMATE_HIGH_VALUE_HISTORY,High-value transaction consistent with normal historical account behavior,NONE,1,1,5,NORMAL,0.0468
L03_003782,335,TRANSFER,633233.78,C1637499083,12193937.38,11560703.6,C1072868968,0.0,633233.78,0,0,L03_00757,LEGITIMATE_HIGH_VALUE_HISTORY,High-value transaction consistent with normal historical account behavior,NONE,1,2,5,NORMAL,0.0519
L03_003783,381,TRANSFER,830923.07,C1637499083,11560703.6,10729780.53,C1072868968,0.0,830923.07,0,0,L03_00757,LEGITIMATE_HIGH_VALUE_HISTORY,High-value transaction consistent with normal historical account behavior,NONE,1,3,5,NORMAL,0.0719
L03_003784,426,TRANSFER,367826.69,C1637499083,10729780.53,10361953.84,C1072868968,0.0,367826.69,0,0,L03_00757,LEGITIMATE_HIGH_VALUE_HISTORY,High-value transaction consistent with normal historical account behavior,NONE,1,4,5,NORMAL,0.0343
L03_003785,443,TRANSFER,3108586.15,C1637499083,10361953.84,7253367.69,C1072868968,0.0,3108586.15,0,0,L03_00757,LEGITIMATE_HIGH_VALUE_HISTORY,High-value transaction consistent with normal historical account behavior,NONE,1,5,5,NORMAL,0.3
L03_003786,338,TRANSFER,635951.96,C840704591,17565946.5,16929994.54,C1143116857,0.0,635951.96,0,0,L03_00758,LEGITIMATE_HIGH_VALUE_HISTORY,High-value transaction consistent with normal historical account behavior,NONE,1,1,5,NORMAL,0.0362
L03_003787,354,TRANSFER,423000.97,C840704591,16929994.54,16506993.57,C1143116857,0.0,423000.97,0,0,L03_00758,LEGITIMATE_HIGH_VALUE_HISTORY,High-value transaction consistent with normal historical account behavior,NONE,1,2,5,NORMAL,0.025
L03_003788,409,TRANSFER,486174.19,C840704591,16506993.57,16020819.38,C1143116857,0.0,486174.19,0,0,L03_00758,LEGITIMATE_HIGH_VALUE_HISTORY,High-value transaction consistent with normal historical account behavior,NONE,1,3,5,NORMAL,0.0295
L03_003789,434,TRANSFER,481660.22,C840704591,16020819.38,15539159.16,C1143116857,0.0,481660.22,0,0,L03_00758,LEGITIMATE_HIGH_VALUE_HISTORY,High-value transaction consistent with normal historical account behavior,NONE,1,4,5,NORMAL,0.0301
L03_003790,488,TRANSFER,4661747.75,C840704591,15539159.16,10877411.41,C1143116857,0.0,4661747.75,0,0,L03_00758,LEGITIMATE_HIGH_VALUE_HISTORY,High-value transaction consistent with normal historical account behavior,NONE,1,5,5,NORMAL,0.3
L03_003791,383,TRANSFER,382480.99,C943624135,7866725.76,7484244.77,C737806832,0.0,382480.99,0,0,L03_00759,LEGITIMATE_HIGH_VALUE_HISTORY,High-value transaction consistent with normal historical account behavior,NONE,1,1,5,NORMAL,0.0486
L03_003792,430,TRANSFER,821895.42,C943624135,7484244.77,6662349.35,C737806832,0.0,821895.42,0,0,L03_00759,LEGITIMATE_HIGH_VALUE_HISTORY,High-value transaction consistent with normal historical account behavior,NONE,1,2,5,NORMAL,0.1098
L03_003793,458,TRANSFER,662271.29,C943624135,6662349.35,6000078.06,C737806832,0.0,662271.29,0,0,L03_00759,LEGITIMATE_HIGH_VALUE_HISTORY,High-value transaction consistent with normal historical account behavior,NONE,1,3,5,NORMAL,0.0994
L03_003794,495,TRANSFER,300257.81,C943624135,6000078.06,5699820.25,C737806832,0.0,300257.81,0,0,L03_00759,LEGITIMATE_HIGH_VALUE_HISTORY,High-value transaction consistent with normal historical account behavior,NONE,1,4,5,NORMAL,0.05
L03_003795,539,TRANSFER,1709946.07,C943624135,5699820.25,3989874.17,C737806832,0.0,1709946.07,0,0,L03_00759,LEGITIMATE_HIGH_VALUE_HISTORY,High-value transaction consistent with normal historical account behavior,NONE,1,5,5,NORMAL,0.3
L03_003796,353,TRANSFER,766762.46,C723936604,18960964.96,18194202.5,C280995226,0.0,766762.46,0,0,L03_00760,LEGITIMATE_HIGH_VALUE_HISTORY,High-value transaction consistent with normal historical account behavior,NONE,1,1,5,NORMAL,0.0404
L03_003797,406,TRANSFER,582905.02,C723936604,18194202.5,17611297.48,C280995226,0.0,582905.02,0,0,L03_00760,LEGITIMATE_HIGH_VALUE_HISTORY,High-value transaction consistent with normal historical account behavior,NONE,1,2,5,NORMAL,0.032
L03_003798,440,TRANSFER,571828.38,C723936604,17611297.48,17039469.1,C280995226,0.0,571828.38,0,0,L03_00760,LEGITIMATE_HIGH_VALUE_HISTORY,High-value transaction consistent with normal historical account behavior,NONE,1,3,5,NORMAL,0.0325
L03_003799,482,TRANSFER,719147.45,C723936604,17039469.1,16320321.65,C280995226,0.0,719147.45,0,0,L03_00760,LEGITIMATE_HIGH_VALUE_HISTORY,High-value transaction consistent with normal historical account behavior,NONE,1,4,5,NORMAL,0.0422
L03_003800,531,TRANSFER,4896096.5,C723936604,16320321.65,11424225.16,C280995226,0.0,4896096.5,0,0,L03_00760,LEGITIMATE_HIGH_VALUE_HISTORY,High-value transaction consistent with normal historical account behavior,NONE,1,5,5,NORMAL,0.3
L03_003801,323,TRANSFER,605022.87,C1577441039,10191328.32,9586305.45,C1698707072,0.0,605022.87,0,0,L03_00761,LEGITIMATE_HIGH_VALUE_HISTORY,High-value transaction consistent with normal historical account behavior,NONE,1,1,5,NORMAL,0.0594
L03_003802,343,TRANSFER,442900.77,C1577441039,9586305.45,9143404.68,C1698707072,0.0,442900.77,0,0,L03_00761,LEGITIMATE_HIGH_VALUE_HISTORY,High-value transaction consistent with normal historical account behavior,NONE,1,2,5,NORMAL,0.0462
L03_003803,362,TRANSFER,568278.54,C1577441039,9143404.68,8575126.14,C1698707072,0.0,568278.54,0,0,L03_00761,LEGITIMATE_HIGH_VALUE_HISTORY,High-value transaction consistent with normal historical account behavior,NONE,1,3,5,NORMAL,0.0622
L03_003804,412,TRANSFER,584692.95,C1577441039,8575126.14,7990433.19,C1698707072,0.0,584692.95,0,0,L03_00761,LEGITIMATE_HIGH_VALUE_HISTORY,High-value transaction consistent with normal historical account behavior,NONE,1,4,5,NORMAL,0.0682
L03_003805,443,TRANSFER,2397129.96,C1577441039,7990433.19,5593303.23,C1698707072,0.0,2397129.96,0,0,L03_00761,LEGITIMATE_HIGH_VALUE_HISTORY,High-value transaction consistent with normal historical account behavior,NONE,1,5,5,NORMAL,0.3
L03_003806,424,TRANSFER,336041.03,C1734036888,8314214.49,7978173.46,C1382394077,0.0,336041.03,0,0,L03_00762,LEGITIMATE_HIGH_VALUE_HISTORY,High-value transaction consistent with normal historical account behavior,NONE,1,1,5,NORMAL,0.0404
L03_003807,460,TRANSFER,317688.41,C1734036888,7978173.46,7660485.05,C1382394077,0.0,317688.41,0,0,L03_00762,LEGITIMATE_HIGH_VALUE_HISTORY,High-value transaction consistent with normal historical account behavior,NONE,1,2,5,NORMAL,0.0398
L03_003808,480,TRANSFER,380130.83,C1734036888,7660485.05,7280354.22,C1382394077,0.0,380130.83,0,0,L03_00762,LEGITIMATE_HIGH_VALUE_HISTORY,High-value transaction consistent with normal historical account behavior,NONE,1,3,5,NORMAL,0.0496
L03_003809,514,TRANSFER,870727.85,C1734036888,7280354.22,6409626.37,C1382394077,0.0,870727.85,0,0,L03_00762,LEGITIMATE_HIGH_VALUE_HISTORY,High-value transaction consistent with normal historical account behavior,NONE,1,4,5,NORMAL,0.1196
L03_003810,529,TRANSFER,1922887.91,C1734036888,6409626.37,4486738.46,C1382394077,0.0,1922887.91,0,0,L03_00762,LEGITIMATE_HIGH_VALUE_HISTORY,High-value transaction consistent with normal historical account behavior,NONE,1,5,5,NORMAL,0.3
L03_003811,235,TRANSFER,565182.06,C1788517530,8351605.27,7786423.21,C2120120397,0.0,565182.06,0,0,L03_00763,LEGITIMATE_HIGH_VALUE_HISTORY,High-value transaction consistent with normal historical account behavior,NONE,1,1,5,NORMAL,0.0677
L03_003812,290,TRANSFER,648240.18,C1788517530,7786423.21,7138183.04,C2120120397,0.0,648240.18,0,0,L03_00763,LEGITIMATE_HIGH_VALUE_HISTORY,High-value transaction consistent with normal historical account behavior,NONE,1,2,5,NORMAL,0.0833
L03_003813,318,TRANSFER,866845.67,C1788517530,7138183.04,6271337.37,C2120120397,0.0,866845.67,0,0,L03_00763,LEGITIMATE_HIGH_VALUE_HISTORY,High-value transaction consistent with normal historical account behavior,NONE,1,3,5,NORMAL,0.1214
L03_003814,356,TRANSFER,597268.37,C1788517530,6271337.37,5674069.0,C2120120397,0.0,597268.37,0,0,L03_00763,LEGITIMATE_HIGH_VALUE_HISTORY,High-value transaction consistent with normal historical account behavior,NONE,1,4,5,NORMAL,0.0952
L03_003815,405,TRANSFER,1702220.7,C1788517530,5674069.0,3971848.3,C2120120397,0.0,1702220.7,0,0,L03_00763,LEGITIMATE_HIGH_VALUE_HISTORY,High-value transaction consistent with normal historical account behavior,NONE,1,5,5,NORMAL,0.3
L03_003816,544,TRANSFER,623916.32,C2119592026,8060284.57,7436368.25,C851071292,0.0,623916.32,0,0,L03_00764,LEGITIMATE_HIGH_VALUE_HISTORY,High-value transaction consistent with normal historical account behavior,NONE,1,1,5,NORMAL,0.0774
L03_003817,577,TRANSFER,661153.1,C2119592026,7436368.25,6775215.15,C851071292,0.0,661153.1,0,0,L03_00764,LEGITIMATE_HIGH_VALUE_HISTORY,High-value transaction consistent with normal historical account behavior,NONE,1,2,5,NORMAL,0.0889
L03_003818,603,TRANSFER,480814.36,C2119592026,6775215.15,6294400.79,C851071292,0.0,480814.36,0,0,L03_00764,LEGITIMATE_HIGH_VALUE_HISTORY,High-value transaction consistent with normal historical account behavior,NONE,1,3,5,NORMAL,0.071
L03_003819,635,TRANSFER,439548.16,C2119592026,6294400.79,5854852.63,C851071292,0.0,439548.16,0,0,L03_00764,LEGITIMATE_HIGH_VALUE_HISTORY,High-value transaction consistent with normal historical account behavior,NONE,1,4,5,NORMAL,0.0698
L03_003820,659,TRANSFER,1756455.79,C2119592026,5854852.63,4098396.84,C851071292,0.0,1756455.79,0,0,L03_00764,LEGITIMATE_HIGH_VALUE_HISTORY,High-value transaction consistent with normal historical account behavior,NONE,1,5,5,NORMAL,0.3
L03_003821,95,TRANSFER,796068.02,C351139774,7080658.77,6284590.75,C481013135,0.0,796068.02,0,0,L03_00765,LEGITIMATE_HIGH_VALUE_HISTORY,High-value transaction consistent with normal historical account behavior,NONE,1,1,5,NORMAL,0.1124
L03_003822,154,TRANSFER,371422.82,C351139774,6284590.75,5913167.93,C481013135,0.0,371422.82,0,0,L03_00765,LEGITIMATE_HIGH_VALUE_HISTORY,High-value transaction consistent with normal historical account behavior,NONE,1,2,5,NORMAL,0.0591
L03_003823,187,TRANSFER,387733.8,C351139774,5913167.93,5525434.13,C481013135,0.0,387733.8,0,0,L03_00765,LEGITIMATE_HIGH_VALUE_HISTORY,High-value transaction consistent with normal historical account behavior,NONE,1,3,5,NORMAL,0.0656
L03_003824,230,TRANSFER,443856.9,C351139774,5525434.13,5081577.23,C481013135,0.0,443856.9,0,0,L03_00765,LEGITIMATE_HIGH_VALUE_HISTORY,High-value transaction consistent with normal historical account behavior,NONE,1,4,5,NORMAL,0.0803
L03_003825,266,TRANSFER,1524473.17,C351139774,5081577.23,3557104.06,C481013135,0.0,1524473.17,0,0,L03_00765,LEGITIMATE_HIGH_VALUE_HISTORY,High-value transaction consistent with normal historical account behavior,NONE,1,5,5,NORMAL,0.3
L03_003826,342,TRANSFER,709678.35,C1839023595,11030147.71,10320469.37,C1924461008,0.0,709678.35,0,0,L03_00766,LEGITIMATE_HIGH_VALUE_HISTORY,High-value transaction consistent with normal historical account behavior,NONE,1,1,5,NORMAL,0.0643
L03_003827,385,TRANSFER,633036.19,C1839023595,10320469.37,9687433.18,C1924461008,0.0,633036.19,0,0,L03_00766,LEGITIMATE_HIGH_VALUE_HISTORY,High-value transaction consistent with normal historical account behavior,NONE,1,2,5,NORMAL,0.0613
L03_003828,409,TRANSFER,373623.39,C1839023595,9687433.18,9313809.79,C1924461008,0.0,373623.39,0,0,L03_00766,LEGITIMATE_HIGH_VALUE_HISTORY,High-value transaction consistent with normal historical account behavior,NONE,1,3,5,NORMAL,0.0386
L03_003829,426,TRANSFER,443146.74,C1839023595,9313809.79,8870663.04,C1924461008,0.0,443146.74,0,0,L03_00766,LEGITIMATE_HIGH_VALUE_HISTORY,High-value transaction consistent with normal historical account behavior,NONE,1,4,5,NORMAL,0.0476
L03_003830,453,TRANSFER,2661198.91,C1839023595,8870663.04,6209464.13,C1924461008,0.0,2661198.91,0,0,L03_00766,LEGITIMATE_HIGH_VALUE_HISTORY,High-value transaction consistent with normal historical account behavior,NONE,1,5,5,NORMAL,0.3
L03_003831,356,TRANSFER,619101.07,C325401550,7742035.34,7122934.27,C1599949671,0.0,619101.07,0,0,L03_00767,LEGITIMATE_HIGH_VALUE_HISTORY,High-value transaction consistent with normal historical account behavior,NONE,1,1,5,NORMAL,0.08
L03_003832,385,TRANSFER,384068.36,C325401550,7122934.27,6738865.91,C1599949671,0.0,384068.36,0,0,L03_00767,LEGITIMATE_HIGH_VALUE_HISTORY,High-value transaction consistent with normal historical account behavior,NONE,1,2,5,NORMAL,0.0539
L03_003833,417,TRANSFER,627434.4,C325401550,6738865.91,6111431.5,C1599949671,0.0,627434.4,0,0,L03_00767,LEGITIMATE_HIGH_VALUE_HISTORY,High-value transaction consistent with normal historical account behavior,NONE,1,3,5,NORMAL,0.0931
L03_003834,469,TRANSFER,652465.09,C325401550,6111431.5,5458966.42,C1599949671,0.0,652465.09,0,0,L03_00767,LEGITIMATE_HIGH_VALUE_HISTORY,High-value transaction consistent with normal historical account behavior,NONE,1,4,5,NORMAL,0.1068
L03_003835,528,TRANSFER,1637689.92,C325401550,5458966.42,3821276.49,C1599949671,0.0,1637689.92,0,0,L03_00767,LEGITIMATE_HIGH_VALUE_HISTORY,High-value transaction consistent with normal historical account behavior,NONE,1,5,5,NORMAL,0.3
L03_003836,149,TRANSFER,838880.78,C1319817510,9925107.45,9086226.67,C1475998599,0.0,838880.78,0,0,L03_00768,LEGITIMATE_HIGH_VALUE_HISTORY,High-value transaction consistent with normal historical account behavior,NONE,1,1,5,NORMAL,0.0845
L03_003837,177,TRANSFER,656162.85,C1319817510,9086226.67,8430063.82,C1475998599,0.0,656162.85,0,0,L03_00768,LEGITIMATE_HIGH_VALUE_HISTORY,High-value transaction consistent with normal historical account behavior,NONE,1,2,5,NORMAL,0.0722
L03_003838,205,TRANSFER,372121.67,C1319817510,8430063.82,8057942.15,C1475998599,0.0,372121.67,0,0,L03_00768,LEGITIMATE_HIGH_VALUE_HISTORY,High-value transaction consistent with normal historical account behavior,NONE,1,3,5,NORMAL,0.0441
L03_003839,226,TRANSFER,705657.2,C1319817510,8057942.15,7352284.95,C1475998599,0.0,705657.2,0,0,L03_00768,LEGITIMATE_HIGH_VALUE_HISTORY,High-value transaction consistent with normal historical account behavior,NONE,1,4,5,NORMAL,0.0876
L03_003840,278,TRANSFER,2205685.48,C1319817510,7352284.95,5146599.46,C1475998599,0.0,2205685.48,0,0,L03_00768,LEGITIMATE_HIGH_VALUE_HISTORY,High-value transaction consistent with normal historical account behavior,NONE,1,5,5,NORMAL,0.3
L03_003841,433,TRANSFER,431385.98,C1399924700,8153498.19,7722112.21,C515964172,0.0,431385.98,0,0,L03_00769,LEGITIMATE_HIGH_VALUE_HISTORY,High-value transaction consistent with normal historical account behavior,NONE,1,1,5,NORMAL,0.0529
L03_003842,474,TRANSFER,516216.3,C1399924700,7722112.21,7205895.91,C515964172,0.0,516216.3,0,0,L03_00769,LEGITIMATE_HIGH_VALUE_HISTORY,High-value transaction consistent with normal historical account behavior,NONE,1,2,5,NORMAL,0.0668
L03_003843,530,TRANSFER,598090.99,C1399924700,7205895.91,6607804.92,C515964172,0.0,598090.99,0,0,L03_00769,LEGITIMATE_HIGH_VALUE_HISTORY,High-value transaction consistent with normal historical account behavior,NONE,1,3,5,NORMAL,0.083
L03_003844,549,TRANSFER,612132.66,C1399924700,6607804.92,5995672.26,C515964172,0.0,612132.66,0,0,L03_00769,LEGITIMATE_HIGH_VALUE_HISTORY,High-value transaction consistent with normal historical account behavior,NONE,1,4,5,NORMAL,0.0926
L03_003845,594,TRANSFER,1798701.68,C1399924700,5995672.26,4196970.58,C515964172,0.0,1798701.68,0,0,L03_00769,LEGITIMATE_HIGH_VALUE_HISTORY,High-value transaction consistent with normal historical account behavior,NONE,1,5,5,NORMAL,0.3
L03_003846,300,TRANSFER,646203.65,C472789406,9905609.37,9259405.72,C1560436920,0.0,646203.65,0,0,L03_00770,LEGITIMATE_HIGH_VALUE_HISTORY,High-value transaction consistent with normal historical account behavior,NONE,1,1,5,NORMAL,0.0652
L03_003847,359,TRANSFER,735272.94,C472789406,9259405.72,8524132.78,C1560436920,0.0,735272.94,0,0,L03_00770,LEGITIMATE_HIGH_VALUE_HISTORY,High-value transaction consistent with normal historical account behavior,NONE,1,2,5,NORMAL,0.0794
L03_003848,379,TRANSFER,828838.26,C472789406,8524132.78,7695294.52,C1560436920,0.0,828838.26,0,0,L03_00770,LEGITIMATE_HIGH_VALUE_HISTORY,High-value transaction consistent with normal historical account behavior,NONE,1,3,5,NORMAL,0.0972
L03_003849,420,TRANSFER,828631.83,C472789406,7695294.52,6866662.69,C1560436920,0.0,828631.83,0,0,L03_00770,LEGITIMATE_HIGH_VALUE_HISTORY,High-value transaction consistent with normal historical account behavior,NONE,1,4,5,NORMAL,0.1077
L03_003850,437,TRANSFER,2059998.81,C472789406,6866662.69,4806663.88,C1560436920,0.0,2059998.81,0,0,L03_00770,LEGITIMATE_HIGH_VALUE_HISTORY,High-value transaction consistent with normal historical account behavior,NONE,1,5,5,NORMAL,0.3
L03_003851,367,TRANSFER,361568.78,C677370460,9064372.98,8702804.2,C1157718738,0.0,361568.78,0,0,L03_00771,LEGITIMATE_HIGH_VALUE_HISTORY,High-value transaction consistent with normal historical account behavior,NONE,1,1,5,NORMAL,0.0399
L03_003852,408,TRANSFER,672828.75,C677370460,8702804.2,8029975.45,C1157718738,0.0,672828.75,0,0,L03_00771,LEGITIMATE_HIGH_VALUE_HISTORY,High-value transaction consistent with normal historical account behavior,NONE,1,2,5,NORMAL,0.0773
L03_003853,466,TRANSFER,830715.76,C677370460,8029975.45,7199259.69,C1157718738,0.0,830715.76,0,0,L03_00771,LEGITIMATE_HIGH_VALUE_HISTORY,High-value transaction consistent with normal historical account behavior,NONE,1,3,5,NORMAL,0.1035
L03_003854,501,TRANSFER,541095.39,C677370460,7199259.69,6658164.3,C1157718738,0.0,541095.39,0,0,L03_00771,LEGITIMATE_HIGH_VALUE_HISTORY,High-value transaction consistent with normal historical account behavior,NONE,1,4,5,NORMAL,0.0752
L03_003855,539,TRANSFER,1997449.29,C677370460,6658164.3,4660715.01,C1157718738,0.0,1997449.29,0,0,L03_00771,LEGITIMATE_HIGH_VALUE_HISTORY,High-value transaction consistent with normal historical account behavior,NONE,1,5,5,NORMAL,0.3
L03_003856,147,TRANSFER,501521.46,C1466170609,7976590.65,7475069.19,C386349248,0.0,501521.46,0,0,L03_00772,LEGITIMATE_HIGH_VALUE_HISTORY,High-value transaction consistent with normal historical account behavior,NONE,1,1,5,NORMAL,0.0629
L03_003857,205,TRANSFER,857950.92,C1466170609,7475069.19,6617118.27,C386349248,0.0,857950.92,0,0,L03_00772,LEGITIMATE_HIGH_VALUE_HISTORY,High-value transaction consistent with normal historical account behavior,NONE,1,2,5,NORMAL,0.1148
L03_003858,243,TRANSFER,292623.95,C1466170609,6617118.27,6324494.32,C386349248,0.0,292623.95,0,0,L03_00772,LEGITIMATE_HIGH_VALUE_HISTORY,High-value transaction consistent with normal historical account behavior,NONE,1,3,5,NORMAL,0.0442
L03_003859,261,TRANSFER,827329.58,C1466170609,6324494.32,5497164.74,C386349248,0.0,827329.58,0,0,L03_00772,LEGITIMATE_HIGH_VALUE_HISTORY,High-value transaction consistent with normal historical account behavior,NONE,1,4,5,NORMAL,0.1308
L03_003860,317,TRANSFER,1649149.42,C1466170609,5497164.74,3848015.32,C386349248,0.0,1649149.42,0,0,L03_00772,LEGITIMATE_HIGH_VALUE_HISTORY,High-value transaction consistent with normal historical account behavior,NONE,1,5,5,NORMAL,0.3
L03_003861,324,TRANSFER,640442.83,C1018418701,17910048.56,17269605.73,C916401786,0.0,640442.83,0,0,L03_00773,LEGITIMATE_HIGH_VALUE_HISTORY,High-value transaction consistent with normal historical account behavior,NONE,1,1,5,NORMAL,0.0358
L03_003862,352,TRANSFER,515826.04,C1018418701,17269605.73,16753779.69,C916401786,0.0,515826.04,0,0,L03_00773,LEGITIMATE_HIGH_VALUE_HISTORY,High-value transaction consistent with normal historical account behavior,NONE,1,2,5,NORMAL,0.0299
L03_003863,391,TRANSFER,380267.38,C1018418701,16753779.69,16373512.31,C916401786,0.0,380267.38,0,0,L03_00773,LEGITIMATE_HIGH_VALUE_HISTORY,High-value transaction consistent with normal historical account behavior,NONE,1,3,5,NORMAL,0.0227
L03_003864,442,TRANSFER,403496.12,C1018418701,16373512.31,15970016.19,C916401786,0.0,403496.12,0,0,L03_00773,LEGITIMATE_HIGH_VALUE_HISTORY,High-value transaction consistent with normal historical account behavior,NONE,1,4,5,NORMAL,0.0246
L03_003865,493,TRANSFER,4791004.86,C1018418701,15970016.19,11179011.33,C916401786,0.0,4791004.86,0,0,L03_00773,LEGITIMATE_HIGH_VALUE_HISTORY,High-value transaction consistent with normal historical account behavior,NONE,1,5,5,NORMAL,0.3
L03_003866,321,TRANSFER,310386.33,C1968732844,18291059.19,17980672.86,C1318632519,0.0,310386.33,0,0,L03_00774,LEGITIMATE_HIGH_VALUE_HISTORY,High-value transaction consistent with normal historical account behavior,NONE,1,1,5,NORMAL,0.017
L03_003867,381,TRANSFER,582244.64,C1968732844,17980672.86,17398428.22,C1318632519,0.0,582244.64,0,0,L03_00774,LEGITIMATE_HIGH_VALUE_HISTORY,High-value transaction consistent with normal historical account behavior,NONE,1,2,5,NORMAL,0.0324
L03_003868,422,TRANSFER,717274.94,C1968732844,17398428.22,16681153.28,C1318632519,0.0,717274.94,0,0,L03_00774,LEGITIMATE_HIGH_VALUE_HISTORY,High-value transaction consistent with normal historical account behavior,NONE,1,3,5,NORMAL,0.0412
L03_003869,449,TRANSFER,735634.97,C1968732844,16681153.28,15945518.31,C1318632519,0.0,735634.97,0,0,L03_00774,LEGITIMATE_HIGH_VALUE_HISTORY,High-value transaction consistent with normal historical account behavior,NONE,1,4,5,NORMAL,0.0441
L03_003870,495,TRANSFER,4783655.49,C1968732844,15945518.31,11161862.82,C1318632519,0.0,4783655.49,0,0,L03_00774,LEGITIMATE_HIGH_VALUE_HISTORY,High-value transaction consistent with normal historical account behavior,NONE,1,5,5,NORMAL,0.3
L03_003871,373,TRANSFER,587701.98,C493126369,8315314.41,7727612.43,C229742910,0.0,587701.98,0,0,L03_00775,LEGITIMATE_HIGH_VALUE_HISTORY,High-value transaction consistent with normal historical account behavior,NONE,1,1,5,NORMAL,0.0707
L03_003872,399,TRANSFER,712412.03,C493126369,7727612.43,7015200.4,C229742910,0.0,712412.03,0,0,L03_00775,LEGITIMATE_HIGH_VALUE_HISTORY,High-value transaction consistent with normal historical account behavior,NONE,1,2,5,NORMAL,0.0922
L03_003873,437,TRANSFER,708397.3,C493126369,7015200.4,6306803.1,C229742910,0.0,708397.3,0,0,L03_00775,LEGITIMATE_HIGH_VALUE_HISTORY,High-value transaction consistent with normal historical account behavior,NONE,1,3,5,NORMAL,0.101
L03_003874,459,TRANSFER,332482.52,C493126369,6306803.1,5974320.58,C229742910,0.0,332482.52,0,0,L03_00775,LEGITIMATE_HIGH_VALUE_HISTORY,High-value transaction consistent with normal historical account behavior,NONE,1,4,5,NORMAL,0.0527
L03_003875,499,TRANSFER,1792296.17,C493126369,5974320.58,4182024.41,C229742910,0.0,1792296.17,0,0,L03_00775,LEGITIMATE_HIGH_VALUE_HISTORY,High-value transaction consistent with normal historical account behavior,NONE,1,5,5,NORMAL,0.3
L03_003876,387,TRANSFER,776190.43,C1386707987,12734413.74,11958223.31,C221088979,0.0,776190.43,0,0,L03_00776,LEGITIMATE_HIGH_VALUE_HISTORY,High-value transaction consistent with normal historical account behavior,NONE,1,1,5,NORMAL,0.061
L03_003877,433,TRANSFER,799373.06,C1386707987,11958223.31,11158850.25,C221088979,0.0,799373.06,0,0,L03_00776,LEGITIMATE_HIGH_VALUE_HISTORY,High-value transaction consistent with normal historical account behavior,NONE,1,2,5,NORMAL,0.0668
L03_003878,449,TRANSFER,770813.92,C1386707987,11158850.25,10388036.33,C221088979,0.0,770813.92,0,0,L03_00776,LEGITIMATE_HIGH_VALUE_HISTORY,High-value transaction consistent with normal historical account behavior,NONE,1,3,5,NORMAL,0.0691
L03_003879,489,TRANSFER,516799.84,C1386707987,10388036.33,9871236.49,C221088979,0.0,516799.84,0,0,L03_00776,LEGITIMATE_HIGH_VALUE_HISTORY,High-value transaction consistent with normal historical account behavior,NONE,1,4,5,NORMAL,0.0497
L03_003880,504,TRANSFER,2961370.95,C1386707987,9871236.49,6909865.54,C221088979,0.0,2961370.95,0,0,L03_00776,LEGITIMATE_HIGH_VALUE_HISTORY,High-value transaction consistent with normal historical account behavior,NONE,1,5,5,NORMAL,0.3
L03_003881,370,TRANSFER,731595.69,C1061201249,8081495.89,7349900.21,C1425885992,0.0,731595.69,0,0,L03_00777,LEGITIMATE_HIGH_VALUE_HISTORY,High-value transaction consistent with normal historical account behavior,NONE,1,1,5,NORMAL,0.0905
L03_003882,430,TRANSFER,649031.12,C1061201249,7349900.21,6700869.08,C1425885992,0.0,649031.12,0,0,L03_00777,LEGITIMATE_HIGH_VALUE_HISTORY,High-value transaction consistent with normal historical account behavior,NONE,1,2,5,NORMAL,0.0883
L03_003883,463,TRANSFER,305154.42,C1061201249,6700869.08,6395714.67,C1425885992,0.0,305154.42,0,0,L03_00777,LEGITIMATE_HIGH_VALUE_HISTORY,High-value transaction consistent with normal historical account behavior,NONE,1,3,5,NORMAL,0.0455
L03_003884,498,TRANSFER,826197.3,C1061201249,6395714.67,5569517.37,C1425885992,0.0,826197.3,0,0,L03_00777,LEGITIMATE_HIGH_VALUE_HISTORY,High-value transaction consistent with normal historical account behavior,NONE,1,4,5,NORMAL,0.1292
L03_003885,550,TRANSFER,1670855.21,C1061201249,5569517.37,3898662.16,C1425885992,0.0,1670855.21,0,0,L03_00777,LEGITIMATE_HIGH_VALUE_HISTORY,High-value transaction consistent with normal historical account behavior,NONE,1,5,5,NORMAL,0.3
L03_003886,446,TRANSFER,378278.54,C625156741,9430332.39,9052053.85,C24245719,0.0,378278.54,0,0,L03_00778,LEGITIMATE_HIGH_VALUE_HISTORY,High-value transaction consistent with normal historical account behavior,NONE,1,1,5,NORMAL,0.0401
L03_003887,498,TRANSFER,716730.03,C625156741,9052053.85,8335323.82,C24245719,0.0,716730.03,0,0,L03_00778,LEGITIMATE_HIGH_VALUE_HISTORY,High-value transaction consistent with normal historical account behavior,NONE,1,2,5,NORMAL,0.0792
L03_003888,525,TRANSFER,855591.51,C625156741,8335323.82,7479732.31,C24245719,0.0,855591.51,0,0,L03_00778,LEGITIMATE_HIGH_VALUE_HISTORY,High-value transaction consistent with normal historical account behavior,NONE,1,3,5,NORMAL,0.1026
L03_003889,564,TRANSFER,846723.85,C625156741,7479732.31,6633008.46,C24245719,0.0,846723.85,0,0,L03_00778,LEGITIMATE_HIGH_VALUE_HISTORY,High-value transaction consistent with normal historical account behavior,NONE,1,4,5,NORMAL,0.1132
L03_003890,579,TRANSFER,1989902.54,C625156741,6633008.46,4643105.92,C24245719,0.0,1989902.54,0,0,L03_00778,LEGITIMATE_HIGH_VALUE_HISTORY,High-value transaction consistent with normal historical account behavior,NONE,1,5,5,NORMAL,0.3
L03_003891,403,TRANSFER,834423.23,C1055721334,9161594.82,8327171.59,C817968031,0.0,834423.23,0,0,L03_00779,LEGITIMATE_HIGH_VALUE_HISTORY,High-value transaction consistent with normal historical account behavior,NONE,1,1,5,NORMAL,0.0911
L03_003892,429,TRANSFER,868210.05,C1055721334,8327171.59,7458961.54,C817968031,0.0,868210.05,0,0,L03_00779,LEGITIMATE_HIGH_VALUE_HISTORY,High-value transaction consistent with normal historical account behavior,NONE,1,2,5,NORMAL,0.1043
L03_003893,459,TRANSFER,765120.99,C1055721334,7458961.54,6693840.55,C817968031,0.0,765120.99,0,0,L03_00779,LEGITIMATE_HIGH_VALUE_HISTORY,High-value transaction consistent with normal historical account behavior,NONE,1,3,5,NORMAL,0.1026
L03_003894,484,TRANSFER,507870.38,C1055721334,6693840.55,6185970.17,C817968031,0.0,507870.38,0,0,L03_00779,LEGITIMATE_HIGH_VALUE_HISTORY,High-value transaction consistent with normal historical account behavior,NONE,1,4,5,NORMAL,0.0759
L03_003895,512,TRANSFER,1855791.05,C1055721334,6185970.17,4330179.12,C817968031,0.0,1855791.05,0,0,L03_00779,LEGITIMATE_HIGH_VALUE_HISTORY,High-value transaction consistent with normal historical account behavior,NONE,1,5,5,NORMAL,0.3
L03_003896,375,TRANSFER,488746.53,C662004033,17071888.61,16583142.08,C959951042,0.0,488746.53,0,0,L03_00780,LEGITIMATE_HIGH_VALUE_HISTORY,High-value transaction consistent with normal historical account behavior,NONE,1,1,5,NORMAL,0.0286
L03_003897,427,TRANSFER,638940.83,C662004033,16583142.08,15944201.25,C959951042,0.0,638940.83,0,0,L03_00780,LEGITIMATE_HIGH_VALUE_HISTORY,High-value transaction consistent with normal historical account behavior,NONE,1,2,5,NORMAL,0.0385
L03_003898,484,TRANSFER,723905.94,C662004033,15944201.25,15220295.31,C959951042,0.0,723905.94,0,0,L03_00780,LEGITIMATE_HIGH_VALUE_HISTORY,High-value transaction consistent with normal historical account behavior,NONE,1,3,5,NORMAL,0.0454
L03_003899,514,TRANSFER,435534.95,C662004033,15220295.31,14784760.36,C959951042,0.0,435534.95,0,0,L03_00780,LEGITIMATE_HIGH_VALUE_HISTORY,High-value transaction consistent with normal historical account behavior,NONE,1,4,5,NORMAL,0.0286
L03_003900,562,TRANSFER,4435428.11,C662004033,14784760.36,10349332.25,C959951042,0.0,4435428.11,0,0,L03_00780,LEGITIMATE_HIGH_VALUE_HISTORY,High-value transaction consistent with normal historical account behavior,NONE,1,5,5,NORMAL,0.3
L03_003901,337,TRANSFER,829778.46,C379476099,9431305.21,8601526.75,C1071713375,0.0,829778.46,0,0,L03_00781,LEGITIMATE_HIGH_VALUE_HISTORY,High-value transaction consistent with normal historical account behavior,NONE,1,1,5,NORMAL,0.088
L03_003902,357,TRANSFER,729161.43,C379476099,8601526.75,7872365.32,C1071713375,0.0,729161.43,0,0,L03_00781,LEGITIMATE_HIGH_VALUE_HISTORY,High-value transaction consistent with normal historical account behavior,NONE,1,2,5,NORMAL,0.0848
L03_003903,388,TRANSFER,572258.12,C379476099,7872365.32,7300107.2,C1071713375,0.0,572258.12,0,0,L03_00781,LEGITIMATE_HIGH_VALUE_HISTORY,High-value transaction consistent with normal historical account behavior,NONE,1,3,5,NORMAL,0.0727
L03_003904,419,TRANSFER,452422.78,C379476099,7300107.2,6847684.42,C1071713375,0.0,452422.78,0,0,L03_00781,LEGITIMATE_HIGH_VALUE_HISTORY,High-value transaction consistent with normal historical account behavior,NONE,1,4,5,NORMAL,0.062
L03_003905,457,TRANSFER,2054305.33,C379476099,6847684.42,4793379.1,C1071713375,0.0,2054305.33,0,0,L03_00781,LEGITIMATE_HIGH_VALUE_HISTORY,High-value transaction consistent with normal historical account behavior,NONE,1,5,5,NORMAL,0.3
L03_003906,449,TRANSFER,399169.42,C1898240422,11033696.08,10634526.66,C67423262,0.0,399169.42,0,0,L03_00782,LEGITIMATE_HIGH_VALUE_HISTORY,High-value transaction consistent with normal historical account behavior,NONE,1,1,5,NORMAL,0.0362
L03_003907,485,TRANSFER,851466.99,C1898240422,10634526.66,9783059.67,C67423262,0.0,851466.99,0,0,L03_00782,LEGITIMATE_HIGH_VALUE_HISTORY,High-value transaction consistent with normal historical account behavior,NONE,1,2,5,NORMAL,0.0801
L03_003908,545,TRANSFER,761806.73,C1898240422,9783059.67,9021252.94,C67423262,0.0,761806.73,0,0,L03_00782,LEGITIMATE_HIGH_VALUE_HISTORY,High-value transaction consistent with normal historical account behavior,NONE,1,3,5,NORMAL,0.0779
L03_003909,593,TRANSFER,727962.7,C1898240422,9021252.94,8293290.24,C67423262,0.0,727962.7,0,0,L03_00782,LEGITIMATE_HIGH_VALUE_HISTORY,High-value transaction consistent with normal historical account behavior,NONE,1,4,5,NORMAL,0.0807
L03_003910,629,TRANSFER,2487987.07,C1898240422,8293290.24,5805303.17,C67423262,0.0,2487987.07,0,0,L03_00782,LEGITIMATE_HIGH_VALUE_HISTORY,High-value transaction consistent with normal historical account behavior,NONE,1,5,5,NORMAL,0.3
L03_003911,265,TRANSFER,405645.34,C539606271,7895929.49,7490284.15,C1752860566,0.0,405645.34,0,0,L03_00783,LEGITIMATE_HIGH_VALUE_HISTORY,High-value transaction consistent with normal historical account behavior,NONE,1,1,5,NORMAL,0.0514
L03_003912,296,TRANSFER,489697.41,C539606271,7490284.15,7000586.74,C1752860566,0.0,489697.41,0,0,L03_00783,LEGITIMATE_HIGH_VALUE_HISTORY,High-value transaction consistent with normal historical account behavior,NONE,1,2,5,NORMAL,0.0654
L03_003913,324,TRANSFER,872823.4,C539606271,7000586.74,6127763.33,C1752860566,0.0,872823.4,0,0,L03_00783,LEGITIMATE_HIGH_VALUE_HISTORY,High-value transaction consistent with normal historical account behavior,NONE,1,3,5,NORMAL,0.1247
L03_003914,370,TRANSFER,582247.48,C539606271,6127763.33,5545515.86,C1752860566,0.0,582247.48,0,0,L03_00783,LEGITIMATE_HIGH_VALUE_HISTORY,High-value transaction consistent with normal historical account behavior,NONE,1,4,5,NORMAL,0.095
L03_003915,422,TRANSFER,1663654.76,C539606271,5545515.86,3881861.1,C1752860566,0.0,1663654.76,0,0,L03_00783,LEGITIMATE_HIGH_VALUE_HISTORY,High-value transaction consistent with normal historical account behavior,NONE,1,5,5,NORMAL,0.3
L03_003916,328,TRANSFER,301849.86,C727878758,17284562.57,16982712.71,C1161494433,0.0,301849.86,0,0,L03_00784,LEGITIMATE_HIGH_VALUE_HISTORY,High-value transaction consistent with normal historical account behavior,NONE,1,1,5,NORMAL,0.0175
L03_003917,382,TRANSFER,293230.36,C727878758,16982712.71,16689482.35,C1161494433,0.0,293230.36,0,0,L03_00784,LEGITIMATE_HIGH_VALUE_HISTORY,High-value transaction consistent with normal historical account behavior,NONE,1,2,5,NORMAL,0.0173
L03_003918,410,TRANSFER,331186.59,C727878758,16689482.35,16358295.76,C1161494433,0.0,331186.59,0,0,L03_00784,LEGITIMATE_HIGH_VALUE_HISTORY,High-value transaction consistent with normal historical account behavior,NONE,1,3,5,NORMAL,0.0198
L03_003919,467,TRANSFER,596774.9,C727878758,16358295.76,15761520.86,C1161494433,0.0,596774.9,0,0,L03_00784,LEGITIMATE_HIGH_VALUE_HISTORY,High-value transaction consistent with normal historical account behavior,NONE,1,4,5,NORMAL,0.0365
L03_003920,488,TRANSFER,4728456.26,C727878758,15761520.86,11033064.6,C1161494433,0.0,4728456.26,0,0,L03_00784,LEGITIMATE_HIGH_VALUE_HISTORY,High-value transaction consistent with normal historical account behavior,NONE,1,5,5,NORMAL,0.3
L03_003921,336,TRANSFER,465926.64,C817096613,17618772.82,17152846.18,C1388298612,0.0,465926.64,0,0,L03_00785,LEGITIMATE_HIGH_VALUE_HISTORY,High-value transaction consistent with normal historical account behavior,NONE,1,1,5,NORMAL,0.0264
L03_003922,358,TRANSFER,658094.4,C817096613,17152846.18,16494751.78,C1388298612,0.0,658094.4,0,0,L03_00785,LEGITIMATE_HIGH_VALUE_HISTORY,High-value transaction consistent with normal historical account behavior,NONE,1,2,5,NORMAL,0.0384
L03_003923,404,TRANSFER,576779.46,C817096613,16494751.78,15917972.32,C1388298612,0.0,576779.46,0,0,L03_00785,LEGITIMATE_HIGH_VALUE_HISTORY,High-value transaction consistent with normal historical account behavior,NONE,1,3,5,NORMAL,0.035
L03_003924,450,TRANSFER,299613.51,C817096613,15917972.32,15618358.81,C1388298612,0.0,299613.51,0,0,L03_00785,LEGITIMATE_HIGH_VALUE_HISTORY,High-value transaction consistent with normal historical account behavior,NONE,1,4,5,NORMAL,0.0188
L03_003925,481,TRANSFER,4685507.64,C817096613,15618358.81,10932851.17,C1388298612,0.0,4685507.64,0,0,L03_00785,LEGITIMATE_HIGH_VALUE_HISTORY,High-value transaction consistent with normal historical account behavior,NONE,1,5,5,NORMAL,0.3
L03_003926,272,TRANSFER,324258.27,C451317525,8927843.82,8603585.55,C750091182,0.0,324258.27,0,0,L03_00786,LEGITIMATE_HIGH_VALUE_HISTORY,High-value transaction consistent with normal historical account behavior,NONE,1,1,5,NORMAL,0.0363
L03_003927,330,TRANSFER,741275.09,C451317525,8603585.55,7862310.46,C750091182,0.0,741275.09,0,0,L03_00786,LEGITIMATE_HIGH_VALUE_HISTORY,High-value transaction consistent with normal historical account behavior,NONE,1,2,5,NORMAL,0.0862
L03_003928,371,TRANSFER,339440.21,C451317525,7862310.46,7522870.25,C750091182,0.0,339440.21,0,0,L03_00786,LEGITIMATE_HIGH_VALUE_HISTORY,High-value transaction consistent with normal historical account behavior,NONE,1,3,5,NORMAL,0.0432
L03_003929,408,TRANSFER,552976.69,C451317525,7522870.25,6969893.56,C750091182,0.0,552976.69,0,0,L03_00786,LEGITIMATE_HIGH_VALUE_HISTORY,High-value transaction consistent with normal historical account behavior,NONE,1,4,5,NORMAL,0.0735
L03_003930,468,TRANSFER,2090968.07,C451317525,6969893.56,4878925.49,C750091182,0.0,2090968.07,0,0,L03_00786,LEGITIMATE_HIGH_VALUE_HISTORY,High-value transaction consistent with normal historical account behavior,NONE,1,5,5,NORMAL,0.3
L03_003931,293,TRANSFER,572678.29,C919986620,9938818.79,9366140.5,C1528658665,0.0,572678.29,0,0,L03_00787,LEGITIMATE_HIGH_VALUE_HISTORY,High-value transaction consistent with normal historical account behavior,NONE,1,1,5,NORMAL,0.0576
L03_003932,336,TRANSFER,322176.73,C919986620,9366140.5,9043963.77,C1528658665,0.0,322176.73,0,0,L03_00787,LEGITIMATE_HIGH_VALUE_HISTORY,High-value transaction consistent with normal historical account behavior,NONE,1,2,5,NORMAL,0.0344
L03_003933,362,TRANSFER,731393.64,C919986620,9043963.77,8312570.13,C1528658665,0.0,731393.64,0,0,L03_00787,LEGITIMATE_HIGH_VALUE_HISTORY,High-value transaction consistent with normal historical account behavior,NONE,1,3,5,NORMAL,0.0809
L03_003934,387,TRANSFER,671270.2,C919986620,8312570.13,7641299.93,C1528658665,0.0,671270.2,0,0,L03_00787,LEGITIMATE_HIGH_VALUE_HISTORY,High-value transaction consistent with normal historical account behavior,NONE,1,4,5,NORMAL,0.0808
L03_003935,423,TRANSFER,2292389.98,C919986620,7641299.93,5348909.95,C1528658665,0.0,2292389.98,0,0,L03_00787,LEGITIMATE_HIGH_VALUE_HISTORY,High-value transaction consistent with normal historical account behavior,NONE,1,5,5,NORMAL,0.3
L03_003936,368,TRANSFER,689154.24,C2124962456,8617350.18,7928195.94,C752403290,0.0,689154.24,0,0,L03_00788,LEGITIMATE_HIGH_VALUE_HISTORY,High-value transaction consistent with normal historical account behavior,NONE,1,1,5,NORMAL,0.08
L03_003937,396,TRANSFER,632104.0,C2124962456,7928195.94,7296091.94,C752403290,0.0,632104.0,0,0,L03_00788,LEGITIMATE_HIGH_VALUE_HISTORY,High-value transaction consistent with normal historical account behavior,NONE,1,2,5,NORMAL,0.0797
L03_003938,434,TRANSFER,405572.27,C2124962456,7296091.94,6890519.67,C752403290,0.0,405572.27,0,0,L03_00788,LEGITIMATE_HIGH_VALUE_HISTORY,High-value transaction consistent with normal historical account behavior,NONE,1,3,5,NORMAL,0.0556
L03_003939,476,TRANSFER,708118.76,C2124962456,6890519.67,6182400.91,C752403290,0.0,708118.76,0,0,L03_00788,LEGITIMATE_HIGH_VALUE_HISTORY,High-value transaction consistent with normal historical account behavior,NONE,1,4,5,NORMAL,0.1028
L03_003940,535,TRANSFER,1854720.27,C2124962456,6182400.91,4327680.64,C752403290,0.0,1854720.27,0,0,L03_00788,LEGITIMATE_HIGH_VALUE_HISTORY,High-value transaction consistent with normal historical account behavior,NONE,1,5,5,NORMAL,0.3
L03_003941,382,TRANSFER,487672.3,C228729026,12218154.93,11730482.63,C470568944,0.0,487672.3,0,0,L03_00789,LEGITIMATE_HIGH_VALUE_HISTORY,High-value transaction consistent with normal historical account behavior,NONE,1,1,5,NORMAL,0.0399
L03_003942,432,TRANSFER,526822.07,C228729026,11730482.63,11203660.56,C470568944,0.0,526822.07,0,0,L03_00789,LEGITIMATE_HIGH_VALUE_HISTORY,High-value transaction consistent with normal historical account behavior,NONE,1,2,5,NORMAL,0.0449
L03_003943,478,TRANSFER,644845.06,C228729026,11203660.56,10558815.5,C470568944,0.0,644845.06,0,0,L03_00789,LEGITIMATE_HIGH_VALUE_HISTORY,High-value transaction consistent with normal historical account behavior,NONE,1,3,5,NORMAL,0.0576
L03_003944,536,TRANSFER,608628.45,C228729026,10558815.5,9950187.05,C470568944,0.0,608628.45,0,0,L03_00789,LEGITIMATE_HIGH_VALUE_HISTORY,High-value transaction consistent with normal historical account behavior,NONE,1,4,5,NORMAL,0.0576
L03_003945,570,TRANSFER,2985056.11,C228729026,9950187.05,6965130.93,C470568944,0.0,2985056.11,0,0,L03_00789,LEGITIMATE_HIGH_VALUE_HISTORY,High-value transaction consistent with normal historical account behavior,NONE,1,5,5,NORMAL,0.3
L03_003946,248,TRANSFER,676998.93,C1283378174,9279802.44,8602803.51,C1029477986,0.0,676998.93,0,0,L03_00790,LEGITIMATE_HIGH_VALUE_HISTORY,High-value transaction consistent with normal historical account behavior,NONE,1,1,5,NORMAL,0.073
L03_003947,284,TRANSFER,749263.82,C1283378174,8602803.51,7853539.69,C1029477986,0.0,749263.82,0,0,L03_00790,LEGITIMATE_HIGH_VALUE_HISTORY,High-value transaction consistent with normal historical account behavior,NONE,1,2,5,NORMAL,0.0871
L03_003948,310,TRANSFER,467706.6,C1283378174,7853539.69,7385833.09,C1029477986,0.0,467706.6,0,0,L03_00790,LEGITIMATE_HIGH_VALUE_HISTORY,High-value transaction consistent with normal historical account behavior,NONE,1,3,5,NORMAL,0.0596
L03_003949,349,TRANSFER,807395.56,C1283378174,7385833.09,6578437.53,C1029477986,0.0,807395.56,0,0,L03_00790,LEGITIMATE_HIGH_VALUE_HISTORY,High-value transaction consistent with normal historical account behavior,NONE,1,4,5,NORMAL,0.1093
L03_003950,365,TRANSFER,1973531.26,C1283378174,6578437.53,4604906.27,C1029477986,0.0,1973531.26,0,0,L03_00790,LEGITIMATE_HIGH_VALUE_HISTORY,High-value transaction consistent with normal historical account behavior,NONE,1,5,5,NORMAL,0.3
L03_003951,85,TRANSFER,485559.24,C804720816,7326754.06,6841194.82,C772586292,0.0,485559.24,0,0,L03_00791,LEGITIMATE_HIGH_VALUE_HISTORY,High-value transaction consistent with normal historical account behavior,NONE,1,1,5,NORMAL,0.0663
L03_003952,100,TRANSFER,715972.45,C804720816,6841194.82,6125222.37,C772586292,0.0,715972.45,0,0,L03_00791,LEGITIMATE_HIGH_VALUE_HISTORY,High-value transaction consistent with normal historical account behavior,NONE,1,2,5,NORMAL,0.1047
L03_003953,115,TRANSFER,312232.28,C804720816,6125222.37,5812990.09,C772586292,0.0,312232.28,0,0,L03_00791,LEGITIMATE_HIGH_VALUE_HISTORY,High-value transaction consistent with normal historical account behavior,NONE,1,3,5,NORMAL,0.051
L03_003954,146,TRANSFER,418664.23,C804720816,5812990.09,5394325.86,C772586292,0.0,418664.23,0,0,L03_00791,LEGITIMATE_HIGH_VALUE_HISTORY,High-value transaction consistent with normal historical account behavior,NONE,1,4,5,NORMAL,0.072
L03_003955,167,TRANSFER,1618297.76,C804720816,5394325.86,3776028.11,C772586292,0.0,1618297.76,0,0,L03_00791,LEGITIMATE_HIGH_VALUE_HISTORY,High-value transaction consistent with normal historical account behavior,NONE,1,5,5,NORMAL,0.3
L03_003956,323,TRANSFER,686535.87,C295470168,13383576.31,12697040.44,C1431076523,0.0,686535.87,0,0,L03_00792,LEGITIMATE_HIGH_VALUE_HISTORY,High-value transaction consistent with normal historical account behavior,NONE,1,1,5,NORMAL,0.0513
L03_003957,358,TRANSFER,811243.68,C295470168,12697040.44,11885796.76,C1431076523,0.0,811243.68,0,0,L03_00792,LEGITIMATE_HIGH_VALUE_HISTORY,High-value transaction consistent with normal historical account behavior,NONE,1,2,5,NORMAL,0.0639
L03_003958,374,TRANSFER,506358.2,C295470168,11885796.76,11379438.56,C1431076523,0.0,506358.2,0,0,L03_00792,LEGITIMATE_HIGH_VALUE_HISTORY,High-value transaction consistent with normal historical account behavior,NONE,1,3,5,NORMAL,0.0426
L03_003959,397,TRANSFER,724893.15,C295470168,11379438.56,10654545.41,C1431076523,0.0,724893.15,0,0,L03_00792,LEGITIMATE_HIGH_VALUE_HISTORY,High-value transaction consistent with normal historical account behavior,NONE,1,4,5,NORMAL,0.0637
L03_003960,425,TRANSFER,3196363.62,C295470168,10654545.41,7458181.79,C1431076523,0.0,3196363.62,0,0,L03_00792,LEGITIMATE_HIGH_VALUE_HISTORY,High-value transaction consistent with normal historical account behavior,NONE,1,5,5,NORMAL,0.3
L03_003961,365,TRANSFER,343007.47,C230130826,8071122.74,7728115.27,C916308174,0.0,343007.47,0,0,L03_00793,LEGITIMATE_HIGH_VALUE_HISTORY,High-value transaction consistent with normal historical account behavior,NONE,1,1,5,NORMAL,0.0425
L03_003962,417,TRANSFER,480284.49,C230130826,7728115.27,7247830.78,C916308174,0.0,480284.49,0,0,L03_00793,LEGITIMATE_HIGH_VALUE_HISTORY,High-value transaction consistent with normal historical account behavior,NONE,1,2,5,NORMAL,0.0621
L03_003963,432,TRANSFER,355586.52,C230130826,7247830.78,6892244.26,C916308174,0.0,355586.52,0,0,L03_00793,LEGITIMATE_HIGH_VALUE_HISTORY,High-value transaction consistent with normal historical account behavior,NONE,1,3,5,NORMAL,0.0491
L03_003964,459,TRANSFER,530424.28,C230130826,6892244.26,6361819.98,C916308174,0.0,530424.28,0,0,L03_00793,LEGITIMATE_HIGH_VALUE_HISTORY,High-value transaction consistent with normal historical account behavior,NONE,1,4,5,NORMAL,0.077
L03_003965,517,TRANSFER,1908545.99,C230130826,6361819.98,4453273.98,C916308174,0.0,1908545.99,0,0,L03_00793,LEGITIMATE_HIGH_VALUE_HISTORY,High-value transaction consistent with normal historical account behavior,NONE,1,5,5,NORMAL,0.3
L03_003966,372,TRANSFER,851053.24,C670307467,7556107.56,6705054.32,C2049877348,0.0,851053.24,0,0,L03_00794,LEGITIMATE_HIGH_VALUE_HISTORY,High-value transaction consistent with normal historical account behavior,NONE,1,1,5,NORMAL,0.1126
L03_003967,405,TRANSFER,619284.58,C670307467,6705054.32,6085769.74,C2049877348,0.0,619284.58,0,0,L03_00794,LEGITIMATE_HIGH_VALUE_HISTORY,High-value transaction consistent with normal historical account behavior,NONE,1,2,5,NORMAL,0.0924
L03_003968,431,TRANSFER,520503.63,C670307467,6085769.74,5565266.11,C2049877348,0.0,520503.63,0,0,L03_00794,LEGITIMATE_HIGH_VALUE_HISTORY,High-value transaction consistent with normal historical account behavior,NONE,1,3,5,NORMAL,0.0855
L03_003969,480,TRANSFER,316115.4,C670307467,5565266.11,5249150.71,C2049877348,0.0,316115.4,0,0,L03_00794,LEGITIMATE_HIGH_VALUE_HISTORY,High-value transaction consistent with normal historical account behavior,NONE,1,4,5,NORMAL,0.0568
L03_003970,519,TRANSFER,1574745.21,C670307467,5249150.71,3674405.5,C2049877348,0.0,1574745.21,0,0,L03_00794,LEGITIMATE_HIGH_VALUE_HISTORY,High-value transaction consistent with normal historical account behavior,NONE,1,5,5,NORMAL,0.3
L03_003971,393,TRANSFER,763492.84,C1469309893,9563398.96,8799906.12,C656400047,0.0,763492.84,0,0,L03_00795,LEGITIMATE_HIGH_VALUE_HISTORY,High-value transaction consistent with normal historical account behavior,NONE,1,1,5,NORMAL,0.0798
L03_003972,452,TRANSFER,541706.54,C1469309893,8799906.12,8258199.58,C656400047,0.0,541706.54,0,0,L03_00795,LEGITIMATE_HIGH_VALUE_HISTORY,High-value transaction consistent with normal historical account behavior,NONE,1,2,5,NORMAL,0.0616
L03_003973,508,TRANSFER,461425.21,C1469309893,8258199.58,7796774.38,C656400047,0.0,461425.21,0,0,L03_00795,LEGITIMATE_HIGH_VALUE_HISTORY,High-value transaction consistent with normal historical account behavior,NONE,1,3,5,NORMAL,0.0559
L03_003974,549,TRANSFER,339883.26,C1469309893,7796774.38,7456891.12,C656400047,0.0,339883.26,0,0,L03_00795,LEGITIMATE_HIGH_VALUE_HISTORY,High-value transaction consistent with normal historical account behavior,NONE,1,4,5,NORMAL,0.0436
L03_003975,595,TRANSFER,2237067.33,C1469309893,7456891.12,5219823.78,C656400047,0.0,2237067.33,0,0,L03_00795,LEGITIMATE_HIGH_VALUE_HISTORY,High-value transaction consistent with normal historical account behavior,NONE,1,5,5,NORMAL,0.3
L03_003976,345,TRANSFER,811797.18,C410243286,11555998.32,10744201.14,C893663718,0.0,811797.18,0,0,L03_00796,LEGITIMATE_HIGH_VALUE_HISTORY,High-value transaction consistent with normal historical account behavior,NONE,1,1,5,NORMAL,0.0702
L03_003977,381,TRANSFER,778069.49,C410243286,10744201.14,9966131.65,C893663718,0.0,778069.49,0,0,L03_00796,LEGITIMATE_HIGH_VALUE_HISTORY,High-value transaction consistent with normal historical account behavior,NONE,1,2,5,NORMAL,0.0724
L03_003978,435,TRANSFER,485228.52,C410243286,9966131.65,9480903.13,C893663718,0.0,485228.52,0,0,L03_00796,LEGITIMATE_HIGH_VALUE_HISTORY,High-value transaction consistent with normal historical account behavior,NONE,1,3,5,NORMAL,0.0487
L03_003979,480,TRANSFER,772403.5,C410243286,9480903.13,8708499.63,C893663718,0.0,772403.5,0,0,L03_00796,LEGITIMATE_HIGH_VALUE_HISTORY,High-value transaction consistent with normal historical account behavior,NONE,1,4,5,NORMAL,0.0815
L03_003980,527,TRANSFER,2612549.89,C410243286,8708499.63,6095949.74,C893663718,0.0,2612549.89,0,0,L03_00796,LEGITIMATE_HIGH_VALUE_HISTORY,High-value transaction consistent with normal historical account behavior,NONE,1,5,5,NORMAL,0.3
L03_003981,392,TRANSFER,748991.31,C1774928535,9703830.39,8954839.08,C1508466053,0.0,748991.31,0,0,L03_00797,LEGITIMATE_HIGH_VALUE_HISTORY,High-value transaction consistent with normal historical account behavior,NONE,1,1,5,NORMAL,0.0772
L03_003982,415,TRANSFER,769521.33,C1774928535,8954839.08,8185317.75,C1508466053,0.0,769521.33,0,0,L03_00797,LEGITIMATE_HIGH_VALUE_HISTORY,High-value transaction consistent with normal historical account behavior,NONE,1,2,5,NORMAL,0.0859
L03_003983,446,TRANSFER,708025.16,C1774928535,8185317.75,7477292.59,C1508466053,0.0,708025.16,0,0,L03_00797,LEGITIMATE_HIGH_VALUE_HISTORY,High-value transaction consistent with normal historical account behavior,NONE,1,3,5,NORMAL,0.0865
L03_003984,480,TRANSFER,571813.52,C1774928535,7477292.59,6905479.07,C1508466053,0.0,571813.52,0,0,L03_00797,LEGITIMATE_HIGH_VALUE_HISTORY,High-value transaction consistent with normal historical account behavior,NONE,1,4,5,NORMAL,0.0765
L03_003985,538,TRANSFER,2071643.72,C1774928535,6905479.07,4833835.35,C1508466053,0.0,2071643.72,0,0,L03_00797,LEGITIMATE_HIGH_VALUE_HISTORY,High-value transaction consistent with normal historical account behavior,NONE,1,5,5,NORMAL,0.3
L03_003986,333,TRANSFER,342950.35,C1993764507,14049480.72,13706530.37,C176857850,0.0,342950.35,0,0,L03_00798,LEGITIMATE_HIGH_VALUE_HISTORY,High-value transaction consistent with normal historical account behavior,NONE,1,1,5,NORMAL,0.0244
L03_003987,384,TRANSFER,378499.89,C1993764507,13706530.37,13328030.48,C176857850,0.0,378499.89,0,0,L03_00798,LEGITIMATE_HIGH_VALUE_HISTORY,High-value transaction consistent with normal historical account behavior,NONE,1,2,5,NORMAL,0.0276
L03_003988,427,TRANSFER,817884.76,C1993764507,13328030.48,12510145.72,C176857850,0.0,817884.76,0,0,L03_00798,LEGITIMATE_HIGH_VALUE_HISTORY,High-value transaction consistent with normal historical account behavior,NONE,1,3,5,NORMAL,0.0614
L03_003989,471,TRANSFER,339424.28,C1993764507,12510145.72,12170721.44,C176857850,0.0,339424.28,0,0,L03_00798,LEGITIMATE_HIGH_VALUE_HISTORY,High-value transaction consistent with normal historical account behavior,NONE,1,4,5,NORMAL,0.0271
L03_003990,514,TRANSFER,3651216.43,C1993764507,12170721.44,8519505.01,C176857850,0.0,3651216.43,0,0,L03_00798,LEGITIMATE_HIGH_VALUE_HISTORY,High-value transaction consistent with normal historical account behavior,NONE,1,5,5,NORMAL,0.3
L03_003991,345,TRANSFER,570202.93,C2059461312,7958880.3,7388677.37,C2141119276,0.0,570202.93,0,0,L03_00799,LEGITIMATE_HIGH_VALUE_HISTORY,High-value transaction consistent with normal historical account behavior,NONE,1,1,5,NORMAL,0.0716
L03_003992,381,TRANSFER,397957.17,C2059461312,7388677.37,6990720.2,C2141119276,0.0,397957.17,0,0,L03_00799,LEGITIMATE_HIGH_VALUE_HISTORY,High-value transaction consistent with normal historical account behavior,NONE,1,2,5,NORMAL,0.0539
L03_003993,420,TRANSFER,611884.79,C2059461312,6990720.2,6378835.41,C2141119276,0.0,611884.79,0,0,L03_00799,LEGITIMATE_HIGH_VALUE_HISTORY,High-value transaction consistent with normal historical account behavior,NONE,1,3,5,NORMAL,0.0875
L03_003994,447,TRANSFER,780781.4,C2059461312,6378835.41,5598054.01,C2141119276,0.0,780781.4,0,0,L03_00799,LEGITIMATE_HIGH_VALUE_HISTORY,High-value transaction consistent with normal historical account behavior,NONE,1,4,5,NORMAL,0.1224
L03_003995,507,TRANSFER,1679416.2,C2059461312,5598054.01,3918637.81,C2141119276,0.0,1679416.2,0,0,L03_00799,LEGITIMATE_HIGH_VALUE_HISTORY,High-value transaction consistent with normal historical account behavior,NONE,1,5,5,NORMAL,0.3
L03_003996,374,TRANSFER,796197.38,C1670213925,9241133.62,8444936.24,C957325666,0.0,796197.38,0,0,L03_00800,LEGITIMATE_HIGH_VALUE_HISTORY,High-value transaction consistent with normal historical account behavior,NONE,1,1,5,NORMAL,0.0862
L03_003997,417,TRANSFER,864203.8,C1670213925,8444936.24,7580732.44,C957325666,0.0,864203.8,0,0,L03_00800,LEGITIMATE_HIGH_VALUE_HISTORY,High-value transaction consistent with normal historical account behavior,NONE,1,2,5,NORMAL,0.1023
L03_003998,439,TRANSFER,797486.74,C1670213925,7580732.44,6783245.7,C957325666,0.0,797486.74,0,0,L03_00800,LEGITIMATE_HIGH_VALUE_HISTORY,High-value transaction consistent with normal historical account behavior,NONE,1,3,5,NORMAL,0.1052
L03_003999,491,TRANSFER,526106.58,C1670213925,6783245.7,6257139.12,C957325666,0.0,526106.58,0,0,L03_00800,LEGITIMATE_HIGH_VALUE_HISTORY,High-value transaction consistent with normal historical account behavior,NONE,1,4,5,NORMAL,0.0776
L03_004000,514,TRANSFER,1877141.74,C1670213925,6257139.12,4379997.39,C957325666,0.0,1877141.74,0,0,L03_00800,LEGITIMATE_HIGH_VALUE_HISTORY,High-value transaction consistent with normal historical account behavior,NONE,1,5,5,NORMAL,0.3
