record_id,step,type,amount,nameOrig,oldbalanceOrg,newbalanceOrig,nameDest,oldbalanceDest,newbalanceDest,isFraud,isFlaggedFraud,scenario_id,scenario_type,severity,is_legitimate_counterexample,dispersion_position,destinations_in_scenario,step_gap_from_previous,scenario_step_window,scenario_total_amount,sender_balance_usage_ratio,destination_balance_usage_ratio,dispersion_pattern,historical_pattern
L10_000001,558,TRANSFER,21520.42,LD000001_S,1779001.29,1757480.87,LD000001_D1,580932.82,602453.24,0,0,L10_000001,LEGITIMATE_FUND_DISPERSION,NONE,1,1,5,0,9,266850.2,0.012097,0.037045,ONE_TO_MANY,NORMAL
L10_000002,559,TRANSFER,57489.79,LD000001_S,1757480.87,1699991.08,LD000001_D2,959216.35,1016706.14,0,0,L10_000001,LEGITIMATE_FUND_DISPERSION,NONE,1,2,5,1,9,266850.2,0.032711,0.059934,ONE_TO_MANY,NORMAL
L10_000003,562,TRANSFER,68130.46,LD000001_S,1699991.08,1631860.62,LD000001_D3,525893.61,594024.07,0,0,L10_000001,LEGITIMATE_FUND_DISPERSION,NONE,1,3,5,3,9,266850.2,0.040077,0.129552,ONE_TO_MANY,NORMAL
L10_000004,565,TRANSFER,52694.45,LD000001_S,1631860.62,1579166.17,LD000001_D4,563291.72,615986.17,0,0,L10_000001,LEGITIMATE_FUND_DISPERSION,NONE,1,4,5,3,9,266850.2,0.032291,0.093547,ONE_TO_MANY,NORMAL
L10_000005,567,TRANSFER,67015.08,LD000001_S,1579166.17,1512151.09,LD000001_D5,760617.85,827632.93,0,0,L10_000001,LEGITIMATE_FUND_DISPERSION,NONE,1,5,5,2,9,266850.2,0.042437,0.088106,ONE_TO_MANY,NORMAL
L10_000006,879,TRANSFER,56468.69,LD000002_S,1682592.68,1626123.99,LD000002_D1,824868.69,881337.38,0,0,L10_000002,LEGITIMATE_FUND_DISPERSION,NONE,1,1,5,0,4,252388.91,0.033561,0.068458,ONE_TO_MANY,NORMAL
L10_000007,880,TRANSFER,49119.86,LD000002_S,1626123.99,1577004.13,LD000002_D2,649403.26,698523.12,0,0,L10_000002,LEGITIMATE_FUND_DISPERSION,NONE,1,2,5,1,4,252388.91,0.030207,0.075638,ONE_TO_MANY,NORMAL
L10_000008,881,TRANSFER,44754.86,LD000002_S,1577004.13,1532249.27,LD000002_D3,501889.45,546644.31,0,0,L10_000002,LEGITIMATE_FUND_DISPERSION,NONE,1,3,5,1,4,252388.91,0.02838,0.089173,ONE_TO_MANY,NORMAL
L10_000009,882,TRANSFER,35902.4,LD000002_S,1532249.27,1496346.87,LD000002_D4,1045753.47,1081655.87,0,0,L10_000002,LEGITIMATE_FUND_DISPERSION,NONE,1,4,5,1,4,252388.91,0.023431,0.034332,ONE_TO_MANY,NORMAL
L10_000010,883,TRANSFER,66143.1,LD000002_S,1496346.87,1430203.77,LD000002_D5,920694.75,986837.85,0,0,L10_000002,LEGITIMATE_FUND_DISPERSION,NONE,1,5,5,1,4,252388.91,0.044203,0.07184,ONE_TO_MANY,NORMAL
L10_000011,61,TRANSFER,40487.56,LD000003_S,1623587.66,1583100.1,LD000003_D1,712132.71,752620.27,0,0,L10_000003,LEGITIMATE_FUND_DISPERSION,NONE,1,1,5,0,10,243538.16,0.024937,0.056854,ONE_TO_MANY,NORMAL
L10_000012,64,TRANSFER,57552.46,LD000003_S,1583100.1,1525547.64,LD000003_D2,830149.05,887701.51,0,0,L10_000003,LEGITIMATE_FUND_DISPERSION,NONE,1,2,5,3,10,243538.16,0.036354,0.069328,ONE_TO_MANY,NORMAL
L10_000013,67,TRANSFER,23054.83,LD000003_S,1525547.64,1502492.81,LD000003_D3,1193116.09,1216170.92,0,0,L10_000003,LEGITIMATE_FUND_DISPERSION,NONE,1,3,5,3,10,243538.16,0.015112,0.019323,ONE_TO_MANY,NORMAL
L10_000014,70,TRANSFER,56960.51,LD000003_S,1502492.81,1445532.3,LD000003_D4,879178.69,936139.2,0,0,L10_000003,LEGITIMATE_FUND_DISPERSION,NONE,1,4,5,3,10,243538.16,0.037911,0.064788,ONE_TO_MANY,NORMAL
L10_000015,71,TRANSFER,65482.8,LD000003_S,1445532.3,1380049.5,LD000003_D5,481222.71,546705.51,0,0,L10_000003,LEGITIMATE_FUND_DISPERSION,NONE,1,5,5,1,10,243538.16,0.0453,0.136076,ONE_TO_MANY,NORMAL
L10_000016,776,TRANSFER,46738.13,LD000004_S,1804892.79,1758154.66,LD000004_D1,536618.67,583356.8,0,0,L10_000004,LEGITIMATE_FUND_DISPERSION,NONE,1,1,5,0,7,247591.56,0.025895,0.087097,ONE_TO_MANY,NORMAL
L10_000017,777,TRANSFER,15370.89,LD000004_S,1758154.66,1742783.77,LD000004_D2,823873.72,839244.61,0,0,L10_000004,LEGITIMATE_FUND_DISPERSION,NONE,1,2,5,1,7,247591.56,0.008743,0.018657,ONE_TO_MANY,NORMAL
L10_000018,779,TRANSFER,46588.25,LD000004_S,1742783.77,1696195.52,LD000004_D3,1085547.4,1132135.65,0,0,L10_000004,LEGITIMATE_FUND_DISPERSION,NONE,1,3,5,2,7,247591.56,0.026732,0.042917,ONE_TO_MANY,NORMAL
L10_000019,782,TRANSFER,27420.69,LD000004_S,1696195.52,1668774.83,LD000004_D4,1143521.95,1170942.64,0,0,L10_000004,LEGITIMATE_FUND_DISPERSION,NONE,1,4,5,3,7,247591.56,0.016166,0.023979,ONE_TO_MANY,NORMAL
L10_000020,783,TRANSFER,111473.6,LD000004_S,1668774.83,1557301.23,LD000004_D5,775104.33,886577.93,0,0,L10_000004,LEGITIMATE_FUND_DISPERSION,NONE,1,5,5,1,7,247591.56,0.0668,0.143818,ONE_TO_MANY,NORMAL
L10_000021,671,TRANSFER,90341.91,LD000005_S,1780822.13,1690480.22,LD000005_D1,1171368.75,1261710.66,0,0,L10_000005,LEGITIMATE_FUND_DISPERSION,NONE,1,1,5,0,8,267123.33,0.05073,0.077125,ONE_TO_MANY,NORMAL
L10_000022,674,TRANSFER,103629.92,LD000005_S,1690480.22,1586850.3,LD000005_D2,1111267.72,1214897.64,0,0,L10_000005,LEGITIMATE_FUND_DISPERSION,NONE,1,2,5,3,8,267123.33,0.061302,0.093254,ONE_TO_MANY,NORMAL
L10_000023,675,TRANSFER,21075.73,LD000005_S,1586850.3,1565774.57,LD000005_D3,719961.53,741037.26,0,0,L10_000005,LEGITIMATE_FUND_DISPERSION,NONE,1,3,5,1,8,267123.33,0.013281,0.029273,ONE_TO_MANY,NORMAL
L10_000024,677,TRANSFER,34857.01,LD000005_S,1565774.57,1530917.56,LD000005_D4,851761.63,886618.64,0,0,L10_000005,LEGITIMATE_FUND_DISPERSION,NONE,1,4,5,2,8,267123.33,0.022262,0.040923,ONE_TO_MANY,NORMAL
L10_000025,679,TRANSFER,17218.76,LD000005_S,1530917.56,1513698.8,LD000005_D5,1048969.21,1066187.97,0,0,L10_000005,LEGITIMATE_FUND_DISPERSION,NONE,1,5,5,2,8,267123.33,0.011247,0.016415,ONE_TO_MANY,NORMAL
L10_000026,210,TRANSFER,92278.23,LD000006_S,2335151.4,2242873.17,LD000006_D1,998943.19,1091221.42,0,0,L10_000006,LEGITIMATE_FUND_DISPERSION,NONE,1,1,5,0,11,350272.71,0.039517,0.092376,ONE_TO_MANY,NORMAL
L10_000027,212,TRANSFER,59883.78,LD000006_S,2242873.17,2182989.39,LD000006_D2,410511.55,470395.33,0,0,L10_000006,LEGITIMATE_FUND_DISPERSION,NONE,1,2,5,2,11,350272.71,0.0267,0.145876,ONE_TO_MANY,NORMAL
L10_000028,215,TRANSFER,36086.2,LD000006_S,2182989.39,2146903.19,LD000006_D3,703071.17,739157.37,0,0,L10_000006,LEGITIMATE_FUND_DISPERSION,NONE,1,3,5,3,11,350272.71,0.016531,0.051327,ONE_TO_MANY,NORMAL
L10_000029,218,TRANSFER,53712.9,LD000006_S,2146903.19,2093190.29,LD000006_D4,816732.59,870445.49,0,0,L10_000006,LEGITIMATE_FUND_DISPERSION,NONE,1,4,5,3,11,350272.71,0.025019,0.065766,ONE_TO_MANY,NORMAL
L10_000030,221,TRANSFER,108311.6,LD000006_S,2093190.29,1984878.69,LD000006_D5,1146721.36,1255032.96,0,0,L10_000006,LEGITIMATE_FUND_DISPERSION,NONE,1,5,5,3,11,350272.71,0.051745,0.094453,ONE_TO_MANY,NORMAL
L10_000031,674,TRANSFER,70052.5,LD000007_S,1641433.14,1571380.64,LD000007_D1,1076989.88,1147042.38,0,0,L10_000007,LEGITIMATE_FUND_DISPERSION,NONE,1,1,5,0,8,246214.97,0.042678,0.065045,ONE_TO_MANY,NORMAL
L10_000032,675,TRANSFER,31712.39,LD000007_S,1571380.64,1539668.25,LD000007_D2,1227367.77,1259080.16,0,0,L10_000007,LEGITIMATE_FUND_DISPERSION,NONE,1,2,5,1,8,246214.97,0.020181,0.025838,ONE_TO_MANY,NORMAL
L10_000033,678,TRANSFER,43715.18,LD000007_S,1539668.25,1495953.07,LD000007_D3,468911.28,512626.46,0,0,L10_000007,LEGITIMATE_FUND_DISPERSION,NONE,1,3,5,3,8,246214.97,0.028393,0.093227,ONE_TO_MANY,NORMAL
L10_000034,681,TRANSFER,29156.68,LD000007_S,1495953.07,1466796.39,LD000007_D4,1231275.86,1260432.54,0,0,L10_000007,LEGITIMATE_FUND_DISPERSION,NONE,1,4,5,3,8,246214.97,0.01949,0.02368,ONE_TO_MANY,NORMAL
L10_000035,682,TRANSFER,71578.22,LD000007_S,1466796.39,1395218.17,LD000007_D5,1066929.08,1138507.3,0,0,L10_000007,LEGITIMATE_FUND_DISPERSION,NONE,1,5,5,1,8,246214.97,0.048799,0.067088,ONE_TO_MANY,NORMAL
L10_000036,452,TRANSFER,25118.84,LD000008_S,1295149.61,1270030.77,LD000008_D1,1222908.99,1248027.83,0,0,L10_000008,LEGITIMATE_FUND_DISPERSION,NONE,1,1,5,0,9,194272.44,0.019395,0.02054,ONE_TO_MANY,NORMAL
L10_000037,454,TRANSFER,68079.07,LD000008_S,1270030.77,1201951.7,LD000008_D2,991072.75,1059151.82,0,0,L10_000008,LEGITIMATE_FUND_DISPERSION,NONE,1,2,5,2,9,194272.44,0.053604,0.068692,ONE_TO_MANY,NORMAL
L10_000038,455,TRANSFER,14060.51,LD000008_S,1201951.7,1187891.19,LD000008_D3,671638.39,685698.9,0,0,L10_000008,LEGITIMATE_FUND_DISPERSION,NONE,1,3,5,1,9,194272.44,0.011698,0.020935,ONE_TO_MANY,NORMAL
L10_000039,458,TRANSFER,16900.97,LD000008_S,1187891.19,1170990.22,LD000008_D4,1167021.04,1183922.01,0,0,L10_000008,LEGITIMATE_FUND_DISPERSION,NONE,1,4,5,3,9,194272.44,0.014228,0.014482,ONE_TO_MANY,NORMAL
L10_000040,461,TRANSFER,70113.05,LD000008_S,1170990.22,1100877.17,LD000008_D5,718006.67,788119.72,0,0,L10_000008,LEGITIMATE_FUND_DISPERSION,NONE,1,5,5,3,9,194272.44,0.059875,0.09765,ONE_TO_MANY,NORMAL
L10_000041,836,TRANSFER,41359.18,LD000009_S,2456001.15,2414641.97,LD000009_D1,1128288.73,1169647.91,0,0,L10_000009,LEGITIMATE_FUND_DISPERSION,NONE,1,1,5,0,8,368400.18,0.01684,0.036657,ONE_TO_MANY,NORMAL
L10_000042,838,TRANSFER,33900.24,LD000009_S,2414641.97,2380741.73,LD000009_D2,1023977.13,1057877.37,0,0,L10_000009,LEGITIMATE_FUND_DISPERSION,NONE,1,2,5,2,8,368400.18,0.014039,0.033106,ONE_TO_MANY,NORMAL
L10_000043,839,TRANSFER,131377.3,LD000009_S,2380741.73,2249364.43,LD000009_D3,1004530.05,1135907.35,0,0,L10_000009,LEGITIMATE_FUND_DISPERSION,NONE,1,3,5,1,8,368400.18,0.055183,0.130785,ONE_TO_MANY,NORMAL
L10_000044,841,TRANSFER,66620.47,LD000009_S,2249364.43,2182743.96,LD000009_D4,973050.12,1039670.59,0,0,L10_000009,LEGITIMATE_FUND_DISPERSION,NONE,1,4,5,2,8,368400.18,0.029617,0.068466,ONE_TO_MANY,NORMAL
L10_000045,844,TRANSFER,95142.99,LD000009_S,2182743.96,2087600.97,LD000009_D5,1057731.18,1152874.17,0,0,L10_000009,LEGITIMATE_FUND_DISPERSION,NONE,1,5,5,3,8,368400.18,0.043589,0.08995,ONE_TO_MANY,NORMAL
L10_000046,464,TRANSFER,53137.48,LD000010_S,1779060.21,1725922.73,LD000010_D1,569005.11,622142.59,0,0,L10_000010,LEGITIMATE_FUND_DISPERSION,NONE,1,1,5,0,9,266859.03,0.029868,0.093387,ONE_TO_MANY,NORMAL
L10_000047,467,TRANSFER,13512.7,LD000010_S,1725922.73,1712410.03,LD000010_D2,523476.06,536988.76,0,0,L10_000010,LEGITIMATE_FUND_DISPERSION,NONE,1,2,5,3,9,266859.03,0.007829,0.025813,ONE_TO_MANY,NORMAL
L10_000048,470,TRANSFER,16801.01,LD000010_S,1712410.03,1695609.02,LD000010_D3,970338.79,987139.8,0,0,L10_000010,LEGITIMATE_FUND_DISPERSION,NONE,1,3,5,3,9,266859.03,0.009811,0.017315,ONE_TO_MANY,NORMAL
L10_000049,472,TRANSFER,78133.45,LD000010_S,1695609.02,1617475.57,LD000010_D4,706410.01,784543.46,0,0,L10_000010,LEGITIMATE_FUND_DISPERSION,NONE,1,4,5,2,9,266859.03,0.04608,0.110606,ONE_TO_MANY,NORMAL
L10_000050,473,TRANSFER,105274.39,LD000010_S,1617475.57,1512201.18,LD000010_D5,892631.54,997905.93,0,0,L10_000010,LEGITIMATE_FUND_DISPERSION,NONE,1,5,5,1,9,266859.03,0.065086,0.117937,ONE_TO_MANY,NORMAL
L10_000051,328,TRANSFER,65110.25,LD000011_S,1884039.13,1818928.88,LD000011_D1,670510.58,735620.83,0,0,L10_000011,LEGITIMATE_FUND_DISPERSION,NONE,1,1,5,0,7,282605.86,0.034559,0.097105,ONE_TO_MANY,NORMAL
L10_000052,330,TRANSFER,56929.58,LD000011_S,1818928.88,1761999.3,LD000011_D2,968824.25,1025753.83,0,0,L10_000011,LEGITIMATE_FUND_DISPERSION,NONE,1,2,5,2,7,282605.86,0.031298,0.058762,ONE_TO_MANY,NORMAL
L10_000053,331,TRANSFER,79921.65,LD000011_S,1761999.3,1682077.65,LD000011_D3,528736.54,608658.19,0,0,L10_000011,LEGITIMATE_FUND_DISPERSION,NONE,1,3,5,1,7,282605.86,0.045359,0.151156,ONE_TO_MANY,NORMAL
L10_000054,334,TRANSFER,61865.52,LD000011_S,1682077.65,1620212.13,LD000011_D4,616783.56,678649.08,0,0,L10_000011,LEGITIMATE_FUND_DISPERSION,NONE,1,4,5,3,7,282605.86,0.036779,0.100303,ONE_TO_MANY,NORMAL
L10_000055,335,TRANSFER,18778.86,LD000011_S,1620212.13,1601433.27,LD000011_D5,797856.87,816635.73,0,0,L10_000011,LEGITIMATE_FUND_DISPERSION,NONE,1,5,5,1,7,282605.86,0.01159,0.023537,ONE_TO_MANY,NORMAL
L10_000056,198,TRANSFER,21766.61,LD000012_S,2527214.33,2505447.72,LD000012_D1,997659.03,1019425.64,0,0,L10_000012,LEGITIMATE_FUND_DISPERSION,NONE,1,1,5,0,8,379082.14,0.008613,0.021818,ONE_TO_MANY,NORMAL
L10_000057,201,TRANSFER,149770.67,LD000012_S,2505447.72,2355677.05,LD000012_D2,447563.65,597334.32,0,0,L10_000012,LEGITIMATE_FUND_DISPERSION,NONE,1,2,5,3,8,379082.14,0.059778,0.334635,ONE_TO_MANY,NORMAL
L10_000058,203,TRANSFER,45148.71,LD000012_S,2355677.05,2310528.34,LD000012_D3,956836.96,1001985.67,0,0,L10_000012,LEGITIMATE_FUND_DISPERSION,NONE,1,3,5,2,8,379082.14,0.019166,0.047185,ONE_TO_MANY,NORMAL
L10_000059,204,TRANSFER,110641.1,LD000012_S,2310528.34,2199887.24,LD000012_D4,723813.91,834455.01,0,0,L10_000012,LEGITIMATE_FUND_DISPERSION,NONE,1,4,5,1,8,379082.14,0.047886,0.152858,ONE_TO_MANY,NORMAL
L10_000060,206,TRANSFER,51755.05,LD000012_S,2199887.24,2148132.19,LD000012_D5,840630.54,892385.59,0,0,L10_000012,LEGITIMATE_FUND_DISPERSION,NONE,1,5,5,2,8,379082.14,0.023526,0.061567,ONE_TO_MANY,NORMAL
L10_000061,364,TRANSFER,48870.94,LD000013_S,2486251.85,2437380.91,LD000013_D1,666398.33,715269.27,0,0,L10_000013,LEGITIMATE_FUND_DISPERSION,NONE,1,1,5,0,7,235348.86,0.019656,0.073336,ONE_TO_MANY,NORMAL
L10_000062,365,TRANSFER,33089.73,LD000013_S,2437380.91,2404291.18,LD000013_D2,779737.26,812826.99,0,0,L10_000013,LEGITIMATE_FUND_DISPERSION,NONE,1,2,5,1,7,235348.86,0.013576,0.042437,ONE_TO_MANY,NORMAL
L10_000063,368,TRANSFER,107279.65,LD000013_S,2404291.18,2297011.53,LD000013_D3,551192.22,658471.87,0,0,L10_000013,LEGITIMATE_FUND_DISPERSION,NONE,1,3,5,3,7,235348.86,0.04462,0.194632,ONE_TO_MANY,NORMAL
L10_000064,370,TRANSFER,24673.47,LD000013_S,2297011.53,2272338.06,LD000013_D4,756289.6,780963.07,0,0,L10_000013,LEGITIMATE_FUND_DISPERSION,NONE,1,4,5,2,7,235348.86,0.010742,0.032624,ONE_TO_MANY,NORMAL
L10_000065,371,TRANSFER,21435.07,LD000013_S,2272338.06,2250902.99,LD000013_D5,1224055.54,1245490.61,0,0,L10_000013,LEGITIMATE_FUND_DISPERSION,NONE,1,5,5,1,7,235348.86,0.009433,0.017512,ONE_TO_MANY,NORMAL
L10_000066,590,TRANSFER,66559.27,LD000014_S,2022447.6,1955888.33,LD000014_D1,520818.08,587377.35,0,0,L10_000014,LEGITIMATE_FUND_DISPERSION,NONE,1,1,5,0,8,303367.14,0.03291,0.127798,ONE_TO_MANY,NORMAL
L10_000067,593,TRANSFER,91534.69,LD000014_S,1955888.33,1864353.64,LD000014_D2,586409.61,677944.3,0,0,L10_000014,LEGITIMATE_FUND_DISPERSION,NONE,1,2,5,3,8,303367.14,0.0468,0.156093,ONE_TO_MANY,NORMAL
L10_000068,595,TRANSFER,69208.28,LD000014_S,1864353.64,1795145.36,LD000014_D3,813687.04,882895.32,0,0,L10_000014,LEGITIMATE_FUND_DISPERSION,NONE,1,3,5,2,8,303367.14,0.037122,0.085055,ONE_TO_MANY,NORMAL
L10_000069,597,TRANSFER,35140.43,LD000014_S,1795145.36,1760004.93,LD000014_D4,488997.89,524138.32,0,0,L10_000014,LEGITIMATE_FUND_DISPERSION,NONE,1,4,5,2,8,303367.14,0.019575,0.071862,ONE_TO_MANY,NORMAL
L10_000070,598,TRANSFER,40924.47,LD000014_S,1760004.93,1719080.46,LD000014_D5,422972.84,463897.31,0,0,L10_000014,LEGITIMATE_FUND_DISPERSION,NONE,1,5,5,1,8,303367.14,0.023252,0.096754,ONE_TO_MANY,NORMAL
L10_000071,159,TRANSFER,36451.8,LD000015_S,2514133.71,2477681.91,LD000015_D1,845131.95,881583.75,0,0,L10_000015,LEGITIMATE_FUND_DISPERSION,NONE,1,1,5,0,7,377120.05,0.014499,0.043131,ONE_TO_MANY,NORMAL
L10_000072,162,TRANSFER,92732.72,LD000015_S,2477681.91,2384949.19,LD000015_D2,1196887.92,1289620.64,0,0,L10_000015,LEGITIMATE_FUND_DISPERSION,NONE,1,2,5,3,7,377120.05,0.037427,0.077478,ONE_TO_MANY,NORMAL
L10_000073,163,TRANSFER,121636.19,LD000015_S,2384949.19,2263313.0,LD000015_D3,733522.51,855158.7,0,0,L10_000015,LEGITIMATE_FUND_DISPERSION,NONE,1,3,5,1,7,377120.05,0.051002,0.165825,ONE_TO_MANY,NORMAL
L10_000074,165,TRANSFER,111200.77,LD000015_S,2263313.0,2152112.23,LD000015_D4,586910.37,698111.14,0,0,L10_000015,LEGITIMATE_FUND_DISPERSION,NONE,1,4,5,2,7,377120.05,0.049132,0.189468,ONE_TO_MANY,NORMAL
L10_000075,166,TRANSFER,15098.57,LD000015_S,2152112.23,2137013.66,LD000015_D5,863702.3,878800.87,0,0,L10_000015,LEGITIMATE_FUND_DISPERSION,NONE,1,5,5,1,7,377120.05,0.007016,0.017481,ONE_TO_MANY,NORMAL
L10_000076,74,TRANSFER,47068.4,LD000016_S,2455388.72,2408320.32,LD000016_D1,903982.97,951051.37,0,0,L10_000016,LEGITIMATE_FUND_DISPERSION,NONE,1,1,5,0,6,368308.31,0.019169,0.052068,ONE_TO_MANY,NORMAL
L10_000077,76,TRANSFER,76382.89,LD000016_S,2408320.32,2331937.43,LD000016_D2,882243.72,958626.61,0,0,L10_000016,LEGITIMATE_FUND_DISPERSION,NONE,1,2,5,2,6,368308.31,0.031716,0.086578,ONE_TO_MANY,NORMAL
L10_000078,78,TRANSFER,90740.79,LD000016_S,2331937.43,2241196.64,LD000016_D3,939860.8,1030601.59,0,0,L10_000016,LEGITIMATE_FUND_DISPERSION,NONE,1,3,5,2,6,368308.31,0.038912,0.096547,ONE_TO_MANY,NORMAL
L10_000079,79,TRANSFER,85427.29,LD000016_S,2241196.64,2155769.35,LD000016_D4,1113076.76,1198504.05,0,0,L10_000016,LEGITIMATE_FUND_DISPERSION,NONE,1,4,5,1,6,368308.31,0.038117,0.076749,ONE_TO_MANY,NORMAL
L10_000080,80,TRANSFER,68688.94,LD000016_S,2155769.35,2087080.41,LD000016_D5,1204752.41,1273441.35,0,0,L10_000016,LEGITIMATE_FUND_DISPERSION,NONE,1,5,5,1,6,368308.31,0.031863,0.057015,ONE_TO_MANY,NORMAL
L10_000081,197,TRANSFER,90092.05,LD000017_S,1670195.71,1580103.66,LD000017_D1,1136335.06,1226427.11,0,0,L10_000017,LEGITIMATE_FUND_DISPERSION,NONE,1,1,5,0,10,250529.36,0.053941,0.079283,ONE_TO_MANY,NORMAL
L10_000082,199,TRANSFER,66233.07,LD000017_S,1580103.66,1513870.59,LD000017_D2,437829.45,504062.52,0,0,L10_000017,LEGITIMATE_FUND_DISPERSION,NONE,1,2,5,2,10,250529.36,0.041917,0.151276,ONE_TO_MANY,NORMAL
L10_000083,202,TRANSFER,24662.22,LD000017_S,1513870.59,1489208.37,LD000017_D3,1277701.47,1302363.69,0,0,L10_000017,LEGITIMATE_FUND_DISPERSION,NONE,1,3,5,3,10,250529.36,0.016291,0.019302,ONE_TO_MANY,NORMAL
L10_000084,204,TRANSFER,54085.42,LD000017_S,1489208.37,1435122.95,LD000017_D4,668940.04,723025.46,0,0,L10_000017,LEGITIMATE_FUND_DISPERSION,NONE,1,4,5,2,10,250529.36,0.036318,0.080852,ONE_TO_MANY,NORMAL
L10_000085,207,TRANSFER,15456.6,LD000017_S,1435122.95,1419666.35,LD000017_D5,958108.02,973564.62,0,0,L10_000017,LEGITIMATE_FUND_DISPERSION,NONE,1,5,5,3,10,250529.36,0.01077,0.016132,ONE_TO_MANY,NORMAL
L10_000086,74,TRANSFER,49121.56,LD000018_S,1840981.65,1791860.09,LD000018_D1,1183618.22,1232739.78,0,0,L10_000018,LEGITIMATE_FUND_DISPERSION,NONE,1,1,5,0,10,276147.25,0.026682,0.041501,ONE_TO_MANY,NORMAL
L10_000087,75,TRANSFER,35714.71,LD000018_S,1791860.09,1756145.38,LD000018_D2,1147904.74,1183619.45,0,0,L10_000018,LEGITIMATE_FUND_DISPERSION,NONE,1,2,5,1,10,276147.25,0.019932,0.031113,ONE_TO_MANY,NORMAL
L10_000088,78,TRANSFER,90547.82,LD000018_S,1756145.38,1665597.56,LD000018_D3,870208.56,960756.38,0,0,L10_000018,LEGITIMATE_FUND_DISPERSION,NONE,1,3,5,3,10,276147.25,0.051561,0.104053,ONE_TO_MANY,NORMAL
L10_000089,81,TRANSFER,14908.34,LD000018_S,1665597.56,1650689.22,LD000018_D4,1143182.14,1158090.48,0,0,L10_000018,LEGITIMATE_FUND_DISPERSION,NONE,1,4,5,3,10,276147.25,0.008951,0.013041,ONE_TO_MANY,NORMAL
L10_000090,84,TRANSFER,85854.82,LD000018_S,1650689.22,1564834.4,LD000018_D5,431708.68,517563.5,0,0,L10_000018,LEGITIMATE_FUND_DISPERSION,NONE,1,5,5,3,10,276147.25,0.052011,0.198872,ONE_TO_MANY,NORMAL
L10_000091,49,TRANSFER,83631.8,LD000019_S,2049774.83,1966143.03,LD000019_D1,1227389.56,1311021.36,0,0,L10_000019,LEGITIMATE_FUND_DISPERSION,NONE,1,1,5,0,9,307466.23,0.0408,0.068138,ONE_TO_MANY,NORMAL
L10_000092,51,TRANSFER,87683.7,LD000019_S,1966143.03,1878459.33,LD000019_D2,388434.07,476117.77,0,0,L10_000019,LEGITIMATE_FUND_DISPERSION,NONE,1,2,5,2,9,307466.23,0.044597,0.225736,ONE_TO_MANY,NORMAL
L10_000093,53,TRANSFER,44823.68,LD000019_S,1878459.33,1833635.65,LD000019_D3,746767.54,791591.22,0,0,L10_000019,LEGITIMATE_FUND_DISPERSION,NONE,1,3,5,2,9,307466.23,0.023862,0.060024,ONE_TO_MANY,NORMAL
L10_000094,55,TRANSFER,19482.74,LD000019_S,1833635.65,1814152.91,LD000019_D4,1089812.92,1109295.66,0,0,L10_000019,LEGITIMATE_FUND_DISPERSION,NONE,1,4,5,2,9,307466.23,0.010625,0.017877,ONE_TO_MANY,NORMAL
L10_000095,58,TRANSFER,71844.31,LD000019_S,1814152.91,1742308.6,LD000019_D5,654615.4,726459.71,0,0,L10_000019,LEGITIMATE_FUND_DISPERSION,NONE,1,5,5,3,9,307466.23,0.039602,0.10975,ONE_TO_MANY,NORMAL
L10_000096,672,TRANSFER,57317.98,LD000020_S,1793620.36,1736302.38,LD000020_D1,524236.92,581554.9,0,0,L10_000020,LEGITIMATE_FUND_DISPERSION,NONE,1,1,5,0,8,269043.06,0.031957,0.109336,ONE_TO_MANY,NORMAL
L10_000097,675,TRANSFER,26432.11,LD000020_S,1736302.38,1709870.27,LD000020_D2,544837.14,571269.25,0,0,L10_000020,LEGITIMATE_FUND_DISPERSION,NONE,1,2,5,3,8,269043.06,0.015223,0.048514,ONE_TO_MANY,NORMAL
L10_000098,676,TRANSFER,69140.99,LD000020_S,1709870.27,1640729.28,LD000020_D3,1136132.76,1205273.75,0,0,L10_000020,LEGITIMATE_FUND_DISPERSION,NONE,1,3,5,1,8,269043.06,0.040436,0.060856,ONE_TO_MANY,NORMAL
L10_000099,679,TRANSFER,70671.33,LD000020_S,1640729.28,1570057.95,LD000020_D4,977268.37,1047939.7,0,0,L10_000020,LEGITIMATE_FUND_DISPERSION,NONE,1,4,5,3,8,269043.06,0.043073,0.072315,ONE_TO_MANY,NORMAL
L10_000100,680,TRANSFER,45480.65,LD000020_S,1570057.95,1524577.3,LD000020_D5,1139542.83,1185023.48,0,0,L10_000020,LEGITIMATE_FUND_DISPERSION,NONE,1,5,5,1,8,269043.06,0.028967,0.039911,ONE_TO_MANY,NORMAL
L10_000101,745,TRANSFER,68234.66,LD000021_S,2408820.16,2340585.5,LD000021_D1,684464.79,752699.45,0,0,L10_000021,LEGITIMATE_FUND_DISPERSION,NONE,1,1,5,0,10,361323.02,0.028327,0.099691,ONE_TO_MANY,NORMAL
L10_000102,747,TRANSFER,38604.26,LD000021_S,2340585.5,2301981.24,LD000021_D2,597775.66,636379.92,0,0,L10_000021,LEGITIMATE_FUND_DISPERSION,NONE,1,2,5,2,10,361323.02,0.016493,0.06458,ONE_TO_MANY,NORMAL
L10_000103,749,TRANSFER,103912.88,LD000021_S,2301981.24,2198068.36,LD000021_D3,1148309.59,1252222.47,0,0,L10_000021,LEGITIMATE_FUND_DISPERSION,NONE,1,3,5,2,10,361323.02,0.045141,0.090492,ONE_TO_MANY,NORMAL
L10_000104,752,TRANSFER,75279.68,LD000021_S,2198068.36,2122788.68,LD000021_D4,1020608.65,1095888.33,0,0,L10_000021,LEGITIMATE_FUND_DISPERSION,NONE,1,4,5,3,10,361323.02,0.034248,0.07376,ONE_TO_MANY,NORMAL
L10_000105,755,TRANSFER,75291.54,LD000021_S,2122788.68,2047497.14,LD000021_D5,1177064.61,1252356.15,0,0,L10_000021,LEGITIMATE_FUND_DISPERSION,NONE,1,5,5,3,10,361323.02,0.035468,0.063966,ONE_TO_MANY,NORMAL
L10_000106,298,TRANSFER,39485.97,LD000022_S,1414182.23,1374696.26,LD000022_D1,1102209.57,1141695.54,0,0,L10_000022,LEGITIMATE_FUND_DISPERSION,NONE,1,1,5,0,8,212127.33,0.027921,0.035824,ONE_TO_MANY,NORMAL
L10_000107,300,TRANSFER,29397.74,LD000022_S,1374696.26,1345298.52,LD000022_D2,917178.49,946576.23,0,0,L10_000022,LEGITIMATE_FUND_DISPERSION,NONE,1,2,5,2,8,212127.33,0.021385,0.032052,ONE_TO_MANY,NORMAL
L10_000108,301,TRANSFER,10308.23,LD000022_S,1345298.52,1334990.29,LD000022_D3,574218.47,584526.7,0,0,L10_000022,LEGITIMATE_FUND_DISPERSION,NONE,1,3,5,1,8,212127.33,0.007662,0.017952,ONE_TO_MANY,NORMAL
L10_000109,303,TRANSFER,80096.85,LD000022_S,1334990.29,1254893.44,LD000022_D4,1206706.6,1286803.45,0,0,L10_000022,LEGITIMATE_FUND_DISPERSION,NONE,1,4,5,2,8,212127.33,0.059998,0.066376,ONE_TO_MANY,NORMAL
L10_000110,306,TRANSFER,52838.54,LD000022_S,1254893.44,1202054.9,LD000022_D5,837708.52,890547.06,0,0,L10_000022,LEGITIMATE_FUND_DISPERSION,NONE,1,5,5,3,8,212127.33,0.042106,0.063075,ONE_TO_MANY,NORMAL
L10_000111,374,TRANSFER,57909.19,LD000023_S,1357123.15,1299213.96,LD000023_D1,506509.46,564418.65,0,0,L10_000023,LEGITIMATE_FUND_DISPERSION,NONE,1,1,5,0,10,203568.48,0.042671,0.11433,ONE_TO_MANY,NORMAL
L10_000112,377,TRANSFER,47628.29,LD000023_S,1299213.96,1251585.67,LD000023_D2,437149.8,484778.09,0,0,L10_000023,LEGITIMATE_FUND_DISPERSION,NONE,1,2,5,3,10,203568.48,0.036659,0.108952,ONE_TO_MANY,NORMAL
L10_000113,380,TRANSFER,16936.61,LD000023_S,1251585.67,1234649.06,LD000023_D3,914201.31,931137.92,0,0,L10_000023,LEGITIMATE_FUND_DISPERSION,NONE,1,3,5,3,10,203568.48,0.013532,0.018526,ONE_TO_MANY,NORMAL
L10_000114,382,TRANSFER,37364.18,LD000023_S,1234649.06,1197284.88,LD000023_D4,495569.8,532933.98,0,0,L10_000023,LEGITIMATE_FUND_DISPERSION,NONE,1,4,5,2,10,203568.48,0.030263,0.075396,ONE_TO_MANY,NORMAL
L10_000115,384,TRANSFER,43730.21,LD000023_S,1197284.88,1153554.67,LD000023_D5,783797.46,827527.67,0,0,L10_000023,LEGITIMATE_FUND_DISPERSION,NONE,1,5,5,2,10,203568.48,0.036524,0.055793,ONE_TO_MANY,NORMAL
L10_000116,226,TRANSFER,49424.86,LD000024_S,2324255.45,2274830.59,LD000024_D1,561613.35,611038.21,0,0,L10_000024,LEGITIMATE_FUND_DISPERSION,NONE,1,1,5,0,10,348638.32,0.021265,0.088005,ONE_TO_MANY,NORMAL
L10_000117,229,TRANSFER,37654.25,LD000024_S,2274830.59,2237176.34,LD000024_D2,1179950.6,1217604.85,0,0,L10_000024,LEGITIMATE_FUND_DISPERSION,NONE,1,2,5,3,10,348638.32,0.016553,0.031912,ONE_TO_MANY,NORMAL
L10_000118,230,TRANSFER,38190.28,LD000024_S,2237176.34,2198986.06,LD000024_D3,576585.32,614775.6,0,0,L10_000024,LEGITIMATE_FUND_DISPERSION,NONE,1,3,5,1,10,348638.32,0.017071,0.066235,ONE_TO_MANY,NORMAL
L10_000119,233,TRANSFER,99302.51,LD000024_S,2198986.06,2099683.55,LD000024_D4,1217497.58,1316800.09,0,0,L10_000024,LEGITIMATE_FUND_DISPERSION,NONE,1,4,5,3,10,348638.32,0.045158,0.081563,ONE_TO_MANY,NORMAL
L10_000120,236,TRANSFER,124066.42,LD000024_S,2099683.55,1975617.13,LD000024_D5,1262598.97,1386665.39,0,0,L10_000024,LEGITIMATE_FUND_DISPERSION,NONE,1,5,5,3,10,348638.32,0.059088,0.098263,ONE_TO_MANY,NORMAL
L10_000121,68,TRANSFER,28249.22,LD000025_S,1495851.82,1467602.6,LD000025_D1,1037412.65,1065661.87,0,0,L10_000025,LEGITIMATE_FUND_DISPERSION,NONE,1,1,5,0,6,224377.77,0.018885,0.02723,ONE_TO_MANY,NORMAL
L10_000122,71,TRANSFER,44316.37,LD000025_S,1467602.6,1423286.23,LD000025_D2,945414.34,989730.71,0,0,L10_000025,LEGITIMATE_FUND_DISPERSION,NONE,1,2,5,3,6,224377.77,0.030196,0.046875,ONE_TO_MANY,NORMAL
L10_000123,72,TRANSFER,44400.31,LD000025_S,1423286.23,1378885.92,LD000025_D3,788037.43,832437.74,0,0,L10_000025,LEGITIMATE_FUND_DISPERSION,NONE,1,3,5,1,6,224377.77,0.031196,0.056343,ONE_TO_MANY,NORMAL
L10_000124,73,TRANSFER,52386.16,LD000025_S,1378885.92,1326499.76,LD000025_D4,1107428.55,1159814.71,0,0,L10_000025,LEGITIMATE_FUND_DISPERSION,NONE,1,4,5,1,6,224377.77,0.037992,0.047304,ONE_TO_MANY,NORMAL
L10_000125,74,TRANSFER,55025.71,LD000025_S,1326499.76,1271474.05,LD000025_D5,1002988.37,1058014.08,0,0,L10_000025,LEGITIMATE_FUND_DISPERSION,NONE,1,5,5,1,6,224377.77,0.041482,0.054862,ONE_TO_MANY,NORMAL
L10_000126,259,TRANSFER,58583.71,LD000026_S,2094288.62,2035704.91,LD000026_D1,740168.34,798752.05,0,0,L10_000026,LEGITIMATE_FUND_DISPERSION,NONE,1,1,5,0,10,314143.3,0.027973,0.079149,ONE_TO_MANY,NORMAL
L10_000127,262,TRANSFER,71080.54,LD000026_S,2035704.91,1964624.37,LD000026_D2,995097.51,1066178.05,0,0,L10_000026,LEGITIMATE_FUND_DISPERSION,NONE,1,2,5,3,10,314143.3,0.034917,0.071431,ONE_TO_MANY,NORMAL
L10_000128,264,TRANSFER,81746.41,LD000026_S,1964624.37,1882877.96,LD000026_D3,1138245.59,1219992.0,0,0,L10_000026,LEGITIMATE_FUND_DISPERSION,NONE,1,3,5,2,10,314143.3,0.041609,0.071818,ONE_TO_MANY,NORMAL
L10_000129,267,TRANSFER,61318.11,LD000026_S,1882877.96,1821559.85,LD000026_D4,1101693.42,1163011.53,0,0,L10_000026,LEGITIMATE_FUND_DISPERSION,NONE,1,4,5,3,10,314143.3,0.032566,0.055658,ONE_TO_MANY,NORMAL
L10_000130,269,TRANSFER,41414.53,LD000026_S,1821559.85,1780145.32,LD000026_D5,1069280.87,1110695.4,0,0,L10_000026,LEGITIMATE_FUND_DISPERSION,NONE,1,5,5,2,10,314143.3,0.022736,0.038731,ONE_TO_MANY,NORMAL
L10_000131,296,TRANSFER,56568.41,LD000027_S,1559731.25,1503162.84,LD000027_D1,409691.99,466260.4,0,0,L10_000027,LEGITIMATE_FUND_DISPERSION,NONE,1,1,5,0,10,233959.69,0.036268,0.138075,ONE_TO_MANY,NORMAL
L10_000132,298,TRANSFER,29391.65,LD000027_S,1503162.84,1473771.19,LD000027_D2,1144988.15,1174379.8,0,0,L10_000027,LEGITIMATE_FUND_DISPERSION,NONE,1,2,5,2,10,233959.69,0.019553,0.02567,ONE_TO_MANY,NORMAL
L10_000133,301,TRANSFER,61102.91,LD000027_S,1473771.19,1412668.28,LD000027_D3,777503.64,838606.55,0,0,L10_000027,LEGITIMATE_FUND_DISPERSION,NONE,1,3,5,3,10,233959.69,0.04146,0.078589,ONE_TO_MANY,NORMAL
L10_000134,303,TRANSFER,78617.76,LD000027_S,1412668.28,1334050.52,LD000027_D4,470192.61,548810.37,0,0,L10_000027,LEGITIMATE_FUND_DISPERSION,NONE,1,4,5,2,10,233959.69,0.055652,0.167203,ONE_TO_MANY,NORMAL
L10_000135,306,TRANSFER,8278.96,LD000027_S,1334050.52,1325771.56,LD000027_D5,523466.31,531745.27,0,0,L10_000027,LEGITIMATE_FUND_DISPERSION,NONE,1,5,5,3,10,233959.69,0.006206,0.015816,ONE_TO_MANY,NORMAL
L10_000136,106,TRANSFER,8461.56,LD000028_S,1461872.94,1453411.38,LD000028_D1,1249934.35,1258395.91,0,0,L10_000028,LEGITIMATE_FUND_DISPERSION,NONE,1,1,5,0,8,219280.93,0.005788,0.00677,ONE_TO_MANY,NORMAL
L10_000137,109,TRANSFER,79313.42,LD000028_S,1453411.38,1374097.96,LD000028_D2,1107898.42,1187211.84,0,0,L10_000028,LEGITIMATE_FUND_DISPERSION,NONE,1,2,5,3,8,219280.93,0.054571,0.071589,ONE_TO_MANY,NORMAL
L10_000138,110,TRANSFER,29334.09,LD000028_S,1374097.96,1344763.87,LD000028_D3,741495.69,770829.78,0,0,L10_000028,LEGITIMATE_FUND_DISPERSION,NONE,1,3,5,1,8,219280.93,0.021348,0.039561,ONE_TO_MANY,NORMAL
L10_000139,113,TRANSFER,60602.55,LD000028_S,1344763.87,1284161.32,LD000028_D4,582981.37,643583.92,0,0,L10_000028,LEGITIMATE_FUND_DISPERSION,NONE,1,4,5,3,8,219280.93,0.045066,0.103953,ONE_TO_MANY,NORMAL
L10_000140,114,TRANSFER,41569.31,LD000028_S,1284161.32,1242592.01,LD000028_D5,851558.69,893128.0,0,0,L10_000028,LEGITIMATE_FUND_DISPERSION,NONE,1,5,5,1,8,219280.93,0.032371,0.048816,ONE_TO_MANY,NORMAL
L10_000141,753,TRANSFER,26063.85,LD000029_S,2483190.48,2457126.63,LD000029_D1,1252091.83,1278155.68,0,0,L10_000029,LEGITIMATE_FUND_DISPERSION,NONE,1,1,5,0,10,372478.56,0.010496,0.020816,ONE_TO_MANY,NORMAL
L10_000142,756,TRANSFER,92733.67,LD000029_S,2457126.63,2364392.96,LD000029_D2,403235.16,495968.83,0,0,L10_000029,LEGITIMATE_FUND_DISPERSION,NONE,1,2,5,3,10,372478.56,0.037741,0.229974,ONE_TO_MANY,NORMAL
L10_000143,759,TRANSFER,80777.71,LD000029_S,2364392.96,2283615.25,LD000029_D3,1202456.96,1283234.67,0,0,L10_000029,LEGITIMATE_FUND_DISPERSION,NONE,1,3,5,3,10,372478.56,0.034164,0.067177,ONE_TO_MANY,NORMAL
L10_000144,760,TRANSFER,135473.6,LD000029_S,2283615.25,2148141.65,LD000029_D4,1168723.78,1304197.38,0,0,L10_000029,LEGITIMATE_FUND_DISPERSION,NONE,1,4,5,1,10,372478.56,0.059324,0.115916,ONE_TO_MANY,NORMAL
L10_000145,763,TRANSFER,37429.73,LD000029_S,2148141.65,2110711.92,LD000029_D5,1262508.79,1299938.52,0,0,L10_000029,LEGITIMATE_FUND_DISPERSION,NONE,1,5,5,3,10,372478.56,0.017424,0.029647,ONE_TO_MANY,NORMAL
L10_000146,223,TRANSFER,40277.41,LD000030_S,2142386.33,2102108.92,LD000030_D1,1112555.15,1152832.56,0,0,L10_000030,LEGITIMATE_FUND_DISPERSION,NONE,1,1,5,0,8,272728.07,0.0188,0.036203,ONE_TO_MANY,NORMAL
L10_000147,226,TRANSFER,49114.07,LD000030_S,2102108.92,2052994.85,LD000030_D2,619128.81,668242.88,0,0,L10_000030,LEGITIMATE_FUND_DISPERSION,NONE,1,2,5,3,8,272728.07,0.023364,0.079328,ONE_TO_MANY,NORMAL
L10_000148,227,TRANSFER,34806.16,LD000030_S,2052994.85,2018188.69,LD000030_D3,1090126.19,1124932.35,0,0,L10_000030,LEGITIMATE_FUND_DISPERSION,NONE,1,3,5,1,8,272728.07,0.016954,0.031929,ONE_TO_MANY,NORMAL
L10_000149,230,TRANSFER,29767.8,LD000030_S,2018188.69,1988420.89,LD000030_D4,397004.03,426771.83,0,0,L10_000030,LEGITIMATE_FUND_DISPERSION,NONE,1,4,5,3,8,272728.07,0.01475,0.074981,ONE_TO_MANY,NORMAL
L10_000150,231,TRANSFER,118762.63,LD000030_S,1988420.89,1869658.26,LD000030_D5,697765.64,816528.27,0,0,L10_000030,LEGITIMATE_FUND_DISPERSION,NONE,1,5,5,1,8,272728.07,0.059727,0.170204,ONE_TO_MANY,NORMAL
L10_000151,661,TRANSFER,96405.93,LD000031_S,2514981.73,2418575.8,LD000031_D1,1196031.08,1292437.01,0,0,L10_000031,LEGITIMATE_FUND_DISPERSION,NONE,1,1,5,0,4,377247.26,0.038333,0.080605,ONE_TO_MANY,NORMAL
L10_000152,662,TRANSFER,23158.36,LD000031_S,2418575.8,2395417.44,LD000031_D2,465275.32,488433.68,0,0,L10_000031,LEGITIMATE_FUND_DISPERSION,NONE,1,2,5,1,4,377247.26,0.009575,0.049773,ONE_TO_MANY,NORMAL
L10_000153,663,TRANSFER,91343.19,LD000031_S,2395417.44,2304074.25,LD000031_D3,521052.86,612396.05,0,0,L10_000031,LEGITIMATE_FUND_DISPERSION,NONE,1,3,5,1,4,377247.26,0.038132,0.175305,ONE_TO_MANY,NORMAL
L10_000154,664,TRANSFER,93252.93,LD000031_S,2304074.25,2210821.32,LD000031_D4,1242298.18,1335551.11,0,0,L10_000031,LEGITIMATE_FUND_DISPERSION,NONE,1,4,5,1,4,377247.26,0.040473,0.075065,ONE_TO_MANY,NORMAL
L10_000155,665,TRANSFER,73086.85,LD000031_S,2210821.32,2137734.47,LD000031_D5,696136.01,769222.86,0,0,L10_000031,LEGITIMATE_FUND_DISPERSION,NONE,1,5,5,1,4,377247.26,0.033059,0.104989,ONE_TO_MANY,NORMAL
L10_000156,806,TRANSFER,15218.95,LD000032_S,1706197.98,1690979.03,LD000032_D1,881020.3,896239.25,0,0,L10_000032,LEGITIMATE_FUND_DISPERSION,NONE,1,1,5,0,9,255929.69,0.00892,0.017274,ONE_TO_MANY,NORMAL
L10_000157,809,TRANSFER,35888.95,LD000032_S,1690979.03,1655090.08,LD000032_D2,1266582.95,1302471.9,0,0,L10_000032,LEGITIMATE_FUND_DISPERSION,NONE,1,2,5,3,9,255929.69,0.021224,0.028335,ONE_TO_MANY,NORMAL
L10_000158,810,TRANSFER,86657.62,LD000032_S,1655090.08,1568432.46,LD000032_D3,1127323.37,1213980.99,0,0,L10_000032,LEGITIMATE_FUND_DISPERSION,NONE,1,3,5,1,9,255929.69,0.052358,0.07687,ONE_TO_MANY,NORMAL
L10_000159,812,TRANSFER,101883.32,LD000032_S,1568432.46,1466549.14,LD000032_D4,1232382.72,1334266.04,0,0,L10_000032,LEGITIMATE_FUND_DISPERSION,NONE,1,4,5,2,9,255929.69,0.064959,0.082672,ONE_TO_MANY,NORMAL
L10_000160,815,TRANSFER,16280.85,LD000032_S,1466549.14,1450268.29,LD000032_D5,668852.66,685133.51,0,0,L10_000032,LEGITIMATE_FUND_DISPERSION,NONE,1,5,5,3,9,255929.69,0.011101,0.024341,ONE_TO_MANY,NORMAL
L10_000161,274,TRANSFER,78909.13,LD000033_S,2206853.39,2127944.26,LD000033_D1,978571.19,1057480.32,0,0,L10_000033,LEGITIMATE_FUND_DISPERSION,NONE,1,1,5,0,9,331028.01,0.035756,0.080637,ONE_TO_MANY,NORMAL
L10_000162,275,TRANSFER,28924.71,LD000033_S,2127944.26,2099019.55,LD000033_D2,397117.01,426041.72,0,0,L10_000033,LEGITIMATE_FUND_DISPERSION,NONE,1,2,5,1,9,331028.01,0.013593,0.072837,ONE_TO_MANY,NORMAL
L10_000163,278,TRANSFER,103770.69,LD000033_S,2099019.55,1995248.86,LD000033_D3,894628.31,998399.0,0,0,L10_000033,LEGITIMATE_FUND_DISPERSION,NONE,1,3,5,3,9,331028.01,0.049438,0.115993,ONE_TO_MANY,NORMAL
L10_000164,280,TRANSFER,68494.71,LD000033_S,1995248.86,1926754.15,LD000033_D4,661955.78,730450.49,0,0,L10_000033,LEGITIMATE_FUND_DISPERSION,NONE,1,4,5,2,9,331028.01,0.034329,0.103473,ONE_TO_MANY,NORMAL
L10_000165,283,TRANSFER,50928.77,LD000033_S,1926754.15,1875825.38,LD000033_D5,1164580.92,1215509.69,0,0,L10_000033,LEGITIMATE_FUND_DISPERSION,NONE,1,5,5,3,9,331028.01,0.026432,0.043731,ONE_TO_MANY,NORMAL
L10_000166,513,TRANSFER,13313.73,LD000034_S,1331206.08,1317892.35,LD000034_D1,883319.03,896632.76,0,0,L10_000034,LEGITIMATE_FUND_DISPERSION,NONE,1,1,5,0,7,199680.91,0.010001,0.015072,ONE_TO_MANY,NORMAL
L10_000167,514,TRANSFER,57460.63,LD000034_S,1317892.35,1260431.72,LD000034_D2,853883.03,911343.66,0,0,L10_000034,LEGITIMATE_FUND_DISPERSION,NONE,1,2,5,1,7,199680.91,0.0436,0.067293,ONE_TO_MANY,NORMAL
L10_000168,516,TRANSFER,8367.36,LD000034_S,1260431.72,1252064.36,LD000034_D3,845233.44,853600.8,0,0,L10_000034,LEGITIMATE_FUND_DISPERSION,NONE,1,3,5,2,7,199680.91,0.006638,0.009899,ONE_TO_MANY,NORMAL
L10_000169,517,TRANSFER,61498.8,LD000034_S,1252064.36,1190565.56,LD000034_D4,470829.09,532327.89,0,0,L10_000034,LEGITIMATE_FUND_DISPERSION,NONE,1,4,5,1,7,199680.91,0.049118,0.130618,ONE_TO_MANY,NORMAL
L10_000170,520,TRANSFER,59040.39,LD000034_S,1190565.56,1131525.17,LD000034_D5,1241381.38,1300421.77,0,0,L10_000034,LEGITIMATE_FUND_DISPERSION,NONE,1,5,5,3,7,199680.91,0.04959,0.04756,ONE_TO_MANY,NORMAL
L10_000171,881,TRANSFER,66941.79,LD000035_S,2194976.18,2128034.39,LD000035_D1,1157517.26,1224459.05,0,0,L10_000035,LEGITIMATE_FUND_DISPERSION,NONE,1,1,5,0,8,329246.42,0.030498,0.057832,ONE_TO_MANY,NORMAL
L10_000172,884,TRANSFER,68690.67,LD000035_S,2128034.39,2059343.72,LD000035_D2,812928.83,881619.5,0,0,L10_000035,LEGITIMATE_FUND_DISPERSION,NONE,1,2,5,3,8,329246.42,0.032279,0.084498,ONE_TO_MANY,NORMAL
L10_000173,885,TRANSFER,91891.74,LD000035_S,2059343.72,1967451.98,LD000035_D3,1101685.05,1193576.79,0,0,L10_000035,LEGITIMATE_FUND_DISPERSION,NONE,1,3,5,1,8,329246.42,0.044622,0.08341,ONE_TO_MANY,NORMAL
L10_000174,888,TRANSFER,33237.6,LD000035_S,1967451.98,1934214.38,LD000035_D4,525293.17,558530.77,0,0,L10_000035,LEGITIMATE_FUND_DISPERSION,NONE,1,4,5,3,8,329246.42,0.016894,0.063274,ONE_TO_MANY,NORMAL
L10_000175,889,TRANSFER,68484.62,LD000035_S,1934214.38,1865729.76,LD000035_D5,731540.18,800024.8,0,0,L10_000035,LEGITIMATE_FUND_DISPERSION,NONE,1,5,5,1,8,329246.42,0.035407,0.093617,ONE_TO_MANY,NORMAL
L10_000176,396,TRANSFER,105036.46,LD000036_S,2040245.78,1935209.32,LD000036_D1,1200587.77,1305624.23,0,0,L10_000036,LEGITIMATE_FUND_DISPERSION,NONE,1,1,5,0,6,306036.86,0.051482,0.087488,ONE_TO_MANY,NORMAL
L10_000177,398,TRANSFER,50005.09,LD000036_S,1935209.32,1885204.23,LD000036_D2,501504.62,551509.71,0,0,L10_000036,LEGITIMATE_FUND_DISPERSION,NONE,1,2,5,2,6,306036.86,0.02584,0.09971,ONE_TO_MANY,NORMAL
L10_000178,399,TRANSFER,51631.06,LD000036_S,1885204.23,1833573.17,LD000036_D3,771065.16,822696.22,0,0,L10_000036,LEGITIMATE_FUND_DISPERSION,NONE,1,3,5,1,6,306036.86,0.027388,0.066961,ONE_TO_MANY,NORMAL
L10_000179,401,TRANSFER,49576.42,LD000036_S,1833573.17,1783996.75,LD000036_D4,933767.6,983344.02,0,0,L10_000036,LEGITIMATE_FUND_DISPERSION,NONE,1,4,5,2,6,306036.86,0.027038,0.053093,ONE_TO_MANY,NORMAL
L10_000180,402,TRANSFER,49787.83,LD000036_S,1783996.75,1734208.92,LD000036_D5,470846.85,520634.68,0,0,L10_000036,LEGITIMATE_FUND_DISPERSION,NONE,1,5,5,1,6,306036.86,0.027908,0.105741,ONE_TO_MANY,NORMAL
L10_000181,395,TRANSFER,18487.99,LD000037_S,2176038.56,2157550.57,LD000037_D1,582250.08,600738.07,0,0,L10_000037,LEGITIMATE_FUND_DISPERSION,NONE,1,1,5,0,9,326405.79,0.008496,0.031753,ONE_TO_MANY,NORMAL
L10_000182,398,TRANSFER,84555.7,LD000037_S,2157550.57,2072994.87,LD000037_D2,582324.35,666880.05,0,0,L10_000037,LEGITIMATE_FUND_DISPERSION,NONE,1,2,5,3,9,326405.79,0.039191,0.145204,ONE_TO_MANY,NORMAL
L10_000183,399,TRANSFER,70936.41,LD000037_S,2072994.87,2002058.46,LD000037_D3,534468.99,605405.4,0,0,L10_000037,LEGITIMATE_FUND_DISPERSION,NONE,1,3,5,1,9,326405.79,0.034219,0.132723,ONE_TO_MANY,NORMAL
L10_000184,401,TRANSFER,87935.27,LD000037_S,2002058.46,1914123.19,LD000037_D4,1052317.49,1140252.76,0,0,L10_000037,LEGITIMATE_FUND_DISPERSION,NONE,1,4,5,2,9,326405.79,0.043922,0.083563,ONE_TO_MANY,NORMAL
L10_000185,404,TRANSFER,64490.42,LD000037_S,1914123.19,1849632.77,LD000037_D5,926839.27,991329.69,0,0,L10_000037,LEGITIMATE_FUND_DISPERSION,NONE,1,5,5,3,9,326405.79,0.033692,0.069581,ONE_TO_MANY,NORMAL
L10_000186,15,TRANSFER,16051.75,LD000038_S,1673366.24,1657314.49,LD000038_D1,572783.85,588835.6,0,0,L10_000038,LEGITIMATE_FUND_DISPERSION,NONE,1,1,5,0,10,251004.93,0.009592,0.028024,ONE_TO_MANY,NORMAL
L10_000187,18,TRANSFER,86580.1,LD000038_S,1657314.49,1570734.39,LD000038_D2,895694.01,982274.11,0,0,L10_000038,LEGITIMATE_FUND_DISPERSION,NONE,1,2,5,3,10,251004.93,0.052241,0.096663,ONE_TO_MANY,NORMAL
L10_000188,20,TRANSFER,53970.68,LD000038_S,1570734.39,1516763.71,LD000038_D3,1254962.2,1308932.88,0,0,L10_000038,LEGITIMATE_FUND_DISPERSION,NONE,1,3,5,2,10,251004.93,0.03436,0.043006,ONE_TO_MANY,NORMAL
L10_000189,23,TRANSFER,7831.53,LD000038_S,1516763.71,1508932.18,LD000038_D4,522412.19,530243.72,0,0,L10_000038,LEGITIMATE_FUND_DISPERSION,NONE,1,4,5,3,10,251004.93,0.005163,0.014991,ONE_TO_MANY,NORMAL
L10_000190,25,TRANSFER,86570.87,LD000038_S,1508932.18,1422361.31,LD000038_D5,411396.21,497967.08,0,0,L10_000038,LEGITIMATE_FUND_DISPERSION,NONE,1,5,5,2,10,251004.93,0.057372,0.210432,ONE_TO_MANY,NORMAL
L10_000191,814,TRANSFER,104644.72,LD000039_S,2518053.6,2413408.88,LD000039_D1,964822.25,1069466.97,0,0,L10_000039,LEGITIMATE_FUND_DISPERSION,NONE,1,1,5,0,7,377708.03,0.041558,0.10846,ONE_TO_MANY,NORMAL
L10_000192,816,TRANSFER,37257.41,LD000039_S,2413408.88,2376151.47,LD000039_D2,956549.18,993806.59,0,0,L10_000039,LEGITIMATE_FUND_DISPERSION,NONE,1,2,5,2,7,377708.03,0.015438,0.03895,ONE_TO_MANY,NORMAL
L10_000193,817,TRANSFER,45699.71,LD000039_S,2376151.47,2330451.76,LD000039_D3,661473.52,707173.23,0,0,L10_000039,LEGITIMATE_FUND_DISPERSION,NONE,1,3,5,1,7,377708.03,0.019233,0.069088,ONE_TO_MANY,NORMAL
L10_000194,818,TRANSFER,121983.76,LD000039_S,2330451.76,2208468.0,LD000039_D4,1035054.03,1157037.79,0,0,L10_000039,LEGITIMATE_FUND_DISPERSION,NONE,1,4,5,1,7,377708.03,0.052343,0.117853,ONE_TO_MANY,NORMAL
L10_000195,821,TRANSFER,68122.43,LD000039_S,2208468.0,2140345.57,LD000039_D5,1187591.26,1255713.69,0,0,L10_000039,LEGITIMATE_FUND_DISPERSION,NONE,1,5,5,3,7,377708.03,0.030846,0.057362,ONE_TO_MANY,NORMAL
L10_000196,19,TRANSFER,75883.87,LD000040_S,1917716.21,1841832.34,LD000040_D1,1089456.79,1165340.66,0,0,L10_000040,LEGITIMATE_FUND_DISPERSION,NONE,1,1,5,0,8,287657.43,0.03957,0.069653,ONE_TO_MANY,NORMAL
L10_000197,22,TRANSFER,77029.09,LD000040_S,1841832.34,1764803.25,LD000040_D2,701796.82,778825.91,0,0,L10_000040,LEGITIMATE_FUND_DISPERSION,NONE,1,2,5,3,8,287657.43,0.041822,0.10976,ONE_TO_MANY,NORMAL
L10_000198,24,TRANSFER,48717.14,LD000040_S,1764803.25,1716086.11,LD000040_D3,1070090.07,1118807.21,0,0,L10_000040,LEGITIMATE_FUND_DISPERSION,NONE,1,3,5,2,8,287657.43,0.027605,0.045526,ONE_TO_MANY,NORMAL
L10_000199,26,TRANSFER,56900.8,LD000040_S,1716086.11,1659185.31,LD000040_D4,729016.39,785917.19,0,0,L10_000040,LEGITIMATE_FUND_DISPERSION,NONE,1,4,5,2,8,287657.43,0.033157,0.078051,ONE_TO_MANY,NORMAL
L10_000200,27,TRANSFER,29126.53,LD000040_S,1659185.31,1630058.78,LD000040_D5,947340.19,976466.72,0,0,L10_000040,LEGITIMATE_FUND_DISPERSION,NONE,1,5,5,1,8,287657.43,0.017555,0.030746,ONE_TO_MANY,NORMAL
L10_000201,575,TRANSFER,16599.26,LD000041_S,2526819.17,2510219.91,LD000041_D1,1246012.81,1262612.07,0,0,L10_000041,LEGITIMATE_FUND_DISPERSION,NONE,1,1,5,0,7,313502.33,0.006569,0.013322,ONE_TO_MANY,NORMAL
L10_000202,577,TRANSFER,26854.85,LD000041_S,2510219.91,2483365.06,LD000041_D2,1251908.03,1278762.88,0,0,L10_000041,LEGITIMATE_FUND_DISPERSION,NONE,1,2,5,2,7,313502.33,0.010698,0.021451,ONE_TO_MANY,NORMAL
L10_000203,580,TRANSFER,112162.46,LD000041_S,2483365.06,2371202.6,LD000041_D3,524140.48,636302.94,0,0,L10_000041,LEGITIMATE_FUND_DISPERSION,NONE,1,3,5,3,7,313502.33,0.045166,0.213993,ONE_TO_MANY,NORMAL
L10_000204,581,TRANSFER,34577.13,LD000041_S,2371202.6,2336625.47,LD000041_D4,1108892.42,1143469.55,0,0,L10_000041,LEGITIMATE_FUND_DISPERSION,NONE,1,4,5,1,7,313502.33,0.014582,0.031182,ONE_TO_MANY,NORMAL
L10_000205,582,TRANSFER,123308.63,LD000041_S,2336625.47,2213316.84,LD000041_D5,773565.52,896874.15,0,0,L10_000041,LEGITIMATE_FUND_DISPERSION,NONE,1,5,5,1,7,313502.33,0.052772,0.159403,ONE_TO_MANY,NORMAL
L10_000206,772,TRANSFER,54161.86,LD000042_S,1442054.15,1387892.29,LD000042_D1,743440.06,797601.92,0,0,L10_000042,LEGITIMATE_FUND_DISPERSION,NONE,1,1,5,0,8,216308.12,0.037559,0.072853,ONE_TO_MANY,NORMAL
L10_000207,773,TRANSFER,20071.3,LD000042_S,1387892.29,1367820.99,LD000042_D2,598056.01,618127.31,0,0,L10_000042,LEGITIMATE_FUND_DISPERSION,NONE,1,2,5,1,8,216308.12,0.014462,0.033561,ONE_TO_MANY,NORMAL
L10_000208,776,TRANSFER,40603.61,LD000042_S,1367820.99,1327217.38,LD000042_D3,439432.61,480036.22,0,0,L10_000042,LEGITIMATE_FUND_DISPERSION,NONE,1,3,5,3,8,216308.12,0.029685,0.0924,ONE_TO_MANY,NORMAL
L10_000209,779,TRANSFER,47214.0,LD000042_S,1327217.38,1280003.38,LD000042_D4,472185.03,519399.03,0,0,L10_000042,LEGITIMATE_FUND_DISPERSION,NONE,1,4,5,3,8,216308.12,0.035574,0.09999,ONE_TO_MANY,NORMAL
L10_000210,780,TRANSFER,54257.35,LD000042_S,1280003.38,1225746.03,LD000042_D5,1030230.23,1084487.58,0,0,L10_000042,LEGITIMATE_FUND_DISPERSION,NONE,1,5,5,1,8,216308.12,0.042388,0.052665,ONE_TO_MANY,NORMAL
L10_000211,348,TRANSFER,25169.1,LD000043_S,1947904.95,1922735.85,LD000043_D1,793467.06,818636.16,0,0,L10_000043,LEGITIMATE_FUND_DISPERSION,NONE,1,1,5,0,6,292185.74,0.012921,0.03172,ONE_TO_MANY,NORMAL
L10_000212,350,TRANSFER,83000.64,LD000043_S,1922735.85,1839735.21,LD000043_D2,469139.35,552139.99,0,0,L10_000043,LEGITIMATE_FUND_DISPERSION,NONE,1,2,5,2,6,292185.74,0.043168,0.176921,ONE_TO_MANY,NORMAL
L10_000213,351,TRANSFER,66479.78,LD000043_S,1839735.21,1773255.43,LD000043_D3,967614.71,1034094.49,0,0,L10_000043,LEGITIMATE_FUND_DISPERSION,NONE,1,3,5,1,6,292185.74,0.036136,0.068705,ONE_TO_MANY,NORMAL
L10_000214,352,TRANSFER,41399.24,LD000043_S,1773255.43,1731856.19,LD000043_D4,604905.87,646305.11,0,0,L10_000043,LEGITIMATE_FUND_DISPERSION,NONE,1,4,5,1,6,292185.74,0.023346,0.068439,ONE_TO_MANY,NORMAL
L10_000215,354,TRANSFER,76136.98,LD000043_S,1731856.19,1655719.21,LD000043_D5,803843.4,879980.38,0,0,L10_000043,LEGITIMATE_FUND_DISPERSION,NONE,1,5,5,2,6,292185.74,0.043963,0.094716,ONE_TO_MANY,NORMAL
L10_000216,287,TRANSFER,20460.85,LD000044_S,2263697.63,2243236.78,LD000044_D1,1100456.83,1120917.68,0,0,L10_000044,LEGITIMATE_FUND_DISPERSION,NONE,1,1,5,0,12,339554.64,0.009039,0.018593,ONE_TO_MANY,NORMAL
L10_000217,290,TRANSFER,135470.04,LD000044_S,2243236.78,2107766.74,LD000044_D2,414357.08,549827.12,0,0,L10_000044,LEGITIMATE_FUND_DISPERSION,NONE,1,2,5,3,12,339554.64,0.06039,0.32694,ONE_TO_MANY,NORMAL
L10_000218,293,TRANSFER,122058.84,LD000044_S,2107766.74,1985707.9,LD000044_D3,941040.18,1063099.02,0,0,L10_000044,LEGITIMATE_FUND_DISPERSION,NONE,1,3,5,3,12,339554.64,0.057909,0.129706,ONE_TO_MANY,NORMAL
L10_000219,296,TRANSFER,39428.06,LD000044_S,1985707.9,1946279.84,LD000044_D4,449246.9,488674.96,0,0,L10_000044,LEGITIMATE_FUND_DISPERSION,NONE,1,4,5,3,12,339554.64,0.019856,0.087765,ONE_TO_MANY,NORMAL
L10_000220,299,TRANSFER,22136.85,LD000044_S,1946279.84,1924142.99,LD000044_D5,1128521.82,1150658.67,0,0,L10_000044,LEGITIMATE_FUND_DISPERSION,NONE,1,5,5,3,12,339554.64,0.011374,0.019616,ONE_TO_MANY,NORMAL
L10_000221,440,TRANSFER,79710.86,LD000045_S,1646505.29,1566794.43,LD000045_D1,1266338.42,1346049.28,0,0,L10_000045,LEGITIMATE_FUND_DISPERSION,NONE,1,1,5,0,8,246975.79,0.048412,0.062946,ONE_TO_MANY,NORMAL
L10_000222,441,TRANSFER,81993.32,LD000045_S,1566794.43,1484801.11,LD000045_D2,992828.73,1074822.05,0,0,L10_000045,LEGITIMATE_FUND_DISPERSION,NONE,1,2,5,1,8,246975.79,0.052332,0.082586,ONE_TO_MANY,NORMAL
L10_000223,444,TRANSFER,8666.76,LD000045_S,1484801.11,1476134.35,LD000045_D3,765730.51,774397.27,0,0,L10_000045,LEGITIMATE_FUND_DISPERSION,NONE,1,3,5,3,8,246975.79,0.005837,0.011318,ONE_TO_MANY,NORMAL
L10_000224,445,TRANSFER,67526.54,LD000045_S,1476134.35,1408607.81,LD000045_D4,531694.91,599221.45,0,0,L10_000045,LEGITIMATE_FUND_DISPERSION,NONE,1,4,5,1,8,246975.79,0.045746,0.127002,ONE_TO_MANY,NORMAL
L10_000225,448,TRANSFER,9078.31,LD000045_S,1408607.81,1399529.5,LD000045_D5,925530.95,934609.26,0,0,L10_000045,LEGITIMATE_FUND_DISPERSION,NONE,1,5,5,3,8,246975.79,0.006445,0.009809,ONE_TO_MANY,NORMAL
L10_000226,357,TRANSFER,67938.21,LD000046_S,2026429.88,1958491.67,LD000046_D1,533077.72,601015.93,0,0,L10_000046,LEGITIMATE_FUND_DISPERSION,NONE,1,1,5,0,9,303964.48,0.033526,0.127445,ONE_TO_MANY,NORMAL
L10_000227,359,TRANSFER,67942.85,LD000046_S,1958491.67,1890548.82,LD000046_D2,605456.39,673399.24,0,0,L10_000046,LEGITIMATE_FUND_DISPERSION,NONE,1,2,5,2,9,303964.48,0.034691,0.112218,ONE_TO_MANY,NORMAL
L10_000228,361,TRANSFER,72147.96,LD000046_S,1890548.82,1818400.86,LD000046_D3,916794.22,988942.18,0,0,L10_000046,LEGITIMATE_FUND_DISPERSION,NONE,1,3,5,2,9,303964.48,0.038162,0.078696,ONE_TO_MANY,NORMAL
L10_000229,363,TRANSFER,18202.46,LD000046_S,1818400.86,1800198.4,LD000046_D4,774712.09,792914.55,0,0,L10_000046,LEGITIMATE_FUND_DISPERSION,NONE,1,4,5,2,9,303964.48,0.01001,0.023496,ONE_TO_MANY,NORMAL
L10_000230,366,TRANSFER,77733.0,LD000046_S,1800198.4,1722465.4,LD000046_D5,1016813.82,1094546.82,0,0,L10_000046,LEGITIMATE_FUND_DISPERSION,NONE,1,5,5,3,9,303964.48,0.04318,0.076448,ONE_TO_MANY,NORMAL
L10_000231,438,TRANSFER,35079.18,LD000047_S,1742074.46,1706995.28,LD000047_D1,1222049.95,1257129.13,0,0,L10_000047,LEGITIMATE_FUND_DISPERSION,NONE,1,1,5,0,9,261311.17,0.020136,0.028705,ONE_TO_MANY,NORMAL
L10_000232,440,TRANSFER,38024.68,LD000047_S,1706995.28,1668970.6,LD000047_D2,618305.84,656330.52,0,0,L10_000047,LEGITIMATE_FUND_DISPERSION,NONE,1,2,5,2,9,261311.17,0.022276,0.061498,ONE_TO_MANY,NORMAL
L10_000233,442,TRANSFER,71543.38,LD000047_S,1668970.6,1597427.22,LD000047_D3,1202933.38,1274476.76,0,0,L10_000047,LEGITIMATE_FUND_DISPERSION,NONE,1,3,5,2,9,261311.17,0.042867,0.059474,ONE_TO_MANY,NORMAL
L10_000234,444,TRANSFER,31638.95,LD000047_S,1597427.22,1565788.27,LD000047_D4,645894.35,677533.3,0,0,L10_000047,LEGITIMATE_FUND_DISPERSION,NONE,1,4,5,2,9,261311.17,0.019806,0.048985,ONE_TO_MANY,NORMAL
L10_000235,447,TRANSFER,85024.98,LD000047_S,1565788.27,1480763.29,LD000047_D5,399319.79,484344.77,0,0,L10_000047,LEGITIMATE_FUND_DISPERSION,NONE,1,5,5,3,9,261311.17,0.054302,0.212925,ONE_TO_MANY,NORMAL
L10_000236,806,TRANSFER,31944.08,LD000048_S,2151954.47,2120010.39,LD000048_D1,553252.31,585196.39,0,0,L10_000048,LEGITIMATE_FUND_DISPERSION,NONE,1,1,5,0,9,322793.17,0.014844,0.057739,ONE_TO_MANY,NORMAL
L10_000237,807,TRANSFER,69360.67,LD000048_S,2120010.39,2050649.72,LD000048_D2,899548.39,968909.06,0,0,L10_000048,LEGITIMATE_FUND_DISPERSION,NONE,1,2,5,1,9,322793.17,0.032717,0.077106,ONE_TO_MANY,NORMAL
L10_000238,809,TRANSFER,112939.81,LD000048_S,2050649.72,1937709.91,LD000048_D3,1055738.59,1168678.4,0,0,L10_000048,LEGITIMATE_FUND_DISPERSION,NONE,1,3,5,2,9,322793.17,0.055075,0.106977,ONE_TO_MANY,NORMAL
L10_000239,812,TRANSFER,38774.95,LD000048_S,1937709.91,1898934.96,LD000048_D4,429607.9,468382.85,0,0,L10_000048,LEGITIMATE_FUND_DISPERSION,NONE,1,4,5,3,9,322793.17,0.020011,0.090257,ONE_TO_MANY,NORMAL
L10_000240,815,TRANSFER,69773.66,LD000048_S,1898934.96,1829161.3,LD000048_D5,1211525.51,1281299.17,0,0,L10_000048,LEGITIMATE_FUND_DISPERSION,NONE,1,5,5,3,9,322793.17,0.036744,0.057592,ONE_TO_MANY,NORMAL
L10_000241,734,TRANSFER,78426.24,LD000049_S,1592138.97,1513712.73,LD000049_D1,457630.31,536056.55,0,0,L10_000049,LEGITIMATE_FUND_DISPERSION,NONE,1,1,5,0,7,238820.85,0.049258,0.171375,ONE_TO_MANY,NORMAL
L10_000242,735,TRANSFER,41605.47,LD000049_S,1513712.73,1472107.26,LD000049_D2,888288.39,929893.86,0,0,L10_000049,LEGITIMATE_FUND_DISPERSION,NONE,1,2,5,1,7,238820.85,0.027486,0.046838,ONE_TO_MANY,NORMAL
L10_000243,736,TRANSFER,72598.78,LD000049_S,1472107.26,1399508.48,LD000049_D3,974102.33,1046701.11,0,0,L10_000049,LEGITIMATE_FUND_DISPERSION,NONE,1,3,5,1,7,238820.85,0.049316,0.074529,ONE_TO_MANY,NORMAL
L10_000244,738,TRANSFER,35796.77,LD000049_S,1399508.48,1363711.71,LD000049_D4,413717.67,449514.44,0,0,L10_000049,LEGITIMATE_FUND_DISPERSION,NONE,1,4,5,2,7,238820.85,0.025578,0.086525,ONE_TO_MANY,NORMAL
L10_000245,741,TRANSFER,10393.59,LD000049_S,1363711.71,1353318.12,LD000049_D5,928390.65,938784.24,0,0,L10_000049,LEGITIMATE_FUND_DISPERSION,NONE,1,5,5,3,7,238820.85,0.007622,0.011195,ONE_TO_MANY,NORMAL
L10_000246,128,TRANSFER,61719.91,LD000050_S,2284741.74,2223021.83,LD000050_D1,731609.09,793329.0,0,0,L10_000050,LEGITIMATE_FUND_DISPERSION,NONE,1,1,5,0,9,342711.26,0.027014,0.084362,ONE_TO_MANY,NORMAL
L10_000247,129,TRANSFER,24345.59,LD000050_S,2223021.83,2198676.24,LD000050_D2,846195.09,870540.68,0,0,L10_000050,LEGITIMATE_FUND_DISPERSION,NONE,1,2,5,1,9,342711.26,0.010952,0.028771,ONE_TO_MANY,NORMAL
L10_000248,132,TRANSFER,90556.47,LD000050_S,2198676.24,2108119.77,LD000050_D3,999731.61,1090288.08,0,0,L10_000050,LEGITIMATE_FUND_DISPERSION,NONE,1,3,5,3,9,342711.26,0.041187,0.090581,ONE_TO_MANY,NORMAL
L10_000249,135,TRANSFER,93654.7,LD000050_S,2108119.77,2014465.07,LD000050_D4,1120563.09,1214217.79,0,0,L10_000050,LEGITIMATE_FUND_DISPERSION,NONE,1,4,5,3,9,342711.26,0.044426,0.083578,ONE_TO_MANY,NORMAL
L10_000250,137,TRANSFER,72434.59,LD000050_S,2014465.07,1942030.48,LD000050_D5,659490.79,731925.38,0,0,L10_000050,LEGITIMATE_FUND_DISPERSION,NONE,1,5,5,2,9,342711.26,0.035957,0.109834,ONE_TO_MANY,NORMAL
L10_000251,299,TRANSFER,31515.02,LD000051_S,1996575.62,1965060.6,LD000051_D1,1048874.79,1080389.81,0,0,L10_000051,LEGITIMATE_FUND_DISPERSION,NONE,1,1,5,0,8,299486.35,0.015785,0.030047,ONE_TO_MANY,NORMAL
L10_000252,301,TRANSFER,99792.72,LD000051_S,1965060.6,1865267.88,LD000051_D2,833405.59,933198.31,0,0,L10_000051,LEGITIMATE_FUND_DISPERSION,NONE,1,2,5,2,8,299486.35,0.050784,0.119741,ONE_TO_MANY,NORMAL
L10_000253,303,TRANSFER,76067.13,LD000051_S,1865267.88,1789200.75,LD000051_D3,577462.69,653529.82,0,0,L10_000051,LEGITIMATE_FUND_DISPERSION,NONE,1,3,5,2,8,299486.35,0.040781,0.131726,ONE_TO_MANY,NORMAL
L10_000254,306,TRANSFER,27835.11,LD000051_S,1789200.75,1761365.64,LD000051_D4,825766.27,853601.38,0,0,L10_000051,LEGITIMATE_FUND_DISPERSION,NONE,1,4,5,3,8,299486.35,0.015557,0.033708,ONE_TO_MANY,NORMAL
L10_000255,307,TRANSFER,64276.37,LD000051_S,1761365.64,1697089.27,LD000051_D5,1175601.85,1239878.22,0,0,L10_000051,LEGITIMATE_FUND_DISPERSION,NONE,1,5,5,1,8,299486.35,0.036492,0.054675,ONE_TO_MANY,NORMAL
L10_000256,754,TRANSFER,115655.66,LD000052_S,2213966.27,2098310.61,LD000052_D1,876315.82,991971.48,0,0,L10_000052,LEGITIMATE_FUND_DISPERSION,NONE,1,1,5,0,8,332094.93,0.052239,0.131979,ONE_TO_MANY,NORMAL
L10_000257,757,TRANSFER,29122.8,LD000052_S,2098310.61,2069187.81,LD000052_D2,1117548.47,1146671.27,0,0,L10_000052,LEGITIMATE_FUND_DISPERSION,NONE,1,2,5,3,8,332094.93,0.013879,0.02606,ONE_TO_MANY,NORMAL
L10_000258,758,TRANSFER,41889.76,LD000052_S,2069187.81,2027298.05,LD000052_D3,1184278.62,1226168.38,0,0,L10_000052,LEGITIMATE_FUND_DISPERSION,NONE,1,3,5,1,8,332094.93,0.020245,0.035372,ONE_TO_MANY,NORMAL
L10_000259,761,TRANSFER,54010.28,LD000052_S,2027298.05,1973287.77,LD000052_D4,517164.18,571174.46,0,0,L10_000052,LEGITIMATE_FUND_DISPERSION,NONE,1,4,5,3,8,332094.93,0.026642,0.104435,ONE_TO_MANY,NORMAL
L10_000260,762,TRANSFER,91416.43,LD000052_S,1973287.77,1881871.34,LD000052_D5,618530.94,709947.37,0,0,L10_000052,LEGITIMATE_FUND_DISPERSION,NONE,1,5,5,1,8,332094.93,0.046327,0.147796,ONE_TO_MANY,NORMAL
L10_000261,469,TRANSFER,63281.83,LD000053_S,2220416.32,2157134.49,LD000053_D1,499881.04,563162.87,0,0,L10_000053,LEGITIMATE_FUND_DISPERSION,NONE,1,1,5,0,6,333062.45,0.0285,0.126594,ONE_TO_MANY,NORMAL
L10_000262,470,TRANSFER,43472.15,LD000053_S,2157134.49,2113662.34,LD000053_D2,1050304.72,1093776.87,0,0,L10_000053,LEGITIMATE_FUND_DISPERSION,NONE,1,2,5,1,6,333062.45,0.020153,0.04139,ONE_TO_MANY,NORMAL
L10_000263,471,TRANSFER,92770.22,LD000053_S,2113662.34,2020892.12,LD000053_D3,1164737.13,1257507.35,0,0,L10_000053,LEGITIMATE_FUND_DISPERSION,NONE,1,3,5,1,6,333062.45,0.043891,0.079649,ONE_TO_MANY,NORMAL
L10_000264,473,TRANSFER,22845.66,LD000053_S,2020892.12,1998046.46,LD000053_D4,1252472.52,1275318.18,0,0,L10_000053,LEGITIMATE_FUND_DISPERSION,NONE,1,4,5,2,6,333062.45,0.011305,0.01824,ONE_TO_MANY,NORMAL
L10_000265,475,TRANSFER,110692.59,LD000053_S,1998046.46,1887353.87,LD000053_D5,1259962.01,1370654.6,0,0,L10_000053,LEGITIMATE_FUND_DISPERSION,NONE,1,5,5,2,6,333062.45,0.0554,0.087854,ONE_TO_MANY,NORMAL
L10_000266,397,TRANSFER,82764.86,LD000054_S,2296650.15,2213885.29,LD000054_D1,1181635.63,1264400.49,0,0,L10_000054,LEGITIMATE_FUND_DISPERSION,NONE,1,1,5,0,10,344497.53,0.036037,0.070043,ONE_TO_MANY,NORMAL
L10_000267,400,TRANSFER,88079.3,LD000054_S,2213885.29,2125805.99,LD000054_D2,1204702.32,1292781.62,0,0,L10_000054,LEGITIMATE_FUND_DISPERSION,NONE,1,2,5,3,10,344497.53,0.039785,0.073113,ONE_TO_MANY,NORMAL
L10_000268,403,TRANSFER,24193.08,LD000054_S,2125805.99,2101612.91,LD000054_D3,687203.08,711396.16,0,0,L10_000054,LEGITIMATE_FUND_DISPERSION,NONE,1,3,5,3,10,344497.53,0.011381,0.035205,ONE_TO_MANY,NORMAL
L10_000269,406,TRANSFER,63706.58,LD000054_S,2101612.91,2037906.33,LD000054_D4,611404.3,675110.88,0,0,L10_000054,LEGITIMATE_FUND_DISPERSION,NONE,1,4,5,3,10,344497.53,0.030313,0.104197,ONE_TO_MANY,NORMAL
L10_000270,407,TRANSFER,85753.71,LD000054_S,2037906.33,1952152.62,LD000054_D5,694869.91,780623.62,0,0,L10_000054,LEGITIMATE_FUND_DISPERSION,NONE,1,5,5,1,10,344497.53,0.042079,0.12341,ONE_TO_MANY,NORMAL
L10_000271,457,TRANSFER,59445.87,LD000055_S,2168905.73,2109459.86,LD000055_D1,1124625.63,1184071.5,0,0,L10_000055,LEGITIMATE_FUND_DISPERSION,NONE,1,1,5,0,10,325335.86,0.027408,0.052858,ONE_TO_MANY,NORMAL
L10_000272,460,TRANSFER,69840.21,LD000055_S,2109459.86,2039619.65,LD000055_D2,695001.74,764841.95,0,0,L10_000055,LEGITIMATE_FUND_DISPERSION,NONE,1,2,5,3,10,325335.86,0.033108,0.100489,ONE_TO_MANY,NORMAL
L10_000273,461,TRANSFER,120355.77,LD000055_S,2039619.65,1919263.88,LD000055_D3,601940.2,722295.97,0,0,L10_000055,LEGITIMATE_FUND_DISPERSION,NONE,1,3,5,1,10,325335.86,0.059009,0.199946,ONE_TO_MANY,NORMAL
L10_000274,464,TRANSFER,39875.47,LD000055_S,1919263.88,1879388.41,LD000055_D4,708142.09,748017.56,0,0,L10_000055,LEGITIMATE_FUND_DISPERSION,NONE,1,4,5,3,10,325335.86,0.020776,0.05631,ONE_TO_MANY,NORMAL
L10_000275,467,TRANSFER,35818.54,LD000055_S,1879388.41,1843569.87,LD000055_D5,778780.08,814598.62,0,0,L10_000055,LEGITIMATE_FUND_DISPERSION,NONE,1,5,5,3,10,325335.86,0.019059,0.045993,ONE_TO_MANY,NORMAL
L10_000276,587,TRANSFER,79789.31,LD000056_S,1413060.52,1333271.21,LD000056_D1,433763.95,513553.26,0,0,L10_000056,LEGITIMATE_FUND_DISPERSION,NONE,1,1,5,0,7,211959.08,0.056466,0.183946,ONE_TO_MANY,NORMAL
L10_000277,588,TRANSFER,32390.66,LD000056_S,1333271.21,1300880.55,LD000056_D2,486619.6,519010.26,0,0,L10_000056,LEGITIMATE_FUND_DISPERSION,NONE,1,2,5,1,7,211959.08,0.024294,0.066563,ONE_TO_MANY,NORMAL
L10_000278,590,TRANSFER,20942.25,LD000056_S,1300880.55,1279938.3,LD000056_D3,1044247.14,1065189.39,0,0,L10_000056,LEGITIMATE_FUND_DISPERSION,NONE,1,3,5,2,7,211959.08,0.016099,0.020055,ONE_TO_MANY,NORMAL
L10_000279,593,TRANSFER,8338.48,LD000056_S,1279938.3,1271599.82,LD000056_D4,1250582.37,1258920.85,0,0,L10_000056,LEGITIMATE_FUND_DISPERSION,NONE,1,4,5,3,7,211959.08,0.006515,0.006668,ONE_TO_MANY,NORMAL
L10_000280,594,TRANSFER,70498.38,LD000056_S,1271599.82,1201101.44,LD000056_D5,579688.2,650186.58,0,0,L10_000056,LEGITIMATE_FUND_DISPERSION,NONE,1,5,5,1,7,211959.08,0.055441,0.121614,ONE_TO_MANY,NORMAL
L10_000281,708,TRANSFER,73254.28,LD000057_S,1783977.43,1710723.15,LD000057_D1,1208498.69,1281752.97,0,0,L10_000057,LEGITIMATE_FUND_DISPERSION,NONE,1,1,5,0,7,267596.61,0.041062,0.060616,ONE_TO_MANY,NORMAL
L10_000282,710,TRANSFER,77517.36,LD000057_S,1710723.15,1633205.79,LD000057_D2,621839.53,699356.89,0,0,L10_000057,LEGITIMATE_FUND_DISPERSION,NONE,1,2,5,2,7,267596.61,0.045313,0.124658,ONE_TO_MANY,NORMAL
L10_000283,712,TRANSFER,71985.91,LD000057_S,1633205.79,1561219.88,LD000057_D3,1016299.93,1088285.84,0,0,L10_000057,LEGITIMATE_FUND_DISPERSION,NONE,1,3,5,2,7,267596.61,0.044076,0.070831,ONE_TO_MANY,NORMAL
L10_000284,713,TRANSFER,26521.11,LD000057_S,1561219.88,1534698.77,LD000057_D4,909467.8,935988.91,0,0,L10_000057,LEGITIMATE_FUND_DISPERSION,NONE,1,4,5,1,7,267596.61,0.016987,0.029161,ONE_TO_MANY,NORMAL
L10_000285,715,TRANSFER,18317.95,LD000057_S,1534698.77,1516380.82,LD000057_D5,1258650.79,1276968.74,0,0,L10_000057,LEGITIMATE_FUND_DISPERSION,NONE,1,5,5,2,7,267596.61,0.011936,0.014554,ONE_TO_MANY,NORMAL
L10_000286,30,TRANSFER,61488.25,LD000058_S,2320065.43,2258577.18,LD000058_D1,606635.75,668124.0,0,0,L10_000058,LEGITIMATE_FUND_DISPERSION,NONE,1,1,5,0,7,348009.81,0.026503,0.101359,ONE_TO_MANY,NORMAL
L10_000287,32,TRANSFER,129256.06,LD000058_S,2258577.18,2129321.12,LD000058_D2,433577.31,562833.37,0,0,L10_000058,LEGITIMATE_FUND_DISPERSION,NONE,1,2,5,2,7,348009.81,0.057229,0.298115,ONE_TO_MANY,NORMAL
L10_000288,35,TRANSFER,46662.51,LD000058_S,2129321.12,2082658.61,LD000058_D3,1199847.47,1246509.98,0,0,L10_000058,LEGITIMATE_FUND_DISPERSION,NONE,1,3,5,3,7,348009.81,0.021914,0.03889,ONE_TO_MANY,NORMAL
L10_000289,36,TRANSFER,72383.97,LD000058_S,2082658.61,2010274.64,LD000058_D4,895049.51,967433.48,0,0,L10_000058,LEGITIMATE_FUND_DISPERSION,NONE,1,4,5,1,7,348009.81,0.034756,0.080871,ONE_TO_MANY,NORMAL
L10_000290,37,TRANSFER,38219.02,LD000058_S,2010274.64,1972055.62,LD000058_D5,1080400.8,1118619.82,0,0,L10_000058,LEGITIMATE_FUND_DISPERSION,NONE,1,5,5,1,7,348009.81,0.019012,0.035375,ONE_TO_MANY,NORMAL
L10_000291,560,TRANSFER,123073.55,LD000059_S,1865918.0,1742844.45,LD000059_D1,589750.0,712823.55,0,0,L10_000059,LEGITIMATE_FUND_DISPERSION,NONE,1,1,5,0,9,279887.69,0.065959,0.208688,ONE_TO_MANY,NORMAL
L10_000292,563,TRANSFER,13836.74,LD000059_S,1742844.45,1729007.71,LD000059_D2,923900.07,937736.81,0,0,L10_000059,LEGITIMATE_FUND_DISPERSION,NONE,1,2,5,3,9,279887.69,0.007939,0.014976,ONE_TO_MANY,NORMAL
L10_000293,565,TRANSFER,55945.37,LD000059_S,1729007.71,1673062.34,LD000059_D3,441612.17,497557.54,0,0,L10_000059,LEGITIMATE_FUND_DISPERSION,NONE,1,3,5,2,9,279887.69,0.032357,0.126684,ONE_TO_MANY,NORMAL
L10_000294,568,TRANSFER,70452.24,LD000059_S,1673062.34,1602610.1,LD000059_D4,1266068.99,1336521.23,0,0,L10_000059,LEGITIMATE_FUND_DISPERSION,NONE,1,4,5,3,9,279887.69,0.04211,0.055646,ONE_TO_MANY,NORMAL
L10_000295,569,TRANSFER,16579.79,LD000059_S,1602610.1,1586030.31,LD000059_D5,768430.27,785010.06,0,0,L10_000059,LEGITIMATE_FUND_DISPERSION,NONE,1,5,5,1,9,279887.69,0.010345,0.021576,ONE_TO_MANY,NORMAL
L10_000296,866,TRANSFER,51956.21,LD000060_S,2156426.64,2104470.43,LD000060_D1,621476.21,673432.42,0,0,L10_000060,LEGITIMATE_FUND_DISPERSION,NONE,1,1,5,0,7,280277.83,0.024094,0.083601,ONE_TO_MANY,NORMAL
L10_000297,867,TRANSFER,19715.37,LD000060_S,2104470.43,2084755.06,LD000060_D2,704257.01,723972.38,0,0,L10_000060,LEGITIMATE_FUND_DISPERSION,NONE,1,2,5,1,7,280277.83,0.009368,0.027995,ONE_TO_MANY,NORMAL
L10_000298,868,TRANSFER,44867.38,LD000060_S,2084755.06,2039887.68,LD000060_D3,1112691.92,1157559.3,0,0,L10_000060,LEGITIMATE_FUND_DISPERSION,NONE,1,3,5,1,7,280277.83,0.021522,0.040323,ONE_TO_MANY,NORMAL
L10_000299,870,TRANSFER,29398.52,LD000060_S,2039887.68,2010489.16,LD000060_D4,449318.52,478717.04,0,0,L10_000060,LEGITIMATE_FUND_DISPERSION,NONE,1,4,5,2,7,280277.83,0.014412,0.065429,ONE_TO_MANY,NORMAL
L10_000300,873,TRANSFER,134340.35,LD000060_S,2010489.16,1876148.81,LD000060_D5,844731.97,979072.32,0,0,L10_000060,LEGITIMATE_FUND_DISPERSION,NONE,1,5,5,3,7,280277.83,0.06682,0.159033,ONE_TO_MANY,NORMAL
L10_000301,410,TRANSFER,59586.8,LD000061_S,1583691.08,1524104.28,LD000061_D1,691668.28,751255.08,0,0,L10_000061,LEGITIMATE_FUND_DISPERSION,NONE,1,1,5,0,7,237553.66,0.037625,0.086149,ONE_TO_MANY,NORMAL
L10_000302,411,TRANSFER,24745.09,LD000061_S,1524104.28,1499359.19,LD000061_D2,805599.27,830344.36,0,0,L10_000061,LEGITIMATE_FUND_DISPERSION,NONE,1,2,5,1,7,237553.66,0.016236,0.030716,ONE_TO_MANY,NORMAL
L10_000303,414,TRANSFER,45145.66,LD000061_S,1499359.19,1454213.53,LD000061_D3,739393.34,784539.0,0,0,L10_000061,LEGITIMATE_FUND_DISPERSION,NONE,1,3,5,3,7,237553.66,0.03011,0.061058,ONE_TO_MANY,NORMAL
L10_000304,415,TRANSFER,55549.48,LD000061_S,1454213.53,1398664.05,LD000061_D4,869919.75,925469.23,0,0,L10_000061,LEGITIMATE_FUND_DISPERSION,NONE,1,4,5,1,7,237553.66,0.038199,0.063856,ONE_TO_MANY,NORMAL
L10_000305,417,TRANSFER,52526.63,LD000061_S,1398664.05,1346137.42,LD000061_D5,1200131.2,1252657.83,0,0,L10_000061,LEGITIMATE_FUND_DISPERSION,NONE,1,5,5,2,7,237553.66,0.037555,0.043767,ONE_TO_MANY,NORMAL
L10_000306,220,TRANSFER,62478.99,LD000062_S,2032325.73,1969846.74,LD000062_D1,722898.28,785377.27,0,0,L10_000062,LEGITIMATE_FUND_DISPERSION,NONE,1,1,5,0,8,304848.86,0.030743,0.086428,ONE_TO_MANY,NORMAL
L10_000307,221,TRANSFER,118940.48,LD000062_S,1969846.74,1850906.26,LD000062_D2,724022.72,842963.2,0,0,L10_000062,LEGITIMATE_FUND_DISPERSION,NONE,1,2,5,1,8,304848.86,0.060381,0.164277,ONE_TO_MANY,NORMAL
L10_000308,224,TRANSFER,71297.36,LD000062_S,1850906.26,1779608.9,LD000062_D3,701688.3,772985.66,0,0,L10_000062,LEGITIMATE_FUND_DISPERSION,NONE,1,3,5,3,8,304848.86,0.03852,0.101608,ONE_TO_MANY,NORMAL
L10_000309,227,TRANSFER,40545.85,LD000062_S,1779608.9,1739063.05,LD000062_D4,788440.19,828986.04,0,0,L10_000062,LEGITIMATE_FUND_DISPERSION,NONE,1,4,5,3,8,304848.86,0.022784,0.051425,ONE_TO_MANY,NORMAL
L10_000310,228,TRANSFER,11586.18,LD000062_S,1739063.05,1727476.87,LD000062_D5,989147.57,1000733.75,0,0,L10_000062,LEGITIMATE_FUND_DISPERSION,NONE,1,5,5,1,8,304848.86,0.006662,0.011713,ONE_TO_MANY,NORMAL
L10_000311,300,TRANSFER,27651.44,LD000063_S,1373467.1,1345815.66,LD000063_D1,1122702.75,1150354.19,0,0,L10_000063,LEGITIMATE_FUND_DISPERSION,NONE,1,1,5,0,8,206020.07,0.020133,0.024629,ONE_TO_MANY,NORMAL
L10_000312,303,TRANSFER,33457.71,LD000063_S,1345815.66,1312357.95,LD000063_D2,1167066.41,1200524.12,0,0,L10_000063,LEGITIMATE_FUND_DISPERSION,NONE,1,2,5,3,8,206020.07,0.024861,0.028668,ONE_TO_MANY,NORMAL
L10_000313,304,TRANSFER,40286.27,LD000063_S,1312357.95,1272071.68,LD000063_D3,661875.41,702161.68,0,0,L10_000063,LEGITIMATE_FUND_DISPERSION,NONE,1,3,5,1,8,206020.07,0.030698,0.060867,ONE_TO_MANY,NORMAL
L10_000314,306,TRANSFER,53087.09,LD000063_S,1272071.68,1218984.59,LD000063_D4,516469.87,569556.96,0,0,L10_000063,LEGITIMATE_FUND_DISPERSION,NONE,1,4,5,2,8,206020.07,0.041733,0.102788,ONE_TO_MANY,NORMAL
L10_000315,308,TRANSFER,51537.56,LD000063_S,1218984.59,1167447.03,LD000063_D5,1016611.09,1068148.65,0,0,L10_000063,LEGITIMATE_FUND_DISPERSION,NONE,1,5,5,2,8,206020.07,0.042279,0.050695,ONE_TO_MANY,NORMAL
L10_000316,790,TRANSFER,59904.47,LD000064_S,1814274.28,1754369.81,LD000064_D1,658471.57,718376.04,0,0,L10_000064,LEGITIMATE_FUND_DISPERSION,NONE,1,1,5,0,10,272141.15,0.033018,0.090975,ONE_TO_MANY,NORMAL
L10_000317,793,TRANSFER,67733.84,LD000064_S,1754369.81,1686635.97,LD000064_D2,1146740.66,1214474.5,0,0,L10_000064,LEGITIMATE_FUND_DISPERSION,NONE,1,2,5,3,10,272141.15,0.038609,0.059066,ONE_TO_MANY,NORMAL
L10_000318,796,TRANSFER,43845.2,LD000064_S,1686635.97,1642790.77,LD000064_D3,1190102.7,1233947.9,0,0,L10_000064,LEGITIMATE_FUND_DISPERSION,NONE,1,3,5,3,10,272141.15,0.025996,0.036842,ONE_TO_MANY,NORMAL
L10_000319,799,TRANSFER,41751.28,LD000064_S,1642790.77,1601039.49,LD000064_D4,712322.5,754073.78,0,0,L10_000064,LEGITIMATE_FUND_DISPERSION,NONE,1,4,5,3,10,272141.15,0.025415,0.058613,ONE_TO_MANY,NORMAL
L10_000320,800,TRANSFER,58906.36,LD000064_S,1601039.49,1542133.13,LD000064_D5,472838.87,531745.23,0,0,L10_000064,LEGITIMATE_FUND_DISPERSION,NONE,1,5,5,1,10,272141.15,0.036793,0.12458,ONE_TO_MANY,NORMAL
L10_000321,167,TRANSFER,46027.16,LD000065_S,1572124.42,1526097.26,LD000065_D1,1223610.58,1269637.74,0,0,L10_000065,LEGITIMATE_FUND_DISPERSION,NONE,1,1,5,0,7,235818.66,0.029277,0.037616,ONE_TO_MANY,NORMAL
L10_000322,169,TRANSFER,59348.21,LD000065_S,1526097.26,1466749.05,LD000065_D2,615767.36,675115.57,0,0,L10_000065,LEGITIMATE_FUND_DISPERSION,NONE,1,2,5,2,7,235818.66,0.038889,0.096381,ONE_TO_MANY,NORMAL
L10_000323,172,TRANSFER,23209.28,LD000065_S,1466749.05,1443539.77,LD000065_D3,1145445.18,1168654.46,0,0,L10_000065,LEGITIMATE_FUND_DISPERSION,NONE,1,3,5,3,7,235818.66,0.015824,0.020262,ONE_TO_MANY,NORMAL
L10_000324,173,TRANSFER,90397.44,LD000065_S,1443539.77,1353142.33,LD000065_D4,1277225.25,1367622.69,0,0,L10_000065,LEGITIMATE_FUND_DISPERSION,NONE,1,4,5,1,7,235818.66,0.062622,0.070776,ONE_TO_MANY,NORMAL
L10_000325,174,TRANSFER,16836.57,LD000065_S,1353142.33,1336305.76,LD000065_D5,932459.96,949296.53,0,0,L10_000065,LEGITIMATE_FUND_DISPERSION,NONE,1,5,5,1,7,235818.66,0.012443,0.018056,ONE_TO_MANY,NORMAL
L10_000326,776,TRANSFER,19972.1,LD000066_S,1332050.56,1312078.46,LD000066_D1,1211886.72,1231858.82,0,0,L10_000066,LEGITIMATE_FUND_DISPERSION,NONE,1,1,5,0,7,199807.58,0.014993,0.01648,ONE_TO_MANY,NORMAL
L10_000327,779,TRANSFER,43465.97,LD000066_S,1312078.46,1268612.49,LD000066_D2,802500.58,845966.55,0,0,L10_000066,LEGITIMATE_FUND_DISPERSION,NONE,1,2,5,3,7,199807.58,0.033128,0.054163,ONE_TO_MANY,NORMAL
L10_000328,780,TRANSFER,44728.43,LD000066_S,1268612.49,1223884.06,LD000066_D3,1007674.76,1052403.19,0,0,L10_000066,LEGITIMATE_FUND_DISPERSION,NONE,1,3,5,1,7,199807.58,0.035258,0.044388,ONE_TO_MANY,NORMAL
L10_000329,781,TRANSFER,48093.57,LD000066_S,1223884.06,1175790.49,LD000066_D4,616685.92,664779.49,0,0,L10_000066,LEGITIMATE_FUND_DISPERSION,NONE,1,4,5,1,7,199807.58,0.039296,0.077987,ONE_TO_MANY,NORMAL
L10_000330,783,TRANSFER,43547.51,LD000066_S,1175790.49,1132242.98,LD000066_D5,1048341.3,1091888.81,0,0,L10_000066,LEGITIMATE_FUND_DISPERSION,NONE,1,5,5,2,7,199807.58,0.037037,0.041539,ONE_TO_MANY,NORMAL
L10_000331,400,TRANSFER,87462.64,LD000067_S,2005406.9,1917944.26,LD000067_D1,574892.97,662355.61,0,0,L10_000067,LEGITIMATE_FUND_DISPERSION,NONE,1,1,5,0,9,300811.03,0.043613,0.152137,ONE_TO_MANY,NORMAL
L10_000332,401,TRANSFER,63055.08,LD000067_S,1917944.26,1854889.18,LD000067_D2,799177.41,862232.49,0,0,L10_000067,LEGITIMATE_FUND_DISPERSION,NONE,1,2,5,1,9,300811.03,0.032876,0.0789,ONE_TO_MANY,NORMAL
L10_000333,404,TRANSFER,15903.86,LD000067_S,1854889.18,1838985.32,LD000067_D3,1147721.67,1163625.53,0,0,L10_000067,LEGITIMATE_FUND_DISPERSION,NONE,1,3,5,3,9,300811.03,0.008574,0.013857,ONE_TO_MANY,NORMAL
L10_000334,407,TRANSFER,93331.73,LD000067_S,1838985.32,1745653.59,LD000067_D4,1163956.45,1257288.18,0,0,L10_000067,LEGITIMATE_FUND_DISPERSION,NONE,1,4,5,3,9,300811.03,0.050752,0.080185,ONE_TO_MANY,NORMAL
L10_000335,409,TRANSFER,41057.72,LD000067_S,1745653.59,1704595.87,LD000067_D5,638344.94,679402.66,0,0,L10_000067,LEGITIMATE_FUND_DISPERSION,NONE,1,5,5,2,9,300811.03,0.02352,0.064319,ONE_TO_MANY,NORMAL
L10_000336,135,TRANSFER,64674.43,LD000068_S,2089104.62,2024430.19,LD000068_D1,941700.05,1006374.48,0,0,L10_000068,LEGITIMATE_FUND_DISPERSION,NONE,1,1,5,0,7,313365.7,0.030958,0.068678,ONE_TO_MANY,NORMAL
L10_000337,138,TRANSFER,76640.6,LD000068_S,2024430.19,1947789.59,LD000068_D2,912149.75,988790.35,0,0,L10_000068,LEGITIMATE_FUND_DISPERSION,NONE,1,2,5,3,7,313365.7,0.037858,0.084022,ONE_TO_MANY,NORMAL
L10_000338,139,TRANSFER,55026.11,LD000068_S,1947789.59,1892763.48,LD000068_D3,1122588.94,1177615.05,0,0,L10_000068,LEGITIMATE_FUND_DISPERSION,NONE,1,3,5,1,7,313365.7,0.028251,0.049017,ONE_TO_MANY,NORMAL
L10_000339,141,TRANSFER,90402.76,LD000068_S,1892763.48,1802360.72,LD000068_D4,1254035.42,1344438.18,0,0,L10_000068,LEGITIMATE_FUND_DISPERSION,NONE,1,4,5,2,7,313365.7,0.047762,0.072089,ONE_TO_MANY,NORMAL
L10_000340,142,TRANSFER,26621.8,LD000068_S,1802360.72,1775738.92,LD000068_D5,940402.54,967024.34,0,0,L10_000068,LEGITIMATE_FUND_DISPERSION,NONE,1,5,5,1,7,313365.7,0.014771,0.028309,ONE_TO_MANY,NORMAL
L10_000341,704,TRANSFER,53750.16,LD000069_S,1304156.6,1250406.44,LD000069_D1,513159.2,566909.36,0,0,L10_000069,LEGITIMATE_FUND_DISPERSION,NONE,1,1,5,0,7,195623.5,0.041214,0.104744,ONE_TO_MANY,NORMAL
L10_000342,706,TRANSFER,41113.99,LD000069_S,1250406.44,1209292.45,LD000069_D2,1240151.23,1281265.22,0,0,L10_000069,LEGITIMATE_FUND_DISPERSION,NONE,1,2,5,2,7,195623.5,0.032881,0.033152,ONE_TO_MANY,NORMAL
L10_000343,707,TRANSFER,53664.87,LD000069_S,1209292.45,1155627.58,LD000069_D3,584530.68,638195.55,0,0,L10_000069,LEGITIMATE_FUND_DISPERSION,NONE,1,3,5,1,7,195623.5,0.044377,0.091808,ONE_TO_MANY,NORMAL
L10_000344,708,TRANSFER,6506.24,LD000069_S,1155627.58,1149121.34,LD000069_D4,1200701.32,1207207.56,0,0,L10_000069,LEGITIMATE_FUND_DISPERSION,NONE,1,4,5,1,7,195623.5,0.00563,0.005419,ONE_TO_MANY,NORMAL
L10_000345,711,TRANSFER,40588.24,LD000069_S,1149121.34,1108533.1,LD000069_D5,777058.82,817647.06,0,0,L10_000069,LEGITIMATE_FUND_DISPERSION,NONE,1,5,5,3,7,195623.5,0.035321,0.052233,ONE_TO_MANY,NORMAL
L10_000346,670,TRANSFER,20643.36,LD000070_S,1645845.08,1625201.72,LD000070_D1,1197736.13,1218379.49,0,0,L10_000070,LEGITIMATE_FUND_DISPERSION,NONE,1,1,5,0,10,246876.75,0.012543,0.017235,ONE_TO_MANY,NORMAL
L10_000347,673,TRANSFER,84362.86,LD000070_S,1625201.72,1540838.86,LD000070_D2,657213.94,741576.8,0,0,L10_000070,LEGITIMATE_FUND_DISPERSION,NONE,1,2,5,3,10,246876.75,0.051909,0.128364,ONE_TO_MANY,NORMAL
L10_000348,676,TRANSFER,85923.12,LD000070_S,1540838.86,1454915.74,LD000070_D3,884986.2,970909.32,0,0,L10_000070,LEGITIMATE_FUND_DISPERSION,NONE,1,3,5,3,10,246876.75,0.055764,0.09709,ONE_TO_MANY,NORMAL
L10_000349,678,TRANSFER,33299.58,LD000070_S,1454915.74,1421616.16,LD000070_D4,1052274.03,1085573.61,0,0,L10_000070,LEGITIMATE_FUND_DISPERSION,NONE,1,4,5,2,10,246876.75,0.022888,0.031645,ONE_TO_MANY,NORMAL
L10_000350,680,TRANSFER,22647.83,LD000070_S,1421616.16,1398968.33,LD000070_D5,574851.34,597499.17,0,0,L10_000070,LEGITIMATE_FUND_DISPERSION,NONE,1,5,5,2,10,246876.75,0.015931,0.039398,ONE_TO_MANY,NORMAL
L10_000351,103,TRANSFER,47401.26,LD000071_S,1493828.84,1446427.58,LD000071_D1,1077287.76,1124689.02,0,0,L10_000071,LEGITIMATE_FUND_DISPERSION,NONE,1,1,5,0,7,224074.32,0.031731,0.044001,ONE_TO_MANY,NORMAL
L10_000352,104,TRANSFER,56670.37,LD000071_S,1446427.58,1389757.21,LD000071_D2,436521.93,493192.3,0,0,L10_000071,LEGITIMATE_FUND_DISPERSION,NONE,1,2,5,1,7,224074.32,0.03918,0.129823,ONE_TO_MANY,NORMAL
L10_000353,106,TRANSFER,11158.83,LD000071_S,1389757.21,1378598.38,LD000071_D3,1186011.06,1197169.89,0,0,L10_000071,LEGITIMATE_FUND_DISPERSION,NONE,1,3,5,2,7,224074.32,0.008029,0.009409,ONE_TO_MANY,NORMAL
L10_000354,108,TRANSFER,26143.82,LD000071_S,1378598.38,1352454.56,LD000071_D4,706444.91,732588.73,0,0,L10_000071,LEGITIMATE_FUND_DISPERSION,NONE,1,4,5,2,7,224074.32,0.018964,0.037008,ONE_TO_MANY,NORMAL
L10_000355,110,TRANSFER,82700.04,LD000071_S,1352454.56,1269754.52,LD000071_D5,786273.96,868974.0,0,0,L10_000071,LEGITIMATE_FUND_DISPERSION,NONE,1,5,5,2,7,224074.32,0.061148,0.10518,ONE_TO_MANY,NORMAL
L10_000356,371,TRANSFER,120718.93,LD000072_S,1940216.48,1819497.55,LD000072_D1,496701.68,617420.61,0,0,L10_000072,LEGITIMATE_FUND_DISPERSION,NONE,1,1,5,0,10,291032.48,0.062219,0.243041,ONE_TO_MANY,NORMAL
L10_000357,372,TRANSFER,31456.79,LD000072_S,1819497.55,1788040.76,LD000072_D2,699028.51,730485.3,0,0,L10_000072,LEGITIMATE_FUND_DISPERSION,NONE,1,2,5,1,10,291032.48,0.017289,0.045001,ONE_TO_MANY,NORMAL
L10_000358,375,TRANSFER,96784.65,LD000072_S,1788040.76,1691256.11,LD000072_D3,700749.88,797534.53,0,0,L10_000072,LEGITIMATE_FUND_DISPERSION,NONE,1,3,5,3,10,291032.48,0.054129,0.138116,ONE_TO_MANY,NORMAL
L10_000359,378,TRANSFER,15212.24,LD000072_S,1691256.11,1676043.87,LD000072_D4,1255357.0,1270569.24,0,0,L10_000072,LEGITIMATE_FUND_DISPERSION,NONE,1,4,5,3,10,291032.48,0.008995,0.012118,ONE_TO_MANY,NORMAL
L10_000360,381,TRANSFER,26859.87,LD000072_S,1676043.87,1649184.0,LD000072_D5,523831.64,550691.51,0,0,L10_000072,LEGITIMATE_FUND_DISPERSION,NONE,1,5,5,3,10,291032.48,0.016026,0.051276,ONE_TO_MANY,NORMAL
L10_000361,798,TRANSFER,55217.1,LD000073_S,1874558.06,1819340.96,LD000073_D1,1180336.76,1235553.86,0,0,L10_000073,LEGITIMATE_FUND_DISPERSION,NONE,1,1,5,0,5,281183.72,0.029456,0.046781,ONE_TO_MANY,NORMAL
L10_000362,799,TRANSFER,89667.67,LD000073_S,1819340.96,1729673.29,LD000073_D2,451774.41,541442.08,0,0,L10_000073,LEGITIMATE_FUND_DISPERSION,NONE,1,2,5,1,5,281183.72,0.049286,0.198479,ONE_TO_MANY,NORMAL
L10_000363,801,TRANSFER,23020.23,LD000073_S,1729673.29,1706653.06,LD000073_D3,774338.46,797358.69,0,0,L10_000073,LEGITIMATE_FUND_DISPERSION,NONE,1,3,5,2,5,281183.72,0.013309,0.029729,ONE_TO_MANY,NORMAL
L10_000364,802,TRANSFER,56108.43,LD000073_S,1706653.06,1650544.63,LD000073_D4,791493.43,847601.86,0,0,L10_000073,LEGITIMATE_FUND_DISPERSION,NONE,1,4,5,1,5,281183.72,0.032876,0.070889,ONE_TO_MANY,NORMAL
L10_000365,803,TRANSFER,57170.29,LD000073_S,1650544.63,1593374.34,LD000073_D5,680247.61,737417.9,0,0,L10_000073,LEGITIMATE_FUND_DISPERSION,NONE,1,5,5,1,5,281183.72,0.034637,0.084043,ONE_TO_MANY,NORMAL
L10_000366,102,TRANSFER,66821.87,LD000074_S,2306548.72,2239726.85,LD000074_D1,899085.11,965906.98,0,0,L10_000074,LEGITIMATE_FUND_DISPERSION,NONE,1,1,5,0,9,334442.0,0.028971,0.074322,ONE_TO_MANY,NORMAL
L10_000367,104,TRANSFER,13038.26,LD000074_S,2239726.85,2226688.59,LD000074_D2,632228.04,645266.3,0,0,L10_000074,LEGITIMATE_FUND_DISPERSION,NONE,1,2,5,2,9,334442.0,0.005821,0.020623,ONE_TO_MANY,NORMAL
L10_000368,107,TRANSFER,69045.31,LD000074_S,2226688.59,2157643.28,LD000074_D3,1199603.98,1268649.29,0,0,L10_000074,LEGITIMATE_FUND_DISPERSION,NONE,1,3,5,3,9,334442.0,0.031008,0.057557,ONE_TO_MANY,NORMAL
L10_000369,109,TRANSFER,23395.76,LD000074_S,2157643.28,2134247.52,LD000074_D4,1071237.42,1094633.18,0,0,L10_000074,LEGITIMATE_FUND_DISPERSION,NONE,1,4,5,2,9,334442.0,0.010843,0.02184,ONE_TO_MANY,NORMAL
L10_000370,111,TRANSFER,162140.8,LD000074_S,2134247.52,1972106.72,LD000074_D5,390650.56,552791.36,0,0,L10_000074,LEGITIMATE_FUND_DISPERSION,NONE,1,5,5,2,9,334442.0,0.075971,0.415053,ONE_TO_MANY,NORMAL
L10_000371,501,TRANSFER,127477.26,LD000075_S,2013303.07,1885825.81,LD000075_D1,1141840.23,1269317.49,0,0,L10_000075,LEGITIMATE_FUND_DISPERSION,NONE,1,1,5,0,7,301995.45,0.063317,0.111642,ONE_TO_MANY,NORMAL
L10_000372,503,TRANSFER,9377.46,LD000075_S,1885825.81,1876448.35,LD000075_D2,1033663.91,1043041.37,0,0,L10_000075,LEGITIMATE_FUND_DISPERSION,NONE,1,2,5,2,7,301995.45,0.004973,0.009072,ONE_TO_MANY,NORMAL
L10_000373,504,TRANSFER,85282.47,LD000075_S,1876448.35,1791165.88,LD000075_D3,1087004.86,1172287.33,0,0,L10_000075,LEGITIMATE_FUND_DISPERSION,NONE,1,3,5,1,7,301995.45,0.045449,0.078456,ONE_TO_MANY,NORMAL
L10_000374,507,TRANSFER,51890.58,LD000075_S,1791165.88,1739275.3,LD000075_D4,762351.37,814241.95,0,0,L10_000075,LEGITIMATE_FUND_DISPERSION,NONE,1,4,5,3,7,301995.45,0.02897,0.068066,ONE_TO_MANY,NORMAL
L10_000375,508,TRANSFER,27967.68,LD000075_S,1739275.3,1711307.62,LD000075_D5,1163556.83,1191524.51,0,0,L10_000075,LEGITIMATE_FUND_DISPERSION,NONE,1,5,5,1,7,301995.45,0.01608,0.024036,ONE_TO_MANY,NORMAL
L10_000376,359,TRANSFER,55786.86,LD000076_S,1507079.77,1451292.91,LD000076_D1,1142652.39,1198439.25,0,0,L10_000076,LEGITIMATE_FUND_DISPERSION,NONE,1,1,5,0,9,226061.96,0.037017,0.048822,ONE_TO_MANY,NORMAL
L10_000377,360,TRANSFER,61459.82,LD000076_S,1451292.91,1389833.09,LD000076_D2,899353.16,960812.98,0,0,L10_000076,LEGITIMATE_FUND_DISPERSION,NONE,1,2,5,1,9,226061.96,0.042348,0.068338,ONE_TO_MANY,NORMAL
L10_000378,362,TRANSFER,33151.85,LD000076_S,1389833.09,1356681.24,LD000076_D3,1240803.68,1273955.53,0,0,L10_000076,LEGITIMATE_FUND_DISPERSION,NONE,1,3,5,2,9,226061.96,0.023853,0.026718,ONE_TO_MANY,NORMAL
L10_000379,365,TRANSFER,50447.84,LD000076_S,1356681.24,1306233.4,LD000076_D4,779175.69,829623.53,0,0,L10_000076,LEGITIMATE_FUND_DISPERSION,NONE,1,4,5,3,9,226061.96,0.037185,0.064745,ONE_TO_MANY,NORMAL
L10_000380,368,TRANSFER,25215.59,LD000076_S,1306233.4,1281017.81,LD000076_D5,1080919.28,1106134.87,0,0,L10_000076,LEGITIMATE_FUND_DISPERSION,NONE,1,5,5,3,9,226061.96,0.019304,0.023328,ONE_TO_MANY,NORMAL
L10_000381,259,TRANSFER,69866.99,LD000077_S,2427673.41,2357806.42,LD000077_D1,961803.38,1031670.37,0,0,L10_000077,LEGITIMATE_FUND_DISPERSION,NONE,1,1,5,0,7,349462.52,0.028779,0.072642,ONE_TO_MANY,NORMAL
L10_000382,262,TRANSFER,51072.44,LD000077_S,2357806.42,2306733.98,LD000077_D2,398149.04,449221.48,0,0,L10_000077,LEGITIMATE_FUND_DISPERSION,NONE,1,2,5,3,7,349462.52,0.021661,0.128275,ONE_TO_MANY,NORMAL
L10_000383,263,TRANSFER,97740.57,LD000077_S,2306733.98,2208993.41,LD000077_D3,706903.04,804643.61,0,0,L10_000077,LEGITIMATE_FUND_DISPERSION,NONE,1,3,5,1,7,349462.52,0.042372,0.138266,ONE_TO_MANY,NORMAL
L10_000384,264,TRANSFER,71277.47,LD000077_S,2208993.41,2137715.94,LD000077_D4,451944.23,523221.7,0,0,L10_000077,LEGITIMATE_FUND_DISPERSION,NONE,1,4,5,1,7,349462.52,0.032267,0.157713,ONE_TO_MANY,NORMAL
L10_000385,266,TRANSFER,59505.05,LD000077_S,2137715.94,2078210.89,LD000077_D5,560081.54,619586.59,0,0,L10_000077,LEGITIMATE_FUND_DISPERSION,NONE,1,5,5,2,7,349462.52,0.027836,0.106244,ONE_TO_MANY,NORMAL
L10_000386,13,TRANSFER,57328.26,LD000078_S,1646313.1,1588984.84,LD000078_D1,1127428.03,1184756.29,0,0,L10_000078,LEGITIMATE_FUND_DISPERSION,NONE,1,1,5,0,9,246946.96,0.034822,0.050849,ONE_TO_MANY,NORMAL
L10_000387,16,TRANSFER,51656.74,LD000078_S,1588984.84,1537328.1,LD000078_D2,482805.68,534462.42,0,0,L10_000078,LEGITIMATE_FUND_DISPERSION,NONE,1,2,5,3,9,246946.96,0.032509,0.106993,ONE_TO_MANY,NORMAL
L10_000388,19,TRANSFER,63813.53,LD000078_S,1537328.1,1473514.57,LD000078_D3,990798.69,1054612.22,0,0,L10_000078,LEGITIMATE_FUND_DISPERSION,NONE,1,3,5,3,9,246946.96,0.041509,0.064406,ONE_TO_MANY,NORMAL
L10_000389,21,TRANSFER,55040.46,LD000078_S,1473514.57,1418474.11,LD000078_D4,1079293.07,1134333.53,0,0,L10_000078,LEGITIMATE_FUND_DISPERSION,NONE,1,4,5,2,9,246946.96,0.037353,0.050997,ONE_TO_MANY,NORMAL
L10_000390,22,TRANSFER,19107.97,LD000078_S,1418474.11,1399366.14,LD000078_D5,635898.85,655006.82,0,0,L10_000078,LEGITIMATE_FUND_DISPERSION,NONE,1,5,5,1,9,246946.96,0.013471,0.030049,ONE_TO_MANY,NORMAL
L10_000391,359,TRANSFER,42134.56,LD000079_S,1793214.6,1751080.04,LD000079_D1,1054013.29,1096147.85,0,0,L10_000079,LEGITIMATE_FUND_DISPERSION,NONE,1,1,5,0,8,268982.19,0.023497,0.039975,ONE_TO_MANY,NORMAL
L10_000392,362,TRANSFER,97251.23,LD000079_S,1751080.04,1653828.81,LD000079_D2,609901.25,707152.48,0,0,L10_000079,LEGITIMATE_FUND_DISPERSION,NONE,1,2,5,3,8,268982.19,0.055538,0.159454,ONE_TO_MANY,NORMAL
L10_000393,363,TRANSFER,32542.76,LD000079_S,1653828.81,1621286.05,LD000079_D3,515926.37,548469.13,0,0,L10_000079,LEGITIMATE_FUND_DISPERSION,NONE,1,3,5,1,8,268982.19,0.019677,0.063076,ONE_TO_MANY,NORMAL
L10_000394,364,TRANSFER,59892.88,LD000079_S,1621286.05,1561393.17,LD000079_D4,1221133.87,1281026.75,0,0,L10_000079,LEGITIMATE_FUND_DISPERSION,NONE,1,4,5,1,8,268982.19,0.036942,0.049047,ONE_TO_MANY,NORMAL
L10_000395,367,TRANSFER,37160.76,LD000079_S,1561393.17,1524232.41,LD000079_D5,649468.03,686628.79,0,0,L10_000079,LEGITIMATE_FUND_DISPERSION,NONE,1,5,5,3,8,268982.19,0.0238,0.057217,ONE_TO_MANY,NORMAL
L10_000396,197,TRANSFER,55767.83,LD000080_S,2305708.88,2249941.05,LD000080_D1,1276915.81,1332683.64,0,0,L10_000080,LEGITIMATE_FUND_DISPERSION,NONE,1,1,5,0,10,345856.33,0.024187,0.043674,ONE_TO_MANY,NORMAL
L10_000397,198,TRANSFER,55912.55,LD000080_S,2249941.05,2194028.5,LD000080_D2,787600.81,843513.36,0,0,L10_000080,LEGITIMATE_FUND_DISPERSION,NONE,1,2,5,1,10,345856.33,0.024851,0.070991,ONE_TO_MANY,NORMAL
L10_000398,201,TRANSFER,85132.59,LD000080_S,2194028.5,2108895.91,LD000080_D3,769900.84,855033.43,0,0,L10_000080,LEGITIMATE_FUND_DISPERSION,NONE,1,3,5,3,10,345856.33,0.038802,0.110576,ONE_TO_MANY,NORMAL
L10_000399,204,TRANSFER,54089.15,LD000080_S,2108895.91,2054806.76,LD000080_D4,558815.95,612905.1,0,0,L10_000080,LEGITIMATE_FUND_DISPERSION,NONE,1,4,5,3,10,345856.33,0.025648,0.096792,ONE_TO_MANY,NORMAL
L10_000400,207,TRANSFER,94954.21,LD000080_S,2054806.76,1959852.55,LD000080_D5,528118.01,623072.22,0,0,L10_000080,LEGITIMATE_FUND_DISPERSION,NONE,1,5,5,3,10,345856.33,0.046211,0.179797,ONE_TO_MANY,NORMAL
L10_000401,885,TRANSFER,63417.9,LD000081_S,1938046.35,1874628.45,LD000081_D1,509957.98,573375.88,0,0,L10_000081,LEGITIMATE_FUND_DISPERSION,NONE,1,1,5,0,7,290706.95,0.032723,0.124359,ONE_TO_MANY,NORMAL
L10_000402,886,TRANSFER,61307.82,LD000081_S,1874628.45,1813320.63,LD000081_D2,906880.13,968187.95,0,0,L10_000081,LEGITIMATE_FUND_DISPERSION,NONE,1,2,5,1,7,290706.95,0.032704,0.067603,ONE_TO_MANY,NORMAL
L10_000403,887,TRANSFER,60425.08,LD000081_S,1813320.63,1752895.55,LD000081_D3,891631.46,952056.54,0,0,L10_000081,LEGITIMATE_FUND_DISPERSION,NONE,1,3,5,1,7,290706.95,0.033323,0.067769,ONE_TO_MANY,NORMAL
L10_000404,890,TRANSFER,74772.81,LD000081_S,1752895.55,1678122.74,LD000081_D4,417181.24,491954.05,0,0,L10_000081,LEGITIMATE_FUND_DISPERSION,NONE,1,4,5,3,7,290706.95,0.042657,0.179233,ONE_TO_MANY,NORMAL
L10_000405,892,TRANSFER,30783.34,LD000081_S,1678122.74,1647339.4,LD000081_D5,387941.98,418725.32,0,0,L10_000081,LEGITIMATE_FUND_DISPERSION,NONE,1,5,5,2,7,290706.95,0.018344,0.07935,ONE_TO_MANY,NORMAL
L10_000406,727,TRANSFER,77287.25,LD000082_S,2113146.65,2035859.4,LD000082_D1,1111328.08,1188615.33,0,0,L10_000082,LEGITIMATE_FUND_DISPERSION,NONE,1,1,5,0,6,299299.43,0.036574,0.069545,ONE_TO_MANY,NORMAL
L10_000407,729,TRANSFER,44988.39,LD000082_S,2035859.4,1990871.01,LD000082_D2,473100.01,518088.4,0,0,L10_000082,LEGITIMATE_FUND_DISPERSION,NONE,1,2,5,2,6,299299.43,0.022098,0.095093,ONE_TO_MANY,NORMAL
L10_000408,730,TRANSFER,62161.67,LD000082_S,1990871.01,1928709.34,LD000082_D3,931435.98,993597.65,0,0,L10_000082,LEGITIMATE_FUND_DISPERSION,NONE,1,3,5,1,6,299299.43,0.031223,0.066737,ONE_TO_MANY,NORMAL
L10_000409,731,TRANSFER,69624.83,LD000082_S,1928709.34,1859084.51,LD000082_D4,821457.93,891082.76,0,0,L10_000082,LEGITIMATE_FUND_DISPERSION,NONE,1,4,5,1,6,299299.43,0.036099,0.084758,ONE_TO_MANY,NORMAL
L10_000410,733,TRANSFER,45237.29,LD000082_S,1859084.51,1813847.22,LD000082_D5,1057856.71,1103094.0,0,0,L10_000082,LEGITIMATE_FUND_DISPERSION,NONE,1,5,5,2,6,299299.43,0.024333,0.042763,ONE_TO_MANY,NORMAL
L10_000411,74,TRANSFER,40300.57,LD000083_S,1668174.41,1627873.84,LD000083_D1,465598.5,505899.07,0,0,L10_000083,LEGITIMATE_FUND_DISPERSION,NONE,1,1,5,0,8,250226.16,0.024158,0.086556,ONE_TO_MANY,NORMAL
L10_000412,77,TRANSFER,69120.46,LD000083_S,1627873.84,1558753.38,LD000083_D2,940325.66,1009446.12,0,0,L10_000083,LEGITIMATE_FUND_DISPERSION,NONE,1,2,5,3,8,250226.16,0.042461,0.073507,ONE_TO_MANY,NORMAL
L10_000413,79,TRANSFER,10157.79,LD000083_S,1558753.38,1548595.59,LD000083_D3,760084.3,770242.09,0,0,L10_000083,LEGITIMATE_FUND_DISPERSION,NONE,1,3,5,2,8,250226.16,0.006517,0.013364,ONE_TO_MANY,NORMAL
L10_000414,81,TRANSFER,78061.55,LD000083_S,1548595.59,1470534.04,LD000083_D4,556685.36,634746.91,0,0,L10_000083,LEGITIMATE_FUND_DISPERSION,NONE,1,4,5,2,8,250226.16,0.050408,0.140226,ONE_TO_MANY,NORMAL
L10_000415,82,TRANSFER,52585.79,LD000083_S,1470534.04,1417948.25,LD000083_D5,670228.71,722814.5,0,0,L10_000083,LEGITIMATE_FUND_DISPERSION,NONE,1,5,5,1,8,250226.16,0.03576,0.078459,ONE_TO_MANY,NORMAL
L10_000416,139,TRANSFER,60504.61,LD000084_S,1908306.51,1847801.9,LD000084_D1,1258011.02,1318515.63,0,0,L10_000084,LEGITIMATE_FUND_DISPERSION,NONE,1,1,5,0,6,286245.98,0.031706,0.048095,ONE_TO_MANY,NORMAL
L10_000417,142,TRANSFER,22359.43,LD000084_S,1847801.9,1825442.47,LD000084_D2,706793.09,729152.52,0,0,L10_000084,LEGITIMATE_FUND_DISPERSION,NONE,1,2,5,3,6,286245.98,0.012101,0.031635,ONE_TO_MANY,NORMAL
L10_000418,143,TRANSFER,126441.81,LD000084_S,1825442.47,1699000.66,LD000084_D3,1256298.68,1382740.49,0,0,L10_000084,LEGITIMATE_FUND_DISPERSION,NONE,1,3,5,1,6,286245.98,0.069266,0.100646,ONE_TO_MANY,NORMAL
L10_000419,144,TRANSFER,45333.98,LD000084_S,1699000.66,1653666.68,LD000084_D4,958189.26,1003523.24,0,0,L10_000084,LEGITIMATE_FUND_DISPERSION,NONE,1,4,5,1,6,286245.98,0.026683,0.047312,ONE_TO_MANY,NORMAL
L10_000420,145,TRANSFER,31606.15,LD000084_S,1653666.68,1622060.53,LD000084_D5,1184487.58,1216093.73,0,0,L10_000084,LEGITIMATE_FUND_DISPERSION,NONE,1,5,5,1,6,286245.98,0.019113,0.026683,ONE_TO_MANY,NORMAL
L10_000421,648,TRANSFER,66784.4,LD000085_S,1988601.95,1921817.55,LD000085_D1,1259196.62,1325981.02,0,0,L10_000085,LEGITIMATE_FUND_DISPERSION,NONE,1,1,5,0,9,298284.07,0.033584,0.053037,ONE_TO_MANY,NORMAL
L10_000422,649,TRANSFER,116130.83,LD000085_S,1921817.55,1805686.72,LD000085_D2,837841.63,953972.46,0,0,L10_000085,LEGITIMATE_FUND_DISPERSION,NONE,1,2,5,1,9,298284.07,0.060428,0.138607,ONE_TO_MANY,NORMAL
L10_000423,651,TRANSFER,33663.76,LD000085_S,1805686.72,1772022.96,LD000085_D3,419737.61,453401.37,0,0,L10_000085,LEGITIMATE_FUND_DISPERSION,NONE,1,3,5,2,9,298284.07,0.018643,0.080202,ONE_TO_MANY,NORMAL
L10_000424,654,TRANSFER,29178.63,LD000085_S,1772022.96,1742844.33,LD000085_D4,434054.28,463232.91,0,0,L10_000085,LEGITIMATE_FUND_DISPERSION,NONE,1,4,5,3,9,298284.07,0.016466,0.067223,ONE_TO_MANY,NORMAL
L10_000425,657,TRANSFER,52526.45,LD000085_S,1742844.33,1690317.88,LD000085_D5,727251.71,779778.16,0,0,L10_000085,LEGITIMATE_FUND_DISPERSION,NONE,1,5,5,3,9,298284.07,0.030138,0.072226,ONE_TO_MANY,NORMAL
L10_000426,45,TRANSFER,41253.0,LD000086_S,1453243.91,1411990.91,LD000086_D1,793764.15,835017.15,0,0,L10_000086,LEGITIMATE_FUND_DISPERSION,NONE,1,1,5,0,10,217986.58,0.028387,0.051971,ONE_TO_MANY,NORMAL
L10_000427,46,TRANSFER,24156.91,LD000086_S,1411990.91,1387834.0,LD000086_D2,865465.64,889622.55,0,0,L10_000086,LEGITIMATE_FUND_DISPERSION,NONE,1,2,5,1,10,217986.58,0.017108,0.027912,ONE_TO_MANY,NORMAL
L10_000428,49,TRANSFER,45526.66,LD000086_S,1387834.0,1342307.34,LD000086_D3,937159.04,982685.7,0,0,L10_000086,LEGITIMATE_FUND_DISPERSION,NONE,1,3,5,3,10,217986.58,0.032804,0.048579,ONE_TO_MANY,NORMAL
L10_000429,52,TRANSFER,55632.75,LD000086_S,1342307.34,1286674.59,LD000086_D4,1188593.07,1244225.82,0,0,L10_000086,LEGITIMATE_FUND_DISPERSION,NONE,1,4,5,3,10,217986.58,0.041446,0.046806,ONE_TO_MANY,NORMAL
L10_000430,55,TRANSFER,51417.26,LD000086_S,1286674.59,1235257.33,LD000086_D5,1077987.62,1129404.88,0,0,L10_000086,LEGITIMATE_FUND_DISPERSION,NONE,1,5,5,3,10,217986.58,0.039961,0.047697,ONE_TO_MANY,NORMAL
L10_000431,802,TRANSFER,86066.61,LD000087_S,2414687.61,2328621.0,LD000087_D1,623712.88,709779.49,0,0,L10_000087,LEGITIMATE_FUND_DISPERSION,NONE,1,1,5,0,7,362203.15,0.035643,0.137991,ONE_TO_MANY,NORMAL
L10_000432,803,TRANSFER,97711.38,LD000087_S,2328621.0,2230909.62,LD000087_D2,434852.74,532564.12,0,0,L10_000087,LEGITIMATE_FUND_DISPERSION,NONE,1,2,5,1,7,362203.15,0.041961,0.2247,ONE_TO_MANY,NORMAL
L10_000433,805,TRANSFER,133956.44,LD000087_S,2230909.62,2096953.18,LD000087_D3,1197774.26,1331730.7,0,0,L10_000087,LEGITIMATE_FUND_DISPERSION,NONE,1,3,5,2,7,362203.15,0.060046,0.111838,ONE_TO_MANY,NORMAL
L10_000434,806,TRANSFER,20227.31,LD000087_S,2096953.18,2076725.87,LD000087_D4,1091746.97,1111974.28,0,0,L10_000087,LEGITIMATE_FUND_DISPERSION,NONE,1,4,5,1,7,362203.15,0.009646,0.018527,ONE_TO_MANY,NORMAL
L10_000435,809,TRANSFER,24241.41,LD000087_S,2076725.87,2052484.46,LD000087_D5,1234491.24,1258732.65,0,0,L10_000087,LEGITIMATE_FUND_DISPERSION,NONE,1,5,5,3,7,362203.15,0.011673,0.019637,ONE_TO_MANY,NORMAL
L10_000436,75,TRANSFER,80386.51,LD000088_S,1550260.09,1469873.58,LD000088_D1,572426.17,652812.68,0,0,L10_000088,LEGITIMATE_FUND_DISPERSION,NONE,1,1,5,0,8,232539.02,0.051854,0.140431,ONE_TO_MANY,NORMAL
L10_000437,76,TRANSFER,74227.66,LD000088_S,1469873.58,1395645.92,LD000088_D2,844625.11,918852.77,0,0,L10_000088,LEGITIMATE_FUND_DISPERSION,NONE,1,2,5,1,8,232539.02,0.050499,0.087882,ONE_TO_MANY,NORMAL
L10_000438,78,TRANSFER,21477.05,LD000088_S,1395645.92,1374168.87,LD000088_D3,422590.28,444067.33,0,0,L10_000088,LEGITIMATE_FUND_DISPERSION,NONE,1,3,5,2,8,232539.02,0.015389,0.050822,ONE_TO_MANY,NORMAL
L10_000439,81,TRANSFER,38592.41,LD000088_S,1374168.87,1335576.46,LD000088_D4,600789.64,639382.05,0,0,L10_000088,LEGITIMATE_FUND_DISPERSION,NONE,1,4,5,3,8,232539.02,0.028084,0.064236,ONE_TO_MANY,NORMAL
L10_000440,83,TRANSFER,17855.39,LD000088_S,1335576.46,1317721.07,LD000088_D5,417244.45,435099.84,0,0,L10_000088,LEGITIMATE_FUND_DISPERSION,NONE,1,5,5,2,8,232539.02,0.013369,0.042794,ONE_TO_MANY,NORMAL
L10_000441,787,TRANSFER,23248.64,LD000089_S,1533858.08,1510609.44,LD000089_D1,692729.6,715978.24,0,0,L10_000089,LEGITIMATE_FUND_DISPERSION,NONE,1,1,5,0,8,230078.72,0.015157,0.033561,ONE_TO_MANY,NORMAL
L10_000442,788,TRANSFER,13733.96,LD000089_S,1510609.44,1496875.48,LD000089_D2,1026183.14,1039917.1,0,0,L10_000089,LEGITIMATE_FUND_DISPERSION,NONE,1,2,5,1,8,230078.72,0.009092,0.013384,ONE_TO_MANY,NORMAL
L10_000443,790,TRANSFER,57674.06,LD000089_S,1496875.48,1439201.42,LD000089_D3,597350.59,655024.65,0,0,L10_000089,LEGITIMATE_FUND_DISPERSION,NONE,1,3,5,2,8,230078.72,0.03853,0.09655,ONE_TO_MANY,NORMAL
L10_000444,792,TRANSFER,45480.57,LD000089_S,1439201.42,1393720.85,LD000089_D4,1098492.7,1143973.27,0,0,L10_000089,LEGITIMATE_FUND_DISPERSION,NONE,1,4,5,2,8,230078.72,0.031601,0.041403,ONE_TO_MANY,NORMAL
L10_000445,795,TRANSFER,89941.49,LD000089_S,1393720.85,1303779.36,LD000089_D5,648335.04,738276.53,0,0,L10_000089,LEGITIMATE_FUND_DISPERSION,NONE,1,5,5,3,8,230078.72,0.064533,0.138727,ONE_TO_MANY,NORMAL
L10_000446,334,TRANSFER,45499.95,LD000090_S,1583647.27,1538147.32,LD000090_D1,586946.69,632446.64,0,0,L10_000090,LEGITIMATE_FUND_DISPERSION,NONE,1,1,5,0,9,237547.09,0.028731,0.07752,ONE_TO_MANY,NORMAL
L10_000447,337,TRANSFER,58632.35,LD000090_S,1538147.32,1479514.97,LD000090_D2,466339.48,524971.83,0,0,L10_000090,LEGITIMATE_FUND_DISPERSION,NONE,1,2,5,3,9,237547.09,0.038119,0.125729,ONE_TO_MANY,NORMAL
L10_000448,339,TRANSFER,71177.3,LD000090_S,1479514.97,1408337.67,LD000090_D3,871427.12,942604.42,0,0,L10_000090,LEGITIMATE_FUND_DISPERSION,NONE,1,3,5,2,9,237547.09,0.048109,0.081679,ONE_TO_MANY,NORMAL
L10_000449,341,TRANSFER,15759.25,LD000090_S,1408337.67,1392578.42,LD000090_D4,603241.69,619000.94,0,0,L10_000090,LEGITIMATE_FUND_DISPERSION,NONE,1,4,5,2,9,237547.09,0.01119,0.026124,ONE_TO_MANY,NORMAL
L10_000450,343,TRANSFER,46478.24,LD000090_S,1392578.42,1346100.18,LD000090_D5,967582.52,1014060.76,0,0,L10_000090,LEGITIMATE_FUND_DISPERSION,NONE,1,5,5,2,9,237547.09,0.033376,0.048035,ONE_TO_MANY,NORMAL
L10_000451,535,TRANSFER,55471.17,LD000091_S,2357342.7,2301871.53,LD000091_D1,886447.84,941919.01,0,0,L10_000091,LEGITIMATE_FUND_DISPERSION,NONE,1,1,5,0,10,353601.41,0.023531,0.062577,ONE_TO_MANY,NORMAL
L10_000452,538,TRANSFER,52284.45,LD000091_S,2301871.53,2249587.08,LD000091_D2,946218.0,998502.45,0,0,L10_000091,LEGITIMATE_FUND_DISPERSION,NONE,1,2,5,3,10,353601.41,0.022714,0.055256,ONE_TO_MANY,NORMAL
L10_000453,541,TRANSFER,60823.68,LD000091_S,2249587.08,2188763.4,LD000091_D3,705160.6,765984.28,0,0,L10_000091,LEGITIMATE_FUND_DISPERSION,NONE,1,3,5,3,10,353601.41,0.027038,0.086255,ONE_TO_MANY,NORMAL
L10_000454,544,TRANSFER,92792.73,LD000091_S,2188763.4,2095970.67,LD000091_D4,1037266.58,1130059.31,0,0,L10_000091,LEGITIMATE_FUND_DISPERSION,NONE,1,4,5,3,10,353601.41,0.042395,0.089459,ONE_TO_MANY,NORMAL
L10_000455,545,TRANSFER,92229.38,LD000091_S,2095970.67,2003741.29,LD000091_D5,1111432.46,1203661.84,0,0,L10_000091,LEGITIMATE_FUND_DISPERSION,NONE,1,5,5,1,10,353601.41,0.044003,0.082982,ONE_TO_MANY,NORMAL
L10_000456,13,TRANSFER,96626.15,LD000092_S,2102109.42,2005483.27,LD000092_D1,527366.53,623992.68,0,0,L10_000092,LEGITIMATE_FUND_DISPERSION,NONE,1,1,5,0,8,304991.39,0.045966,0.183224,ONE_TO_MANY,NORMAL
L10_000457,15,TRANSFER,42360.26,LD000092_S,2005483.27,1963123.01,LD000092_D2,1252375.89,1294736.15,0,0,L10_000092,LEGITIMATE_FUND_DISPERSION,NONE,1,2,5,2,8,304991.39,0.021122,0.033824,ONE_TO_MANY,NORMAL
L10_000458,16,TRANSFER,25959.56,LD000092_S,1963123.01,1937163.45,LD000092_D3,718233.22,744192.78,0,0,L10_000092,LEGITIMATE_FUND_DISPERSION,NONE,1,3,5,1,8,304991.39,0.013224,0.036144,ONE_TO_MANY,NORMAL
L10_000459,19,TRANSFER,43499.96,LD000092_S,1937163.45,1893663.49,LD000092_D4,504875.77,548375.73,0,0,L10_000092,LEGITIMATE_FUND_DISPERSION,NONE,1,4,5,3,8,304991.39,0.022455,0.08616,ONE_TO_MANY,NORMAL
L10_000460,21,TRANSFER,96545.46,LD000092_S,1893663.49,1797118.03,LD000092_D5,409182.18,505727.64,0,0,L10_000092,LEGITIMATE_FUND_DISPERSION,NONE,1,5,5,2,8,304991.39,0.050983,0.235947,ONE_TO_MANY,NORMAL
L10_000461,123,TRANSFER,86946.9,LD000093_S,2269687.48,2182740.58,LD000093_D1,848149.78,935096.68,0,0,L10_000093,LEGITIMATE_FUND_DISPERSION,NONE,1,1,5,0,6,340453.12,0.038308,0.102514,ONE_TO_MANY,NORMAL
L10_000462,124,TRANSFER,58019.3,LD000093_S,2182740.58,2124721.28,LD000093_D2,595836.45,653855.75,0,0,L10_000093,LEGITIMATE_FUND_DISPERSION,NONE,1,2,5,1,6,340453.12,0.026581,0.097375,ONE_TO_MANY,NORMAL
L10_000463,125,TRANSFER,35335.74,LD000093_S,2124721.28,2089385.54,LD000093_D3,967702.75,1003038.49,0,0,L10_000093,LEGITIMATE_FUND_DISPERSION,NONE,1,3,5,1,6,340453.12,0.016631,0.036515,ONE_TO_MANY,NORMAL
L10_000464,127,TRANSFER,77233.6,LD000093_S,2089385.54,2012151.94,LD000093_D4,1031959.23,1109192.83,0,0,L10_000093,LEGITIMATE_FUND_DISPERSION,NONE,1,4,5,2,6,340453.12,0.036965,0.074842,ONE_TO_MANY,NORMAL
L10_000465,129,TRANSFER,82917.58,LD000093_S,2012151.94,1929234.36,LD000093_D5,1040092.43,1123010.01,0,0,L10_000093,LEGITIMATE_FUND_DISPERSION,NONE,1,5,5,2,6,340453.12,0.041208,0.079721,ONE_TO_MANY,NORMAL
L10_000466,273,TRANSFER,12266.5,LD000094_S,2110939.7,2098673.2,LD000094_D1,1175424.81,1187691.31,0,0,L10_000094,LEGITIMATE_FUND_DISPERSION,NONE,1,1,5,0,9,316640.95,0.005811,0.010436,ONE_TO_MANY,NORMAL
L10_000467,275,TRANSFER,61429.9,LD000094_S,2098673.2,2037243.3,LD000094_D2,795490.87,856920.77,0,0,L10_000094,LEGITIMATE_FUND_DISPERSION,NONE,1,2,5,2,9,316640.95,0.029271,0.077223,ONE_TO_MANY,NORMAL
L10_000468,276,TRANSFER,62788.71,LD000094_S,2037243.3,1974454.59,LD000094_D3,442370.93,505159.64,0,0,L10_000094,LEGITIMATE_FUND_DISPERSION,NONE,1,3,5,1,9,316640.95,0.03082,0.141937,ONE_TO_MANY,NORMAL
L10_000469,279,TRANSFER,88399.07,LD000094_S,1974454.59,1886055.52,LD000094_D4,544234.05,632633.12,0,0,L10_000094,LEGITIMATE_FUND_DISPERSION,NONE,1,4,5,3,9,316640.95,0.044771,0.162428,ONE_TO_MANY,NORMAL
L10_000470,282,TRANSFER,91756.77,LD000094_S,1886055.52,1794298.75,LD000094_D5,1104630.46,1196387.23,0,0,L10_000094,LEGITIMATE_FUND_DISPERSION,NONE,1,5,5,3,9,316640.95,0.04865,0.083066,ONE_TO_MANY,NORMAL
L10_000471,883,TRANSFER,21795.95,LD000095_S,1739538.75,1717742.8,LD000095_D1,1168850.75,1190646.7,0,0,L10_000095,LEGITIMATE_FUND_DISPERSION,NONE,1,1,5,0,10,260930.81,0.01253,0.018647,ONE_TO_MANY,NORMAL
L10_000472,886,TRANSFER,42402.31,LD000095_S,1717742.8,1675340.49,LD000095_D2,1057425.3,1099827.61,0,0,L10_000095,LEGITIMATE_FUND_DISPERSION,NONE,1,2,5,3,10,260930.81,0.024685,0.0401,ONE_TO_MANY,NORMAL
L10_000473,887,TRANSFER,94000.76,LD000095_S,1675340.49,1581339.73,LD000095_D3,591203.59,685204.35,0,0,L10_000095,LEGITIMATE_FUND_DISPERSION,NONE,1,3,5,1,10,260930.81,0.056108,0.158999,ONE_TO_MANY,NORMAL
L10_000474,890,TRANSFER,86872.0,LD000095_S,1581339.73,1494467.73,LD000095_D4,739142.86,826014.86,0,0,L10_000095,LEGITIMATE_FUND_DISPERSION,NONE,1,4,5,3,10,260930.81,0.054936,0.117531,ONE_TO_MANY,NORMAL
L10_000475,893,TRANSFER,15859.79,LD000095_S,1494467.73,1478607.94,LD000095_D5,679733.17,695592.96,0,0,L10_000095,LEGITIMATE_FUND_DISPERSION,NONE,1,5,5,3,10,260930.81,0.010612,0.023332,ONE_TO_MANY,NORMAL
L10_000476,527,TRANSFER,96067.07,LD000096_S,2099794.45,2003727.38,LD000096_D1,508341.57,604408.64,0,0,L10_000096,LEGITIMATE_FUND_DISPERSION,NONE,1,1,5,0,9,314969.18,0.045751,0.188981,ONE_TO_MANY,NORMAL
L10_000477,528,TRANSFER,20323.65,LD000096_S,2003727.38,1983403.73,LD000096_D2,724855.56,745179.21,0,0,L10_000096,LEGITIMATE_FUND_DISPERSION,NONE,1,2,5,1,9,314969.18,0.010143,0.028038,ONE_TO_MANY,NORMAL
L10_000478,531,TRANSFER,97496.56,LD000096_S,1983403.73,1885907.17,LD000096_D3,1214301.95,1311798.51,0,0,L10_000096,LEGITIMATE_FUND_DISPERSION,NONE,1,3,5,3,9,314969.18,0.049156,0.08029,ONE_TO_MANY,NORMAL
L10_000479,534,TRANSFER,24261.2,LD000096_S,1885907.17,1861645.97,LD000096_D4,514881.0,539142.2,0,0,L10_000096,LEGITIMATE_FUND_DISPERSION,NONE,1,4,5,3,9,314969.18,0.012864,0.04712,ONE_TO_MANY,NORMAL
L10_000480,536,TRANSFER,76820.7,LD000096_S,1861645.97,1784825.27,LD000096_D5,529329.34,606150.04,0,0,L10_000096,LEGITIMATE_FUND_DISPERSION,NONE,1,5,5,2,9,314969.18,0.041265,0.145128,ONE_TO_MANY,NORMAL
L10_000481,567,TRANSFER,72088.25,LD000097_S,2477885.77,2405797.52,LD000097_D1,999169.18,1071257.43,0,0,L10_000097,LEGITIMATE_FUND_DISPERSION,NONE,1,1,5,0,8,371456.89,0.029093,0.072148,ONE_TO_MANY,NORMAL
L10_000482,569,TRANSFER,113066.89,LD000097_S,2405797.52,2292730.63,LD000097_D2,796471.51,909538.4,0,0,L10_000097,LEGITIMATE_FUND_DISPERSION,NONE,1,2,5,2,8,371456.89,0.046998,0.14196,ONE_TO_MANY,NORMAL
L10_000483,572,TRANSFER,37213.45,LD000097_S,2292730.63,2255517.18,LD000097_D3,1009391.33,1046604.78,0,0,L10_000097,LEGITIMATE_FUND_DISPERSION,NONE,1,3,5,3,8,371456.89,0.016231,0.036867,ONE_TO_MANY,NORMAL
L10_000484,574,TRANSFER,96280.88,LD000097_S,2255517.18,2159236.3,LD000097_D4,775465.44,871746.32,0,0,L10_000097,LEGITIMATE_FUND_DISPERSION,NONE,1,4,5,2,8,371456.89,0.042687,0.124159,ONE_TO_MANY,NORMAL
L10_000485,575,TRANSFER,52807.42,LD000097_S,2159236.3,2106428.88,LD000097_D5,1104786.12,1157593.54,0,0,L10_000097,LEGITIMATE_FUND_DISPERSION,NONE,1,5,5,1,8,371456.89,0.024457,0.047799,ONE_TO_MANY,NORMAL
L10_000486,234,TRANSFER,109503.8,LD000098_S,2248586.08,2139082.28,LD000098_D1,1217256.6,1326760.4,0,0,L10_000098,LEGITIMATE_FUND_DISPERSION,NONE,1,1,5,0,7,337287.9,0.048699,0.08996,ONE_TO_MANY,NORMAL
L10_000487,235,TRANSFER,58118.27,LD000098_S,2139082.28,2080964.01,LD000098_D2,802147.59,860265.86,0,0,L10_000098,LEGITIMATE_FUND_DISPERSION,NONE,1,2,5,1,7,337287.9,0.02717,0.072453,ONE_TO_MANY,NORMAL
L10_000488,237,TRANSFER,40452.05,LD000098_S,2080964.01,2040511.96,LD000098_D3,1154204.97,1194657.02,0,0,L10_000098,LEGITIMATE_FUND_DISPERSION,NONE,1,3,5,2,7,337287.9,0.019439,0.035048,ONE_TO_MANY,NORMAL
L10_000489,240,TRANSFER,33950.91,LD000098_S,2040511.96,2006561.05,LD000098_D4,1162977.71,1196928.62,0,0,L10_000098,LEGITIMATE_FUND_DISPERSION,NONE,1,4,5,3,7,337287.9,0.016638,0.029193,ONE_TO_MANY,NORMAL
L10_000490,241,TRANSFER,95262.87,LD000098_S,2006561.05,1911298.18,LD000098_D5,1123307.29,1218570.16,0,0,L10_000098,LEGITIMATE_FUND_DISPERSION,NONE,1,5,5,1,7,337287.9,0.047476,0.084806,ONE_TO_MANY,NORMAL
L10_000491,856,TRANSFER,40729.96,LD000099_S,2120360.85,2079630.89,LD000099_D1,661256.93,701986.89,0,0,L10_000099,LEGITIMATE_FUND_DISPERSION,NONE,1,1,5,0,5,318054.13,0.019209,0.061595,ONE_TO_MANY,NORMAL
L10_000492,857,TRANSFER,45052.62,LD000099_S,2079630.89,2034578.27,LD000099_D2,969927.4,1014980.02,0,0,L10_000099,LEGITIMATE_FUND_DISPERSION,NONE,1,2,5,1,5,318054.13,0.021664,0.046449,ONE_TO_MANY,NORMAL
L10_000493,859,TRANSFER,70505.03,LD000099_S,2034578.27,1964073.24,LD000099_D3,823602.73,894107.76,0,0,L10_000099,LEGITIMATE_FUND_DISPERSION,NONE,1,3,5,2,5,318054.13,0.034653,0.085606,ONE_TO_MANY,NORMAL
L10_000494,860,TRANSFER,108609.77,LD000099_S,1964073.24,1855463.47,LD000099_D4,613042.66,721652.43,0,0,L10_000099,LEGITIMATE_FUND_DISPERSION,NONE,1,4,5,1,5,318054.13,0.055298,0.177165,ONE_TO_MANY,NORMAL
L10_000495,861,TRANSFER,53156.75,LD000099_S,1855463.47,1802306.72,LD000099_D5,640095.29,693252.04,0,0,L10_000099,LEGITIMATE_FUND_DISPERSION,NONE,1,5,5,1,5,318054.13,0.028649,0.083045,ONE_TO_MANY,NORMAL
L10_000496,128,TRANSFER,44502.59,LD000100_S,2303974.44,2259471.85,LD000100_D1,851434.35,895936.94,0,0,L10_000100,LEGITIMATE_FUND_DISPERSION,NONE,1,1,5,0,7,345596.16,0.019316,0.052268,ONE_TO_MANY,NORMAL
L10_000497,130,TRANSFER,100407.87,LD000100_S,2259471.85,2159063.98,LD000100_D2,987440.37,1087848.24,0,0,L10_000100,LEGITIMATE_FUND_DISPERSION,NONE,1,2,5,2,7,345596.16,0.044439,0.101685,ONE_TO_MANY,NORMAL
L10_000498,131,TRANSFER,22146.86,LD000100_S,2159063.98,2136917.12,LD000100_D3,417636.09,439782.95,0,0,L10_000100,LEGITIMATE_FUND_DISPERSION,NONE,1,3,5,1,7,345596.16,0.010258,0.053029,ONE_TO_MANY,NORMAL
L10_000499,134,TRANSFER,86810.69,LD000100_S,2136917.12,2050106.43,LD000100_D4,1034429.56,1121240.25,0,0,L10_000100,LEGITIMATE_FUND_DISPERSION,NONE,1,4,5,3,7,345596.16,0.040624,0.083921,ONE_TO_MANY,NORMAL
L10_000500,135,TRANSFER,91728.15,LD000100_S,2050106.43,1958378.28,LD000100_D5,784544.2,876272.35,0,0,L10_000100,LEGITIMATE_FUND_DISPERSION,NONE,1,5,5,1,7,345596.16,0.044743,0.116919,ONE_TO_MANY,NORMAL
L10_000501,12,TRANSFER,51667.48,LD000101_S,1942250.77,1890583.29,LD000101_D1,886935.06,938602.54,0,0,L10_000101,LEGITIMATE_FUND_DISPERSION,NONE,1,1,5,0,7,291337.62,0.026602,0.058254,ONE_TO_MANY,NORMAL
L10_000502,15,TRANSFER,65637.67,LD000101_S,1890583.29,1824945.62,LD000101_D2,875720.45,941358.12,0,0,L10_000101,LEGITIMATE_FUND_DISPERSION,NONE,1,2,5,3,7,291337.62,0.034718,0.074953,ONE_TO_MANY,NORMAL
L10_000503,16,TRANSFER,59454.76,LD000101_S,1824945.62,1765490.86,LD000101_D3,607584.0,667038.76,0,0,L10_000101,LEGITIMATE_FUND_DISPERSION,NONE,1,3,5,1,7,291337.62,0.032579,0.097854,ONE_TO_MANY,NORMAL
L10_000504,17,TRANSFER,100513.65,LD000101_S,1765490.86,1664977.21,LD000101_D4,632820.24,733333.89,0,0,L10_000101,LEGITIMATE_FUND_DISPERSION,NONE,1,4,5,1,7,291337.62,0.056932,0.158834,ONE_TO_MANY,NORMAL
L10_000505,19,TRANSFER,14064.06,LD000101_S,1664977.21,1650913.15,LD000101_D5,654182.66,668246.72,0,0,L10_000101,LEGITIMATE_FUND_DISPERSION,NONE,1,5,5,2,7,291337.62,0.008447,0.021499,ONE_TO_MANY,NORMAL
L10_000506,896,TRANSFER,11896.44,LD000102_S,1618319.0,1606422.56,LD000102_D1,785986.56,797883.0,0,0,L10_000102,LEGITIMATE_FUND_DISPERSION,NONE,1,1,5,0,7,242747.85,0.007351,0.015136,ONE_TO_MANY,NORMAL
L10_000507,899,TRANSFER,61961.45,LD000102_S,1606422.56,1544461.11,LD000102_D2,1132054.95,1194016.4,0,0,L10_000102,LEGITIMATE_FUND_DISPERSION,NONE,1,2,5,3,7,242747.85,0.038571,0.054734,ONE_TO_MANY,NORMAL
L10_000508,901,TRANSFER,54409.56,LD000102_S,1544461.11,1490051.55,LD000102_D3,966856.15,1021265.71,0,0,L10_000102,LEGITIMATE_FUND_DISPERSION,NONE,1,3,5,2,7,242747.85,0.035229,0.056275,ONE_TO_MANY,NORMAL
L10_000509,902,TRANSFER,94171.27,LD000102_S,1490051.55,1395880.28,LD000102_D4,735075.44,829246.71,0,0,L10_000102,LEGITIMATE_FUND_DISPERSION,NONE,1,4,5,1,7,242747.85,0.0632,0.128111,ONE_TO_MANY,NORMAL
L10_000510,903,TRANSFER,20309.13,LD000102_S,1395880.28,1375571.15,LD000102_D5,889864.96,910174.09,0,0,L10_000102,LEGITIMATE_FUND_DISPERSION,NONE,1,5,5,1,7,242747.85,0.014549,0.022823,ONE_TO_MANY,NORMAL
L10_000511,87,TRANSFER,92751.16,LD000103_S,2200915.29,2108164.13,LD000103_D1,932586.7,1025337.86,0,0,L10_000103,LEGITIMATE_FUND_DISPERSION,NONE,1,1,5,0,5,330137.3,0.042142,0.099456,ONE_TO_MANY,NORMAL
L10_000512,88,TRANSFER,36886.22,LD000103_S,2108164.13,2071277.91,LD000103_D2,1209795.11,1246681.33,0,0,L10_000103,LEGITIMATE_FUND_DISPERSION,NONE,1,2,5,1,5,330137.3,0.017497,0.03049,ONE_TO_MANY,NORMAL
L10_000513,89,TRANSFER,23707.15,LD000103_S,2071277.91,2047570.76,LD000103_D3,1141286.38,1164993.53,0,0,L10_000103,LEGITIMATE_FUND_DISPERSION,NONE,1,3,5,1,5,330137.3,0.011446,0.020772,ONE_TO_MANY,NORMAL
L10_000514,91,TRANSFER,76894.73,LD000103_S,2047570.76,1970676.03,LD000103_D4,518128.03,595022.76,0,0,L10_000103,LEGITIMATE_FUND_DISPERSION,NONE,1,4,5,2,5,330137.3,0.037554,0.148409,ONE_TO_MANY,NORMAL
L10_000515,92,TRANSFER,99898.04,LD000103_S,1970676.03,1870777.99,LD000103_D5,1250344.71,1350242.75,0,0,L10_000103,LEGITIMATE_FUND_DISPERSION,NONE,1,5,5,1,5,330137.3,0.050692,0.079896,ONE_TO_MANY,NORMAL
L10_000516,389,TRANSFER,25881.61,LD000104_S,2286637.84,2260756.23,LD000104_D1,1171311.11,1197192.72,0,0,L10_000104,LEGITIMATE_FUND_DISPERSION,NONE,1,1,5,0,7,342995.69,0.011319,0.022096,ONE_TO_MANY,NORMAL
L10_000517,390,TRANSFER,155488.75,LD000104_S,2260756.23,2105267.48,LD000104_D2,425307.64,580796.39,0,0,L10_000104,LEGITIMATE_FUND_DISPERSION,NONE,1,2,5,1,7,342995.69,0.068777,0.365591,ONE_TO_MANY,NORMAL
L10_000518,391,TRANSFER,74059.1,LD000104_S,2105267.48,2031208.38,LD000104_D3,513391.02,587450.12,0,0,L10_000104,LEGITIMATE_FUND_DISPERSION,NONE,1,3,5,1,7,342995.69,0.035178,0.144255,ONE_TO_MANY,NORMAL
L10_000519,393,TRANSFER,15381.88,LD000104_S,2031208.38,2015826.5,LD000104_D4,661027.69,676409.57,0,0,L10_000104,LEGITIMATE_FUND_DISPERSION,NONE,1,4,5,2,7,342995.69,0.007573,0.02327,ONE_TO_MANY,NORMAL
L10_000520,396,TRANSFER,72184.35,LD000104_S,2015826.5,1943642.15,LD000104_D5,1073416.98,1145601.33,0,0,L10_000104,LEGITIMATE_FUND_DISPERSION,NONE,1,5,5,3,7,342995.69,0.035809,0.067247,ONE_TO_MANY,NORMAL
L10_000521,340,TRANSFER,121553.28,LD000105_S,2309340.94,2187787.66,LD000105_D1,702745.28,824298.56,0,0,L10_000105,LEGITIMATE_FUND_DISPERSION,NONE,1,1,5,0,8,346401.14,0.052635,0.172969,ONE_TO_MANY,NORMAL
L10_000522,342,TRANSFER,22892.21,LD000105_S,2187787.66,2164895.45,LD000105_D2,706478.95,729371.16,0,0,L10_000105,LEGITIMATE_FUND_DISPERSION,NONE,1,2,5,2,8,346401.14,0.010464,0.032403,ONE_TO_MANY,NORMAL
L10_000523,344,TRANSFER,14614.58,LD000105_S,2164895.45,2150280.87,LD000105_D3,799447.26,814061.84,0,0,L10_000105,LEGITIMATE_FUND_DISPERSION,NONE,1,3,5,2,8,346401.14,0.006751,0.018281,ONE_TO_MANY,NORMAL
L10_000524,346,TRANSFER,82054.86,LD000105_S,2150280.87,2068226.01,LD000105_D4,765777.9,847832.76,0,0,L10_000105,LEGITIMATE_FUND_DISPERSION,NONE,1,4,5,2,8,346401.14,0.03816,0.107152,ONE_TO_MANY,NORMAL
L10_000525,348,TRANSFER,105286.21,LD000105_S,2068226.01,1962939.8,LD000105_D5,560088.02,665374.23,0,0,L10_000105,LEGITIMATE_FUND_DISPERSION,NONE,1,5,5,2,8,346401.14,0.050907,0.187982,ONE_TO_MANY,NORMAL
L10_000526,455,TRANSFER,24291.1,LD000106_S,2080837.05,2056545.95,LD000106_D1,678952.67,703243.77,0,0,L10_000106,LEGITIMATE_FUND_DISPERSION,NONE,1,1,5,0,12,312125.55,0.011674,0.035777,ONE_TO_MANY,NORMAL
L10_000527,458,TRANSFER,101280.94,LD000106_S,2056545.95,1955265.01,LD000106_D2,674415.73,775696.67,0,0,L10_000106,LEGITIMATE_FUND_DISPERSION,NONE,1,2,5,3,12,312125.55,0.049248,0.150176,ONE_TO_MANY,NORMAL
L10_000528,461,TRANSFER,55431.25,LD000106_S,1955265.01,1899833.76,LD000106_D3,589633.97,645065.22,0,0,L10_000106,LEGITIMATE_FUND_DISPERSION,NONE,1,3,5,3,12,312125.55,0.02835,0.09401,ONE_TO_MANY,NORMAL
L10_000529,464,TRANSFER,86060.24,LD000106_S,1899833.76,1813773.52,LD000106_D4,871536.27,957596.51,0,0,L10_000106,LEGITIMATE_FUND_DISPERSION,NONE,1,4,5,3,12,312125.55,0.045299,0.098745,ONE_TO_MANY,NORMAL
L10_000530,467,TRANSFER,45062.02,LD000106_S,1813773.52,1768711.5,LD000106_D5,646086.2,691148.22,0,0,L10_000106,LEGITIMATE_FUND_DISPERSION,NONE,1,5,5,3,12,312125.55,0.024844,0.069746,ONE_TO_MANY,NORMAL
L10_000531,461,TRANSFER,85573.55,LD000107_S,2522783.36,2437209.81,LD000107_D1,1002114.92,1087688.47,0,0,L10_000107,LEGITIMATE_FUND_DISPERSION,NONE,1,1,5,0,10,319581.8,0.03392,0.085393,ONE_TO_MANY,NORMAL
L10_000532,462,TRANSFER,92948.7,LD000107_S,2437209.81,2344261.11,LD000107_D2,721816.19,814764.89,0,0,L10_000107,LEGITIMATE_FUND_DISPERSION,NONE,1,2,5,1,10,319581.8,0.038137,0.128771,ONE_TO_MANY,NORMAL
L10_000533,465,TRANSFER,18024.66,LD000107_S,2344261.11,2326236.45,LD000107_D3,1253887.02,1271911.68,0,0,L10_000107,LEGITIMATE_FUND_DISPERSION,NONE,1,3,5,3,10,319581.8,0.007689,0.014375,ONE_TO_MANY,NORMAL
L10_000534,468,TRANSFER,85412.2,LD000107_S,2326236.45,2240824.25,LD000107_D4,1204664.31,1290076.51,0,0,L10_000107,LEGITIMATE_FUND_DISPERSION,NONE,1,4,5,3,10,319581.8,0.036717,0.070901,ONE_TO_MANY,NORMAL
L10_000535,471,TRANSFER,37622.69,LD000107_S,2240824.25,2203201.56,LD000107_D5,984660.65,1022283.34,0,0,L10_000107,LEGITIMATE_FUND_DISPERSION,NONE,1,5,5,3,10,319581.8,0.01679,0.038209,ONE_TO_MANY,NORMAL
L10_000536,758,TRANSFER,82210.26,LD000108_S,2513454.91,2431244.65,LD000108_D1,564857.03,647067.29,0,0,L10_000108,LEGITIMATE_FUND_DISPERSION,NONE,1,1,5,0,7,377018.23,0.032708,0.145542,ONE_TO_MANY,NORMAL
L10_000537,761,TRANSFER,101152.72,LD000108_S,2431244.65,2330091.93,LD000108_D2,548755.63,649908.35,0,0,L10_000108,LEGITIMATE_FUND_DISPERSION,NONE,1,2,5,3,7,377018.23,0.041605,0.184331,ONE_TO_MANY,NORMAL
L10_000538,763,TRANSFER,66633.61,LD000108_S,2330091.93,2263458.32,LD000108_D3,1270195.06,1336828.67,0,0,L10_000108,LEGITIMATE_FUND_DISPERSION,NONE,1,3,5,2,7,377018.23,0.028597,0.052459,ONE_TO_MANY,NORMAL
L10_000539,764,TRANSFER,64176.33,LD000108_S,2263458.32,2199281.99,LD000108_D4,430803.13,494979.46,0,0,L10_000108,LEGITIMATE_FUND_DISPERSION,NONE,1,4,5,1,7,377018.23,0.028353,0.148969,ONE_TO_MANY,NORMAL
L10_000540,765,TRANSFER,62845.31,LD000108_S,2199281.99,2136436.68,LD000108_D5,1127486.15,1190331.46,0,0,L10_000108,LEGITIMATE_FUND_DISPERSION,NONE,1,5,5,1,7,377018.23,0.028575,0.055739,ONE_TO_MANY,NORMAL
L10_000541,328,TRANSFER,46247.09,LD000109_S,1953911.77,1907664.68,LD000109_D1,1061994.04,1108241.13,0,0,L10_000109,LEGITIMATE_FUND_DISPERSION,NONE,1,1,5,0,7,293086.76,0.023669,0.043547,ONE_TO_MANY,NORMAL
L10_000542,329,TRANSFER,29433.99,LD000109_S,1907664.68,1878230.69,LD000109_D2,456717.78,486151.77,0,0,L10_000109,LEGITIMATE_FUND_DISPERSION,NONE,1,2,5,1,7,293086.76,0.015429,0.064447,ONE_TO_MANY,NORMAL
L10_000543,330,TRANSFER,87517.57,LD000109_S,1878230.69,1790713.12,LD000109_D3,513668.27,601185.84,0,0,L10_000109,LEGITIMATE_FUND_DISPERSION,NONE,1,3,5,1,7,293086.76,0.046596,0.170378,ONE_TO_MANY,NORMAL
L10_000544,332,TRANSFER,85410.37,LD000109_S,1790713.12,1705302.75,LD000109_D4,1126971.67,1212382.04,0,0,L10_000109,LEGITIMATE_FUND_DISPERSION,NONE,1,4,5,2,7,293086.76,0.047696,0.075788,ONE_TO_MANY,NORMAL
L10_000545,335,TRANSFER,44477.74,LD000109_S,1705302.75,1660825.01,LD000109_D5,622924.54,667402.28,0,0,L10_000109,LEGITIMATE_FUND_DISPERSION,NONE,1,5,5,3,7,293086.76,0.026082,0.071401,ONE_TO_MANY,NORMAL
L10_000546,162,TRANSFER,88378.25,LD000110_S,2092856.44,2004478.19,LD000110_D1,634918.64,723296.89,0,0,L10_000110,LEGITIMATE_FUND_DISPERSION,NONE,1,1,5,0,6,313928.47,0.042229,0.139196,ONE_TO_MANY,NORMAL
L10_000547,164,TRANSFER,46888.51,LD000110_S,2004478.19,1957589.68,LD000110_D2,734252.06,781140.57,0,0,L10_000110,LEGITIMATE_FUND_DISPERSION,NONE,1,2,5,2,6,313928.47,0.023392,0.063859,ONE_TO_MANY,NORMAL
L10_000548,166,TRANSFER,63652.92,LD000110_S,1957589.68,1893936.76,LD000110_D3,456464.29,520117.21,0,0,L10_000110,LEGITIMATE_FUND_DISPERSION,NONE,1,3,5,2,6,313928.47,0.032516,0.139448,ONE_TO_MANY,NORMAL
L10_000549,167,TRANSFER,33256.76,LD000110_S,1893936.76,1860680.0,LD000110_D4,1012264.33,1045521.09,0,0,L10_000110,LEGITIMATE_FUND_DISPERSION,NONE,1,4,5,1,6,313928.47,0.01756,0.032854,ONE_TO_MANY,NORMAL
L10_000550,168,TRANSFER,81752.03,LD000110_S,1860680.0,1778927.97,LD000110_D5,863078.02,944830.05,0,0,L10_000110,LEGITIMATE_FUND_DISPERSION,NONE,1,5,5,1,6,313928.47,0.043937,0.094721,ONE_TO_MANY,NORMAL
L10_000551,427,TRANSFER,95007.46,LD000111_S,2463057.86,2368050.4,LD000111_D1,979167.62,1074175.08,0,0,L10_000111,LEGITIMATE_FUND_DISPERSION,NONE,1,1,5,0,8,369458.68,0.038573,0.097029,ONE_TO_MANY,NORMAL
L10_000552,430,TRANSFER,88714.64,LD000111_S,2368050.4,2279335.76,LD000111_D2,1140353.27,1229067.91,0,0,L10_000111,LEGITIMATE_FUND_DISPERSION,NONE,1,2,5,3,8,369458.68,0.037463,0.077796,ONE_TO_MANY,NORMAL
L10_000553,433,TRANSFER,80956.15,LD000111_S,2279335.76,2198379.61,LD000111_D3,725774.14,806730.29,0,0,L10_000111,LEGITIMATE_FUND_DISPERSION,NONE,1,3,5,3,8,369458.68,0.035517,0.111545,ONE_TO_MANY,NORMAL
L10_000554,434,TRANSFER,31491.65,LD000111_S,2198379.61,2166887.96,LD000111_D4,473656.42,505148.07,0,0,L10_000111,LEGITIMATE_FUND_DISPERSION,NONE,1,4,5,1,8,369458.68,0.014325,0.066486,ONE_TO_MANY,NORMAL
L10_000555,435,TRANSFER,73288.78,LD000111_S,2166887.96,2093599.18,LD000111_D5,1105480.32,1178769.1,0,0,L10_000111,LEGITIMATE_FUND_DISPERSION,NONE,1,5,5,1,8,369458.68,0.033822,0.066296,ONE_TO_MANY,NORMAL
L10_000556,683,TRANSFER,43481.74,LD000112_S,1500279.93,1456798.19,LD000112_D1,699595.46,743077.2,0,0,L10_000112,LEGITIMATE_FUND_DISPERSION,NONE,1,1,5,0,7,225041.98,0.028982,0.062153,ONE_TO_MANY,NORMAL
L10_000557,685,TRANSFER,20359.45,LD000112_S,1456798.19,1436438.74,LD000112_D2,1037727.0,1058086.45,0,0,L10_000112,LEGITIMATE_FUND_DISPERSION,NONE,1,2,5,2,7,225041.98,0.013975,0.019619,ONE_TO_MANY,NORMAL
L10_000558,686,TRANSFER,74021.47,LD000112_S,1436438.74,1362417.27,LD000112_D3,551594.71,625616.18,0,0,L10_000112,LEGITIMATE_FUND_DISPERSION,NONE,1,3,5,1,7,225041.98,0.051531,0.134195,ONE_TO_MANY,NORMAL
L10_000559,687,TRANSFER,33904.02,LD000112_S,1362417.27,1328513.25,LD000112_D4,1096722.28,1130626.3,0,0,L10_000112,LEGITIMATE_FUND_DISPERSION,NONE,1,4,5,1,7,225041.98,0.024885,0.030914,ONE_TO_MANY,NORMAL
L10_000560,690,TRANSFER,53275.3,LD000112_S,1328513.25,1275237.95,LD000112_D5,1123812.94,1177088.24,0,0,L10_000112,LEGITIMATE_FUND_DISPERSION,NONE,1,5,5,3,7,225041.98,0.040101,0.047406,ONE_TO_MANY,NORMAL
L10_000561,366,TRANSFER,67626.26,LD000113_S,2199371.51,2131745.25,LD000113_D1,1079615.66,1147241.92,0,0,L10_000113,LEGITIMATE_FUND_DISPERSION,NONE,1,1,5,0,10,329905.73,0.030748,0.062639,ONE_TO_MANY,NORMAL
L10_000562,369,TRANSFER,92805.21,LD000113_S,2131745.25,2038940.04,LD000113_D2,1045553.71,1138358.92,0,0,L10_000113,LEGITIMATE_FUND_DISPERSION,NONE,1,2,5,3,10,329905.73,0.043535,0.088762,ONE_TO_MANY,NORMAL
L10_000563,372,TRANSFER,38647.85,LD000113_S,2038940.04,2000292.19,LD000113_D3,822523.17,861171.02,0,0,L10_000113,LEGITIMATE_FUND_DISPERSION,NONE,1,3,5,3,10,329905.73,0.018955,0.046987,ONE_TO_MANY,NORMAL
L10_000564,374,TRANSFER,43536.91,LD000113_S,2000292.19,1956755.28,LD000113_D4,448917.95,492454.86,0,0,L10_000113,LEGITIMATE_FUND_DISPERSION,NONE,1,4,5,2,10,329905.73,0.021765,0.096982,ONE_TO_MANY,NORMAL
L10_000565,376,TRANSFER,87289.5,LD000113_S,1956755.28,1869465.78,LD000113_D5,663091.21,750380.71,0,0,L10_000113,LEGITIMATE_FUND_DISPERSION,NONE,1,5,5,2,10,329905.73,0.044609,0.13164,ONE_TO_MANY,NORMAL
L10_000566,578,TRANSFER,24147.37,LD000114_S,2261342.74,2237195.37,LD000114_D1,1186050.78,1210198.15,0,0,L10_000114,LEGITIMATE_FUND_DISPERSION,NONE,1,1,5,0,9,339201.41,0.010678,0.020359,ONE_TO_MANY,NORMAL
L10_000567,580,TRANSFER,66849.42,LD000114_S,2237195.37,2170345.95,LD000114_D2,1086078.89,1152928.31,0,0,L10_000114,LEGITIMATE_FUND_DISPERSION,NONE,1,2,5,2,9,339201.41,0.029881,0.061551,ONE_TO_MANY,NORMAL
L10_000568,582,TRANSFER,99584.38,LD000114_S,2170345.95,2070761.57,LD000114_D3,965789.31,1065373.69,0,0,L10_000114,LEGITIMATE_FUND_DISPERSION,NONE,1,3,5,2,9,339201.41,0.045884,0.103112,ONE_TO_MANY,NORMAL
L10_000569,584,TRANSFER,40471.64,LD000114_S,2070761.57,2030289.93,LD000114_D4,1254858.07,1295329.71,0,0,L10_000114,LEGITIMATE_FUND_DISPERSION,NONE,1,4,5,2,9,339201.41,0.019544,0.032252,ONE_TO_MANY,NORMAL
L10_000570,587,TRANSFER,108148.6,LD000114_S,2030289.93,1922141.33,LD000114_D5,584292.25,692440.85,0,0,L10_000114,LEGITIMATE_FUND_DISPERSION,NONE,1,5,5,3,9,339201.41,0.053268,0.185093,ONE_TO_MANY,NORMAL
L10_000571,518,TRANSFER,41050.82,LD000115_S,1292846.1,1251795.28,LD000115_D1,855838.71,896889.53,0,0,L10_000115,LEGITIMATE_FUND_DISPERSION,NONE,1,1,5,0,8,193926.91,0.031752,0.047966,ONE_TO_MANY,NORMAL
L10_000572,520,TRANSFER,41442.67,LD000115_S,1251795.28,1210352.61,LD000115_D2,1046333.85,1087776.52,0,0,L10_000115,LEGITIMATE_FUND_DISPERSION,NONE,1,2,5,2,8,193926.91,0.033107,0.039608,ONE_TO_MANY,NORMAL
L10_000573,522,TRANSFER,29771.27,LD000115_S,1210352.61,1180581.34,LD000115_D3,875706.47,905477.74,0,0,L10_000115,LEGITIMATE_FUND_DISPERSION,NONE,1,3,5,2,8,193926.91,0.024597,0.033997,ONE_TO_MANY,NORMAL
L10_000574,524,TRANSFER,44652.55,LD000115_S,1180581.34,1135928.79,LD000115_D4,896478.58,941131.13,0,0,L10_000115,LEGITIMATE_FUND_DISPERSION,NONE,1,4,5,2,8,193926.91,0.037823,0.049809,ONE_TO_MANY,NORMAL
L10_000575,526,TRANSFER,37009.6,LD000115_S,1135928.79,1098919.19,LD000115_D5,504646.2,541655.8,0,0,L10_000115,LEGITIMATE_FUND_DISPERSION,NONE,1,5,5,2,8,193926.91,0.032581,0.073338,ONE_TO_MANY,NORMAL
L10_000576,422,TRANSFER,61737.99,LD000116_S,2550462.3,2488724.31,LD000116_D1,1194720.32,1256458.31,0,0,L10_000116,LEGITIMATE_FUND_DISPERSION,NONE,1,1,5,0,9,382569.34,0.024207,0.051676,ONE_TO_MANY,NORMAL
L10_000577,423,TRANSFER,66193.42,LD000116_S,2488724.31,2422530.89,LD000116_D2,472509.49,538702.91,0,0,L10_000116,LEGITIMATE_FUND_DISPERSION,NONE,1,2,5,1,9,382569.34,0.026597,0.140089,ONE_TO_MANY,NORMAL
L10_000578,425,TRANSFER,83529.4,LD000116_S,2422530.89,2339001.49,LD000116_D3,733914.4,817443.8,0,0,L10_000116,LEGITIMATE_FUND_DISPERSION,NONE,1,3,5,2,9,382569.34,0.03448,0.113814,ONE_TO_MANY,NORMAL
L10_000579,428,TRANSFER,80708.18,LD000116_S,2339001.49,2258293.31,LD000116_D4,1225183.11,1305891.29,0,0,L10_000116,LEGITIMATE_FUND_DISPERSION,NONE,1,4,5,3,9,382569.34,0.034505,0.065874,ONE_TO_MANY,NORMAL
L10_000580,431,TRANSFER,90400.35,LD000116_S,2258293.31,2167892.96,LD000116_D5,1038808.57,1129208.92,0,0,L10_000116,LEGITIMATE_FUND_DISPERSION,NONE,1,5,5,3,9,382569.34,0.04003,0.087023,ONE_TO_MANY,NORMAL
L10_000581,498,TRANSFER,99317.53,LD000117_S,2377842.79,2278525.26,LD000117_D1,1061941.18,1161258.71,0,0,L10_000117,LEGITIMATE_FUND_DISPERSION,NONE,1,1,5,0,8,356676.42,0.041768,0.093525,ONE_TO_MANY,NORMAL
L10_000582,501,TRANSFER,49569.25,LD000117_S,2278525.26,2228956.01,LD000117_D2,475054.71,524623.96,0,0,L10_000117,LEGITIMATE_FUND_DISPERSION,NONE,1,2,5,3,8,356676.42,0.021755,0.104344,ONE_TO_MANY,NORMAL
L10_000583,502,TRANSFER,76816.11,LD000117_S,2228956.01,2152139.9,LD000117_D3,1164899.05,1241715.16,0,0,L10_000117,LEGITIMATE_FUND_DISPERSION,NONE,1,3,5,1,8,356676.42,0.034463,0.065942,ONE_TO_MANY,NORMAL
L10_000584,504,TRANSFER,106062.67,LD000117_S,2152139.9,2046077.23,LD000117_D4,968504.23,1074566.9,0,0,L10_000117,LEGITIMATE_FUND_DISPERSION,NONE,1,4,5,2,8,356676.42,0.049282,0.109512,ONE_TO_MANY,NORMAL
L10_000585,506,TRANSFER,24910.86,LD000117_S,2046077.23,2021166.37,LD000117_D5,510226.61,535137.47,0,0,L10_000117,LEGITIMATE_FUND_DISPERSION,NONE,1,5,5,2,8,356676.42,0.012175,0.048823,ONE_TO_MANY,NORMAL
L10_000586,492,TRANSFER,99085.39,LD000118_S,2129153.93,2030068.54,LD000118_D1,1145357.41,1244442.8,0,0,L10_000118,LEGITIMATE_FUND_DISPERSION,NONE,1,1,5,0,10,319373.09,0.046537,0.08651,ONE_TO_MANY,NORMAL
L10_000587,495,TRANSFER,17948.86,LD000118_S,2030068.54,2012119.68,LD000118_D2,885652.68,903601.54,0,0,L10_000118,LEGITIMATE_FUND_DISPERSION,NONE,1,2,5,3,10,319373.09,0.008842,0.020266,ONE_TO_MANY,NORMAL
L10_000588,498,TRANSFER,75455.47,LD000118_S,2012119.68,1936664.21,LD000118_D3,464139.95,539595.42,0,0,L10_000118,LEGITIMATE_FUND_DISPERSION,NONE,1,3,5,3,10,319373.09,0.0375,0.162571,ONE_TO_MANY,NORMAL
L10_000589,499,TRANSFER,76295.54,LD000118_S,1936664.21,1860368.67,LD000118_D4,522853.27,599148.81,0,0,L10_000118,LEGITIMATE_FUND_DISPERSION,NONE,1,4,5,1,10,319373.09,0.039395,0.145922,ONE_TO_MANY,NORMAL
L10_000590,502,TRANSFER,50587.83,LD000118_S,1860368.67,1809780.84,LD000118_D5,1152076.79,1202664.62,0,0,L10_000118,LEGITIMATE_FUND_DISPERSION,NONE,1,5,5,3,10,319373.09,0.027192,0.04391,ONE_TO_MANY,NORMAL
L10_000591,153,TRANSFER,43378.67,LD000119_S,1377710.94,1334332.27,LD000119_D1,862890.15,906268.82,0,0,L10_000119,LEGITIMATE_FUND_DISPERSION,NONE,1,1,5,0,8,206656.64,0.031486,0.050271,ONE_TO_MANY,NORMAL
L10_000592,154,TRANSFER,44824.93,LD000119_S,1334332.27,1289507.34,LD000119_D2,542712.35,587537.28,0,0,L10_000119,LEGITIMATE_FUND_DISPERSION,NONE,1,2,5,1,8,206656.64,0.033594,0.082594,ONE_TO_MANY,NORMAL
L10_000593,156,TRANSFER,29165.72,LD000119_S,1289507.34,1260341.62,LD000119_D3,1104316.29,1133482.01,0,0,L10_000119,LEGITIMATE_FUND_DISPERSION,NONE,1,3,5,2,8,206656.64,0.022618,0.026411,ONE_TO_MANY,NORMAL
L10_000594,158,TRANSFER,50747.23,LD000119_S,1260341.62,1209594.39,LD000119_D4,767494.44,818241.67,0,0,L10_000119,LEGITIMATE_FUND_DISPERSION,NONE,1,4,5,2,8,206656.64,0.040265,0.066121,ONE_TO_MANY,NORMAL
L10_000595,161,TRANSFER,38540.09,LD000119_S,1209594.39,1171054.3,LD000119_D5,1050003.94,1088544.03,0,0,L10_000119,LEGITIMATE_FUND_DISPERSION,NONE,1,5,5,3,8,206656.64,0.031862,0.036705,ONE_TO_MANY,NORMAL
L10_000596,643,TRANSFER,81017.3,LD000120_S,2003544.62,1922527.32,LD000120_D1,522618.21,603635.51,0,0,L10_000120,LEGITIMATE_FUND_DISPERSION,NONE,1,1,5,0,7,300531.7,0.040437,0.155022,ONE_TO_MANY,NORMAL
L10_000597,645,TRANSFER,67308.69,LD000120_S,1922527.32,1855218.63,LD000120_D2,1146207.69,1213516.38,0,0,L10_000120,LEGITIMATE_FUND_DISPERSION,NONE,1,2,5,2,7,300531.7,0.035011,0.058723,ONE_TO_MANY,NORMAL
L10_000598,646,TRANSFER,106130.2,LD000120_S,1855218.63,1749088.43,LD000120_D3,1278026.71,1384156.91,0,0,L10_000120,LEGITIMATE_FUND_DISPERSION,NONE,1,3,5,1,7,300531.7,0.057206,0.083042,ONE_TO_MANY,NORMAL
L10_000599,648,TRANSFER,13234.31,LD000120_S,1749088.43,1735854.12,LD000120_D4,1188434.04,1201668.35,0,0,L10_000120,LEGITIMATE_FUND_DISPERSION,NONE,1,4,5,2,7,300531.7,0.007566,0.011136,ONE_TO_MANY,NORMAL
L10_000600,650,TRANSFER,32841.2,LD000120_S,1735854.12,1703012.92,LD000120_D5,1192940.51,1225781.71,0,0,L10_000120,LEGITIMATE_FUND_DISPERSION,NONE,1,5,5,2,7,300531.7,0.018919,0.02753,ONE_TO_MANY,NORMAL
L10_000601,372,TRANSFER,41571.36,LD000121_S,2279458.02,2237886.66,LD000121_D1,1160560.1,1202131.46,0,0,L10_000121,LEGITIMATE_FUND_DISPERSION,NONE,1,1,5,0,7,341918.7,0.018237,0.03582,ONE_TO_MANY,NORMAL
L10_000602,373,TRANSFER,64836.47,LD000121_S,2237886.66,2173050.19,LD000121_D2,1039741.2,1104577.67,0,0,L10_000121,LEGITIMATE_FUND_DISPERSION,NONE,1,2,5,1,7,341918.7,0.028972,0.062358,ONE_TO_MANY,NORMAL
L10_000603,374,TRANSFER,10827.88,LD000121_S,2173050.19,2162222.31,LD000121_D3,844274.35,855102.23,0,0,L10_000121,LEGITIMATE_FUND_DISPERSION,NONE,1,3,5,1,7,341918.7,0.004983,0.012825,ONE_TO_MANY,NORMAL
L10_000604,377,TRANSFER,123898.27,LD000121_S,2162222.31,2038324.04,LD000121_D4,670272.22,794170.49,0,0,L10_000121,LEGITIMATE_FUND_DISPERSION,NONE,1,4,5,3,7,341918.7,0.057301,0.184848,ONE_TO_MANY,NORMAL
L10_000605,379,TRANSFER,100784.72,LD000121_S,2038324.04,1937539.32,LD000121_D5,827135.14,927919.86,0,0,L10_000121,LEGITIMATE_FUND_DISPERSION,NONE,1,5,5,2,7,341918.7,0.049445,0.121848,ONE_TO_MANY,NORMAL
L10_000606,826,TRANSFER,14493.39,LD000122_S,1300999.23,1286505.84,LD000122_D1,402886.13,417379.52,0,0,L10_000122,LEGITIMATE_FUND_DISPERSION,NONE,1,1,5,0,9,195149.88,0.01114,0.035974,ONE_TO_MANY,NORMAL
L10_000607,828,TRANSFER,36672.47,LD000122_S,1286505.84,1249833.37,LD000122_D2,1036576.35,1073248.82,0,0,L10_000122,LEGITIMATE_FUND_DISPERSION,NONE,1,2,5,2,9,195149.88,0.028505,0.035378,ONE_TO_MANY,NORMAL
L10_000608,831,TRANSFER,37623.19,LD000122_S,1249833.37,1212210.18,LD000122_D3,1065633.82,1103257.01,0,0,L10_000122,LEGITIMATE_FUND_DISPERSION,NONE,1,3,5,3,9,195149.88,0.030103,0.035306,ONE_TO_MANY,NORMAL
L10_000609,832,TRANSFER,59221.08,LD000122_S,1212210.18,1152989.1,LD000122_D4,878253.92,937475.0,0,0,L10_000122,LEGITIMATE_FUND_DISPERSION,NONE,1,4,5,1,9,195149.88,0.048854,0.06743,ONE_TO_MANY,NORMAL
L10_000610,835,TRANSFER,47139.75,LD000122_S,1152989.1,1105849.35,LD000122_D5,502487.59,549627.34,0,0,L10_000122,LEGITIMATE_FUND_DISPERSION,NONE,1,5,5,3,9,195149.88,0.040885,0.093813,ONE_TO_MANY,NORMAL
L10_000611,476,TRANSFER,26336.08,LD000123_S,1304785.4,1278449.32,LD000123_D1,917189.35,943525.43,0,0,L10_000123,LEGITIMATE_FUND_DISPERSION,NONE,1,1,5,0,11,195717.81,0.020184,0.028714,ONE_TO_MANY,NORMAL
L10_000612,478,TRANSFER,76876.22,LD000123_S,1278449.32,1201573.1,LD000123_D2,735422.99,812299.21,0,0,L10_000123,LEGITIMATE_FUND_DISPERSION,NONE,1,2,5,2,11,195717.81,0.060132,0.104533,ONE_TO_MANY,NORMAL
L10_000613,481,TRANSFER,29645.47,LD000123_S,1201573.1,1171927.63,LD000123_D3,1269423.78,1299069.25,0,0,L10_000123,LEGITIMATE_FUND_DISPERSION,NONE,1,3,5,3,11,195717.81,0.024672,0.023353,ONE_TO_MANY,NORMAL
L10_000614,484,TRANSFER,19364.27,LD000123_S,1171927.63,1152563.36,LD000123_D4,491285.01,510649.28,0,0,L10_000123,LEGITIMATE_FUND_DISPERSION,NONE,1,4,5,3,11,195717.81,0.016523,0.039416,ONE_TO_MANY,NORMAL
L10_000615,487,TRANSFER,43495.77,LD000123_S,1152563.36,1109067.59,LD000123_D5,631447.07,674942.84,0,0,L10_000123,LEGITIMATE_FUND_DISPERSION,NONE,1,5,5,3,11,195717.81,0.037738,0.068883,ONE_TO_MANY,NORMAL
L10_000616,222,TRANSFER,69046.28,LD000124_S,1775624.08,1706577.8,LD000124_D1,954361.62,1023407.9,0,0,L10_000124,LEGITIMATE_FUND_DISPERSION,NONE,1,1,5,0,10,266343.62,0.038886,0.072348,ONE_TO_MANY,NORMAL
L10_000617,225,TRANSFER,42710.84,LD000124_S,1706577.8,1663866.96,LD000124_D2,1251054.59,1293765.43,0,0,L10_000124,LEGITIMATE_FUND_DISPERSION,NONE,1,2,5,3,10,266343.62,0.025027,0.03414,ONE_TO_MANY,NORMAL
L10_000618,227,TRANSFER,21491.18,LD000124_S,1663866.96,1642375.78,LD000124_D3,613670.7,635161.88,0,0,L10_000124,LEGITIMATE_FUND_DISPERSION,NONE,1,3,5,2,10,266343.62,0.012916,0.035021,ONE_TO_MANY,NORMAL
L10_000619,230,TRANSFER,53121.86,LD000124_S,1642375.78,1589253.92,LD000124_D4,832342.69,885464.55,0,0,L10_000124,LEGITIMATE_FUND_DISPERSION,NONE,1,4,5,3,10,266343.62,0.032345,0.063822,ONE_TO_MANY,NORMAL
L10_000620,232,TRANSFER,79973.46,LD000124_S,1589253.92,1509280.46,LD000124_D5,1266252.49,1346225.95,0,0,L10_000124,LEGITIMATE_FUND_DISPERSION,NONE,1,5,5,2,10,266343.62,0.050321,0.063158,ONE_TO_MANY,NORMAL
L10_000621,658,TRANSFER,53102.19,LD000125_S,1423227.64,1370125.45,LD000125_D1,589794.79,642896.98,0,0,L10_000125,LEGITIMATE_FUND_DISPERSION,NONE,1,1,5,0,9,213484.15,0.037311,0.090035,ONE_TO_MANY,NORMAL
L10_000622,660,TRANSFER,67814.26,LD000125_S,1370125.45,1302311.19,LD000125_D2,961959.62,1029773.88,0,0,L10_000125,LEGITIMATE_FUND_DISPERSION,NONE,1,2,5,2,9,213484.15,0.049495,0.070496,ONE_TO_MANY,NORMAL
L10_000623,663,TRANSFER,14994.63,LD000125_S,1302311.19,1287316.56,LD000125_D3,1267784.12,1282778.75,0,0,L10_000125,LEGITIMATE_FUND_DISPERSION,NONE,1,3,5,3,9,213484.15,0.011514,0.011827,ONE_TO_MANY,NORMAL
L10_000624,666,TRANSFER,31950.87,LD000125_S,1287316.56,1255365.69,LD000125_D4,469990.8,501941.67,0,0,L10_000125,LEGITIMATE_FUND_DISPERSION,NONE,1,4,5,3,9,213484.15,0.02482,0.067982,ONE_TO_MANY,NORMAL
L10_000625,667,TRANSFER,45622.2,LD000125_S,1255365.69,1209743.49,LD000125_D5,1236891.02,1282513.22,0,0,L10_000125,LEGITIMATE_FUND_DISPERSION,NONE,1,5,5,1,9,213484.15,0.036342,0.036885,ONE_TO_MANY,NORMAL
L10_000626,780,TRANSFER,42584.42,LD000126_S,1704635.01,1662050.59,LD000126_D1,944036.36,986620.78,0,0,L10_000126,LEGITIMATE_FUND_DISPERSION,NONE,1,1,5,0,6,255695.25,0.024982,0.045109,ONE_TO_MANY,NORMAL
L10_000627,781,TRANSFER,54775.46,LD000126_S,1662050.59,1607275.13,LD000126_D2,806537.13,861312.59,0,0,L10_000126,LEGITIMATE_FUND_DISPERSION,NONE,1,2,5,1,6,255695.25,0.032957,0.067914,ONE_TO_MANY,NORMAL
L10_000628,784,TRANSFER,70907.22,LD000126_S,1607275.13,1536367.91,LD000126_D3,1180126.86,1251034.08,0,0,L10_000126,LEGITIMATE_FUND_DISPERSION,NONE,1,3,5,3,6,255695.25,0.044116,0.060084,ONE_TO_MANY,NORMAL
L10_000629,785,TRANSFER,20347.23,LD000126_S,1536367.91,1516020.68,LD000126_D4,1191027.09,1211374.32,0,0,L10_000126,LEGITIMATE_FUND_DISPERSION,NONE,1,4,5,1,6,255695.25,0.013244,0.017084,ONE_TO_MANY,NORMAL
L10_000630,786,TRANSFER,67080.92,LD000126_S,1516020.68,1448939.76,LD000126_D5,768137.16,835218.08,0,0,L10_000126,LEGITIMATE_FUND_DISPERSION,NONE,1,5,5,1,6,255695.25,0.044248,0.087329,ONE_TO_MANY,NORMAL
L10_000631,294,TRANSFER,12406.79,LD000127_S,2323237.61,2310830.82,LD000127_D1,1025564.14,1037970.93,0,0,L10_000127,LEGITIMATE_FUND_DISPERSION,NONE,1,1,5,0,8,348485.64,0.00534,0.012098,ONE_TO_MANY,NORMAL
L10_000632,295,TRANSFER,79419.4,LD000127_S,2310830.82,2231411.42,LD000127_D2,1190788.18,1270207.58,0,0,L10_000127,LEGITIMATE_FUND_DISPERSION,NONE,1,2,5,1,8,348485.64,0.034368,0.066695,ONE_TO_MANY,NORMAL
L10_000633,298,TRANSFER,70544.94,LD000127_S,2231411.42,2160866.48,LD000127_D3,484572.89,555117.83,0,0,L10_000127,LEGITIMATE_FUND_DISPERSION,NONE,1,3,5,3,8,348485.64,0.031614,0.145582,ONE_TO_MANY,NORMAL
L10_000634,301,TRANSFER,66881.05,LD000127_S,2160866.48,2093985.43,LD000127_D4,580905.92,647786.97,0,0,L10_000127,LEGITIMATE_FUND_DISPERSION,NONE,1,4,5,3,8,348485.64,0.030951,0.115132,ONE_TO_MANY,NORMAL
L10_000635,302,TRANSFER,119233.46,LD000127_S,2093985.43,1974751.97,LD000127_D5,553507.59,672741.05,0,0,L10_000127,LEGITIMATE_FUND_DISPERSION,NONE,1,5,5,1,8,348485.64,0.056941,0.215414,ONE_TO_MANY,NORMAL
L10_000636,15,TRANSFER,14778.99,LD000128_S,1536538.92,1521759.93,LD000128_D1,791878.51,806657.5,0,0,L10_000128,LEGITIMATE_FUND_DISPERSION,NONE,1,1,5,0,8,230480.83,0.009618,0.018663,ONE_TO_MANY,NORMAL
L10_000637,17,TRANSFER,56434.83,LD000128_S,1521759.93,1465325.1,LD000128_D2,623346.27,679781.1,0,0,L10_000128,LEGITIMATE_FUND_DISPERSION,NONE,1,2,5,2,8,230480.83,0.037085,0.090535,ONE_TO_MANY,NORMAL
L10_000638,19,TRANSFER,47972.81,LD000128_S,1465325.1,1417352.29,LD000128_D3,604099.36,652072.17,0,0,L10_000128,LEGITIMATE_FUND_DISPERSION,NONE,1,3,5,2,8,230480.83,0.032739,0.079412,ONE_TO_MANY,NORMAL
L10_000639,21,TRANSFER,65044.18,LD000128_S,1417352.29,1352308.11,LD000128_D4,660680.63,725724.81,0,0,L10_000128,LEGITIMATE_FUND_DISPERSION,NONE,1,4,5,2,8,230480.83,0.045891,0.09845,ONE_TO_MANY,NORMAL
L10_000640,23,TRANSFER,46250.02,LD000128_S,1352308.11,1306058.09,LD000128_D5,447046.65,493296.67,0,0,L10_000128,LEGITIMATE_FUND_DISPERSION,NONE,1,5,5,2,8,230480.83,0.034201,0.103457,ONE_TO_MANY,NORMAL
L10_000641,233,TRANSFER,16661.04,LD000129_S,2090043.09,2073382.05,LD000129_D1,601164.95,617825.99,0,0,L10_000129,LEGITIMATE_FUND_DISPERSION,NONE,1,1,5,0,7,313506.46,0.007972,0.027715,ONE_TO_MANY,NORMAL
L10_000642,234,TRANSFER,84148.7,LD000129_S,2073382.05,1989233.35,LD000129_D2,963908.13,1048056.83,0,0,L10_000129,LEGITIMATE_FUND_DISPERSION,NONE,1,2,5,1,7,313506.46,0.040585,0.0873,ONE_TO_MANY,NORMAL
L10_000643,236,TRANSFER,82726.22,LD000129_S,1989233.35,1906507.13,LD000129_D3,1040079.76,1122805.98,0,0,L10_000129,LEGITIMATE_FUND_DISPERSION,NONE,1,3,5,2,7,313506.46,0.041587,0.079538,ONE_TO_MANY,NORMAL
L10_000644,239,TRANSFER,64054.74,LD000129_S,1906507.13,1842452.39,LD000129_D4,1242751.82,1306806.56,0,0,L10_000129,LEGITIMATE_FUND_DISPERSION,NONE,1,4,5,3,7,313506.46,0.033598,0.051543,ONE_TO_MANY,NORMAL
L10_000645,240,TRANSFER,65915.76,LD000129_S,1842452.39,1776536.63,LD000129_D5,1122807.11,1188722.87,0,0,L10_000129,LEGITIMATE_FUND_DISPERSION,NONE,1,5,5,1,7,313506.46,0.035776,0.058706,ONE_TO_MANY,NORMAL
L10_000646,373,TRANSFER,39763.76,LD000130_S,1928140.16,1888376.4,LD000130_D1,1238488.03,1278251.79,0,0,L10_000130,LEGITIMATE_FUND_DISPERSION,NONE,1,1,5,0,7,289221.03,0.020623,0.032107,ONE_TO_MANY,NORMAL
L10_000647,376,TRANSFER,77037.45,LD000130_S,1888376.4,1811338.95,LD000130_D2,1076538.21,1153575.66,0,0,L10_000130,LEGITIMATE_FUND_DISPERSION,NONE,1,2,5,3,7,289221.03,0.040796,0.07156,ONE_TO_MANY,NORMAL
L10_000648,378,TRANSFER,67334.35,LD000130_S,1811338.95,1744004.6,LD000130_D3,1010444.17,1077778.52,0,0,L10_000130,LEGITIMATE_FUND_DISPERSION,NONE,1,3,5,2,7,289221.03,0.037174,0.066638,ONE_TO_MANY,NORMAL
L10_000649,379,TRANSFER,85388.02,LD000130_S,1744004.6,1658616.58,LD000130_D4,505223.92,590611.94,0,0,L10_000130,LEGITIMATE_FUND_DISPERSION,NONE,1,4,5,1,7,289221.03,0.048961,0.16901,ONE_TO_MANY,NORMAL
L10_000650,380,TRANSFER,19697.45,LD000130_S,1658616.58,1638919.13,LD000130_D5,545761.42,565458.87,0,0,L10_000130,LEGITIMATE_FUND_DISPERSION,NONE,1,5,5,1,7,289221.03,0.011876,0.036092,ONE_TO_MANY,NORMAL
L10_000651,360,TRANSFER,40332.06,LD000131_S,1667411.79,1627079.73,LD000131_D1,905044.44,945376.5,0,0,L10_000131,LEGITIMATE_FUND_DISPERSION,NONE,1,1,5,0,9,250111.76,0.024188,0.044564,ONE_TO_MANY,NORMAL
L10_000652,361,TRANSFER,55178.69,LD000131_S,1627079.73,1571901.04,LD000131_D2,931483.41,986662.1,0,0,L10_000131,LEGITIMATE_FUND_DISPERSION,NONE,1,2,5,1,9,250111.76,0.033913,0.059237,ONE_TO_MANY,NORMAL
L10_000653,364,TRANSFER,62316.88,LD000131_S,1571901.04,1509584.16,LD000131_D3,748080.29,810397.17,0,0,L10_000131,LEGITIMATE_FUND_DISPERSION,NONE,1,3,5,3,9,250111.76,0.039644,0.083302,ONE_TO_MANY,NORMAL
L10_000654,366,TRANSFER,15130.39,LD000131_S,1509584.16,1494453.77,LD000131_D4,789223.61,804354.0,0,0,L10_000131,LEGITIMATE_FUND_DISPERSION,NONE,1,4,5,2,9,250111.76,0.010023,0.019171,ONE_TO_MANY,NORMAL
L10_000655,369,TRANSFER,77153.74,LD000131_S,1494453.77,1417300.03,LD000131_D5,448409.56,525563.3,0,0,L10_000131,LEGITIMATE_FUND_DISPERSION,NONE,1,5,5,3,9,250111.76,0.051627,0.172061,ONE_TO_MANY,NORMAL
L10_000656,163,TRANSFER,97986.65,LD000132_S,2240204.35,2142217.7,LD000132_D1,810610.84,908597.49,0,0,L10_000132,LEGITIMATE_FUND_DISPERSION,NONE,1,1,5,0,10,336030.65,0.04374,0.12088,ONE_TO_MANY,NORMAL
L10_000657,166,TRANSFER,76434.59,LD000132_S,2142217.7,2065783.11,LD000132_D2,677737.73,754172.32,0,0,L10_000132,LEGITIMATE_FUND_DISPERSION,NONE,1,2,5,3,10,336030.65,0.03568,0.112779,ONE_TO_MANY,NORMAL
L10_000658,169,TRANSFER,113070.1,LD000132_S,2065783.11,1952713.01,LD000132_D3,587486.52,700556.62,0,0,L10_000132,LEGITIMATE_FUND_DISPERSION,NONE,1,3,5,3,10,336030.65,0.054735,0.192464,ONE_TO_MANY,NORMAL
L10_000659,172,TRANSFER,24779.06,LD000132_S,1952713.01,1927933.95,LD000132_D4,755977.94,780757.0,0,0,L10_000132,LEGITIMATE_FUND_DISPERSION,NONE,1,4,5,3,10,336030.65,0.01269,0.032777,ONE_TO_MANY,NORMAL
L10_000660,173,TRANSFER,23760.25,LD000132_S,1927933.95,1904173.7,LD000132_D5,922749.47,946509.72,0,0,L10_000132,LEGITIMATE_FUND_DISPERSION,NONE,1,5,5,1,10,336030.65,0.012324,0.025749,ONE_TO_MANY,NORMAL
L10_000661,257,TRANSFER,95554.32,LD000133_S,2145276.86,2049722.54,LD000133_D1,565069.78,660624.1,0,0,L10_000133,LEGITIMATE_FUND_DISPERSION,NONE,1,1,5,0,8,321791.52,0.044542,0.169102,ONE_TO_MANY,NORMAL
L10_000662,260,TRANSFER,47195.5,LD000133_S,2049722.54,2002527.04,LD000133_D2,548672.31,595867.81,0,0,L10_000133,LEGITIMATE_FUND_DISPERSION,NONE,1,2,5,3,8,321791.52,0.023025,0.086018,ONE_TO_MANY,NORMAL
L10_000663,262,TRANSFER,69085.23,LD000133_S,2002527.04,1933441.81,LD000133_D3,466566.13,535651.36,0,0,L10_000133,LEGITIMATE_FUND_DISPERSION,NONE,1,3,5,2,8,321791.52,0.034499,0.148072,ONE_TO_MANY,NORMAL
L10_000664,263,TRANSFER,34417.74,LD000133_S,1933441.81,1899024.07,LD000133_D4,583697.02,618114.76,0,0,L10_000133,LEGITIMATE_FUND_DISPERSION,NONE,1,4,5,1,8,321791.52,0.017801,0.058965,ONE_TO_MANY,NORMAL
L10_000665,265,TRANSFER,75538.73,LD000133_S,1899024.07,1823485.34,LD000133_D5,1125621.53,1201160.26,0,0,L10_000133,LEGITIMATE_FUND_DISPERSION,NONE,1,5,5,2,8,321791.52,0.039778,0.067108,ONE_TO_MANY,NORMAL
L10_000666,141,TRANSFER,21013.46,LD000134_S,1508642.86,1487629.4,LD000134_D1,709150.76,730164.22,0,0,L10_000134,LEGITIMATE_FUND_DISPERSION,NONE,1,1,5,0,10,226296.42,0.013929,0.029632,ONE_TO_MANY,NORMAL
L10_000667,144,TRANSFER,66813.77,LD000134_S,1487629.4,1420815.63,LD000134_D2,421854.43,488668.2,0,0,L10_000134,LEGITIMATE_FUND_DISPERSION,NONE,1,2,5,3,10,226296.42,0.044913,0.158381,ONE_TO_MANY,NORMAL
L10_000668,147,TRANSFER,29083.56,LD000134_S,1420815.63,1391732.07,LD000134_D3,745017.76,774101.32,0,0,L10_000134,LEGITIMATE_FUND_DISPERSION,NONE,1,3,5,3,10,226296.42,0.02047,0.039037,ONE_TO_MANY,NORMAL
L10_000669,149,TRANSFER,32415.24,LD000134_S,1391732.07,1359316.83,LD000134_D4,911702.16,944117.4,0,0,L10_000134,LEGITIMATE_FUND_DISPERSION,NONE,1,4,5,2,10,226296.42,0.023291,0.035555,ONE_TO_MANY,NORMAL
L10_000670,151,TRANSFER,76970.39,LD000134_S,1359316.83,1282346.44,LD000134_D5,887432.72,964403.11,0,0,L10_000134,LEGITIMATE_FUND_DISPERSION,NONE,1,5,5,2,10,226296.42,0.056624,0.086734,ONE_TO_MANY,NORMAL
L10_000671,58,TRANSFER,44619.88,LD000135_S,1329046.53,1284426.65,LD000135_D1,830456.6,875076.48,0,0,L10_000135,LEGITIMATE_FUND_DISPERSION,NONE,1,1,5,0,7,199356.99,0.033573,0.053729,ONE_TO_MANY,NORMAL
L10_000672,60,TRANSFER,18236.16,LD000135_S,1284426.65,1266190.49,LD000135_D2,805484.46,823720.62,0,0,L10_000135,LEGITIMATE_FUND_DISPERSION,NONE,1,2,5,2,7,199356.99,0.014198,0.02264,ONE_TO_MANY,NORMAL
L10_000673,61,TRANSFER,43252.99,LD000135_S,1266190.49,1222937.5,LD000135_D3,613218.93,656471.92,0,0,L10_000135,LEGITIMATE_FUND_DISPERSION,NONE,1,3,5,1,7,199356.99,0.03416,0.070534,ONE_TO_MANY,NORMAL
L10_000674,62,TRANSFER,52216.12,LD000135_S,1222937.5,1170721.38,LD000135_D4,819102.87,871318.99,0,0,L10_000135,LEGITIMATE_FUND_DISPERSION,NONE,1,4,5,1,7,199356.99,0.042697,0.063748,ONE_TO_MANY,NORMAL
L10_000675,65,TRANSFER,41031.84,LD000135_S,1170721.38,1129689.54,LD000135_D5,978002.54,1019034.38,0,0,L10_000135,LEGITIMATE_FUND_DISPERSION,NONE,1,5,5,3,7,199356.99,0.035048,0.041955,ONE_TO_MANY,NORMAL
L10_000676,897,TRANSFER,69819.41,LD000136_S,1587860.64,1518041.23,LD000136_D1,500302.36,570121.77,0,0,L10_000136,LEGITIMATE_FUND_DISPERSION,NONE,1,1,5,0,8,238179.09,0.043971,0.139554,ONE_TO_MANY,NORMAL
L10_000677,898,TRANSFER,93095.8,LD000136_S,1518041.23,1424945.43,LD000136_D2,932024.33,1025120.13,0,0,L10_000136,LEGITIMATE_FUND_DISPERSION,NONE,1,2,5,1,8,238179.09,0.061326,0.099886,ONE_TO_MANY,NORMAL
L10_000678,899,TRANSFER,36553.3,LD000136_S,1424945.43,1388392.13,LD000136_D3,1013488.47,1050041.77,0,0,L10_000136,LEGITIMATE_FUND_DISPERSION,NONE,1,3,5,1,8,238179.09,0.025652,0.036067,ONE_TO_MANY,NORMAL
L10_000679,902,TRANSFER,16403.86,LD000136_S,1388392.13,1371988.27,LD000136_D4,447841.34,464245.2,0,0,L10_000136,LEGITIMATE_FUND_DISPERSION,NONE,1,4,5,3,8,238179.09,0.011815,0.036629,ONE_TO_MANY,NORMAL
L10_000680,905,TRANSFER,22306.72,LD000136_S,1371988.27,1349681.55,LD000136_D5,768085.43,790392.15,0,0,L10_000136,LEGITIMATE_FUND_DISPERSION,NONE,1,5,5,3,8,238179.09,0.016259,0.029042,ONE_TO_MANY,NORMAL
L10_000681,657,TRANSFER,81788.23,LD000137_S,2429688.68,2347900.45,LD000137_D1,854061.47,935849.7,0,0,L10_000137,LEGITIMATE_FUND_DISPERSION,NONE,1,1,5,0,6,364453.31,0.033662,0.095764,ONE_TO_MANY,NORMAL
L10_000682,659,TRANSFER,77399.9,LD000137_S,2347900.45,2270500.55,LD000137_D2,1263389.01,1340788.91,0,0,L10_000137,LEGITIMATE_FUND_DISPERSION,NONE,1,2,5,2,6,364453.31,0.032966,0.061264,ONE_TO_MANY,NORMAL
L10_000683,660,TRANSFER,85416.6,LD000137_S,2270500.55,2185083.95,LD000137_D3,1229175.22,1314591.82,0,0,L10_000137,LEGITIMATE_FUND_DISPERSION,NONE,1,3,5,1,6,364453.31,0.03762,0.069491,ONE_TO_MANY,NORMAL
L10_000684,661,TRANSFER,53285.09,LD000137_S,2185083.95,2131798.86,LD000137_D4,876921.34,930206.43,0,0,L10_000137,LEGITIMATE_FUND_DISPERSION,NONE,1,4,5,1,6,364453.31,0.024386,0.060764,ONE_TO_MANY,NORMAL
L10_000685,663,TRANSFER,66563.49,LD000137_S,2131798.86,2065235.37,LD000137_D5,717598.44,784161.93,0,0,L10_000137,LEGITIMATE_FUND_DISPERSION,NONE,1,5,5,2,6,364453.31,0.031224,0.092759,ONE_TO_MANY,NORMAL
L10_000686,241,TRANSFER,114145.63,LD000138_S,2262658.84,2148513.21,LD000138_D1,460563.7,574709.33,0,0,L10_000138,LEGITIMATE_FUND_DISPERSION,NONE,1,1,5,0,8,339398.84,0.050448,0.247839,ONE_TO_MANY,NORMAL
L10_000687,244,TRANSFER,60260.62,LD000138_S,2148513.21,2088252.59,LD000138_D2,849847.45,910108.07,0,0,L10_000138,LEGITIMATE_FUND_DISPERSION,NONE,1,2,5,3,8,339398.84,0.028048,0.070908,ONE_TO_MANY,NORMAL
L10_000688,246,TRANSFER,34596.37,LD000138_S,2088252.59,2053656.22,LD000138_D3,470156.91,504753.28,0,0,L10_000138,LEGITIMATE_FUND_DISPERSION,NONE,1,3,5,2,8,339398.84,0.016567,0.073585,ONE_TO_MANY,NORMAL
L10_000689,247,TRANSFER,30073.99,LD000138_S,2053656.22,2023582.23,LD000138_D4,538583.25,568657.24,0,0,L10_000138,LEGITIMATE_FUND_DISPERSION,NONE,1,4,5,1,8,339398.84,0.014644,0.055839,ONE_TO_MANY,NORMAL
L10_000690,249,TRANSFER,100322.23,LD000138_S,2023582.23,1923260.0,LD000138_D5,1136396.26,1236718.49,0,0,L10_000138,LEGITIMATE_FUND_DISPERSION,NONE,1,5,5,2,8,339398.84,0.049577,0.088281,ONE_TO_MANY,NORMAL
L10_000691,449,TRANSFER,16691.08,LD000139_S,1287860.15,1271169.07,LD000139_D1,718273.24,734964.32,0,0,L10_000139,LEGITIMATE_FUND_DISPERSION,NONE,1,1,5,0,7,193179.03,0.01296,0.023238,ONE_TO_MANY,NORMAL
L10_000692,452,TRANSFER,28485.38,LD000139_S,1271169.07,1242683.69,LD000139_D2,425724.29,454209.67,0,0,L10_000139,LEGITIMATE_FUND_DISPERSION,NONE,1,2,5,3,7,193179.03,0.022409,0.06691,ONE_TO_MANY,NORMAL
L10_000693,453,TRANSFER,61209.24,LD000139_S,1242683.69,1181474.45,LD000139_D3,407688.26,468897.5,0,0,L10_000139,LEGITIMATE_FUND_DISPERSION,NONE,1,3,5,1,7,193179.03,0.049256,0.150137,ONE_TO_MANY,NORMAL
L10_000694,454,TRANSFER,15758.05,LD000139_S,1181474.45,1165716.4,LD000139_D4,553868.43,569626.48,0,0,L10_000139,LEGITIMATE_FUND_DISPERSION,NONE,1,4,5,1,7,193179.03,0.013338,0.028451,ONE_TO_MANY,NORMAL
L10_000695,456,TRANSFER,71035.28,LD000139_S,1165716.4,1094681.12,LD000139_D5,783437.13,854472.41,0,0,L10_000139,LEGITIMATE_FUND_DISPERSION,NONE,1,5,5,2,7,193179.03,0.060937,0.090671,ONE_TO_MANY,NORMAL
L10_000696,282,TRANSFER,11893.44,LD000140_S,1745334.6,1733441.16,LD000140_D1,644223.55,656116.99,0,0,L10_000140,LEGITIMATE_FUND_DISPERSION,NONE,1,1,5,0,8,261800.19,0.006814,0.018462,ONE_TO_MANY,NORMAL
L10_000697,283,TRANSFER,65081.71,LD000140_S,1733441.16,1668359.45,LD000140_D2,605333.87,670415.58,0,0,L10_000140,LEGITIMATE_FUND_DISPERSION,NONE,1,2,5,1,8,261800.19,0.037545,0.107514,ONE_TO_MANY,NORMAL
L10_000698,284,TRANSFER,59924.18,LD000140_S,1668359.45,1608435.27,LD000140_D3,769261.89,829186.07,0,0,L10_000140,LEGITIMATE_FUND_DISPERSION,NONE,1,3,5,1,8,261800.19,0.035918,0.077898,ONE_TO_MANY,NORMAL
L10_000699,287,TRANSFER,57943.43,LD000140_S,1608435.27,1550491.84,LD000140_D4,1267097.22,1325040.65,0,0,L10_000140,LEGITIMATE_FUND_DISPERSION,NONE,1,4,5,3,8,261800.19,0.036025,0.045729,ONE_TO_MANY,NORMAL
L10_000700,290,TRANSFER,66957.43,LD000140_S,1550491.84,1483534.41,LD000140_D5,1222083.03,1289040.46,0,0,L10_000140,LEGITIMATE_FUND_DISPERSION,NONE,1,5,5,3,8,261800.19,0.043185,0.05479,ONE_TO_MANY,NORMAL
L10_000701,560,TRANSFER,37134.53,LD000141_S,2150356.36,2113221.83,LD000141_D1,604217.25,641351.78,0,0,L10_000141,LEGITIMATE_FUND_DISPERSION,NONE,1,1,5,0,6,322553.46,0.017269,0.061459,ONE_TO_MANY,NORMAL
L10_000702,563,TRANSFER,54274.74,LD000141_S,2113221.83,2058947.09,LD000141_D2,749385.74,803660.48,0,0,L10_000141,LEGITIMATE_FUND_DISPERSION,NONE,1,2,5,3,6,322553.46,0.025683,0.072426,ONE_TO_MANY,NORMAL
L10_000703,564,TRANSFER,22292.51,LD000141_S,2058947.09,2036654.58,LD000141_D3,829625.32,851917.83,0,0,L10_000141,LEGITIMATE_FUND_DISPERSION,NONE,1,3,5,1,6,322553.46,0.010827,0.026871,ONE_TO_MANY,NORMAL
L10_000704,565,TRANSFER,108892.56,LD000141_S,2036654.58,1927762.02,LD000141_D4,1117533.25,1226425.81,0,0,L10_000141,LEGITIMATE_FUND_DISPERSION,NONE,1,4,5,1,6,322553.46,0.053466,0.09744,ONE_TO_MANY,NORMAL
L10_000705,566,TRANSFER,99959.12,LD000141_S,1927762.02,1827802.9,LD000141_D5,956333.22,1056292.34,0,0,L10_000141,LEGITIMATE_FUND_DISPERSION,NONE,1,5,5,1,6,322553.46,0.051852,0.104523,ONE_TO_MANY,NORMAL
L10_000706,576,TRANSFER,111245.86,LD000142_S,2405319.02,2294073.16,LD000142_D1,1071556.85,1182802.71,0,0,L10_000142,LEGITIMATE_FUND_DISPERSION,NONE,1,1,5,0,6,360797.85,0.04625,0.103817,ONE_TO_MANY,NORMAL
L10_000707,578,TRANSFER,32315.84,LD000142_S,2294073.16,2261757.32,LD000142_D2,408669.44,440985.28,0,0,L10_000142,LEGITIMATE_FUND_DISPERSION,NONE,1,2,5,2,6,360797.85,0.014087,0.079076,ONE_TO_MANY,NORMAL
L10_000708,580,TRANSFER,101475.91,LD000142_S,2261757.32,2160281.41,LD000142_D3,1081444.5,1182920.41,0,0,L10_000142,LEGITIMATE_FUND_DISPERSION,NONE,1,3,5,2,6,360797.85,0.044866,0.093834,ONE_TO_MANY,NORMAL
L10_000709,581,TRANSFER,46175.4,LD000142_S,2160281.41,2114106.01,LD000142_D4,676824.27,722999.67,0,0,L10_000142,LEGITIMATE_FUND_DISPERSION,NONE,1,4,5,1,6,360797.85,0.021375,0.068224,ONE_TO_MANY,NORMAL
L10_000710,582,TRANSFER,69584.84,LD000142_S,2114106.01,2044521.17,LD000142_D5,1038834.63,1108419.47,0,0,L10_000142,LEGITIMATE_FUND_DISPERSION,NONE,1,5,5,1,6,360797.85,0.032915,0.066984,ONE_TO_MANY,NORMAL
L10_000711,328,TRANSFER,56702.48,LD000143_S,1992300.23,1935597.75,LD000143_D1,446987.2,503689.68,0,0,L10_000143,LEGITIMATE_FUND_DISPERSION,NONE,1,1,5,0,7,298845.04,0.028461,0.126855,ONE_TO_MANY,NORMAL
L10_000712,330,TRANSFER,77485.39,LD000143_S,1935597.75,1858112.36,LD000143_D2,716723.93,794209.32,0,0,L10_000143,LEGITIMATE_FUND_DISPERSION,NONE,1,2,5,2,7,298845.04,0.040032,0.108111,ONE_TO_MANY,NORMAL
L10_000713,333,TRANSFER,30032.16,LD000143_S,1858112.36,1828080.2,LD000143_D3,887934.63,917966.79,0,0,L10_000143,LEGITIMATE_FUND_DISPERSION,NONE,1,3,5,3,7,298845.04,0.016163,0.033822,ONE_TO_MANY,NORMAL
L10_000714,334,TRANSFER,63427.07,LD000143_S,1828080.2,1764653.13,LD000143_D4,659803.66,723230.73,0,0,L10_000143,LEGITIMATE_FUND_DISPERSION,NONE,1,4,5,1,7,298845.04,0.034696,0.09613,ONE_TO_MANY,NORMAL
L10_000715,335,TRANSFER,71197.94,LD000143_S,1764653.13,1693455.19,LD000143_D5,788296.17,859494.11,0,0,L10_000143,LEGITIMATE_FUND_DISPERSION,NONE,1,5,5,1,7,298845.04,0.040347,0.090319,ONE_TO_MANY,NORMAL
L10_000716,314,TRANSFER,56885.92,LD000144_S,2558314.69,2501428.77,LD000144_D1,1067167.23,1124053.15,0,0,L10_000144,LEGITIMATE_FUND_DISPERSION,NONE,1,1,5,0,10,355866.8,0.022236,0.053306,ONE_TO_MANY,NORMAL
L10_000717,317,TRANSFER,30389.56,LD000144_S,2501428.77,2471039.21,LD000144_D2,437010.01,467399.57,0,0,L10_000144,LEGITIMATE_FUND_DISPERSION,NONE,1,2,5,3,10,355866.8,0.012149,0.06954,ONE_TO_MANY,NORMAL
L10_000718,318,TRANSFER,67019.03,LD000144_S,2471039.21,2404020.18,LD000144_D3,659957.24,726976.27,0,0,L10_000144,LEGITIMATE_FUND_DISPERSION,NONE,1,3,5,1,10,355866.8,0.027122,0.101551,ONE_TO_MANY,NORMAL
L10_000719,321,TRANSFER,54059.99,LD000144_S,2404020.18,2349960.19,LD000144_D4,1153381.03,1207441.02,0,0,L10_000144,LEGITIMATE_FUND_DISPERSION,NONE,1,4,5,3,10,355866.8,0.022487,0.046871,ONE_TO_MANY,NORMAL
L10_000720,324,TRANSFER,147512.3,LD000144_S,2349960.19,2202447.89,LD000144_D5,444690.9,592203.2,0,0,L10_000144,LEGITIMATE_FUND_DISPERSION,NONE,1,5,5,3,10,355866.8,0.062772,0.331719,ONE_TO_MANY,NORMAL
L10_000721,274,TRANSFER,59081.97,LD000145_S,2024841.12,1965759.15,LD000145_D1,449275.73,508357.7,0,0,L10_000145,LEGITIMATE_FUND_DISPERSION,NONE,1,1,5,0,10,303726.16,0.029179,0.131505,ONE_TO_MANY,NORMAL
L10_000722,277,TRANSFER,42193.0,LD000145_S,1965759.15,1923566.15,LD000145_D2,438424.91,480617.91,0,0,L10_000145,LEGITIMATE_FUND_DISPERSION,NONE,1,2,5,3,10,303726.16,0.021464,0.096238,ONE_TO_MANY,NORMAL
L10_000723,279,TRANSFER,54632.8,LD000145_S,1923566.15,1868933.35,LD000145_D3,549056.8,603689.6,0,0,L10_000145,LEGITIMATE_FUND_DISPERSION,NONE,1,3,5,2,10,303726.16,0.028402,0.099503,ONE_TO_MANY,NORMAL
L10_000724,282,TRANSFER,31572.05,LD000145_S,1868933.35,1837361.3,LD000145_D4,856028.22,887600.27,0,0,L10_000145,LEGITIMATE_FUND_DISPERSION,NONE,1,4,5,3,10,303726.16,0.016893,0.036882,ONE_TO_MANY,NORMAL
L10_000725,284,TRANSFER,116246.34,LD000145_S,1837361.3,1721114.96,LD000145_D5,1218255.33,1334501.67,0,0,L10_000145,LEGITIMATE_FUND_DISPERSION,NONE,1,5,5,2,10,303726.16,0.063268,0.09542,ONE_TO_MANY,NORMAL
L10_000726,599,TRANSFER,34807.62,LD000146_S,1921468.03,1886660.41,LD000146_D1,1183815.65,1218623.27,0,0,L10_000146,LEGITIMATE_FUND_DISPERSION,NONE,1,1,5,0,8,288220.2,0.018115,0.029403,ONE_TO_MANY,NORMAL
L10_000727,602,TRANSFER,73749.0,LD000146_S,1886660.41,1812911.41,LD000146_D2,432798.25,506547.25,0,0,L10_000146,LEGITIMATE_FUND_DISPERSION,NONE,1,2,5,3,8,288220.2,0.03909,0.1704,ONE_TO_MANY,NORMAL
L10_000728,603,TRANSFER,10142.54,LD000146_S,1812911.41,1802768.87,LD000146_D3,760826.86,770969.4,0,0,L10_000146,LEGITIMATE_FUND_DISPERSION,NONE,1,3,5,1,8,288220.2,0.005595,0.013331,ONE_TO_MANY,NORMAL
L10_000729,606,TRANSFER,113343.07,LD000146_S,1802768.87,1689425.8,LD000146_D4,913148.74,1026491.81,0,0,L10_000146,LEGITIMATE_FUND_DISPERSION,NONE,1,4,5,3,8,288220.2,0.062872,0.124123,ONE_TO_MANY,NORMAL
L10_000730,607,TRANSFER,56177.97,LD000146_S,1689425.8,1633247.83,LD000146_D5,913592.82,969770.79,0,0,L10_000146,LEGITIMATE_FUND_DISPERSION,NONE,1,5,5,1,8,288220.2,0.033253,0.061491,ONE_TO_MANY,NORMAL
L10_000731,752,TRANSFER,39635.19,LD000147_S,1357739.66,1318104.47,LD000147_D1,1206737.16,1246372.35,0,0,L10_000147,LEGITIMATE_FUND_DISPERSION,NONE,1,1,5,0,10,203660.95,0.029192,0.032845,ONE_TO_MANY,NORMAL
L10_000732,754,TRANSFER,33690.84,LD000147_S,1318104.47,1284413.63,LD000147_D2,759568.43,793259.27,0,0,L10_000147,LEGITIMATE_FUND_DISPERSION,NONE,1,2,5,2,10,203660.95,0.02556,0.044355,ONE_TO_MANY,NORMAL
L10_000733,756,TRANSFER,23666.19,LD000147_S,1284413.63,1260747.44,LD000147_D3,1264847.62,1288513.81,0,0,L10_000147,LEGITIMATE_FUND_DISPERSION,NONE,1,3,5,2,10,203660.95,0.018426,0.018711,ONE_TO_MANY,NORMAL
L10_000734,759,TRANSFER,95063.66,LD000147_S,1260747.44,1165683.78,LD000147_D4,741156.16,836219.82,0,0,L10_000147,LEGITIMATE_FUND_DISPERSION,NONE,1,4,5,3,10,203660.95,0.075403,0.128264,ONE_TO_MANY,NORMAL
L10_000735,762,TRANSFER,11605.07,LD000147_S,1165683.78,1154078.71,LD000147_D5,473024.01,484629.08,0,0,L10_000147,LEGITIMATE_FUND_DISPERSION,NONE,1,5,5,3,10,203660.95,0.009956,0.024534,ONE_TO_MANY,NORMAL
L10_000736,580,TRANSFER,24556.2,LD000148_S,1321320.91,1296764.71,LD000148_D1,1053143.66,1077699.86,0,0,L10_000148,LEGITIMATE_FUND_DISPERSION,NONE,1,1,5,0,6,198198.14,0.018585,0.023317,ONE_TO_MANY,NORMAL
L10_000737,583,TRANSFER,30963.86,LD000148_S,1296764.71,1265800.85,LD000148_D2,1222194.92,1253158.78,0,0,L10_000148,LEGITIMATE_FUND_DISPERSION,NONE,1,2,5,3,6,198198.14,0.023878,0.025335,ONE_TO_MANY,NORMAL
L10_000738,584,TRANSFER,94847.81,LD000148_S,1265800.85,1170953.04,LD000148_D3,560372.5,655220.31,0,0,L10_000148,LEGITIMATE_FUND_DISPERSION,NONE,1,3,5,1,6,198198.14,0.074931,0.169259,ONE_TO_MANY,NORMAL
L10_000739,585,TRANSFER,22510.95,LD000148_S,1170953.04,1148442.09,LD000148_D4,900705.54,923216.49,0,0,L10_000148,LEGITIMATE_FUND_DISPERSION,NONE,1,4,5,1,6,198198.14,0.019224,0.024993,ONE_TO_MANY,NORMAL
L10_000740,586,TRANSFER,25319.32,LD000148_S,1148442.09,1123122.77,LD000148_D5,385356.46,410675.78,0,0,L10_000148,LEGITIMATE_FUND_DISPERSION,NONE,1,5,5,1,6,198198.14,0.022047,0.065704,ONE_TO_MANY,NORMAL
L10_000741,817,TRANSFER,89158.52,LD000149_S,1734880.51,1645721.99,LD000149_D1,415241.93,504400.45,0,0,L10_000149,LEGITIMATE_FUND_DISPERSION,NONE,1,1,5,0,8,260232.07,0.051392,0.214715,ONE_TO_MANY,NORMAL
L10_000742,819,TRANSFER,32073.29,LD000149_S,1645721.99,1613648.7,LD000149_D2,1184139.74,1216213.03,0,0,L10_000149,LEGITIMATE_FUND_DISPERSION,NONE,1,2,5,2,8,260232.07,0.019489,0.027086,ONE_TO_MANY,NORMAL
L10_000743,822,TRANSFER,34207.83,LD000149_S,1613648.7,1579440.87,LD000149_D3,443585.46,477793.29,0,0,L10_000149,LEGITIMATE_FUND_DISPERSION,NONE,1,3,5,3,8,260232.07,0.021199,0.077117,ONE_TO_MANY,NORMAL
L10_000744,823,TRANSFER,71739.23,LD000149_S,1579440.87,1507701.64,LD000149_D4,1174998.96,1246738.19,0,0,L10_000149,LEGITIMATE_FUND_DISPERSION,NONE,1,4,5,1,8,260232.07,0.045421,0.061055,ONE_TO_MANY,NORMAL
L10_000745,825,TRANSFER,33053.2,LD000149_S,1507701.64,1474648.44,LD000149_D5,947012.71,980065.91,0,0,L10_000149,LEGITIMATE_FUND_DISPERSION,NONE,1,5,5,2,8,260232.07,0.021923,0.034903,ONE_TO_MANY,NORMAL
L10_000746,13,TRANSFER,75743.72,LD000150_S,1794674.91,1718931.19,LD000150_D1,456088.42,531832.14,0,0,L10_000150,LEGITIMATE_FUND_DISPERSION,NONE,1,1,5,0,8,269201.24,0.042205,0.166072,ONE_TO_MANY,NORMAL
L10_000747,16,TRANSFER,22511.44,LD000150_S,1718931.19,1696419.75,LD000150_D2,878592.92,901104.36,0,0,L10_000150,LEGITIMATE_FUND_DISPERSION,NONE,1,2,5,3,8,269201.24,0.013096,0.025622,ONE_TO_MANY,NORMAL
L10_000748,18,TRANSFER,25997.38,LD000150_S,1696419.75,1670422.37,LD000150_D3,506726.06,532723.44,0,0,L10_000150,LEGITIMATE_FUND_DISPERSION,NONE,1,3,5,2,8,269201.24,0.015325,0.051305,ONE_TO_MANY,NORMAL
L10_000749,19,TRANSFER,90131.47,LD000150_S,1670422.37,1580290.9,LD000150_D4,884640.34,974771.81,0,0,L10_000150,LEGITIMATE_FUND_DISPERSION,NONE,1,4,5,1,8,269201.24,0.053957,0.101885,ONE_TO_MANY,NORMAL
L10_000750,21,TRANSFER,54817.23,LD000150_S,1580290.9,1525473.67,LD000150_D5,1005293.33,1060110.56,0,0,L10_000150,LEGITIMATE_FUND_DISPERSION,NONE,1,5,5,2,8,269201.24,0.034688,0.054529,ONE_TO_MANY,NORMAL
L10_000751,393,TRANSFER,59611.44,LD000151_S,2242223.69,2182612.25,LD000151_D1,1149900.14,1209511.58,0,0,L10_000151,LEGITIMATE_FUND_DISPERSION,NONE,1,1,5,0,7,336333.56,0.026586,0.051841,ONE_TO_MANY,NORMAL
L10_000752,396,TRANSFER,107804.64,LD000151_S,2182612.25,2074807.61,LD000151_D2,923041.25,1030845.89,0,0,L10_000151,LEGITIMATE_FUND_DISPERSION,NONE,1,2,5,3,7,336333.56,0.049392,0.116793,ONE_TO_MANY,NORMAL
L10_000753,397,TRANSFER,56149.12,LD000151_S,2074807.61,2018658.49,LD000151_D3,540636.99,596786.11,0,0,L10_000151,LEGITIMATE_FUND_DISPERSION,NONE,1,3,5,1,7,336333.56,0.027062,0.103857,ONE_TO_MANY,NORMAL
L10_000754,399,TRANSFER,92300.29,LD000151_S,2018658.49,1926358.2,LD000151_D4,783762.25,876062.54,0,0,L10_000151,LEGITIMATE_FUND_DISPERSION,NONE,1,4,5,2,7,336333.56,0.045724,0.117766,ONE_TO_MANY,NORMAL
L10_000755,400,TRANSFER,20468.07,LD000151_S,1926358.2,1905890.13,LD000151_D5,1040448.19,1060916.26,0,0,L10_000151,LEGITIMATE_FUND_DISPERSION,NONE,1,5,5,1,7,336333.56,0.010625,0.019672,ONE_TO_MANY,NORMAL
L10_000756,881,TRANSFER,20691.85,LD000152_S,2346213.13,2325521.28,LD000152_D1,990241.56,1010933.41,0,0,L10_000152,LEGITIMATE_FUND_DISPERSION,NONE,1,1,5,0,5,351931.97,0.008819,0.020896,ONE_TO_MANY,NORMAL
L10_000757,882,TRANSFER,85839.16,LD000152_S,2325521.28,2239682.12,LD000152_D2,724924.35,810763.51,0,0,L10_000152,LEGITIMATE_FUND_DISPERSION,NONE,1,2,5,1,5,351931.97,0.036912,0.118411,ONE_TO_MANY,NORMAL
L10_000758,883,TRANSFER,114173.36,LD000152_S,2239682.12,2125508.76,LD000152_D3,1020899.36,1135072.72,0,0,L10_000152,LEGITIMATE_FUND_DISPERSION,NONE,1,3,5,1,5,351931.97,0.050977,0.111836,ONE_TO_MANY,NORMAL
L10_000759,885,TRANSFER,47777.44,LD000152_S,2125508.76,2077731.32,LD000152_D4,1020849.24,1068626.68,0,0,L10_000152,LEGITIMATE_FUND_DISPERSION,NONE,1,4,5,2,5,351931.97,0.022478,0.046802,ONE_TO_MANY,NORMAL
L10_000760,886,TRANSFER,83450.16,LD000152_S,2077731.32,1994281.16,LD000152_D5,1212436.71,1295886.87,0,0,L10_000152,LEGITIMATE_FUND_DISPERSION,NONE,1,5,5,1,5,351931.97,0.040164,0.068828,ONE_TO_MANY,NORMAL
L10_000761,119,TRANSFER,103300.46,LD000153_S,2382402.56,2279102.1,LD000153_D1,907871.8,1011172.26,0,0,L10_000153,LEGITIMATE_FUND_DISPERSION,NONE,1,1,5,0,7,357360.39,0.04336,0.113783,ONE_TO_MANY,NORMAL
L10_000762,120,TRANSFER,36314.69,LD000153_S,2279102.1,2242787.41,LD000153_D2,610151.49,646466.18,0,0,L10_000153,LEGITIMATE_FUND_DISPERSION,NONE,1,2,5,1,7,357360.39,0.015934,0.059517,ONE_TO_MANY,NORMAL
L10_000763,121,TRANSFER,30855.26,LD000153_S,2242787.41,2211932.15,LD000153_D3,849278.09,880133.35,0,0,L10_000153,LEGITIMATE_FUND_DISPERSION,NONE,1,3,5,1,7,357360.39,0.013758,0.036331,ONE_TO_MANY,NORMAL
L10_000764,124,TRANSFER,104986.99,LD000153_S,2211932.15,2106945.16,LD000153_D4,574072.3,679059.29,0,0,L10_000153,LEGITIMATE_FUND_DISPERSION,NONE,1,4,5,3,7,357360.39,0.047464,0.182881,ONE_TO_MANY,NORMAL
L10_000765,126,TRANSFER,81902.99,LD000153_S,2106945.16,2025042.17,LD000153_D5,1175719.32,1257622.31,0,0,L10_000153,LEGITIMATE_FUND_DISPERSION,NONE,1,5,5,2,7,357360.39,0.038873,0.069662,ONE_TO_MANY,NORMAL
L10_000766,51,TRANSFER,22169.99,LD000154_S,1431743.19,1409573.2,LD000154_D1,874283.99,896453.98,0,0,L10_000154,LEGITIMATE_FUND_DISPERSION,NONE,1,1,5,0,6,214761.48,0.015485,0.025358,ONE_TO_MANY,NORMAL
L10_000767,52,TRANSFER,43625.28,LD000154_S,1409573.2,1365947.92,LD000154_D2,1219360.36,1262985.64,0,0,L10_000154,LEGITIMATE_FUND_DISPERSION,NONE,1,2,5,1,6,214761.48,0.030949,0.035777,ONE_TO_MANY,NORMAL
L10_000768,53,TRANSFER,48682.93,LD000154_S,1365947.92,1317264.99,LD000154_D3,450963.27,499646.2,0,0,L10_000154,LEGITIMATE_FUND_DISPERSION,NONE,1,3,5,1,6,214761.48,0.03564,0.107953,ONE_TO_MANY,NORMAL
L10_000769,55,TRANSFER,36732.74,LD000154_S,1317264.99,1280532.25,LD000154_D4,391906.61,428639.35,0,0,L10_000154,LEGITIMATE_FUND_DISPERSION,NONE,1,4,5,2,6,214761.48,0.027886,0.093728,ONE_TO_MANY,NORMAL
L10_000770,57,TRANSFER,63550.54,LD000154_S,1280532.25,1216981.71,LD000154_D5,1181689.83,1245240.37,0,0,L10_000154,LEGITIMATE_FUND_DISPERSION,NONE,1,5,5,2,6,214761.48,0.049628,0.053779,ONE_TO_MANY,NORMAL
L10_000771,702,TRANSFER,73776.68,LD000155_S,1770595.81,1696819.13,LD000155_D1,659109.58,732886.26,0,0,L10_000155,LEGITIMATE_FUND_DISPERSION,NONE,1,1,5,0,7,238739.83,0.041668,0.111934,ONE_TO_MANY,NORMAL
L10_000772,703,TRANSFER,61416.0,LD000155_S,1696819.13,1635403.13,LD000155_D2,801107.58,862523.58,0,0,L10_000155,LEGITIMATE_FUND_DISPERSION,NONE,1,2,5,1,7,238739.83,0.036195,0.076664,ONE_TO_MANY,NORMAL
L10_000773,705,TRANSFER,24733.88,LD000155_S,1635403.13,1610669.25,LD000155_D3,581387.04,606120.92,0,0,L10_000155,LEGITIMATE_FUND_DISPERSION,NONE,1,3,5,2,7,238739.83,0.015124,0.042543,ONE_TO_MANY,NORMAL
L10_000774,706,TRANSFER,14643.12,LD000155_S,1610669.25,1596026.13,LD000155_D4,481679.02,496322.14,0,0,L10_000155,LEGITIMATE_FUND_DISPERSION,NONE,1,4,5,1,7,238739.83,0.009091,0.0304,ONE_TO_MANY,NORMAL
L10_000775,709,TRANSFER,64170.15,LD000155_S,1596026.13,1531855.98,LD000155_D5,501724.05,565894.2,0,0,L10_000155,LEGITIMATE_FUND_DISPERSION,NONE,1,5,5,3,7,238739.83,0.040206,0.127899,ONE_TO_MANY,NORMAL
L10_000776,701,TRANSFER,77344.43,LD000156_S,2333471.46,2256127.03,LD000156_D1,819697.74,897042.17,0,0,L10_000156,LEGITIMATE_FUND_DISPERSION,NONE,1,1,5,0,8,350020.72,0.033146,0.094357,ONE_TO_MANY,NORMAL
L10_000777,704,TRANSFER,51482.47,LD000156_S,2256127.03,2204644.56,LD000156_D2,1215331.32,1266813.79,0,0,L10_000156,LEGITIMATE_FUND_DISPERSION,NONE,1,2,5,3,8,350020.72,0.022819,0.042361,ONE_TO_MANY,NORMAL
L10_000778,706,TRANSFER,100112.52,LD000156_S,2204644.56,2104532.04,LD000156_D3,820506.63,920619.15,0,0,L10_000156,LEGITIMATE_FUND_DISPERSION,NONE,1,3,5,2,8,350020.72,0.04541,0.122013,ONE_TO_MANY,NORMAL
L10_000779,708,TRANSFER,80928.05,LD000156_S,2104532.04,2023603.99,LD000156_D4,1136096.38,1217024.43,0,0,L10_000156,LEGITIMATE_FUND_DISPERSION,NONE,1,4,5,2,8,350020.72,0.038454,0.071233,ONE_TO_MANY,NORMAL
L10_000780,709,TRANSFER,40153.25,LD000156_S,2023603.99,1983450.74,LD000156_D5,402345.4,442498.65,0,0,L10_000156,LEGITIMATE_FUND_DISPERSION,NONE,1,5,5,1,8,350020.72,0.019842,0.099798,ONE_TO_MANY,NORMAL
L10_000781,288,TRANSFER,9326.29,LD000157_S,1855693.79,1846367.5,LD000157_D1,719619.39,728945.68,0,0,L10_000157,LEGITIMATE_FUND_DISPERSION,NONE,1,1,5,0,6,278354.06,0.005026,0.01296,ONE_TO_MANY,NORMAL
L10_000782,289,TRANSFER,92806.28,LD000157_S,1846367.5,1753561.22,LD000157_D2,1024750.71,1117556.99,0,0,L10_000157,LEGITIMATE_FUND_DISPERSION,NONE,1,2,5,1,6,278354.06,0.050264,0.090565,ONE_TO_MANY,NORMAL
L10_000783,292,TRANSFER,76036.21,LD000157_S,1753561.22,1677525.01,LD000157_D3,1143112.96,1219149.17,0,0,L10_000157,LEGITIMATE_FUND_DISPERSION,NONE,1,3,5,3,6,278354.06,0.043361,0.066517,ONE_TO_MANY,NORMAL
L10_000784,293,TRANSFER,40965.47,LD000157_S,1677525.01,1636559.54,LD000157_D4,1268107.87,1309073.34,0,0,L10_000157,LEGITIMATE_FUND_DISPERSION,NONE,1,4,5,1,6,278354.06,0.02442,0.032304,ONE_TO_MANY,NORMAL
L10_000785,294,TRANSFER,59219.81,LD000157_S,1636559.54,1577339.73,LD000157_D5,906559.92,965779.73,0,0,L10_000157,LEGITIMATE_FUND_DISPERSION,NONE,1,5,5,1,6,278354.06,0.036186,0.065324,ONE_TO_MANY,NORMAL
L10_000786,647,TRANSFER,121282.12,LD000158_S,2379357.94,2258075.82,LD000158_D1,1184505.65,1305787.77,0,0,L10_000158,LEGITIMATE_FUND_DISPERSION,NONE,1,1,5,0,6,341106.08,0.050973,0.10239,ONE_TO_MANY,NORMAL
L10_000787,648,TRANSFER,25329.61,LD000158_S,2258075.82,2232746.21,LD000158_D2,1049925.71,1075255.32,0,0,L10_000158,LEGITIMATE_FUND_DISPERSION,NONE,1,2,5,1,6,341106.08,0.011217,0.024125,ONE_TO_MANY,NORMAL
L10_000788,650,TRANSFER,69661.29,LD000158_S,2232746.21,2163084.92,LD000158_D3,961226.23,1030887.52,0,0,L10_000158,LEGITIMATE_FUND_DISPERSION,NONE,1,3,5,2,6,341106.08,0.0312,0.072471,ONE_TO_MANY,NORMAL
L10_000789,651,TRANSFER,79918.4,LD000158_S,2163084.92,2083166.52,LD000158_D4,1009707.7,1089626.1,0,0,L10_000158,LEGITIMATE_FUND_DISPERSION,NONE,1,4,5,1,6,341106.08,0.036946,0.07915,ONE_TO_MANY,NORMAL
L10_000790,653,TRANSFER,44914.66,LD000158_S,2083166.52,2038251.86,LD000158_D5,712270.08,757184.74,0,0,L10_000158,LEGITIMATE_FUND_DISPERSION,NONE,1,5,5,2,6,341106.08,0.021561,0.063058,ONE_TO_MANY,NORMAL
L10_000791,432,TRANSFER,42529.89,LD000159_S,1955860.33,1913330.44,LD000159_D1,985923.15,1028453.04,0,0,L10_000159,LEGITIMATE_FUND_DISPERSION,NONE,1,1,5,0,9,293379.05,0.021745,0.043137,ONE_TO_MANY,NORMAL
L10_000792,434,TRANSFER,56238.25,LD000159_S,1913330.44,1857092.19,LD000159_D2,509065.07,565303.32,0,0,L10_000159,LEGITIMATE_FUND_DISPERSION,NONE,1,2,5,2,9,293379.05,0.029393,0.110474,ONE_TO_MANY,NORMAL
L10_000793,437,TRANSFER,25138.01,LD000159_S,1857092.19,1831954.18,LD000159_D3,402083.2,427221.21,0,0,L10_000159,LEGITIMATE_FUND_DISPERSION,NONE,1,3,5,3,9,293379.05,0.013536,0.062519,ONE_TO_MANY,NORMAL
L10_000794,438,TRANSFER,120550.35,LD000159_S,1831954.18,1711403.83,LD000159_D4,861091.07,981641.42,0,0,L10_000159,LEGITIMATE_FUND_DISPERSION,NONE,1,4,5,1,9,293379.05,0.065804,0.139997,ONE_TO_MANY,NORMAL
L10_000795,441,TRANSFER,48922.55,LD000159_S,1711403.83,1662481.28,LD000159_D5,693521.07,742443.62,0,0,L10_000159,LEGITIMATE_FUND_DISPERSION,NONE,1,5,5,3,9,293379.05,0.028586,0.070542,ONE_TO_MANY,NORMAL
L10_000796,20,TRANSFER,33248.58,LD000160_S,2508425.61,2475177.03,LD000160_D1,1253655.01,1286903.59,0,0,L10_000160,LEGITIMATE_FUND_DISPERSION,NONE,1,1,5,0,11,376263.84,0.013255,0.026521,ONE_TO_MANY,NORMAL
L10_000797,23,TRANSFER,89646.49,LD000160_S,2475177.03,2385530.54,LD000160_D2,586401.78,676048.27,0,0,L10_000160,LEGITIMATE_FUND_DISPERSION,NONE,1,2,5,3,11,376263.84,0.036218,0.152876,ONE_TO_MANY,NORMAL
L10_000798,25,TRANSFER,72015.48,LD000160_S,2385530.54,2313515.06,LD000160_D3,1207796.15,1279811.63,0,0,L10_000160,LEGITIMATE_FUND_DISPERSION,NONE,1,3,5,2,11,376263.84,0.030188,0.059626,ONE_TO_MANY,NORMAL
L10_000799,28,TRANSFER,107299.84,LD000160_S,2313515.06,2206215.22,LD000160_D4,948860.4,1056160.24,0,0,L10_000160,LEGITIMATE_FUND_DISPERSION,NONE,1,4,5,3,11,376263.84,0.04638,0.113083,ONE_TO_MANY,NORMAL
L10_000800,31,TRANSFER,74053.45,LD000160_S,2206215.22,2132161.77,LD000160_D5,1102729.26,1176782.71,0,0,L10_000160,LEGITIMATE_FUND_DISPERSION,NONE,1,5,5,3,11,376263.84,0.033566,0.067155,ONE_TO_MANY,NORMAL
L10_000801,552,TRANSFER,87913.98,LD000161_S,2349493.92,2261579.94,LD000161_D1,907428.91,995342.89,0,0,L10_000161,LEGITIMATE_FUND_DISPERSION,NONE,1,1,5,0,7,267540.57,0.037418,0.096882,ONE_TO_MANY,NORMAL
L10_000802,553,TRANSFER,27429.42,LD000161_S,2261579.94,2234150.52,LD000161_D2,421597.56,449026.98,0,0,L10_000161,LEGITIMATE_FUND_DISPERSION,NONE,1,2,5,1,7,267540.57,0.012128,0.065061,ONE_TO_MANY,NORMAL
L10_000803,554,TRANSFER,38979.79,LD000161_S,2234150.52,2195170.73,LD000161_D3,1011516.56,1050496.35,0,0,L10_000161,LEGITIMATE_FUND_DISPERSION,NONE,1,3,5,1,7,267540.57,0.017447,0.038536,ONE_TO_MANY,NORMAL
L10_000804,557,TRANSFER,55080.82,LD000161_S,2195170.73,2140089.91,LD000161_D4,641910.04,696990.86,0,0,L10_000161,LEGITIMATE_FUND_DISPERSION,NONE,1,4,5,3,7,267540.57,0.025092,0.085808,ONE_TO_MANY,NORMAL
L10_000805,559,TRANSFER,58136.56,LD000161_S,2140089.91,2081953.35,LD000161_D5,1242833.72,1300970.28,0,0,L10_000161,LEGITIMATE_FUND_DISPERSION,NONE,1,5,5,2,7,267540.57,0.027165,0.046777,ONE_TO_MANY,NORMAL
L10_000806,678,TRANSFER,77293.3,LD000162_S,2514472.38,2437179.08,LD000162_D1,724321.22,801614.52,0,0,L10_000162,LEGITIMATE_FUND_DISPERSION,NONE,1,1,5,0,8,377170.86,0.030739,0.106711,ONE_TO_MANY,NORMAL
L10_000807,681,TRANSFER,72703.15,LD000162_S,2437179.08,2364475.93,LD000162_D2,1255412.55,1328115.7,0,0,L10_000162,LEGITIMATE_FUND_DISPERSION,NONE,1,2,5,3,8,377170.86,0.029831,0.057912,ONE_TO_MANY,NORMAL
L10_000808,682,TRANSFER,104230.83,LD000162_S,2364475.93,2260245.1,LD000162_D3,730043.8,834274.63,0,0,L10_000162,LEGITIMATE_FUND_DISPERSION,NONE,1,3,5,1,8,377170.86,0.044082,0.142773,ONE_TO_MANY,NORMAL
L10_000809,685,TRANSFER,69641.64,LD000162_S,2260245.1,2190603.46,LD000162_D4,832827.03,902468.67,0,0,L10_000162,LEGITIMATE_FUND_DISPERSION,NONE,1,4,5,3,8,377170.86,0.030812,0.083621,ONE_TO_MANY,NORMAL
L10_000810,686,TRANSFER,53301.94,LD000162_S,2190603.46,2137301.52,LD000162_D5,969332.56,1022634.5,0,0,L10_000162,LEGITIMATE_FUND_DISPERSION,NONE,1,5,5,1,8,377170.86,0.024332,0.054988,ONE_TO_MANY,NORMAL
L10_000811,291,TRANSFER,36185.34,LD000163_S,2234926.78,2198741.44,LD000163_D1,504263.96,540449.3,0,0,L10_000163,LEGITIMATE_FUND_DISPERSION,NONE,1,1,5,0,7,335239.01,0.016191,0.071759,ONE_TO_MANY,NORMAL
L10_000812,292,TRANSFER,54198.77,LD000163_S,2198741.44,2144542.67,LD000163_D2,805060.98,859259.75,0,0,L10_000163,LEGITIMATE_FUND_DISPERSION,NONE,1,2,5,1,7,335239.01,0.02465,0.067323,ONE_TO_MANY,NORMAL
L10_000813,294,TRANSFER,126313.32,LD000163_S,2144542.67,2018229.35,LD000163_D3,1012250.64,1138563.96,0,0,L10_000163,LEGITIMATE_FUND_DISPERSION,NONE,1,3,5,2,7,335239.01,0.0589,0.124785,ONE_TO_MANY,NORMAL
L10_000814,296,TRANSFER,38821.98,LD000163_S,2018229.35,1979407.37,LD000163_D4,823250.7,862072.68,0,0,L10_000163,LEGITIMATE_FUND_DISPERSION,NONE,1,4,5,2,7,335239.01,0.019236,0.047157,ONE_TO_MANY,NORMAL
L10_000815,298,TRANSFER,79719.6,LD000163_S,1979407.37,1899687.77,LD000163_D5,1250951.58,1330671.18,0,0,L10_000163,LEGITIMATE_FUND_DISPERSION,NONE,1,5,5,2,7,335239.01,0.040274,0.063727,ONE_TO_MANY,NORMAL
L10_000816,209,TRANSFER,125004.59,LD000164_S,2394207.09,2269202.5,LD000164_D1,1003858.31,1128862.9,0,0,L10_000164,LEGITIMATE_FUND_DISPERSION,NONE,1,1,5,0,6,358003.99,0.052211,0.124524,ONE_TO_MANY,NORMAL
L10_000817,210,TRANSFER,134018.85,LD000164_S,2269202.5,2135183.65,LD000164_D2,569806.81,703825.66,0,0,L10_000164,LEGITIMATE_FUND_DISPERSION,NONE,1,2,5,1,6,358003.99,0.05906,0.235201,ONE_TO_MANY,NORMAL
L10_000818,212,TRANSFER,19401.76,LD000164_S,2135183.65,2115781.89,LD000164_D3,914563.58,933965.34,0,0,L10_000164,LEGITIMATE_FUND_DISPERSION,NONE,1,3,5,2,6,358003.99,0.009087,0.021214,ONE_TO_MANY,NORMAL
L10_000819,214,TRANSFER,42336.56,LD000164_S,2115781.89,2073445.33,LD000164_D4,1266998.95,1309335.51,0,0,L10_000164,LEGITIMATE_FUND_DISPERSION,NONE,1,4,5,2,6,358003.99,0.02001,0.033415,ONE_TO_MANY,NORMAL
L10_000820,215,TRANSFER,37242.23,LD000164_S,2073445.33,2036203.1,LD000164_D5,430635.49,467877.72,0,0,L10_000164,LEGITIMATE_FUND_DISPERSION,NONE,1,5,5,1,6,358003.99,0.017962,0.086482,ONE_TO_MANY,NORMAL
L10_000821,191,TRANSFER,89613.36,LD000165_S,1910132.61,1820519.25,LD000165_D1,834351.55,923964.91,0,0,L10_000165,LEGITIMATE_FUND_DISPERSION,NONE,1,1,5,0,8,286519.9,0.046915,0.107405,ONE_TO_MANY,NORMAL
L10_000822,192,TRANSFER,37622.53,LD000165_S,1820519.25,1782896.72,LD000165_D2,394501.08,432123.61,0,0,L10_000165,LEGITIMATE_FUND_DISPERSION,NONE,1,2,5,1,8,286519.9,0.020666,0.095367,ONE_TO_MANY,NORMAL
L10_000823,195,TRANSFER,65311.04,LD000165_S,1782896.72,1717585.68,LD000165_D3,495486.79,560797.83,0,0,L10_000165,LEGITIMATE_FUND_DISPERSION,NONE,1,3,5,3,8,286519.9,0.036632,0.131812,ONE_TO_MANY,NORMAL
L10_000824,198,TRANSFER,62935.34,LD000165_S,1717585.68,1654650.34,LD000165_D4,686986.58,749921.92,0,0,L10_000165,LEGITIMATE_FUND_DISPERSION,NONE,1,4,5,3,8,286519.9,0.036642,0.091611,ONE_TO_MANY,NORMAL
L10_000825,199,TRANSFER,31037.63,LD000165_S,1654650.34,1623612.71,LD000165_D5,1257681.62,1288719.25,0,0,L10_000165,LEGITIMATE_FUND_DISPERSION,NONE,1,5,5,1,8,286519.9,0.018758,0.024678,ONE_TO_MANY,NORMAL
L10_000826,863,TRANSFER,117168.43,LD000166_S,2214793.08,2097624.65,LD000166_D1,1054396.89,1171565.32,0,0,L10_000166,LEGITIMATE_FUND_DISPERSION,NONE,1,1,5,0,8,332218.96,0.052903,0.111124,ONE_TO_MANY,NORMAL
L10_000827,866,TRANSFER,97220.04,LD000166_S,2097624.65,2000404.61,LD000166_D2,828017.43,925237.47,0,0,L10_000166,LEGITIMATE_FUND_DISPERSION,NONE,1,2,5,3,8,332218.96,0.046348,0.117413,ONE_TO_MANY,NORMAL
L10_000828,867,TRANSFER,55022.61,LD000166_S,2000404.61,1945382.0,LD000166_D3,658896.77,713919.38,0,0,L10_000166,LEGITIMATE_FUND_DISPERSION,NONE,1,3,5,1,8,332218.96,0.027506,0.083507,ONE_TO_MANY,NORMAL
L10_000829,868,TRANSFER,52464.86,LD000166_S,1945382.0,1892917.14,LD000166_D4,552303.65,604768.51,0,0,L10_000166,LEGITIMATE_FUND_DISPERSION,NONE,1,4,5,1,8,332218.96,0.026969,0.094993,ONE_TO_MANY,NORMAL
L10_000830,871,TRANSFER,10343.02,LD000166_S,1892917.14,1882574.12,LD000166_D5,1226101.71,1236444.73,0,0,L10_000166,LEGITIMATE_FUND_DISPERSION,NONE,1,5,5,3,8,332218.96,0.005464,0.008436,ONE_TO_MANY,NORMAL
L10_000831,728,TRANSFER,87193.49,LD000167_S,2133066.9,2045873.41,LD000167_D1,1093208.2,1180401.69,0,0,L10_000167,LEGITIMATE_FUND_DISPERSION,NONE,1,1,5,0,8,319960.04,0.040877,0.079759,ONE_TO_MANY,NORMAL
L10_000832,731,TRANSFER,12922.35,LD000167_S,2045873.41,2032951.06,LD000167_D2,1012954.4,1025876.75,0,0,L10_000167,LEGITIMATE_FUND_DISPERSION,NONE,1,2,5,3,8,319960.04,0.006316,0.012757,ONE_TO_MANY,NORMAL
L10_000833,733,TRANSFER,15399.86,LD000167_S,2032951.06,2017551.2,LD000167_D3,676411.39,691811.25,0,0,L10_000167,LEGITIMATE_FUND_DISPERSION,NONE,1,3,5,2,8,319960.04,0.007575,0.022767,ONE_TO_MANY,NORMAL
L10_000834,735,TRANSFER,130938.96,LD000167_S,2017551.2,1886612.24,LD000167_D4,788275.21,919214.17,0,0,L10_000167,LEGITIMATE_FUND_DISPERSION,NONE,1,4,5,2,8,319960.04,0.0649,0.166108,ONE_TO_MANY,NORMAL
L10_000835,736,TRANSFER,73505.38,LD000167_S,1886612.24,1813106.86,LD000167_D5,1207464.25,1280969.63,0,0,L10_000167,LEGITIMATE_FUND_DISPERSION,NONE,1,5,5,1,8,319960.04,0.038962,0.060876,ONE_TO_MANY,NORMAL
L10_000836,245,TRANSFER,31872.41,LD000168_S,2048145.2,2016272.79,LD000168_D1,736167.65,768040.06,0,0,L10_000168,LEGITIMATE_FUND_DISPERSION,NONE,1,1,5,0,9,307221.78,0.015562,0.043295,ONE_TO_MANY,NORMAL
L10_000837,247,TRANSFER,106710.21,LD000168_S,2016272.79,1909562.58,LD000168_D2,532427.73,639137.94,0,0,L10_000168,LEGITIMATE_FUND_DISPERSION,NONE,1,2,5,2,9,307221.78,0.052924,0.200422,ONE_TO_MANY,NORMAL
L10_000838,248,TRANSFER,16369.26,LD000168_S,1909562.58,1893193.32,LD000168_D3,945247.26,961616.52,0,0,L10_000168,LEGITIMATE_FUND_DISPERSION,NONE,1,3,5,1,9,307221.78,0.008572,0.017317,ONE_TO_MANY,NORMAL
L10_000839,251,TRANSFER,44114.15,LD000168_S,1893193.32,1849079.17,LD000168_D4,1216560.7,1260674.85,0,0,L10_000168,LEGITIMATE_FUND_DISPERSION,NONE,1,4,5,3,9,307221.78,0.023301,0.036261,ONE_TO_MANY,NORMAL
L10_000840,254,TRANSFER,108155.75,LD000168_S,1849079.17,1740923.42,LD000168_D5,1077242.45,1185398.2,0,0,L10_000168,LEGITIMATE_FUND_DISPERSION,NONE,1,5,5,3,9,307221.78,0.058492,0.100401,ONE_TO_MANY,NORMAL
L10_000841,611,TRANSFER,36864.9,LD000169_S,1533763.55,1496898.65,LD000169_D1,608546.43,645411.33,0,0,L10_000169,LEGITIMATE_FUND_DISPERSION,NONE,1,1,5,0,11,230064.54,0.024036,0.060579,ONE_TO_MANY,NORMAL
L10_000842,614,TRANSFER,46936.02,LD000169_S,1496898.65,1449962.63,LD000169_D2,484397.3,531333.32,0,0,L10_000169,LEGITIMATE_FUND_DISPERSION,NONE,1,2,5,3,11,230064.54,0.031356,0.096896,ONE_TO_MANY,NORMAL
L10_000843,617,TRANSFER,37516.34,LD000169_S,1449962.63,1412446.29,LD000169_D3,1207726.13,1245242.47,0,0,L10_000169,LEGITIMATE_FUND_DISPERSION,NONE,1,3,5,3,11,230064.54,0.025874,0.031064,ONE_TO_MANY,NORMAL
L10_000844,620,TRANSFER,50955.97,LD000169_S,1412446.29,1361490.32,LD000169_D4,752777.21,803733.18,0,0,L10_000169,LEGITIMATE_FUND_DISPERSION,NONE,1,4,5,3,11,230064.54,0.036076,0.067691,ONE_TO_MANY,NORMAL
L10_000845,622,TRANSFER,57791.31,LD000169_S,1361490.32,1303699.01,LD000169_D5,1101898.8,1159690.11,0,0,L10_000169,LEGITIMATE_FUND_DISPERSION,NONE,1,5,5,2,11,230064.54,0.042447,0.052447,ONE_TO_MANY,NORMAL
L10_000846,263,TRANSFER,44239.75,LD000170_S,1497314.43,1453074.68,LD000170_D1,952222.98,996462.73,0,0,L10_000170,LEGITIMATE_FUND_DISPERSION,NONE,1,1,5,0,6,224597.17,0.029546,0.046459,ONE_TO_MANY,NORMAL
L10_000847,264,TRANSFER,69530.08,LD000170_S,1453074.68,1383544.6,LD000170_D2,636714.7,706244.78,0,0,L10_000170,LEGITIMATE_FUND_DISPERSION,NONE,1,2,5,1,6,224597.17,0.04785,0.109201,ONE_TO_MANY,NORMAL
L10_000848,267,TRANSFER,29646.25,LD000170_S,1383544.6,1353898.35,LD000170_D3,648112.35,677758.6,0,0,L10_000170,LEGITIMATE_FUND_DISPERSION,NONE,1,3,5,3,6,224597.17,0.021428,0.045742,ONE_TO_MANY,NORMAL
L10_000849,268,TRANSFER,60688.58,LD000170_S,1353898.35,1293209.77,LD000170_D4,1275499.63,1336188.21,0,0,L10_000170,LEGITIMATE_FUND_DISPERSION,NONE,1,4,5,1,6,224597.17,0.044825,0.04758,ONE_TO_MANY,NORMAL
L10_000850,269,TRANSFER,20492.51,LD000170_S,1293209.77,1272717.26,LD000170_D5,1138955.85,1159448.36,0,0,L10_000170,LEGITIMATE_FUND_DISPERSION,NONE,1,5,5,1,6,224597.17,0.015846,0.017992,ONE_TO_MANY,NORMAL
L10_000851,190,TRANSFER,10549.72,LD000171_S,1391440.0,1380890.28,LD000171_D1,1134739.83,1145289.55,0,0,L10_000171,LEGITIMATE_FUND_DISPERSION,NONE,1,1,5,0,5,208715.99,0.007582,0.009297,ONE_TO_MANY,NORMAL
L10_000852,191,TRANSFER,55367.1,LD000171_S,1380890.28,1325523.18,LD000171_D2,1246528.82,1301895.92,0,0,L10_000171,LEGITIMATE_FUND_DISPERSION,NONE,1,2,5,1,5,208715.99,0.040095,0.044417,ONE_TO_MANY,NORMAL
L10_000853,192,TRANSFER,42972.47,LD000171_S,1325523.18,1282550.71,LD000171_D3,1081882.06,1124854.53,0,0,L10_000171,LEGITIMATE_FUND_DISPERSION,NONE,1,3,5,1,5,208715.99,0.032419,0.03972,ONE_TO_MANY,NORMAL
L10_000854,193,TRANSFER,54766.02,LD000171_S,1282550.71,1227784.69,LD000171_D4,1201479.09,1256245.11,0,0,L10_000171,LEGITIMATE_FUND_DISPERSION,NONE,1,4,5,1,5,208715.99,0.042701,0.045582,ONE_TO_MANY,NORMAL
L10_000855,195,TRANSFER,45060.68,LD000171_S,1227784.69,1182724.01,LD000171_D5,678208.2,723268.88,0,0,L10_000171,LEGITIMATE_FUND_DISPERSION,NONE,1,5,5,2,5,208715.99,0.036701,0.066441,ONE_TO_MANY,NORMAL
L10_000856,11,TRANSFER,12137.47,LD000172_S,2045578.9,2033441.43,LD000172_D1,460762.64,472900.11,0,0,L10_000172,LEGITIMATE_FUND_DISPERSION,NONE,1,1,5,0,6,306836.83,0.005934,0.026342,ONE_TO_MANY,NORMAL
L10_000857,12,TRANSFER,23353.5,LD000172_S,2033441.43,2010087.93,LD000172_D2,579799.01,603152.51,0,0,L10_000172,LEGITIMATE_FUND_DISPERSION,NONE,1,2,5,1,6,306836.83,0.011485,0.040279,ONE_TO_MANY,NORMAL
L10_000858,15,TRANSFER,65382.35,LD000172_S,2010087.93,1944705.58,LD000172_D3,720635.23,786017.58,0,0,L10_000172,LEGITIMATE_FUND_DISPERSION,NONE,1,3,5,3,6,306836.83,0.032527,0.090729,ONE_TO_MANY,NORMAL
L10_000859,16,TRANSFER,77490.3,LD000172_S,1944705.58,1867215.28,LD000172_D4,964912.51,1042402.81,0,0,L10_000172,LEGITIMATE_FUND_DISPERSION,NONE,1,4,5,1,6,306836.83,0.039847,0.080308,ONE_TO_MANY,NORMAL
L10_000860,17,TRANSFER,128473.21,LD000172_S,1867215.28,1738742.07,LD000172_D5,777263.51,905736.72,0,0,L10_000172,LEGITIMATE_FUND_DISPERSION,NONE,1,5,5,1,6,306836.83,0.068805,0.165289,ONE_TO_MANY,NORMAL
L10_000861,879,TRANSFER,24149.16,LD000173_S,1344386.61,1320237.45,LD000173_D1,925172.18,949321.34,0,0,L10_000173,LEGITIMATE_FUND_DISPERSION,NONE,1,1,5,0,6,201658.0,0.017963,0.026102,ONE_TO_MANY,NORMAL
L10_000862,880,TRANSFER,36769.4,LD000173_S,1320237.45,1283468.05,LD000173_D2,1255532.81,1292302.21,0,0,L10_000173,LEGITIMATE_FUND_DISPERSION,NONE,1,2,5,1,6,201658.0,0.027851,0.029286,ONE_TO_MANY,NORMAL
L10_000863,881,TRANSFER,48776.4,LD000173_S,1283468.05,1234691.65,LD000173_D3,1111737.13,1160513.53,0,0,L10_000173,LEGITIMATE_FUND_DISPERSION,NONE,1,3,5,1,6,201658.0,0.038004,0.043874,ONE_TO_MANY,NORMAL
L10_000864,884,TRANSFER,42676.71,LD000173_S,1234691.65,1192014.94,LD000173_D4,614062.57,656739.28,0,0,L10_000173,LEGITIMATE_FUND_DISPERSION,NONE,1,4,5,3,6,201658.0,0.034565,0.069499,ONE_TO_MANY,NORMAL
L10_000865,885,TRANSFER,49286.33,LD000173_S,1192014.94,1142728.61,LD000173_D5,1255742.36,1305028.69,0,0,L10_000173,LEGITIMATE_FUND_DISPERSION,NONE,1,5,5,1,6,201658.0,0.041347,0.039249,ONE_TO_MANY,NORMAL
L10_000866,366,TRANSFER,51830.68,LD000174_S,2430542.58,2378711.9,LD000174_D1,629001.33,680832.01,0,0,L10_000174,LEGITIMATE_FUND_DISPERSION,NONE,1,1,5,0,9,364581.39,0.021325,0.082402,ONE_TO_MANY,NORMAL
L10_000867,367,TRANSFER,25578.67,LD000174_S,2378711.9,2353133.23,LD000174_D2,735007.02,760585.69,0,0,L10_000174,LEGITIMATE_FUND_DISPERSION,NONE,1,2,5,1,9,364581.39,0.010753,0.034801,ONE_TO_MANY,NORMAL
L10_000868,370,TRANSFER,59045.35,LD000174_S,2353133.23,2294087.88,LD000174_D3,398680.29,457725.64,0,0,L10_000174,LEGITIMATE_FUND_DISPERSION,NONE,1,3,5,3,9,364581.39,0.025092,0.148102,ONE_TO_MANY,NORMAL
L10_000869,373,TRANSFER,138138.9,LD000174_S,2294087.88,2155948.98,LD000174_D4,859917.49,998056.39,0,0,L10_000174,LEGITIMATE_FUND_DISPERSION,NONE,1,4,5,3,9,364581.39,0.060215,0.160642,ONE_TO_MANY,NORMAL
L10_000870,375,TRANSFER,89987.79,LD000174_S,2155948.98,2065961.19,LD000174_D5,960167.87,1050155.66,0,0,L10_000174,LEGITIMATE_FUND_DISPERSION,NONE,1,5,5,2,9,364581.39,0.041739,0.093721,ONE_TO_MANY,NORMAL
L10_000871,614,TRANSFER,87327.88,LD000175_S,1528334.54,1441006.66,LD000175_D1,462547.75,549875.63,0,0,L10_000175,LEGITIMATE_FUND_DISPERSION,NONE,1,1,5,0,9,229250.18,0.057139,0.188798,ONE_TO_MANY,NORMAL
L10_000872,617,TRANSFER,61087.37,LD000175_S,1441006.66,1379919.29,LD000175_D2,1132374.28,1193461.65,0,0,L10_000175,LEGITIMATE_FUND_DISPERSION,NONE,1,2,5,3,9,229250.18,0.042392,0.053946,ONE_TO_MANY,NORMAL
L10_000873,619,TRANSFER,42478.81,LD000175_S,1379919.29,1337440.48,LD000175_D3,919601.6,962080.41,0,0,L10_000175,LEGITIMATE_FUND_DISPERSION,NONE,1,3,5,2,9,229250.18,0.030784,0.046193,ONE_TO_MANY,NORMAL
L10_000874,620,TRANSFER,19121.17,LD000175_S,1337440.48,1318319.31,LD000175_D4,486062.63,505183.8,0,0,L10_000175,LEGITIMATE_FUND_DISPERSION,NONE,1,4,5,1,9,229250.18,0.014297,0.039339,ONE_TO_MANY,NORMAL
L10_000875,623,TRANSFER,19234.95,LD000175_S,1318319.31,1299084.36,LD000175_D5,564893.89,584128.84,0,0,L10_000175,LEGITIMATE_FUND_DISPERSION,NONE,1,5,5,3,9,229250.18,0.014591,0.034051,ONE_TO_MANY,NORMAL
L10_000876,374,TRANSFER,66258.43,LD000176_S,1631716.11,1565457.68,LD000176_D1,458010.43,524268.86,0,0,L10_000176,LEGITIMATE_FUND_DISPERSION,NONE,1,1,5,0,7,244757.42,0.040607,0.144666,ONE_TO_MANY,NORMAL
L10_000877,376,TRANSFER,71935.27,LD000176_S,1565457.68,1493522.41,LD000176_D2,730851.22,802786.49,0,0,L10_000176,LEGITIMATE_FUND_DISPERSION,NONE,1,2,5,2,7,244757.42,0.045952,0.098427,ONE_TO_MANY,NORMAL
L10_000878,377,TRANSFER,80619.26,LD000176_S,1493522.41,1412903.15,LD000176_D3,755188.03,835807.29,0,0,L10_000176,LEGITIMATE_FUND_DISPERSION,NONE,1,3,5,1,7,244757.42,0.053979,0.106754,ONE_TO_MANY,NORMAL
L10_000879,380,TRANSFER,16599.88,LD000176_S,1412903.15,1396303.27,LD000176_D4,1271377.05,1287976.93,0,0,L10_000176,LEGITIMATE_FUND_DISPERSION,NONE,1,4,5,3,7,244757.42,0.011749,0.013057,ONE_TO_MANY,NORMAL
L10_000880,381,TRANSFER,9344.58,LD000176_S,1396303.27,1386958.69,LD000176_D5,690407.32,699751.9,0,0,L10_000176,LEGITIMATE_FUND_DISPERSION,NONE,1,5,5,1,7,244757.42,0.006692,0.013535,ONE_TO_MANY,NORMAL
L10_000881,568,TRANSFER,26089.5,LD000177_S,2314252.07,2288162.57,LD000177_D1,529570.6,555660.1,0,0,L10_000177,LEGITIMATE_FUND_DISPERSION,NONE,1,1,5,0,6,347137.81,0.011273,0.049265,ONE_TO_MANY,NORMAL
L10_000882,569,TRANSFER,57297.74,LD000177_S,2288162.57,2230864.83,LD000177_D2,1071533.55,1128831.29,0,0,L10_000177,LEGITIMATE_FUND_DISPERSION,NONE,1,2,5,1,6,347137.81,0.025041,0.053473,ONE_TO_MANY,NORMAL
L10_000883,570,TRANSFER,82740.96,LD000177_S,2230864.83,2148123.87,LD000177_D3,746779.76,829520.72,0,0,L10_000177,LEGITIMATE_FUND_DISPERSION,NONE,1,3,5,1,6,347137.81,0.037089,0.110797,ONE_TO_MANY,NORMAL
L10_000884,571,TRANSFER,87822.88,LD000177_S,2148123.87,2060300.99,LD000177_D4,1166880.14,1254703.02,0,0,L10_000177,LEGITIMATE_FUND_DISPERSION,NONE,1,4,5,1,6,347137.81,0.040884,0.075263,ONE_TO_MANY,NORMAL
L10_000885,574,TRANSFER,93186.73,LD000177_S,2060300.99,1967114.26,LD000177_D5,673970.31,767157.04,0,0,L10_000177,LEGITIMATE_FUND_DISPERSION,NONE,1,5,5,3,6,347137.81,0.04523,0.138265,ONE_TO_MANY,NORMAL
L10_000886,197,TRANSFER,83436.33,LD000178_S,2085096.08,2001659.75,LD000178_D1,629777.15,713213.48,0,0,L10_000178,LEGITIMATE_FUND_DISPERSION,NONE,1,1,5,0,9,312764.42,0.040016,0.132485,ONE_TO_MANY,NORMAL
L10_000887,200,TRANSFER,57934.8,LD000178_S,2001659.75,1943724.95,LD000178_D2,1230357.72,1288292.52,0,0,L10_000178,LEGITIMATE_FUND_DISPERSION,NONE,1,2,5,3,9,312764.42,0.028943,0.047088,ONE_TO_MANY,NORMAL
L10_000888,202,TRANSFER,79890.39,LD000178_S,1943724.95,1863834.56,LD000178_D3,569401.62,649292.01,0,0,L10_000178,LEGITIMATE_FUND_DISPERSION,NONE,1,3,5,2,9,312764.42,0.041102,0.140306,ONE_TO_MANY,NORMAL
L10_000889,205,TRANSFER,44893.46,LD000178_S,1863834.56,1818941.1,LD000178_D4,1070981.65,1115875.11,0,0,L10_000178,LEGITIMATE_FUND_DISPERSION,NONE,1,4,5,3,9,312764.42,0.024087,0.041918,ONE_TO_MANY,NORMAL
L10_000890,206,TRANSFER,46609.44,LD000178_S,1818941.1,1772331.66,LD000178_D5,635001.13,681610.57,0,0,L10_000178,LEGITIMATE_FUND_DISPERSION,NONE,1,5,5,1,9,312764.42,0.025624,0.073401,ONE_TO_MANY,NORMAL
L10_000891,601,TRANSFER,17236.78,LD000179_S,1970458.72,1953221.94,LD000179_D1,1104485.83,1121722.61,0,0,L10_000179,LEGITIMATE_FUND_DISPERSION,NONE,1,1,5,0,8,295568.81,0.008748,0.015606,ONE_TO_MANY,NORMAL
L10_000892,602,TRANSFER,118082.38,LD000179_S,1953221.94,1835139.56,LD000179_D2,584171.17,702253.55,0,0,L10_000179,LEGITIMATE_FUND_DISPERSION,NONE,1,2,5,1,8,295568.81,0.060455,0.202137,ONE_TO_MANY,NORMAL
L10_000893,604,TRANSFER,15691.09,LD000179_S,1835139.56,1819448.47,LD000179_D3,476936.35,492627.44,0,0,L10_000179,LEGITIMATE_FUND_DISPERSION,NONE,1,3,5,2,8,295568.81,0.00855,0.0329,ONE_TO_MANY,NORMAL
L10_000894,606,TRANSFER,88372.64,LD000179_S,1819448.47,1731075.83,LD000179_D4,464308.61,552681.25,0,0,L10_000179,LEGITIMATE_FUND_DISPERSION,NONE,1,4,5,2,8,295568.81,0.048571,0.190332,ONE_TO_MANY,NORMAL
L10_000895,609,TRANSFER,56185.92,LD000179_S,1731075.83,1674889.91,LD000179_D5,495566.66,551752.58,0,0,L10_000179,LEGITIMATE_FUND_DISPERSION,NONE,1,5,5,3,8,295568.81,0.032457,0.113377,ONE_TO_MANY,NORMAL
L10_000896,161,TRANSFER,78577.97,LD000180_S,1884892.38,1806314.41,LD000180_D1,1190249.36,1268827.33,0,0,L10_000180,LEGITIMATE_FUND_DISPERSION,NONE,1,1,5,0,7,282733.86,0.041688,0.066018,ONE_TO_MANY,NORMAL
L10_000897,163,TRANSFER,42132.85,LD000180_S,1806314.41,1764181.56,LD000180_D2,909999.78,952132.63,0,0,L10_000180,LEGITIMATE_FUND_DISPERSION,NONE,1,2,5,2,7,282733.86,0.023325,0.0463,ONE_TO_MANY,NORMAL
L10_000898,165,TRANSFER,51988.23,LD000180_S,1764181.56,1712193.33,LD000180_D3,799865.3,851853.53,0,0,L10_000180,LEGITIMATE_FUND_DISPERSION,NONE,1,3,5,2,7,282733.86,0.029469,0.064996,ONE_TO_MANY,NORMAL
L10_000899,166,TRANSFER,35985.85,LD000180_S,1712193.33,1676207.48,LD000180_D4,1086142.65,1122128.5,0,0,L10_000180,LEGITIMATE_FUND_DISPERSION,NONE,1,4,5,1,7,282733.86,0.021017,0.033132,ONE_TO_MANY,NORMAL
L10_000900,168,TRANSFER,74048.96,LD000180_S,1676207.48,1602158.52,LD000180_D5,1242093.92,1316142.88,0,0,L10_000180,LEGITIMATE_FUND_DISPERSION,NONE,1,5,5,2,7,282733.86,0.044176,0.059616,ONE_TO_MANY,NORMAL
L10_000901,898,TRANSFER,66711.5,LD000181_S,1538395.84,1471684.34,LD000181_D1,1186132.67,1252844.17,0,0,L10_000181,LEGITIMATE_FUND_DISPERSION,NONE,1,1,5,0,10,230759.38,0.043364,0.056243,ONE_TO_MANY,NORMAL
L10_000902,901,TRANSFER,49827.06,LD000181_S,1471684.34,1421857.28,LD000181_D2,1207271.42,1257098.48,0,0,L10_000181,LEGITIMATE_FUND_DISPERSION,NONE,1,2,5,3,10,230759.38,0.033857,0.041272,ONE_TO_MANY,NORMAL
L10_000903,903,TRANSFER,24036.16,LD000181_S,1421857.28,1397821.12,LD000181_D3,677369.17,701405.33,0,0,L10_000181,LEGITIMATE_FUND_DISPERSION,NONE,1,3,5,2,10,230759.38,0.016905,0.035485,ONE_TO_MANY,NORMAL
L10_000904,905,TRANSFER,35651.16,LD000181_S,1397821.12,1362169.96,LD000181_D4,676473.71,712124.87,0,0,L10_000181,LEGITIMATE_FUND_DISPERSION,NONE,1,4,5,2,10,230759.38,0.025505,0.052701,ONE_TO_MANY,NORMAL
L10_000905,908,TRANSFER,54533.5,LD000181_S,1362169.96,1307636.46,LD000181_D5,753756.21,808289.71,0,0,L10_000181,LEGITIMATE_FUND_DISPERSION,NONE,1,5,5,3,10,230759.38,0.040034,0.072349,ONE_TO_MANY,NORMAL
L10_000906,478,TRANSFER,70337.12,LD000182_S,2159925.02,2089587.9,LD000182_D1,1042708.14,1113045.26,0,0,L10_000182,LEGITIMATE_FUND_DISPERSION,NONE,1,1,5,0,7,273934.76,0.032565,0.067456,ONE_TO_MANY,NORMAL
L10_000907,479,TRANSFER,22286.3,LD000182_S,2089587.9,2067301.6,LD000182_D2,1110678.45,1132964.75,0,0,L10_000182,LEGITIMATE_FUND_DISPERSION,NONE,1,2,5,1,7,273934.76,0.010665,0.020065,ONE_TO_MANY,NORMAL
L10_000908,481,TRANSFER,40687.73,LD000182_S,2067301.6,2026613.87,LD000182_D3,592397.04,633084.77,0,0,L10_000182,LEGITIMATE_FUND_DISPERSION,NONE,1,3,5,2,7,273934.76,0.019682,0.068683,ONE_TO_MANY,NORMAL
L10_000909,482,TRANSFER,21189.33,LD000182_S,2026613.87,2005424.54,LD000182_D4,881212.11,902401.44,0,0,L10_000182,LEGITIMATE_FUND_DISPERSION,NONE,1,4,5,1,7,273934.76,0.010456,0.024046,ONE_TO_MANY,NORMAL
L10_000910,485,TRANSFER,119434.28,LD000182_S,2005424.54,1885990.26,LD000182_D5,686575.55,806009.83,0,0,L10_000182,LEGITIMATE_FUND_DISPERSION,NONE,1,5,5,3,7,273934.76,0.059556,0.173957,ONE_TO_MANY,NORMAL
L10_000911,317,TRANSFER,41225.73,LD000183_S,1904030.56,1862804.83,LD000183_D1,482395.93,523621.66,0,0,L10_000183,LEGITIMATE_FUND_DISPERSION,NONE,1,1,5,0,8,285604.58,0.021652,0.08546,ONE_TO_MANY,NORMAL
L10_000912,319,TRANSFER,81812.3,LD000183_S,1862804.83,1780992.53,LD000183_D2,884247.96,966060.26,0,0,L10_000183,LEGITIMATE_FUND_DISPERSION,NONE,1,2,5,2,8,285604.58,0.043919,0.092522,ONE_TO_MANY,NORMAL
L10_000913,322,TRANSFER,84359.75,LD000183_S,1780992.53,1696632.78,LD000183_D3,1083891.22,1168250.97,0,0,L10_000183,LEGITIMATE_FUND_DISPERSION,NONE,1,3,5,3,8,285604.58,0.047367,0.07783,ONE_TO_MANY,NORMAL
L10_000914,323,TRANSFER,20019.85,LD000183_S,1696632.78,1676612.93,LD000183_D4,915600.94,935620.79,0,0,L10_000183,LEGITIMATE_FUND_DISPERSION,NONE,1,4,5,1,8,285604.58,0.0118,0.021865,ONE_TO_MANY,NORMAL
L10_000915,325,TRANSFER,58186.95,LD000183_S,1676612.93,1618425.98,LD000183_D5,1147511.34,1205698.29,0,0,L10_000183,LEGITIMATE_FUND_DISPERSION,NONE,1,5,5,2,8,285604.58,0.034705,0.050707,ONE_TO_MANY,NORMAL
L10_000916,257,TRANSFER,26527.54,LD000184_S,1454699.11,1428171.57,LD000184_D1,754522.18,781049.72,0,0,L10_000184,LEGITIMATE_FUND_DISPERSION,NONE,1,1,5,0,7,181654.99,0.018236,0.035158,ONE_TO_MANY,NORMAL
L10_000917,260,TRANSFER,49579.72,LD000184_S,1428171.57,1378591.85,LD000184_D2,637193.32,686773.04,0,0,L10_000184,LEGITIMATE_FUND_DISPERSION,NONE,1,2,5,3,7,181654.99,0.034716,0.07781,ONE_TO_MANY,NORMAL
L10_000918,262,TRANSFER,33469.55,LD000184_S,1378591.85,1345122.3,LD000184_D3,594455.57,627925.12,0,0,L10_000184,LEGITIMATE_FUND_DISPERSION,NONE,1,3,5,2,7,181654.99,0.024278,0.056303,ONE_TO_MANY,NORMAL
L10_000919,263,TRANSFER,21144.45,LD000184_S,1345122.3,1323977.85,LD000184_D4,582419.33,603563.78,0,0,L10_000184,LEGITIMATE_FUND_DISPERSION,NONE,1,4,5,1,7,181654.99,0.015719,0.036305,ONE_TO_MANY,NORMAL
L10_000920,264,TRANSFER,50933.73,LD000184_S,1323977.85,1273044.12,LD000184_D5,666182.21,717115.94,0,0,L10_000184,LEGITIMATE_FUND_DISPERSION,NONE,1,5,5,1,7,181654.99,0.03847,0.076456,ONE_TO_MANY,NORMAL
L10_000921,192,TRANSFER,44651.13,LD000185_S,1945521.2,1900870.07,LD000185_D1,1095639.85,1140290.98,0,0,L10_000185,LEGITIMATE_FUND_DISPERSION,NONE,1,1,5,0,8,291828.18,0.022951,0.040753,ONE_TO_MANY,NORMAL
L10_000922,194,TRANSFER,28497.98,LD000185_S,1900870.07,1872372.09,LD000185_D2,1122248.13,1150746.11,0,0,L10_000185,LEGITIMATE_FUND_DISPERSION,NONE,1,2,5,2,8,291828.18,0.014992,0.025394,ONE_TO_MANY,NORMAL
L10_000923,197,TRANSFER,102336.65,LD000185_S,1872372.09,1770035.44,LD000185_D3,727159.07,829495.72,0,0,L10_000185,LEGITIMATE_FUND_DISPERSION,NONE,1,3,5,3,8,291828.18,0.054656,0.140735,ONE_TO_MANY,NORMAL
L10_000924,199,TRANSFER,104023.5,LD000185_S,1770035.44,1666011.94,LD000185_D4,580149.22,684172.72,0,0,L10_000185,LEGITIMATE_FUND_DISPERSION,NONE,1,4,5,2,8,291828.18,0.058769,0.179305,ONE_TO_MANY,NORMAL
L10_000925,200,TRANSFER,12318.92,LD000185_S,1666011.94,1653693.02,LD000185_D5,1026044.07,1038362.99,0,0,L10_000185,LEGITIMATE_FUND_DISPERSION,NONE,1,5,5,1,8,291828.18,0.007394,0.012006,ONE_TO_MANY,NORMAL
L10_000926,275,TRANSFER,116700.79,LD000186_S,2381789.39,2265088.6,LD000186_D1,835249.56,951950.35,0,0,L10_000186,LEGITIMATE_FUND_DISPERSION,NONE,1,1,5,0,7,357268.42,0.048997,0.13972,ONE_TO_MANY,NORMAL
L10_000927,277,TRANSFER,56317.8,LD000186_S,2265088.6,2208770.8,LD000186_D2,419763.64,476081.44,0,0,L10_000186,LEGITIMATE_FUND_DISPERSION,NONE,1,2,5,2,7,357268.42,0.024863,0.134166,ONE_TO_MANY,NORMAL
L10_000928,279,TRANSFER,85567.79,LD000186_S,2208770.8,2123203.01,LD000186_D3,1168251.22,1253819.01,0,0,L10_000186,LEGITIMATE_FUND_DISPERSION,NONE,1,3,5,2,7,357268.42,0.03874,0.073244,ONE_TO_MANY,NORMAL
L10_000929,280,TRANSFER,76116.41,LD000186_S,2123203.01,2047086.6,LD000186_D4,471946.12,548062.53,0,0,L10_000186,LEGITIMATE_FUND_DISPERSION,NONE,1,4,5,1,7,357268.42,0.03585,0.161282,ONE_TO_MANY,NORMAL
L10_000930,282,TRANSFER,22565.63,LD000186_S,2047086.6,2024520.97,LD000186_D5,1013492.15,1036057.78,0,0,L10_000186,LEGITIMATE_FUND_DISPERSION,NONE,1,5,5,2,7,357268.42,0.011023,0.022265,ONE_TO_MANY,NORMAL
L10_000931,489,TRANSFER,49065.55,LD000187_S,1468484.16,1419418.61,LD000187_D1,1229175.37,1278240.92,0,0,L10_000187,LEGITIMATE_FUND_DISPERSION,NONE,1,1,5,0,7,220272.62,0.033412,0.039917,ONE_TO_MANY,NORMAL
L10_000932,492,TRANSFER,12282.43,LD000187_S,1419418.61,1407136.18,LD000187_D2,579033.6,591316.03,0,0,L10_000187,LEGITIMATE_FUND_DISPERSION,NONE,1,2,5,3,7,220272.62,0.008653,0.021212,ONE_TO_MANY,NORMAL
L10_000933,494,TRANSFER,89542.87,LD000187_S,1407136.18,1317593.31,LD000187_D3,753974.86,843517.73,0,0,L10_000187,LEGITIMATE_FUND_DISPERSION,NONE,1,3,5,2,7,220272.62,0.063635,0.118761,ONE_TO_MANY,NORMAL
L10_000934,495,TRANSFER,16398.97,LD000187_S,1317593.31,1301194.34,LD000187_D4,1229200.94,1245599.91,0,0,L10_000187,LEGITIMATE_FUND_DISPERSION,NONE,1,4,5,1,7,220272.62,0.012446,0.013341,ONE_TO_MANY,NORMAL
L10_000935,496,TRANSFER,52982.8,LD000187_S,1301194.34,1248211.54,LD000187_D5,595980.58,648963.38,0,0,L10_000187,LEGITIMATE_FUND_DISPERSION,NONE,1,5,5,1,7,220272.62,0.040719,0.0889,ONE_TO_MANY,NORMAL
L10_000936,806,TRANSFER,107473.19,LD000188_S,1846539.88,1739066.69,LD000188_D1,922389.04,1029862.23,0,0,L10_000188,LEGITIMATE_FUND_DISPERSION,NONE,1,1,5,0,4,276980.98,0.058202,0.116516,ONE_TO_MANY,NORMAL
L10_000937,807,TRANSFER,29702.03,LD000188_S,1739066.69,1709364.66,LD000188_D2,1049387.89,1079089.92,0,0,L10_000188,LEGITIMATE_FUND_DISPERSION,NONE,1,2,5,1,4,276980.98,0.017079,0.028304,ONE_TO_MANY,NORMAL
L10_000938,808,TRANSFER,32927.84,LD000188_S,1709364.66,1676436.82,LD000188_D3,1067275.05,1100202.89,0,0,L10_000188,LEGITIMATE_FUND_DISPERSION,NONE,1,3,5,1,4,276980.98,0.019263,0.030852,ONE_TO_MANY,NORMAL
L10_000939,809,TRANSFER,80381.71,LD000188_S,1676436.82,1596055.11,LD000188_D4,423533.04,503914.75,0,0,L10_000188,LEGITIMATE_FUND_DISPERSION,NONE,1,4,5,1,4,276980.98,0.047948,0.189789,ONE_TO_MANY,NORMAL
L10_000940,810,TRANSFER,26496.21,LD000188_S,1596055.11,1569558.9,LD000188_D5,1040928.23,1067424.44,0,0,L10_000188,LEGITIMATE_FUND_DISPERSION,NONE,1,5,5,1,4,276980.98,0.016601,0.025454,ONE_TO_MANY,NORMAL
L10_000941,899,TRANSFER,53283.37,LD000189_S,1582546.56,1529263.19,LD000189_D1,928530.23,981813.6,0,0,L10_000189,LEGITIMATE_FUND_DISPERSION,NONE,1,1,5,0,7,237381.98,0.033669,0.057385,ONE_TO_MANY,NORMAL
L10_000942,900,TRANSFER,39137.81,LD000189_S,1529263.19,1490125.38,LD000189_D2,1212225.73,1251363.54,0,0,L10_000189,LEGITIMATE_FUND_DISPERSION,NONE,1,2,5,1,7,237381.98,0.025593,0.032286,ONE_TO_MANY,NORMAL
L10_000943,902,TRANSFER,58911.75,LD000189_S,1490125.38,1431213.63,LD000189_D3,1224225.67,1283137.42,0,0,L10_000189,LEGITIMATE_FUND_DISPERSION,NONE,1,3,5,2,7,237381.98,0.039535,0.048122,ONE_TO_MANY,NORMAL
L10_000944,904,TRANSFER,52134.66,LD000189_S,1431213.63,1379078.97,LD000189_D4,1261946.74,1314081.4,0,0,L10_000189,LEGITIMATE_FUND_DISPERSION,NONE,1,4,5,2,7,237381.98,0.036427,0.041313,ONE_TO_MANY,NORMAL
L10_000945,906,TRANSFER,33914.39,LD000189_S,1379078.97,1345164.58,LD000189_D5,864626.46,898540.85,0,0,L10_000189,LEGITIMATE_FUND_DISPERSION,NONE,1,5,5,2,7,237381.98,0.024592,0.039224,ONE_TO_MANY,NORMAL
L10_000946,538,TRANSFER,32672.9,LD000190_S,1495447.75,1462774.85,LD000190_D1,983236.9,1015909.8,0,0,L10_000190,LEGITIMATE_FUND_DISPERSION,NONE,1,1,5,0,7,224317.16,0.021848,0.03323,ONE_TO_MANY,NORMAL
L10_000947,540,TRANSFER,32131.08,LD000190_S,1462774.85,1430643.77,LD000190_D2,816188.53,848319.61,0,0,L10_000190,LEGITIMATE_FUND_DISPERSION,NONE,1,2,5,2,7,224317.16,0.021966,0.039367,ONE_TO_MANY,NORMAL
L10_000948,541,TRANSFER,39103.36,LD000190_S,1430643.77,1391540.41,LD000190_D3,997728.34,1036831.7,0,0,L10_000190,LEGITIMATE_FUND_DISPERSION,NONE,1,3,5,1,7,224317.16,0.027333,0.039192,ONE_TO_MANY,NORMAL
L10_000949,543,TRANSFER,61405.55,LD000190_S,1391540.41,1330134.86,LD000190_D4,405140.46,466546.01,0,0,L10_000190,LEGITIMATE_FUND_DISPERSION,NONE,1,4,5,2,7,224317.16,0.044128,0.151566,ONE_TO_MANY,NORMAL
L10_000950,545,TRANSFER,59004.27,LD000190_S,1330134.86,1271130.59,LD000190_D5,743596.06,802600.33,0,0,L10_000190,LEGITIMATE_FUND_DISPERSION,NONE,1,5,5,2,7,224317.16,0.04436,0.07935,ONE_TO_MANY,NORMAL
L10_000951,199,TRANSFER,12152.56,LD000191_S,1279286.54,1267133.98,LD000191_D1,951879.07,964031.63,0,0,L10_000191,LEGITIMATE_FUND_DISPERSION,NONE,1,1,5,0,9,191892.99,0.009499,0.012767,ONE_TO_MANY,NORMAL
L10_000952,202,TRANSFER,70791.59,LD000191_S,1267133.98,1196342.39,LD000191_D2,461186.03,531977.62,0,0,L10_000191,LEGITIMATE_FUND_DISPERSION,NONE,1,2,5,3,9,191892.99,0.055867,0.153499,ONE_TO_MANY,NORMAL
L10_000953,205,TRANSFER,49565.31,LD000191_S,1196342.39,1146777.08,LD000191_D3,1110459.04,1160024.35,0,0,L10_000191,LEGITIMATE_FUND_DISPERSION,NONE,1,3,5,3,9,191892.99,0.041431,0.044635,ONE_TO_MANY,NORMAL
L10_000954,207,TRANSFER,9400.22,LD000191_S,1146777.08,1137376.86,LD000191_D4,757473.83,766874.05,0,0,L10_000191,LEGITIMATE_FUND_DISPERSION,NONE,1,4,5,2,9,191892.99,0.008197,0.01241,ONE_TO_MANY,NORMAL
L10_000955,208,TRANSFER,49983.31,LD000191_S,1137376.86,1087393.55,LD000191_D5,388370.67,438353.98,0,0,L10_000191,LEGITIMATE_FUND_DISPERSION,NONE,1,5,5,1,9,191892.99,0.043946,0.1287,ONE_TO_MANY,NORMAL
L10_000956,733,TRANSFER,150033.49,LD000192_S,2295030.0,2144996.51,LD000192_D1,920889.85,1070923.34,0,0,L10_000192,LEGITIMATE_FUND_DISPERSION,NONE,1,1,5,0,6,280968.02,0.065373,0.162922,ONE_TO_MANY,NORMAL
L10_000957,735,TRANSFER,38786.59,LD000192_S,2144996.51,2106209.92,LD000192_D2,1066097.32,1104883.91,0,0,L10_000192,LEGITIMATE_FUND_DISPERSION,NONE,1,2,5,2,6,280968.02,0.018082,0.036382,ONE_TO_MANY,NORMAL
L10_000958,737,TRANSFER,36279.69,LD000192_S,2106209.92,2069930.23,LD000192_D3,1045524.78,1081804.47,0,0,L10_000192,LEGITIMATE_FUND_DISPERSION,NONE,1,3,5,2,6,280968.02,0.017225,0.0347,ONE_TO_MANY,NORMAL
L10_000959,738,TRANSFER,28042.11,LD000192_S,2069930.23,2041888.12,LD000192_D4,816133.98,844176.09,0,0,L10_000192,LEGITIMATE_FUND_DISPERSION,NONE,1,4,5,1,6,280968.02,0.013547,0.03436,ONE_TO_MANY,NORMAL
L10_000960,739,TRANSFER,27826.14,LD000192_S,2041888.12,2014061.98,LD000192_D5,924200.42,952026.56,0,0,L10_000192,LEGITIMATE_FUND_DISPERSION,NONE,1,5,5,1,6,280968.02,0.013628,0.030108,ONE_TO_MANY,NORMAL
L10_000961,435,TRANSFER,69075.58,LD000193_S,2326558.45,2257482.87,LD000193_D1,857827.76,926903.34,0,0,L10_000193,LEGITIMATE_FUND_DISPERSION,NONE,1,1,5,0,9,250799.83,0.02969,0.080524,ONE_TO_MANY,NORMAL
L10_000962,438,TRANSFER,32590.32,LD000193_S,2257482.87,2224892.55,LD000193_D2,525680.94,558271.26,0,0,L10_000193,LEGITIMATE_FUND_DISPERSION,NONE,1,2,5,3,9,250799.83,0.014437,0.061996,ONE_TO_MANY,NORMAL
L10_000963,440,TRANSFER,31306.84,LD000193_S,2224892.55,2193585.71,LD000193_D3,1047284.29,1078591.13,0,0,L10_000193,LEGITIMATE_FUND_DISPERSION,NONE,1,3,5,2,9,250799.83,0.014071,0.029893,ONE_TO_MANY,NORMAL
L10_000964,443,TRANSFER,45574.22,LD000193_S,2193585.71,2148011.49,LD000193_D4,576998.71,622572.93,0,0,L10_000193,LEGITIMATE_FUND_DISPERSION,NONE,1,4,5,3,9,250799.83,0.020776,0.078985,ONE_TO_MANY,NORMAL
L10_000965,444,TRANSFER,72252.87,LD000193_S,2148011.49,2075758.62,LD000193_D5,413171.09,485423.96,0,0,L10_000193,LEGITIMATE_FUND_DISPERSION,NONE,1,5,5,1,9,250799.83,0.033637,0.174874,ONE_TO_MANY,NORMAL
L10_000966,491,TRANSFER,57053.4,LD000194_S,2368715.84,2311662.44,LD000194_D1,611759.0,668812.4,0,0,L10_000194,LEGITIMATE_FUND_DISPERSION,NONE,1,1,5,0,8,355307.37,0.024086,0.093261,ONE_TO_MANY,NORMAL
L10_000967,494,TRANSFER,53922.72,LD000194_S,2311662.44,2257739.72,LD000194_D2,870882.66,924805.38,0,0,L10_000194,LEGITIMATE_FUND_DISPERSION,NONE,1,2,5,3,8,355307.37,0.023326,0.061917,ONE_TO_MANY,NORMAL
L10_000968,497,TRANSFER,121406.77,LD000194_S,2257739.72,2136332.95,LD000194_D3,1201621.9,1323028.67,0,0,L10_000194,LEGITIMATE_FUND_DISPERSION,NONE,1,3,5,3,8,355307.37,0.053774,0.101036,ONE_TO_MANY,NORMAL
L10_000969,498,TRANSFER,99391.12,LD000194_S,2136332.95,2036941.83,LD000194_D4,1091980.48,1191371.6,0,0,L10_000194,LEGITIMATE_FUND_DISPERSION,NONE,1,4,5,1,8,355307.37,0.046524,0.091019,ONE_TO_MANY,NORMAL
L10_000970,499,TRANSFER,23533.36,LD000194_S,2036941.83,2013408.47,LD000194_D5,650171.71,673705.07,0,0,L10_000194,LEGITIMATE_FUND_DISPERSION,NONE,1,5,5,1,8,355307.37,0.011553,0.036196,ONE_TO_MANY,NORMAL
L10_000971,143,TRANSFER,55130.31,LD000195_S,1988158.18,1933027.87,LD000195_D1,599520.82,654651.13,0,0,L10_000195,LEGITIMATE_FUND_DISPERSION,NONE,1,1,5,0,7,298223.72,0.027729,0.091957,ONE_TO_MANY,NORMAL
L10_000972,145,TRANSFER,75891.0,LD000195_S,1933027.87,1857136.87,LD000195_D2,539706.25,615597.25,0,0,L10_000195,LEGITIMATE_FUND_DISPERSION,NONE,1,2,5,2,7,298223.72,0.03926,0.140615,ONE_TO_MANY,NORMAL
L10_000973,148,TRANSFER,59679.78,LD000195_S,1857136.87,1797457.09,LD000195_D3,1106399.18,1166078.96,0,0,L10_000195,LEGITIMATE_FUND_DISPERSION,NONE,1,3,5,3,7,298223.72,0.032135,0.053941,ONE_TO_MANY,NORMAL
L10_000974,149,TRANSFER,31784.48,LD000195_S,1797457.09,1765672.61,LD000195_D4,490781.39,522565.87,0,0,L10_000195,LEGITIMATE_FUND_DISPERSION,NONE,1,4,5,1,7,298223.72,0.017683,0.064763,ONE_TO_MANY,NORMAL
L10_000975,150,TRANSFER,75738.15,LD000195_S,1765672.61,1689934.46,LD000195_D5,482660.12,558398.27,0,0,L10_000195,LEGITIMATE_FUND_DISPERSION,NONE,1,5,5,1,7,298223.72,0.042895,0.156918,ONE_TO_MANY,NORMAL
L10_000976,270,TRANSFER,41324.9,LD000196_S,1437857.16,1396532.26,LD000196_D1,937174.38,978499.28,0,0,L10_000196,LEGITIMATE_FUND_DISPERSION,NONE,1,1,5,0,8,215678.57,0.028741,0.044095,ONE_TO_MANY,NORMAL
L10_000977,271,TRANSFER,55642.16,LD000196_S,1396532.26,1340890.1,LD000196_D2,762716.55,818358.71,0,0,L10_000196,LEGITIMATE_FUND_DISPERSION,NONE,1,2,5,1,8,215678.57,0.039843,0.072953,ONE_TO_MANY,NORMAL
L10_000978,274,TRANSFER,32022.26,LD000196_S,1340890.1,1308867.84,LD000196_D3,660895.91,692918.17,0,0,L10_000196,LEGITIMATE_FUND_DISPERSION,NONE,1,3,5,3,8,215678.57,0.023881,0.048453,ONE_TO_MANY,NORMAL
L10_000979,277,TRANSFER,35110.55,LD000196_S,1308867.84,1273757.29,LD000196_D4,1107811.1,1142921.65,0,0,L10_000196,LEGITIMATE_FUND_DISPERSION,NONE,1,4,5,3,8,215678.57,0.026825,0.031694,ONE_TO_MANY,NORMAL
L10_000980,278,TRANSFER,51578.7,LD000196_S,1273757.29,1222178.59,LD000196_D5,1043638.35,1095217.05,0,0,L10_000196,LEGITIMATE_FUND_DISPERSION,NONE,1,5,5,1,8,215678.57,0.040493,0.049422,ONE_TO_MANY,NORMAL
L10_000981,226,TRANSFER,36371.71,LD000197_S,2166737.13,2130365.42,LD000197_D1,786693.69,823065.4,0,0,L10_000197,LEGITIMATE_FUND_DISPERSION,NONE,1,1,5,0,9,325010.57,0.016786,0.046234,ONE_TO_MANY,NORMAL
L10_000982,229,TRANSFER,73527.17,LD000197_S,2130365.42,2056838.25,LD000197_D2,420750.57,494277.74,0,0,L10_000197,LEGITIMATE_FUND_DISPERSION,NONE,1,2,5,3,9,325010.57,0.034514,0.174752,ONE_TO_MANY,NORMAL
L10_000983,231,TRANSFER,100857.12,LD000197_S,2056838.25,1955981.13,LD000197_D3,596375.59,697232.71,0,0,L10_000197,LEGITIMATE_FUND_DISPERSION,NONE,1,3,5,2,9,325010.57,0.049035,0.169117,ONE_TO_MANY,NORMAL
L10_000984,232,TRANSFER,22270.71,LD000197_S,1955981.13,1933710.42,LD000197_D4,831596.3,853867.01,0,0,L10_000197,LEGITIMATE_FUND_DISPERSION,NONE,1,4,5,1,9,325010.57,0.011386,0.026781,ONE_TO_MANY,NORMAL
L10_000985,235,TRANSFER,91983.86,LD000197_S,1933710.42,1841726.56,LD000197_D5,689232.01,781215.87,0,0,L10_000197,LEGITIMATE_FUND_DISPERSION,NONE,1,5,5,3,9,325010.57,0.047569,0.133458,ONE_TO_MANY,NORMAL
L10_000986,696,TRANSFER,71956.48,LD000198_S,2155441.38,2083484.9,LD000198_D1,468246.85,540203.33,0,0,L10_000198,LEGITIMATE_FUND_DISPERSION,NONE,1,1,5,0,8,323316.21,0.033384,0.153672,ONE_TO_MANY,NORMAL
L10_000987,698,TRANSFER,19482.03,LD000198_S,2083484.9,2064002.87,LD000198_D2,480086.63,499568.66,0,0,L10_000198,LEGITIMATE_FUND_DISPERSION,NONE,1,2,5,2,8,323316.21,0.009351,0.04058,ONE_TO_MANY,NORMAL
L10_000988,699,TRANSFER,107321.26,LD000198_S,2064002.87,1956681.61,LD000198_D3,1247831.64,1355152.9,0,0,L10_000198,LEGITIMATE_FUND_DISPERSION,NONE,1,3,5,1,8,323316.21,0.051997,0.086006,ONE_TO_MANY,NORMAL
L10_000989,701,TRANSFER,78498.01,LD000198_S,1956681.61,1878183.6,LD000198_D4,1023053.63,1101551.64,0,0,L10_000198,LEGITIMATE_FUND_DISPERSION,NONE,1,4,5,2,8,323316.21,0.040118,0.076729,ONE_TO_MANY,NORMAL
L10_000990,704,TRANSFER,46058.43,LD000198_S,1878183.6,1832125.17,LD000198_D5,454914.03,500972.46,0,0,L10_000198,LEGITIMATE_FUND_DISPERSION,NONE,1,5,5,3,8,323316.21,0.024523,0.101246,ONE_TO_MANY,NORMAL
L10_000991,149,TRANSFER,109922.82,LD000199_S,2287706.7,2177783.88,LD000199_D1,531704.25,641627.07,0,0,L10_000199,LEGITIMATE_FUND_DISPERSION,NONE,1,1,5,0,5,343156.01,0.048049,0.206737,ONE_TO_MANY,NORMAL
L10_000992,151,TRANSFER,35303.97,LD000199_S,2177783.88,2142479.91,LD000199_D2,1143684.83,1178988.8,0,0,L10_000199,LEGITIMATE_FUND_DISPERSION,NONE,1,2,5,2,5,343156.01,0.016211,0.030869,ONE_TO_MANY,NORMAL
L10_000993,152,TRANSFER,66755.4,LD000199_S,2142479.91,2075724.51,LD000199_D3,420979.06,487734.46,0,0,L10_000199,LEGITIMATE_FUND_DISPERSION,NONE,1,3,5,1,5,343156.01,0.031158,0.158572,ONE_TO_MANY,NORMAL
L10_000994,153,TRANSFER,59300.62,LD000199_S,2075724.51,2016423.89,LD000199_D4,467459.38,526760.0,0,0,L10_000199,LEGITIMATE_FUND_DISPERSION,NONE,1,4,5,1,5,343156.01,0.028569,0.126857,ONE_TO_MANY,NORMAL
L10_000995,154,TRANSFER,71873.2,LD000199_S,2016423.89,1944550.69,LD000199_D5,874781.78,946654.98,0,0,L10_000199,LEGITIMATE_FUND_DISPERSION,NONE,1,5,5,1,5,343156.01,0.035644,0.082161,ONE_TO_MANY,NORMAL
L10_000996,842,TRANSFER,83095.3,LD000200_S,2373504.77,2290409.47,LD000200_D1,630382.49,713477.79,0,0,L10_000200,LEGITIMATE_FUND_DISPERSION,NONE,1,1,5,0,7,356025.71,0.03501,0.131817,ONE_TO_MANY,NORMAL
L10_000997,844,TRANSFER,75272.38,LD000200_S,2290409.47,2215137.09,LD000200_D2,1119994.43,1195266.81,0,0,L10_000200,LEGITIMATE_FUND_DISPERSION,NONE,1,2,5,2,7,356025.71,0.032864,0.067208,ONE_TO_MANY,NORMAL
L10_000998,846,TRANSFER,86414.22,LD000200_S,2215137.09,2128722.87,LD000200_D3,735411.78,821826.0,0,0,L10_000200,LEGITIMATE_FUND_DISPERSION,NONE,1,3,5,2,7,356025.71,0.039011,0.117505,ONE_TO_MANY,NORMAL
L10_000999,848,TRANSFER,102661.98,LD000200_S,2128722.87,2026060.89,LD000200_D4,1264446.92,1367108.9,0,0,L10_000200,LEGITIMATE_FUND_DISPERSION,NONE,1,4,5,2,7,356025.71,0.048227,0.081191,ONE_TO_MANY,NORMAL
L10_001000,849,TRANSFER,8581.83,LD000200_S,2026060.89,2017479.06,LD000200_D5,735489.23,744071.06,0,0,L10_000200,LEGITIMATE_FUND_DISPERSION,NONE,1,5,5,1,7,356025.71,0.004236,0.011668,ONE_TO_MANY,NORMAL
L10_001001,827,TRANSFER,15499.04,LD000201_S,1829956.94,1814457.9,LD000201_D1,892678.87,908177.91,0,0,L10_000201,LEGITIMATE_FUND_DISPERSION,NONE,1,1,5,0,6,274493.55,0.00847,0.017362,ONE_TO_MANY,NORMAL
L10_001002,828,TRANSFER,94180.41,LD000201_S,1814457.9,1720277.49,LD000201_D2,1128494.28,1222674.69,0,0,L10_000201,LEGITIMATE_FUND_DISPERSION,NONE,1,2,5,1,6,274493.55,0.051906,0.083457,ONE_TO_MANY,NORMAL
L10_001003,830,TRANSFER,42858.89,LD000201_S,1720277.49,1677418.6,LD000201_D3,851425.08,894283.97,0,0,L10_000201,LEGITIMATE_FUND_DISPERSION,NONE,1,3,5,2,6,274493.55,0.024914,0.050338,ONE_TO_MANY,NORMAL
L10_001004,831,TRANSFER,51807.86,LD000201_S,1677418.6,1625610.74,LD000201_D4,843428.55,895236.41,0,0,L10_000201,LEGITIMATE_FUND_DISPERSION,NONE,1,4,5,1,6,274493.55,0.030885,0.061425,ONE_TO_MANY,NORMAL
L10_001005,833,TRANSFER,70147.35,LD000201_S,1625610.74,1555463.39,LD000201_D5,742416.56,812563.91,0,0,L10_000201,LEGITIMATE_FUND_DISPERSION,NONE,1,5,5,2,6,274493.55,0.043151,0.094485,ONE_TO_MANY,NORMAL
L10_001006,396,TRANSFER,76269.22,LD000202_S,1981912.75,1905643.53,LD000202_D1,852312.28,928581.5,0,0,L10_000202,LEGITIMATE_FUND_DISPERSION,NONE,1,1,5,0,9,297286.91,0.038483,0.089485,ONE_TO_MANY,NORMAL
L10_001007,397,TRANSFER,88266.38,LD000202_S,1905643.53,1817377.15,LD000202_D2,533176.13,621442.51,0,0,L10_000202,LEGITIMATE_FUND_DISPERSION,NONE,1,2,5,1,9,297286.91,0.046318,0.165548,ONE_TO_MANY,NORMAL
L10_001008,400,TRANSFER,20880.88,LD000202_S,1817377.15,1796496.27,LD000202_D3,1157439.31,1178320.19,0,0,L10_000202,LEGITIMATE_FUND_DISPERSION,NONE,1,3,5,3,9,297286.91,0.01149,0.018041,ONE_TO_MANY,NORMAL
L10_001009,403,TRANSFER,19458.44,LD000202_S,1796496.27,1777037.83,LD000202_D4,590451.84,609910.28,0,0,L10_000202,LEGITIMATE_FUND_DISPERSION,NONE,1,4,5,3,9,297286.91,0.010831,0.032955,ONE_TO_MANY,NORMAL
L10_001010,405,TRANSFER,92411.99,LD000202_S,1777037.83,1684625.84,LD000202_D5,939090.67,1031502.66,0,0,L10_000202,LEGITIMATE_FUND_DISPERSION,NONE,1,5,5,2,9,297286.91,0.052003,0.098406,ONE_TO_MANY,NORMAL
L10_001011,839,TRANSFER,54762.43,LD000203_S,2497921.47,2443159.04,LD000203_D1,622204.06,676966.49,0,0,L10_000203,LEGITIMATE_FUND_DISPERSION,NONE,1,1,5,0,9,374688.23,0.021923,0.088014,ONE_TO_MANY,NORMAL
L10_001012,842,TRANSFER,71012.57,LD000203_S,2443159.04,2372146.47,LD000203_D2,969436.79,1040449.36,0,0,L10_000203,LEGITIMATE_FUND_DISPERSION,NONE,1,2,5,3,9,374688.23,0.029066,0.073251,ONE_TO_MANY,NORMAL
L10_001013,844,TRANSFER,66918.94,LD000203_S,2372146.47,2305227.53,LD000203_D3,505991.82,572910.76,0,0,L10_000203,LEGITIMATE_FUND_DISPERSION,NONE,1,3,5,2,9,374688.23,0.02821,0.132253,ONE_TO_MANY,NORMAL
L10_001014,845,TRANSFER,90616.81,LD000203_S,2305227.53,2214610.72,LD000203_D4,1123216.82,1213833.63,0,0,L10_000203,LEGITIMATE_FUND_DISPERSION,NONE,1,4,5,1,9,374688.23,0.039309,0.080676,ONE_TO_MANY,NORMAL
L10_001015,848,TRANSFER,91377.48,LD000203_S,2214610.72,2123233.24,LD000203_D5,895545.81,986923.29,0,0,L10_000203,LEGITIMATE_FUND_DISPERSION,NONE,1,5,5,3,9,374688.23,0.041261,0.102036,ONE_TO_MANY,NORMAL
L10_001016,434,TRANSFER,47241.53,LD000204_S,1414677.46,1367435.93,LD000204_D1,665742.1,712983.63,0,0,L10_000204,LEGITIMATE_FUND_DISPERSION,NONE,1,1,5,0,6,212201.62,0.033394,0.070961,ONE_TO_MANY,NORMAL
L10_001017,437,TRANSFER,55183.57,LD000204_S,1367435.93,1312252.36,LD000204_D2,959062.25,1014245.82,0,0,L10_000204,LEGITIMATE_FUND_DISPERSION,NONE,1,2,5,3,6,212201.62,0.040356,0.057539,ONE_TO_MANY,NORMAL
L10_001018,438,TRANSFER,28475.08,LD000204_S,1312252.36,1283777.28,LD000204_D3,1066282.09,1094757.17,0,0,L10_000204,LEGITIMATE_FUND_DISPERSION,NONE,1,3,5,1,6,212201.62,0.021699,0.026705,ONE_TO_MANY,NORMAL
L10_001019,439,TRANSFER,49373.14,LD000204_S,1283777.28,1234404.14,LD000204_D4,481623.12,530996.26,0,0,L10_000204,LEGITIMATE_FUND_DISPERSION,NONE,1,4,5,1,6,212201.62,0.038459,0.102514,ONE_TO_MANY,NORMAL
L10_001020,440,TRANSFER,31928.3,LD000204_S,1234404.14,1202475.84,LD000204_D5,934027.44,965955.74,0,0,L10_000204,LEGITIMATE_FUND_DISPERSION,NONE,1,5,5,1,6,212201.62,0.025865,0.034183,ONE_TO_MANY,NORMAL
L10_001021,866,TRANSFER,18963.32,LD000205_S,1914280.61,1895317.29,LD000205_D1,1199256.76,1218220.08,0,0,L10_000205,LEGITIMATE_FUND_DISPERSION,NONE,1,1,5,0,8,287142.09,0.009906,0.015813,ONE_TO_MANY,NORMAL
L10_001022,868,TRANSFER,80936.34,LD000205_S,1895317.29,1814380.95,LD000205_D2,779102.0,860038.34,0,0,L10_000205,LEGITIMATE_FUND_DISPERSION,NONE,1,2,5,2,8,287142.09,0.042703,0.103884,ONE_TO_MANY,NORMAL
L10_001023,870,TRANSFER,12782.47,LD000205_S,1814380.95,1801598.48,LD000205_D3,1191206.35,1203988.82,0,0,L10_000205,LEGITIMATE_FUND_DISPERSION,NONE,1,3,5,2,8,287142.09,0.007045,0.010731,ONE_TO_MANY,NORMAL
L10_001024,873,TRANSFER,102179.19,LD000205_S,1801598.48,1699419.29,LD000205_D4,759877.79,862056.98,0,0,L10_000205,LEGITIMATE_FUND_DISPERSION,NONE,1,4,5,3,8,287142.09,0.056716,0.134468,ONE_TO_MANY,NORMAL
L10_001025,874,TRANSFER,72280.77,LD000205_S,1699419.29,1627138.52,LD000205_D5,957699.53,1029980.3,0,0,L10_000205,LEGITIMATE_FUND_DISPERSION,NONE,1,5,5,1,8,287142.09,0.042533,0.075473,ONE_TO_MANY,NORMAL
L10_001026,220,TRANSFER,31885.64,LD000206_S,1696267.02,1664381.38,LD000206_D1,1246403.71,1278289.35,0,0,L10_000206,LEGITIMATE_FUND_DISPERSION,NONE,1,1,5,0,9,254440.06,0.018798,0.025582,ONE_TO_MANY,NORMAL
L10_001027,223,TRANSFER,77370.98,LD000206_S,1664381.38,1587010.4,LD000206_D2,960492.08,1037863.06,0,0,L10_000206,LEGITIMATE_FUND_DISPERSION,NONE,1,2,5,3,9,254440.06,0.046486,0.080553,ONE_TO_MANY,NORMAL
L10_001028,225,TRANSFER,95568.37,LD000206_S,1587010.4,1491442.03,LD000206_D3,1077871.31,1173439.68,0,0,L10_000206,LEGITIMATE_FUND_DISPERSION,NONE,1,3,5,2,9,254440.06,0.060219,0.088664,ONE_TO_MANY,NORMAL
L10_001029,227,TRANSFER,33413.64,LD000206_S,1491442.03,1458028.39,LD000206_D4,1128061.85,1161475.49,0,0,L10_000206,LEGITIMATE_FUND_DISPERSION,NONE,1,4,5,2,9,254440.06,0.022404,0.02962,ONE_TO_MANY,NORMAL
L10_001030,229,TRANSFER,16201.43,LD000206_S,1458028.39,1441826.96,LD000206_D5,776092.22,792293.65,0,0,L10_000206,LEGITIMATE_FUND_DISPERSION,NONE,1,5,5,2,9,254440.06,0.011112,0.020876,ONE_TO_MANY,NORMAL
L10_001031,769,TRANSFER,66006.27,LD000207_S,2500794.54,2434788.27,LD000207_D1,624784.03,690790.3,0,0,L10_000207,LEGITIMATE_FUND_DISPERSION,NONE,1,1,5,0,6,375119.18,0.026394,0.105647,ONE_TO_MANY,NORMAL
L10_001032,770,TRANSFER,72188.75,LD000207_S,2434788.27,2362599.52,LD000207_D2,1257053.83,1329242.58,0,0,L10_000207,LEGITIMATE_FUND_DISPERSION,NONE,1,2,5,1,6,375119.18,0.029649,0.057427,ONE_TO_MANY,NORMAL
L10_001033,771,TRANSFER,75935.16,LD000207_S,2362599.52,2286664.36,LD000207_D3,747341.47,823276.63,0,0,L10_000207,LEGITIMATE_FUND_DISPERSION,NONE,1,3,5,1,6,375119.18,0.032141,0.101607,ONE_TO_MANY,NORMAL
L10_001034,774,TRANSFER,90919.66,LD000207_S,2286664.36,2195744.7,LD000207_D4,1228806.99,1319726.65,0,0,L10_000207,LEGITIMATE_FUND_DISPERSION,NONE,1,4,5,3,6,375119.18,0.039761,0.07399,ONE_TO_MANY,NORMAL
L10_001035,775,TRANSFER,70069.34,LD000207_S,2195744.7,2125675.36,LD000207_D5,431573.03,501642.37,0,0,L10_000207,LEGITIMATE_FUND_DISPERSION,NONE,1,5,5,1,6,375119.18,0.031911,0.162358,ONE_TO_MANY,NORMAL
L10_001036,475,TRANSFER,75397.11,LD000208_S,2544285.99,2468888.88,LD000208_D1,1014247.62,1089644.73,0,0,L10_000208,LEGITIMATE_FUND_DISPERSION,NONE,1,1,5,0,8,381642.9,0.029634,0.074338,ONE_TO_MANY,NORMAL
L10_001037,476,TRANSFER,85736.96,LD000208_S,2468888.88,2383151.92,LD000208_D2,1099259.73,1184996.69,0,0,L10_000208,LEGITIMATE_FUND_DISPERSION,NONE,1,2,5,1,8,381642.9,0.034727,0.077995,ONE_TO_MANY,NORMAL
L10_001038,479,TRANSFER,92121.2,LD000208_S,2383151.92,2291030.72,LD000208_D3,500014.87,592136.07,0,0,L10_000208,LEGITIMATE_FUND_DISPERSION,NONE,1,3,5,3,8,381642.9,0.038655,0.184237,ONE_TO_MANY,NORMAL
L10_001039,482,TRANSFER,30108.04,LD000208_S,2291030.72,2260922.68,LD000208_D4,910817.5,940925.54,0,0,L10_000208,LEGITIMATE_FUND_DISPERSION,NONE,1,4,5,3,8,381642.9,0.013142,0.033056,ONE_TO_MANY,NORMAL
L10_001040,483,TRANSFER,98279.59,LD000208_S,2260922.68,2162643.09,LD000208_D5,838152.62,936432.21,0,0,L10_000208,LEGITIMATE_FUND_DISPERSION,NONE,1,5,5,1,8,381642.9,0.043469,0.117257,ONE_TO_MANY,NORMAL
L10_001041,16,TRANSFER,15908.64,LD000209_S,2424067.13,2408158.49,LD000209_D1,1148596.67,1164505.31,0,0,L10_000209,LEGITIMATE_FUND_DISPERSION,NONE,1,1,5,0,5,177422.17,0.006563,0.013851,ONE_TO_MANY,NORMAL
L10_001042,17,TRANSFER,42397.26,LD000209_S,2408158.49,2365761.23,LD000209_D2,475960.87,518358.13,0,0,L10_000209,LEGITIMATE_FUND_DISPERSION,NONE,1,2,5,1,5,177422.17,0.017606,0.089077,ONE_TO_MANY,NORMAL
L10_001043,19,TRANSFER,16482.26,LD000209_S,2365761.23,2349278.97,LD000209_D3,1025591.42,1042073.68,0,0,L10_000209,LEGITIMATE_FUND_DISPERSION,NONE,1,3,5,2,5,177422.17,0.006967,0.016071,ONE_TO_MANY,NORMAL
L10_001044,20,TRANSFER,58974.97,LD000209_S,2349278.97,2290304.0,LD000209_D4,463948.97,522923.94,0,0,L10_000209,LEGITIMATE_FUND_DISPERSION,NONE,1,4,5,1,5,177422.17,0.025103,0.127115,ONE_TO_MANY,NORMAL
L10_001045,21,TRANSFER,43659.04,LD000209_S,2290304.0,2246644.96,LD000209_D5,619881.34,663540.38,0,0,L10_000209,LEGITIMATE_FUND_DISPERSION,NONE,1,5,5,1,5,177422.17,0.019063,0.070431,ONE_TO_MANY,NORMAL
L10_001046,261,TRANSFER,33250.25,LD000210_S,1458233.68,1424983.43,LD000210_D1,1086769.51,1120019.76,0,0,L10_000210,LEGITIMATE_FUND_DISPERSION,NONE,1,1,5,0,6,218735.05,0.022802,0.030595,ONE_TO_MANY,NORMAL
L10_001047,264,TRANSFER,47397.79,LD000210_S,1424983.43,1377585.64,LD000210_D2,1079874.48,1127272.27,0,0,L10_000210,LEGITIMATE_FUND_DISPERSION,NONE,1,2,5,3,6,218735.05,0.033262,0.043892,ONE_TO_MANY,NORMAL
L10_001048,265,TRANSFER,30295.61,LD000210_S,1377585.64,1347290.03,LD000210_D3,620718.09,651013.7,0,0,L10_000210,LEGITIMATE_FUND_DISPERSION,NONE,1,3,5,1,6,218735.05,0.021992,0.048807,ONE_TO_MANY,NORMAL
L10_001049,266,TRANSFER,51924.49,LD000210_S,1347290.03,1295365.54,LD000210_D4,721541.61,773466.1,0,0,L10_000210,LEGITIMATE_FUND_DISPERSION,NONE,1,4,5,1,6,218735.05,0.03854,0.071963,ONE_TO_MANY,NORMAL
L10_001050,267,TRANSFER,55866.91,LD000210_S,1295365.54,1239498.63,LD000210_D5,636346.91,692213.82,0,0,L10_000210,LEGITIMATE_FUND_DISPERSION,NONE,1,5,5,1,6,218735.05,0.043128,0.087793,ONE_TO_MANY,NORMAL
L10_001051,185,TRANSFER,40991.36,LD000211_S,1954258.47,1913267.11,LD000211_D1,577745.94,618737.3,0,0,L10_000211,LEGITIMATE_FUND_DISPERSION,NONE,1,1,5,0,7,293138.76,0.020975,0.07095,ONE_TO_MANY,NORMAL
L10_001052,188,TRANSFER,110144.35,LD000211_S,1913267.11,1803122.76,LD000211_D2,872896.86,983041.21,0,0,L10_000211,LEGITIMATE_FUND_DISPERSION,NONE,1,2,5,3,7,293138.76,0.057569,0.126183,ONE_TO_MANY,NORMAL
L10_001053,190,TRANSFER,87237.66,LD000211_S,1803122.76,1715885.1,LD000211_D3,413107.99,500345.65,0,0,L10_000211,LEGITIMATE_FUND_DISPERSION,NONE,1,3,5,2,7,293138.76,0.048381,0.211174,ONE_TO_MANY,NORMAL
L10_001054,191,TRANSFER,23564.01,LD000211_S,1715885.1,1692321.09,LD000211_D4,721128.86,744692.87,0,0,L10_000211,LEGITIMATE_FUND_DISPERSION,NONE,1,4,5,1,7,293138.76,0.013733,0.032677,ONE_TO_MANY,NORMAL
L10_001055,192,TRANSFER,31201.38,LD000211_S,1692321.09,1661119.71,LD000211_D5,755804.05,787005.43,0,0,L10_000211,LEGITIMATE_FUND_DISPERSION,NONE,1,5,5,1,7,293138.76,0.018437,0.041282,ONE_TO_MANY,NORMAL
L10_001056,506,TRANSFER,39061.59,LD000212_S,1933178.15,1894116.56,LD000212_D1,411437.46,450499.05,0,0,L10_000212,LEGITIMATE_FUND_DISPERSION,NONE,1,1,5,0,9,289976.73,0.020206,0.094939,ONE_TO_MANY,NORMAL
L10_001057,509,TRANSFER,71919.93,LD000212_S,1894116.56,1822196.63,LD000212_D2,853424.24,925344.17,0,0,L10_000212,LEGITIMATE_FUND_DISPERSION,NONE,1,2,5,3,9,289976.73,0.03797,0.084272,ONE_TO_MANY,NORMAL
L10_001058,511,TRANSFER,119139.66,LD000212_S,1822196.63,1703056.97,LD000212_D3,1108400.25,1227539.91,0,0,L10_000212,LEGITIMATE_FUND_DISPERSION,NONE,1,3,5,2,9,289976.73,0.065382,0.107488,ONE_TO_MANY,NORMAL
L10_001059,513,TRANSFER,34063.17,LD000212_S,1703056.97,1668993.8,LD000212_D4,719344.33,753407.5,0,0,L10_000212,LEGITIMATE_FUND_DISPERSION,NONE,1,4,5,2,9,289976.73,0.020001,0.047353,ONE_TO_MANY,NORMAL
L10_001060,515,TRANSFER,25792.38,LD000212_S,1668993.8,1643201.42,LD000212_D5,961423.64,987216.02,0,0,L10_000212,LEGITIMATE_FUND_DISPERSION,NONE,1,5,5,2,9,289976.73,0.015454,0.026827,ONE_TO_MANY,NORMAL
L10_001061,487,TRANSFER,9637.16,LD000213_S,1543686.47,1534049.31,LD000213_D1,904764.11,914401.27,0,0,L10_000213,LEGITIMATE_FUND_DISPERSION,NONE,1,1,5,0,10,231552.98,0.006243,0.010652,ONE_TO_MANY,NORMAL
L10_001062,490,TRANSFER,66228.37,LD000213_S,1534049.31,1467820.94,LD000213_D2,681649.04,747877.41,0,0,L10_000213,LEGITIMATE_FUND_DISPERSION,NONE,1,2,5,3,10,231552.98,0.043172,0.097159,ONE_TO_MANY,NORMAL
L10_001063,493,TRANSFER,112997.82,LD000213_S,1467820.94,1354823.12,LD000213_D3,945787.46,1058785.28,0,0,L10_000213,LEGITIMATE_FUND_DISPERSION,NONE,1,3,5,3,10,231552.98,0.076983,0.119475,ONE_TO_MANY,NORMAL
L10_001064,496,TRANSFER,29086.0,LD000213_S,1354823.12,1325737.12,LD000213_D4,440791.49,469877.49,0,0,L10_000213,LEGITIMATE_FUND_DISPERSION,NONE,1,4,5,3,10,231552.98,0.021468,0.065986,ONE_TO_MANY,NORMAL
L10_001065,497,TRANSFER,13603.63,LD000213_S,1325737.12,1312133.49,LD000213_D5,607540.88,621144.51,0,0,L10_000213,LEGITIMATE_FUND_DISPERSION,NONE,1,5,5,1,10,231552.98,0.010261,0.022391,ONE_TO_MANY,NORMAL
L10_001066,725,TRANSFER,98366.23,LD000214_S,2384369.01,2286002.78,LD000214_D1,1229812.64,1328178.87,0,0,L10_000214,LEGITIMATE_FUND_DISPERSION,NONE,1,1,5,0,6,357655.36,0.041255,0.079985,ONE_TO_MANY,NORMAL
L10_001067,727,TRANSFER,105558.22,LD000214_S,2286002.78,2180444.56,LD000214_D2,927294.71,1032852.93,0,0,L10_000214,LEGITIMATE_FUND_DISPERSION,NONE,1,2,5,2,6,357655.36,0.046176,0.113835,ONE_TO_MANY,NORMAL
L10_001068,729,TRANSFER,28011.83,LD000214_S,2180444.56,2152432.73,LD000214_D3,436912.59,464924.42,0,0,L10_000214,LEGITIMATE_FUND_DISPERSION,NONE,1,3,5,2,6,357655.36,0.012847,0.064113,ONE_TO_MANY,NORMAL
L10_001069,730,TRANSFER,31378.7,LD000214_S,2152432.73,2121054.03,LD000214_D4,1124665.02,1156043.72,0,0,L10_000214,LEGITIMATE_FUND_DISPERSION,NONE,1,4,5,1,6,357655.36,0.014578,0.0279,ONE_TO_MANY,NORMAL
L10_001070,731,TRANSFER,94340.38,LD000214_S,2121054.03,2026713.65,LD000214_D5,994506.35,1088846.73,0,0,L10_000214,LEGITIMATE_FUND_DISPERSION,NONE,1,5,5,1,6,357655.36,0.044478,0.094862,ONE_TO_MANY,NORMAL
L10_001071,296,TRANSFER,69415.08,LD000215_S,1715342.32,1645927.24,LD000215_D1,605584.12,674999.2,0,0,L10_000215,LEGITIMATE_FUND_DISPERSION,NONE,1,1,5,0,6,257301.36,0.040467,0.114625,ONE_TO_MANY,NORMAL
L10_001072,297,TRANSFER,45328.07,LD000215_S,1645927.24,1600599.17,LD000215_D2,1001357.95,1046686.02,0,0,L10_000215,LEGITIMATE_FUND_DISPERSION,NONE,1,2,5,1,6,257301.36,0.02754,0.045267,ONE_TO_MANY,NORMAL
L10_001073,298,TRANSFER,17473.55,LD000215_S,1600599.17,1583125.62,LD000215_D3,1182057.63,1199531.18,0,0,L10_000215,LEGITIMATE_FUND_DISPERSION,NONE,1,3,5,1,6,257301.36,0.010917,0.014782,ONE_TO_MANY,NORMAL
L10_001074,300,TRANSFER,87831.64,LD000215_S,1583125.62,1495293.98,LD000215_D4,631531.65,719363.29,0,0,L10_000215,LEGITIMATE_FUND_DISPERSION,NONE,1,4,5,2,6,257301.36,0.05548,0.139077,ONE_TO_MANY,NORMAL
L10_001075,302,TRANSFER,37253.02,LD000215_S,1495293.98,1458040.96,LD000215_D5,958963.73,996216.75,0,0,L10_000215,LEGITIMATE_FUND_DISPERSION,NONE,1,5,5,2,6,257301.36,0.024914,0.038847,ONE_TO_MANY,NORMAL
L10_001076,689,TRANSFER,51694.59,LD000216_S,1858968.46,1807273.87,LD000216_D1,782827.35,834521.94,0,0,L10_000216,LEGITIMATE_FUND_DISPERSION,NONE,1,1,5,0,10,278845.27,0.027808,0.066036,ONE_TO_MANY,NORMAL
L10_001077,692,TRANSFER,78241.27,LD000216_S,1807273.87,1729032.6,LD000216_D2,1049372.07,1127613.34,0,0,L10_000216,LEGITIMATE_FUND_DISPERSION,NONE,1,2,5,3,10,278845.27,0.043292,0.07456,ONE_TO_MANY,NORMAL
L10_001078,694,TRANSFER,69517.39,LD000216_S,1729032.6,1659515.21,LD000216_D3,388925.83,458443.22,0,0,L10_000216,LEGITIMATE_FUND_DISPERSION,NONE,1,3,5,2,10,278845.27,0.040206,0.178742,ONE_TO_MANY,NORMAL
L10_001079,696,TRANSFER,24744.59,LD000216_S,1659515.21,1634770.62,LD000216_D4,407615.02,432359.61,0,0,L10_000216,LEGITIMATE_FUND_DISPERSION,NONE,1,4,5,2,10,278845.27,0.014911,0.060706,ONE_TO_MANY,NORMAL
L10_001080,699,TRANSFER,54647.43,LD000216_S,1634770.62,1580123.19,LD000216_D5,417471.45,472118.88,0,0,L10_000216,LEGITIMATE_FUND_DISPERSION,NONE,1,5,5,3,10,278845.27,0.033428,0.130901,ONE_TO_MANY,NORMAL
L10_001081,840,TRANSFER,52327.78,LD000217_S,1460456.43,1408128.65,LD000217_D1,1101022.78,1153350.56,0,0,L10_000217,LEGITIMATE_FUND_DISPERSION,NONE,1,1,5,0,7,219068.47,0.03583,0.047527,ONE_TO_MANY,NORMAL
L10_001082,843,TRANSFER,26354.15,LD000217_S,1408128.65,1381774.5,LD000217_D2,880085.96,906440.11,0,0,L10_000217,LEGITIMATE_FUND_DISPERSION,NONE,1,2,5,3,7,219068.47,0.018716,0.029945,ONE_TO_MANY,NORMAL
L10_001083,844,TRANSFER,42837.69,LD000217_S,1381774.5,1338936.81,LD000217_D3,874528.22,917365.91,0,0,L10_000217,LEGITIMATE_FUND_DISPERSION,NONE,1,3,5,1,7,219068.47,0.031002,0.048984,ONE_TO_MANY,NORMAL
L10_001084,845,TRANSFER,29783.76,LD000217_S,1338936.81,1309153.05,LD000217_D4,632468.03,662251.79,0,0,L10_000217,LEGITIMATE_FUND_DISPERSION,NONE,1,4,5,1,7,219068.47,0.022244,0.047091,ONE_TO_MANY,NORMAL
L10_001085,847,TRANSFER,67765.09,LD000217_S,1309153.05,1241387.96,LD000217_D5,768223.26,835988.35,0,0,L10_000217,LEGITIMATE_FUND_DISPERSION,NONE,1,5,5,2,7,219068.47,0.051763,0.08821,ONE_TO_MANY,NORMAL
L10_001086,280,TRANSFER,113798.33,LD000218_S,2473233.73,2359435.4,LD000218_D1,672766.57,786564.9,0,0,L10_000218,LEGITIMATE_FUND_DISPERSION,NONE,1,1,5,0,10,354784.67,0.046012,0.16915,ONE_TO_MANY,NORMAL
L10_001087,282,TRANSFER,150517.09,LD000218_S,2359435.4,2208918.31,LD000218_D2,561737.19,712254.28,0,0,L10_000218,LEGITIMATE_FUND_DISPERSION,NONE,1,2,5,2,10,354784.67,0.063794,0.267949,ONE_TO_MANY,NORMAL
L10_001088,284,TRANSFER,40145.43,LD000218_S,2208918.31,2168772.88,LD000218_D3,852698.81,892844.24,0,0,L10_000218,LEGITIMATE_FUND_DISPERSION,NONE,1,3,5,2,10,354784.67,0.018174,0.04708,ONE_TO_MANY,NORMAL
L10_001089,287,TRANSFER,34166.77,LD000218_S,2168772.88,2134606.11,LD000218_D4,574596.37,608763.14,0,0,L10_000218,LEGITIMATE_FUND_DISPERSION,NONE,1,4,5,3,10,354784.67,0.015754,0.059462,ONE_TO_MANY,NORMAL
L10_001090,290,TRANSFER,16157.05,LD000218_S,2134606.11,2118449.06,LD000218_D5,1135427.02,1151584.07,0,0,L10_000218,LEGITIMATE_FUND_DISPERSION,NONE,1,5,5,3,10,354784.67,0.007569,0.01423,ONE_TO_MANY,NORMAL
L10_001091,199,TRANSFER,23620.06,LD000219_S,1478787.85,1455167.79,LD000219_D1,797344.71,820964.77,0,0,L10_000219,LEGITIMATE_FUND_DISPERSION,NONE,1,1,5,0,5,221818.18,0.015973,0.029623,ONE_TO_MANY,NORMAL
L10_001092,201,TRANSFER,38086.45,LD000219_S,1455167.79,1417081.34,LD000219_D2,1118484.79,1156571.24,0,0,L10_000219,LEGITIMATE_FUND_DISPERSION,NONE,1,2,5,2,5,221818.18,0.026173,0.034052,ONE_TO_MANY,NORMAL
L10_001093,202,TRANSFER,36987.59,LD000219_S,1417081.34,1380093.75,LD000219_D3,498932.14,535919.73,0,0,L10_000219,LEGITIMATE_FUND_DISPERSION,NONE,1,3,5,1,5,221818.18,0.026101,0.074134,ONE_TO_MANY,NORMAL
L10_001094,203,TRANSFER,69375.69,LD000219_S,1380093.75,1310718.06,LD000219_D4,1200692.47,1270068.16,0,0,L10_000219,LEGITIMATE_FUND_DISPERSION,NONE,1,4,5,1,5,221818.18,0.050269,0.05778,ONE_TO_MANY,NORMAL
L10_001095,204,TRANSFER,53748.39,LD000219_S,1310718.06,1256969.67,LD000219_D5,993104.82,1046853.21,0,0,L10_000219,LEGITIMATE_FUND_DISPERSION,NONE,1,5,5,1,5,221818.18,0.041007,0.054122,ONE_TO_MANY,NORMAL
L10_001096,602,TRANSFER,87054.33,LD000220_S,2420347.0,2333292.67,LD000220_D1,1169116.28,1256170.61,0,0,L10_000220,LEGITIMATE_FUND_DISPERSION,NONE,1,1,5,0,10,363052.05,0.035968,0.074462,ONE_TO_MANY,NORMAL
L10_001097,605,TRANSFER,80300.09,LD000220_S,2333292.67,2252992.58,LD000220_D2,1043016.6,1123316.69,0,0,L10_000220,LEGITIMATE_FUND_DISPERSION,NONE,1,2,5,3,10,363052.05,0.034415,0.076988,ONE_TO_MANY,NORMAL
L10_001098,608,TRANSFER,41069.72,LD000220_S,2252992.58,2211922.86,LD000220_D3,933823.68,974893.4,0,0,L10_000220,LEGITIMATE_FUND_DISPERSION,NONE,1,3,5,3,10,363052.05,0.018229,0.04398,ONE_TO_MANY,NORMAL
L10_001099,609,TRANSFER,123581.35,LD000220_S,2211922.86,2088341.51,LD000220_D4,765280.55,888861.9,0,0,L10_000220,LEGITIMATE_FUND_DISPERSION,NONE,1,4,5,1,10,363052.05,0.055871,0.161485,ONE_TO_MANY,NORMAL
L10_001100,612,TRANSFER,31046.56,LD000220_S,2088341.51,2057294.95,LD000220_D5,765331.59,796378.15,0,0,L10_000220,LEGITIMATE_FUND_DISPERSION,NONE,1,5,5,3,10,363052.05,0.014867,0.040566,ONE_TO_MANY,NORMAL
L10_001101,860,TRANSFER,23806.71,LD000221_S,2397910.35,2374103.64,LD000221_D1,1180508.84,1204315.55,0,0,L10_000221,LEGITIMATE_FUND_DISPERSION,NONE,1,1,5,0,10,359686.56,0.009928,0.020166,ONE_TO_MANY,NORMAL
L10_001102,863,TRANSFER,145135.79,LD000221_S,2374103.64,2228967.85,LD000221_D2,1152488.09,1297623.88,0,0,L10_000221,LEGITIMATE_FUND_DISPERSION,NONE,1,2,5,3,10,359686.56,0.061133,0.125933,ONE_TO_MANY,NORMAL
L10_001103,866,TRANSFER,76702.98,LD000221_S,2228967.85,2152264.87,LD000221_D3,701008.85,777711.83,0,0,L10_000221,LEGITIMATE_FUND_DISPERSION,NONE,1,3,5,3,10,359686.56,0.034412,0.109418,ONE_TO_MANY,NORMAL
L10_001104,867,TRANSFER,93540.99,LD000221_S,2152264.87,2058723.88,LD000221_D4,393151.09,486692.08,0,0,L10_000221,LEGITIMATE_FUND_DISPERSION,NONE,1,4,5,1,10,359686.56,0.043462,0.237926,ONE_TO_MANY,NORMAL
L10_001105,870,TRANSFER,20500.09,LD000221_S,2058723.88,2038223.79,LD000221_D5,781334.85,801834.94,0,0,L10_000221,LEGITIMATE_FUND_DISPERSION,NONE,1,5,5,3,10,359686.56,0.009958,0.026237,ONE_TO_MANY,NORMAL
L10_001106,214,TRANSFER,65010.9,LD000222_S,1517679.35,1452668.45,LD000222_D1,1230112.79,1295123.69,0,0,L10_000222,LEGITIMATE_FUND_DISPERSION,NONE,1,1,5,0,8,227651.91,0.042836,0.05285,ONE_TO_MANY,NORMAL
L10_001107,215,TRANSFER,31921.72,LD000222_S,1452668.45,1420746.73,LD000222_D2,684083.86,716005.58,0,0,L10_000222,LEGITIMATE_FUND_DISPERSION,NONE,1,2,5,1,8,227651.91,0.021975,0.046663,ONE_TO_MANY,NORMAL
L10_001108,218,TRANSFER,16198.73,LD000222_S,1420746.73,1404548.0,LD000222_D3,830238.71,846437.44,0,0,L10_000222,LEGITIMATE_FUND_DISPERSION,NONE,1,3,5,3,8,227651.91,0.011402,0.019511,ONE_TO_MANY,NORMAL
L10_001109,219,TRANSFER,43369.39,LD000222_S,1404548.0,1361178.61,LD000222_D4,975654.3,1019023.69,0,0,L10_000222,LEGITIMATE_FUND_DISPERSION,NONE,1,4,5,1,8,227651.91,0.030878,0.044452,ONE_TO_MANY,NORMAL
L10_001110,222,TRANSFER,71151.17,LD000222_S,1361178.61,1290027.44,LD000222_D5,863026.78,934177.95,0,0,L10_000222,LEGITIMATE_FUND_DISPERSION,NONE,1,5,5,3,8,227651.91,0.052272,0.082444,ONE_TO_MANY,NORMAL
L10_001111,844,TRANSFER,144544.85,LD000223_S,2242423.85,2097879.0,LD000223_D1,1200976.84,1345521.69,0,0,L10_000223,LEGITIMATE_FUND_DISPERSION,NONE,1,1,5,0,6,336363.58,0.064459,0.120356,ONE_TO_MANY,NORMAL
L10_001112,845,TRANSFER,48079.48,LD000223_S,2097879.0,2049799.52,LD000223_D2,977439.04,1025518.52,0,0,L10_000223,LEGITIMATE_FUND_DISPERSION,NONE,1,2,5,1,6,336363.58,0.022918,0.049189,ONE_TO_MANY,NORMAL
L10_001113,846,TRANSFER,96951.2,LD000223_S,2049799.52,1952848.32,LD000223_D3,1225084.45,1322035.65,0,0,L10_000223,LEGITIMATE_FUND_DISPERSION,NONE,1,3,5,1,6,336363.58,0.047298,0.079138,ONE_TO_MANY,NORMAL
L10_001114,849,TRANSFER,32791.88,LD000223_S,1952848.32,1920056.44,LD000223_D4,1144080.59,1176872.47,0,0,L10_000223,LEGITIMATE_FUND_DISPERSION,NONE,1,4,5,3,6,336363.58,0.016792,0.028662,ONE_TO_MANY,NORMAL
L10_001115,850,TRANSFER,13996.17,LD000223_S,1920056.44,1906060.27,LD000223_D5,856018.22,870014.39,0,0,L10_000223,LEGITIMATE_FUND_DISPERSION,NONE,1,5,5,1,6,336363.58,0.007289,0.01635,ONE_TO_MANY,NORMAL
L10_001116,305,TRANSFER,91574.25,LD000224_S,2548897.74,2457323.49,LD000224_D1,944774.85,1036349.1,0,0,L10_000224,LEGITIMATE_FUND_DISPERSION,NONE,1,1,5,0,11,382334.66,0.035927,0.096927,ONE_TO_MANY,NORMAL
L10_001117,308,TRANSFER,99723.55,LD000224_S,2457323.49,2357599.94,LD000224_D2,539294.25,639017.8,0,0,L10_000224,LEGITIMATE_FUND_DISPERSION,NONE,1,2,5,3,11,382334.66,0.040582,0.184915,ONE_TO_MANY,NORMAL
L10_001118,310,TRANSFER,125025.35,LD000224_S,2357599.94,2232574.59,LD000224_D3,1075072.58,1200097.93,0,0,L10_000224,LEGITIMATE_FUND_DISPERSION,NONE,1,3,5,2,11,382334.66,0.053031,0.116295,ONE_TO_MANY,NORMAL
L10_001119,313,TRANSFER,42849.84,LD000224_S,2232574.59,2189724.75,LD000224_D4,1094077.44,1136927.28,0,0,L10_000224,LEGITIMATE_FUND_DISPERSION,NONE,1,4,5,3,11,382334.66,0.019193,0.039165,ONE_TO_MANY,NORMAL
L10_001120,316,TRANSFER,23161.67,LD000224_S,2189724.75,2166563.08,LD000224_D5,1081619.2,1104780.87,0,0,L10_000224,LEGITIMATE_FUND_DISPERSION,NONE,1,5,5,3,11,382334.66,0.010577,0.021414,ONE_TO_MANY,NORMAL
L10_001121,363,TRANSFER,20196.21,LD000225_S,1826251.98,1806055.77,LD000225_D1,871595.78,891791.99,0,0,L10_000225,LEGITIMATE_FUND_DISPERSION,NONE,1,1,5,0,5,273937.8,0.011059,0.023172,ONE_TO_MANY,NORMAL
L10_001122,364,TRANSFER,66218.77,LD000225_S,1806055.77,1739837.0,LD000225_D2,1250047.57,1316266.34,0,0,L10_000225,LEGITIMATE_FUND_DISPERSION,NONE,1,2,5,1,5,273937.8,0.036665,0.052973,ONE_TO_MANY,NORMAL
L10_001123,365,TRANSFER,36412.4,LD000225_S,1739837.0,1703424.6,LD000225_D3,902750.69,939163.09,0,0,L10_000225,LEGITIMATE_FUND_DISPERSION,NONE,1,3,5,1,5,273937.8,0.020929,0.040335,ONE_TO_MANY,NORMAL
L10_001124,366,TRANSFER,76315.83,LD000225_S,1703424.6,1627108.77,LD000225_D4,1184454.83,1260770.66,0,0,L10_000225,LEGITIMATE_FUND_DISPERSION,NONE,1,4,5,1,5,273937.8,0.044801,0.064431,ONE_TO_MANY,NORMAL
L10_001125,368,TRANSFER,74794.59,LD000225_S,1627108.77,1552314.18,LD000225_D5,1054888.73,1129683.32,0,0,L10_000225,LEGITIMATE_FUND_DISPERSION,NONE,1,5,5,2,5,273937.8,0.045968,0.070903,ONE_TO_MANY,NORMAL
L10_001126,272,TRANSFER,83897.0,LD000226_S,2051265.39,1967368.39,LD000226_D1,425149.49,509046.49,0,0,L10_000226,LEGITIMATE_FUND_DISPERSION,NONE,1,1,5,0,6,307689.81,0.0409,0.197335,ONE_TO_MANY,NORMAL
L10_001127,274,TRANSFER,54295.17,LD000226_S,1967368.39,1913073.22,LD000226_D2,470452.79,524747.96,0,0,L10_000226,LEGITIMATE_FUND_DISPERSION,NONE,1,2,5,2,6,307689.81,0.027598,0.11541,ONE_TO_MANY,NORMAL
L10_001128,276,TRANSFER,70643.55,LD000226_S,1913073.22,1842429.67,LD000226_D3,986257.99,1056901.54,0,0,L10_000226,LEGITIMATE_FUND_DISPERSION,NONE,1,3,5,2,6,307689.81,0.036927,0.071628,ONE_TO_MANY,NORMAL
L10_001129,277,TRANSFER,49655.88,LD000226_S,1842429.67,1792773.79,LD000226_D4,1264560.02,1314215.9,0,0,L10_000226,LEGITIMATE_FUND_DISPERSION,NONE,1,4,5,1,6,307689.81,0.026951,0.039267,ONE_TO_MANY,NORMAL
L10_001130,278,TRANSFER,49198.21,LD000226_S,1792773.79,1743575.58,LD000226_D5,629278.4,678476.61,0,0,L10_000226,LEGITIMATE_FUND_DISPERSION,NONE,1,5,5,1,6,307689.81,0.027443,0.078182,ONE_TO_MANY,NORMAL
L10_001131,589,TRANSFER,72040.82,LD000227_S,1907782.13,1835741.31,LD000227_D1,1068030.75,1140071.57,0,0,L10_000227,LEGITIMATE_FUND_DISPERSION,NONE,1,1,5,0,9,286167.32,0.037762,0.067452,ONE_TO_MANY,NORMAL
L10_001132,591,TRANSFER,51265.41,LD000227_S,1835741.31,1784475.9,LD000227_D2,627759.38,679024.79,0,0,L10_000227,LEGITIMATE_FUND_DISPERSION,NONE,1,2,5,2,9,286167.32,0.027926,0.081664,ONE_TO_MANY,NORMAL
L10_001133,593,TRANSFER,17213.11,LD000227_S,1784475.9,1767262.79,LD000227_D3,1151320.01,1168533.12,0,0,L10_000227,LEGITIMATE_FUND_DISPERSION,NONE,1,3,5,2,9,286167.32,0.009646,0.014951,ONE_TO_MANY,NORMAL
L10_001134,595,TRANSFER,96328.09,LD000227_S,1767262.79,1670934.7,LD000227_D4,558723.69,655051.78,0,0,L10_000227,LEGITIMATE_FUND_DISPERSION,NONE,1,4,5,2,9,286167.32,0.054507,0.172407,ONE_TO_MANY,NORMAL
L10_001135,598,TRANSFER,49319.89,LD000227_S,1670934.7,1621614.81,LD000227_D5,897087.09,946406.98,0,0,L10_000227,LEGITIMATE_FUND_DISPERSION,NONE,1,5,5,3,9,286167.32,0.029516,0.054978,ONE_TO_MANY,NORMAL
L10_001136,362,TRANSFER,87574.47,LD000228_S,2229337.24,2141762.77,LD000228_D1,940670.67,1028245.14,0,0,L10_000228,LEGITIMATE_FUND_DISPERSION,NONE,1,1,5,0,10,334400.59,0.039283,0.093098,ONE_TO_MANY,NORMAL
L10_001137,364,TRANSFER,48968.44,LD000228_S,2141762.77,2092794.33,LD000228_D2,637806.89,686775.33,0,0,L10_000228,LEGITIMATE_FUND_DISPERSION,NONE,1,2,5,2,10,334400.59,0.022864,0.076776,ONE_TO_MANY,NORMAL
L10_001138,367,TRANSFER,64089.62,LD000228_S,2092794.33,2028704.71,LD000228_D3,585631.87,649721.49,0,0,L10_000228,LEGITIMATE_FUND_DISPERSION,NONE,1,3,5,3,10,334400.59,0.030624,0.109437,ONE_TO_MANY,NORMAL
L10_001139,369,TRANSFER,66546.65,LD000228_S,2028704.71,1962158.06,LD000228_D4,546394.03,612940.68,0,0,L10_000228,LEGITIMATE_FUND_DISPERSION,NONE,1,4,5,2,10,334400.59,0.032803,0.121792,ONE_TO_MANY,NORMAL
L10_001140,372,TRANSFER,67221.41,LD000228_S,1962158.06,1894936.65,LD000228_D5,830663.62,897885.03,0,0,L10_000228,LEGITIMATE_FUND_DISPERSION,NONE,1,5,5,3,10,334400.59,0.034259,0.080925,ONE_TO_MANY,NORMAL
L10_001141,881,TRANSFER,65971.3,LD000229_S,2384592.06,2318620.76,LD000229_D1,722367.89,788339.19,0,0,L10_000229,LEGITIMATE_FUND_DISPERSION,NONE,1,1,5,0,8,357688.82,0.027666,0.091326,ONE_TO_MANY,NORMAL
L10_001142,882,TRANSFER,101276.7,LD000229_S,2318620.76,2217344.06,LD000229_D2,607657.69,708934.39,0,0,L10_000229,LEGITIMATE_FUND_DISPERSION,NONE,1,2,5,1,8,357688.82,0.04368,0.166667,ONE_TO_MANY,NORMAL
L10_001143,884,TRANSFER,79569.8,LD000229_S,2217344.06,2137774.26,LD000229_D3,595479.22,675049.02,0,0,L10_000229,LEGITIMATE_FUND_DISPERSION,NONE,1,3,5,2,8,357688.82,0.035885,0.133623,ONE_TO_MANY,NORMAL
L10_001144,886,TRANSFER,67031.93,LD000229_S,2137774.26,2070742.33,LD000229_D4,388470.38,455502.31,0,0,L10_000229,LEGITIMATE_FUND_DISPERSION,NONE,1,4,5,2,8,357688.82,0.031356,0.172554,ONE_TO_MANY,NORMAL
L10_001145,889,TRANSFER,43839.09,LD000229_S,2070742.33,2026903.24,LD000229_D5,780375.34,824214.43,0,0,L10_000229,LEGITIMATE_FUND_DISPERSION,NONE,1,5,5,3,8,357688.82,0.021171,0.056177,ONE_TO_MANY,NORMAL
L10_001146,408,TRANSFER,28758.98,LD000230_S,1808183.06,1779424.08,LD000230_D1,707465.64,736224.62,0,0,L10_000230,LEGITIMATE_FUND_DISPERSION,NONE,1,1,5,0,7,271227.46,0.015905,0.040651,ONE_TO_MANY,NORMAL
L10_001147,411,TRANSFER,53186.11,LD000230_S,1779424.08,1726237.97,LD000230_D2,619889.59,673075.7,0,0,L10_000230,LEGITIMATE_FUND_DISPERSION,NONE,1,2,5,3,7,271227.46,0.02989,0.085799,ONE_TO_MANY,NORMAL
L10_001148,412,TRANSFER,47032.22,LD000230_S,1726237.97,1679205.75,LD000230_D3,650114.21,697146.43,0,0,L10_000230,LEGITIMATE_FUND_DISPERSION,NONE,1,3,5,1,7,271227.46,0.027246,0.072345,ONE_TO_MANY,NORMAL
L10_001149,414,TRANSFER,72130.74,LD000230_S,1679205.75,1607075.01,LD000230_D4,1002398.93,1074529.67,0,0,L10_000230,LEGITIMATE_FUND_DISPERSION,NONE,1,4,5,2,7,271227.46,0.042955,0.071958,ONE_TO_MANY,NORMAL
L10_001150,415,TRANSFER,70119.41,LD000230_S,1607075.01,1536955.6,LD000230_D5,904089.8,974209.21,0,0,L10_000230,LEGITIMATE_FUND_DISPERSION,NONE,1,5,5,1,7,271227.46,0.043632,0.077558,ONE_TO_MANY,NORMAL
L10_001151,143,TRANSFER,103548.76,LD000231_S,1926920.56,1823371.8,LD000231_D1,1137589.62,1241138.38,0,0,L10_000231,LEGITIMATE_FUND_DISPERSION,NONE,1,1,5,0,6,289038.09,0.053738,0.091025,ONE_TO_MANY,NORMAL
L10_001152,146,TRANSFER,40317.6,LD000231_S,1823371.8,1783054.2,LD000231_D2,1133740.48,1174058.08,0,0,L10_000231,LEGITIMATE_FUND_DISPERSION,NONE,1,2,5,3,6,289038.09,0.022112,0.035562,ONE_TO_MANY,NORMAL
L10_001153,147,TRANSFER,44596.93,LD000231_S,1783054.2,1738457.27,LD000231_D3,1252169.43,1296766.36,0,0,L10_000231,LEGITIMATE_FUND_DISPERSION,NONE,1,3,5,1,6,289038.09,0.025012,0.035616,ONE_TO_MANY,NORMAL
L10_001154,148,TRANSFER,71315.96,LD000231_S,1738457.27,1667141.31,LD000231_D4,459721.37,531037.33,0,0,L10_000231,LEGITIMATE_FUND_DISPERSION,NONE,1,4,5,1,6,289038.09,0.041023,0.155129,ONE_TO_MANY,NORMAL
L10_001155,149,TRANSFER,29258.84,LD000231_S,1667141.31,1637882.47,LD000231_D5,885861.87,915120.71,0,0,L10_000231,LEGITIMATE_FUND_DISPERSION,NONE,1,5,5,1,6,289038.09,0.01755,0.033029,ONE_TO_MANY,NORMAL
L10_001156,622,TRANSFER,42250.29,LD000232_S,1559995.42,1517745.13,LD000232_D1,1241046.05,1283296.34,0,0,L10_000232,LEGITIMATE_FUND_DISPERSION,NONE,1,1,5,0,8,233999.31,0.027084,0.034044,ONE_TO_MANY,NORMAL
L10_001157,625,TRANSFER,49601.24,LD000232_S,1517745.13,1468143.89,LD000232_D2,539857.62,589458.86,0,0,L10_000232,LEGITIMATE_FUND_DISPERSION,NONE,1,2,5,3,8,233999.31,0.032681,0.091878,ONE_TO_MANY,NORMAL
L10_001158,628,TRANSFER,39718.12,LD000232_S,1468143.89,1428425.77,LD000232_D3,564463.35,604181.47,0,0,L10_000232,LEGITIMATE_FUND_DISPERSION,NONE,1,3,5,3,8,233999.31,0.027053,0.070364,ONE_TO_MANY,NORMAL
L10_001159,629,TRANSFER,34512.72,LD000232_S,1428425.77,1393913.05,LD000232_D4,980801.76,1015314.48,0,0,L10_000232,LEGITIMATE_FUND_DISPERSION,NONE,1,4,5,1,8,233999.31,0.024161,0.035188,ONE_TO_MANY,NORMAL
L10_001160,630,TRANSFER,67916.94,LD000232_S,1393913.05,1325996.11,LD000232_D5,644459.5,712376.44,0,0,L10_000232,LEGITIMATE_FUND_DISPERSION,NONE,1,5,5,1,8,233999.31,0.048724,0.105386,ONE_TO_MANY,NORMAL
L10_001161,592,TRANSFER,94361.56,LD000233_S,2458132.53,2363770.97,LD000233_D1,517897.88,612259.44,0,0,L10_000233,LEGITIMATE_FUND_DISPERSION,NONE,1,1,5,0,7,368719.87,0.038387,0.182201,ONE_TO_MANY,NORMAL
L10_001162,595,TRANSFER,28677.85,LD000233_S,2363770.97,2335093.12,LD000233_D2,771459.04,800136.89,0,0,L10_000233,LEGITIMATE_FUND_DISPERSION,NONE,1,2,5,3,7,368719.87,0.012132,0.037174,ONE_TO_MANY,NORMAL
L10_001163,596,TRANSFER,35968.81,LD000233_S,2335093.12,2299124.31,LD000233_D3,1227007.44,1262976.25,0,0,L10_000233,LEGITIMATE_FUND_DISPERSION,NONE,1,3,5,1,7,368719.87,0.015404,0.029314,ONE_TO_MANY,NORMAL
L10_001164,598,TRANSFER,114409.88,LD000233_S,2299124.31,2184714.43,LD000233_D4,1175753.89,1290163.77,0,0,L10_000233,LEGITIMATE_FUND_DISPERSION,NONE,1,4,5,2,7,368719.87,0.049762,0.097308,ONE_TO_MANY,NORMAL
L10_001165,599,TRANSFER,95301.77,LD000233_S,2184714.43,2089412.66,LD000233_D5,840575.87,935877.64,0,0,L10_000233,LEGITIMATE_FUND_DISPERSION,NONE,1,5,5,1,7,368719.87,0.043622,0.113377,ONE_TO_MANY,NORMAL
L10_001166,89,TRANSFER,71645.61,LD000234_S,1471334.58,1399688.97,LD000234_D1,763984.91,835630.52,0,0,L10_000234,LEGITIMATE_FUND_DISPERSION,NONE,1,1,5,0,8,220700.19,0.048694,0.093779,ONE_TO_MANY,NORMAL
L10_001167,92,TRANSFER,33600.91,LD000234_S,1399688.97,1366088.06,LD000234_D2,440253.46,473854.37,0,0,L10_000234,LEGITIMATE_FUND_DISPERSION,NONE,1,2,5,3,8,220700.19,0.024006,0.076322,ONE_TO_MANY,NORMAL
L10_001168,95,TRANSFER,44044.05,LD000234_S,1366088.06,1322044.01,LD000234_D3,421463.51,465507.56,0,0,L10_000234,LEGITIMATE_FUND_DISPERSION,NONE,1,3,5,3,8,220700.19,0.032241,0.104503,ONE_TO_MANY,NORMAL
L10_001169,96,TRANSFER,11029.74,LD000234_S,1322044.01,1311014.27,LD000234_D4,793256.95,804286.69,0,0,L10_000234,LEGITIMATE_FUND_DISPERSION,NONE,1,4,5,1,8,220700.19,0.008343,0.013904,ONE_TO_MANY,NORMAL
L10_001170,97,TRANSFER,60379.88,LD000234_S,1311014.27,1250634.39,LD000234_D5,923188.6,983568.48,0,0,L10_000234,LEGITIMATE_FUND_DISPERSION,NONE,1,5,5,1,8,220700.19,0.046056,0.065404,ONE_TO_MANY,NORMAL
L10_001171,307,TRANSFER,45381.4,LD000235_S,2065277.81,2019896.41,LD000235_D1,1242512.78,1287894.18,0,0,L10_000235,LEGITIMATE_FUND_DISPERSION,NONE,1,1,5,0,11,309791.66,0.021974,0.036524,ONE_TO_MANY,NORMAL
L10_001172,310,TRANSFER,66393.92,LD000235_S,2019896.41,1953502.49,LD000235_D2,800736.59,867130.51,0,0,L10_000235,LEGITIMATE_FUND_DISPERSION,NONE,1,2,5,3,11,309791.66,0.03287,0.082916,ONE_TO_MANY,NORMAL
L10_001173,313,TRANSFER,42530.96,LD000235_S,1953502.49,1910971.53,LD000235_D3,444071.47,486602.43,0,0,L10_000235,LEGITIMATE_FUND_DISPERSION,NONE,1,3,5,3,11,309791.66,0.021772,0.095775,ONE_TO_MANY,NORMAL
L10_001174,316,TRANSFER,87888.29,LD000235_S,1910971.53,1823083.24,LD000235_D4,1263397.48,1351285.77,0,0,L10_000235,LEGITIMATE_FUND_DISPERSION,NONE,1,4,5,3,11,309791.66,0.045991,0.069565,ONE_TO_MANY,NORMAL
L10_001175,318,TRANSFER,67597.09,LD000235_S,1823083.24,1755486.15,LD000235_D5,745300.57,812897.66,0,0,L10_000235,LEGITIMATE_FUND_DISPERSION,NONE,1,5,5,2,11,309791.66,0.037078,0.090698,ONE_TO_MANY,NORMAL
L10_001176,501,TRANSFER,69881.31,LD000236_S,1373352.61,1303471.3,LD000236_D1,678770.52,748651.83,0,0,L10_000236,LEGITIMATE_FUND_DISPERSION,NONE,1,1,5,0,11,206002.89,0.050884,0.102953,ONE_TO_MANY,NORMAL
L10_001177,504,TRANSFER,15126.85,LD000236_S,1303471.3,1288344.45,LD000236_D2,763945.02,779071.87,0,0,L10_000236,LEGITIMATE_FUND_DISPERSION,NONE,1,2,5,3,11,206002.89,0.011605,0.019801,ONE_TO_MANY,NORMAL
L10_001178,507,TRANSFER,63593.82,LD000236_S,1288344.45,1224750.63,LD000236_D3,1256733.75,1320327.57,0,0,L10_000236,LEGITIMATE_FUND_DISPERSION,NONE,1,3,5,3,11,206002.89,0.049361,0.050602,ONE_TO_MANY,NORMAL
L10_001179,509,TRANSFER,24662.62,LD000236_S,1224750.63,1200088.01,LD000236_D4,953971.96,978634.58,0,0,L10_000236,LEGITIMATE_FUND_DISPERSION,NONE,1,4,5,2,11,206002.89,0.020137,0.025853,ONE_TO_MANY,NORMAL
L10_001180,512,TRANSFER,32738.29,LD000236_S,1200088.01,1167349.72,LD000236_D5,797001.33,829739.62,0,0,L10_000236,LEGITIMATE_FUND_DISPERSION,NONE,1,5,5,3,11,206002.89,0.02728,0.041077,ONE_TO_MANY,NORMAL
L10_001181,34,TRANSFER,18920.34,LD000237_S,1372252.73,1353332.39,LD000237_D1,454399.16,473319.5,0,0,L10_000237,LEGITIMATE_FUND_DISPERSION,NONE,1,1,5,0,10,205837.91,0.013788,0.041638,ONE_TO_MANY,NORMAL
L10_001182,37,TRANSFER,22746.18,LD000237_S,1353332.39,1330586.21,LD000237_D2,589464.12,612210.3,0,0,L10_000237,LEGITIMATE_FUND_DISPERSION,NONE,1,2,5,3,10,205837.91,0.016808,0.038588,ONE_TO_MANY,NORMAL
L10_001183,39,TRANSFER,48183.38,LD000237_S,1330586.21,1282402.83,LD000237_D3,754683.18,802866.56,0,0,L10_000237,LEGITIMATE_FUND_DISPERSION,NONE,1,3,5,2,10,205837.91,0.036212,0.063846,ONE_TO_MANY,NORMAL
L10_001184,42,TRANSFER,51368.65,LD000237_S,1282402.83,1231034.18,LD000237_D4,448948.2,500316.85,0,0,L10_000237,LEGITIMATE_FUND_DISPERSION,NONE,1,4,5,3,10,205837.91,0.040057,0.11442,ONE_TO_MANY,NORMAL
L10_001185,44,TRANSFER,64619.36,LD000237_S,1231034.18,1166414.82,LD000237_D5,442360.59,506979.95,0,0,L10_000237,LEGITIMATE_FUND_DISPERSION,NONE,1,5,5,2,10,205837.91,0.052492,0.146078,ONE_TO_MANY,NORMAL
L10_001186,207,TRANSFER,13760.26,LD000238_S,1411606.69,1397846.43,LD000238_D1,742521.54,756281.8,0,0,L10_000238,LEGITIMATE_FUND_DISPERSION,NONE,1,1,5,0,8,211741.01,0.009748,0.018532,ONE_TO_MANY,NORMAL
L10_001187,209,TRANSFER,7643.69,LD000238_S,1397846.43,1390202.74,LD000238_D2,980843.95,988487.64,0,0,L10_000238,LEGITIMATE_FUND_DISPERSION,NONE,1,2,5,2,8,211741.01,0.005468,0.007793,ONE_TO_MANY,NORMAL
L10_001188,210,TRANSFER,87901.8,LD000238_S,1390202.74,1302300.94,LD000238_D3,674529.87,762431.67,0,0,L10_000238,LEGITIMATE_FUND_DISPERSION,NONE,1,3,5,1,8,211741.01,0.063229,0.130316,ONE_TO_MANY,NORMAL
L10_001189,212,TRANSFER,44432.14,LD000238_S,1302300.94,1257868.8,LD000238_D4,392187.97,436620.11,0,0,L10_000238,LEGITIMATE_FUND_DISPERSION,NONE,1,4,5,2,8,211741.01,0.034118,0.113293,ONE_TO_MANY,NORMAL
L10_001190,215,TRANSFER,58003.12,LD000238_S,1257868.8,1199865.68,LD000238_D5,985667.29,1043670.41,0,0,L10_000238,LEGITIMATE_FUND_DISPERSION,NONE,1,5,5,3,8,211741.01,0.046112,0.058847,ONE_TO_MANY,NORMAL
L10_001191,326,TRANSFER,8514.96,LD000239_S,1420740.21,1412225.25,LD000239_D1,817184.71,825699.67,0,0,L10_000239,LEGITIMATE_FUND_DISPERSION,NONE,1,1,5,0,8,213111.04,0.005993,0.01042,ONE_TO_MANY,NORMAL
L10_001192,328,TRANSFER,58008.48,LD000239_S,1412225.25,1354216.77,LD000239_D2,1256128.07,1314136.55,0,0,L10_000239,LEGITIMATE_FUND_DISPERSION,NONE,1,2,5,2,8,213111.04,0.041076,0.04618,ONE_TO_MANY,NORMAL
L10_001193,329,TRANSFER,44034.8,LD000239_S,1354216.77,1310181.97,LD000239_D3,716675.78,760710.58,0,0,L10_000239,LEGITIMATE_FUND_DISPERSION,NONE,1,3,5,1,8,213111.04,0.032517,0.061443,ONE_TO_MANY,NORMAL
L10_001194,332,TRANSFER,74274.39,LD000239_S,1310181.97,1235907.58,LD000239_D4,695724.44,769998.83,0,0,L10_000239,LEGITIMATE_FUND_DISPERSION,NONE,1,4,5,3,8,213111.04,0.05669,0.106758,ONE_TO_MANY,NORMAL
L10_001195,334,TRANSFER,28278.41,LD000239_S,1235907.58,1207629.17,LD000239_D5,748462.59,776741.0,0,0,L10_000239,LEGITIMATE_FUND_DISPERSION,NONE,1,5,5,2,8,213111.04,0.022881,0.037782,ONE_TO_MANY,NORMAL
L10_001196,505,TRANSFER,39011.59,LD000240_S,2125008.16,2085996.57,LD000240_D1,637501.37,676512.96,0,0,L10_000240,LEGITIMATE_FUND_DISPERSION,NONE,1,1,5,0,8,318751.22,0.018358,0.061195,ONE_TO_MANY,NORMAL
L10_001197,507,TRANSFER,67354.23,LD000240_S,2085996.57,2018642.34,LD000240_D2,1179842.85,1247197.08,0,0,L10_000240,LEGITIMATE_FUND_DISPERSION,NONE,1,2,5,2,8,318751.22,0.032289,0.057087,ONE_TO_MANY,NORMAL
L10_001198,509,TRANSFER,77461.8,LD000240_S,2018642.34,1941180.54,LD000240_D3,511279.57,588741.37,0,0,L10_000240,LEGITIMATE_FUND_DISPERSION,NONE,1,3,5,2,8,318751.22,0.038373,0.151506,ONE_TO_MANY,NORMAL
L10_001199,510,TRANSFER,18527.12,LD000240_S,1941180.54,1922653.42,LD000240_D4,963066.07,981593.19,0,0,L10_000240,LEGITIMATE_FUND_DISPERSION,NONE,1,4,5,1,8,318751.22,0.009544,0.019238,ONE_TO_MANY,NORMAL
L10_001200,513,TRANSFER,116396.48,LD000240_S,1922653.42,1806256.94,LD000240_D5,607589.33,723985.81,0,0,L10_000240,LEGITIMATE_FUND_DISPERSION,NONE,1,5,5,3,8,318751.22,0.06054,0.191571,ONE_TO_MANY,NORMAL
L10_001201,149,TRANSFER,71666.24,LD000241_S,2103594.64,2031928.4,LD000241_D1,1172741.34,1244407.58,0,0,L10_000241,LEGITIMATE_FUND_DISPERSION,NONE,1,1,5,0,7,315539.21,0.034068,0.06111,ONE_TO_MANY,NORMAL
L10_001202,152,TRANSFER,27319.47,LD000241_S,2031928.4,2004608.93,LD000241_D2,1268677.46,1295996.93,0,0,L10_000241,LEGITIMATE_FUND_DISPERSION,NONE,1,2,5,3,7,315539.21,0.013445,0.021534,ONE_TO_MANY,NORMAL
L10_001203,153,TRANSFER,70488.9,LD000241_S,2004608.93,1934120.03,LD000241_D3,546787.88,617276.78,0,0,L10_000241,LEGITIMATE_FUND_DISPERSION,NONE,1,3,5,1,7,315539.21,0.035163,0.128915,ONE_TO_MANY,NORMAL
L10_001204,155,TRANSFER,66381.9,LD000241_S,1934120.03,1867738.13,LD000241_D4,786849.74,853231.64,0,0,L10_000241,LEGITIMATE_FUND_DISPERSION,NONE,1,4,5,2,7,315539.21,0.034321,0.084364,ONE_TO_MANY,NORMAL
L10_001205,156,TRANSFER,79682.7,LD000241_S,1867738.13,1788055.43,LD000241_D5,1179626.11,1259308.81,0,0,L10_000241,LEGITIMATE_FUND_DISPERSION,NONE,1,5,5,1,7,315539.21,0.042663,0.067549,ONE_TO_MANY,NORMAL
L10_001206,867,TRANSFER,56360.11,LD000242_S,1683570.76,1627210.65,LD000242_D1,1033134.22,1089494.33,0,0,L10_000242,LEGITIMATE_FUND_DISPERSION,NONE,1,1,5,0,9,252535.61,0.033477,0.054553,ONE_TO_MANY,NORMAL
L10_001207,870,TRANSFER,10201.99,LD000242_S,1627210.65,1617008.66,LD000242_D2,993237.47,1003439.46,0,0,L10_000242,LEGITIMATE_FUND_DISPERSION,NONE,1,2,5,3,9,252535.61,0.00627,0.010271,ONE_TO_MANY,NORMAL
L10_001208,873,TRANSFER,61604.64,LD000242_S,1617008.66,1555404.02,LD000242_D3,1230670.87,1292275.51,0,0,L10_000242,LEGITIMATE_FUND_DISPERSION,NONE,1,3,5,3,9,252535.61,0.038098,0.050058,ONE_TO_MANY,NORMAL
L10_001209,874,TRANSFER,62338.6,LD000242_S,1555404.02,1493065.42,LD000242_D4,1146550.92,1208889.52,0,0,L10_000242,LEGITIMATE_FUND_DISPERSION,NONE,1,4,5,1,9,252535.61,0.040079,0.054371,ONE_TO_MANY,NORMAL
L10_001210,876,TRANSFER,62030.27,LD000242_S,1493065.42,1431035.15,LD000242_D5,656642.52,718672.79,0,0,L10_000242,LEGITIMATE_FUND_DISPERSION,NONE,1,5,5,2,9,252535.61,0.041546,0.094466,ONE_TO_MANY,NORMAL
L10_001211,39,TRANSFER,88184.15,LD000243_S,2449431.0,2361246.85,LD000243_D1,1218298.3,1306482.45,0,0,L10_000243,LEGITIMATE_FUND_DISPERSION,NONE,1,1,5,0,8,367414.64,0.036002,0.072383,ONE_TO_MANY,NORMAL
L10_001212,40,TRANSFER,124136.25,LD000243_S,2361246.85,2237110.6,LD000243_D2,852576.68,976712.93,0,0,L10_000243,LEGITIMATE_FUND_DISPERSION,NONE,1,2,5,1,8,367414.64,0.052572,0.145601,ONE_TO_MANY,NORMAL
L10_001213,41,TRANSFER,25984.44,LD000243_S,2237110.6,2211126.16,LD000243_D3,690674.93,716659.37,0,0,L10_000243,LEGITIMATE_FUND_DISPERSION,NONE,1,3,5,1,8,367414.64,0.011615,0.037622,ONE_TO_MANY,NORMAL
L10_001214,44,TRANSFER,55283.63,LD000243_S,2211126.16,2155842.53,LD000243_D4,750664.84,805948.47,0,0,L10_000243,LEGITIMATE_FUND_DISPERSION,NONE,1,4,5,3,8,367414.64,0.025002,0.073646,ONE_TO_MANY,NORMAL
L10_001215,47,TRANSFER,73826.17,LD000243_S,2155842.53,2082016.36,LD000243_D5,1096161.25,1169987.42,0,0,L10_000243,LEGITIMATE_FUND_DISPERSION,NONE,1,5,5,3,8,367414.64,0.034245,0.06735,ONE_TO_MANY,NORMAL
L10_001216,25,TRANSFER,92087.05,LD000244_S,2374201.5,2282114.45,LD000244_D1,1119571.35,1211658.4,0,0,L10_000244,LEGITIMATE_FUND_DISPERSION,NONE,1,1,5,0,5,356130.21,0.038787,0.082252,ONE_TO_MANY,NORMAL
L10_001217,27,TRANSFER,18432.65,LD000244_S,2282114.45,2263681.8,LD000244_D2,878841.46,897274.11,0,0,L10_000244,LEGITIMATE_FUND_DISPERSION,NONE,1,2,5,2,5,356130.21,0.008077,0.020974,ONE_TO_MANY,NORMAL
L10_001218,28,TRANSFER,98332.44,LD000244_S,2263681.8,2165349.36,LD000244_D3,578320.04,676652.48,0,0,L10_000244,LEGITIMATE_FUND_DISPERSION,NONE,1,3,5,1,5,356130.21,0.043439,0.170031,ONE_TO_MANY,NORMAL
L10_001219,29,TRANSFER,78970.87,LD000244_S,2165349.36,2086378.49,LD000244_D4,1219068.73,1298039.6,0,0,L10_000244,LEGITIMATE_FUND_DISPERSION,NONE,1,4,5,1,5,356130.21,0.03647,0.06478,ONE_TO_MANY,NORMAL
L10_001220,30,TRANSFER,68307.2,LD000244_S,2086378.49,2018071.29,LD000244_D5,965680.91,1033988.11,0,0,L10_000244,LEGITIMATE_FUND_DISPERSION,NONE,1,5,5,1,5,356130.21,0.03274,0.070735,ONE_TO_MANY,NORMAL
L10_001221,518,TRANSFER,15585.44,LD000245_S,2042183.18,2026597.74,LD000245_D1,1150306.11,1165891.55,0,0,L10_000245,LEGITIMATE_FUND_DISPERSION,NONE,1,1,5,0,11,306327.49,0.007632,0.013549,ONE_TO_MANY,NORMAL
L10_001222,521,TRANSFER,122146.92,LD000245_S,2026597.74,1904450.82,LD000245_D2,451304.72,573451.64,0,0,L10_000245,LEGITIMATE_FUND_DISPERSION,NONE,1,2,5,3,11,306327.49,0.060272,0.270653,ONE_TO_MANY,NORMAL
L10_001223,523,TRANSFER,63941.45,LD000245_S,1904450.82,1840509.37,LD000245_D3,907860.7,971802.15,0,0,L10_000245,LEGITIMATE_FUND_DISPERSION,NONE,1,3,5,2,11,306327.49,0.033575,0.070431,ONE_TO_MANY,NORMAL
L10_001224,526,TRANSFER,70642.41,LD000245_S,1840509.37,1769866.96,LD000245_D4,1156139.15,1226781.56,0,0,L10_000245,LEGITIMATE_FUND_DISPERSION,NONE,1,4,5,3,11,306327.49,0.038382,0.061102,ONE_TO_MANY,NORMAL
L10_001225,529,TRANSFER,34011.27,LD000245_S,1769866.96,1735855.69,LD000245_D5,504302.24,538313.51,0,0,L10_000245,LEGITIMATE_FUND_DISPERSION,NONE,1,5,5,3,11,306327.49,0.019217,0.067442,ONE_TO_MANY,NORMAL
L10_001226,832,TRANSFER,86308.75,LD000246_S,2439279.97,2352971.22,LD000246_D1,1197546.7,1283855.45,0,0,L10_000246,LEGITIMATE_FUND_DISPERSION,NONE,1,1,5,0,6,365891.99,0.035383,0.072071,ONE_TO_MANY,NORMAL
L10_001227,833,TRANSFER,72249.99,LD000246_S,2352971.22,2280721.23,LD000246_D2,447935.77,520185.76,0,0,L10_000246,LEGITIMATE_FUND_DISPERSION,NONE,1,2,5,1,6,365891.99,0.030706,0.161295,ONE_TO_MANY,NORMAL
L10_001228,834,TRANSFER,47238.59,LD000246_S,2280721.23,2233482.64,LD000246_D3,957273.51,1004512.1,0,0,L10_000246,LEGITIMATE_FUND_DISPERSION,NONE,1,3,5,1,6,365891.99,0.020712,0.049347,ONE_TO_MANY,NORMAL
L10_001229,835,TRANSFER,51151.01,LD000246_S,2233482.64,2182331.63,LD000246_D4,1119677.52,1170828.53,0,0,L10_000246,LEGITIMATE_FUND_DISPERSION,NONE,1,4,5,1,6,365891.99,0.022902,0.045684,ONE_TO_MANY,NORMAL
L10_001230,838,TRANSFER,108943.65,LD000246_S,2182331.63,2073387.98,LD000246_D5,1192957.14,1301900.79,0,0,L10_000246,LEGITIMATE_FUND_DISPERSION,NONE,1,5,5,3,6,365891.99,0.049921,0.091322,ONE_TO_MANY,NORMAL
L10_001231,778,TRANSFER,31981.01,LD000247_S,2473694.62,2441713.61,LD000247_D1,1053217.79,1085198.8,0,0,L10_000247,LEGITIMATE_FUND_DISPERSION,NONE,1,1,5,0,10,367042.72,0.012928,0.030365,ONE_TO_MANY,NORMAL
L10_001232,780,TRANSFER,14987.61,LD000247_S,2441713.61,2426726.0,LD000247_D2,935760.06,950747.67,0,0,L10_000247,LEGITIMATE_FUND_DISPERSION,NONE,1,2,5,2,10,367042.72,0.006138,0.016017,ONE_TO_MANY,NORMAL
L10_001233,783,TRANSFER,63762.45,LD000247_S,2426726.0,2362963.55,LD000247_D3,826705.77,890468.22,0,0,L10_000247,LEGITIMATE_FUND_DISPERSION,NONE,1,3,5,3,10,367042.72,0.026275,0.077128,ONE_TO_MANY,NORMAL
L10_001234,786,TRANSFER,154910.34,LD000247_S,2362963.55,2208053.21,LD000247_D4,1039963.65,1194873.99,0,0,L10_000247,LEGITIMATE_FUND_DISPERSION,NONE,1,4,5,3,10,367042.72,0.065558,0.148957,ONE_TO_MANY,NORMAL
L10_001235,788,TRANSFER,101401.31,LD000247_S,2208053.21,2106651.9,LD000247_D5,1139354.18,1240755.49,0,0,L10_000247,LEGITIMATE_FUND_DISPERSION,NONE,1,5,5,2,10,367042.72,0.045923,0.088999,ONE_TO_MANY,NORMAL
L10_001236,75,TRANSFER,59355.96,LD000248_S,1360358.54,1301002.58,LD000248_D1,707568.48,766924.44,0,0,L10_000248,LEGITIMATE_FUND_DISPERSION,NONE,1,1,5,0,9,204053.78,0.043633,0.083887,ONE_TO_MANY,NORMAL
L10_001237,77,TRANSFER,38402.22,LD000248_S,1301002.58,1262600.36,LD000248_D2,422798.81,461201.03,0,0,L10_000248,LEGITIMATE_FUND_DISPERSION,NONE,1,2,5,2,9,204053.78,0.029517,0.090829,ONE_TO_MANY,NORMAL
L10_001238,80,TRANSFER,31849.08,LD000248_S,1262600.36,1230751.28,LD000248_D3,1032480.85,1064329.93,0,0,L10_000248,LEGITIMATE_FUND_DISPERSION,NONE,1,3,5,3,9,204053.78,0.025225,0.030847,ONE_TO_MANY,NORMAL
L10_001239,82,TRANSFER,27663.04,LD000248_S,1230751.28,1203088.24,LD000248_D4,459938.41,487601.45,0,0,L10_000248,LEGITIMATE_FUND_DISPERSION,NONE,1,4,5,2,9,204053.78,0.022477,0.060145,ONE_TO_MANY,NORMAL
L10_001240,84,TRANSFER,46783.48,LD000248_S,1203088.24,1156304.76,LD000248_D5,552210.71,598994.19,0,0,L10_000248,LEGITIMATE_FUND_DISPERSION,NONE,1,5,5,2,9,204053.78,0.038886,0.08472,ONE_TO_MANY,NORMAL
L10_001241,217,TRANSFER,48846.04,LD000249_S,2467905.96,2419059.92,LD000249_D1,1060549.42,1109395.46,0,0,L10_000249,LEGITIMATE_FUND_DISPERSION,NONE,1,1,5,0,9,370185.89,0.019793,0.046057,ONE_TO_MANY,NORMAL
L10_001242,219,TRANSFER,9778.85,LD000249_S,2419059.92,2409281.07,LD000249_D2,1047948.03,1057726.88,0,0,L10_000249,LEGITIMATE_FUND_DISPERSION,NONE,1,2,5,2,9,370185.89,0.004042,0.009331,ONE_TO_MANY,NORMAL
L10_001243,222,TRANSFER,107749.22,LD000249_S,2409281.07,2301531.85,LD000249_D3,1007419.14,1115168.36,0,0,L10_000249,LEGITIMATE_FUND_DISPERSION,NONE,1,3,5,3,9,370185.89,0.044723,0.106956,ONE_TO_MANY,NORMAL
L10_001244,223,TRANSFER,88117.03,LD000249_S,2301531.85,2213414.82,LD000249_D4,1254389.95,1342506.98,0,0,L10_000249,LEGITIMATE_FUND_DISPERSION,NONE,1,4,5,1,9,370185.89,0.038286,0.070247,ONE_TO_MANY,NORMAL
L10_001245,226,TRANSFER,115694.75,LD000249_S,2213414.82,2097720.07,LD000249_D5,525290.76,640985.51,0,0,L10_000249,LEGITIMATE_FUND_DISPERSION,NONE,1,5,5,3,9,370185.89,0.05227,0.220249,ONE_TO_MANY,NORMAL
L10_001246,775,TRANSFER,59466.61,LD000250_S,1545755.49,1486288.88,LD000250_D1,1072138.75,1131605.36,0,0,L10_000250,LEGITIMATE_FUND_DISPERSION,NONE,1,1,5,0,7,231863.32,0.038471,0.055465,ONE_TO_MANY,NORMAL
L10_001247,777,TRANSFER,52509.78,LD000250_S,1486288.88,1433779.1,LD000250_D2,535474.26,587984.04,0,0,L10_000250,LEGITIMATE_FUND_DISPERSION,NONE,1,2,5,2,7,231863.32,0.035329,0.098062,ONE_TO_MANY,NORMAL
L10_001248,778,TRANSFER,19156.04,LD000250_S,1433779.1,1414623.06,LD000250_D3,975167.14,994323.18,0,0,L10_000250,LEGITIMATE_FUND_DISPERSION,NONE,1,3,5,1,7,231863.32,0.013361,0.019644,ONE_TO_MANY,NORMAL
L10_001249,779,TRANSFER,42060.34,LD000250_S,1414623.06,1372562.72,LD000250_D4,901455.47,943515.81,0,0,L10_000250,LEGITIMATE_FUND_DISPERSION,NONE,1,4,5,1,7,231863.32,0.029733,0.046658,ONE_TO_MANY,NORMAL
L10_001250,782,TRANSFER,58670.55,LD000250_S,1372562.72,1313892.17,LD000250_D5,747553.53,806224.08,0,0,L10_000250,LEGITIMATE_FUND_DISPERSION,NONE,1,5,5,3,7,231863.32,0.042745,0.078483,ONE_TO_MANY,NORMAL
L10_001251,212,TRANSFER,13871.46,LD000251_S,2276300.32,2262428.86,LD000251_D1,937018.23,950889.69,0,0,L10_000251,LEGITIMATE_FUND_DISPERSION,NONE,1,1,5,0,10,341445.06,0.006094,0.014804,ONE_TO_MANY,NORMAL
L10_001252,215,TRANSFER,116115.94,LD000251_S,2262428.86,2146312.92,LD000251_D2,1155714.31,1271830.25,0,0,L10_000251,LEGITIMATE_FUND_DISPERSION,NONE,1,2,5,3,10,341445.06,0.051324,0.100471,ONE_TO_MANY,NORMAL
L10_001253,218,TRANSFER,65415.86,LD000251_S,2146312.92,2080897.06,LD000251_D3,735974.53,801390.39,0,0,L10_000251,LEGITIMATE_FUND_DISPERSION,NONE,1,3,5,3,10,341445.06,0.030478,0.088883,ONE_TO_MANY,NORMAL
L10_001254,220,TRANSFER,103773.01,LD000251_S,2080897.06,1977124.05,LD000251_D4,597928.69,701701.7,0,0,L10_000251,LEGITIMATE_FUND_DISPERSION,NONE,1,4,5,2,10,341445.06,0.049869,0.173554,ONE_TO_MANY,NORMAL
L10_001255,222,TRANSFER,42268.79,LD000251_S,1977124.05,1934855.26,LD000251_D5,1125389.39,1167658.18,0,0,L10_000251,LEGITIMATE_FUND_DISPERSION,NONE,1,5,5,2,10,341445.06,0.021379,0.037559,ONE_TO_MANY,NORMAL
L10_001256,767,TRANSFER,74204.94,LD000252_S,2393738.05,2319533.11,LD000252_D1,1048041.05,1122245.99,0,0,L10_000252,LEGITIMATE_FUND_DISPERSION,NONE,1,1,5,0,10,359060.71,0.031,0.070803,ONE_TO_MANY,NORMAL
L10_001257,770,TRANSFER,78737.66,LD000252_S,2319533.11,2240795.45,LD000252_D2,899688.67,978426.33,0,0,L10_000252,LEGITIMATE_FUND_DISPERSION,NONE,1,2,5,3,10,359060.71,0.033945,0.087517,ONE_TO_MANY,NORMAL
L10_001258,773,TRANSFER,68027.9,LD000252_S,2240795.45,2172767.55,LD000252_D3,760628.26,828656.16,0,0,L10_000252,LEGITIMATE_FUND_DISPERSION,NONE,1,3,5,3,10,359060.71,0.030359,0.089436,ONE_TO_MANY,NORMAL
L10_001259,776,TRANSFER,69430.68,LD000252_S,2172767.55,2103336.87,LD000252_D4,517543.9,586974.58,0,0,L10_000252,LEGITIMATE_FUND_DISPERSION,NONE,1,4,5,3,10,359060.71,0.031955,0.134154,ONE_TO_MANY,NORMAL
L10_001260,777,TRANSFER,68659.53,LD000252_S,2103336.87,2034677.34,LD000252_D5,558431.24,627090.77,0,0,L10_000252,LEGITIMATE_FUND_DISPERSION,NONE,1,5,5,1,10,359060.71,0.032643,0.122951,ONE_TO_MANY,NORMAL
L10_001261,150,TRANSFER,49902.1,LD000253_S,1330153.51,1280251.41,LD000253_D1,779547.08,829449.18,0,0,L10_000253,LEGITIMATE_FUND_DISPERSION,NONE,1,1,5,0,6,199523.02,0.037516,0.064014,ONE_TO_MANY,NORMAL
L10_001262,151,TRANSFER,41400.77,LD000253_S,1280251.41,1238850.64,LD000253_D2,1028738.57,1070139.34,0,0,L10_000253,LEGITIMATE_FUND_DISPERSION,NONE,1,2,5,1,6,199523.02,0.032338,0.040244,ONE_TO_MANY,NORMAL
L10_001263,154,TRANSFER,41942.35,LD000253_S,1238850.64,1196908.29,LD000253_D3,768656.65,810599.0,0,0,L10_000253,LEGITIMATE_FUND_DISPERSION,NONE,1,3,5,3,6,199523.02,0.033856,0.054566,ONE_TO_MANY,NORMAL
L10_001264,155,TRANSFER,42937.12,LD000253_S,1196908.29,1153971.17,LD000253_D4,1205142.12,1248079.24,0,0,L10_000253,LEGITIMATE_FUND_DISPERSION,NONE,1,4,5,1,6,199523.02,0.035873,0.035628,ONE_TO_MANY,NORMAL
L10_001265,156,TRANSFER,23340.68,LD000253_S,1153971.17,1130630.49,LD000253_D5,1159458.15,1182798.83,0,0,L10_000253,LEGITIMATE_FUND_DISPERSION,NONE,1,5,5,1,6,199523.02,0.020226,0.020131,ONE_TO_MANY,NORMAL
L10_001266,172,TRANSFER,14152.52,LD000254_S,1888918.21,1874765.69,LD000254_D1,1054282.49,1068435.01,0,0,L10_000254,LEGITIMATE_FUND_DISPERSION,NONE,1,1,5,0,8,283337.74,0.007492,0.013424,ONE_TO_MANY,NORMAL
L10_001267,173,TRANSFER,97310.85,LD000254_S,1874765.69,1777454.84,LD000254_D2,934671.61,1031982.46,0,0,L10_000254,LEGITIMATE_FUND_DISPERSION,NONE,1,2,5,1,8,283337.74,0.051906,0.104112,ONE_TO_MANY,NORMAL
L10_001268,176,TRANSFER,28113.11,LD000254_S,1777454.84,1749341.73,LD000254_D3,1180100.82,1208213.93,0,0,L10_000254,LEGITIMATE_FUND_DISPERSION,NONE,1,3,5,3,8,283337.74,0.015816,0.023823,ONE_TO_MANY,NORMAL
L10_001269,177,TRANSFER,54782.19,LD000254_S,1749341.73,1694559.54,LD000254_D4,688614.19,743396.38,0,0,L10_000254,LEGITIMATE_FUND_DISPERSION,NONE,1,4,5,1,8,283337.74,0.031316,0.079554,ONE_TO_MANY,NORMAL
L10_001270,180,TRANSFER,88979.07,LD000254_S,1694559.54,1605580.47,LD000254_D5,805395.0,894374.07,0,0,L10_000254,LEGITIMATE_FUND_DISPERSION,NONE,1,5,5,3,8,283337.74,0.052509,0.110479,ONE_TO_MANY,NORMAL
L10_001271,667,TRANSFER,14340.06,LD000255_S,1658563.06,1644223.0,LD000255_D1,623725.84,638065.9,0,0,L10_000255,LEGITIMATE_FUND_DISPERSION,NONE,1,1,5,0,7,248784.47,0.008646,0.022991,ONE_TO_MANY,NORMAL
L10_001272,669,TRANSFER,81183.17,LD000255_S,1644223.0,1563039.83,LD000255_D2,483475.7,564658.87,0,0,L10_000255,LEGITIMATE_FUND_DISPERSION,NONE,1,2,5,2,7,248784.47,0.049375,0.167916,ONE_TO_MANY,NORMAL
L10_001273,672,TRANSFER,38663.24,LD000255_S,1563039.83,1524376.59,LD000255_D3,1218646.02,1257309.26,0,0,L10_000255,LEGITIMATE_FUND_DISPERSION,NONE,1,3,5,3,7,248784.47,0.024736,0.031726,ONE_TO_MANY,NORMAL
L10_001274,673,TRANSFER,32834.35,LD000255_S,1524376.59,1491542.24,LD000255_D4,617651.34,650485.69,0,0,L10_000255,LEGITIMATE_FUND_DISPERSION,NONE,1,4,5,1,7,248784.47,0.02154,0.05316,ONE_TO_MANY,NORMAL
L10_001275,674,TRANSFER,81763.65,LD000255_S,1491542.24,1409778.59,LD000255_D5,1162652.09,1244415.74,0,0,L10_000255,LEGITIMATE_FUND_DISPERSION,NONE,1,5,5,1,7,248784.47,0.054818,0.070325,ONE_TO_MANY,NORMAL
L10_001276,173,TRANSFER,77166.02,LD000256_S,2060466.24,1983300.22,LD000256_D1,476668.9,553834.92,0,0,L10_000256,LEGITIMATE_FUND_DISPERSION,NONE,1,1,5,0,8,309069.93,0.037451,0.161886,ONE_TO_MANY,NORMAL
L10_001277,175,TRANSFER,71755.46,LD000256_S,1983300.22,1911544.76,LD000256_D2,1205760.73,1277516.19,0,0,L10_000256,LEGITIMATE_FUND_DISPERSION,NONE,1,2,5,2,8,309069.93,0.03618,0.059511,ONE_TO_MANY,NORMAL
L10_001278,178,TRANSFER,89303.79,LD000256_S,1911544.76,1822240.97,LD000256_D3,385759.46,475063.25,0,0,L10_000256,LEGITIMATE_FUND_DISPERSION,NONE,1,3,5,3,8,309069.93,0.046718,0.231501,ONE_TO_MANY,NORMAL
L10_001279,180,TRANSFER,60305.6,LD000256_S,1822240.97,1761935.37,LD000256_D4,697741.98,758047.58,0,0,L10_000256,LEGITIMATE_FUND_DISPERSION,NONE,1,4,5,2,8,309069.93,0.033094,0.08643,ONE_TO_MANY,NORMAL
L10_001280,181,TRANSFER,10539.06,LD000256_S,1761935.37,1751396.31,LD000256_D5,423694.32,434233.38,0,0,L10_000256,LEGITIMATE_FUND_DISPERSION,NONE,1,5,5,1,8,309069.93,0.005982,0.024874,ONE_TO_MANY,NORMAL
L10_001281,511,TRANSFER,48536.13,LD000257_S,1695004.67,1646468.54,LD000257_D1,1198355.94,1246892.07,0,0,L10_000257,LEGITIMATE_FUND_DISPERSION,NONE,1,1,5,0,9,254250.69,0.028635,0.040502,ONE_TO_MANY,NORMAL
L10_001282,513,TRANSFER,66642.4,LD000257_S,1646468.54,1579826.14,LD000257_D2,703675.1,770317.5,0,0,L10_000257,LEGITIMATE_FUND_DISPERSION,NONE,1,2,5,2,9,254250.69,0.040476,0.094706,ONE_TO_MANY,NORMAL
L10_001283,515,TRANSFER,57100.68,LD000257_S,1579826.14,1522725.46,LD000257_D3,919572.14,976672.82,0,0,L10_000257,LEGITIMATE_FUND_DISPERSION,NONE,1,3,5,2,9,254250.69,0.036144,0.062095,ONE_TO_MANY,NORMAL
L10_001284,518,TRANSFER,33726.57,LD000257_S,1522725.46,1488998.89,LD000257_D4,830855.98,864582.55,0,0,L10_000257,LEGITIMATE_FUND_DISPERSION,NONE,1,4,5,3,9,254250.69,0.022149,0.040593,ONE_TO_MANY,NORMAL
L10_001285,520,TRANSFER,48244.91,LD000257_S,1488998.89,1440753.98,LD000257_D5,608768.16,657013.07,0,0,L10_000257,LEGITIMATE_FUND_DISPERSION,NONE,1,5,5,2,9,254250.69,0.032401,0.07925,ONE_TO_MANY,NORMAL
L10_001286,323,TRANSFER,21116.77,LD000258_S,2395542.89,2374426.12,LD000258_D1,1196969.95,1218086.72,0,0,L10_000258,LEGITIMATE_FUND_DISPERSION,NONE,1,1,5,0,8,211897.44,0.008815,0.017642,ONE_TO_MANY,NORMAL
L10_001287,326,TRANSFER,97205.3,LD000258_S,2374426.12,2277220.82,LD000258_D2,412988.6,510193.9,0,0,L10_000258,LEGITIMATE_FUND_DISPERSION,NONE,1,2,5,3,8,211897.44,0.040938,0.23537,ONE_TO_MANY,NORMAL
L10_001288,328,TRANSFER,26747.44,LD000258_S,2277220.82,2250473.38,LD000258_D3,994273.54,1021020.98,0,0,L10_000258,LEGITIMATE_FUND_DISPERSION,NONE,1,3,5,2,8,211897.44,0.011746,0.026901,ONE_TO_MANY,NORMAL
L10_001289,329,TRANSFER,52328.26,LD000258_S,2250473.38,2198145.12,LD000258_D4,516307.57,568635.83,0,0,L10_000258,LEGITIMATE_FUND_DISPERSION,NONE,1,4,5,1,8,211897.44,0.023252,0.101351,ONE_TO_MANY,NORMAL
L10_001290,331,TRANSFER,14499.67,LD000258_S,2198145.12,2183645.45,LD000258_D5,1137511.35,1152011.02,0,0,L10_000258,LEGITIMATE_FUND_DISPERSION,NONE,1,5,5,2,8,211897.44,0.006596,0.012747,ONE_TO_MANY,NORMAL
L10_001291,772,TRANSFER,83104.08,LD000259_S,2350174.64,2267070.56,LD000259_D1,1265457.72,1348561.8,0,0,L10_000259,LEGITIMATE_FUND_DISPERSION,NONE,1,1,5,0,7,352526.19,0.035361,0.065671,ONE_TO_MANY,NORMAL
L10_001292,774,TRANSFER,68020.95,LD000259_S,2267070.56,2199049.61,LD000259_D2,444111.55,512132.5,0,0,L10_000259,LEGITIMATE_FUND_DISPERSION,NONE,1,2,5,2,7,352526.19,0.030004,0.153162,ONE_TO_MANY,NORMAL
L10_001293,776,TRANSFER,71837.12,LD000259_S,2199049.61,2127212.49,LD000259_D3,550521.43,622358.55,0,0,L10_000259,LEGITIMATE_FUND_DISPERSION,NONE,1,3,5,2,7,352526.19,0.032667,0.130489,ONE_TO_MANY,NORMAL
L10_001294,778,TRANSFER,85217.05,LD000259_S,2127212.49,2041995.44,LD000259_D4,741794.47,827011.52,0,0,L10_000259,LEGITIMATE_FUND_DISPERSION,NONE,1,4,5,2,7,352526.19,0.04006,0.11488,ONE_TO_MANY,NORMAL
L10_001295,779,TRANSFER,44346.99,LD000259_S,2041995.44,1997648.45,LD000259_D5,986289.83,1030636.82,0,0,L10_000259,LEGITIMATE_FUND_DISPERSION,NONE,1,5,5,1,7,352526.19,0.021717,0.044963,ONE_TO_MANY,NORMAL
L10_001296,455,TRANSFER,18658.5,LD000260_S,1893868.35,1875209.85,LD000260_D1,873157.16,891815.66,0,0,L10_000260,LEGITIMATE_FUND_DISPERSION,NONE,1,1,5,0,8,284080.25,0.009852,0.021369,ONE_TO_MANY,NORMAL
L10_001297,456,TRANSFER,31640.03,LD000260_S,1875209.85,1843569.82,LD000260_D2,424289.88,455929.91,0,0,L10_000260,LEGITIMATE_FUND_DISPERSION,NONE,1,2,5,1,8,284080.25,0.016873,0.074572,ONE_TO_MANY,NORMAL
L10_001298,459,TRANSFER,56984.1,LD000260_S,1843569.82,1786585.72,LD000260_D3,706538.55,763522.65,0,0,L10_000260,LEGITIMATE_FUND_DISPERSION,NONE,1,3,5,3,8,284080.25,0.03091,0.080652,ONE_TO_MANY,NORMAL
L10_001299,460,TRANSFER,73019.7,LD000260_S,1786585.72,1713566.02,LD000260_D4,806044.2,879063.9,0,0,L10_000260,LEGITIMATE_FUND_DISPERSION,NONE,1,4,5,1,8,284080.25,0.040871,0.09059,ONE_TO_MANY,NORMAL
L10_001300,463,TRANSFER,103777.92,LD000260_S,1713566.02,1609788.1,LD000260_D5,872498.81,976276.73,0,0,L10_000260,LEGITIMATE_FUND_DISPERSION,NONE,1,5,5,3,8,284080.25,0.060563,0.118943,ONE_TO_MANY,NORMAL
L10_001301,256,TRANSFER,69163.1,LD000261_S,2507648.4,2438485.3,LD000261_D1,1009522.88,1078685.98,0,0,L10_000261,LEGITIMATE_FUND_DISPERSION,NONE,1,1,5,0,8,376147.26,0.027581,0.068511,ONE_TO_MANY,NORMAL
L10_001302,257,TRANSFER,51165.92,LD000261_S,2438485.3,2387319.38,LD000261_D2,1113155.07,1164320.99,0,0,L10_000261,LEGITIMATE_FUND_DISPERSION,NONE,1,2,5,1,8,376147.26,0.020983,0.045965,ONE_TO_MANY,NORMAL
L10_001303,260,TRANSFER,27922.89,LD000261_S,2387319.38,2359396.49,LD000261_D3,526649.73,554572.62,0,0,L10_000261,LEGITIMATE_FUND_DISPERSION,NONE,1,3,5,3,8,376147.26,0.011696,0.05302,ONE_TO_MANY,NORMAL
L10_001304,263,TRANSFER,106573.47,LD000261_S,2359396.49,2252823.02,LD000261_D4,447185.28,553758.75,0,0,L10_000261,LEGITIMATE_FUND_DISPERSION,NONE,1,4,5,3,8,376147.26,0.04517,0.238321,ONE_TO_MANY,NORMAL
L10_001305,264,TRANSFER,121321.88,LD000261_S,2252823.02,2131501.14,LD000261_D5,1190973.02,1312294.9,0,0,L10_000261,LEGITIMATE_FUND_DISPERSION,NONE,1,5,5,1,8,376147.26,0.053853,0.101868,ONE_TO_MANY,NORMAL
L10_001306,303,TRANSFER,47165.34,LD000262_S,2215514.25,2168348.91,LD000262_D1,747007.97,794173.31,0,0,L10_000262,LEGITIMATE_FUND_DISPERSION,NONE,1,1,5,0,8,332327.14,0.021289,0.063139,ONE_TO_MANY,NORMAL
L10_001307,305,TRANSFER,23258.57,LD000262_S,2168348.91,2145090.34,LD000262_D2,911666.66,934925.23,0,0,L10_000262,LEGITIMATE_FUND_DISPERSION,NONE,1,2,5,2,8,332327.14,0.010726,0.025512,ONE_TO_MANY,NORMAL
L10_001308,306,TRANSFER,89794.81,LD000262_S,2145090.34,2055295.53,LD000262_D3,958231.04,1048025.85,0,0,L10_000262,LEGITIMATE_FUND_DISPERSION,NONE,1,3,5,1,8,332327.14,0.041861,0.093709,ONE_TO_MANY,NORMAL
L10_001309,309,TRANSFER,84166.82,LD000262_S,2055295.53,1971128.71,LD000262_D4,975464.08,1059630.9,0,0,L10_000262,LEGITIMATE_FUND_DISPERSION,NONE,1,4,5,3,8,332327.14,0.040951,0.086284,ONE_TO_MANY,NORMAL
L10_001310,311,TRANSFER,87941.6,LD000262_S,1971128.71,1883187.11,LD000262_D5,1093347.28,1181288.88,0,0,L10_000262,LEGITIMATE_FUND_DISPERSION,NONE,1,5,5,2,8,332327.14,0.044615,0.080433,ONE_TO_MANY,NORMAL
L10_001311,439,TRANSFER,118732.29,LD000263_S,2308183.56,2189451.27,LD000263_D1,484897.36,603629.65,0,0,L10_000263,LEGITIMATE_FUND_DISPERSION,NONE,1,1,5,0,9,346227.53,0.05144,0.244861,ONE_TO_MANY,NORMAL
L10_001312,440,TRANSFER,14889.8,LD000263_S,2189451.27,2174561.47,LD000263_D2,406674.25,421564.05,0,0,L10_000263,LEGITIMATE_FUND_DISPERSION,NONE,1,2,5,1,9,346227.53,0.006801,0.036614,ONE_TO_MANY,NORMAL
L10_001313,443,TRANSFER,62359.79,LD000263_S,2174561.47,2112201.68,LD000263_D3,1098133.49,1160493.28,0,0,L10_000263,LEGITIMATE_FUND_DISPERSION,NONE,1,3,5,3,9,346227.53,0.028677,0.056787,ONE_TO_MANY,NORMAL
L10_001314,446,TRANSFER,61152.74,LD000263_S,2112201.68,2051048.94,LD000263_D4,394730.11,455882.85,0,0,L10_000263,LEGITIMATE_FUND_DISPERSION,NONE,1,4,5,3,9,346227.53,0.028952,0.154923,ONE_TO_MANY,NORMAL
L10_001315,448,TRANSFER,89092.91,LD000263_S,2051048.94,1961956.03,LD000263_D5,706706.66,795799.57,0,0,L10_000263,LEGITIMATE_FUND_DISPERSION,NONE,1,5,5,2,9,346227.53,0.043438,0.126068,ONE_TO_MANY,NORMAL
L10_001316,517,TRANSFER,64738.49,LD000264_S,1481287.49,1416549.0,LD000264_D1,825160.5,889898.99,0,0,L10_000264,LEGITIMATE_FUND_DISPERSION,NONE,1,1,5,0,10,222193.11,0.043704,0.078456,ONE_TO_MANY,NORMAL
L10_001317,519,TRANSFER,28035.32,LD000264_S,1416549.0,1388513.68,LD000264_D2,533494.58,561529.9,0,0,L10_000264,LEGITIMATE_FUND_DISPERSION,NONE,1,2,5,2,10,222193.11,0.019791,0.05255,ONE_TO_MANY,NORMAL
L10_001318,522,TRANSFER,62777.16,LD000264_S,1388513.68,1325736.52,LD000264_D3,686909.81,749686.97,0,0,L10_000264,LEGITIMATE_FUND_DISPERSION,NONE,1,3,5,3,10,222193.11,0.045212,0.091391,ONE_TO_MANY,NORMAL
L10_001319,524,TRANSFER,24900.51,LD000264_S,1325736.52,1300836.01,LD000264_D4,894577.73,919478.24,0,0,L10_000264,LEGITIMATE_FUND_DISPERSION,NONE,1,4,5,2,10,222193.11,0.018782,0.027835,ONE_TO_MANY,NORMAL
L10_001320,527,TRANSFER,41741.63,LD000264_S,1300836.01,1259094.38,LD000264_D5,851411.26,893152.89,0,0,L10_000264,LEGITIMATE_FUND_DISPERSION,NONE,1,5,5,3,10,222193.11,0.032088,0.049026,ONE_TO_MANY,NORMAL
L10_001321,724,TRANSFER,61954.98,LD000265_S,2048852.37,1986897.39,LD000265_D1,987469.45,1049424.43,0,0,L10_000265,LEGITIMATE_FUND_DISPERSION,NONE,1,1,5,0,8,307327.85,0.030239,0.062741,ONE_TO_MANY,NORMAL
L10_001322,726,TRANSFER,67943.87,LD000265_S,1986897.39,1918953.52,LD000265_D2,1130731.38,1198675.25,0,0,L10_000265,LEGITIMATE_FUND_DISPERSION,NONE,1,2,5,2,8,307327.85,0.034196,0.060088,ONE_TO_MANY,NORMAL
L10_001323,728,TRANSFER,53009.57,LD000265_S,1918953.52,1865943.95,LD000265_D3,1186936.2,1239945.77,0,0,L10_000265,LEGITIMATE_FUND_DISPERSION,NONE,1,3,5,2,8,307327.85,0.027624,0.044661,ONE_TO_MANY,NORMAL
L10_001324,729,TRANSFER,78640.7,LD000265_S,1865943.95,1787303.25,LD000265_D4,818980.69,897621.39,0,0,L10_000265,LEGITIMATE_FUND_DISPERSION,NONE,1,4,5,1,8,307327.85,0.042145,0.096023,ONE_TO_MANY,NORMAL
L10_001325,732,TRANSFER,45778.73,LD000265_S,1787303.25,1741524.52,LD000265_D5,702388.78,748167.51,0,0,L10_000265,LEGITIMATE_FUND_DISPERSION,NONE,1,5,5,3,8,307327.85,0.025613,0.065176,ONE_TO_MANY,NORMAL
L10_001326,151,TRANSFER,136069.6,LD000266_S,2538241.72,2402172.12,LD000266_D1,847721.57,983791.17,0,0,L10_000266,LEGITIMATE_FUND_DISPERSION,NONE,1,1,5,0,10,322720.74,0.053608,0.160512,ONE_TO_MANY,NORMAL
L10_001327,153,TRANSFER,15090.0,LD000266_S,2402172.12,2387082.12,LD000266_D2,901748.16,916838.16,0,0,L10_000266,LEGITIMATE_FUND_DISPERSION,NONE,1,2,5,2,10,322720.74,0.006282,0.016734,ONE_TO_MANY,NORMAL
L10_001328,155,TRANSFER,104190.43,LD000266_S,2387082.12,2282891.69,LD000266_D3,501062.54,605252.97,0,0,L10_000266,LEGITIMATE_FUND_DISPERSION,NONE,1,3,5,2,10,322720.74,0.043648,0.207939,ONE_TO_MANY,NORMAL
L10_001329,158,TRANSFER,19150.75,LD000266_S,2282891.69,2263740.94,LD000266_D4,544618.11,563768.86,0,0,L10_000266,LEGITIMATE_FUND_DISPERSION,NONE,1,4,5,3,10,322720.74,0.008389,0.035164,ONE_TO_MANY,NORMAL
L10_001330,161,TRANSFER,48219.96,LD000266_S,2263740.94,2215520.98,LD000266_D5,876213.46,924433.42,0,0,L10_000266,LEGITIMATE_FUND_DISPERSION,NONE,1,5,5,3,10,322720.74,0.021301,0.055032,ONE_TO_MANY,NORMAL
L10_001331,652,TRANSFER,70200.65,LD000267_S,1867139.0,1796938.35,LD000267_D1,538739.42,608940.07,0,0,L10_000267,LEGITIMATE_FUND_DISPERSION,NONE,1,1,5,0,6,280070.84,0.037598,0.130305,ONE_TO_MANY,NORMAL
L10_001332,653,TRANSFER,10466.52,LD000267_S,1796938.35,1786471.83,LD000267_D2,1078815.97,1089282.49,0,0,L10_000267,LEGITIMATE_FUND_DISPERSION,NONE,1,2,5,1,6,280070.84,0.005825,0.009702,ONE_TO_MANY,NORMAL
L10_001333,654,TRANSFER,46869.36,LD000267_S,1786471.83,1739602.47,LD000267_D3,940505.02,987374.38,0,0,L10_000267,LEGITIMATE_FUND_DISPERSION,NONE,1,3,5,1,6,280070.84,0.026236,0.049834,ONE_TO_MANY,NORMAL
L10_001334,655,TRANSFER,78199.48,LD000267_S,1739602.47,1661402.99,LD000267_D4,624014.54,702214.02,0,0,L10_000267,LEGITIMATE_FUND_DISPERSION,NONE,1,4,5,1,6,280070.84,0.044952,0.125317,ONE_TO_MANY,NORMAL
L10_001335,658,TRANSFER,74334.83,LD000267_S,1661402.99,1587068.16,LD000267_D5,1208761.85,1283096.68,0,0,L10_000267,LEGITIMATE_FUND_DISPERSION,NONE,1,5,5,3,6,280070.84,0.044742,0.061497,ONE_TO_MANY,NORMAL
L10_001336,64,TRANSFER,52343.59,LD000268_S,1741437.14,1689093.55,LD000268_D1,967977.39,1020320.98,0,0,L10_000268,LEGITIMATE_FUND_DISPERSION,NONE,1,1,5,0,6,261215.58,0.030058,0.054075,ONE_TO_MANY,NORMAL
L10_001337,65,TRANSFER,64046.53,LD000268_S,1689093.55,1625047.02,LD000268_D2,994833.97,1058880.5,0,0,L10_000268,LEGITIMATE_FUND_DISPERSION,NONE,1,2,5,1,6,261215.58,0.037918,0.064379,ONE_TO_MANY,NORMAL
L10_001338,66,TRANSFER,72785.78,LD000268_S,1625047.02,1552261.24,LD000268_D3,444307.44,517093.22,0,0,L10_000268,LEGITIMATE_FUND_DISPERSION,NONE,1,3,5,1,6,261215.58,0.04479,0.163819,ONE_TO_MANY,NORMAL
L10_001339,67,TRANSFER,48550.25,LD000268_S,1552261.24,1503710.99,LD000268_D4,690132.9,738683.15,0,0,L10_000268,LEGITIMATE_FUND_DISPERSION,NONE,1,4,5,1,6,261215.58,0.031277,0.070349,ONE_TO_MANY,NORMAL
L10_001340,70,TRANSFER,23489.43,LD000268_S,1503710.99,1480221.56,LD000268_D5,830451.75,853941.18,0,0,L10_000268,LEGITIMATE_FUND_DISPERSION,NONE,1,5,5,3,6,261215.58,0.015621,0.028285,ONE_TO_MANY,NORMAL
L10_001341,868,TRANSFER,68004.96,LD000269_S,2153522.96,2085518.0,LD000269_D1,1126714.57,1194719.53,0,0,L10_000269,LEGITIMATE_FUND_DISPERSION,NONE,1,1,5,0,8,323028.44,0.031578,0.060357,ONE_TO_MANY,NORMAL
L10_001342,869,TRANSFER,32583.59,LD000269_S,2085518.0,2052934.41,LD000269_D2,668327.87,700911.46,0,0,L10_000269,LEGITIMATE_FUND_DISPERSION,NONE,1,2,5,1,8,323028.44,0.015624,0.048754,ONE_TO_MANY,NORMAL
L10_001343,871,TRANSFER,18969.93,LD000269_S,2052934.41,2033964.48,LD000269_D3,712732.85,731702.78,0,0,L10_000269,LEGITIMATE_FUND_DISPERSION,NONE,1,3,5,2,8,323028.44,0.00924,0.026616,ONE_TO_MANY,NORMAL
L10_001344,874,TRANSFER,61934.08,LD000269_S,2033964.48,1972030.4,LD000269_D4,1163074.9,1225008.98,0,0,L10_000269,LEGITIMATE_FUND_DISPERSION,NONE,1,4,5,3,8,323028.44,0.03045,0.05325,ONE_TO_MANY,NORMAL
L10_001345,876,TRANSFER,141535.88,LD000269_S,1972030.4,1830494.52,LD000269_D5,726368.62,867904.5,0,0,L10_000269,LEGITIMATE_FUND_DISPERSION,NONE,1,5,5,2,8,323028.44,0.071772,0.194854,ONE_TO_MANY,NORMAL
L10_001346,41,TRANSFER,102713.67,LD000270_S,2242103.12,2139389.45,LD000270_D1,1215632.97,1318346.64,0,0,L10_000270,LEGITIMATE_FUND_DISPERSION,NONE,1,1,5,0,5,336315.47,0.045811,0.084494,ONE_TO_MANY,NORMAL
L10_001347,42,TRANSFER,72258.35,LD000270_S,2139389.45,2067131.1,LD000270_D2,629368.21,701626.56,0,0,L10_000270,LEGITIMATE_FUND_DISPERSION,NONE,1,2,5,1,5,336315.47,0.033775,0.114811,ONE_TO_MANY,NORMAL
L10_001348,44,TRANSFER,23912.19,LD000270_S,2067131.1,2043218.91,LD000270_D3,627354.85,651267.04,0,0,L10_000270,LEGITIMATE_FUND_DISPERSION,NONE,1,3,5,2,5,336315.47,0.011568,0.038116,ONE_TO_MANY,NORMAL
L10_001349,45,TRANSFER,14531.84,LD000270_S,2043218.91,2028687.07,LD000270_D4,917854.6,932386.44,0,0,L10_000270,LEGITIMATE_FUND_DISPERSION,NONE,1,4,5,1,5,336315.47,0.007112,0.015832,ONE_TO_MANY,NORMAL
L10_001350,46,TRANSFER,122899.42,LD000270_S,2028687.07,1905787.65,LD000270_D5,477517.06,600416.48,0,0,L10_000270,LEGITIMATE_FUND_DISPERSION,NONE,1,5,5,1,5,336315.47,0.060581,0.257372,ONE_TO_MANY,NORMAL
L10_001351,209,TRANSFER,33266.94,LD000271_S,2252552.48,2219285.54,LD000271_D1,755061.58,788328.52,0,0,L10_000271,LEGITIMATE_FUND_DISPERSION,NONE,1,1,5,0,9,331221.0,0.014769,0.044059,ONE_TO_MANY,NORMAL
L10_001352,212,TRANSFER,84218.68,LD000271_S,2219285.54,2135066.86,LD000271_D2,842908.98,927127.66,0,0,L10_000271,LEGITIMATE_FUND_DISPERSION,NONE,1,2,5,3,9,331221.0,0.037949,0.099914,ONE_TO_MANY,NORMAL
L10_001353,214,TRANSFER,31916.24,LD000271_S,2135066.86,2103150.62,LD000271_D3,492450.02,524366.26,0,0,L10_000271,LEGITIMATE_FUND_DISPERSION,NONE,1,3,5,2,9,331221.0,0.014949,0.064811,ONE_TO_MANY,NORMAL
L10_001354,217,TRANSFER,167420.47,LD000271_S,2103150.62,1935730.15,LD000271_D4,1037267.1,1204687.57,0,0,L10_000271,LEGITIMATE_FUND_DISPERSION,NONE,1,4,5,3,9,331221.0,0.079605,0.161405,ONE_TO_MANY,NORMAL
L10_001355,218,TRANSFER,14398.67,LD000271_S,1935730.15,1921331.48,LD000271_D5,878292.36,892691.03,0,0,L10_000271,LEGITIMATE_FUND_DISPERSION,NONE,1,5,5,1,9,331221.0,0.007438,0.016394,ONE_TO_MANY,NORMAL
L10_001356,567,TRANSFER,63055.06,LD000272_S,2262478.4,2199423.34,LD000272_D1,902837.87,965892.93,0,0,L10_000272,LEGITIMATE_FUND_DISPERSION,NONE,1,1,5,0,4,339371.76,0.02787,0.069841,ONE_TO_MANY,NORMAL
L10_001357,568,TRANSFER,72375.73,LD000272_S,2199423.34,2127047.61,LD000272_D2,647277.96,719653.69,0,0,L10_000272,LEGITIMATE_FUND_DISPERSION,NONE,1,2,5,1,4,339371.76,0.032907,0.111816,ONE_TO_MANY,NORMAL
L10_001358,569,TRANSFER,33912.57,LD000272_S,2127047.61,2093135.04,LD000272_D3,1275165.62,1309078.19,0,0,L10_000272,LEGITIMATE_FUND_DISPERSION,NONE,1,3,5,1,4,339371.76,0.015943,0.026595,ONE_TO_MANY,NORMAL
L10_001359,570,TRANSFER,62826.08,LD000272_S,2093135.04,2030308.96,LD000272_D4,913482.41,976308.49,0,0,L10_000272,LEGITIMATE_FUND_DISPERSION,NONE,1,4,5,1,4,339371.76,0.030015,0.068776,ONE_TO_MANY,NORMAL
L10_001360,571,TRANSFER,107202.32,LD000272_S,2030308.96,1923106.64,LD000272_D5,517575.59,624777.91,0,0,L10_000272,LEGITIMATE_FUND_DISPERSION,NONE,1,5,5,1,4,339371.76,0.052801,0.207124,ONE_TO_MANY,NORMAL
L10_001361,438,TRANSFER,94926.46,LD000273_S,1631512.4,1536585.94,LD000273_D1,1046278.87,1141205.33,0,0,L10_000273,LEGITIMATE_FUND_DISPERSION,NONE,1,1,5,0,5,244726.85,0.058183,0.090728,ONE_TO_MANY,NORMAL
L10_001362,440,TRANSFER,40945.15,LD000273_S,1536585.94,1495640.79,LD000273_D2,1165257.0,1206202.15,0,0,L10_000273,LEGITIMATE_FUND_DISPERSION,NONE,1,2,5,2,5,244726.85,0.026647,0.035138,ONE_TO_MANY,NORMAL
L10_001363,441,TRANSFER,77924.79,LD000273_S,1495640.79,1417716.0,LD000273_D3,675663.79,753588.58,0,0,L10_000273,LEGITIMATE_FUND_DISPERSION,NONE,1,3,5,1,5,244726.85,0.052101,0.115331,ONE_TO_MANY,NORMAL
L10_001364,442,TRANSFER,8172.92,LD000273_S,1417716.0,1409543.08,LD000273_D4,1125005.77,1133178.69,0,0,L10_000273,LEGITIMATE_FUND_DISPERSION,NONE,1,4,5,1,5,244726.85,0.005765,0.007265,ONE_TO_MANY,NORMAL
L10_001365,443,TRANSFER,22757.53,LD000273_S,1409543.08,1386785.55,LD000273_D5,793141.69,815899.22,0,0,L10_000273,LEGITIMATE_FUND_DISPERSION,NONE,1,5,5,1,5,244726.85,0.016145,0.028693,ONE_TO_MANY,NORMAL
L10_001366,719,TRANSFER,62493.46,LD000274_S,2377847.61,2315354.15,LD000274_D1,909133.9,971627.36,0,0,L10_000274,LEGITIMATE_FUND_DISPERSION,NONE,1,1,5,0,9,349977.73,0.026282,0.06874,ONE_TO_MANY,NORMAL
L10_001367,722,TRANSFER,104739.5,LD000274_S,2315354.15,2210614.65,LD000274_D2,542710.85,647450.35,0,0,L10_000274,LEGITIMATE_FUND_DISPERSION,NONE,1,2,5,3,9,349977.73,0.045237,0.192993,ONE_TO_MANY,NORMAL
L10_001368,725,TRANSFER,19537.33,LD000274_S,2210614.65,2191077.32,LD000274_D3,1247937.94,1267475.27,0,0,L10_000274,LEGITIMATE_FUND_DISPERSION,NONE,1,3,5,3,9,349977.73,0.008838,0.015656,ONE_TO_MANY,NORMAL
L10_001369,727,TRANSFER,25676.63,LD000274_S,2191077.32,2165400.69,LD000274_D4,1007742.22,1033418.85,0,0,L10_000274,LEGITIMATE_FUND_DISPERSION,NONE,1,4,5,2,9,349977.73,0.011719,0.025479,ONE_TO_MANY,NORMAL
L10_001370,728,TRANSFER,137530.81,LD000274_S,2165400.69,2027869.88,LD000274_D5,1160156.59,1297687.4,0,0,L10_000274,LEGITIMATE_FUND_DISPERSION,NONE,1,5,5,1,9,349977.73,0.063513,0.118545,ONE_TO_MANY,NORMAL
L10_001371,166,TRANSFER,64709.57,LD000275_S,1481819.51,1417109.94,LD000275_D1,1014277.18,1078986.75,0,0,L10_000275,LEGITIMATE_FUND_DISPERSION,NONE,1,1,5,0,9,222272.92,0.043669,0.063799,ONE_TO_MANY,NORMAL
L10_001372,167,TRANSFER,25694.76,LD000275_S,1417109.94,1391415.18,LD000275_D2,1050720.24,1076415.0,0,0,L10_000275,LEGITIMATE_FUND_DISPERSION,NONE,1,2,5,1,9,222272.92,0.018132,0.024454,ONE_TO_MANY,NORMAL
L10_001373,170,TRANSFER,22630.16,LD000275_S,1391415.18,1368785.02,LD000275_D3,639738.92,662369.08,0,0,L10_000275,LEGITIMATE_FUND_DISPERSION,NONE,1,3,5,3,9,222272.92,0.016264,0.035374,ONE_TO_MANY,NORMAL
L10_001374,173,TRANSFER,85293.27,LD000275_S,1368785.02,1283491.75,LD000275_D4,633412.13,718705.4,0,0,L10_000275,LEGITIMATE_FUND_DISPERSION,NONE,1,4,5,3,9,222272.92,0.062313,0.134657,ONE_TO_MANY,NORMAL
L10_001375,175,TRANSFER,23945.16,LD000275_S,1283491.75,1259546.59,LD000275_D5,1179334.7,1203279.86,0,0,L10_000275,LEGITIMATE_FUND_DISPERSION,NONE,1,5,5,2,9,222272.92,0.018656,0.020304,ONE_TO_MANY,NORMAL
L10_001376,704,TRANSFER,102298.02,LD000276_S,2481016.43,2378718.41,LD000276_D1,448835.31,551133.33,0,0,L10_000276,LEGITIMATE_FUND_DISPERSION,NONE,1,1,5,0,6,366790.0,0.041232,0.227919,ONE_TO_MANY,NORMAL
L10_001377,705,TRANSFER,55682.86,LD000276_S,2378718.41,2323035.55,LD000276_D2,909726.77,965409.63,0,0,L10_000276,LEGITIMATE_FUND_DISPERSION,NONE,1,2,5,1,6,366790.0,0.023409,0.061208,ONE_TO_MANY,NORMAL
L10_001378,707,TRANSFER,67744.82,LD000276_S,2323035.55,2255290.73,LD000276_D3,619401.87,687146.69,0,0,L10_000276,LEGITIMATE_FUND_DISPERSION,NONE,1,3,5,2,6,366790.0,0.029162,0.109371,ONE_TO_MANY,NORMAL
L10_001379,709,TRANSFER,62747.15,LD000276_S,2255290.73,2192543.58,LD000276_D4,726371.45,789118.6,0,0,L10_000276,LEGITIMATE_FUND_DISPERSION,NONE,1,4,5,2,6,366790.0,0.027822,0.086384,ONE_TO_MANY,NORMAL
L10_001380,710,TRANSFER,78317.15,LD000276_S,2192543.58,2114226.43,LD000276_D5,1063123.73,1141440.88,0,0,L10_000276,LEGITIMATE_FUND_DISPERSION,NONE,1,5,5,1,6,366790.0,0.03572,0.073667,ONE_TO_MANY,NORMAL
L10_001381,58,TRANSFER,57786.55,LD000277_S,1797932.17,1740145.62,LD000277_D1,1174635.04,1232421.59,0,0,L10_000277,LEGITIMATE_FUND_DISPERSION,NONE,1,1,5,0,9,269689.82,0.032141,0.049195,ONE_TO_MANY,NORMAL
L10_001382,59,TRANSFER,58867.31,LD000277_S,1740145.62,1681278.31,LD000277_D2,965942.29,1024809.6,0,0,L10_000277,LEGITIMATE_FUND_DISPERSION,NONE,1,2,5,1,9,269689.82,0.033829,0.060943,ONE_TO_MANY,NORMAL
L10_001383,62,TRANSFER,29309.88,LD000277_S,1681278.31,1651968.43,LD000277_D3,1088872.47,1118182.35,0,0,L10_000277,LEGITIMATE_FUND_DISPERSION,NONE,1,3,5,3,9,269689.82,0.017433,0.026918,ONE_TO_MANY,NORMAL
L10_001384,65,TRANSFER,43370.86,LD000277_S,1651968.43,1608597.57,LD000277_D4,428207.58,471578.44,0,0,L10_000277,LEGITIMATE_FUND_DISPERSION,NONE,1,4,5,3,9,269689.82,0.026254,0.101285,ONE_TO_MANY,NORMAL
L10_001385,67,TRANSFER,80355.22,LD000277_S,1608597.57,1528242.35,LD000277_D5,724260.3,804615.52,0,0,L10_000277,LEGITIMATE_FUND_DISPERSION,NONE,1,5,5,2,9,269689.82,0.049954,0.110948,ONE_TO_MANY,NORMAL
L10_001386,549,TRANSFER,41807.14,LD000278_S,1696924.56,1655117.42,LD000278_D1,764250.86,806058.0,0,0,L10_000278,LEGITIMATE_FUND_DISPERSION,NONE,1,1,5,0,10,254538.69,0.024637,0.054703,ONE_TO_MANY,NORMAL
L10_001387,551,TRANSFER,52166.67,LD000278_S,1655117.42,1602950.75,LD000278_D2,419119.64,471286.31,0,0,L10_000278,LEGITIMATE_FUND_DISPERSION,NONE,1,2,5,2,10,254538.69,0.031518,0.124467,ONE_TO_MANY,NORMAL
L10_001388,553,TRANSFER,50671.2,LD000278_S,1602950.75,1552279.55,LD000278_D3,432641.71,483312.91,0,0,L10_000278,LEGITIMATE_FUND_DISPERSION,NONE,1,3,5,2,10,254538.69,0.031611,0.11712,ONE_TO_MANY,NORMAL
L10_001389,556,TRANSFER,47019.55,LD000278_S,1552279.55,1505260.0,LD000278_D4,1001755.51,1048775.06,0,0,L10_000278,LEGITIMATE_FUND_DISPERSION,NONE,1,4,5,3,10,254538.69,0.030291,0.046937,ONE_TO_MANY,NORMAL
L10_001390,559,TRANSFER,62874.13,LD000278_S,1505260.0,1442385.87,LD000278_D5,1236063.73,1298937.86,0,0,L10_000278,LEGITIMATE_FUND_DISPERSION,NONE,1,5,5,3,10,254538.69,0.04177,0.050866,ONE_TO_MANY,NORMAL
L10_001391,762,TRANSFER,70842.05,LD000279_S,2530283.85,2459441.8,LD000279_D1,1170084.21,1240926.26,0,0,L10_000279,LEGITIMATE_FUND_DISPERSION,NONE,1,1,5,0,6,379542.57,0.027998,0.060544,ONE_TO_MANY,NORMAL
L10_001392,764,TRANSFER,69126.75,LD000279_S,2459441.8,2390315.05,LD000279_D2,966020.06,1035146.81,0,0,L10_000279,LEGITIMATE_FUND_DISPERSION,NONE,1,2,5,2,6,379542.57,0.028107,0.071558,ONE_TO_MANY,NORMAL
L10_001393,765,TRANSFER,68774.13,LD000279_S,2390315.05,2321540.92,LD000279_D3,417170.83,485944.96,0,0,L10_000279,LEGITIMATE_FUND_DISPERSION,NONE,1,3,5,1,6,379542.57,0.028772,0.164858,ONE_TO_MANY,NORMAL
L10_001394,767,TRANSFER,90433.11,LD000279_S,2321540.92,2231107.81,LD000279_D4,701720.1,792153.21,0,0,L10_000279,LEGITIMATE_FUND_DISPERSION,NONE,1,4,5,2,6,379542.57,0.038954,0.128873,ONE_TO_MANY,NORMAL
L10_001395,768,TRANSFER,80366.53,LD000279_S,2231107.81,2150741.28,LD000279_D5,385811.32,466177.85,0,0,L10_000279,LEGITIMATE_FUND_DISPERSION,NONE,1,5,5,1,6,379542.57,0.036021,0.208305,ONE_TO_MANY,NORMAL
L10_001396,366,TRANSFER,59985.49,LD000280_S,1518242.96,1458257.47,LD000280_D1,484505.24,544490.73,0,0,L10_000280,LEGITIMATE_FUND_DISPERSION,NONE,1,1,5,0,11,227736.44,0.03951,0.123808,ONE_TO_MANY,NORMAL
L10_001397,369,TRANSFER,33435.26,LD000280_S,1458257.47,1424822.21,LD000280_D2,573942.97,607378.23,0,0,L10_000280,LEGITIMATE_FUND_DISPERSION,NONE,1,2,5,3,11,227736.44,0.022928,0.058255,ONE_TO_MANY,NORMAL
L10_001398,372,TRANSFER,40425.82,LD000280_S,1424822.21,1384396.39,LD000280_D3,612037.34,652463.16,0,0,L10_000280,LEGITIMATE_FUND_DISPERSION,NONE,1,3,5,3,11,227736.44,0.028373,0.066051,ONE_TO_MANY,NORMAL
L10_001399,375,TRANSFER,57734.9,LD000280_S,1384396.39,1326661.49,LD000280_D4,434467.58,492202.48,0,0,L10_000280,LEGITIMATE_FUND_DISPERSION,NONE,1,4,5,3,11,227736.44,0.041704,0.132887,ONE_TO_MANY,NORMAL
L10_001400,377,TRANSFER,36154.97,LD000280_S,1326661.49,1290506.52,LD000280_D5,843084.72,879239.69,0,0,L10_000280,LEGITIMATE_FUND_DISPERSION,NONE,1,5,5,2,11,227736.44,0.027253,0.042884,ONE_TO_MANY,NORMAL
L10_001401,486,TRANSFER,77801.46,LD000281_S,2524461.56,2446660.1,LD000281_D1,703455.4,781256.86,0,0,L10_000281,LEGITIMATE_FUND_DISPERSION,NONE,1,1,5,0,7,378669.22,0.030819,0.110599,ONE_TO_MANY,NORMAL
L10_001402,487,TRANSFER,46312.06,LD000281_S,2446660.1,2400348.04,LD000281_D2,1220503.35,1266815.41,0,0,L10_000281,LEGITIMATE_FUND_DISPERSION,NONE,1,2,5,1,7,378669.22,0.018929,0.037945,ONE_TO_MANY,NORMAL
L10_001403,489,TRANSFER,149471.36,LD000281_S,2400348.04,2250876.68,LD000281_D3,405399.6,554870.96,0,0,L10_000281,LEGITIMATE_FUND_DISPERSION,NONE,1,3,5,2,7,378669.22,0.062271,0.368701,ONE_TO_MANY,NORMAL
L10_001404,492,TRANSFER,13152.44,LD000281_S,2250876.68,2237724.24,LD000281_D4,495900.75,509053.19,0,0,L10_000281,LEGITIMATE_FUND_DISPERSION,NONE,1,4,5,3,7,378669.22,0.005843,0.026522,ONE_TO_MANY,NORMAL
L10_001405,493,TRANSFER,91931.9,LD000281_S,2237724.24,2145792.34,LD000281_D5,502261.04,594192.94,0,0,L10_000281,LEGITIMATE_FUND_DISPERSION,NONE,1,5,5,1,7,378669.22,0.041083,0.183036,ONE_TO_MANY,NORMAL
L10_001406,439,TRANSFER,55732.2,LD000282_S,1650213.75,1594481.55,LD000282_D1,595906.46,651638.66,0,0,L10_000282,LEGITIMATE_FUND_DISPERSION,NONE,1,1,5,0,8,247532.06,0.033773,0.093525,ONE_TO_MANY,NORMAL
L10_001407,440,TRANSFER,64835.0,LD000282_S,1594481.55,1529646.55,LD000282_D2,657763.18,722598.18,0,0,L10_000282,LEGITIMATE_FUND_DISPERSION,NONE,1,2,5,1,8,247532.06,0.040662,0.098569,ONE_TO_MANY,NORMAL
L10_001408,442,TRANSFER,57401.83,LD000282_S,1529646.55,1472244.72,LD000282_D3,680261.76,737663.59,0,0,L10_000282,LEGITIMATE_FUND_DISPERSION,NONE,1,3,5,2,8,247532.06,0.037526,0.084382,ONE_TO_MANY,NORMAL
L10_001409,444,TRANSFER,31854.35,LD000282_S,1472244.72,1440390.37,LD000282_D4,628204.58,660058.93,0,0,L10_000282,LEGITIMATE_FUND_DISPERSION,NONE,1,4,5,2,8,247532.06,0.021637,0.050707,ONE_TO_MANY,NORMAL
L10_001410,447,TRANSFER,37708.68,LD000282_S,1440390.37,1402681.69,LD000282_D5,627052.2,664760.88,0,0,L10_000282,LEGITIMATE_FUND_DISPERSION,NONE,1,5,5,3,8,247532.06,0.026179,0.060136,ONE_TO_MANY,NORMAL
L10_001411,54,TRANSFER,72801.61,LD000283_S,2069422.31,1996620.7,LD000283_D1,1000669.98,1073471.59,0,0,L10_000283,LEGITIMATE_FUND_DISPERSION,NONE,1,1,5,0,8,310413.34,0.03518,0.072753,ONE_TO_MANY,NORMAL
L10_001412,57,TRANSFER,79596.65,LD000283_S,1996620.7,1917024.05,LD000283_D2,497947.11,577543.76,0,0,L10_000283,LEGITIMATE_FUND_DISPERSION,NONE,1,2,5,3,8,310413.34,0.039866,0.15985,ONE_TO_MANY,NORMAL
L10_001413,59,TRANSFER,65904.82,LD000283_S,1917024.05,1851119.23,LD000283_D3,1237888.82,1303793.64,0,0,L10_000283,LEGITIMATE_FUND_DISPERSION,NONE,1,3,5,2,8,310413.34,0.034379,0.05324,ONE_TO_MANY,NORMAL
L10_001414,60,TRANSFER,40418.03,LD000283_S,1851119.23,1810701.2,LD000283_D4,901131.61,941549.64,0,0,L10_000283,LEGITIMATE_FUND_DISPERSION,NONE,1,4,5,1,8,310413.34,0.021834,0.044853,ONE_TO_MANY,NORMAL
L10_001415,62,TRANSFER,51692.23,LD000283_S,1810701.2,1759008.97,LD000283_D5,404442.3,456134.53,0,0,L10_000283,LEGITIMATE_FUND_DISPERSION,NONE,1,5,5,2,8,310413.34,0.028548,0.127811,ONE_TO_MANY,NORMAL
L10_001416,121,TRANSFER,54313.09,LD000284_S,1632367.91,1578054.82,LD000284_D1,465290.0,519603.09,0,0,L10_000284,LEGITIMATE_FUND_DISPERSION,NONE,1,1,5,0,9,244855.19,0.033273,0.11673,ONE_TO_MANY,NORMAL
L10_001417,124,TRANSFER,52648.98,LD000284_S,1578054.82,1525405.84,LD000284_D2,1128162.91,1180811.89,0,0,L10_000284,LEGITIMATE_FUND_DISPERSION,NONE,1,2,5,3,9,244855.19,0.033363,0.046668,ONE_TO_MANY,NORMAL
L10_001418,127,TRANSFER,63974.21,LD000284_S,1525405.84,1461431.63,LD000284_D3,834607.39,898581.6,0,0,L10_000284,LEGITIMATE_FUND_DISPERSION,NONE,1,3,5,3,9,244855.19,0.041939,0.076652,ONE_TO_MANY,NORMAL
L10_001419,128,TRANSFER,36795.98,LD000284_S,1461431.63,1424635.65,LD000284_D4,1069277.06,1106073.04,0,0,L10_000284,LEGITIMATE_FUND_DISPERSION,NONE,1,4,5,1,9,244855.19,0.025178,0.034412,ONE_TO_MANY,NORMAL
L10_001420,130,TRANSFER,37122.93,LD000284_S,1424635.65,1387512.72,LD000284_D5,1105848.32,1142971.25,0,0,L10_000284,LEGITIMATE_FUND_DISPERSION,NONE,1,5,5,2,9,244855.19,0.026058,0.03357,ONE_TO_MANY,NORMAL
L10_001421,872,TRANSFER,90568.27,LD000285_S,1661793.83,1571225.56,LD000285_D1,937170.67,1027738.94,0,0,L10_000285,LEGITIMATE_FUND_DISPERSION,NONE,1,1,5,0,9,249269.08,0.0545,0.09664,ONE_TO_MANY,NORMAL
L10_001422,873,TRANSFER,7463.32,LD000285_S,1571225.56,1563762.24,LD000285_D2,817279.2,824742.52,0,0,L10_000285,LEGITIMATE_FUND_DISPERSION,NONE,1,2,5,1,9,249269.08,0.00475,0.009132,ONE_TO_MANY,NORMAL
L10_001423,876,TRANSFER,61323.97,LD000285_S,1563762.24,1502438.27,LD000285_D3,775735.26,837059.23,0,0,L10_000285,LEGITIMATE_FUND_DISPERSION,NONE,1,3,5,3,9,249269.08,0.039216,0.079053,ONE_TO_MANY,NORMAL
L10_001424,879,TRANSFER,25689.71,LD000285_S,1502438.27,1476748.56,LD000285_D4,493447.7,519137.41,0,0,L10_000285,LEGITIMATE_FUND_DISPERSION,NONE,1,4,5,3,9,249269.08,0.017099,0.052062,ONE_TO_MANY,NORMAL
L10_001425,881,TRANSFER,64223.81,LD000285_S,1476748.56,1412524.75,LD000285_D5,878579.5,942803.31,0,0,L10_000285,LEGITIMATE_FUND_DISPERSION,NONE,1,5,5,2,9,249269.08,0.04349,0.0731,ONE_TO_MANY,NORMAL
L10_001426,404,TRANSFER,58248.22,LD000286_S,1822361.5,1764113.28,LD000286_D1,987325.05,1045573.27,0,0,L10_000286,LEGITIMATE_FUND_DISPERSION,NONE,1,1,5,0,8,273354.23,0.031963,0.058996,ONE_TO_MANY,NORMAL
L10_001427,406,TRANSFER,39540.29,LD000286_S,1764113.28,1724572.99,LD000286_D2,1115407.76,1154948.05,0,0,L10_000286,LEGITIMATE_FUND_DISPERSION,NONE,1,2,5,2,8,273354.23,0.022414,0.035449,ONE_TO_MANY,NORMAL
L10_001428,408,TRANSFER,25960.98,LD000286_S,1724572.99,1698612.01,LD000286_D3,988947.22,1014908.2,0,0,L10_000286,LEGITIMATE_FUND_DISPERSION,NONE,1,3,5,2,8,273354.23,0.015054,0.026251,ONE_TO_MANY,NORMAL
L10_001429,409,TRANSFER,72632.41,LD000286_S,1698612.01,1625979.6,LD000286_D4,538537.33,611169.74,0,0,L10_000286,LEGITIMATE_FUND_DISPERSION,NONE,1,4,5,1,8,273354.23,0.04276,0.13487,ONE_TO_MANY,NORMAL
L10_001430,412,TRANSFER,76972.33,LD000286_S,1625979.6,1549007.27,LD000286_D5,594686.3,671658.63,0,0,L10_000286,LEGITIMATE_FUND_DISPERSION,NONE,1,5,5,3,8,273354.23,0.047339,0.129434,ONE_TO_MANY,NORMAL
L10_001431,493,TRANSFER,75286.56,LD000287_S,1773577.0,1698290.44,LD000287_D1,1047957.89,1123244.45,0,0,L10_000287,LEGITIMATE_FUND_DISPERSION,NONE,1,1,5,0,10,266036.55,0.042449,0.071841,ONE_TO_MANY,NORMAL
L10_001432,496,TRANSFER,69346.8,LD000287_S,1698290.44,1628943.64,LD000287_D2,1074193.33,1143540.13,0,0,L10_000287,LEGITIMATE_FUND_DISPERSION,NONE,1,2,5,3,10,266036.55,0.040833,0.064557,ONE_TO_MANY,NORMAL
L10_001433,499,TRANSFER,32082.82,LD000287_S,1628943.64,1596860.82,LD000287_D3,803522.68,835605.5,0,0,L10_000287,LEGITIMATE_FUND_DISPERSION,NONE,1,3,5,3,10,266036.55,0.019695,0.039928,ONE_TO_MANY,NORMAL
L10_001434,502,TRANSFER,60794.18,LD000287_S,1596860.82,1536066.64,LD000287_D4,1277116.49,1337910.67,0,0,L10_000287,LEGITIMATE_FUND_DISPERSION,NONE,1,4,5,3,10,266036.55,0.038071,0.047603,ONE_TO_MANY,NORMAL
L10_001435,503,TRANSFER,28526.19,LD000287_S,1536066.64,1507540.45,LD000287_D5,1195762.03,1224288.22,0,0,L10_000287,LEGITIMATE_FUND_DISPERSION,NONE,1,5,5,1,10,266036.55,0.018571,0.023856,ONE_TO_MANY,NORMAL
L10_001436,64,TRANSFER,18124.05,LD000288_S,2252939.83,2234815.78,LD000288_D1,1227748.48,1245872.53,0,0,L10_000288,LEGITIMATE_FUND_DISPERSION,NONE,1,1,5,0,6,337940.97,0.008045,0.014762,ONE_TO_MANY,NORMAL
L10_001437,65,TRANSFER,95702.38,LD000288_S,2234815.78,2139113.4,LD000288_D2,979941.08,1075643.46,0,0,L10_000288,LEGITIMATE_FUND_DISPERSION,NONE,1,2,5,1,6,337940.97,0.042823,0.097661,ONE_TO_MANY,NORMAL
L10_001438,68,TRANSFER,88175.77,LD000288_S,2139113.4,2050937.63,LD000288_D3,564891.75,653067.52,0,0,L10_000288,LEGITIMATE_FUND_DISPERSION,NONE,1,3,5,3,6,337940.97,0.041221,0.156093,ONE_TO_MANY,NORMAL
L10_001439,69,TRANSFER,62209.0,LD000288_S,2050937.63,1988728.63,LD000288_D4,405162.84,467371.84,0,0,L10_000288,LEGITIMATE_FUND_DISPERSION,NONE,1,4,5,1,6,337940.97,0.030332,0.153541,ONE_TO_MANY,NORMAL
L10_001440,70,TRANSFER,73729.77,LD000288_S,1988728.63,1914998.86,LD000288_D5,923851.76,997581.53,0,0,L10_000288,LEGITIMATE_FUND_DISPERSION,NONE,1,5,5,1,6,337940.97,0.037074,0.079807,ONE_TO_MANY,NORMAL
L10_001441,16,TRANSFER,51085.56,LD000289_S,2508918.87,2457833.31,LD000289_D1,1039510.83,1090596.39,0,0,L10_000289,LEGITIMATE_FUND_DISPERSION,NONE,1,1,5,0,6,376337.83,0.020362,0.049144,ONE_TO_MANY,NORMAL
L10_001442,17,TRANSFER,99525.07,LD000289_S,2457833.31,2358308.24,LD000289_D2,1144007.87,1243532.94,0,0,L10_000289,LEGITIMATE_FUND_DISPERSION,NONE,1,2,5,1,6,376337.83,0.040493,0.086997,ONE_TO_MANY,NORMAL
L10_001443,18,TRANSFER,38423.64,LD000289_S,2358308.24,2319884.6,LD000289_D3,750879.4,789303.04,0,0,L10_000289,LEGITIMATE_FUND_DISPERSION,NONE,1,3,5,1,6,376337.83,0.016293,0.051172,ONE_TO_MANY,NORMAL
L10_001444,20,TRANSFER,89056.35,LD000289_S,2319884.6,2230828.25,LD000289_D4,1170150.11,1259206.46,0,0,L10_000289,LEGITIMATE_FUND_DISPERSION,NONE,1,4,5,2,6,376337.83,0.038388,0.076107,ONE_TO_MANY,NORMAL
L10_001445,22,TRANSFER,98247.21,LD000289_S,2230828.25,2132581.04,LD000289_D5,1133205.83,1231453.04,0,0,L10_000289,LEGITIMATE_FUND_DISPERSION,NONE,1,5,5,2,6,376337.83,0.044041,0.086698,ONE_TO_MANY,NORMAL
L10_001446,504,TRANSFER,77158.82,LD000290_S,1383376.6,1306217.78,LD000290_D1,886631.12,963789.94,0,0,L10_000290,LEGITIMATE_FUND_DISPERSION,NONE,1,1,5,0,8,207506.49,0.055776,0.087025,ONE_TO_MANY,NORMAL
L10_001447,507,TRANSFER,64420.95,LD000290_S,1306217.78,1241796.83,LD000290_D2,1228228.76,1292649.71,0,0,L10_000290,LEGITIMATE_FUND_DISPERSION,NONE,1,2,5,3,8,207506.49,0.049319,0.05245,ONE_TO_MANY,NORMAL
L10_001448,510,TRANSFER,22722.66,LD000290_S,1241796.83,1219074.17,LD000290_D3,640164.34,662887.0,0,0,L10_000290,LEGITIMATE_FUND_DISPERSION,NONE,1,3,5,3,8,207506.49,0.018298,0.035495,ONE_TO_MANY,NORMAL
L10_001449,511,TRANSFER,15605.27,LD000290_S,1219074.17,1203468.9,LD000290_D4,429482.63,445087.9,0,0,L10_000290,LEGITIMATE_FUND_DISPERSION,NONE,1,4,5,1,8,207506.49,0.012801,0.036335,ONE_TO_MANY,NORMAL
L10_001450,512,TRANSFER,27598.79,LD000290_S,1203468.9,1175870.11,LD000290_D5,766598.84,794197.63,0,0,L10_000290,LEGITIMATE_FUND_DISPERSION,NONE,1,5,5,1,8,207506.49,0.022933,0.036002,ONE_TO_MANY,NORMAL
L10_001451,473,TRANSFER,41340.78,LD000291_S,1474139.94,1432799.16,LD000291_D1,1069954.37,1111295.15,0,0,L10_000291,LEGITIMATE_FUND_DISPERSION,NONE,1,1,5,0,7,221120.99,0.028044,0.038638,ONE_TO_MANY,NORMAL
L10_001452,476,TRANSFER,43646.2,LD000291_S,1432799.16,1389152.96,LD000291_D2,1014999.97,1058646.17,0,0,L10_000291,LEGITIMATE_FUND_DISPERSION,NONE,1,2,5,3,7,221120.99,0.030462,0.043001,ONE_TO_MANY,NORMAL
L10_001453,478,TRANSFER,8420.34,LD000291_S,1389152.96,1380732.62,LD000291_D3,1050592.29,1059012.63,0,0,L10_000291,LEGITIMATE_FUND_DISPERSION,NONE,1,3,5,2,7,221120.99,0.006061,0.008015,ONE_TO_MANY,NORMAL
L10_001454,479,TRANSFER,65236.46,LD000291_S,1380732.62,1315496.16,LD000291_D4,657842.07,723078.53,0,0,L10_000291,LEGITIMATE_FUND_DISPERSION,NONE,1,4,5,1,7,221120.99,0.047248,0.099167,ONE_TO_MANY,NORMAL
L10_001455,480,TRANSFER,62477.21,LD000291_S,1315496.16,1253018.95,LD000291_D5,728985.63,791462.84,0,0,L10_000291,LEGITIMATE_FUND_DISPERSION,NONE,1,5,5,1,7,221120.99,0.047493,0.085704,ONE_TO_MANY,NORMAL
L10_001456,522,TRANSFER,94960.54,LD000292_S,1887217.6,1792257.06,LD000292_D1,385131.24,480091.78,0,0,L10_000292,LEGITIMATE_FUND_DISPERSION,NONE,1,1,5,0,9,283082.64,0.050318,0.246567,ONE_TO_MANY,NORMAL
L10_001457,524,TRANSFER,47849.74,LD000292_S,1792257.06,1744407.32,LD000292_D2,997257.62,1045107.36,0,0,L10_000292,LEGITIMATE_FUND_DISPERSION,NONE,1,2,5,2,9,283082.64,0.026698,0.047981,ONE_TO_MANY,NORMAL
L10_001458,527,TRANSFER,54460.2,LD000292_S,1744407.32,1689947.12,LD000292_D3,449270.28,503730.48,0,0,L10_000292,LEGITIMATE_FUND_DISPERSION,NONE,1,3,5,3,9,283082.64,0.03122,0.121219,ONE_TO_MANY,NORMAL
L10_001459,530,TRANSFER,75188.87,LD000292_S,1689947.12,1614758.25,LD000292_D4,937949.13,1013138.0,0,0,L10_000292,LEGITIMATE_FUND_DISPERSION,NONE,1,4,5,3,9,283082.64,0.044492,0.080163,ONE_TO_MANY,NORMAL
L10_001460,531,TRANSFER,10623.29,LD000292_S,1614758.25,1604134.96,LD000292_D5,725884.94,736508.23,0,0,L10_000292,LEGITIMATE_FUND_DISPERSION,NONE,1,5,5,1,9,283082.64,0.006579,0.014635,ONE_TO_MANY,NORMAL
L10_001461,558,TRANSFER,23089.24,LD000293_S,2394647.59,2371558.35,LD000293_D1,898562.64,921651.88,0,0,L10_000293,LEGITIMATE_FUND_DISPERSION,NONE,1,1,5,0,9,359197.13,0.009642,0.025696,ONE_TO_MANY,NORMAL
L10_001462,560,TRANSFER,55455.72,LD000293_S,2371558.35,2316102.63,LD000293_D2,732141.8,787597.52,0,0,L10_000293,LEGITIMATE_FUND_DISPERSION,NONE,1,2,5,2,9,359197.13,0.023384,0.075745,ONE_TO_MANY,NORMAL
L10_001463,562,TRANSFER,142337.38,LD000293_S,2316102.63,2173765.25,LD000293_D3,708235.85,850573.23,0,0,L10_000293,LEGITIMATE_FUND_DISPERSION,NONE,1,3,5,2,9,359197.13,0.061456,0.200975,ONE_TO_MANY,NORMAL
L10_001464,565,TRANSFER,61844.39,LD000293_S,2173765.25,2111920.86,LD000293_D4,538270.52,600114.91,0,0,L10_000293,LEGITIMATE_FUND_DISPERSION,NONE,1,4,5,3,9,359197.13,0.02845,0.114895,ONE_TO_MANY,NORMAL
L10_001465,567,TRANSFER,76470.4,LD000293_S,2111920.86,2035450.46,LD000293_D5,1075423.05,1151893.45,0,0,L10_000293,LEGITIMATE_FUND_DISPERSION,NONE,1,5,5,2,9,359197.13,0.036209,0.071107,ONE_TO_MANY,NORMAL
L10_001466,226,TRANSFER,124244.89,LD000294_S,2267082.54,2142837.65,LD000294_D1,1270203.28,1394448.17,0,0,L10_000294,LEGITIMATE_FUND_DISPERSION,NONE,1,1,5,0,8,340062.39,0.054804,0.097815,ONE_TO_MANY,NORMAL
L10_001467,227,TRANSFER,90845.5,LD000294_S,2142837.65,2051992.15,LD000294_D2,1242137.38,1332982.88,0,0,L10_000294,LEGITIMATE_FUND_DISPERSION,NONE,1,2,5,1,8,340062.39,0.042395,0.073136,ONE_TO_MANY,NORMAL
L10_001468,230,TRANSFER,64121.58,LD000294_S,2051992.15,1987870.57,LD000294_D3,1078755.41,1142876.99,0,0,L10_000294,LEGITIMATE_FUND_DISPERSION,NONE,1,3,5,3,8,340062.39,0.031248,0.05944,ONE_TO_MANY,NORMAL
L10_001469,231,TRANSFER,19802.05,LD000294_S,1987870.57,1968068.52,LD000294_D4,449070.86,468872.91,0,0,L10_000294,LEGITIMATE_FUND_DISPERSION,NONE,1,4,5,1,8,340062.39,0.009961,0.044096,ONE_TO_MANY,NORMAL
L10_001470,234,TRANSFER,41048.37,LD000294_S,1968068.52,1927020.15,LD000294_D5,1190869.59,1231917.96,0,0,L10_000294,LEGITIMATE_FUND_DISPERSION,NONE,1,5,5,3,8,340062.39,0.020857,0.034469,ONE_TO_MANY,NORMAL
L10_001471,459,TRANSFER,22716.71,LD000295_S,2303231.01,2280514.3,LD000295_D1,470742.94,493459.65,0,0,L10_000295,LEGITIMATE_FUND_DISPERSION,NONE,1,1,5,0,7,345484.65,0.009863,0.048257,ONE_TO_MANY,NORMAL
L10_001472,462,TRANSFER,135598.79,LD000295_S,2280514.3,2144915.51,LD000295_D2,703378.25,838977.04,0,0,L10_000295,LEGITIMATE_FUND_DISPERSION,NONE,1,2,5,3,7,345484.65,0.05946,0.192782,ONE_TO_MANY,NORMAL
L10_001473,463,TRANSFER,120108.98,LD000295_S,2144915.51,2024806.53,LD000295_D3,431438.19,551547.17,0,0,L10_000295,LEGITIMATE_FUND_DISPERSION,NONE,1,3,5,1,7,345484.65,0.055997,0.278392,ONE_TO_MANY,NORMAL
L10_001474,464,TRANSFER,27536.34,LD000295_S,2024806.53,1997270.19,LD000295_D4,1099856.56,1127392.9,0,0,L10_000295,LEGITIMATE_FUND_DISPERSION,NONE,1,4,5,1,7,345484.65,0.013599,0.025036,ONE_TO_MANY,NORMAL
L10_001475,466,TRANSFER,39523.83,LD000295_S,1997270.19,1957746.36,LD000295_D5,592935.46,632459.29,0,0,L10_000295,LEGITIMATE_FUND_DISPERSION,NONE,1,5,5,2,7,345484.65,0.019789,0.066658,ONE_TO_MANY,NORMAL
L10_001476,169,TRANSFER,28994.43,LD000296_S,1555341.64,1526347.21,LD000296_D1,814953.96,843948.39,0,0,L10_000296,LEGITIMATE_FUND_DISPERSION,NONE,1,1,5,0,9,233301.25,0.018642,0.035578,ONE_TO_MANY,NORMAL
L10_001477,170,TRANSFER,28538.01,LD000296_S,1526347.21,1497809.2,LD000296_D2,877050.51,905588.52,0,0,L10_000296,LEGITIMATE_FUND_DISPERSION,NONE,1,2,5,1,9,233301.25,0.018697,0.032539,ONE_TO_MANY,NORMAL
L10_001478,173,TRANSFER,23125.91,LD000296_S,1497809.2,1474683.29,LD000296_D3,1026713.07,1049838.98,0,0,L10_000296,LEGITIMATE_FUND_DISPERSION,NONE,1,3,5,3,9,233301.25,0.01544,0.022524,ONE_TO_MANY,NORMAL
L10_001479,175,TRANSFER,57644.98,LD000296_S,1474683.29,1417038.31,LD000296_D4,1256748.65,1314393.63,0,0,L10_000296,LEGITIMATE_FUND_DISPERSION,NONE,1,4,5,2,9,233301.25,0.03909,0.045868,ONE_TO_MANY,NORMAL
L10_001480,178,TRANSFER,94997.92,LD000296_S,1417038.31,1322040.39,LD000296_D5,403655.33,498653.25,0,0,L10_000296,LEGITIMATE_FUND_DISPERSION,NONE,1,5,5,3,9,233301.25,0.06704,0.235344,ONE_TO_MANY,NORMAL
L10_001481,795,TRANSFER,54489.36,LD000297_S,1991861.88,1937372.52,LD000297_D1,724676.98,779166.34,0,0,L10_000297,LEGITIMATE_FUND_DISPERSION,NONE,1,1,5,0,5,298779.28,0.027356,0.075191,ONE_TO_MANY,NORMAL
L10_001482,796,TRANSFER,107249.91,LD000297_S,1937372.52,1830122.61,LD000297_D2,655414.6,762664.51,0,0,L10_000297,LEGITIMATE_FUND_DISPERSION,NONE,1,2,5,1,5,298779.28,0.055358,0.163637,ONE_TO_MANY,NORMAL
L10_001483,798,TRANSFER,19004.0,LD000297_S,1830122.61,1811118.61,LD000297_D3,769592.94,788596.94,0,0,L10_000297,LEGITIMATE_FUND_DISPERSION,NONE,1,3,5,2,5,298779.28,0.010384,0.024694,ONE_TO_MANY,NORMAL
L10_001484,799,TRANSFER,80480.1,LD000297_S,1811118.61,1730638.51,LD000297_D4,1278571.7,1359051.8,0,0,L10_000297,LEGITIMATE_FUND_DISPERSION,NONE,1,4,5,1,5,298779.28,0.044437,0.062945,ONE_TO_MANY,NORMAL
L10_001485,800,TRANSFER,37555.91,LD000297_S,1730638.51,1693082.6,LD000297_D5,653819.96,691375.87,0,0,L10_000297,LEGITIMATE_FUND_DISPERSION,NONE,1,5,5,1,5,298779.28,0.021701,0.057441,ONE_TO_MANY,NORMAL
L10_001486,280,TRANSFER,47685.45,LD000298_S,1429324.99,1381639.54,LD000298_D1,1140877.3,1188562.75,0,0,L10_000298,LEGITIMATE_FUND_DISPERSION,NONE,1,1,5,0,6,214398.75,0.033362,0.041797,ONE_TO_MANY,NORMAL
L10_001487,281,TRANSFER,41474.84,LD000298_S,1381639.54,1340164.7,LD000298_D2,1191418.72,1232893.56,0,0,L10_000298,LEGITIMATE_FUND_DISPERSION,NONE,1,2,5,1,6,214398.75,0.030019,0.034811,ONE_TO_MANY,NORMAL
L10_001488,282,TRANSFER,35616.09,LD000298_S,1340164.7,1304548.61,LD000298_D3,969211.51,1004827.6,0,0,L10_000298,LEGITIMATE_FUND_DISPERSION,NONE,1,3,5,1,6,214398.75,0.026576,0.036747,ONE_TO_MANY,NORMAL
L10_001489,283,TRANSFER,8643.45,LD000298_S,1304548.61,1295905.16,LD000298_D4,957350.52,965993.97,0,0,L10_000298,LEGITIMATE_FUND_DISPERSION,NONE,1,4,5,1,6,214398.75,0.006626,0.009029,ONE_TO_MANY,NORMAL
L10_001490,286,TRANSFER,80978.92,LD000298_S,1295905.16,1214926.24,LD000298_D5,811219.07,892197.99,0,0,L10_000298,LEGITIMATE_FUND_DISPERSION,NONE,1,5,5,3,6,214398.75,0.062488,0.099824,ONE_TO_MANY,NORMAL
L10_001491,408,TRANSFER,38571.06,LD000299_S,2130581.85,2092010.79,LD000299_D1,991524.77,1030095.83,0,0,L10_000299,LEGITIMATE_FUND_DISPERSION,NONE,1,1,5,0,4,319587.28,0.018104,0.038901,ONE_TO_MANY,NORMAL
L10_001492,409,TRANSFER,62745.79,LD000299_S,2092010.79,2029265.0,LD000299_D2,581140.68,643886.47,0,0,L10_000299,LEGITIMATE_FUND_DISPERSION,NONE,1,2,5,1,4,319587.28,0.029993,0.10797,ONE_TO_MANY,NORMAL
L10_001493,410,TRANSFER,85911.29,LD000299_S,2029265.0,1943353.71,LD000299_D3,901049.37,986960.66,0,0,L10_000299,LEGITIMATE_FUND_DISPERSION,NONE,1,3,5,1,4,319587.28,0.042336,0.095346,ONE_TO_MANY,NORMAL
L10_001494,411,TRANSFER,22207.45,LD000299_S,1943353.71,1921146.26,LD000299_D4,975114.45,997321.9,0,0,L10_000299,LEGITIMATE_FUND_DISPERSION,NONE,1,4,5,1,4,319587.28,0.011427,0.022774,ONE_TO_MANY,NORMAL
L10_001495,412,TRANSFER,110151.69,LD000299_S,1921146.26,1810994.57,LD000299_D5,1073933.72,1184085.41,0,0,L10_000299,LEGITIMATE_FUND_DISPERSION,NONE,1,5,5,1,4,319587.28,0.057336,0.102568,ONE_TO_MANY,NORMAL
L10_001496,573,TRANSFER,93145.47,LD000300_S,1664780.07,1571634.6,LD000300_D1,866619.2,959764.67,0,0,L10_000300,LEGITIMATE_FUND_DISPERSION,NONE,1,1,5,0,10,249717.01,0.055951,0.107481,ONE_TO_MANY,NORMAL
L10_001497,575,TRANSFER,37905.62,LD000300_S,1571634.6,1533728.98,LD000300_D2,982927.83,1020833.45,0,0,L10_000300,LEGITIMATE_FUND_DISPERSION,NONE,1,2,5,2,10,249717.01,0.024119,0.038564,ONE_TO_MANY,NORMAL
L10_001498,578,TRANSFER,13374.05,LD000300_S,1533728.98,1520354.93,LD000300_D3,1252353.87,1265727.92,0,0,L10_000300,LEGITIMATE_FUND_DISPERSION,NONE,1,3,5,3,10,249717.01,0.00872,0.010679,ONE_TO_MANY,NORMAL
L10_001499,581,TRANSFER,78349.88,LD000300_S,1520354.93,1442005.05,LD000300_D4,627286.55,705636.43,0,0,L10_000300,LEGITIMATE_FUND_DISPERSION,NONE,1,4,5,3,10,249717.01,0.051534,0.124903,ONE_TO_MANY,NORMAL
L10_001500,583,TRANSFER,26941.99,LD000300_S,1442005.05,1415063.06,LD000300_D5,872318.54,899260.53,0,0,L10_000300,LEGITIMATE_FUND_DISPERSION,NONE,1,5,5,2,10,249717.01,0.018684,0.030885,ONE_TO_MANY,NORMAL
L10_001501,638,TRANSFER,87058.1,LD000301_S,1858370.58,1771312.48,LD000301_D1,751378.89,838436.99,0,0,L10_000301,LEGITIMATE_FUND_DISPERSION,NONE,1,1,5,0,9,278755.6,0.046846,0.115864,ONE_TO_MANY,NORMAL
L10_001502,641,TRANSFER,27012.4,LD000301_S,1771312.48,1744300.08,LD000301_D2,494356.46,521368.86,0,0,L10_000301,LEGITIMATE_FUND_DISPERSION,NONE,1,2,5,3,9,278755.6,0.01525,0.054642,ONE_TO_MANY,NORMAL
L10_001503,642,TRANSFER,58778.52,LD000301_S,1744300.08,1685521.56,LD000301_D3,845888.4,904666.92,0,0,L10_000301,LEGITIMATE_FUND_DISPERSION,NONE,1,3,5,1,9,278755.6,0.033697,0.069487,ONE_TO_MANY,NORMAL
L10_001504,644,TRANSFER,14241.35,LD000301_S,1685521.56,1671280.21,LD000301_D4,756536.53,770777.88,0,0,L10_000301,LEGITIMATE_FUND_DISPERSION,NONE,1,4,5,2,9,278755.6,0.008449,0.018824,ONE_TO_MANY,NORMAL
L10_001505,647,TRANSFER,91665.23,LD000301_S,1671280.21,1579614.98,LD000301_D5,947348.31,1039013.54,0,0,L10_000301,LEGITIMATE_FUND_DISPERSION,NONE,1,5,5,3,9,278755.6,0.054847,0.09676,ONE_TO_MANY,NORMAL
L10_001506,886,TRANSFER,61663.34,LD000302_S,2546788.52,2485125.18,LD000302_D1,961152.09,1022815.43,0,0,L10_000302,LEGITIMATE_FUND_DISPERSION,NONE,1,1,5,0,6,371242.72,0.024212,0.064156,ONE_TO_MANY,NORMAL
L10_001507,889,TRANSFER,83324.53,LD000302_S,2485125.18,2401800.65,LD000302_D2,554820.11,638144.64,0,0,L10_000302,LEGITIMATE_FUND_DISPERSION,NONE,1,2,5,3,6,371242.72,0.033529,0.150183,ONE_TO_MANY,NORMAL
L10_001508,890,TRANSFER,96359.55,LD000302_S,2401800.65,2305441.1,LD000302_D3,967479.95,1063839.5,0,0,L10_000302,LEGITIMATE_FUND_DISPERSION,NONE,1,3,5,1,6,371242.72,0.04012,0.099598,ONE_TO_MANY,NORMAL
L10_001509,891,TRANSFER,80987.34,LD000302_S,2305441.1,2224453.76,LD000302_D4,422100.68,503088.02,0,0,L10_000302,LEGITIMATE_FUND_DISPERSION,NONE,1,4,5,1,6,371242.72,0.035129,0.191867,ONE_TO_MANY,NORMAL
L10_001510,892,TRANSFER,48907.96,LD000302_S,2224453.76,2175545.8,LD000302_D5,565123.75,614031.71,0,0,L10_000302,LEGITIMATE_FUND_DISPERSION,NONE,1,5,5,1,6,371242.72,0.021987,0.086544,ONE_TO_MANY,NORMAL
L10_001511,85,TRANSFER,126585.9,LD000303_S,2531932.01,2405346.11,LD000303_D1,943085.02,1069670.92,0,0,L10_000303,LEGITIMATE_FUND_DISPERSION,NONE,1,1,5,0,6,379789.81,0.049996,0.134225,ONE_TO_MANY,NORMAL
L10_001512,86,TRANSFER,70190.26,LD000303_S,2405346.11,2335155.85,LD000303_D2,983829.13,1054019.39,0,0,L10_000303,LEGITIMATE_FUND_DISPERSION,NONE,1,2,5,1,6,379789.81,0.029181,0.071344,ONE_TO_MANY,NORMAL
L10_001513,87,TRANSFER,17431.6,LD000303_S,2335155.85,2317724.25,LD000303_D3,845813.14,863244.74,0,0,L10_000303,LEGITIMATE_FUND_DISPERSION,NONE,1,3,5,1,6,379789.81,0.007465,0.020609,ONE_TO_MANY,NORMAL
L10_001514,90,TRANSFER,120723.99,LD000303_S,2317724.25,2197000.26,LD000303_D4,686397.36,807121.35,0,0,L10_000303,LEGITIMATE_FUND_DISPERSION,NONE,1,4,5,3,6,379789.81,0.052087,0.175881,ONE_TO_MANY,NORMAL
L10_001515,91,TRANSFER,44858.06,LD000303_S,2197000.26,2152142.2,LD000303_D5,1070868.17,1115726.23,0,0,L10_000303,LEGITIMATE_FUND_DISPERSION,NONE,1,5,5,1,6,379789.81,0.020418,0.041889,ONE_TO_MANY,NORMAL
L10_001516,156,TRANSFER,26634.4,LD000304_S,2191776.9,2165142.5,LD000304_D1,514484.5,541118.9,0,0,L10_000304,LEGITIMATE_FUND_DISPERSION,NONE,1,1,5,0,10,328766.54,0.012152,0.051769,ONE_TO_MANY,NORMAL
L10_001517,159,TRANSFER,106593.41,LD000304_S,2165142.5,2058549.09,LD000304_D2,481615.98,588209.39,0,0,L10_000304,LEGITIMATE_FUND_DISPERSION,NONE,1,2,5,3,10,328766.54,0.049232,0.221324,ONE_TO_MANY,NORMAL
L10_001518,161,TRANSFER,47044.29,LD000304_S,2058549.09,2011504.8,LD000304_D3,1100724.74,1147769.03,0,0,L10_000304,LEGITIMATE_FUND_DISPERSION,NONE,1,3,5,2,10,328766.54,0.022853,0.042739,ONE_TO_MANY,NORMAL
L10_001519,164,TRANSFER,114534.76,LD000304_S,2011504.8,1896970.04,LD000304_D4,732926.95,847461.71,0,0,L10_000304,LEGITIMATE_FUND_DISPERSION,NONE,1,4,5,3,10,328766.54,0.05694,0.15627,ONE_TO_MANY,NORMAL
L10_001520,166,TRANSFER,33959.68,LD000304_S,1896970.04,1863010.36,LD000304_D5,1158522.68,1192482.36,0,0,L10_000304,LEGITIMATE_FUND_DISPERSION,NONE,1,5,5,2,10,328766.54,0.017902,0.029313,ONE_TO_MANY,NORMAL
L10_001521,810,TRANSFER,86599.32,LD000305_S,1933043.3,1846443.98,LD000305_D1,962081.98,1048681.3,0,0,L10_000305,LEGITIMATE_FUND_DISPERSION,NONE,1,1,5,0,8,289956.49,0.044799,0.090012,ONE_TO_MANY,NORMAL
L10_001522,812,TRANSFER,21986.06,LD000305_S,1846443.98,1824457.92,LD000305_D2,726017.81,748003.87,0,0,L10_000305,LEGITIMATE_FUND_DISPERSION,NONE,1,2,5,2,8,289956.49,0.011907,0.030283,ONE_TO_MANY,NORMAL
L10_001523,814,TRANSFER,79355.91,LD000305_S,1824457.92,1745102.01,LD000305_D3,574206.38,653562.29,0,0,L10_000305,LEGITIMATE_FUND_DISPERSION,NONE,1,3,5,2,8,289956.49,0.043496,0.138201,ONE_TO_MANY,NORMAL
L10_001524,817,TRANSFER,37722.5,LD000305_S,1745102.01,1707379.51,LD000305_D4,1260815.2,1298537.7,0,0,L10_000305,LEGITIMATE_FUND_DISPERSION,NONE,1,4,5,3,8,289956.49,0.021616,0.029919,ONE_TO_MANY,NORMAL
L10_001525,818,TRANSFER,64292.7,LD000305_S,1707379.51,1643086.81,LD000305_D5,523634.01,587926.71,0,0,L10_000305,LEGITIMATE_FUND_DISPERSION,NONE,1,5,5,1,8,289956.49,0.037656,0.122782,ONE_TO_MANY,NORMAL
L10_001526,568,TRANSFER,63624.32,LD000306_S,2229702.77,2166078.45,LD000306_D1,390053.96,453678.28,0,0,L10_000306,LEGITIMATE_FUND_DISPERSION,NONE,1,1,5,0,5,334455.42,0.028535,0.163117,ONE_TO_MANY,NORMAL
L10_001527,569,TRANSFER,44542.72,LD000306_S,2166078.45,2121535.73,LD000306_D2,591305.32,635848.04,0,0,L10_000306,LEGITIMATE_FUND_DISPERSION,NONE,1,2,5,1,5,334455.42,0.020564,0.075329,ONE_TO_MANY,NORMAL
L10_001528,571,TRANSFER,77595.11,LD000306_S,2121535.73,2043940.62,LD000306_D3,729122.33,806717.44,0,0,L10_000306,LEGITIMATE_FUND_DISPERSION,NONE,1,3,5,2,5,334455.42,0.036575,0.106423,ONE_TO_MANY,NORMAL
L10_001529,572,TRANSFER,31269.4,LD000306_S,2043940.62,2012671.22,LD000306_D4,1150035.53,1181304.93,0,0,L10_000306,LEGITIMATE_FUND_DISPERSION,NONE,1,4,5,1,5,334455.42,0.015299,0.02719,ONE_TO_MANY,NORMAL
L10_001530,573,TRANSFER,117423.87,LD000306_S,2012671.22,1895247.35,LD000306_D5,523886.84,641310.71,0,0,L10_000306,LEGITIMATE_FUND_DISPERSION,NONE,1,5,5,1,5,334455.42,0.058342,0.22414,ONE_TO_MANY,NORMAL
L10_001531,718,TRANSFER,49561.95,LD000307_S,1386963.3,1337401.35,LD000307_D1,1130195.18,1179757.13,0,0,L10_000307,LEGITIMATE_FUND_DISPERSION,NONE,1,1,5,0,11,208044.49,0.035734,0.043853,ONE_TO_MANY,NORMAL
L10_001532,720,TRANSFER,22376.2,LD000307_S,1337401.35,1315025.15,LD000307_D2,890378.01,912754.21,0,0,L10_000307,LEGITIMATE_FUND_DISPERSION,NONE,1,2,5,2,11,208044.49,0.016731,0.025131,ONE_TO_MANY,NORMAL
L10_001533,723,TRANSFER,47797.0,LD000307_S,1315025.15,1267228.15,LD000307_D3,828102.48,875899.48,0,0,L10_000307,LEGITIMATE_FUND_DISPERSION,NONE,1,3,5,3,11,208044.49,0.036347,0.057719,ONE_TO_MANY,NORMAL
L10_001534,726,TRANSFER,23405.75,LD000307_S,1267228.15,1243822.4,LD000307_D4,1173625.08,1197030.83,0,0,L10_000307,LEGITIMATE_FUND_DISPERSION,NONE,1,4,5,3,11,208044.49,0.01847,0.019943,ONE_TO_MANY,NORMAL
L10_001535,729,TRANSFER,64903.59,LD000307_S,1243822.4,1178918.81,LD000307_D5,708739.56,773643.15,0,0,L10_000307,LEGITIMATE_FUND_DISPERSION,NONE,1,5,5,3,11,208044.49,0.052181,0.091576,ONE_TO_MANY,NORMAL
L10_001536,488,TRANSFER,90097.62,LD000308_S,2035255.98,1945158.36,LD000308_D1,853191.09,943288.71,0,0,L10_000308,LEGITIMATE_FUND_DISPERSION,NONE,1,1,5,0,9,305288.4,0.044268,0.105601,ONE_TO_MANY,NORMAL
L10_001537,491,TRANSFER,38428.3,LD000308_S,1945158.36,1906730.06,LD000308_D2,860278.87,898707.17,0,0,L10_000308,LEGITIMATE_FUND_DISPERSION,NONE,1,2,5,3,9,305288.4,0.019756,0.04467,ONE_TO_MANY,NORMAL
L10_001538,494,TRANSFER,39267.29,LD000308_S,1906730.06,1867462.77,LD000308_D3,1200797.89,1240065.18,0,0,L10_000308,LEGITIMATE_FUND_DISPERSION,NONE,1,3,5,3,9,305288.4,0.020594,0.032701,ONE_TO_MANY,NORMAL
L10_001539,496,TRANSFER,39570.07,LD000308_S,1867462.77,1827892.7,LD000308_D4,491455.0,531025.07,0,0,L10_000308,LEGITIMATE_FUND_DISPERSION,NONE,1,4,5,2,9,305288.4,0.021189,0.080516,ONE_TO_MANY,NORMAL
L10_001540,497,TRANSFER,97925.12,LD000308_S,1827892.7,1729967.58,LD000308_D5,422762.36,520687.48,0,0,L10_000308,LEGITIMATE_FUND_DISPERSION,NONE,1,5,5,1,9,305288.4,0.053573,0.231632,ONE_TO_MANY,NORMAL
L10_001541,20,TRANSFER,80621.35,LD000309_S,1718683.42,1638062.07,LD000309_D1,1128779.05,1209400.4,0,0,L10_000309,LEGITIMATE_FUND_DISPERSION,NONE,1,1,5,0,8,257802.52,0.046909,0.071423,ONE_TO_MANY,NORMAL
L10_001542,23,TRANSFER,30989.55,LD000309_S,1638062.07,1607072.52,LD000309_D2,1151454.06,1182443.61,0,0,L10_000309,LEGITIMATE_FUND_DISPERSION,NONE,1,2,5,3,8,257802.52,0.018918,0.026913,ONE_TO_MANY,NORMAL
L10_001543,24,TRANSFER,45870.6,LD000309_S,1607072.52,1561201.92,LD000309_D3,901942.32,947812.92,0,0,L10_000309,LEGITIMATE_FUND_DISPERSION,NONE,1,3,5,1,8,257802.52,0.028543,0.050858,ONE_TO_MANY,NORMAL
L10_001544,27,TRANSFER,32990.78,LD000309_S,1561201.92,1528211.14,LD000309_D4,625871.78,658862.56,0,0,L10_000309,LEGITIMATE_FUND_DISPERSION,NONE,1,4,5,3,8,257802.52,0.021132,0.052712,ONE_TO_MANY,NORMAL
L10_001545,28,TRANSFER,67330.24,LD000309_S,1528211.14,1460880.9,LD000309_D5,422355.2,489685.44,0,0,L10_000309,LEGITIMATE_FUND_DISPERSION,NONE,1,5,5,1,8,257802.52,0.044058,0.159416,ONE_TO_MANY,NORMAL
L10_001546,626,TRANSFER,75869.77,LD000310_S,2110887.22,2035017.45,LD000310_D1,996057.68,1071927.45,0,0,L10_000310,LEGITIMATE_FUND_DISPERSION,NONE,1,1,5,0,10,316633.09,0.035942,0.07617,ONE_TO_MANY,NORMAL
L10_001547,628,TRANSFER,42922.09,LD000310_S,2035017.45,1992095.36,LD000310_D2,834157.33,877079.42,0,0,L10_000310,LEGITIMATE_FUND_DISPERSION,NONE,1,2,5,2,10,316633.09,0.021092,0.051456,ONE_TO_MANY,NORMAL
L10_001548,631,TRANSFER,85787.79,LD000310_S,1992095.36,1906307.57,LD000310_D3,477659.93,563447.72,0,0,L10_000310,LEGITIMATE_FUND_DISPERSION,NONE,1,3,5,3,10,316633.09,0.043064,0.1796,ONE_TO_MANY,NORMAL
L10_001549,633,TRANSFER,82700.06,LD000310_S,1906307.57,1823607.51,LD000310_D4,1021271.15,1103971.21,0,0,L10_000310,LEGITIMATE_FUND_DISPERSION,NONE,1,4,5,2,10,316633.09,0.043382,0.080978,ONE_TO_MANY,NORMAL
L10_001550,636,TRANSFER,29353.38,LD000310_S,1823607.51,1794254.13,LD000310_D5,581173.13,610526.51,0,0,L10_000310,LEGITIMATE_FUND_DISPERSION,NONE,1,5,5,3,10,316633.09,0.016096,0.050507,ONE_TO_MANY,NORMAL
L10_001551,886,TRANSFER,85402.43,LD000311_S,2391341.24,2305938.81,LD000311_D1,1129904.62,1215307.05,0,0,L10_000311,LEGITIMATE_FUND_DISPERSION,NONE,1,1,5,0,7,358701.19,0.035713,0.075584,ONE_TO_MANY,NORMAL
L10_001552,888,TRANSFER,66763.64,LD000311_S,2305938.81,2239175.17,LD000311_D2,1061118.9,1127882.54,0,0,L10_000311,LEGITIMATE_FUND_DISPERSION,NONE,1,2,5,2,7,358701.19,0.028953,0.062918,ONE_TO_MANY,NORMAL
L10_001553,889,TRANSFER,106077.63,LD000311_S,2239175.17,2133097.54,LD000311_D3,979927.42,1086005.05,0,0,L10_000311,LEGITIMATE_FUND_DISPERSION,NONE,1,3,5,1,7,358701.19,0.047374,0.10825,ONE_TO_MANY,NORMAL
L10_001554,891,TRANSFER,11298.93,LD000311_S,2133097.54,2121798.61,LD000311_D4,493485.37,504784.3,0,0,L10_000311,LEGITIMATE_FUND_DISPERSION,NONE,1,4,5,2,7,358701.19,0.005297,0.022896,ONE_TO_MANY,NORMAL
L10_001555,893,TRANSFER,89158.56,LD000311_S,2121798.61,2032640.05,LD000311_D5,907325.86,996484.42,0,0,L10_000311,LEGITIMATE_FUND_DISPERSION,NONE,1,5,5,2,7,358701.19,0.04202,0.098265,ONE_TO_MANY,NORMAL
L10_001556,382,TRANSFER,37503.6,LD000312_S,2116414.28,2078910.68,LD000312_D1,1217100.13,1254603.73,0,0,L10_000312,LEGITIMATE_FUND_DISPERSION,NONE,1,1,5,0,8,317462.13,0.01772,0.030814,ONE_TO_MANY,NORMAL
L10_001557,384,TRANSFER,46699.37,LD000312_S,2078910.68,2032211.31,LD000312_D2,996403.09,1043102.46,0,0,L10_000312,LEGITIMATE_FUND_DISPERSION,NONE,1,2,5,2,8,317462.13,0.022463,0.046868,ONE_TO_MANY,NORMAL
L10_001558,387,TRANSFER,81195.78,LD000312_S,2032211.31,1951015.53,LD000312_D3,653362.68,734558.46,0,0,L10_000312,LEGITIMATE_FUND_DISPERSION,NONE,1,3,5,3,8,317462.13,0.039954,0.124274,ONE_TO_MANY,NORMAL
L10_001559,388,TRANSFER,74922.64,LD000312_S,1951015.53,1876092.89,LD000312_D4,736522.75,811445.39,0,0,L10_000312,LEGITIMATE_FUND_DISPERSION,NONE,1,4,5,1,8,317462.13,0.038402,0.101725,ONE_TO_MANY,NORMAL
L10_001560,390,TRANSFER,77140.74,LD000312_S,1876092.89,1798952.15,LD000312_D5,1213825.95,1290966.69,0,0,L10_000312,LEGITIMATE_FUND_DISPERSION,NONE,1,5,5,2,8,317462.13,0.041118,0.063552,ONE_TO_MANY,NORMAL
L10_001561,894,TRANSFER,82266.2,LD000313_S,2437341.19,2355074.99,LD000313_D1,910364.66,992630.86,0,0,L10_000313,LEGITIMATE_FUND_DISPERSION,NONE,1,1,5,0,7,365601.17,0.033752,0.090366,ONE_TO_MANY,NORMAL
L10_001562,896,TRANSFER,80971.21,LD000313_S,2355074.99,2274103.78,LD000313_D2,817495.97,898467.18,0,0,L10_000313,LEGITIMATE_FUND_DISPERSION,NONE,1,2,5,2,7,365601.17,0.034382,0.099048,ONE_TO_MANY,NORMAL
L10_001563,899,TRANSFER,98624.7,LD000313_S,2274103.78,2175479.08,LD000313_D3,1148327.18,1246951.88,0,0,L10_000313,LEGITIMATE_FUND_DISPERSION,NONE,1,3,5,3,7,365601.17,0.043369,0.085886,ONE_TO_MANY,NORMAL
L10_001564,900,TRANSFER,50240.81,LD000313_S,2175479.08,2125238.27,LD000313_D4,547292.85,597533.66,0,0,L10_000313,LEGITIMATE_FUND_DISPERSION,NONE,1,4,5,1,7,365601.17,0.023094,0.091799,ONE_TO_MANY,NORMAL
L10_001565,901,TRANSFER,53498.25,LD000313_S,2125238.27,2071740.02,LD000313_D5,738070.9,791569.15,0,0,L10_000313,LEGITIMATE_FUND_DISPERSION,NONE,1,5,5,1,7,365601.17,0.025173,0.072484,ONE_TO_MANY,NORMAL
L10_001566,763,TRANSFER,51784.06,LD000314_S,2088644.98,2036860.92,LD000314_D1,461454.65,513238.71,0,0,L10_000314,LEGITIMATE_FUND_DISPERSION,NONE,1,1,5,0,9,313296.74,0.024793,0.112219,ONE_TO_MANY,NORMAL
L10_001567,765,TRANSFER,37273.98,LD000314_S,2036860.92,1999586.94,LD000314_D2,439172.2,476446.18,0,0,L10_000314,LEGITIMATE_FUND_DISPERSION,NONE,1,2,5,2,9,313296.74,0.0183,0.084873,ONE_TO_MANY,NORMAL
L10_001568,767,TRANSFER,39809.13,LD000314_S,1999586.94,1959777.81,LD000314_D3,885872.88,925682.01,0,0,L10_000314,LEGITIMATE_FUND_DISPERSION,NONE,1,3,5,2,9,313296.74,0.019909,0.044938,ONE_TO_MANY,NORMAL
L10_001569,770,TRANSFER,95433.17,LD000314_S,1959777.81,1864344.64,LD000314_D4,539181.13,634614.3,0,0,L10_000314,LEGITIMATE_FUND_DISPERSION,NONE,1,4,5,3,9,313296.74,0.048696,0.176996,ONE_TO_MANY,NORMAL
L10_001570,772,TRANSFER,88996.4,LD000314_S,1864344.64,1775348.24,LD000314_D5,520654.49,609650.89,0,0,L10_000314,LEGITIMATE_FUND_DISPERSION,NONE,1,5,5,2,9,313296.74,0.047736,0.170932,ONE_TO_MANY,NORMAL
L10_001571,461,TRANSFER,117315.6,LD000315_S,2523909.0,2406593.4,LD000315_D1,564028.47,681344.07,0,0,L10_000315,LEGITIMATE_FUND_DISPERSION,NONE,1,1,5,0,8,282444.72,0.046482,0.207996,ONE_TO_MANY,NORMAL
L10_001572,462,TRANSFER,36691.96,LD000315_S,2406593.4,2369901.44,LD000315_D2,975244.74,1011936.7,0,0,L10_000315,LEGITIMATE_FUND_DISPERSION,NONE,1,2,5,1,8,282444.72,0.015246,0.037623,ONE_TO_MANY,NORMAL
L10_001573,464,TRANSFER,14897.14,LD000315_S,2369901.44,2355004.3,LD000315_D3,1112201.05,1127098.19,0,0,L10_000315,LEGITIMATE_FUND_DISPERSION,NONE,1,3,5,2,8,282444.72,0.006286,0.013394,ONE_TO_MANY,NORMAL
L10_001574,467,TRANSFER,52700.58,LD000315_S,2355004.3,2302303.72,LD000315_D4,1061346.44,1114047.02,0,0,L10_000315,LEGITIMATE_FUND_DISPERSION,NONE,1,4,5,3,8,282444.72,0.022378,0.049654,ONE_TO_MANY,NORMAL
L10_001575,469,TRANSFER,60839.44,LD000315_S,2302303.72,2241464.28,LD000315_D5,692103.69,752943.13,0,0,L10_000315,LEGITIMATE_FUND_DISPERSION,NONE,1,5,5,2,8,282444.72,0.026425,0.087905,ONE_TO_MANY,NORMAL
L10_001576,147,TRANSFER,34253.99,LD000316_S,2475761.7,2441507.71,LD000316_D1,938430.99,972684.98,0,0,L10_000316,LEGITIMATE_FUND_DISPERSION,NONE,1,1,5,0,7,371364.26,0.013836,0.036501,ONE_TO_MANY,NORMAL
L10_001577,148,TRANSFER,65726.27,LD000316_S,2441507.71,2375781.44,LD000316_D2,525931.87,591658.14,0,0,L10_000316,LEGITIMATE_FUND_DISPERSION,NONE,1,2,5,1,7,371364.26,0.02692,0.124971,ONE_TO_MANY,NORMAL
L10_001578,151,TRANSFER,88547.28,LD000316_S,2375781.44,2287234.16,LD000316_D3,633412.07,721959.35,0,0,L10_000316,LEGITIMATE_FUND_DISPERSION,NONE,1,3,5,3,7,371364.26,0.037271,0.139794,ONE_TO_MANY,NORMAL
L10_001579,153,TRANSFER,64679.16,LD000316_S,2287234.16,2222555.0,LD000316_D4,1260132.57,1324811.73,0,0,L10_000316,LEGITIMATE_FUND_DISPERSION,NONE,1,4,5,2,7,371364.26,0.028278,0.051327,ONE_TO_MANY,NORMAL
L10_001580,154,TRANSFER,118157.56,LD000316_S,2222555.0,2104397.44,LD000316_D5,875587.12,993744.68,0,0,L10_000316,LEGITIMATE_FUND_DISPERSION,NONE,1,5,5,1,7,371364.26,0.053163,0.134947,ONE_TO_MANY,NORMAL
L10_001581,230,TRANSFER,22015.82,LD000317_S,2032606.9,2010591.08,LD000317_D1,833106.76,855122.58,0,0,L10_000317,LEGITIMATE_FUND_DISPERSION,NONE,1,1,5,0,6,304891.04,0.010831,0.026426,ONE_TO_MANY,NORMAL
L10_001582,232,TRANSFER,89233.41,LD000317_S,2010591.08,1921357.67,LD000317_D2,573927.58,663160.99,0,0,L10_000317,LEGITIMATE_FUND_DISPERSION,NONE,1,2,5,2,6,304891.04,0.044382,0.155479,ONE_TO_MANY,NORMAL
L10_001583,233,TRANSFER,87674.09,LD000317_S,1921357.67,1833683.58,LD000317_D3,566560.99,654235.08,0,0,L10_000317,LEGITIMATE_FUND_DISPERSION,NONE,1,3,5,1,6,304891.04,0.045631,0.154748,ONE_TO_MANY,NORMAL
L10_001584,234,TRANSFER,37841.36,LD000317_S,1833683.58,1795842.22,LD000317_D4,802121.78,839963.14,0,0,L10_000317,LEGITIMATE_FUND_DISPERSION,NONE,1,4,5,1,6,304891.04,0.020637,0.047177,ONE_TO_MANY,NORMAL
L10_001585,236,TRANSFER,68126.36,LD000317_S,1795842.22,1727715.86,LD000317_D5,1125343.38,1193469.74,0,0,L10_000317,LEGITIMATE_FUND_DISPERSION,NONE,1,5,5,2,6,304891.04,0.037936,0.060538,ONE_TO_MANY,NORMAL
L10_001586,494,TRANSFER,63585.79,LD000318_S,2270789.04,2207203.25,LD000318_D1,1057411.69,1120997.48,0,0,L10_000318,LEGITIMATE_FUND_DISPERSION,NONE,1,1,5,0,8,340618.35,0.028002,0.060133,ONE_TO_MANY,NORMAL
L10_001587,497,TRANSFER,63560.97,LD000318_S,2207203.25,2143642.28,LD000318_D2,635140.12,698701.09,0,0,L10_000318,LEGITIMATE_FUND_DISPERSION,NONE,1,2,5,3,8,340618.35,0.028797,0.100074,ONE_TO_MANY,NORMAL
L10_001588,498,TRANSFER,113470.22,LD000318_S,2143642.28,2030172.06,LD000318_D3,1232895.35,1346365.57,0,0,L10_000318,LEGITIMATE_FUND_DISPERSION,NONE,1,3,5,1,8,340618.35,0.052933,0.092036,ONE_TO_MANY,NORMAL
L10_001589,499,TRANSFER,12382.92,LD000318_S,2030172.06,2017789.14,LD000318_D4,1162312.04,1174694.96,0,0,L10_000318,LEGITIMATE_FUND_DISPERSION,NONE,1,4,5,1,8,340618.35,0.006099,0.010654,ONE_TO_MANY,NORMAL
L10_001590,502,TRANSFER,87618.45,LD000318_S,2017789.14,1930170.69,LD000318_D5,1126171.59,1213790.04,0,0,L10_000318,LEGITIMATE_FUND_DISPERSION,NONE,1,5,5,3,8,340618.35,0.043423,0.077802,ONE_TO_MANY,NORMAL
L10_001591,379,TRANSFER,41569.69,LD000319_S,1966281.37,1924711.68,LD000319_D1,1165574.24,1207143.93,0,0,L10_000319,LEGITIMATE_FUND_DISPERSION,NONE,1,1,5,0,8,294942.21,0.021141,0.035665,ONE_TO_MANY,NORMAL
L10_001592,381,TRANSFER,58903.64,LD000319_S,1924711.68,1865808.04,LD000319_D2,453210.36,512114.0,0,0,L10_000319,LEGITIMATE_FUND_DISPERSION,NONE,1,2,5,2,8,294942.21,0.030604,0.12997,ONE_TO_MANY,NORMAL
L10_001593,383,TRANSFER,85934.61,LD000319_S,1865808.04,1779873.43,LD000319_D3,1054431.16,1140365.77,0,0,L10_000319,LEGITIMATE_FUND_DISPERSION,NONE,1,3,5,2,8,294942.21,0.046058,0.081499,ONE_TO_MANY,NORMAL
L10_001594,384,TRANSFER,66130.54,LD000319_S,1779873.43,1713742.89,LD000319_D4,659538.32,725668.86,0,0,L10_000319,LEGITIMATE_FUND_DISPERSION,NONE,1,4,5,1,8,294942.21,0.037155,0.100268,ONE_TO_MANY,NORMAL
L10_001595,387,TRANSFER,42403.73,LD000319_S,1713742.89,1671339.16,LD000319_D5,431432.01,473835.74,0,0,L10_000319,LEGITIMATE_FUND_DISPERSION,NONE,1,5,5,3,8,294942.21,0.024743,0.098286,ONE_TO_MANY,NORMAL
L10_001596,690,TRANSFER,86952.28,LD000320_S,1718709.95,1631757.67,LD000320_D1,1092530.42,1179482.7,0,0,L10_000320,LEGITIMATE_FUND_DISPERSION,NONE,1,1,5,0,4,218159.74,0.050592,0.079588,ONE_TO_MANY,NORMAL
L10_001597,691,TRANSFER,21525.62,LD000320_S,1631757.67,1610232.05,LD000320_D2,408016.88,429542.5,0,0,L10_000320,LEGITIMATE_FUND_DISPERSION,NONE,1,2,5,1,4,218159.74,0.013192,0.052757,ONE_TO_MANY,NORMAL
L10_001598,692,TRANSFER,20052.01,LD000320_S,1610232.05,1590180.04,LD000320_D3,611245.83,631297.84,0,0,L10_000320,LEGITIMATE_FUND_DISPERSION,NONE,1,3,5,1,4,218159.74,0.012453,0.032805,ONE_TO_MANY,NORMAL
L10_001599,693,TRANSFER,18199.83,LD000320_S,1590180.04,1571980.21,LD000320_D4,622543.13,640742.96,0,0,L10_000320,LEGITIMATE_FUND_DISPERSION,NONE,1,4,5,1,4,218159.74,0.011445,0.029235,ONE_TO_MANY,NORMAL
L10_001600,694,TRANSFER,71430.0,LD000320_S,1571980.21,1500550.21,LD000320_D5,677295.47,748725.47,0,0,L10_000320,LEGITIMATE_FUND_DISPERSION,NONE,1,5,5,1,4,218159.74,0.04544,0.105464,ONE_TO_MANY,NORMAL
L10_001601,446,TRANSFER,32440.01,LD000321_S,1864131.01,1831691.0,LD000321_D1,784679.59,817119.6,0,0,L10_000321,LEGITIMATE_FUND_DISPERSION,NONE,1,1,5,0,8,279619.65,0.017402,0.041342,ONE_TO_MANY,NORMAL
L10_001602,447,TRANSFER,82220.19,LD000321_S,1831691.0,1749470.81,LD000321_D2,877861.81,960082.0,0,0,L10_000321,LEGITIMATE_FUND_DISPERSION,NONE,1,2,5,1,8,279619.65,0.044888,0.09366,ONE_TO_MANY,NORMAL
L10_001603,448,TRANSFER,25331.81,LD000321_S,1749470.81,1724139.0,LD000321_D3,515032.68,540364.49,0,0,L10_000321,LEGITIMATE_FUND_DISPERSION,NONE,1,3,5,1,8,279619.65,0.01448,0.049185,ONE_TO_MANY,NORMAL
L10_001604,451,TRANSFER,43626.71,LD000321_S,1724139.0,1680512.29,LD000321_D4,773682.56,817309.27,0,0,L10_000321,LEGITIMATE_FUND_DISPERSION,NONE,1,4,5,3,8,279619.65,0.025303,0.056388,ONE_TO_MANY,NORMAL
L10_001605,454,TRANSFER,96000.93,LD000321_S,1680512.29,1584511.36,LD000321_D5,1221869.57,1317870.5,0,0,L10_000321,LEGITIMATE_FUND_DISPERSION,NONE,1,5,5,3,8,279619.65,0.057126,0.078569,ONE_TO_MANY,NORMAL
L10_001606,852,TRANSFER,44579.05,LD000322_S,1788832.33,1744253.28,LD000322_D1,680435.88,725014.93,0,0,L10_000322,LEGITIMATE_FUND_DISPERSION,NONE,1,1,5,0,9,268324.84,0.024921,0.065515,ONE_TO_MANY,NORMAL
L10_001607,853,TRANSFER,59105.31,LD000322_S,1744253.28,1685147.97,LD000322_D2,454616.8,513722.11,0,0,L10_000322,LEGITIMATE_FUND_DISPERSION,NONE,1,2,5,1,9,268324.84,0.033886,0.130011,ONE_TO_MANY,NORMAL
L10_001608,856,TRANSFER,63012.19,LD000322_S,1685147.97,1622135.78,LD000322_D3,712373.88,775386.07,0,0,L10_000322,LEGITIMATE_FUND_DISPERSION,NONE,1,3,5,3,9,268324.84,0.037393,0.088454,ONE_TO_MANY,NORMAL
L10_001609,859,TRANSFER,46297.14,LD000322_S,1622135.78,1575838.64,LD000322_D4,1181251.89,1227549.03,0,0,L10_000322,LEGITIMATE_FUND_DISPERSION,NONE,1,4,5,3,9,268324.84,0.028541,0.039193,ONE_TO_MANY,NORMAL
L10_001610,861,TRANSFER,55331.15,LD000322_S,1575838.64,1520507.49,LD000322_D5,1239452.62,1294783.77,0,0,L10_000322,LEGITIMATE_FUND_DISPERSION,NONE,1,5,5,2,9,268324.84,0.035112,0.044642,ONE_TO_MANY,NORMAL
L10_001611,411,TRANSFER,18908.55,LD000323_S,1844708.95,1825800.4,LD000323_D1,828817.72,847726.27,0,0,L10_000323,LEGITIMATE_FUND_DISPERSION,NONE,1,1,5,0,9,276706.34,0.01025,0.022814,ONE_TO_MANY,NORMAL
L10_001612,412,TRANSFER,43523.73,LD000323_S,1825800.4,1782276.67,LD000323_D2,688676.57,732200.3,0,0,L10_000323,LEGITIMATE_FUND_DISPERSION,NONE,1,2,5,1,9,276706.34,0.023838,0.063199,ONE_TO_MANY,NORMAL
L10_001613,415,TRANSFER,99302.17,LD000323_S,1782276.67,1682974.5,LD000323_D3,701760.34,801062.51,0,0,L10_000323,LEGITIMATE_FUND_DISPERSION,NONE,1,3,5,3,9,276706.34,0.055716,0.141504,ONE_TO_MANY,NORMAL
L10_001614,417,TRANSFER,17825.44,LD000323_S,1682974.5,1665149.06,LD000323_D4,983327.49,1001152.93,0,0,L10_000323,LEGITIMATE_FUND_DISPERSION,NONE,1,4,5,2,9,276706.34,0.010592,0.018128,ONE_TO_MANY,NORMAL
L10_001615,420,TRANSFER,97146.45,LD000323_S,1665149.06,1568002.61,LD000323_D5,986405.0,1083551.45,0,0,L10_000323,LEGITIMATE_FUND_DISPERSION,NONE,1,5,5,3,9,276706.34,0.058341,0.098485,ONE_TO_MANY,NORMAL
L10_001616,493,TRANSFER,77173.25,LD000324_S,2187553.34,2110380.09,LD000324_D1,720393.88,797567.13,0,0,L10_000324,LEGITIMATE_FUND_DISPERSION,NONE,1,1,5,0,9,328132.99,0.035278,0.107126,ONE_TO_MANY,NORMAL
L10_001617,496,TRANSFER,107391.05,LD000324_S,2110380.09,2002989.04,LD000324_D2,846247.55,953638.6,0,0,L10_000324,LEGITIMATE_FUND_DISPERSION,NONE,1,2,5,3,9,328132.99,0.050887,0.126903,ONE_TO_MANY,NORMAL
L10_001618,498,TRANSFER,19959.43,LD000324_S,2002989.04,1983029.61,LD000324_D3,979498.88,999458.31,0,0,L10_000324,LEGITIMATE_FUND_DISPERSION,NONE,1,3,5,2,9,328132.99,0.009965,0.020377,ONE_TO_MANY,NORMAL
L10_001619,500,TRANSFER,60489.41,LD000324_S,1983029.61,1922540.2,LD000324_D4,1091669.11,1152158.52,0,0,L10_000324,LEGITIMATE_FUND_DISPERSION,NONE,1,4,5,2,9,328132.99,0.030504,0.05541,ONE_TO_MANY,NORMAL
L10_001620,502,TRANSFER,63119.85,LD000324_S,1922540.2,1859420.35,LD000324_D5,1081920.41,1145040.26,0,0,L10_000324,LEGITIMATE_FUND_DISPERSION,NONE,1,5,5,2,9,328132.99,0.032831,0.058341,ONE_TO_MANY,NORMAL
L10_001621,863,TRANSFER,23990.89,LD000325_S,1996742.93,1972752.04,LD000325_D1,971609.6,995600.49,0,0,L10_000325,LEGITIMATE_FUND_DISPERSION,NONE,1,1,5,0,10,299511.44,0.012015,0.024692,ONE_TO_MANY,NORMAL
L10_001622,866,TRANSFER,95668.27,LD000325_S,1972752.04,1877083.77,LD000325_D2,457823.26,553491.53,0,0,L10_000325,LEGITIMATE_FUND_DISPERSION,NONE,1,2,5,3,10,299511.44,0.048495,0.208963,ONE_TO_MANY,NORMAL
L10_001623,869,TRANSFER,29164.34,LD000325_S,1877083.77,1847919.43,LD000325_D3,660140.24,689304.58,0,0,L10_000325,LEGITIMATE_FUND_DISPERSION,NONE,1,3,5,3,10,299511.44,0.015537,0.044179,ONE_TO_MANY,NORMAL
L10_001624,870,TRANSFER,56130.69,LD000325_S,1847919.43,1791788.74,LD000325_D4,769909.98,826040.67,0,0,L10_000325,LEGITIMATE_FUND_DISPERSION,NONE,1,4,5,1,10,299511.44,0.030375,0.072906,ONE_TO_MANY,NORMAL
L10_001625,873,TRANSFER,94557.25,LD000325_S,1791788.74,1697231.49,LD000325_D5,1001052.49,1095609.74,0,0,L10_000325,LEGITIMATE_FUND_DISPERSION,NONE,1,5,5,3,10,299511.44,0.052773,0.094458,ONE_TO_MANY,NORMAL
L10_001626,307,TRANSFER,55000.52,LD000326_S,1638868.53,1583868.01,LD000326_D1,780783.45,835783.97,0,0,L10_000326,LEGITIMATE_FUND_DISPERSION,NONE,1,1,5,0,11,245830.27,0.03356,0.070443,ONE_TO_MANY,NORMAL
L10_001627,310,TRANSFER,41571.21,LD000326_S,1583868.01,1542296.8,LD000326_D2,648327.49,689898.7,0,0,L10_000326,LEGITIMATE_FUND_DISPERSION,NONE,1,2,5,3,11,245830.27,0.026247,0.064121,ONE_TO_MANY,NORMAL
L10_001628,313,TRANSFER,63293.39,LD000326_S,1542296.8,1479003.41,LD000326_D3,876843.61,940137.0,0,0,L10_000326,LEGITIMATE_FUND_DISPERSION,NONE,1,3,5,3,11,245830.27,0.041038,0.072183,ONE_TO_MANY,NORMAL
L10_001629,316,TRANSFER,50857.34,LD000326_S,1479003.41,1428146.07,LD000326_D4,754500.73,805358.07,0,0,L10_000326,LEGITIMATE_FUND_DISPERSION,NONE,1,4,5,3,11,245830.27,0.034386,0.067405,ONE_TO_MANY,NORMAL
L10_001630,318,TRANSFER,35107.81,LD000326_S,1428146.07,1393038.26,LD000326_D5,477701.01,512808.82,0,0,L10_000326,LEGITIMATE_FUND_DISPERSION,NONE,1,5,5,2,11,245830.27,0.024583,0.073493,ONE_TO_MANY,NORMAL
L10_001631,33,TRANSFER,31211.93,LD000327_S,1413495.54,1382283.61,LD000327_D1,1102407.89,1133619.82,0,0,L10_000327,LEGITIMATE_FUND_DISPERSION,NONE,1,1,5,0,10,212024.32,0.022081,0.028313,ONE_TO_MANY,NORMAL
L10_001632,35,TRANSFER,50966.2,LD000327_S,1382283.61,1331317.41,LD000327_D2,1100914.67,1151880.87,0,0,L10_000327,LEGITIMATE_FUND_DISPERSION,NONE,1,2,5,2,10,212024.32,0.036871,0.046294,ONE_TO_MANY,NORMAL
L10_001633,38,TRANSFER,37012.74,LD000327_S,1331317.41,1294304.67,LD000327_D3,803998.6,841011.34,0,0,L10_000327,LEGITIMATE_FUND_DISPERSION,NONE,1,3,5,3,10,212024.32,0.027802,0.046036,ONE_TO_MANY,NORMAL
L10_001634,40,TRANSFER,40874.45,LD000327_S,1294304.67,1253430.22,LD000327_D4,781568.16,822442.61,0,0,L10_000327,LEGITIMATE_FUND_DISPERSION,NONE,1,4,5,2,10,212024.32,0.03158,0.052298,ONE_TO_MANY,NORMAL
L10_001635,43,TRANSFER,51959.0,LD000327_S,1253430.22,1201471.22,LD000327_D5,639436.32,691395.32,0,0,L10_000327,LEGITIMATE_FUND_DISPERSION,NONE,1,5,5,3,10,212024.32,0.041453,0.081258,ONE_TO_MANY,NORMAL
L10_001636,75,TRANSFER,70524.78,LD000328_S,2291909.07,2221384.29,LD000328_D1,854498.39,925023.17,0,0,L10_000328,LEGITIMATE_FUND_DISPERSION,NONE,1,1,5,0,11,343786.36,0.030771,0.082534,ONE_TO_MANY,NORMAL
L10_001637,78,TRANSFER,59027.98,LD000328_S,2221384.29,2162356.31,LD000328_D2,882906.61,941934.59,0,0,L10_000328,LEGITIMATE_FUND_DISPERSION,NONE,1,2,5,3,11,343786.36,0.026573,0.066856,ONE_TO_MANY,NORMAL
L10_001638,80,TRANSFER,63689.68,LD000328_S,2162356.31,2098666.63,LD000328_D3,1255676.82,1319366.5,0,0,L10_000328,LEGITIMATE_FUND_DISPERSION,NONE,1,3,5,2,11,343786.36,0.029454,0.050721,ONE_TO_MANY,NORMAL
L10_001639,83,TRANSFER,69871.82,LD000328_S,2098666.63,2028794.81,LD000328_D4,694338.74,764210.56,0,0,L10_000328,LEGITIMATE_FUND_DISPERSION,NONE,1,4,5,3,11,343786.36,0.033293,0.100631,ONE_TO_MANY,NORMAL
L10_001640,86,TRANSFER,80672.1,LD000328_S,2028794.81,1948122.71,LD000328_D5,1171668.03,1252340.13,0,0,L10_000328,LEGITIMATE_FUND_DISPERSION,NONE,1,5,5,3,11,343786.36,0.039764,0.068852,ONE_TO_MANY,NORMAL
L10_001641,559,TRANSFER,49563.22,LD000329_S,1701668.87,1652105.65,LD000329_D1,1163894.96,1213458.18,0,0,L10_000329,LEGITIMATE_FUND_DISPERSION,NONE,1,1,5,0,8,255250.33,0.029126,0.042584,ONE_TO_MANY,NORMAL
L10_001642,561,TRANSFER,20588.13,LD000329_S,1652105.65,1631517.52,LD000329_D2,1277473.31,1298061.44,0,0,L10_000329,LEGITIMATE_FUND_DISPERSION,NONE,1,2,5,2,8,255250.33,0.012462,0.016116,ONE_TO_MANY,NORMAL
L10_001643,562,TRANSFER,30452.23,LD000329_S,1631517.52,1601065.29,LD000329_D3,1013214.79,1043667.02,0,0,L10_000329,LEGITIMATE_FUND_DISPERSION,NONE,1,3,5,1,8,255250.33,0.018665,0.030055,ONE_TO_MANY,NORMAL
L10_001644,564,TRANSFER,90218.32,LD000329_S,1601065.29,1510846.97,LD000329_D4,691881.74,782100.06,0,0,L10_000329,LEGITIMATE_FUND_DISPERSION,NONE,1,4,5,2,8,255250.33,0.056349,0.130396,ONE_TO_MANY,NORMAL
L10_001645,567,TRANSFER,64428.43,LD000329_S,1510846.97,1446418.54,LD000329_D5,394980.87,459409.3,0,0,L10_000329,LEGITIMATE_FUND_DISPERSION,NONE,1,5,5,3,8,255250.33,0.042644,0.163118,ONE_TO_MANY,NORMAL
L10_001646,31,TRANSFER,68789.45,LD000330_S,2023255.64,1954466.19,LD000330_D1,522315.5,591104.95,0,0,L10_000330,LEGITIMATE_FUND_DISPERSION,NONE,1,1,5,0,8,303488.35,0.033999,0.131701,ONE_TO_MANY,NORMAL
L10_001647,34,TRANSFER,97701.51,LD000330_S,1954466.19,1856764.68,LD000330_D2,544664.6,642366.11,0,0,L10_000330,LEGITIMATE_FUND_DISPERSION,NONE,1,2,5,3,8,303488.35,0.049989,0.179379,ONE_TO_MANY,NORMAL
L10_001648,37,TRANSFER,13182.8,LD000330_S,1856764.68,1843581.88,LD000330_D3,641536.3,654719.1,0,0,L10_000330,LEGITIMATE_FUND_DISPERSION,NONE,1,3,5,3,8,303488.35,0.0071,0.020549,ONE_TO_MANY,NORMAL
L10_001649,38,TRANSFER,71611.22,LD000330_S,1843581.88,1771970.66,LD000330_D4,1004940.4,1076551.62,0,0,L10_000330,LEGITIMATE_FUND_DISPERSION,NONE,1,4,5,1,8,303488.35,0.038844,0.071259,ONE_TO_MANY,NORMAL
L10_001650,39,TRANSFER,52203.37,LD000330_S,1771970.66,1719767.29,LD000330_D5,988632.8,1040836.17,0,0,L10_000330,LEGITIMATE_FUND_DISPERSION,NONE,1,5,5,1,8,303488.35,0.029461,0.052804,ONE_TO_MANY,NORMAL
L10_001651,783,TRANSFER,31221.13,LD000331_S,1642938.24,1611717.11,LD000331_D1,965883.95,997105.08,0,0,L10_000331,LEGITIMATE_FUND_DISPERSION,NONE,1,1,5,0,7,246440.73,0.019003,0.032324,ONE_TO_MANY,NORMAL
L10_001652,785,TRANSFER,41794.72,LD000331_S,1611717.11,1569922.39,LD000331_D2,589849.41,631644.13,0,0,L10_000331,LEGITIMATE_FUND_DISPERSION,NONE,1,2,5,2,7,246440.73,0.025932,0.070857,ONE_TO_MANY,NORMAL
L10_001653,787,TRANSFER,24902.39,LD000331_S,1569922.39,1545020.0,LD000331_D3,877834.5,902736.89,0,0,L10_000331,LEGITIMATE_FUND_DISPERSION,NONE,1,3,5,2,7,246440.73,0.015862,0.028368,ONE_TO_MANY,NORMAL
L10_001654,788,TRANSFER,57105.96,LD000331_S,1545020.0,1487914.04,LD000331_D4,1071670.61,1128776.57,0,0,L10_000331,LEGITIMATE_FUND_DISPERSION,NONE,1,4,5,1,7,246440.73,0.036961,0.053287,ONE_TO_MANY,NORMAL
L10_001655,790,TRANSFER,91416.53,LD000331_S,1487914.04,1396497.51,LD000331_D5,548818.3,640234.83,0,0,L10_000331,LEGITIMATE_FUND_DISPERSION,NONE,1,5,5,2,7,246440.73,0.061439,0.16657,ONE_TO_MANY,NORMAL
L10_001656,133,TRANSFER,21524.91,LD000332_S,1361815.45,1340290.54,LD000332_D1,1080394.8,1101919.71,0,0,L10_000332,LEGITIMATE_FUND_DISPERSION,NONE,1,1,5,0,9,204272.31,0.015806,0.019923,ONE_TO_MANY,NORMAL
L10_001657,135,TRANSFER,55223.85,LD000332_S,1340290.54,1285066.69,LD000332_D2,582049.76,637273.61,0,0,L10_000332,LEGITIMATE_FUND_DISPERSION,NONE,1,2,5,2,9,204272.31,0.041203,0.094878,ONE_TO_MANY,NORMAL
L10_001658,136,TRANSFER,20686.3,LD000332_S,1285066.69,1264380.39,LD000332_D3,502039.35,522725.65,0,0,L10_000332,LEGITIMATE_FUND_DISPERSION,NONE,1,3,5,1,9,204272.31,0.016097,0.041205,ONE_TO_MANY,NORMAL
L10_001659,139,TRANSFER,60194.59,LD000332_S,1264380.39,1204185.8,LD000332_D4,1077452.4,1137646.99,0,0,L10_000332,LEGITIMATE_FUND_DISPERSION,NONE,1,4,5,3,9,204272.31,0.047608,0.055868,ONE_TO_MANY,NORMAL
L10_001660,142,TRANSFER,46642.66,LD000332_S,1204185.8,1157543.14,LD000332_D5,1039305.81,1085948.47,0,0,L10_000332,LEGITIMATE_FUND_DISPERSION,NONE,1,5,5,3,9,204272.31,0.038734,0.044879,ONE_TO_MANY,NORMAL
L10_001661,127,TRANSFER,56232.82,LD000333_S,1882752.23,1826519.41,LD000333_D1,721498.77,777731.59,0,0,L10_000333,LEGITIMATE_FUND_DISPERSION,NONE,1,1,5,0,6,282412.84,0.029867,0.077939,ONE_TO_MANY,NORMAL
L10_001662,129,TRANSFER,23120.59,LD000333_S,1826519.41,1803398.82,LD000333_D2,1069400.4,1092520.99,0,0,L10_000333,LEGITIMATE_FUND_DISPERSION,NONE,1,2,5,2,6,282412.84,0.012658,0.02162,ONE_TO_MANY,NORMAL
L10_001663,130,TRANSFER,65767.72,LD000333_S,1803398.82,1737631.1,LD000333_D3,738200.44,803968.16,0,0,L10_000333,LEGITIMATE_FUND_DISPERSION,NONE,1,3,5,1,6,282412.84,0.036469,0.089092,ONE_TO_MANY,NORMAL
L10_001664,131,TRANSFER,74362.83,LD000333_S,1737631.1,1663268.27,LD000333_D4,744448.76,818811.59,0,0,L10_000333,LEGITIMATE_FUND_DISPERSION,NONE,1,4,5,1,6,282412.84,0.042796,0.09989,ONE_TO_MANY,NORMAL
L10_001665,133,TRANSFER,62928.88,LD000333_S,1663268.27,1600339.39,LD000333_D5,723808.33,786737.21,0,0,L10_000333,LEGITIMATE_FUND_DISPERSION,NONE,1,5,5,2,6,282412.84,0.037834,0.086941,ONE_TO_MANY,NORMAL
L10_001666,118,TRANSFER,7605.11,LD000334_S,1715940.79,1708335.68,LD000334_D1,947842.38,955447.49,0,0,L10_000334,LEGITIMATE_FUND_DISPERSION,NONE,1,1,5,0,8,257391.11,0.004432,0.008024,ONE_TO_MANY,NORMAL
L10_001667,120,TRANSFER,60528.21,LD000334_S,1708335.68,1647807.47,LD000334_D2,1009845.5,1070373.71,0,0,L10_000334,LEGITIMATE_FUND_DISPERSION,NONE,1,2,5,2,8,257391.11,0.035431,0.059938,ONE_TO_MANY,NORMAL
L10_001668,122,TRANSFER,35756.27,LD000334_S,1647807.47,1612051.2,LD000334_D3,942365.67,978121.94,0,0,L10_000334,LEGITIMATE_FUND_DISPERSION,NONE,1,3,5,2,8,257391.11,0.021699,0.037943,ONE_TO_MANY,NORMAL
L10_001669,124,TRANSFER,62697.64,LD000334_S,1612051.2,1549353.56,LD000334_D4,649234.13,711931.77,0,0,L10_000334,LEGITIMATE_FUND_DISPERSION,NONE,1,4,5,2,8,257391.11,0.038893,0.096572,ONE_TO_MANY,NORMAL
L10_001670,126,TRANSFER,90803.88,LD000334_S,1549353.56,1458549.68,LD000334_D5,1246954.75,1337758.63,0,0,L10_000334,LEGITIMATE_FUND_DISPERSION,NONE,1,5,5,2,8,257391.11,0.058608,0.072821,ONE_TO_MANY,NORMAL
L10_001671,276,TRANSFER,108235.63,LD000335_S,2518248.44,2410012.81,LD000335_D1,1043297.06,1151532.69,0,0,L10_000335,LEGITIMATE_FUND_DISPERSION,NONE,1,1,5,0,9,377737.26,0.042981,0.103744,ONE_TO_MANY,NORMAL
L10_001672,278,TRANSFER,25717.58,LD000335_S,2410012.81,2384295.23,LD000335_D2,1093761.59,1119479.17,0,0,L10_000335,LEGITIMATE_FUND_DISPERSION,NONE,1,2,5,2,9,377737.26,0.010671,0.023513,ONE_TO_MANY,NORMAL
L10_001673,281,TRANSFER,85463.72,LD000335_S,2384295.23,2298831.51,LD000335_D3,439019.93,524483.65,0,0,L10_000335,LEGITIMATE_FUND_DISPERSION,NONE,1,3,5,3,9,377737.26,0.035844,0.194669,ONE_TO_MANY,NORMAL
L10_001674,283,TRANSFER,94538.67,LD000335_S,2298831.51,2204292.84,LD000335_D4,847283.19,941821.86,0,0,L10_000335,LEGITIMATE_FUND_DISPERSION,NONE,1,4,5,2,9,377737.26,0.041125,0.111579,ONE_TO_MANY,NORMAL
L10_001675,285,TRANSFER,63781.66,LD000335_S,2204292.84,2140511.18,LD000335_D5,1208797.74,1272579.4,0,0,L10_000335,LEGITIMATE_FUND_DISPERSION,NONE,1,5,5,2,9,377737.26,0.028935,0.052765,ONE_TO_MANY,NORMAL
L10_001676,150,TRANSFER,8617.96,LD000336_S,1520960.32,1512342.36,LD000336_D1,940211.61,948829.57,0,0,L10_000336,LEGITIMATE_FUND_DISPERSION,NONE,1,1,5,0,5,228144.04,0.005666,0.009166,ONE_TO_MANY,NORMAL
L10_001677,151,TRANSFER,66724.67,LD000336_S,1512342.36,1445617.69,LD000336_D2,880544.6,947269.27,0,0,L10_000336,LEGITIMATE_FUND_DISPERSION,NONE,1,2,5,1,5,228144.04,0.04412,0.075777,ONE_TO_MANY,NORMAL
L10_001678,153,TRANSFER,60225.75,LD000336_S,1445617.69,1385391.94,LD000336_D3,851908.58,912134.33,0,0,L10_000336,LEGITIMATE_FUND_DISPERSION,NONE,1,3,5,2,5,228144.04,0.041661,0.070695,ONE_TO_MANY,NORMAL
L10_001679,154,TRANSFER,46689.22,LD000336_S,1385391.94,1338702.72,LD000336_D4,1193104.8,1239794.02,0,0,L10_000336,LEGITIMATE_FUND_DISPERSION,NONE,1,4,5,1,5,228144.04,0.033701,0.039133,ONE_TO_MANY,NORMAL
L10_001680,155,TRANSFER,45886.44,LD000336_S,1338702.72,1292816.28,LD000336_D5,1073763.19,1119649.63,0,0,L10_000336,LEGITIMATE_FUND_DISPERSION,NONE,1,5,5,1,5,228144.04,0.034277,0.042734,ONE_TO_MANY,NORMAL
L10_001681,545,TRANSFER,8988.67,LD000337_S,1980485.61,1971496.94,LD000337_D1,490654.82,499643.49,0,0,L10_000337,LEGITIMATE_FUND_DISPERSION,NONE,1,1,5,0,8,297072.85,0.004539,0.01832,ONE_TO_MANY,NORMAL
L10_001682,548,TRANSFER,60750.12,LD000337_S,1971496.94,1910746.82,LD000337_D2,1004204.28,1064954.4,0,0,L10_000337,LEGITIMATE_FUND_DISPERSION,NONE,1,2,5,3,8,297072.85,0.030814,0.060496,ONE_TO_MANY,NORMAL
L10_001683,549,TRANSFER,101586.16,LD000337_S,1910746.82,1809160.66,LD000337_D3,1147842.04,1249428.2,0,0,L10_000337,LEGITIMATE_FUND_DISPERSION,NONE,1,3,5,1,8,297072.85,0.053166,0.088502,ONE_TO_MANY,NORMAL
L10_001684,551,TRANSFER,60405.53,LD000337_S,1809160.66,1748755.13,LD000337_D4,733977.33,794382.86,0,0,L10_000337,LEGITIMATE_FUND_DISPERSION,NONE,1,4,5,2,8,297072.85,0.033389,0.082299,ONE_TO_MANY,NORMAL
L10_001685,553,TRANSFER,65342.37,LD000337_S,1748755.13,1683412.76,LD000337_D5,985927.19,1051269.56,0,0,L10_000337,LEGITIMATE_FUND_DISPERSION,NONE,1,5,5,2,8,297072.85,0.037365,0.066275,ONE_TO_MANY,NORMAL
L10_001686,416,TRANSFER,93609.26,LD000338_S,2441050.34,2347441.08,LD000338_D1,1061428.88,1155038.14,0,0,L10_000338,LEGITIMATE_FUND_DISPERSION,NONE,1,1,5,0,9,366157.55,0.038348,0.088192,ONE_TO_MANY,NORMAL
L10_001687,418,TRANSFER,23245.66,LD000338_S,2347441.08,2324195.42,LD000338_D2,642080.88,665326.54,0,0,L10_000338,LEGITIMATE_FUND_DISPERSION,NONE,1,2,5,2,9,366157.55,0.009903,0.036204,ONE_TO_MANY,NORMAL
L10_001688,421,TRANSFER,51828.99,LD000338_S,2324195.42,2272366.43,LD000338_D3,753820.28,805649.27,0,0,L10_000338,LEGITIMATE_FUND_DISPERSION,NONE,1,3,5,3,9,366157.55,0.0223,0.068755,ONE_TO_MANY,NORMAL
L10_001689,424,TRANSFER,76558.91,LD000338_S,2272366.43,2195807.52,LD000338_D4,746685.96,823244.87,0,0,L10_000338,LEGITIMATE_FUND_DISPERSION,NONE,1,4,5,3,9,366157.55,0.033691,0.102532,ONE_TO_MANY,NORMAL
L10_001690,425,TRANSFER,120914.73,LD000338_S,2195807.52,2074892.79,LD000338_D5,586908.33,707823.06,0,0,L10_000338,LEGITIMATE_FUND_DISPERSION,NONE,1,5,5,1,9,366157.55,0.055066,0.20602,ONE_TO_MANY,NORMAL
L10_001691,325,TRANSFER,54969.26,LD000339_S,1548769.61,1493800.35,LD000339_D1,1041314.61,1096283.87,0,0,L10_000339,LEGITIMATE_FUND_DISPERSION,NONE,1,1,5,0,9,232315.44,0.035492,0.052788,ONE_TO_MANY,NORMAL
L10_001692,327,TRANSFER,40460.11,LD000339_S,1493800.35,1453340.24,LD000339_D2,816140.77,856600.88,0,0,L10_000339,LEGITIMATE_FUND_DISPERSION,NONE,1,2,5,2,9,232315.44,0.027085,0.049575,ONE_TO_MANY,NORMAL
L10_001693,328,TRANSFER,49150.99,LD000339_S,1453340.24,1404189.25,LD000339_D3,1006624.4,1055775.39,0,0,L10_000339,LEGITIMATE_FUND_DISPERSION,NONE,1,3,5,1,9,232315.44,0.033819,0.048828,ONE_TO_MANY,NORMAL
L10_001694,331,TRANSFER,46659.36,LD000339_S,1404189.25,1357529.89,LD000339_D4,1173042.07,1219701.43,0,0,L10_000339,LEGITIMATE_FUND_DISPERSION,NONE,1,4,5,3,9,232315.44,0.033229,0.039776,ONE_TO_MANY,NORMAL
L10_001695,334,TRANSFER,41075.72,LD000339_S,1357529.89,1316454.17,LD000339_D5,777520.57,818596.29,0,0,L10_000339,LEGITIMATE_FUND_DISPERSION,NONE,1,5,5,3,9,232315.44,0.030258,0.052829,ONE_TO_MANY,NORMAL
L10_001696,115,TRANSFER,65763.52,LD000340_S,1560224.01,1494460.49,LD000340_D1,902641.41,968404.93,0,0,L10_000340,LEGITIMATE_FUND_DISPERSION,NONE,1,1,5,0,8,234033.6,0.04215,0.072857,ONE_TO_MANY,NORMAL
L10_001697,118,TRANSFER,39938.0,LD000340_S,1494460.49,1454522.49,LD000340_D2,942813.17,982751.17,0,0,L10_000340,LEGITIMATE_FUND_DISPERSION,NONE,1,2,5,3,8,234033.6,0.026724,0.04236,ONE_TO_MANY,NORMAL
L10_001698,119,TRANSFER,45237.73,LD000340_S,1454522.49,1409284.76,LD000340_D3,1160445.23,1205682.96,0,0,L10_000340,LEGITIMATE_FUND_DISPERSION,NONE,1,3,5,1,8,234033.6,0.031101,0.038983,ONE_TO_MANY,NORMAL
L10_001699,120,TRANSFER,27486.86,LD000340_S,1409284.76,1381797.9,LD000340_D4,531460.9,558947.76,0,0,L10_000340,LEGITIMATE_FUND_DISPERSION,NONE,1,4,5,1,8,234033.6,0.019504,0.051719,ONE_TO_MANY,NORMAL
L10_001700,123,TRANSFER,55607.49,LD000340_S,1381797.9,1326190.41,LD000340_D5,1232516.33,1288123.82,0,0,L10_000340,LEGITIMATE_FUND_DISPERSION,NONE,1,5,5,3,8,234033.6,0.040243,0.045117,ONE_TO_MANY,NORMAL
L10_001701,436,TRANSFER,20092.66,LD000341_S,2012741.07,1992648.41,LD000341_D1,467013.16,487105.82,0,0,L10_000341,LEGITIMATE_FUND_DISPERSION,NONE,1,1,5,0,10,301911.16,0.009983,0.043024,ONE_TO_MANY,NORMAL
L10_001702,439,TRANSFER,62320.68,LD000341_S,1992648.41,1930327.73,LD000341_D2,1049476.69,1111797.37,0,0,L10_000341,LEGITIMATE_FUND_DISPERSION,NONE,1,2,5,3,10,301911.16,0.031275,0.059383,ONE_TO_MANY,NORMAL
L10_001703,440,TRANSFER,62002.21,LD000341_S,1930327.73,1868325.52,LD000341_D3,738049.62,800051.83,0,0,L10_000341,LEGITIMATE_FUND_DISPERSION,NONE,1,3,5,1,10,301911.16,0.03212,0.084008,ONE_TO_MANY,NORMAL
L10_001704,443,TRANSFER,65266.01,LD000341_S,1868325.52,1803059.51,LD000341_D4,809466.88,874732.89,0,0,L10_000341,LEGITIMATE_FUND_DISPERSION,NONE,1,4,5,3,10,301911.16,0.034933,0.080628,ONE_TO_MANY,NORMAL
L10_001705,446,TRANSFER,92229.6,LD000341_S,1803059.51,1710829.91,LD000341_D5,1258023.19,1350252.79,0,0,L10_000341,LEGITIMATE_FUND_DISPERSION,NONE,1,5,5,3,10,301911.16,0.051152,0.073313,ONE_TO_MANY,NORMAL
L10_001706,232,TRANSFER,12861.8,LD000342_S,1839624.2,1826762.4,LD000342_D1,861682.2,874544.0,0,0,L10_000342,LEGITIMATE_FUND_DISPERSION,NONE,1,1,5,0,7,211981.81,0.006992,0.014926,ONE_TO_MANY,NORMAL
L10_001707,234,TRANSFER,75942.97,LD000342_S,1826762.4,1750819.43,LD000342_D2,670591.63,746534.6,0,0,L10_000342,LEGITIMATE_FUND_DISPERSION,NONE,1,2,5,2,7,211981.81,0.041572,0.113248,ONE_TO_MANY,NORMAL
L10_001708,236,TRANSFER,47720.59,LD000342_S,1750819.43,1703098.84,LD000342_D3,906563.29,954283.88,0,0,L10_000342,LEGITIMATE_FUND_DISPERSION,NONE,1,3,5,2,7,211981.81,0.027256,0.052639,ONE_TO_MANY,NORMAL
L10_001709,238,TRANSFER,49037.64,LD000342_S,1703098.84,1654061.2,LD000342_D4,514766.87,563804.51,0,0,L10_000342,LEGITIMATE_FUND_DISPERSION,NONE,1,4,5,2,7,211981.81,0.028793,0.095262,ONE_TO_MANY,NORMAL
L10_001710,239,TRANSFER,26418.81,LD000342_S,1654061.2,1627642.39,LD000342_D5,855149.54,881568.35,0,0,L10_000342,LEGITIMATE_FUND_DISPERSION,NONE,1,5,5,1,7,211981.81,0.015972,0.030894,ONE_TO_MANY,NORMAL
L10_001711,735,TRANSFER,15858.84,LD000343_S,2425960.19,2410101.35,LD000343_D1,710135.58,725994.42,0,0,L10_000343,LEGITIMATE_FUND_DISPERSION,NONE,1,1,5,0,11,318163.32,0.006537,0.022332,ONE_TO_MANY,NORMAL
L10_001712,738,TRANSFER,35206.5,LD000343_S,2410101.35,2374894.85,LD000343_D2,1062943.88,1098150.38,0,0,L10_000343,LEGITIMATE_FUND_DISPERSION,NONE,1,2,5,3,11,318163.32,0.014608,0.033122,ONE_TO_MANY,NORMAL
L10_001713,741,TRANSFER,76995.45,LD000343_S,2374894.85,2297899.4,LD000343_D3,1172460.81,1249456.26,0,0,L10_000343,LEGITIMATE_FUND_DISPERSION,NONE,1,3,5,3,11,318163.32,0.032421,0.06567,ONE_TO_MANY,NORMAL
L10_001714,743,TRANSFER,88725.17,LD000343_S,2297899.4,2209174.23,LD000343_D4,488100.48,576825.65,0,0,L10_000343,LEGITIMATE_FUND_DISPERSION,NONE,1,4,5,2,11,318163.32,0.038611,0.181776,ONE_TO_MANY,NORMAL
L10_001715,746,TRANSFER,101377.36,LD000343_S,2209174.23,2107796.87,LD000343_D5,969675.4,1071052.76,0,0,L10_000343,LEGITIMATE_FUND_DISPERSION,NONE,1,5,5,3,11,318163.32,0.045889,0.104548,ONE_TO_MANY,NORMAL
L10_001716,113,TRANSFER,59208.02,LD000344_S,1348361.3,1289153.28,LD000344_D1,1264508.83,1323716.85,0,0,L10_000344,LEGITIMATE_FUND_DISPERSION,NONE,1,1,5,0,10,202254.19,0.043911,0.046823,ONE_TO_MANY,NORMAL
L10_001717,114,TRANSFER,64549.17,LD000344_S,1289153.28,1224604.11,LD000344_D2,749399.12,813948.29,0,0,L10_000344,LEGITIMATE_FUND_DISPERSION,NONE,1,2,5,1,10,202254.19,0.050071,0.086135,ONE_TO_MANY,NORMAL
L10_001718,117,TRANSFER,13261.87,LD000344_S,1224604.11,1211342.24,LD000344_D3,1236302.96,1249564.83,0,0,L10_000344,LEGITIMATE_FUND_DISPERSION,NONE,1,3,5,3,10,202254.19,0.01083,0.010727,ONE_TO_MANY,NORMAL
L10_001719,120,TRANSFER,45196.08,LD000344_S,1211342.24,1166146.16,LD000344_D4,1004874.5,1050070.58,0,0,L10_000344,LEGITIMATE_FUND_DISPERSION,NONE,1,4,5,3,10,202254.19,0.037311,0.044977,ONE_TO_MANY,NORMAL
L10_001720,123,TRANSFER,20039.05,LD000344_S,1166146.16,1146107.11,LD000344_D5,663101.05,683140.1,0,0,L10_000344,LEGITIMATE_FUND_DISPERSION,NONE,1,5,5,3,10,202254.19,0.017184,0.03022,ONE_TO_MANY,NORMAL
L10_001721,530,TRANSFER,97659.48,LD000345_S,2524227.49,2426568.01,LD000345_D1,464873.35,562532.83,0,0,L10_000345,LEGITIMATE_FUND_DISPERSION,NONE,1,1,5,0,6,378634.12,0.038689,0.210078,ONE_TO_MANY,NORMAL
L10_001722,532,TRANSFER,23847.81,LD000345_S,2426568.01,2402720.2,LD000345_D2,952415.59,976263.4,0,0,L10_000345,LEGITIMATE_FUND_DISPERSION,NONE,1,2,5,2,6,378634.12,0.009828,0.025039,ONE_TO_MANY,NORMAL
L10_001723,534,TRANSFER,123478.65,LD000345_S,2402720.2,2279241.55,LD000345_D3,973568.52,1097047.17,0,0,L10_000345,LEGITIMATE_FUND_DISPERSION,NONE,1,3,5,2,6,378634.12,0.051391,0.126831,ONE_TO_MANY,NORMAL
L10_001724,535,TRANSFER,72692.28,LD000345_S,2279241.55,2206549.27,LD000345_D4,548677.14,621369.42,0,0,L10_000345,LEGITIMATE_FUND_DISPERSION,NONE,1,4,5,1,6,378634.12,0.031893,0.132486,ONE_TO_MANY,NORMAL
L10_001725,536,TRANSFER,60955.9,LD000345_S,2206549.27,2145593.37,LD000345_D5,662886.21,723842.11,0,0,L10_000345,LEGITIMATE_FUND_DISPERSION,NONE,1,5,5,1,6,378634.12,0.027625,0.091955,ONE_TO_MANY,NORMAL
L10_001726,777,TRANSFER,28307.53,LD000346_S,1615949.91,1587642.38,LD000346_D1,1200285.89,1228593.42,0,0,L10_000346,LEGITIMATE_FUND_DISPERSION,NONE,1,1,5,0,8,242392.48,0.017518,0.023584,ONE_TO_MANY,NORMAL
L10_001727,780,TRANSFER,40140.89,LD000346_S,1587642.38,1547501.49,LD000346_D2,926234.01,966374.9,0,0,L10_000346,LEGITIMATE_FUND_DISPERSION,NONE,1,2,5,3,8,242392.48,0.025283,0.043338,ONE_TO_MANY,NORMAL
L10_001728,782,TRANSFER,52505.17,LD000346_S,1547501.49,1494996.32,LD000346_D3,671573.02,724078.19,0,0,L10_000346,LEGITIMATE_FUND_DISPERSION,NONE,1,3,5,2,8,242392.48,0.033929,0.078182,ONE_TO_MANY,NORMAL
L10_001729,783,TRANSFER,47120.66,LD000346_S,1494996.32,1447875.66,LD000346_D4,751901.49,799022.15,0,0,L10_000346,LEGITIMATE_FUND_DISPERSION,NONE,1,4,5,1,8,242392.48,0.031519,0.062669,ONE_TO_MANY,NORMAL
L10_001730,785,TRANSFER,74318.23,LD000346_S,1447875.66,1373557.43,LD000346_D5,798722.09,873040.32,0,0,L10_000346,LEGITIMATE_FUND_DISPERSION,NONE,1,5,5,2,8,242392.48,0.051329,0.093046,ONE_TO_MANY,NORMAL
L10_001731,495,TRANSFER,96537.37,LD000347_S,2423094.72,2326557.35,LD000347_D1,914898.96,1011436.33,0,0,L10_000347,LEGITIMATE_FUND_DISPERSION,NONE,1,1,5,0,8,363464.21,0.039841,0.105517,ONE_TO_MANY,NORMAL
L10_001732,498,TRANSFER,89328.56,LD000347_S,2326557.35,2237228.79,LD000347_D2,1241355.15,1330683.71,0,0,L10_000347,LEGITIMATE_FUND_DISPERSION,NONE,1,2,5,3,8,363464.21,0.038395,0.071961,ONE_TO_MANY,NORMAL
L10_001733,500,TRANSFER,72221.02,LD000347_S,2237228.79,2165007.77,LD000347_D3,622985.13,695206.15,0,0,L10_000347,LEGITIMATE_FUND_DISPERSION,NONE,1,3,5,2,8,363464.21,0.032281,0.115927,ONE_TO_MANY,NORMAL
L10_001734,502,TRANSFER,75340.14,LD000347_S,2165007.77,2089667.63,LD000347_D4,524071.52,599411.66,0,0,L10_000347,LEGITIMATE_FUND_DISPERSION,NONE,1,4,5,2,8,363464.21,0.034799,0.143759,ONE_TO_MANY,NORMAL
L10_001735,503,TRANSFER,30037.12,LD000347_S,2089667.63,2059630.51,LD000347_D5,625337.72,655374.84,0,0,L10_000347,LEGITIMATE_FUND_DISPERSION,NONE,1,5,5,1,8,363464.21,0.014374,0.048033,ONE_TO_MANY,NORMAL
L10_001736,398,TRANSFER,115121.77,LD000348_S,2360544.14,2245422.37,LD000348_D1,1024801.04,1139922.81,0,0,L10_000348,LEGITIMATE_FUND_DISPERSION,NONE,1,1,5,0,8,354081.62,0.048769,0.112336,ONE_TO_MANY,NORMAL
L10_001737,400,TRANSFER,30866.8,LD000348_S,2245422.37,2214555.57,LD000348_D2,520738.04,551604.84,0,0,L10_000348,LEGITIMATE_FUND_DISPERSION,NONE,1,2,5,2,8,354081.62,0.013747,0.059275,ONE_TO_MANY,NORMAL
L10_001738,403,TRANSFER,17297.41,LD000348_S,2214555.57,2197258.16,LD000348_D3,1253488.0,1270785.41,0,0,L10_000348,LEGITIMATE_FUND_DISPERSION,NONE,1,3,5,3,8,354081.62,0.007811,0.013799,ONE_TO_MANY,NORMAL
L10_001739,405,TRANSFER,100645.22,LD000348_S,2197258.16,2096612.94,LD000348_D4,497316.68,597961.9,0,0,L10_000348,LEGITIMATE_FUND_DISPERSION,NONE,1,4,5,2,8,354081.62,0.045805,0.202377,ONE_TO_MANY,NORMAL
L10_001740,406,TRANSFER,90150.42,LD000348_S,2096612.94,2006462.52,LD000348_D5,1036874.59,1127025.01,0,0,L10_000348,LEGITIMATE_FUND_DISPERSION,NONE,1,5,5,1,8,354081.62,0.042998,0.086944,ONE_TO_MANY,NORMAL
L10_001741,444,TRANSFER,45056.87,LD000349_S,1296756.6,1251699.73,LD000349_D1,1098887.48,1143944.35,0,0,L10_000349,LEGITIMATE_FUND_DISPERSION,NONE,1,1,5,0,7,194513.49,0.034746,0.041002,ONE_TO_MANY,NORMAL
L10_001742,446,TRANSFER,59318.84,LD000349_S,1251699.73,1192380.89,LD000349_D2,613934.97,673253.81,0,0,L10_000349,LEGITIMATE_FUND_DISPERSION,NONE,1,2,5,2,7,194513.49,0.047391,0.096621,ONE_TO_MANY,NORMAL
L10_001743,448,TRANSFER,11518.7,LD000349_S,1192380.89,1180862.19,LD000349_D3,402286.42,413805.12,0,0,L10_000349,LEGITIMATE_FUND_DISPERSION,NONE,1,3,5,2,7,194513.49,0.00966,0.028633,ONE_TO_MANY,NORMAL
L10_001744,450,TRANSFER,44761.15,LD000349_S,1180862.19,1136101.04,LD000349_D4,654727.33,699488.48,0,0,L10_000349,LEGITIMATE_FUND_DISPERSION,NONE,1,4,5,2,7,194513.49,0.037905,0.068366,ONE_TO_MANY,NORMAL
L10_001745,451,TRANSFER,33857.93,LD000349_S,1136101.04,1102243.11,LD000349_D5,649367.67,683225.6,0,0,L10_000349,LEGITIMATE_FUND_DISPERSION,NONE,1,5,5,1,7,194513.49,0.029802,0.05214,ONE_TO_MANY,NORMAL
L10_001746,105,TRANSFER,27228.53,LD000350_S,1505516.5,1478287.97,LD000350_D1,726683.49,753912.02,0,0,L10_000350,LEGITIMATE_FUND_DISPERSION,NONE,1,1,5,0,5,225827.47,0.018086,0.03747,ONE_TO_MANY,NORMAL
L10_001747,107,TRANSFER,52694.7,LD000350_S,1478287.97,1425593.27,LD000350_D2,1175479.59,1228174.29,0,0,L10_000350,LEGITIMATE_FUND_DISPERSION,NONE,1,2,5,2,5,225827.47,0.035646,0.044828,ONE_TO_MANY,NORMAL
L10_001748,108,TRANSFER,92298.59,LD000350_S,1425593.27,1333294.68,LD000350_D3,856389.4,948687.99,0,0,L10_000350,LEGITIMATE_FUND_DISPERSION,NONE,1,3,5,1,5,225827.47,0.064744,0.107776,ONE_TO_MANY,NORMAL
L10_001749,109,TRANSFER,23573.7,LD000350_S,1333294.68,1309720.98,LD000350_D4,885681.9,909255.6,0,0,L10_000350,LEGITIMATE_FUND_DISPERSION,NONE,1,4,5,1,5,225827.47,0.017681,0.026616,ONE_TO_MANY,NORMAL
L10_001750,110,TRANSFER,30031.95,LD000350_S,1309720.98,1279689.03,LD000350_D5,508309.48,538341.43,0,0,L10_000350,LEGITIMATE_FUND_DISPERSION,NONE,1,5,5,1,5,225827.47,0.02293,0.059082,ONE_TO_MANY,NORMAL
L10_001751,883,TRANSFER,42335.07,LD000351_S,1715835.08,1673500.01,LD000351_D1,956478.8,998813.87,0,0,L10_000351,LEGITIMATE_FUND_DISPERSION,NONE,1,1,5,0,7,257375.26,0.024673,0.044261,ONE_TO_MANY,NORMAL
L10_001752,884,TRANSFER,62946.62,LD000351_S,1673500.01,1610553.39,LD000351_D2,1236308.03,1299254.65,0,0,L10_000351,LEGITIMATE_FUND_DISPERSION,NONE,1,2,5,1,7,257375.26,0.037614,0.050915,ONE_TO_MANY,NORMAL
L10_001753,886,TRANSFER,41789.22,LD000351_S,1610553.39,1568764.17,LD000351_D3,456678.83,498468.05,0,0,L10_000351,LEGITIMATE_FUND_DISPERSION,NONE,1,3,5,2,7,257375.26,0.025947,0.091507,ONE_TO_MANY,NORMAL
L10_001754,889,TRANSFER,37502.02,LD000351_S,1568764.17,1531262.15,LD000351_D4,435929.89,473431.91,0,0,L10_000351,LEGITIMATE_FUND_DISPERSION,NONE,1,4,5,3,7,257375.26,0.023905,0.086028,ONE_TO_MANY,NORMAL
L10_001755,890,TRANSFER,72802.33,LD000351_S,1531262.15,1458459.82,LD000351_D5,940617.5,1013419.83,0,0,L10_000351,LEGITIMATE_FUND_DISPERSION,NONE,1,5,5,1,7,257375.26,0.047544,0.077398,ONE_TO_MANY,NORMAL
L10_001756,699,TRANSFER,50432.14,LD000352_S,2184512.99,2134080.85,LD000352_D1,485215.43,535647.57,0,0,L10_000352,LEGITIMATE_FUND_DISPERSION,NONE,1,1,5,0,6,327676.94,0.023086,0.103938,ONE_TO_MANY,NORMAL
L10_001757,700,TRANSFER,61783.36,LD000352_S,2134080.85,2072297.49,LD000352_D2,589697.7,651481.06,0,0,L10_000352,LEGITIMATE_FUND_DISPERSION,NONE,1,2,5,1,6,327676.94,0.028951,0.104771,ONE_TO_MANY,NORMAL
L10_001758,702,TRANSFER,70922.62,LD000352_S,2072297.49,2001374.87,LD000352_D3,447888.11,518810.73,0,0,L10_000352,LEGITIMATE_FUND_DISPERSION,NONE,1,3,5,2,6,327676.94,0.034224,0.158349,ONE_TO_MANY,NORMAL
L10_001759,703,TRANSFER,75279.14,LD000352_S,2001374.87,1926095.73,LD000352_D4,1072780.93,1148060.07,0,0,L10_000352,LEGITIMATE_FUND_DISPERSION,NONE,1,4,5,1,6,327676.94,0.037614,0.070172,ONE_TO_MANY,NORMAL
L10_001760,705,TRANSFER,69259.68,LD000352_S,1926095.73,1856836.05,LD000352_D5,1278793.34,1348053.02,0,0,L10_000352,LEGITIMATE_FUND_DISPERSION,NONE,1,5,5,2,6,327676.94,0.035959,0.05416,ONE_TO_MANY,NORMAL
L10_001761,114,TRANSFER,20619.84,LD000353_S,2410142.49,2389522.65,LD000353_D1,1170930.59,1191550.43,0,0,L10_000353,LEGITIMATE_FUND_DISPERSION,NONE,1,1,5,0,7,361521.38,0.008555,0.01761,ONE_TO_MANY,NORMAL
L10_001762,115,TRANSFER,156907.28,LD000353_S,2389522.65,2232615.37,LD000353_D2,741985.85,898893.13,0,0,L10_000353,LEGITIMATE_FUND_DISPERSION,NONE,1,2,5,1,7,361521.38,0.065665,0.211469,ONE_TO_MANY,NORMAL
L10_001763,117,TRANSFER,75893.45,LD000353_S,2232615.37,2156721.92,LD000353_D3,434144.17,510037.62,0,0,L10_000353,LEGITIMATE_FUND_DISPERSION,NONE,1,3,5,2,7,361521.38,0.033993,0.174812,ONE_TO_MANY,NORMAL
L10_001764,119,TRANSFER,74977.0,LD000353_S,2156721.92,2081744.92,LD000353_D4,1135570.18,1210547.18,0,0,L10_000353,LEGITIMATE_FUND_DISPERSION,NONE,1,4,5,2,7,361521.38,0.034764,0.066026,ONE_TO_MANY,NORMAL
L10_001765,121,TRANSFER,33123.81,LD000353_S,2081744.92,2048621.11,LD000353_D5,835964.3,869088.11,0,0,L10_000353,LEGITIMATE_FUND_DISPERSION,NONE,1,5,5,2,7,361521.38,0.015912,0.039623,ONE_TO_MANY,NORMAL
L10_001766,627,TRANSFER,49573.69,LD000354_S,2029063.86,1979490.17,LD000354_D1,649515.52,699089.21,0,0,L10_000354,LEGITIMATE_FUND_DISPERSION,NONE,1,1,5,0,8,304359.58,0.024432,0.076324,ONE_TO_MANY,NORMAL
L10_001767,628,TRANSFER,37345.75,LD000354_S,1979490.17,1942144.42,LD000354_D2,953744.61,991090.36,0,0,L10_000354,LEGITIMATE_FUND_DISPERSION,NONE,1,2,5,1,8,304359.58,0.018866,0.039157,ONE_TO_MANY,NORMAL
L10_001768,630,TRANSFER,77248.4,LD000354_S,1942144.42,1864896.02,LD000354_D3,919685.33,996933.73,0,0,L10_000354,LEGITIMATE_FUND_DISPERSION,NONE,1,3,5,2,8,304359.58,0.039775,0.083994,ONE_TO_MANY,NORMAL
L10_001769,632,TRANSFER,70423.42,LD000354_S,1864896.02,1794472.6,LD000354_D4,991981.59,1062405.01,0,0,L10_000354,LEGITIMATE_FUND_DISPERSION,NONE,1,4,5,2,8,304359.58,0.037763,0.070993,ONE_TO_MANY,NORMAL
L10_001770,635,TRANSFER,69768.32,LD000354_S,1794472.6,1724704.28,LD000354_D5,1009790.28,1079558.6,0,0,L10_000354,LEGITIMATE_FUND_DISPERSION,NONE,1,5,5,3,8,304359.58,0.03888,0.069092,ONE_TO_MANY,NORMAL
L10_001771,105,TRANSFER,50032.79,LD000355_S,1552902.38,1502869.59,LD000355_D1,1121562.37,1171595.16,0,0,L10_000355,LEGITIMATE_FUND_DISPERSION,NONE,1,1,5,0,6,232935.36,0.032219,0.04461,ONE_TO_MANY,NORMAL
L10_001772,106,TRANSFER,28802.51,LD000355_S,1502869.59,1474067.08,LD000355_D2,859003.81,887806.32,0,0,L10_000355,LEGITIMATE_FUND_DISPERSION,NONE,1,2,5,1,6,232935.36,0.019165,0.03353,ONE_TO_MANY,NORMAL
L10_001773,107,TRANSFER,49242.99,LD000355_S,1474067.08,1424824.09,LD000355_D3,502723.19,551966.18,0,0,L10_000355,LEGITIMATE_FUND_DISPERSION,NONE,1,3,5,1,6,232935.36,0.033406,0.097952,ONE_TO_MANY,NORMAL
L10_001774,109,TRANSFER,52281.55,LD000355_S,1424824.09,1372542.54,LD000355_D4,997744.95,1050026.5,0,0,L10_000355,LEGITIMATE_FUND_DISPERSION,NONE,1,4,5,2,6,232935.36,0.036693,0.0524,ONE_TO_MANY,NORMAL
L10_001775,111,TRANSFER,52575.52,LD000355_S,1372542.54,1319967.02,LD000355_D5,468690.66,521266.18,0,0,L10_000355,LEGITIMATE_FUND_DISPERSION,NONE,1,5,5,2,6,232935.36,0.038305,0.112175,ONE_TO_MANY,NORMAL
L10_001776,141,TRANSFER,45320.95,LD000356_S,2321018.38,2275697.43,LD000356_D1,877157.48,922478.43,0,0,L10_000356,LEGITIMATE_FUND_DISPERSION,NONE,1,1,5,0,10,327307.87,0.019526,0.051668,ONE_TO_MANY,NORMAL
L10_001777,143,TRANSFER,70635.73,LD000356_S,2275697.43,2205061.7,LD000356_D2,784067.42,854703.15,0,0,L10_000356,LEGITIMATE_FUND_DISPERSION,NONE,1,2,5,2,10,327307.87,0.031039,0.090089,ONE_TO_MANY,NORMAL
L10_001778,146,TRANSFER,18555.09,LD000356_S,2205061.7,2186506.61,LD000356_D3,405850.76,424405.85,0,0,L10_000356,LEGITIMATE_FUND_DISPERSION,NONE,1,3,5,3,10,327307.87,0.008415,0.045719,ONE_TO_MANY,NORMAL
L10_001779,149,TRANSFER,103615.7,LD000356_S,2186506.61,2082890.91,LD000356_D4,1164089.01,1267704.71,0,0,L10_000356,LEGITIMATE_FUND_DISPERSION,NONE,1,4,5,3,10,327307.87,0.047389,0.08901,ONE_TO_MANY,NORMAL
L10_001780,151,TRANSFER,89180.4,LD000356_S,2082890.91,1993710.51,LD000356_D5,937322.96,1026503.36,0,0,L10_000356,LEGITIMATE_FUND_DISPERSION,NONE,1,5,5,2,10,327307.87,0.042816,0.095144,ONE_TO_MANY,NORMAL
L10_001781,860,TRANSFER,41015.28,LD000357_S,1289820.39,1248805.11,LD000357_D1,973739.76,1014755.04,0,0,L10_000357,LEGITIMATE_FUND_DISPERSION,NONE,1,1,5,0,7,193473.06,0.031799,0.042121,ONE_TO_MANY,NORMAL
L10_001782,861,TRANSFER,41046.62,LD000357_S,1248805.11,1207758.49,LD000357_D2,923642.84,964689.46,0,0,L10_000357,LEGITIMATE_FUND_DISPERSION,NONE,1,2,5,1,7,193473.06,0.032869,0.04444,ONE_TO_MANY,NORMAL
L10_001783,864,TRANSFER,39485.26,LD000357_S,1207758.49,1168273.23,LD000357_D3,1132005.1,1171490.36,0,0,L10_000357,LEGITIMATE_FUND_DISPERSION,NONE,1,3,5,3,7,193473.06,0.032693,0.034881,ONE_TO_MANY,NORMAL
L10_001784,865,TRANSFER,30254.28,LD000357_S,1168273.23,1138018.95,LD000357_D4,1001461.98,1031716.26,0,0,L10_000357,LEGITIMATE_FUND_DISPERSION,NONE,1,4,5,1,7,193473.06,0.025897,0.03021,ONE_TO_MANY,NORMAL
L10_001785,867,TRANSFER,41671.62,LD000357_S,1138018.95,1096347.33,LD000357_D5,1183614.47,1225286.09,0,0,L10_000357,LEGITIMATE_FUND_DISPERSION,NONE,1,5,5,2,7,193473.06,0.036618,0.035207,ONE_TO_MANY,NORMAL
L10_001786,834,TRANSFER,77384.36,LD000358_S,2454971.54,2377587.18,LD000358_D1,627378.17,704762.53,0,0,L10_000358,LEGITIMATE_FUND_DISPERSION,NONE,1,1,5,0,9,368245.74,0.031521,0.123346,ONE_TO_MANY,NORMAL
L10_001787,836,TRANSFER,87633.48,LD000358_S,2377587.18,2289953.7,LD000358_D2,856619.4,944252.88,0,0,L10_000358,LEGITIMATE_FUND_DISPERSION,NONE,1,2,5,2,9,368245.74,0.036858,0.102302,ONE_TO_MANY,NORMAL
L10_001788,838,TRANSFER,94327.11,LD000358_S,2289953.7,2195626.59,LD000358_D3,935863.2,1030190.31,0,0,L10_000358,LEGITIMATE_FUND_DISPERSION,NONE,1,3,5,2,9,368245.74,0.041192,0.100792,ONE_TO_MANY,NORMAL
L10_001789,840,TRANSFER,76262.91,LD000358_S,2195626.59,2119363.68,LD000358_D4,675148.15,751411.06,0,0,L10_000358,LEGITIMATE_FUND_DISPERSION,NONE,1,4,5,2,9,368245.74,0.034734,0.112957,ONE_TO_MANY,NORMAL
L10_001790,843,TRANSFER,32637.88,LD000358_S,2119363.68,2086725.8,LD000358_D5,1278345.24,1310983.12,0,0,L10_000358,LEGITIMATE_FUND_DISPERSION,NONE,1,5,5,3,9,368245.74,0.0154,0.025531,ONE_TO_MANY,NORMAL
L10_001791,122,TRANSFER,30128.6,LD000359_S,1745775.61,1715647.01,LD000359_D1,896424.08,926552.68,0,0,L10_000359,LEGITIMATE_FUND_DISPERSION,NONE,1,1,5,0,10,261866.34,0.017258,0.03361,ONE_TO_MANY,NORMAL
L10_001792,124,TRANSFER,51307.88,LD000359_S,1715647.01,1664339.13,LD000359_D2,1174969.89,1226277.77,0,0,L10_000359,LEGITIMATE_FUND_DISPERSION,NONE,1,2,5,2,10,261866.34,0.029906,0.043667,ONE_TO_MANY,NORMAL
L10_001793,127,TRANSFER,94183.01,LD000359_S,1664339.13,1570156.12,LD000359_D3,459516.19,553699.2,0,0,L10_000359,LEGITIMATE_FUND_DISPERSION,NONE,1,3,5,3,10,261866.34,0.056589,0.204961,ONE_TO_MANY,NORMAL
L10_001794,129,TRANSFER,28569.59,LD000359_S,1570156.12,1541586.53,LD000359_D4,1270994.21,1299563.8,0,0,L10_000359,LEGITIMATE_FUND_DISPERSION,NONE,1,4,5,2,10,261866.34,0.018195,0.022478,ONE_TO_MANY,NORMAL
L10_001795,132,TRANSFER,57677.26,LD000359_S,1541586.53,1483909.27,LD000359_D5,1073158.73,1130835.99,0,0,L10_000359,LEGITIMATE_FUND_DISPERSION,NONE,1,5,5,3,10,261866.34,0.037414,0.053745,ONE_TO_MANY,NORMAL
L10_001796,440,TRANSFER,88025.4,LD000360_S,2247864.72,2159839.32,LD000360_D1,1107473.5,1195498.9,0,0,L10_000360,LEGITIMATE_FUND_DISPERSION,NONE,1,1,5,0,8,263026.29,0.03916,0.079483,ONE_TO_MANY,NORMAL
L10_001797,443,TRANSFER,20339.05,LD000360_S,2159839.32,2139500.27,LD000360_D2,919549.96,939889.01,0,0,L10_000360,LEGITIMATE_FUND_DISPERSION,NONE,1,2,5,3,8,263026.29,0.009417,0.022118,ONE_TO_MANY,NORMAL
L10_001798,444,TRANSFER,70091.59,LD000360_S,2139500.27,2069408.68,LD000360_D3,547536.36,617627.95,0,0,L10_000360,LEGITIMATE_FUND_DISPERSION,NONE,1,3,5,1,8,263026.29,0.032761,0.128013,ONE_TO_MANY,NORMAL
L10_001799,445,TRANSFER,51465.78,LD000360_S,2069408.68,2017942.9,LD000360_D4,462137.14,513602.92,0,0,L10_000360,LEGITIMATE_FUND_DISPERSION,NONE,1,4,5,1,8,263026.29,0.02487,0.111365,ONE_TO_MANY,NORMAL
L10_001800,448,TRANSFER,33104.47,LD000360_S,2017942.9,1984838.43,LD000360_D5,1047541.21,1080645.68,0,0,L10_000360,LEGITIMATE_FUND_DISPERSION,NONE,1,5,5,3,8,263026.29,0.016405,0.031602,ONE_TO_MANY,NORMAL
L10_001801,231,TRANSFER,9793.17,LD000361_S,1393370.63,1383577.46,LD000361_D1,750417.6,760210.77,0,0,L10_000361,LEGITIMATE_FUND_DISPERSION,NONE,1,1,5,0,11,209005.59,0.007028,0.01305,ONE_TO_MANY,NORMAL
L10_001802,234,TRANSFER,71508.07,LD000361_S,1383577.46,1312069.39,LD000361_D2,1057948.49,1129456.56,0,0,L10_000361,LEGITIMATE_FUND_DISPERSION,NONE,1,2,5,3,11,209005.59,0.051683,0.067591,ONE_TO_MANY,NORMAL
L10_001803,236,TRANSFER,22697.16,LD000361_S,1312069.39,1289372.23,LD000361_D3,1266690.74,1289387.9,0,0,L10_000361,LEGITIMATE_FUND_DISPERSION,NONE,1,3,5,2,11,209005.59,0.017299,0.017918,ONE_TO_MANY,NORMAL
L10_001804,239,TRANSFER,68805.72,LD000361_S,1289372.23,1220566.51,LD000361_D4,551111.98,619917.7,0,0,L10_000361,LEGITIMATE_FUND_DISPERSION,NONE,1,4,5,3,11,209005.59,0.053364,0.124849,ONE_TO_MANY,NORMAL
L10_001805,242,TRANSFER,36201.47,LD000361_S,1220566.51,1184365.04,LD000361_D5,894595.3,930796.77,0,0,L10_000361,LEGITIMATE_FUND_DISPERSION,NONE,1,5,5,3,11,209005.59,0.02966,0.040467,ONE_TO_MANY,NORMAL
L10_001806,151,TRANSFER,45561.89,LD000362_S,1295962.78,1250400.89,LD000362_D1,1082198.91,1127760.8,0,0,L10_000362,LEGITIMATE_FUND_DISPERSION,NONE,1,1,5,0,8,194394.41,0.035157,0.042101,ONE_TO_MANY,NORMAL
L10_001807,152,TRANSFER,51735.44,LD000362_S,1250400.89,1198665.45,LD000362_D2,816994.31,868729.75,0,0,L10_000362,LEGITIMATE_FUND_DISPERSION,NONE,1,2,5,1,8,194394.41,0.041375,0.063324,ONE_TO_MANY,NORMAL
L10_001808,154,TRANSFER,21979.27,LD000362_S,1198665.45,1176686.18,LD000362_D3,865099.66,887078.93,0,0,L10_000362,LEGITIMATE_FUND_DISPERSION,NONE,1,3,5,2,8,194394.41,0.018336,0.025407,ONE_TO_MANY,NORMAL
L10_001809,156,TRANSFER,37188.67,LD000362_S,1176686.18,1139497.51,LD000362_D4,624157.34,661346.01,0,0,L10_000362,LEGITIMATE_FUND_DISPERSION,NONE,1,4,5,2,8,194394.41,0.031605,0.059582,ONE_TO_MANY,NORMAL
L10_001810,159,TRANSFER,37929.14,LD000362_S,1139497.51,1101568.37,LD000362_D5,1100626.11,1138555.25,0,0,L10_000362,LEGITIMATE_FUND_DISPERSION,NONE,1,5,5,3,8,194394.41,0.033286,0.034461,ONE_TO_MANY,NORMAL
L10_001811,437,TRANSFER,43153.1,LD000363_S,1544868.98,1501715.88,LD000363_D1,1252532.72,1295685.82,0,0,L10_000363,LEGITIMATE_FUND_DISPERSION,NONE,1,1,5,0,11,231730.36,0.027933,0.034453,ONE_TO_MANY,NORMAL
L10_001812,440,TRANSFER,29198.72,LD000363_S,1501715.88,1472517.16,LD000363_D2,968846.81,998045.53,0,0,L10_000363,LEGITIMATE_FUND_DISPERSION,NONE,1,2,5,3,11,231730.36,0.019444,0.030138,ONE_TO_MANY,NORMAL
L10_001813,442,TRANSFER,71505.98,LD000363_S,1472517.16,1401011.18,LD000363_D3,1246014.86,1317520.84,0,0,L10_000363,LEGITIMATE_FUND_DISPERSION,NONE,1,3,5,2,11,231730.36,0.04856,0.057388,ONE_TO_MANY,NORMAL
L10_001814,445,TRANSFER,14136.09,LD000363_S,1401011.18,1386875.09,LD000363_D4,727496.71,741632.8,0,0,L10_000363,LEGITIMATE_FUND_DISPERSION,NONE,1,4,5,3,11,231730.36,0.01009,0.019431,ONE_TO_MANY,NORMAL
L10_001815,448,TRANSFER,73736.47,LD000363_S,1386875.09,1313138.62,LD000363_D5,933083.35,1006819.82,0,0,L10_000363,LEGITIMATE_FUND_DISPERSION,NONE,1,5,5,3,11,231730.36,0.053167,0.079025,ONE_TO_MANY,NORMAL
L10_001816,71,TRANSFER,32393.87,LD000364_S,1866315.22,1833921.35,LD000364_D1,1104956.01,1137349.88,0,0,L10_000364,LEGITIMATE_FUND_DISPERSION,NONE,1,1,5,0,7,279947.29,0.017357,0.029317,ONE_TO_MANY,NORMAL
L10_001817,72,TRANSFER,47015.88,LD000364_S,1833921.35,1786905.47,LD000364_D2,564290.5,611306.38,0,0,L10_000364,LEGITIMATE_FUND_DISPERSION,NONE,1,2,5,1,7,279947.29,0.025637,0.083319,ONE_TO_MANY,NORMAL
L10_001818,73,TRANSFER,86109.22,LD000364_S,1786905.47,1700796.25,LD000364_D3,648416.95,734526.17,0,0,L10_000364,LEGITIMATE_FUND_DISPERSION,NONE,1,3,5,1,7,279947.29,0.048189,0.132799,ONE_TO_MANY,NORMAL
L10_001819,76,TRANSFER,14148.44,LD000364_S,1700796.25,1686647.81,LD000364_D4,1091969.96,1106118.4,0,0,L10_000364,LEGITIMATE_FUND_DISPERSION,NONE,1,4,5,3,7,279947.29,0.008319,0.012957,ONE_TO_MANY,NORMAL
L10_001820,78,TRANSFER,100279.88,LD000364_S,1686647.81,1586367.93,LD000364_D5,1222366.57,1322646.45,0,0,L10_000364,LEGITIMATE_FUND_DISPERSION,NONE,1,5,5,2,7,279947.29,0.059455,0.082037,ONE_TO_MANY,NORMAL
L10_001821,602,TRANSFER,29213.03,LD000365_S,1484361.65,1455148.62,LD000365_D1,739669.44,768882.47,0,0,L10_000365,LEGITIMATE_FUND_DISPERSION,NONE,1,1,5,0,10,222654.25,0.019681,0.039495,ONE_TO_MANY,NORMAL
L10_001822,604,TRANSFER,39966.79,LD000365_S,1455148.62,1415181.83,LD000365_D2,443374.34,483341.13,0,0,L10_000365,LEGITIMATE_FUND_DISPERSION,NONE,1,2,5,2,10,222654.25,0.027466,0.090142,ONE_TO_MANY,NORMAL
L10_001823,607,TRANSFER,71595.49,LD000365_S,1415181.83,1343586.34,LD000365_D3,1132971.07,1204566.56,0,0,L10_000365,LEGITIMATE_FUND_DISPERSION,NONE,1,3,5,3,10,222654.25,0.050591,0.063193,ONE_TO_MANY,NORMAL
L10_001824,609,TRANSFER,12721.25,LD000365_S,1343586.34,1330865.09,LD000365_D4,1024088.57,1036809.82,0,0,L10_000365,LEGITIMATE_FUND_DISPERSION,NONE,1,4,5,2,10,222654.25,0.009468,0.012422,ONE_TO_MANY,NORMAL
L10_001825,612,TRANSFER,69157.69,LD000365_S,1330865.09,1261707.4,LD000365_D5,659916.38,729074.07,0,0,L10_000365,LEGITIMATE_FUND_DISPERSION,NONE,1,5,5,3,10,222654.25,0.051964,0.104798,ONE_TO_MANY,NORMAL
L10_001826,392,TRANSFER,50163.32,LD000366_S,1476166.18,1426002.86,LD000366_D1,1255692.77,1305856.09,0,0,L10_000366,LEGITIMATE_FUND_DISPERSION,NONE,1,1,5,0,8,221424.92,0.033982,0.039949,ONE_TO_MANY,NORMAL
L10_001827,394,TRANSFER,12202.29,LD000366_S,1426002.86,1413800.57,LD000366_D2,1172647.43,1184849.72,0,0,L10_000366,LEGITIMATE_FUND_DISPERSION,NONE,1,2,5,2,8,221424.92,0.008557,0.010406,ONE_TO_MANY,NORMAL
L10_001828,396,TRANSFER,44027.58,LD000366_S,1413800.57,1369772.99,LD000366_D3,1082886.51,1126914.09,0,0,L10_000366,LEGITIMATE_FUND_DISPERSION,NONE,1,3,5,2,8,221424.92,0.031141,0.040658,ONE_TO_MANY,NORMAL
L10_001829,397,TRANSFER,58280.37,LD000366_S,1369772.99,1311492.62,LD000366_D4,1161180.83,1219461.2,0,0,L10_000366,LEGITIMATE_FUND_DISPERSION,NONE,1,4,5,1,8,221424.92,0.042547,0.050191,ONE_TO_MANY,NORMAL
L10_001830,400,TRANSFER,56751.36,LD000366_S,1311492.62,1254741.26,LD000366_D5,494494.53,551245.89,0,0,L10_000366,LEGITIMATE_FUND_DISPERSION,NONE,1,5,5,3,8,221424.92,0.043272,0.114766,ONE_TO_MANY,NORMAL
L10_001831,394,TRANSFER,36045.81,LD000367_S,1614320.37,1578274.56,LD000367_D1,1216952.1,1252997.91,0,0,L10_000367,LEGITIMATE_FUND_DISPERSION,NONE,1,1,5,0,9,242148.06,0.022329,0.02962,ONE_TO_MANY,NORMAL
L10_001832,396,TRANSFER,50078.17,LD000367_S,1578274.56,1528196.39,LD000367_D2,609714.11,659792.28,0,0,L10_000367,LEGITIMATE_FUND_DISPERSION,NONE,1,2,5,2,9,242148.06,0.03173,0.082134,ONE_TO_MANY,NORMAL
L10_001833,398,TRANSFER,41645.13,LD000367_S,1528196.39,1486551.26,LD000367_D3,642658.98,684304.11,0,0,L10_000367,LEGITIMATE_FUND_DISPERSION,NONE,1,3,5,2,9,242148.06,0.027251,0.064801,ONE_TO_MANY,NORMAL
L10_001834,400,TRANSFER,64298.9,LD000367_S,1486551.26,1422252.36,LD000367_D4,1005472.74,1069771.64,0,0,L10_000367,LEGITIMATE_FUND_DISPERSION,NONE,1,4,5,2,9,242148.06,0.043254,0.063949,ONE_TO_MANY,NORMAL
L10_001835,403,TRANSFER,50080.05,LD000367_S,1422252.36,1372172.31,LD000367_D5,968252.55,1018332.6,0,0,L10_000367,LEGITIMATE_FUND_DISPERSION,NONE,1,5,5,3,9,242148.06,0.035212,0.051722,ONE_TO_MANY,NORMAL
L10_001836,625,TRANSFER,72248.19,LD000368_S,1832467.0,1760218.81,LD000368_D1,1113053.0,1185301.19,0,0,L10_000368,LEGITIMATE_FUND_DISPERSION,NONE,1,1,5,0,8,274870.06,0.039427,0.06491,ONE_TO_MANY,NORMAL
L10_001837,627,TRANSFER,10958.35,LD000368_S,1760218.81,1749260.46,LD000368_D2,1179898.88,1190857.23,0,0,L10_000368,LEGITIMATE_FUND_DISPERSION,NONE,1,2,5,2,8,274870.06,0.006226,0.009288,ONE_TO_MANY,NORMAL
L10_001838,630,TRANSFER,44649.63,LD000368_S,1749260.46,1704610.83,LD000368_D3,1136695.75,1181345.38,0,0,L10_000368,LEGITIMATE_FUND_DISPERSION,NONE,1,3,5,3,8,274870.06,0.025525,0.03928,ONE_TO_MANY,NORMAL
L10_001839,631,TRANSFER,67811.3,LD000368_S,1704610.83,1636799.53,LD000368_D4,1084324.9,1152136.2,0,0,L10_000368,LEGITIMATE_FUND_DISPERSION,NONE,1,4,5,1,8,274870.06,0.039781,0.062538,ONE_TO_MANY,NORMAL
L10_001840,633,TRANSFER,79202.59,LD000368_S,1636799.53,1557596.94,LD000368_D5,1000337.06,1079539.65,0,0,L10_000368,LEGITIMATE_FUND_DISPERSION,NONE,1,5,5,2,8,274870.06,0.048389,0.079176,ONE_TO_MANY,NORMAL
L10_001841,804,TRANSFER,73898.42,LD000369_S,1612392.58,1538494.16,LD000369_D1,1099234.17,1173132.59,0,0,L10_000369,LEGITIMATE_FUND_DISPERSION,NONE,1,1,5,0,9,241858.89,0.045832,0.067227,ONE_TO_MANY,NORMAL
L10_001842,807,TRANSFER,34599.65,LD000369_S,1538494.16,1503894.51,LD000369_D2,1210323.84,1244923.49,0,0,L10_000369,LEGITIMATE_FUND_DISPERSION,NONE,1,2,5,3,9,241858.89,0.022489,0.028587,ONE_TO_MANY,NORMAL
L10_001843,809,TRANSFER,39293.47,LD000369_S,1503894.51,1464601.04,LD000369_D3,802221.42,841514.89,0,0,L10_000369,LEGITIMATE_FUND_DISPERSION,NONE,1,3,5,2,9,241858.89,0.026128,0.048981,ONE_TO_MANY,NORMAL
L10_001844,810,TRANSFER,53630.57,LD000369_S,1464601.04,1410970.47,LD000369_D4,442300.99,495931.56,0,0,L10_000369,LEGITIMATE_FUND_DISPERSION,NONE,1,4,5,1,9,241858.89,0.036618,0.121254,ONE_TO_MANY,NORMAL
L10_001845,813,TRANSFER,40436.78,LD000369_S,1410970.47,1370533.69,LD000369_D5,1002920.81,1043357.59,0,0,L10_000369,LEGITIMATE_FUND_DISPERSION,NONE,1,5,5,3,9,241858.89,0.028659,0.040319,ONE_TO_MANY,NORMAL
L10_001846,806,TRANSFER,95598.91,LD000370_S,2437510.49,2341911.58,LD000370_D1,1251235.54,1346834.45,0,0,L10_000370,LEGITIMATE_FUND_DISPERSION,NONE,1,1,5,0,8,269373.33,0.03922,0.076404,ONE_TO_MANY,NORMAL
L10_001847,808,TRANSFER,74234.83,LD000370_S,2341911.58,2267676.75,LD000370_D2,1167408.25,1241643.08,0,0,L10_000370,LEGITIMATE_FUND_DISPERSION,NONE,1,2,5,2,8,269373.33,0.031698,0.063589,ONE_TO_MANY,NORMAL
L10_001848,810,TRANSFER,47460.45,LD000370_S,2267676.75,2220216.3,LD000370_D3,968788.39,1016248.84,0,0,L10_000370,LEGITIMATE_FUND_DISPERSION,NONE,1,3,5,2,8,269373.33,0.020929,0.048989,ONE_TO_MANY,NORMAL
L10_001849,813,TRANSFER,38580.64,LD000370_S,2220216.3,2181635.66,LD000370_D4,1120461.41,1159042.05,0,0,L10_000370,LEGITIMATE_FUND_DISPERSION,NONE,1,4,5,3,8,269373.33,0.017377,0.034433,ONE_TO_MANY,NORMAL
L10_001850,814,TRANSFER,13498.5,LD000370_S,2181635.66,2168137.16,LD000370_D5,1144797.27,1158295.77,0,0,L10_000370,LEGITIMATE_FUND_DISPERSION,NONE,1,5,5,1,8,269373.33,0.006187,0.011791,ONE_TO_MANY,NORMAL
L10_001851,716,TRANSFER,12976.72,LD000371_S,1417752.37,1404775.65,LD000371_D1,948838.85,961815.57,0,0,L10_000371,LEGITIMATE_FUND_DISPERSION,NONE,1,1,5,0,8,212662.86,0.009153,0.013676,ONE_TO_MANY,NORMAL
L10_001852,718,TRANSFER,76468.56,LD000371_S,1404775.65,1328307.09,LD000371_D2,592368.0,668836.56,0,0,L10_000371,LEGITIMATE_FUND_DISPERSION,NONE,1,2,5,2,8,212662.86,0.054435,0.12909,ONE_TO_MANY,NORMAL
L10_001853,721,TRANSFER,57553.88,LD000371_S,1328307.09,1270753.21,LD000371_D3,1048887.47,1106441.35,0,0,L10_000371,LEGITIMATE_FUND_DISPERSION,NONE,1,3,5,3,8,212662.86,0.043329,0.054871,ONE_TO_MANY,NORMAL
L10_001854,723,TRANSFER,28600.64,LD000371_S,1270753.21,1242152.57,LD000371_D4,657840.75,686441.39,0,0,L10_000371,LEGITIMATE_FUND_DISPERSION,NONE,1,4,5,2,8,212662.86,0.022507,0.043477,ONE_TO_MANY,NORMAL
L10_001855,724,TRANSFER,37063.06,LD000371_S,1242152.57,1205089.51,LD000371_D5,1173176.49,1210239.55,0,0,L10_000371,LEGITIMATE_FUND_DISPERSION,NONE,1,5,5,1,8,212662.86,0.029838,0.031592,ONE_TO_MANY,NORMAL
L10_001856,32,TRANSFER,35772.74,LD000372_S,1573002.56,1537229.82,LD000372_D1,478332.14,514104.88,0,0,L10_000372,LEGITIMATE_FUND_DISPERSION,NONE,1,1,5,0,7,235950.38,0.022742,0.074786,ONE_TO_MANY,NORMAL
L10_001857,34,TRANSFER,53817.45,LD000372_S,1537229.82,1483412.37,LD000372_D2,433493.85,487311.3,0,0,L10_000372,LEGITIMATE_FUND_DISPERSION,NONE,1,2,5,2,7,235950.38,0.035009,0.124148,ONE_TO_MANY,NORMAL
L10_001858,37,TRANSFER,16751.13,LD000372_S,1483412.37,1466661.24,LD000372_D3,388617.62,405368.75,0,0,L10_000372,LEGITIMATE_FUND_DISPERSION,NONE,1,3,5,3,7,235950.38,0.011292,0.043104,ONE_TO_MANY,NORMAL
L10_001859,38,TRANSFER,68382.94,LD000372_S,1466661.24,1398278.3,LD000372_D4,688390.27,756773.21,0,0,L10_000372,LEGITIMATE_FUND_DISPERSION,NONE,1,4,5,1,7,235950.38,0.046625,0.099337,ONE_TO_MANY,NORMAL
L10_001860,39,TRANSFER,61226.12,LD000372_S,1398278.3,1337052.18,LD000372_D5,488185.73,549411.85,0,0,L10_000372,LEGITIMATE_FUND_DISPERSION,NONE,1,5,5,1,7,235950.38,0.043787,0.125416,ONE_TO_MANY,NORMAL
L10_001861,286,TRANSFER,56125.92,LD000373_S,1781251.82,1725125.9,LD000373_D1,823610.21,879736.13,0,0,L10_000373,LEGITIMATE_FUND_DISPERSION,NONE,1,1,5,0,9,267187.77,0.031509,0.068146,ONE_TO_MANY,NORMAL
L10_001862,289,TRANSFER,11712.18,LD000373_S,1725125.9,1713413.72,LD000373_D2,669440.99,681153.17,0,0,L10_000373,LEGITIMATE_FUND_DISPERSION,NONE,1,2,5,3,9,267187.77,0.006789,0.017495,ONE_TO_MANY,NORMAL
L10_001863,292,TRANSFER,74620.1,LD000373_S,1713413.72,1638793.62,LD000373_D3,968427.41,1043047.51,0,0,L10_000373,LEGITIMATE_FUND_DISPERSION,NONE,1,3,5,3,9,267187.77,0.043551,0.077053,ONE_TO_MANY,NORMAL
L10_001864,294,TRANSFER,29125.7,LD000373_S,1638793.62,1609667.92,LD000373_D4,954195.82,983321.52,0,0,L10_000373,LEGITIMATE_FUND_DISPERSION,NONE,1,4,5,2,9,267187.77,0.017773,0.030524,ONE_TO_MANY,NORMAL
L10_001865,295,TRANSFER,95603.87,LD000373_S,1609667.92,1514064.05,LD000373_D5,954803.38,1050407.25,0,0,L10_000373,LEGITIMATE_FUND_DISPERSION,NONE,1,5,5,1,9,267187.77,0.059394,0.100129,ONE_TO_MANY,NORMAL
L10_001866,791,TRANSFER,61064.78,LD000374_S,1477409.52,1416344.74,LD000374_D1,1125994.48,1187059.26,0,0,L10_000374,LEGITIMATE_FUND_DISPERSION,NONE,1,1,5,0,8,221611.43,0.041332,0.054232,ONE_TO_MANY,NORMAL
L10_001867,792,TRANSFER,13664.8,LD000374_S,1416344.74,1402679.94,LD000374_D2,998165.19,1011829.99,0,0,L10_000374,LEGITIMATE_FUND_DISPERSION,NONE,1,2,5,1,8,221611.43,0.009648,0.01369,ONE_TO_MANY,NORMAL
L10_001868,793,TRANSFER,41861.53,LD000374_S,1402679.94,1360818.41,LD000374_D3,749015.04,790876.57,0,0,L10_000374,LEGITIMATE_FUND_DISPERSION,NONE,1,3,5,1,8,221611.43,0.029844,0.055889,ONE_TO_MANY,NORMAL
L10_001869,796,TRANSFER,51357.45,LD000374_S,1360818.41,1309460.96,LD000374_D4,572774.58,624132.03,0,0,L10_000374,LEGITIMATE_FUND_DISPERSION,NONE,1,4,5,3,8,221611.43,0.03774,0.089664,ONE_TO_MANY,NORMAL
L10_001870,799,TRANSFER,53662.87,LD000374_S,1309460.96,1255798.09,LD000374_D5,1110908.0,1164570.87,0,0,L10_000374,LEGITIMATE_FUND_DISPERSION,NONE,1,5,5,3,8,221611.43,0.040981,0.048305,ONE_TO_MANY,NORMAL
L10_001871,607,TRANSFER,55164.49,LD000375_S,2509825.82,2454661.33,LD000375_D1,411311.09,466475.58,0,0,L10_000375,LEGITIMATE_FUND_DISPERSION,NONE,1,1,5,0,6,376473.88,0.021979,0.134119,ONE_TO_MANY,NORMAL
L10_001872,608,TRANSFER,114444.86,LD000375_S,2454661.33,2340216.47,LD000375_D2,439361.05,553805.91,0,0,L10_000375,LEGITIMATE_FUND_DISPERSION,NONE,1,2,5,1,6,376473.88,0.046623,0.26048,ONE_TO_MANY,NORMAL
L10_001873,609,TRANSFER,29374.28,LD000375_S,2340216.47,2310842.19,LD000375_D3,496936.73,526311.01,0,0,L10_000375,LEGITIMATE_FUND_DISPERSION,NONE,1,3,5,1,6,376473.88,0.012552,0.059111,ONE_TO_MANY,NORMAL
L10_001874,611,TRANSFER,82004.82,LD000375_S,2310842.19,2228837.37,LD000375_D4,888818.19,970823.01,0,0,L10_000375,LEGITIMATE_FUND_DISPERSION,NONE,1,4,5,2,6,376473.88,0.035487,0.092263,ONE_TO_MANY,NORMAL
L10_001875,613,TRANSFER,95485.43,LD000375_S,2228837.37,2133351.94,LD000375_D5,764260.02,859745.45,0,0,L10_000375,LEGITIMATE_FUND_DISPERSION,NONE,1,5,5,2,6,376473.88,0.042841,0.124938,ONE_TO_MANY,NORMAL
L10_001876,184,TRANSFER,79742.58,LD000376_S,2122641.39,2042898.81,LD000376_D1,812128.86,891871.44,0,0,L10_000376,LEGITIMATE_FUND_DISPERSION,NONE,1,1,5,0,8,318396.2,0.037568,0.09819,ONE_TO_MANY,NORMAL
L10_001877,186,TRANSFER,64392.26,LD000376_S,2042898.81,1978506.55,LD000376_D2,1118892.31,1183284.57,0,0,L10_000376,LEGITIMATE_FUND_DISPERSION,NONE,1,2,5,2,8,318396.2,0.03152,0.05755,ONE_TO_MANY,NORMAL
L10_001878,188,TRANSFER,76149.37,LD000376_S,1978506.55,1902357.18,LD000376_D3,1151090.49,1227239.86,0,0,L10_000376,LEGITIMATE_FUND_DISPERSION,NONE,1,3,5,2,8,318396.2,0.038488,0.066154,ONE_TO_MANY,NORMAL
L10_001879,191,TRANSFER,68626.92,LD000376_S,1902357.18,1833730.26,LD000376_D4,554912.26,623539.18,0,0,L10_000376,LEGITIMATE_FUND_DISPERSION,NONE,1,4,5,3,8,318396.2,0.036075,0.123672,ONE_TO_MANY,NORMAL
L10_001880,192,TRANSFER,29485.07,LD000376_S,1833730.26,1804245.19,LD000376_D5,694783.73,724268.8,0,0,L10_000376,LEGITIMATE_FUND_DISPERSION,NONE,1,5,5,1,8,318396.2,0.016079,0.042438,ONE_TO_MANY,NORMAL
L10_001881,580,TRANSFER,76705.09,LD000377_S,2208517.75,2131812.66,LD000377_D1,1019521.77,1096226.86,0,0,L10_000377,LEGITIMATE_FUND_DISPERSION,NONE,1,1,5,0,9,331277.66,0.034731,0.075236,ONE_TO_MANY,NORMAL
L10_001882,582,TRANSFER,34887.61,LD000377_S,2131812.66,2096925.05,LD000377_D2,417107.05,451994.66,0,0,L10_000377,LEGITIMATE_FUND_DISPERSION,NONE,1,2,5,2,9,331277.66,0.016365,0.083642,ONE_TO_MANY,NORMAL
L10_001883,585,TRANSFER,92928.0,LD000377_S,2096925.05,2003997.05,LD000377_D3,524710.16,617638.16,0,0,L10_000377,LEGITIMATE_FUND_DISPERSION,NONE,1,3,5,3,9,331277.66,0.044316,0.177103,ONE_TO_MANY,NORMAL
L10_001884,588,TRANSFER,36897.62,LD000377_S,2003997.05,1967099.43,LD000377_D4,750776.59,787674.21,0,0,L10_000377,LEGITIMATE_FUND_DISPERSION,NONE,1,4,5,3,9,331277.66,0.018412,0.049146,ONE_TO_MANY,NORMAL
L10_001885,589,TRANSFER,89859.34,LD000377_S,1967099.43,1877240.09,LD000377_D5,1001917.6,1091776.94,0,0,L10_000377,LEGITIMATE_FUND_DISPERSION,NONE,1,5,5,1,9,331277.66,0.045681,0.089687,ONE_TO_MANY,NORMAL
L10_001886,550,TRANSFER,21594.9,LD000378_S,1384752.97,1363158.07,LD000378_D1,990846.07,1012440.97,0,0,L10_000378,LEGITIMATE_FUND_DISPERSION,NONE,1,1,5,0,10,207712.95,0.015595,0.021794,ONE_TO_MANY,NORMAL
L10_001887,552,TRANSFER,65076.94,LD000378_S,1363158.07,1298081.13,LD000378_D2,978797.25,1043874.19,0,0,L10_000378,LEGITIMATE_FUND_DISPERSION,NONE,1,2,5,2,10,207712.95,0.04774,0.066487,ONE_TO_MANY,NORMAL
L10_001888,555,TRANSFER,8685.97,LD000378_S,1298081.13,1289395.16,LD000378_D3,596703.47,605389.44,0,0,L10_000378,LEGITIMATE_FUND_DISPERSION,NONE,1,3,5,3,10,207712.95,0.006691,0.014557,ONE_TO_MANY,NORMAL
L10_001889,558,TRANSFER,80701.77,LD000378_S,1289395.16,1208693.39,LD000378_D4,522645.73,603347.5,0,0,L10_000378,LEGITIMATE_FUND_DISPERSION,NONE,1,4,5,3,10,207712.95,0.062589,0.15441,ONE_TO_MANY,NORMAL
L10_001890,560,TRANSFER,31653.37,LD000378_S,1208693.39,1177040.02,LD000378_D5,837763.18,869416.55,0,0,L10_000378,LEGITIMATE_FUND_DISPERSION,NONE,1,5,5,2,10,207712.95,0.026188,0.037783,ONE_TO_MANY,NORMAL
L10_001891,235,TRANSFER,41524.09,LD000379_S,1895646.12,1854122.03,LD000379_D1,598412.7,639936.79,0,0,L10_000379,LEGITIMATE_FUND_DISPERSION,NONE,1,1,5,0,6,284346.92,0.021905,0.06939,ONE_TO_MANY,NORMAL
L10_001892,236,TRANSFER,60404.89,LD000379_S,1854122.03,1793717.14,LD000379_D2,474044.35,534449.24,0,0,L10_000379,LEGITIMATE_FUND_DISPERSION,NONE,1,2,5,1,6,284346.92,0.032579,0.127425,ONE_TO_MANY,NORMAL
L10_001893,237,TRANSFER,83732.04,LD000379_S,1793717.14,1709985.1,LD000379_D3,495492.31,579224.35,0,0,L10_000379,LEGITIMATE_FUND_DISPERSION,NONE,1,3,5,1,6,284346.92,0.046681,0.168988,ONE_TO_MANY,NORMAL
L10_001894,239,TRANSFER,34325.68,LD000379_S,1709985.1,1675659.42,LD000379_D4,1100248.38,1134574.06,0,0,L10_000379,LEGITIMATE_FUND_DISPERSION,NONE,1,4,5,2,6,284346.92,0.020074,0.031198,ONE_TO_MANY,NORMAL
L10_001895,241,TRANSFER,64360.22,LD000379_S,1675659.42,1611299.2,LD000379_D5,794405.23,858765.45,0,0,L10_000379,LEGITIMATE_FUND_DISPERSION,NONE,1,5,5,2,6,284346.92,0.038409,0.081017,ONE_TO_MANY,NORMAL
L10_001896,759,TRANSFER,49861.91,LD000380_S,2131360.84,2081498.93,LD000380_D1,673334.54,723196.45,0,0,L10_000380,LEGITIMATE_FUND_DISPERSION,NONE,1,1,5,0,7,319704.13,0.023394,0.074052,ONE_TO_MANY,NORMAL
L10_001897,760,TRANSFER,38787.79,LD000380_S,2081498.93,2042711.14,LD000380_D2,389397.85,428185.64,0,0,L10_000380,LEGITIMATE_FUND_DISPERSION,NONE,1,2,5,1,7,319704.13,0.018635,0.09961,ONE_TO_MANY,NORMAL
L10_001898,762,TRANSFER,35873.74,LD000380_S,2042711.14,2006837.4,LD000380_D3,854464.31,890338.05,0,0,L10_000380,LEGITIMATE_FUND_DISPERSION,NONE,1,3,5,2,7,319704.13,0.017562,0.041984,ONE_TO_MANY,NORMAL
L10_001899,764,TRANSFER,119787.84,LD000380_S,2006837.4,1887049.56,LD000380_D4,716701.89,836489.73,0,0,L10_000380,LEGITIMATE_FUND_DISPERSION,NONE,1,4,5,2,7,319704.13,0.05969,0.167138,ONE_TO_MANY,NORMAL
L10_001900,766,TRANSFER,75392.85,LD000380_S,1887049.56,1811656.71,LD000380_D5,446430.29,521823.14,0,0,L10_000380,LEGITIMATE_FUND_DISPERSION,NONE,1,5,5,2,7,319704.13,0.039953,0.168879,ONE_TO_MANY,NORMAL
L10_001901,486,TRANSFER,118253.97,LD000381_S,2448451.07,2330197.1,LD000381_D1,652856.74,771110.71,0,0,L10_000381,LEGITIMATE_FUND_DISPERSION,NONE,1,1,5,0,8,367267.66,0.048297,0.181133,ONE_TO_MANY,NORMAL
L10_001902,487,TRANSFER,72475.0,LD000381_S,2330197.1,2257722.1,LD000381_D2,436343.68,508818.68,0,0,L10_000381,LEGITIMATE_FUND_DISPERSION,NONE,1,2,5,1,8,367267.66,0.031103,0.166096,ONE_TO_MANY,NORMAL
L10_001903,489,TRANSFER,86352.35,LD000381_S,2257722.1,2171369.75,LD000381_D3,689964.7,776317.05,0,0,L10_000381,LEGITIMATE_FUND_DISPERSION,NONE,1,3,5,2,8,367267.66,0.038248,0.125155,ONE_TO_MANY,NORMAL
L10_001904,492,TRANSFER,9164.61,LD000381_S,2171369.75,2162205.14,LD000381_D4,1248228.01,1257392.62,0,0,L10_000381,LEGITIMATE_FUND_DISPERSION,NONE,1,4,5,3,8,367267.66,0.004221,0.007342,ONE_TO_MANY,NORMAL
L10_001905,494,TRANSFER,81021.73,LD000381_S,2162205.14,2081183.41,LD000381_D5,500248.96,581270.69,0,0,L10_000381,LEGITIMATE_FUND_DISPERSION,NONE,1,5,5,2,8,367267.66,0.037472,0.161963,ONE_TO_MANY,NORMAL
L10_001906,470,TRANSFER,68053.71,LD000382_S,2504358.69,2436304.98,LD000382_D1,823393.33,891447.04,0,0,L10_000382,LEGITIMATE_FUND_DISPERSION,NONE,1,1,5,0,7,280638.53,0.027174,0.08265,ONE_TO_MANY,NORMAL
L10_001907,471,TRANSFER,22582.67,LD000382_S,2436304.98,2413722.31,LD000382_D2,647227.23,669809.9,0,0,L10_000382,LEGITIMATE_FUND_DISPERSION,NONE,1,2,5,1,7,280638.53,0.009269,0.034891,ONE_TO_MANY,NORMAL
L10_001908,473,TRANSFER,55073.53,LD000382_S,2413722.31,2358648.78,LD000382_D3,604453.65,659527.18,0,0,L10_000382,LEGITIMATE_FUND_DISPERSION,NONE,1,3,5,2,7,280638.53,0.022817,0.091113,ONE_TO_MANY,NORMAL
L10_001909,475,TRANSFER,41446.83,LD000382_S,2358648.78,2317201.95,LD000382_D4,479971.4,521418.23,0,0,L10_000382,LEGITIMATE_FUND_DISPERSION,NONE,1,4,5,2,7,280638.53,0.017572,0.086353,ONE_TO_MANY,NORMAL
L10_001910,477,TRANSFER,93481.79,LD000382_S,2317201.95,2223720.16,LD000382_D5,388858.42,482340.21,0,0,L10_000382,LEGITIMATE_FUND_DISPERSION,NONE,1,5,5,2,7,280638.53,0.040343,0.240401,ONE_TO_MANY,NORMAL
L10_001911,326,TRANSFER,62217.29,LD000383_S,1588835.43,1526618.14,LD000383_D1,683643.52,745860.81,0,0,L10_000383,LEGITIMATE_FUND_DISPERSION,NONE,1,1,5,0,7,238325.31,0.039159,0.091008,ONE_TO_MANY,NORMAL
L10_001912,328,TRANSFER,24837.03,LD000383_S,1526618.14,1501781.11,LD000383_D2,501331.68,526168.71,0,0,L10_000383,LEGITIMATE_FUND_DISPERSION,NONE,1,2,5,2,7,238325.31,0.016269,0.049542,ONE_TO_MANY,NORMAL
L10_001913,329,TRANSFER,68959.35,LD000383_S,1501781.11,1432821.76,LD000383_D3,994244.1,1063203.45,0,0,L10_000383,LEGITIMATE_FUND_DISPERSION,NONE,1,3,5,1,7,238325.31,0.045918,0.069359,ONE_TO_MANY,NORMAL
L10_001914,331,TRANSFER,33166.37,LD000383_S,1432821.76,1399655.39,LD000383_D4,1126508.26,1159674.63,0,0,L10_000383,LEGITIMATE_FUND_DISPERSION,NONE,1,4,5,2,7,238325.31,0.023148,0.029442,ONE_TO_MANY,NORMAL
L10_001915,333,TRANSFER,49145.27,LD000383_S,1399655.39,1350510.12,LD000383_D5,477909.06,527054.33,0,0,L10_000383,LEGITIMATE_FUND_DISPERSION,NONE,1,5,5,2,7,238325.31,0.035112,0.102834,ONE_TO_MANY,NORMAL
L10_001916,288,TRANSFER,13401.64,LD000384_S,2073468.71,2060067.07,LD000384_D1,1272427.53,1285829.17,0,0,L10_000384,LEGITIMATE_FUND_DISPERSION,NONE,1,1,5,0,9,311020.3,0.006463,0.010532,ONE_TO_MANY,NORMAL
L10_001917,290,TRANSFER,59814.29,LD000384_S,2060067.07,2000252.78,LD000384_D2,866389.9,926204.19,0,0,L10_000384,LEGITIMATE_FUND_DISPERSION,NONE,1,2,5,2,9,311020.3,0.029035,0.069039,ONE_TO_MANY,NORMAL
L10_001918,292,TRANSFER,84322.38,LD000384_S,2000252.78,1915930.4,LD000384_D3,757805.56,842127.94,0,0,L10_000384,LEGITIMATE_FUND_DISPERSION,NONE,1,3,5,2,9,311020.3,0.042156,0.111272,ONE_TO_MANY,NORMAL
L10_001919,294,TRANSFER,100138.55,LD000384_S,1915930.4,1815791.85,LD000384_D4,569599.64,669738.19,0,0,L10_000384,LEGITIMATE_FUND_DISPERSION,NONE,1,4,5,2,9,311020.3,0.052266,0.175805,ONE_TO_MANY,NORMAL
L10_001920,297,TRANSFER,53343.44,LD000384_S,1815791.85,1762448.41,LD000384_D5,1159279.45,1212622.89,0,0,L10_000384,LEGITIMATE_FUND_DISPERSION,NONE,1,5,5,3,9,311020.3,0.029378,0.046014,ONE_TO_MANY,NORMAL
L10_001921,498,TRANSFER,18654.76,LD000385_S,1666842.36,1648187.6,LD000385_D1,1194453.51,1213108.27,0,0,L10_000385,LEGITIMATE_FUND_DISPERSION,NONE,1,1,5,0,8,250026.36,0.011192,0.015618,ONE_TO_MANY,NORMAL
L10_001922,501,TRANSFER,83674.03,LD000385_S,1648187.6,1564513.57,LD000385_D2,836706.2,920380.23,0,0,L10_000385,LEGITIMATE_FUND_DISPERSION,NONE,1,2,5,3,8,250026.36,0.050767,0.100004,ONE_TO_MANY,NORMAL
L10_001923,504,TRANSFER,14411.17,LD000385_S,1564513.57,1550102.4,LD000385_D3,1149780.85,1164192.02,0,0,L10_000385,LEGITIMATE_FUND_DISPERSION,NONE,1,3,5,3,8,250026.36,0.009211,0.012534,ONE_TO_MANY,NORMAL
L10_001924,505,TRANSFER,44623.53,LD000385_S,1550102.4,1505478.87,LD000385_D4,794888.31,839511.84,0,0,L10_000385,LEGITIMATE_FUND_DISPERSION,NONE,1,4,5,1,8,250026.36,0.028787,0.056138,ONE_TO_MANY,NORMAL
L10_001925,506,TRANSFER,88662.87,LD000385_S,1505478.87,1416816.0,LD000385_D5,649817.96,738480.83,0,0,L10_000385,LEGITIMATE_FUND_DISPERSION,NONE,1,5,5,1,8,250026.36,0.058893,0.136443,ONE_TO_MANY,NORMAL
L10_001926,223,TRANSFER,46423.71,LD000386_S,2316049.23,2269625.52,LD000386_D1,1045904.66,1092328.37,0,0,L10_000386,LEGITIMATE_FUND_DISPERSION,NONE,1,1,5,0,8,327347.87,0.020044,0.044386,ONE_TO_MANY,NORMAL
L10_001927,226,TRANSFER,59577.77,LD000386_S,2269625.52,2210047.75,LD000386_D2,894305.49,953883.26,0,0,L10_000386,LEGITIMATE_FUND_DISPERSION,NONE,1,2,5,3,8,327347.87,0.02625,0.066619,ONE_TO_MANY,NORMAL
L10_001928,228,TRANSFER,45090.04,LD000386_S,2210047.75,2164957.71,LD000386_D3,786780.54,831870.58,0,0,L10_000386,LEGITIMATE_FUND_DISPERSION,NONE,1,3,5,2,8,327347.87,0.020402,0.05731,ONE_TO_MANY,NORMAL
L10_001929,230,TRANSFER,73575.85,LD000386_S,2164957.71,2091381.86,LD000386_D4,1278817.38,1352393.23,0,0,L10_000386,LEGITIMATE_FUND_DISPERSION,NONE,1,4,5,2,8,327347.87,0.033985,0.057534,ONE_TO_MANY,NORMAL
L10_001930,231,TRANSFER,102680.5,LD000386_S,2091381.86,1988701.36,LD000386_D5,397216.24,499896.74,0,0,L10_000386,LEGITIMATE_FUND_DISPERSION,NONE,1,5,5,1,8,327347.87,0.049097,0.2585,ONE_TO_MANY,NORMAL
L10_001931,491,TRANSFER,38600.45,LD000387_S,1537450.89,1498850.44,LD000387_D1,1253240.54,1291840.99,0,0,L10_000387,LEGITIMATE_FUND_DISPERSION,NONE,1,1,5,0,7,230617.64,0.025107,0.030801,ONE_TO_MANY,NORMAL
L10_001932,493,TRANSFER,54780.07,LD000387_S,1498850.44,1444070.37,LD000387_D2,746322.83,801102.9,0,0,L10_000387,LEGITIMATE_FUND_DISPERSION,NONE,1,2,5,2,7,230617.64,0.036548,0.0734,ONE_TO_MANY,NORMAL
L10_001933,494,TRANSFER,46502.2,LD000387_S,1444070.37,1397568.17,LD000387_D3,1044249.57,1090751.77,0,0,L10_000387,LEGITIMATE_FUND_DISPERSION,NONE,1,3,5,1,7,230617.64,0.032202,0.044532,ONE_TO_MANY,NORMAL
L10_001934,495,TRANSFER,56068.47,LD000387_S,1397568.17,1341499.7,LD000387_D4,1139273.27,1195341.74,0,0,L10_000387,LEGITIMATE_FUND_DISPERSION,NONE,1,4,5,1,7,230617.64,0.040119,0.049214,ONE_TO_MANY,NORMAL
L10_001935,498,TRANSFER,34666.45,LD000387_S,1341499.7,1306833.25,LD000387_D5,420432.08,455098.53,0,0,L10_000387,LEGITIMATE_FUND_DISPERSION,NONE,1,5,5,3,7,230617.64,0.025842,0.082454,ONE_TO_MANY,NORMAL
L10_001936,24,TRANSFER,54745.86,LD000388_S,2238640.75,2183894.89,LD000388_D1,926731.4,981477.26,0,0,L10_000388,LEGITIMATE_FUND_DISPERSION,NONE,1,1,5,0,7,335796.12,0.024455,0.059074,ONE_TO_MANY,NORMAL
L10_001937,26,TRANSFER,96341.92,LD000388_S,2183894.89,2087552.97,LD000388_D2,869977.47,966319.39,0,0,L10_000388,LEGITIMATE_FUND_DISPERSION,NONE,1,2,5,2,7,335796.12,0.044115,0.110741,ONE_TO_MANY,NORMAL
L10_001938,27,TRANSFER,40134.08,LD000388_S,2087552.97,2047418.89,LD000388_D3,448095.09,488229.17,0,0,L10_000388,LEGITIMATE_FUND_DISPERSION,NONE,1,3,5,1,7,335796.12,0.019225,0.089566,ONE_TO_MANY,NORMAL
L10_001939,28,TRANSFER,91998.31,LD000388_S,2047418.89,1955420.58,LD000388_D4,553920.13,645918.44,0,0,L10_000388,LEGITIMATE_FUND_DISPERSION,NONE,1,4,5,1,7,335796.12,0.044934,0.166086,ONE_TO_MANY,NORMAL
L10_001940,31,TRANSFER,52575.95,LD000388_S,1955420.58,1902844.63,LD000388_D5,738761.6,791337.55,0,0,L10_000388,LEGITIMATE_FUND_DISPERSION,NONE,1,5,5,3,7,335796.12,0.026887,0.071168,ONE_TO_MANY,NORMAL
L10_001941,265,TRANSFER,67658.73,LD000389_S,1715820.42,1648161.69,LD000389_D1,396863.47,464522.2,0,0,L10_000389,LEGITIMATE_FUND_DISPERSION,NONE,1,1,5,0,6,257373.07,0.039432,0.170484,ONE_TO_MANY,NORMAL
L10_001942,266,TRANSFER,37440.02,LD000389_S,1648161.69,1610721.67,LD000389_D2,494184.2,531624.22,0,0,L10_000389,LEGITIMATE_FUND_DISPERSION,NONE,1,2,5,1,6,257373.07,0.022716,0.075761,ONE_TO_MANY,NORMAL
L10_001943,269,TRANSFER,46810.26,LD000389_S,1610721.67,1563911.41,LD000389_D3,798348.66,845158.92,0,0,L10_000389,LEGITIMATE_FUND_DISPERSION,NONE,1,3,5,3,6,257373.07,0.029062,0.058634,ONE_TO_MANY,NORMAL
L10_001944,270,TRANSFER,78698.74,LD000389_S,1563911.41,1485212.67,LD000389_D4,440638.95,519337.69,0,0,L10_000389,LEGITIMATE_FUND_DISPERSION,NONE,1,4,5,1,6,257373.07,0.050322,0.178601,ONE_TO_MANY,NORMAL
L10_001945,271,TRANSFER,26765.32,LD000389_S,1485212.67,1458447.35,LD000389_D5,902518.91,929284.23,0,0,L10_000389,LEGITIMATE_FUND_DISPERSION,NONE,1,5,5,1,6,257373.07,0.018021,0.029656,ONE_TO_MANY,NORMAL
L10_001946,567,TRANSFER,21441.51,LD000390_S,2343239.53,2321798.02,LD000390_D1,942211.82,963653.33,0,0,L10_000390,LEGITIMATE_FUND_DISPERSION,NONE,1,1,5,0,8,339365.72,0.00915,0.022757,ONE_TO_MANY,NORMAL
L10_001947,569,TRANSFER,97909.19,LD000390_S,2321798.02,2223888.83,LD000390_D2,471257.72,569166.91,0,0,L10_000390,LEGITIMATE_FUND_DISPERSION,NONE,1,2,5,2,8,339365.72,0.04217,0.207761,ONE_TO_MANY,NORMAL
L10_001948,570,TRANSFER,73003.29,LD000390_S,2223888.83,2150885.54,LD000390_D3,443359.69,516362.98,0,0,L10_000390,LEGITIMATE_FUND_DISPERSION,NONE,1,3,5,1,8,339365.72,0.032827,0.164659,ONE_TO_MANY,NORMAL
L10_001949,573,TRANSFER,81819.2,LD000390_S,2150885.54,2069066.34,LD000390_D4,1201939.46,1283758.66,0,0,L10_000390,LEGITIMATE_FUND_DISPERSION,NONE,1,4,5,3,8,339365.72,0.03804,0.068073,ONE_TO_MANY,NORMAL
L10_001950,575,TRANSFER,65192.53,LD000390_S,2069066.34,2003873.81,LD000390_D5,904679.09,969871.62,0,0,L10_000390,LEGITIMATE_FUND_DISPERSION,NONE,1,5,5,2,8,339365.72,0.031508,0.072061,ONE_TO_MANY,NORMAL
L10_001951,717,TRANSFER,50881.05,LD000391_S,1964147.51,1913266.46,LD000391_D1,801399.29,852280.34,0,0,L10_000391,LEGITIMATE_FUND_DISPERSION,NONE,1,1,5,0,8,294622.12,0.025905,0.06349,ONE_TO_MANY,NORMAL
L10_001952,719,TRANSFER,25122.65,LD000391_S,1913266.46,1888143.81,LD000391_D2,690572.09,715694.74,0,0,L10_000391,LEGITIMATE_FUND_DISPERSION,NONE,1,2,5,2,8,294622.12,0.013131,0.036379,ONE_TO_MANY,NORMAL
L10_001953,720,TRANSFER,76895.99,LD000391_S,1888143.81,1811247.82,LD000391_D3,1046278.48,1123174.47,0,0,L10_000391,LEGITIMATE_FUND_DISPERSION,NONE,1,3,5,1,8,294622.12,0.040726,0.073495,ONE_TO_MANY,NORMAL
L10_001954,722,TRANSFER,69703.9,LD000391_S,1811247.82,1741543.92,LD000391_D4,874236.46,943940.36,0,0,L10_000391,LEGITIMATE_FUND_DISPERSION,NONE,1,4,5,2,8,294622.12,0.038484,0.079731,ONE_TO_MANY,NORMAL
L10_001955,725,TRANSFER,72018.53,LD000391_S,1741543.92,1669525.39,LD000391_D5,792231.0,864249.53,0,0,L10_000391,LEGITIMATE_FUND_DISPERSION,NONE,1,5,5,3,8,294622.12,0.041353,0.090906,ONE_TO_MANY,NORMAL
L10_001956,344,TRANSFER,29933.29,LD000392_S,1862082.27,1832148.98,LD000392_D1,1130154.05,1160087.34,0,0,L10_000392,LEGITIMATE_FUND_DISPERSION,NONE,1,1,5,0,9,279312.35,0.016075,0.026486,ONE_TO_MANY,NORMAL
L10_001957,345,TRANSFER,116331.2,LD000392_S,1832148.98,1715817.78,LD000392_D2,877501.16,993832.36,0,0,L10_000392,LEGITIMATE_FUND_DISPERSION,NONE,1,2,5,1,9,279312.35,0.063494,0.132571,ONE_TO_MANY,NORMAL
L10_001958,348,TRANSFER,36578.0,LD000392_S,1715817.78,1679239.78,LD000392_D3,1226931.18,1263509.18,0,0,L10_000392,LEGITIMATE_FUND_DISPERSION,NONE,1,3,5,3,9,279312.35,0.021318,0.029813,ONE_TO_MANY,NORMAL
L10_001959,351,TRANSFER,47992.35,LD000392_S,1679239.78,1631247.43,LD000392_D4,874751.66,922744.01,0,0,L10_000392,LEGITIMATE_FUND_DISPERSION,NONE,1,4,5,3,9,279312.35,0.02858,0.054864,ONE_TO_MANY,NORMAL
L10_001960,353,TRANSFER,48477.51,LD000392_S,1631247.43,1582769.92,LD000392_D5,655857.62,704335.13,0,0,L10_000392,LEGITIMATE_FUND_DISPERSION,NONE,1,5,5,2,9,279312.35,0.029718,0.073915,ONE_TO_MANY,NORMAL
L10_001961,332,TRANSFER,60666.81,LD000393_S,2387371.59,2326704.78,LD000393_D1,1054178.84,1114845.65,0,0,L10_000393,LEGITIMATE_FUND_DISPERSION,NONE,1,1,5,0,8,196603.13,0.025412,0.057549,ONE_TO_MANY,NORMAL
L10_001962,335,TRANSFER,19868.36,LD000393_S,2326704.78,2306836.42,LD000393_D2,783611.28,803479.64,0,0,L10_000393,LEGITIMATE_FUND_DISPERSION,NONE,1,2,5,3,8,196603.13,0.008539,0.025355,ONE_TO_MANY,NORMAL
L10_001963,337,TRANSFER,46268.16,LD000393_S,2306836.42,2260568.26,LD000393_D3,995577.17,1041845.33,0,0,L10_000393,LEGITIMATE_FUND_DISPERSION,NONE,1,3,5,2,8,196603.13,0.020057,0.046474,ONE_TO_MANY,NORMAL
L10_001964,338,TRANSFER,37898.55,LD000393_S,2260568.26,2222669.71,LD000393_D4,1157112.69,1195011.24,0,0,L10_000393,LEGITIMATE_FUND_DISPERSION,NONE,1,4,5,1,8,196603.13,0.016765,0.032753,ONE_TO_MANY,NORMAL
L10_001965,340,TRANSFER,31901.25,LD000393_S,2222669.71,2190768.46,LD000393_D5,1151744.63,1183645.88,0,0,L10_000393,LEGITIMATE_FUND_DISPERSION,NONE,1,5,5,2,8,196603.13,0.014353,0.027698,ONE_TO_MANY,NORMAL
L10_001966,195,TRANSFER,54808.93,LD000394_S,2349952.2,2295143.27,LD000394_D1,1007392.86,1062201.79,0,0,L10_000394,LEGITIMATE_FUND_DISPERSION,NONE,1,1,5,0,8,352492.83,0.023323,0.054407,ONE_TO_MANY,NORMAL
L10_001967,196,TRANSFER,78005.5,LD000394_S,2295143.27,2217137.77,LD000394_D2,752625.9,830631.4,0,0,L10_000394,LEGITIMATE_FUND_DISPERSION,NONE,1,2,5,1,8,352492.83,0.033987,0.103644,ONE_TO_MANY,NORMAL
L10_001968,199,TRANSFER,46320.11,LD000394_S,2217137.77,2170817.66,LD000394_D3,1149865.2,1196185.31,0,0,L10_000394,LEGITIMATE_FUND_DISPERSION,NONE,1,3,5,3,8,352492.83,0.020892,0.040283,ONE_TO_MANY,NORMAL
L10_001969,200,TRANSFER,51363.72,LD000394_S,2170817.66,2119453.94,LD000394_D4,518374.16,569737.88,0,0,L10_000394,LEGITIMATE_FUND_DISPERSION,NONE,1,4,5,1,8,352492.83,0.023661,0.099086,ONE_TO_MANY,NORMAL
L10_001970,203,TRANSFER,121994.57,LD000394_S,2119453.94,1997459.37,LD000394_D5,772502.51,894497.08,0,0,L10_000394,LEGITIMATE_FUND_DISPERSION,NONE,1,5,5,3,8,352492.83,0.057559,0.157921,ONE_TO_MANY,NORMAL
L10_001971,716,TRANSFER,17058.84,LD000395_S,2119774.42,2102715.58,LD000395_D1,944989.61,962048.45,0,0,L10_000395,LEGITIMATE_FUND_DISPERSION,NONE,1,1,5,0,6,317966.16,0.008047,0.018052,ONE_TO_MANY,NORMAL
L10_001972,718,TRANSFER,133646.16,LD000395_S,2102715.58,1969069.42,LD000395_D2,1023511.43,1157157.59,0,0,L10_000395,LEGITIMATE_FUND_DISPERSION,NONE,1,2,5,2,6,317966.16,0.063559,0.130576,ONE_TO_MANY,NORMAL
L10_001973,720,TRANSFER,12944.85,LD000395_S,1969069.42,1956124.57,LD000395_D3,793922.5,806867.35,0,0,L10_000395,LEGITIMATE_FUND_DISPERSION,NONE,1,3,5,2,6,317966.16,0.006574,0.016305,ONE_TO_MANY,NORMAL
L10_001974,721,TRANSFER,117098.7,LD000395_S,1956124.57,1839025.87,LD000395_D4,823007.89,940106.59,0,0,L10_000395,LEGITIMATE_FUND_DISPERSION,NONE,1,4,5,1,6,317966.16,0.059863,0.142281,ONE_TO_MANY,NORMAL
L10_001975,722,TRANSFER,37217.61,LD000395_S,1839025.87,1801808.26,LD000395_D5,719506.34,756723.95,0,0,L10_000395,LEGITIMATE_FUND_DISPERSION,NONE,1,5,5,1,6,317966.16,0.020238,0.051727,ONE_TO_MANY,NORMAL
L10_001976,238,TRANSFER,38535.46,LD000396_S,2128236.35,2089700.89,LD000396_D1,917460.86,955996.32,0,0,L10_000396,LEGITIMATE_FUND_DISPERSION,NONE,1,1,5,0,9,319235.44,0.018107,0.042002,ONE_TO_MANY,NORMAL
L10_001977,241,TRANSFER,81702.94,LD000396_S,2089700.89,2007997.95,LD000396_D2,769245.26,850948.2,0,0,L10_000396,LEGITIMATE_FUND_DISPERSION,NONE,1,2,5,3,9,319235.44,0.039098,0.106212,ONE_TO_MANY,NORMAL
L10_001978,242,TRANSFER,71342.39,LD000396_S,2007997.95,1936655.56,LD000396_D3,890880.67,962223.06,0,0,L10_000396,LEGITIMATE_FUND_DISPERSION,NONE,1,3,5,1,9,319235.44,0.035529,0.080081,ONE_TO_MANY,NORMAL
L10_001979,244,TRANSFER,97563.95,LD000396_S,1936655.56,1839091.61,LD000396_D4,601799.54,699363.49,0,0,L10_000396,LEGITIMATE_FUND_DISPERSION,NONE,1,4,5,2,9,319235.44,0.050378,0.16212,ONE_TO_MANY,NORMAL
L10_001980,247,TRANSFER,30090.7,LD000396_S,1839091.61,1809000.91,LD000396_D5,768991.67,799082.37,0,0,L10_000396,LEGITIMATE_FUND_DISPERSION,NONE,1,5,5,3,9,319235.44,0.016362,0.03913,ONE_TO_MANY,NORMAL
L10_001981,388,TRANSFER,27489.89,LD000397_S,2191923.1,2164433.21,LD000397_D1,990002.27,1017492.16,0,0,L10_000397,LEGITIMATE_FUND_DISPERSION,NONE,1,1,5,0,10,328788.46,0.012541,0.027768,ONE_TO_MANY,NORMAL
L10_001982,390,TRANSFER,76240.98,LD000397_S,2164433.21,2088192.23,LD000397_D2,978651.18,1054892.16,0,0,L10_000397,LEGITIMATE_FUND_DISPERSION,NONE,1,2,5,2,10,328788.46,0.035224,0.077904,ONE_TO_MANY,NORMAL
L10_001983,393,TRANSFER,42353.12,LD000397_S,2088192.23,2045839.11,LD000397_D3,1143568.27,1185921.39,0,0,L10_000397,LEGITIMATE_FUND_DISPERSION,NONE,1,3,5,3,10,328788.46,0.020282,0.037036,ONE_TO_MANY,NORMAL
L10_001984,396,TRANSFER,83470.6,LD000397_S,2045839.11,1962368.51,LD000397_D4,1219138.32,1302608.92,0,0,L10_000397,LEGITIMATE_FUND_DISPERSION,NONE,1,4,5,3,10,328788.46,0.0408,0.068467,ONE_TO_MANY,NORMAL
L10_001985,398,TRANSFER,99233.87,LD000397_S,1962368.51,1863134.64,LD000397_D5,1153260.04,1252493.91,0,0,L10_000397,LEGITIMATE_FUND_DISPERSION,NONE,1,5,5,2,10,328788.46,0.050568,0.086046,ONE_TO_MANY,NORMAL
L10_001986,77,TRANSFER,7249.88,LD000398_S,1446655.63,1439405.75,LD000398_D1,1095743.77,1102993.65,0,0,L10_000398,LEGITIMATE_FUND_DISPERSION,NONE,1,1,5,0,8,216998.35,0.005011,0.006616,ONE_TO_MANY,NORMAL
L10_001987,78,TRANSFER,47624.72,LD000398_S,1439405.75,1391781.03,LD000398_D2,1111442.31,1159067.03,0,0,L10_000398,LEGITIMATE_FUND_DISPERSION,NONE,1,2,5,1,8,216998.35,0.033086,0.042849,ONE_TO_MANY,NORMAL
L10_001988,81,TRANSFER,62908.86,LD000398_S,1391781.03,1328872.17,LD000398_D3,1136994.58,1199903.44,0,0,L10_000398,LEGITIMATE_FUND_DISPERSION,NONE,1,3,5,3,8,216998.35,0.0452,0.055329,ONE_TO_MANY,NORMAL
L10_001989,84,TRANSFER,45992.1,LD000398_S,1328872.17,1282880.07,LD000398_D4,1044979.41,1090971.51,0,0,L10_000398,LEGITIMATE_FUND_DISPERSION,NONE,1,4,5,3,8,216998.35,0.03461,0.044012,ONE_TO_MANY,NORMAL
L10_001990,85,TRANSFER,53222.79,LD000398_S,1282880.07,1229657.28,LD000398_D5,630302.21,683525.0,0,0,L10_000398,LEGITIMATE_FUND_DISPERSION,NONE,1,5,5,1,8,216998.35,0.041487,0.08444,ONE_TO_MANY,NORMAL
L10_001991,212,TRANSFER,40905.34,LD000399_S,1829506.17,1788600.83,LD000399_D1,416461.38,457366.72,0,0,L10_000399,LEGITIMATE_FUND_DISPERSION,NONE,1,1,5,0,9,274425.93,0.022359,0.098221,ONE_TO_MANY,NORMAL
L10_001992,214,TRANSFER,75155.67,LD000399_S,1788600.83,1713445.16,LD000399_D2,1061509.16,1136664.83,0,0,L10_000399,LEGITIMATE_FUND_DISPERSION,NONE,1,2,5,2,9,274425.93,0.042019,0.070801,ONE_TO_MANY,NORMAL
L10_001993,215,TRANSFER,66864.26,LD000399_S,1713445.16,1646580.9,LD000399_D3,1003861.93,1070726.19,0,0,L10_000399,LEGITIMATE_FUND_DISPERSION,NONE,1,3,5,1,9,274425.93,0.039023,0.066607,ONE_TO_MANY,NORMAL
L10_001994,218,TRANSFER,35670.83,LD000399_S,1646580.9,1610910.07,LD000399_D4,767972.03,803642.86,0,0,L10_000399,LEGITIMATE_FUND_DISPERSION,NONE,1,4,5,3,9,274425.93,0.021664,0.046448,ONE_TO_MANY,NORMAL
L10_001995,221,TRANSFER,55829.83,LD000399_S,1610910.07,1555080.24,LD000399_D5,949124.56,1004954.39,0,0,L10_000399,LEGITIMATE_FUND_DISPERSION,NONE,1,5,5,3,9,274425.93,0.034657,0.058822,ONE_TO_MANY,NORMAL
L10_001996,837,TRANSFER,48034.58,LD000400_S,1397812.14,1349777.56,LD000400_D1,580407.65,628442.23,0,0,L10_000400,LEGITIMATE_FUND_DISPERSION,NONE,1,1,5,0,7,209671.82,0.034364,0.08276,ONE_TO_MANY,NORMAL
L10_001997,840,TRANSFER,25763.73,LD000400_S,1349777.56,1324013.83,LD000400_D2,589418.83,615182.56,0,0,L10_000400,LEGITIMATE_FUND_DISPERSION,NONE,1,2,5,3,7,209671.82,0.019087,0.04371,ONE_TO_MANY,NORMAL
L10_001998,841,TRANSFER,57279.63,LD000400_S,1324013.83,1266734.2,LD000400_D3,1160341.5,1217621.13,0,0,L10_000400,LEGITIMATE_FUND_DISPERSION,NONE,1,3,5,1,7,209671.82,0.043262,0.049364,ONE_TO_MANY,NORMAL
L10_001999,842,TRANSFER,56927.34,LD000400_S,1266734.2,1209806.86,LD000400_D4,513198.48,570125.82,0,0,L10_000400,LEGITIMATE_FUND_DISPERSION,NONE,1,4,5,1,7,209671.82,0.04494,0.110927,ONE_TO_MANY,NORMAL
L10_002000,844,TRANSFER,21666.54,LD000400_S,1209806.86,1188140.32,LD000400_D5,1264557.48,1286224.02,0,0,L10_000400,LEGITIMATE_FUND_DISPERSION,NONE,1,5,5,2,7,209671.82,0.017909,0.017134,ONE_TO_MANY,NORMAL
L10_002001,324,TRANSFER,50197.2,LD000401_S,1402225.43,1352028.23,LD000401_D1,1059435.21,1109632.41,0,0,L10_000401,LEGITIMATE_FUND_DISPERSION,NONE,1,1,5,0,10,210333.82,0.035798,0.047381,ONE_TO_MANY,NORMAL
L10_002002,327,TRANSFER,31437.31,LD000401_S,1352028.23,1320590.92,LD000401_D2,824454.24,855891.55,0,0,L10_000401,LEGITIMATE_FUND_DISPERSION,NONE,1,2,5,3,10,210333.82,0.023252,0.038131,ONE_TO_MANY,NORMAL
L10_002003,328,TRANSFER,43353.65,LD000401_S,1320590.92,1277237.27,LD000401_D3,828987.56,872341.21,0,0,L10_000401,LEGITIMATE_FUND_DISPERSION,NONE,1,3,5,1,10,210333.82,0.032829,0.052297,ONE_TO_MANY,NORMAL
L10_002004,331,TRANSFER,60693.62,LD000401_S,1277237.27,1216543.65,LD000401_D4,1043542.96,1104236.58,0,0,L10_000401,LEGITIMATE_FUND_DISPERSION,NONE,1,4,5,3,10,210333.82,0.047519,0.058161,ONE_TO_MANY,NORMAL
L10_002005,334,TRANSFER,24652.04,LD000401_S,1216543.65,1191891.61,LD000401_D5,1081678.7,1106330.74,0,0,L10_000401,LEGITIMATE_FUND_DISPERSION,NONE,1,5,5,3,10,210333.82,0.020264,0.022791,ONE_TO_MANY,NORMAL
L10_002006,421,TRANSFER,61881.53,LD000402_S,2142031.3,2080149.77,LD000402_D1,1074691.31,1136572.84,0,0,L10_000402,LEGITIMATE_FUND_DISPERSION,NONE,1,1,5,0,8,321304.7,0.028889,0.057581,ONE_TO_MANY,NORMAL
L10_002007,422,TRANSFER,18776.51,LD000402_S,2080149.77,2061373.26,LD000402_D2,733082.82,751859.33,0,0,L10_000402,LEGITIMATE_FUND_DISPERSION,NONE,1,2,5,1,8,321304.7,0.009027,0.025613,ONE_TO_MANY,NORMAL
L10_002008,425,TRANSFER,61577.53,LD000402_S,2061373.26,1999795.73,LD000402_D3,1274356.15,1335933.68,0,0,L10_000402,LEGITIMATE_FUND_DISPERSION,NONE,1,3,5,3,8,321304.7,0.029872,0.048321,ONE_TO_MANY,NORMAL
L10_002009,426,TRANSFER,89108.33,LD000402_S,1999795.73,1910687.4,LD000402_D4,1003787.41,1092895.74,0,0,L10_000402,LEGITIMATE_FUND_DISPERSION,NONE,1,4,5,1,8,321304.7,0.044559,0.088772,ONE_TO_MANY,NORMAL
L10_002010,429,TRANSFER,89960.8,LD000402_S,1910687.4,1820726.6,LD000402_D5,909823.91,999784.71,0,0,L10_000402,LEGITIMATE_FUND_DISPERSION,NONE,1,5,5,3,8,321304.7,0.047083,0.098877,ONE_TO_MANY,NORMAL
L10_002011,627,TRANSFER,92600.19,LD000403_S,2053747.06,1961146.87,LD000403_D1,494478.96,587079.15,0,0,L10_000403,LEGITIMATE_FUND_DISPERSION,NONE,1,1,5,0,9,308062.06,0.045088,0.187268,ONE_TO_MANY,NORMAL
L10_002012,630,TRANSFER,59020.14,LD000403_S,1961146.87,1902126.73,LD000403_D2,961269.11,1020289.25,0,0,L10_000403,LEGITIMATE_FUND_DISPERSION,NONE,1,2,5,3,9,308062.06,0.030095,0.061398,ONE_TO_MANY,NORMAL
L10_002013,633,TRANSFER,88043.66,LD000403_S,1902126.73,1814083.07,LD000403_D3,1270718.62,1358762.28,0,0,L10_000403,LEGITIMATE_FUND_DISPERSION,NONE,1,3,5,3,9,308062.06,0.046287,0.069287,ONE_TO_MANY,NORMAL
L10_002014,634,TRANSFER,20788.93,LD000403_S,1814083.07,1793294.14,LD000403_D4,778351.55,799140.48,0,0,L10_000403,LEGITIMATE_FUND_DISPERSION,NONE,1,4,5,1,9,308062.06,0.01146,0.026709,ONE_TO_MANY,NORMAL
L10_002015,636,TRANSFER,47609.14,LD000403_S,1793294.14,1745685.0,LD000403_D5,466810.72,514419.86,0,0,L10_000403,LEGITIMATE_FUND_DISPERSION,NONE,1,5,5,2,9,308062.06,0.026548,0.101988,ONE_TO_MANY,NORMAL
L10_002016,317,TRANSFER,88457.69,LD000404_S,1856412.88,1767955.19,LD000404_D1,815394.26,903851.95,0,0,L10_000404,LEGITIMATE_FUND_DISPERSION,NONE,1,1,5,0,7,278461.93,0.04765,0.108485,ONE_TO_MANY,NORMAL
L10_002017,318,TRANSFER,18149.76,LD000404_S,1767955.19,1749805.43,LD000404_D2,1145841.56,1163991.32,0,0,L10_000404,LEGITIMATE_FUND_DISPERSION,NONE,1,2,5,1,7,278461.93,0.010266,0.01584,ONE_TO_MANY,NORMAL
L10_002018,319,TRANSFER,74391.68,LD000404_S,1749805.43,1675413.75,LD000404_D3,441624.47,516016.15,0,0,L10_000404,LEGITIMATE_FUND_DISPERSION,NONE,1,3,5,1,7,278461.93,0.042514,0.16845,ONE_TO_MANY,NORMAL
L10_002019,322,TRANSFER,56208.8,LD000404_S,1675413.75,1619204.95,LD000404_D4,391861.46,448070.26,0,0,L10_000404,LEGITIMATE_FUND_DISPERSION,NONE,1,4,5,3,7,278461.93,0.033549,0.14344,ONE_TO_MANY,NORMAL
L10_002020,324,TRANSFER,41254.0,LD000404_S,1619204.95,1577950.95,LD000404_D5,1267670.7,1308924.7,0,0,L10_000404,LEGITIMATE_FUND_DISPERSION,NONE,1,5,5,2,7,278461.93,0.025478,0.032543,ONE_TO_MANY,NORMAL
L10_002021,18,TRANSFER,67545.55,LD000405_S,2132601.22,2065055.67,LD000405_D1,916010.08,983555.63,0,0,L10_000405,LEGITIMATE_FUND_DISPERSION,NONE,1,1,5,0,10,319890.18,0.031673,0.073739,ONE_TO_MANY,NORMAL
L10_002022,21,TRANSFER,121214.66,LD000405_S,2065055.67,1943841.01,LD000405_D2,1085336.98,1206551.64,0,0,L10_000405,LEGITIMATE_FUND_DISPERSION,NONE,1,2,5,3,10,319890.18,0.058698,0.111684,ONE_TO_MANY,NORMAL
L10_002023,24,TRANSFER,17088.06,LD000405_S,1943841.01,1926752.95,LD000405_D3,606107.23,623195.29,0,0,L10_000405,LEGITIMATE_FUND_DISPERSION,NONE,1,3,5,3,10,319890.18,0.008791,0.028193,ONE_TO_MANY,NORMAL
L10_002024,25,TRANSFER,56319.34,LD000405_S,1926752.95,1870433.61,LD000405_D4,688612.46,744931.8,0,0,L10_000405,LEGITIMATE_FUND_DISPERSION,NONE,1,4,5,1,10,319890.18,0.02923,0.081787,ONE_TO_MANY,NORMAL
L10_002025,28,TRANSFER,57722.57,LD000405_S,1870433.61,1812711.04,LD000405_D5,887192.37,944914.94,0,0,L10_000405,LEGITIMATE_FUND_DISPERSION,NONE,1,5,5,3,10,319890.18,0.030861,0.065062,ONE_TO_MANY,NORMAL
L10_002026,61,TRANSFER,40691.9,LD000406_S,2377782.05,2337090.15,LD000406_D1,657850.53,698542.43,0,0,L10_000406,LEGITIMATE_FUND_DISPERSION,NONE,1,1,5,0,11,356667.32,0.017113,0.061856,ONE_TO_MANY,NORMAL
L10_002027,64,TRANSFER,30447.13,LD000406_S,2337090.15,2306643.02,LD000406_D2,941288.63,971735.76,0,0,L10_000406,LEGITIMATE_FUND_DISPERSION,NONE,1,2,5,3,11,356667.32,0.013028,0.032346,ONE_TO_MANY,NORMAL
L10_002028,66,TRANSFER,108200.52,LD000406_S,2306643.02,2198442.5,LD000406_D3,406546.37,514746.89,0,0,L10_000406,LEGITIMATE_FUND_DISPERSION,NONE,1,3,5,2,11,356667.32,0.046908,0.266146,ONE_TO_MANY,NORMAL
L10_002029,69,TRANSFER,152454.31,LD000406_S,2198442.5,2045988.19,LD000406_D4,820426.94,972881.25,0,0,L10_000406,LEGITIMATE_FUND_DISPERSION,NONE,1,4,5,3,11,356667.32,0.069347,0.185823,ONE_TO_MANY,NORMAL
L10_002030,72,TRANSFER,24873.46,LD000406_S,2045988.19,2021114.73,LD000406_D5,616130.25,641003.71,0,0,L10_000406,LEGITIMATE_FUND_DISPERSION,NONE,1,5,5,3,11,356667.32,0.012157,0.04037,ONE_TO_MANY,NORMAL
L10_002031,119,TRANSFER,49633.79,LD000407_S,1902761.11,1853127.32,LD000407_D1,719996.81,769630.6,0,0,L10_000407,LEGITIMATE_FUND_DISPERSION,NONE,1,1,5,0,7,285414.16,0.026085,0.068936,ONE_TO_MANY,NORMAL
L10_002032,122,TRANSFER,54252.17,LD000407_S,1853127.32,1798875.15,LD000407_D2,392033.05,446285.22,0,0,L10_000407,LEGITIMATE_FUND_DISPERSION,NONE,1,2,5,3,7,285414.16,0.029276,0.138387,ONE_TO_MANY,NORMAL
L10_002033,123,TRANSFER,17035.02,LD000407_S,1798875.15,1781840.13,LD000407_D3,572211.53,589246.55,0,0,L10_000407,LEGITIMATE_FUND_DISPERSION,NONE,1,3,5,1,7,285414.16,0.00947,0.02977,ONE_TO_MANY,NORMAL
L10_002034,124,TRANSFER,53131.56,LD000407_S,1781840.13,1728708.57,LD000407_D4,1191273.7,1244405.26,0,0,L10_000407,LEGITIMATE_FUND_DISPERSION,NONE,1,4,5,1,7,285414.16,0.029818,0.044601,ONE_TO_MANY,NORMAL
L10_002035,126,TRANSFER,111361.62,LD000407_S,1728708.57,1617346.95,LD000407_D5,1214513.04,1325874.66,0,0,L10_000407,LEGITIMATE_FUND_DISPERSION,NONE,1,5,5,2,7,285414.16,0.064419,0.091692,ONE_TO_MANY,NORMAL
L10_002036,693,TRANSFER,41739.86,LD000408_S,2224423.12,2182683.26,LD000408_D1,1015703.67,1057443.53,0,0,L10_000408,LEGITIMATE_FUND_DISPERSION,NONE,1,1,5,0,8,333663.48,0.018764,0.041095,ONE_TO_MANY,NORMAL
L10_002037,696,TRANSFER,35735.89,LD000408_S,2182683.26,2146947.37,LD000408_D2,643862.34,679598.23,0,0,L10_000408,LEGITIMATE_FUND_DISPERSION,NONE,1,2,5,3,8,333663.48,0.016372,0.055502,ONE_TO_MANY,NORMAL
L10_002038,698,TRANSFER,59023.9,LD000408_S,2146947.37,2087923.47,LD000408_D3,942916.29,1001940.19,0,0,L10_000408,LEGITIMATE_FUND_DISPERSION,NONE,1,3,5,2,8,333663.48,0.027492,0.062597,ONE_TO_MANY,NORMAL
L10_002039,699,TRANSFER,119343.3,LD000408_S,2087923.47,1968580.17,LD000408_D4,454579.76,573923.06,0,0,L10_000408,LEGITIMATE_FUND_DISPERSION,NONE,1,4,5,1,8,333663.48,0.057159,0.262535,ONE_TO_MANY,NORMAL
L10_002040,701,TRANSFER,77820.53,LD000408_S,1968580.17,1890759.64,LD000408_D5,408883.39,486703.92,0,0,L10_000408,LEGITIMATE_FUND_DISPERSION,NONE,1,5,5,2,8,333663.48,0.039531,0.190325,ONE_TO_MANY,NORMAL
L10_002041,82,TRANSFER,52906.66,LD000409_S,1566803.33,1513896.67,LD000409_D1,1052991.24,1105897.9,0,0,L10_000409,LEGITIMATE_FUND_DISPERSION,NONE,1,1,5,0,9,235020.49,0.033767,0.050244,ONE_TO_MANY,NORMAL
L10_002042,84,TRANSFER,54688.64,LD000409_S,1513896.67,1459208.03,LD000409_D2,563366.64,618055.28,0,0,L10_000409,LEGITIMATE_FUND_DISPERSION,NONE,1,2,5,2,9,235020.49,0.036124,0.097075,ONE_TO_MANY,NORMAL
L10_002043,87,TRANSFER,21350.65,LD000409_S,1459208.03,1437857.38,LD000409_D3,872728.24,894078.89,0,0,L10_000409,LEGITIMATE_FUND_DISPERSION,NONE,1,3,5,3,9,235020.49,0.014632,0.024464,ONE_TO_MANY,NORMAL
L10_002044,88,TRANSFER,57015.61,LD000409_S,1437857.38,1380841.77,LD000409_D4,758130.71,815146.32,0,0,L10_000409,LEGITIMATE_FUND_DISPERSION,NONE,1,4,5,1,9,235020.49,0.039653,0.075206,ONE_TO_MANY,NORMAL
L10_002045,91,TRANSFER,49058.93,LD000409_S,1380841.77,1331782.84,LD000409_D5,527408.31,576467.24,0,0,L10_000409,LEGITIMATE_FUND_DISPERSION,NONE,1,5,5,3,9,235020.49,0.035528,0.093019,ONE_TO_MANY,NORMAL
L10_002046,870,TRANSFER,23006.22,LD000410_S,1791242.0,1768235.78,LD000410_D1,923142.07,946148.29,0,0,L10_000410,LEGITIMATE_FUND_DISPERSION,NONE,1,1,5,0,4,268686.3,0.012844,0.024922,ONE_TO_MANY,NORMAL
L10_002047,871,TRANSFER,12169.55,LD000410_S,1768235.78,1756066.23,LD000410_D2,534649.25,546818.8,0,0,L10_000410,LEGITIMATE_FUND_DISPERSION,NONE,1,2,5,1,4,268686.3,0.006882,0.022762,ONE_TO_MANY,NORMAL
L10_002048,872,TRANSFER,83126.27,LD000410_S,1756066.23,1672939.96,LD000410_D3,998306.24,1081432.51,0,0,L10_000410,LEGITIMATE_FUND_DISPERSION,NONE,1,3,5,1,4,268686.3,0.047337,0.083267,ONE_TO_MANY,NORMAL
L10_002049,873,TRANSFER,66808.25,LD000410_S,1672939.96,1606131.71,LD000410_D4,580256.39,647064.64,0,0,L10_000410,LEGITIMATE_FUND_DISPERSION,NONE,1,4,5,1,4,268686.3,0.039935,0.115136,ONE_TO_MANY,NORMAL
L10_002050,874,TRANSFER,83576.01,LD000410_S,1606131.71,1522555.7,LD000410_D5,751134.44,834710.45,0,0,L10_000410,LEGITIMATE_FUND_DISPERSION,NONE,1,5,5,1,4,268686.3,0.052036,0.111266,ONE_TO_MANY,NORMAL
L10_002051,315,TRANSFER,47347.28,LD000411_S,1424860.44,1377513.16,LD000411_D1,1000532.03,1047879.31,0,0,L10_000411,LEGITIMATE_FUND_DISPERSION,NONE,1,1,5,0,9,213729.07,0.033229,0.047322,ONE_TO_MANY,NORMAL
L10_002052,316,TRANSFER,16604.6,LD000411_S,1377513.16,1360908.56,LD000411_D2,581307.99,597912.59,0,0,L10_000411,LEGITIMATE_FUND_DISPERSION,NONE,1,2,5,1,9,213729.07,0.012054,0.028564,ONE_TO_MANY,NORMAL
L10_002053,319,TRANSFER,54675.08,LD000411_S,1360908.56,1306233.48,LD000411_D3,498916.91,553591.99,0,0,L10_000411,LEGITIMATE_FUND_DISPERSION,NONE,1,3,5,3,9,213729.07,0.040175,0.109588,ONE_TO_MANY,NORMAL
L10_002054,322,TRANSFER,38531.39,LD000411_S,1306233.48,1267702.09,LD000411_D4,616477.62,655009.01,0,0,L10_000411,LEGITIMATE_FUND_DISPERSION,NONE,1,4,5,3,9,213729.07,0.029498,0.062502,ONE_TO_MANY,NORMAL
L10_002055,324,TRANSFER,56570.72,LD000411_S,1267702.09,1211131.37,LD000411_D5,1123822.73,1180393.45,0,0,L10_000411,LEGITIMATE_FUND_DISPERSION,NONE,1,5,5,2,9,213729.07,0.044625,0.050338,ONE_TO_MANY,NORMAL
L10_002056,485,TRANSFER,37912.82,LD000412_S,2506060.32,2468147.5,LD000412_D1,964068.14,1001980.96,0,0,L10_000412,LEGITIMATE_FUND_DISPERSION,NONE,1,1,5,0,10,375909.05,0.015128,0.039326,ONE_TO_MANY,NORMAL
L10_002057,486,TRANSFER,31677.66,LD000412_S,2468147.5,2436469.84,LD000412_D2,583072.41,614750.07,0,0,L10_000412,LEGITIMATE_FUND_DISPERSION,NONE,1,2,5,1,10,375909.05,0.012835,0.054329,ONE_TO_MANY,NORMAL
L10_002058,489,TRANSFER,126046.98,LD000412_S,2436469.84,2310422.86,LD000412_D3,1276534.99,1402581.97,0,0,L10_000412,LEGITIMATE_FUND_DISPERSION,NONE,1,3,5,3,10,375909.05,0.051733,0.098742,ONE_TO_MANY,NORMAL
L10_002059,492,TRANSFER,96142.16,LD000412_S,2310422.86,2214280.7,LD000412_D4,1191270.23,1287412.39,0,0,L10_000412,LEGITIMATE_FUND_DISPERSION,NONE,1,4,5,3,10,375909.05,0.041612,0.080706,ONE_TO_MANY,NORMAL
L10_002060,495,TRANSFER,84129.43,LD000412_S,2214280.7,2130151.27,LD000412_D5,725663.14,809792.57,0,0,L10_000412,LEGITIMATE_FUND_DISPERSION,NONE,1,5,5,3,10,375909.05,0.037994,0.115935,ONE_TO_MANY,NORMAL
L10_002061,145,TRANSFER,70712.33,LD000413_S,1733981.87,1663269.54,LD000413_D1,541896.02,612608.35,0,0,L10_000413,LEGITIMATE_FUND_DISPERSION,NONE,1,1,5,0,7,260097.29,0.04078,0.130491,ONE_TO_MANY,NORMAL
L10_002062,147,TRANSFER,71394.34,LD000413_S,1663269.54,1591875.2,LD000413_D2,514040.33,585434.67,0,0,L10_000413,LEGITIMATE_FUND_DISPERSION,NONE,1,2,5,2,7,260097.29,0.042924,0.138889,ONE_TO_MANY,NORMAL
L10_002063,148,TRANSFER,18823.62,LD000413_S,1591875.2,1573051.58,LD000413_D3,656287.18,675110.8,0,0,L10_000413,LEGITIMATE_FUND_DISPERSION,NONE,1,3,5,1,7,260097.29,0.011825,0.028682,ONE_TO_MANY,NORMAL
L10_002064,149,TRANSFER,61406.33,LD000413_S,1573051.58,1511645.25,LD000413_D4,532159.56,593565.89,0,0,L10_000413,LEGITIMATE_FUND_DISPERSION,NONE,1,4,5,1,7,260097.29,0.039036,0.115391,ONE_TO_MANY,NORMAL
L10_002065,152,TRANSFER,37760.67,LD000413_S,1511645.25,1473884.58,LD000413_D5,454811.1,492571.77,0,0,L10_000413,LEGITIMATE_FUND_DISPERSION,NONE,1,5,5,3,7,260097.29,0.02498,0.083025,ONE_TO_MANY,NORMAL
L10_002066,597,TRANSFER,75029.24,LD000414_S,2033489.28,1958460.04,LD000414_D1,802544.69,877573.93,0,0,L10_000414,LEGITIMATE_FUND_DISPERSION,NONE,1,1,5,0,10,305023.39,0.036897,0.093489,ONE_TO_MANY,NORMAL
L10_002067,600,TRANSFER,82338.68,LD000414_S,1958460.04,1876121.36,LD000414_D2,508497.04,590835.72,0,0,L10_000414,LEGITIMATE_FUND_DISPERSION,NONE,1,2,5,3,10,305023.39,0.042043,0.161926,ONE_TO_MANY,NORMAL
L10_002068,602,TRANSFER,39288.32,LD000414_S,1876121.36,1836833.04,LD000414_D3,1166935.49,1206223.81,0,0,L10_000414,LEGITIMATE_FUND_DISPERSION,NONE,1,3,5,2,10,305023.39,0.020941,0.033668,ONE_TO_MANY,NORMAL
L10_002069,605,TRANSFER,37244.35,LD000414_S,1836833.04,1799588.69,LD000414_D4,1272085.9,1309330.25,0,0,L10_000414,LEGITIMATE_FUND_DISPERSION,NONE,1,4,5,3,10,305023.39,0.020276,0.029278,ONE_TO_MANY,NORMAL
L10_002070,607,TRANSFER,71122.8,LD000414_S,1799588.69,1728465.89,LD000414_D5,430909.27,502032.07,0,0,L10_000414,LEGITIMATE_FUND_DISPERSION,NONE,1,5,5,2,10,305023.39,0.039522,0.165053,ONE_TO_MANY,NORMAL
L10_002071,894,TRANSFER,13729.45,LD000415_S,2077436.57,2063707.12,LD000415_D1,423236.03,436965.48,0,0,L10_000415,LEGITIMATE_FUND_DISPERSION,NONE,1,1,5,0,11,311615.49,0.006609,0.032439,ONE_TO_MANY,NORMAL
L10_002072,897,TRANSFER,112137.37,LD000415_S,2063707.12,1951569.75,LD000415_D2,653141.27,765278.64,0,0,L10_000415,LEGITIMATE_FUND_DISPERSION,NONE,1,2,5,3,11,311615.49,0.054338,0.171689,ONE_TO_MANY,NORMAL
L10_002073,899,TRANSFER,36775.15,LD000415_S,1951569.75,1914794.6,LD000415_D3,419491.93,456267.08,0,0,L10_000415,LEGITIMATE_FUND_DISPERSION,NONE,1,3,5,2,11,311615.49,0.018844,0.087666,ONE_TO_MANY,NORMAL
L10_002074,902,TRANSFER,102735.68,LD000415_S,1914794.6,1812058.92,LD000415_D4,460707.65,563443.33,0,0,L10_000415,LEGITIMATE_FUND_DISPERSION,NONE,1,4,5,3,11,311615.49,0.053654,0.222995,ONE_TO_MANY,NORMAL
L10_002075,905,TRANSFER,46237.84,LD000415_S,1812058.92,1765821.08,LD000415_D5,594737.08,640974.92,0,0,L10_000415,LEGITIMATE_FUND_DISPERSION,NONE,1,5,5,3,11,311615.49,0.025517,0.077745,ONE_TO_MANY,NORMAL
L10_002076,344,TRANSFER,54354.5,LD000416_S,1388992.73,1334638.23,LD000416_D1,390325.96,444680.46,0,0,L10_000416,LEGITIMATE_FUND_DISPERSION,NONE,1,1,5,0,7,208348.91,0.039132,0.139254,ONE_TO_MANY,NORMAL
L10_002077,346,TRANSFER,16130.79,LD000416_S,1334638.23,1318507.44,LD000416_D2,774518.25,790649.04,0,0,L10_000416,LEGITIMATE_FUND_DISPERSION,NONE,1,2,5,2,7,208348.91,0.012086,0.020827,ONE_TO_MANY,NORMAL
L10_002078,349,TRANSFER,45876.44,LD000416_S,1318507.44,1272631.0,LD000416_D3,900301.5,946177.94,0,0,L10_000416,LEGITIMATE_FUND_DISPERSION,NONE,1,3,5,3,7,208348.91,0.034794,0.050957,ONE_TO_MANY,NORMAL
L10_002079,350,TRANSFER,44975.27,LD000416_S,1272631.0,1227655.73,LD000416_D4,1195216.88,1240192.15,0,0,L10_000416,LEGITIMATE_FUND_DISPERSION,NONE,1,4,5,1,7,208348.91,0.03534,0.037629,ONE_TO_MANY,NORMAL
L10_002080,351,TRANSFER,47011.91,LD000416_S,1227655.73,1180643.82,LD000416_D5,388190.88,435202.79,0,0,L10_000416,LEGITIMATE_FUND_DISPERSION,NONE,1,5,5,1,7,208348.91,0.038294,0.121105,ONE_TO_MANY,NORMAL
L10_002081,798,TRANSFER,85717.11,LD000417_S,2500890.32,2415173.21,LD000417_D1,472896.21,558613.32,0,0,L10_000417,LEGITIMATE_FUND_DISPERSION,NONE,1,1,5,0,8,317276.38,0.034275,0.18126,ONE_TO_MANY,NORMAL
L10_002082,801,TRANSFER,36079.58,LD000417_S,2415173.21,2379093.63,LD000417_D2,875689.34,911768.92,0,0,L10_000417,LEGITIMATE_FUND_DISPERSION,NONE,1,2,5,3,8,317276.38,0.014939,0.041201,ONE_TO_MANY,NORMAL
L10_002083,802,TRANSFER,124820.63,LD000417_S,2379093.63,2254273.0,LD000417_D3,1144608.26,1269428.89,0,0,L10_000417,LEGITIMATE_FUND_DISPERSION,NONE,1,3,5,1,8,317276.38,0.052466,0.109051,ONE_TO_MANY,NORMAL
L10_002084,804,TRANSFER,53702.49,LD000417_S,2254273.0,2200570.51,LD000417_D4,965825.31,1019527.8,0,0,L10_000417,LEGITIMATE_FUND_DISPERSION,NONE,1,4,5,2,8,317276.38,0.023823,0.055603,ONE_TO_MANY,NORMAL
L10_002085,806,TRANSFER,16956.57,LD000417_S,2200570.51,2183613.94,LD000417_D5,1060349.12,1077305.69,0,0,L10_000417,LEGITIMATE_FUND_DISPERSION,NONE,1,5,5,2,8,317276.38,0.007706,0.015991,ONE_TO_MANY,NORMAL
L10_002086,899,TRANSFER,75259.06,LD000418_S,1948981.1,1873722.04,LD000418_D1,1216749.65,1292008.71,0,0,L10_000418,LEGITIMATE_FUND_DISPERSION,NONE,1,1,5,0,9,292347.17,0.038615,0.061853,ONE_TO_MANY,NORMAL
L10_002087,902,TRANSFER,59397.51,LD000418_S,1873722.04,1814324.53,LD000418_D2,476881.87,536279.38,0,0,L10_000418,LEGITIMATE_FUND_DISPERSION,NONE,1,2,5,3,9,292347.17,0.0317,0.124554,ONE_TO_MANY,NORMAL
L10_002088,905,TRANSFER,49745.37,LD000418_S,1814324.53,1764579.16,LD000418_D3,934538.18,984283.55,0,0,L10_000418,LEGITIMATE_FUND_DISPERSION,NONE,1,3,5,3,9,292347.17,0.027418,0.05323,ONE_TO_MANY,NORMAL
L10_002089,907,TRANSFER,65459.49,LD000418_S,1764579.16,1699119.67,LD000418_D4,602073.0,667532.49,0,0,L10_000418,LEGITIMATE_FUND_DISPERSION,NONE,1,4,5,2,9,292347.17,0.037096,0.108724,ONE_TO_MANY,NORMAL
L10_002090,908,TRANSFER,42485.74,LD000418_S,1699119.67,1656633.93,LD000418_D5,1118657.7,1161143.44,0,0,L10_000418,LEGITIMATE_FUND_DISPERSION,NONE,1,5,5,1,9,292347.17,0.025005,0.037979,ONE_TO_MANY,NORMAL
L10_002091,670,TRANSFER,44235.14,LD000419_S,2241514.93,2197279.79,LD000419_D1,738033.21,782268.35,0,0,L10_000419,LEGITIMATE_FUND_DISPERSION,NONE,1,1,5,0,8,278921.69,0.019734,0.059937,ONE_TO_MANY,NORMAL
L10_002092,671,TRANSFER,110694.43,LD000419_S,2197279.79,2086585.36,LD000419_D2,810833.26,921527.69,0,0,L10_000419,LEGITIMATE_FUND_DISPERSION,NONE,1,2,5,1,8,278921.69,0.050378,0.136519,ONE_TO_MANY,NORMAL
L10_002093,673,TRANSFER,23705.65,LD000419_S,2086585.36,2062879.71,LD000419_D3,1138540.73,1162246.38,0,0,L10_000419,LEGITIMATE_FUND_DISPERSION,NONE,1,3,5,2,8,278921.69,0.011361,0.020821,ONE_TO_MANY,NORMAL
L10_002094,675,TRANSFER,52681.23,LD000419_S,2062879.71,2010198.48,LD000419_D4,1253980.92,1306662.15,0,0,L10_000419,LEGITIMATE_FUND_DISPERSION,NONE,1,4,5,2,8,278921.69,0.025538,0.042011,ONE_TO_MANY,NORMAL
L10_002095,678,TRANSFER,47605.24,LD000419_S,2010198.48,1962593.24,LD000419_D5,853032.1,900637.34,0,0,L10_000419,LEGITIMATE_FUND_DISPERSION,NONE,1,5,5,3,8,278921.69,0.023682,0.055807,ONE_TO_MANY,NORMAL
L10_002096,270,TRANSFER,41626.83,LD000420_S,1624952.89,1583326.06,LD000420_D1,1213687.96,1255314.79,0,0,L10_000420,LEGITIMATE_FUND_DISPERSION,NONE,1,1,5,0,8,243742.93,0.025617,0.034298,ONE_TO_MANY,NORMAL
L10_002097,272,TRANSFER,65369.48,LD000420_S,1583326.06,1517956.58,LD000420_D2,566936.53,632306.01,0,0,L10_000420,LEGITIMATE_FUND_DISPERSION,NONE,1,2,5,2,8,243742.93,0.041286,0.115303,ONE_TO_MANY,NORMAL
L10_002098,273,TRANSFER,74142.04,LD000420_S,1517956.58,1443814.54,LD000420_D3,1221194.45,1295336.49,0,0,L10_000420,LEGITIMATE_FUND_DISPERSION,NONE,1,3,5,1,8,243742.93,0.048843,0.060713,ONE_TO_MANY,NORMAL
L10_002099,275,TRANSFER,45367.13,LD000420_S,1443814.54,1398447.41,LD000420_D4,1113173.62,1158540.75,0,0,L10_000420,LEGITIMATE_FUND_DISPERSION,NONE,1,4,5,2,8,243742.93,0.031422,0.040755,ONE_TO_MANY,NORMAL
L10_002100,278,TRANSFER,17237.45,LD000420_S,1398447.41,1381209.96,LD000420_D5,799389.83,816627.28,0,0,L10_000420,LEGITIMATE_FUND_DISPERSION,NONE,1,5,5,3,8,243742.93,0.012326,0.021563,ONE_TO_MANY,NORMAL
L10_002101,42,TRANSFER,67875.31,LD000421_S,1740292.04,1672416.73,LD000421_D1,653520.11,721395.42,0,0,L10_000421,LEGITIMATE_FUND_DISPERSION,NONE,1,1,5,0,10,261043.8,0.039002,0.103861,ONE_TO_MANY,NORMAL
L10_002102,45,TRANSFER,83453.48,LD000421_S,1672416.73,1588963.25,LD000421_D2,483324.41,566777.89,0,0,L10_000421,LEGITIMATE_FUND_DISPERSION,NONE,1,2,5,3,10,261043.8,0.0499,0.172666,ONE_TO_MANY,NORMAL
L10_002103,48,TRANSFER,12705.18,LD000421_S,1588963.25,1576258.07,LD000421_D3,1032746.95,1045452.13,0,0,L10_000421,LEGITIMATE_FUND_DISPERSION,NONE,1,3,5,3,10,261043.8,0.007996,0.012302,ONE_TO_MANY,NORMAL
L10_002104,51,TRANSFER,54250.03,LD000421_S,1576258.07,1522008.04,LD000421_D4,512236.5,566486.53,0,0,L10_000421,LEGITIMATE_FUND_DISPERSION,NONE,1,4,5,3,10,261043.8,0.034417,0.105908,ONE_TO_MANY,NORMAL
L10_002105,52,TRANSFER,42759.8,LD000421_S,1522008.04,1479248.24,LD000421_D5,1123134.8,1165894.6,0,0,L10_000421,LEGITIMATE_FUND_DISPERSION,NONE,1,5,5,1,10,261043.8,0.028094,0.038072,ONE_TO_MANY,NORMAL
L10_002106,704,TRANSFER,90081.42,LD000422_S,2312204.54,2222123.12,LD000422_D1,1169815.45,1259896.87,0,0,L10_000422,LEGITIMATE_FUND_DISPERSION,NONE,1,1,5,0,7,346830.67,0.038959,0.077005,ONE_TO_MANY,NORMAL
L10_002107,705,TRANSFER,104396.34,LD000422_S,2222123.12,2117726.78,LD000422_D2,962759.82,1067156.16,0,0,L10_000422,LEGITIMATE_FUND_DISPERSION,NONE,1,2,5,1,7,346830.67,0.04698,0.108434,ONE_TO_MANY,NORMAL
L10_002108,707,TRANSFER,44826.81,LD000422_S,2117726.78,2072899.97,LD000422_D3,1250453.55,1295280.36,0,0,L10_000422,LEGITIMATE_FUND_DISPERSION,NONE,1,3,5,2,7,346830.67,0.021167,0.035848,ONE_TO_MANY,NORMAL
L10_002109,708,TRANSFER,41141.06,LD000422_S,2072899.97,2031758.91,LD000422_D4,493714.48,534855.54,0,0,L10_000422,LEGITIMATE_FUND_DISPERSION,NONE,1,4,5,1,7,346830.67,0.019847,0.08333,ONE_TO_MANY,NORMAL
L10_002110,711,TRANSFER,66385.04,LD000422_S,2031758.91,1965373.87,LD000422_D5,730125.21,796510.25,0,0,L10_000422,LEGITIMATE_FUND_DISPERSION,NONE,1,5,5,3,7,346830.67,0.032674,0.090923,ONE_TO_MANY,NORMAL
L10_002111,673,TRANSFER,80380.51,LD000423_S,2013494.93,1933114.42,LD000423_D1,1165896.2,1246276.71,0,0,L10_000423,LEGITIMATE_FUND_DISPERSION,NONE,1,1,5,0,9,302024.23,0.039921,0.068943,ONE_TO_MANY,NORMAL
L10_002112,676,TRANSFER,31356.59,LD000423_S,1933114.42,1901757.83,LD000423_D2,893570.19,924926.78,0,0,L10_000423,LEGITIMATE_FUND_DISPERSION,NONE,1,2,5,3,9,302024.23,0.016221,0.035091,ONE_TO_MANY,NORMAL
L10_002113,678,TRANSFER,15958.91,LD000423_S,1901757.83,1885798.92,LD000423_D3,1232248.21,1248207.12,0,0,L10_000423,LEGITIMATE_FUND_DISPERSION,NONE,1,3,5,2,9,302024.23,0.008392,0.012951,ONE_TO_MANY,NORMAL
L10_002114,681,TRANSFER,89951.25,LD000423_S,1885798.92,1795847.67,LD000423_D4,439399.35,529350.6,0,0,L10_000423,LEGITIMATE_FUND_DISPERSION,NONE,1,4,5,3,9,302024.23,0.047699,0.204714,ONE_TO_MANY,NORMAL
L10_002115,682,TRANSFER,84376.97,LD000423_S,1795847.67,1711470.7,LD000423_D5,617392.0,701768.97,0,0,L10_000423,LEGITIMATE_FUND_DISPERSION,NONE,1,5,5,1,9,302024.23,0.046984,0.136667,ONE_TO_MANY,NORMAL
L10_002116,348,TRANSFER,38869.98,LD000424_S,1435458.3,1396588.32,LD000424_D1,734077.99,772947.97,0,0,L10_000424,LEGITIMATE_FUND_DISPERSION,NONE,1,1,5,0,7,215318.75,0.027078,0.052951,ONE_TO_MANY,NORMAL
L10_002117,349,TRANSFER,33115.73,LD000424_S,1396588.32,1363472.59,LD000424_D2,703171.73,736287.46,0,0,L10_000424,LEGITIMATE_FUND_DISPERSION,NONE,1,2,5,1,7,215318.75,0.023712,0.047095,ONE_TO_MANY,NORMAL
L10_002118,352,TRANSFER,46460.71,LD000424_S,1363472.59,1317011.88,LD000424_D3,405498.0,451958.71,0,0,L10_000424,LEGITIMATE_FUND_DISPERSION,NONE,1,3,5,3,7,215318.75,0.034075,0.114577,ONE_TO_MANY,NORMAL
L10_002119,354,TRANSFER,47950.86,LD000424_S,1317011.88,1269061.02,LD000424_D4,590397.57,638348.43,0,0,L10_000424,LEGITIMATE_FUND_DISPERSION,NONE,1,4,5,2,7,215318.75,0.036409,0.081218,ONE_TO_MANY,NORMAL
L10_002120,355,TRANSFER,48921.47,LD000424_S,1269061.02,1220139.55,LD000424_D5,650965.25,699886.72,0,0,L10_000424,LEGITIMATE_FUND_DISPERSION,NONE,1,5,5,1,7,215318.75,0.038549,0.075152,ONE_TO_MANY,NORMAL
L10_002121,872,TRANSFER,53228.22,LD000425_S,1663389.84,1610161.62,LD000425_D1,1110701.27,1163929.49,0,0,L10_000425,LEGITIMATE_FUND_DISPERSION,NONE,1,1,5,0,8,249508.48,0.032,0.047923,ONE_TO_MANY,NORMAL
L10_002122,875,TRANSFER,35249.1,LD000425_S,1610161.62,1574912.52,LD000425_D2,445820.3,481069.4,0,0,L10_000425,LEGITIMATE_FUND_DISPERSION,NONE,1,2,5,3,8,249508.48,0.021892,0.079066,ONE_TO_MANY,NORMAL
L10_002123,876,TRANSFER,54821.15,LD000425_S,1574912.52,1520091.37,LD000425_D3,407128.92,461950.07,0,0,L10_000425,LEGITIMATE_FUND_DISPERSION,NONE,1,3,5,1,8,249508.48,0.034809,0.134653,ONE_TO_MANY,NORMAL
L10_002124,879,TRANSFER,87396.35,LD000425_S,1520091.37,1432695.02,LD000425_D4,957775.04,1045171.39,0,0,L10_000425,LEGITIMATE_FUND_DISPERSION,NONE,1,4,5,3,8,249508.48,0.057494,0.091249,ONE_TO_MANY,NORMAL
L10_002125,880,TRANSFER,18813.66,LD000425_S,1432695.02,1413881.36,LD000425_D5,809476.29,828289.95,0,0,L10_000425,LEGITIMATE_FUND_DISPERSION,NONE,1,5,5,1,8,249508.48,0.013132,0.023242,ONE_TO_MANY,NORMAL
L10_002126,650,TRANSFER,118263.86,LD000426_S,2054142.67,1935878.81,LD000426_D1,1084919.29,1203183.15,0,0,L10_000426,LEGITIMATE_FUND_DISPERSION,NONE,1,1,5,0,7,308121.39,0.057573,0.109007,ONE_TO_MANY,NORMAL
L10_002127,651,TRANSFER,43276.96,LD000426_S,1935878.81,1892601.85,LD000426_D2,882289.93,925566.89,0,0,L10_000426,LEGITIMATE_FUND_DISPERSION,NONE,1,2,5,1,7,308121.39,0.022355,0.049051,ONE_TO_MANY,NORMAL
L10_002128,652,TRANSFER,106736.4,LD000426_S,1892601.85,1785865.45,LD000426_D3,1052197.33,1158933.73,0,0,L10_000426,LEGITIMATE_FUND_DISPERSION,NONE,1,3,5,1,7,308121.39,0.056397,0.101441,ONE_TO_MANY,NORMAL
L10_002129,654,TRANSFER,28746.95,LD000426_S,1785865.45,1757118.5,LD000426_D4,619227.71,647974.66,0,0,L10_000426,LEGITIMATE_FUND_DISPERSION,NONE,1,4,5,2,7,308121.39,0.016097,0.046424,ONE_TO_MANY,NORMAL
L10_002130,657,TRANSFER,11097.22,LD000426_S,1757118.5,1746021.28,LD000426_D5,1214465.88,1225563.1,0,0,L10_000426,LEGITIMATE_FUND_DISPERSION,NONE,1,5,5,3,7,308121.39,0.006316,0.009138,ONE_TO_MANY,NORMAL
L10_002131,276,TRANSFER,44905.07,LD000427_S,1941119.13,1896214.06,LD000427_D1,1137727.24,1182632.31,0,0,L10_000427,LEGITIMATE_FUND_DISPERSION,NONE,1,1,5,0,11,291167.87,0.023134,0.039469,ONE_TO_MANY,NORMAL
L10_002132,279,TRANSFER,82758.1,LD000427_S,1896214.06,1813455.96,LD000427_D2,545614.7,628372.8,0,0,L10_000427,LEGITIMATE_FUND_DISPERSION,NONE,1,2,5,3,11,291167.87,0.043644,0.151679,ONE_TO_MANY,NORMAL
L10_002133,282,TRANSFER,55135.88,LD000427_S,1813455.96,1758320.08,LD000427_D3,578183.28,633319.16,0,0,L10_000427,LEGITIMATE_FUND_DISPERSION,NONE,1,3,5,3,11,291167.87,0.030404,0.095361,ONE_TO_MANY,NORMAL
L10_002134,284,TRANSFER,74847.38,LD000427_S,1758320.08,1683472.7,LD000427_D4,1034895.36,1109742.74,0,0,L10_000427,LEGITIMATE_FUND_DISPERSION,NONE,1,4,5,2,11,291167.87,0.042568,0.072324,ONE_TO_MANY,NORMAL
L10_002135,287,TRANSFER,33521.44,LD000427_S,1683472.7,1649951.26,LD000427_D5,1067227.17,1100748.61,0,0,L10_000427,LEGITIMATE_FUND_DISPERSION,NONE,1,5,5,3,11,291167.87,0.019912,0.03141,ONE_TO_MANY,NORMAL
L10_002136,765,TRANSFER,34002.51,LD000428_S,1934892.75,1900890.24,LD000428_D1,740761.22,774763.73,0,0,L10_000428,LEGITIMATE_FUND_DISPERSION,NONE,1,1,5,0,10,282795.8,0.017573,0.045902,ONE_TO_MANY,NORMAL
L10_002137,766,TRANSFER,58855.12,LD000428_S,1900890.24,1842035.12,LD000428_D2,774754.42,833609.54,0,0,L10_000428,LEGITIMATE_FUND_DISPERSION,NONE,1,2,5,1,10,282795.8,0.030962,0.075966,ONE_TO_MANY,NORMAL
L10_002138,769,TRANSFER,25430.64,LD000428_S,1842035.12,1816604.48,LD000428_D3,571374.32,596804.96,0,0,L10_000428,LEGITIMATE_FUND_DISPERSION,NONE,1,3,5,3,10,282795.8,0.013806,0.044508,ONE_TO_MANY,NORMAL
L10_002139,772,TRANSFER,66622.06,LD000428_S,1816604.48,1749982.42,LD000428_D4,1074064.69,1140686.75,0,0,L10_000428,LEGITIMATE_FUND_DISPERSION,NONE,1,4,5,3,10,282795.8,0.036674,0.062028,ONE_TO_MANY,NORMAL
L10_002140,775,TRANSFER,97885.47,LD000428_S,1749982.42,1652096.95,LD000428_D5,472686.77,570572.24,0,0,L10_000428,LEGITIMATE_FUND_DISPERSION,NONE,1,5,5,3,10,282795.8,0.055935,0.207083,ONE_TO_MANY,NORMAL
L10_002141,542,TRANSFER,40652.75,LD000429_S,1555163.97,1514511.22,LD000429_D1,529778.15,570430.9,0,0,L10_000429,LEGITIMATE_FUND_DISPERSION,NONE,1,1,5,0,8,233274.6,0.02614,0.076735,ONE_TO_MANY,NORMAL
L10_002142,545,TRANSFER,56969.57,LD000429_S,1514511.22,1457541.65,LD000429_D2,1092959.7,1149929.27,0,0,L10_000429,LEGITIMATE_FUND_DISPERSION,NONE,1,2,5,3,8,233274.6,0.037616,0.052124,ONE_TO_MANY,NORMAL
L10_002143,546,TRANSFER,51790.66,LD000429_S,1457541.65,1405750.99,LD000429_D3,546099.13,597889.79,0,0,L10_000429,LEGITIMATE_FUND_DISPERSION,NONE,1,3,5,1,8,233274.6,0.035533,0.094837,ONE_TO_MANY,NORMAL
L10_002144,548,TRANSFER,39791.22,LD000429_S,1405750.99,1365959.77,LD000429_D4,1249784.91,1289576.13,0,0,L10_000429,LEGITIMATE_FUND_DISPERSION,NONE,1,4,5,2,8,233274.6,0.028306,0.031838,ONE_TO_MANY,NORMAL
L10_002145,550,TRANSFER,44070.4,LD000429_S,1365959.77,1321889.37,LD000429_D5,982735.86,1026806.26,0,0,L10_000429,LEGITIMATE_FUND_DISPERSION,NONE,1,5,5,2,8,233274.6,0.032263,0.044845,ONE_TO_MANY,NORMAL
L10_002146,315,TRANSFER,64367.07,LD000430_S,1627398.1,1563031.03,LD000430_D1,447045.61,511412.68,0,0,L10_000430,LEGITIMATE_FUND_DISPERSION,NONE,1,1,5,0,11,244109.71,0.039552,0.143983,ONE_TO_MANY,NORMAL
L10_002147,317,TRANSFER,16640.83,LD000430_S,1563031.03,1546390.2,LD000430_D2,405093.08,421733.91,0,0,L10_000430,LEGITIMATE_FUND_DISPERSION,NONE,1,2,5,2,11,244109.71,0.010647,0.041079,ONE_TO_MANY,NORMAL
L10_002148,320,TRANSFER,50782.19,LD000430_S,1546390.2,1495608.01,LD000430_D3,931523.85,982306.04,0,0,L10_000430,LEGITIMATE_FUND_DISPERSION,NONE,1,3,5,3,11,244109.71,0.032839,0.054515,ONE_TO_MANY,NORMAL
L10_002149,323,TRANSFER,37839.38,LD000430_S,1495608.01,1457768.63,LD000430_D4,466514.34,504353.72,0,0,L10_000430,LEGITIMATE_FUND_DISPERSION,NONE,1,4,5,3,11,244109.71,0.0253,0.081111,ONE_TO_MANY,NORMAL
L10_002150,326,TRANSFER,74480.24,LD000430_S,1457768.63,1383288.39,LD000430_D5,604888.45,679368.69,0,0,L10_000430,LEGITIMATE_FUND_DISPERSION,NONE,1,5,5,3,11,244109.71,0.051092,0.123131,ONE_TO_MANY,NORMAL
L10_002151,182,TRANSFER,9154.19,LD000431_S,1455427.35,1446273.16,LD000431_D1,920245.69,929399.88,0,0,L10_000431,LEGITIMATE_FUND_DISPERSION,NONE,1,1,5,0,7,218314.1,0.00629,0.009948,ONE_TO_MANY,NORMAL
L10_002152,184,TRANSFER,60283.82,LD000431_S,1446273.16,1385989.34,LD000431_D2,1012394.77,1072678.59,0,0,L10_000431,LEGITIMATE_FUND_DISPERSION,NONE,1,2,5,2,7,218314.1,0.041682,0.059546,ONE_TO_MANY,NORMAL
L10_002153,186,TRANSFER,39178.13,LD000431_S,1385989.34,1346811.21,LD000431_D3,644581.49,683759.62,0,0,L10_000431,LEGITIMATE_FUND_DISPERSION,NONE,1,3,5,2,7,218314.1,0.028267,0.060781,ONE_TO_MANY,NORMAL
L10_002154,188,TRANSFER,41482.96,LD000431_S,1346811.21,1305328.25,LD000431_D4,1125896.63,1167379.59,0,0,L10_000431,LEGITIMATE_FUND_DISPERSION,NONE,1,4,5,2,7,218314.1,0.030801,0.036844,ONE_TO_MANY,NORMAL
L10_002155,189,TRANSFER,68215.0,LD000431_S,1305328.25,1237113.25,LD000431_D5,458313.32,526528.32,0,0,L10_000431,LEGITIMATE_FUND_DISPERSION,NONE,1,5,5,1,7,218314.1,0.052259,0.148839,ONE_TO_MANY,NORMAL
L10_002156,642,TRANSFER,93784.3,LD000432_S,2180605.15,2086820.85,LD000432_D1,680729.8,774514.1,0,0,L10_000432,LEGITIMATE_FUND_DISPERSION,NONE,1,1,5,0,12,327090.78,0.043008,0.13777,ONE_TO_MANY,NORMAL
L10_002157,645,TRANSFER,80090.82,LD000432_S,2086820.85,2006730.03,LD000432_D2,1093265.95,1173356.77,0,0,L10_000432,LEGITIMATE_FUND_DISPERSION,NONE,1,2,5,3,12,327090.78,0.038379,0.073258,ONE_TO_MANY,NORMAL
L10_002158,648,TRANSFER,13036.4,LD000432_S,2006730.03,1993693.63,LD000432_D3,759999.25,773035.65,0,0,L10_000432,LEGITIMATE_FUND_DISPERSION,NONE,1,3,5,3,12,327090.78,0.006496,0.017153,ONE_TO_MANY,NORMAL
L10_002159,651,TRANSFER,51877.11,LD000432_S,1993693.63,1941816.52,LD000432_D4,561157.97,613035.08,0,0,L10_000432,LEGITIMATE_FUND_DISPERSION,NONE,1,4,5,3,12,327090.78,0.026021,0.092447,ONE_TO_MANY,NORMAL
L10_002160,654,TRANSFER,88302.15,LD000432_S,1941816.52,1853514.37,LD000432_D5,1229595.53,1317897.68,0,0,L10_000432,LEGITIMATE_FUND_DISPERSION,NONE,1,5,5,3,12,327090.78,0.045474,0.071814,ONE_TO_MANY,NORMAL
L10_002161,571,TRANSFER,67013.11,LD000433_S,1904578.26,1837565.15,LD000433_D1,962452.51,1029465.62,0,0,L10_000433,LEGITIMATE_FUND_DISPERSION,NONE,1,1,5,0,10,285686.73,0.035185,0.069627,ONE_TO_MANY,NORMAL
L10_002162,572,TRANSFER,48120.85,LD000433_S,1837565.15,1789444.3,LD000433_D2,1205310.25,1253431.1,0,0,L10_000433,LEGITIMATE_FUND_DISPERSION,NONE,1,2,5,1,10,285686.73,0.026187,0.039924,ONE_TO_MANY,NORMAL
L10_002163,575,TRANSFER,62789.23,LD000433_S,1789444.3,1726655.07,LD000433_D3,453255.43,516044.66,0,0,L10_000433,LEGITIMATE_FUND_DISPERSION,NONE,1,3,5,3,10,285686.73,0.035089,0.138529,ONE_TO_MANY,NORMAL
L10_002164,578,TRANSFER,61917.68,LD000433_S,1726655.07,1664737.39,LD000433_D4,562829.07,624746.75,0,0,L10_000433,LEGITIMATE_FUND_DISPERSION,NONE,1,4,5,3,10,285686.73,0.03586,0.110012,ONE_TO_MANY,NORMAL
L10_002165,581,TRANSFER,45845.86,LD000433_S,1664737.39,1618891.53,LD000433_D5,647459.14,693305.0,0,0,L10_000433,LEGITIMATE_FUND_DISPERSION,NONE,1,5,5,3,10,285686.73,0.027539,0.070809,ONE_TO_MANY,NORMAL
L10_002166,755,TRANSFER,36317.05,LD000434_S,1366449.1,1330132.05,LD000434_D1,501065.23,537382.28,0,0,L10_000434,LEGITIMATE_FUND_DISPERSION,NONE,1,1,5,0,12,204967.36,0.026578,0.07248,ONE_TO_MANY,NORMAL
L10_002167,758,TRANSFER,52846.37,LD000434_S,1330132.05,1277285.68,LD000434_D2,672888.66,725735.03,0,0,L10_000434,LEGITIMATE_FUND_DISPERSION,NONE,1,2,5,3,12,204967.36,0.03973,0.078537,ONE_TO_MANY,NORMAL
L10_002168,761,TRANSFER,17880.86,LD000434_S,1277285.68,1259404.82,LD000434_D3,1262967.67,1280848.53,0,0,L10_000434,LEGITIMATE_FUND_DISPERSION,NONE,1,3,5,3,12,204967.36,0.013999,0.014158,ONE_TO_MANY,NORMAL
L10_002169,764,TRANSFER,69147.59,LD000434_S,1259404.82,1190257.23,LD000434_D4,1012166.53,1081314.12,0,0,L10_000434,LEGITIMATE_FUND_DISPERSION,NONE,1,4,5,3,12,204967.36,0.054905,0.068316,ONE_TO_MANY,NORMAL
L10_002170,767,TRANSFER,28775.49,LD000434_S,1190257.23,1161481.74,LD000434_D5,661955.02,690730.51,0,0,L10_000434,LEGITIMATE_FUND_DISPERSION,NONE,1,5,5,3,12,204967.36,0.024176,0.04347,ONE_TO_MANY,NORMAL
L10_002171,707,TRANSFER,10901.08,LD000435_S,1487696.45,1476795.37,LD000435_D1,1120081.42,1130982.5,0,0,L10_000435,LEGITIMATE_FUND_DISPERSION,NONE,1,1,5,0,6,223154.48,0.007327,0.009732,ONE_TO_MANY,NORMAL
L10_002172,709,TRANSFER,58288.36,LD000435_S,1476795.37,1418507.01,LD000435_D2,1000842.71,1059131.07,0,0,L10_000435,LEGITIMATE_FUND_DISPERSION,NONE,1,2,5,2,6,223154.48,0.039469,0.058239,ONE_TO_MANY,NORMAL
L10_002173,711,TRANSFER,63015.73,LD000435_S,1418507.01,1355491.28,LD000435_D3,727082.81,790098.54,0,0,L10_000435,LEGITIMATE_FUND_DISPERSION,NONE,1,3,5,2,6,223154.48,0.044424,0.086669,ONE_TO_MANY,NORMAL
L10_002174,712,TRANSFER,58278.64,LD000435_S,1355491.28,1297212.64,LD000435_D4,1157836.35,1216114.99,0,0,L10_000435,LEGITIMATE_FUND_DISPERSION,NONE,1,4,5,1,6,223154.48,0.042994,0.050334,ONE_TO_MANY,NORMAL
L10_002175,713,TRANSFER,32670.67,LD000435_S,1297212.64,1264541.97,LD000435_D5,1034877.7,1067548.37,0,0,L10_000435,LEGITIMATE_FUND_DISPERSION,NONE,1,5,5,1,6,223154.48,0.025185,0.03157,ONE_TO_MANY,NORMAL
L10_002176,49,TRANSFER,30659.55,LD000436_S,1294491.31,1263831.76,LD000436_D1,439887.57,470547.12,0,0,L10_000436,LEGITIMATE_FUND_DISPERSION,NONE,1,1,5,0,8,194173.7,0.023685,0.069699,ONE_TO_MANY,NORMAL
L10_002177,50,TRANSFER,26058.36,LD000436_S,1263831.76,1237773.4,LD000436_D2,716731.15,742789.51,0,0,L10_000436,LEGITIMATE_FUND_DISPERSION,NONE,1,2,5,1,8,194173.7,0.020619,0.036357,ONE_TO_MANY,NORMAL
L10_002178,53,TRANSFER,67827.09,LD000436_S,1237773.4,1169946.31,LD000436_D3,695722.79,763549.88,0,0,L10_000436,LEGITIMATE_FUND_DISPERSION,NONE,1,3,5,3,8,194173.7,0.054798,0.097492,ONE_TO_MANY,NORMAL
L10_002179,56,TRANSFER,20681.88,LD000436_S,1169946.31,1149264.43,LD000436_D4,439569.73,460251.61,0,0,L10_000436,LEGITIMATE_FUND_DISPERSION,NONE,1,4,5,3,8,194173.7,0.017678,0.04705,ONE_TO_MANY,NORMAL
L10_002180,57,TRANSFER,48946.82,LD000436_S,1149264.43,1100317.61,LD000436_D5,897696.59,946643.41,0,0,L10_000436,LEGITIMATE_FUND_DISPERSION,NONE,1,5,5,1,8,194173.7,0.04259,0.054525,ONE_TO_MANY,NORMAL
L10_002181,139,TRANSFER,63360.57,LD000437_S,1518414.51,1455053.94,LD000437_D1,1093528.91,1156889.48,0,0,L10_000437,LEGITIMATE_FUND_DISPERSION,NONE,1,1,5,0,9,227762.18,0.041728,0.057941,ONE_TO_MANY,NORMAL
L10_002182,141,TRANSFER,76229.21,LD000437_S,1455053.94,1378824.73,LD000437_D2,1035126.39,1111355.6,0,0,L10_000437,LEGITIMATE_FUND_DISPERSION,NONE,1,2,5,2,9,227762.18,0.052389,0.073642,ONE_TO_MANY,NORMAL
L10_002183,143,TRANSFER,14379.76,LD000437_S,1378824.73,1364444.97,LD000437_D3,791909.52,806289.28,0,0,L10_000437,LEGITIMATE_FUND_DISPERSION,NONE,1,3,5,2,9,227762.18,0.010429,0.018158,ONE_TO_MANY,NORMAL
L10_002184,145,TRANSFER,44188.97,LD000437_S,1364444.97,1320256.0,LD000437_D4,996570.59,1040759.56,0,0,L10_000437,LEGITIMATE_FUND_DISPERSION,NONE,1,4,5,2,9,227762.18,0.032386,0.044341,ONE_TO_MANY,NORMAL
L10_002185,148,TRANSFER,29603.67,LD000437_S,1320256.0,1290652.33,LD000437_D5,1060031.62,1089635.29,0,0,L10_000437,LEGITIMATE_FUND_DISPERSION,NONE,1,5,5,3,9,227762.18,0.022423,0.027927,ONE_TO_MANY,NORMAL
L10_002186,81,TRANSFER,47476.21,LD000438_S,1572317.61,1524841.4,LD000438_D1,881047.37,928523.58,0,0,L10_000438,LEGITIMATE_FUND_DISPERSION,NONE,1,1,5,0,8,235847.65,0.030195,0.053886,ONE_TO_MANY,NORMAL
L10_002187,84,TRANSFER,37557.62,LD000438_S,1524841.4,1487283.78,LD000438_D2,862208.83,899766.45,0,0,L10_000438,LEGITIMATE_FUND_DISPERSION,NONE,1,2,5,3,8,235847.65,0.024631,0.04356,ONE_TO_MANY,NORMAL
L10_002188,85,TRANSFER,27388.0,LD000438_S,1487283.78,1459895.78,LD000438_D3,527432.27,554820.27,0,0,L10_000438,LEGITIMATE_FUND_DISPERSION,NONE,1,3,5,1,8,235847.65,0.018415,0.051927,ONE_TO_MANY,NORMAL
L10_002189,87,TRANSFER,29816.04,LD000438_S,1459895.78,1430079.74,LD000438_D4,1120644.41,1150460.45,0,0,L10_000438,LEGITIMATE_FUND_DISPERSION,NONE,1,4,5,2,8,235847.65,0.020423,0.026606,ONE_TO_MANY,NORMAL
L10_002190,89,TRANSFER,93609.78,LD000438_S,1430079.74,1336469.96,LD000438_D5,567960.3,661570.08,0,0,L10_000438,LEGITIMATE_FUND_DISPERSION,NONE,1,5,5,2,8,235847.65,0.065458,0.164817,ONE_TO_MANY,NORMAL
L10_002191,891,TRANSFER,77117.13,LD000439_S,1951994.33,1874877.2,LD000439_D1,1014826.87,1091944.0,0,0,L10_000439,LEGITIMATE_FUND_DISPERSION,NONE,1,1,5,0,7,292799.15,0.039507,0.07599,ONE_TO_MANY,NORMAL
L10_002192,893,TRANSFER,53661.35,LD000439_S,1874877.2,1821215.85,LD000439_D2,1162478.36,1216139.71,0,0,L10_000439,LEGITIMATE_FUND_DISPERSION,NONE,1,2,5,2,7,292799.15,0.028621,0.046161,ONE_TO_MANY,NORMAL
L10_002193,895,TRANSFER,64295.04,LD000439_S,1821215.85,1756920.81,LD000439_D3,434627.11,498922.15,0,0,L10_000439,LEGITIMATE_FUND_DISPERSION,NONE,1,3,5,2,7,292799.15,0.035303,0.147931,ONE_TO_MANY,NORMAL
L10_002194,896,TRANSFER,65115.97,LD000439_S,1756920.81,1691804.84,LD000439_D4,993173.94,1058289.91,0,0,L10_000439,LEGITIMATE_FUND_DISPERSION,NONE,1,4,5,1,7,292799.15,0.037063,0.065564,ONE_TO_MANY,NORMAL
L10_002195,898,TRANSFER,32609.66,LD000439_S,1691804.84,1659195.18,LD000439_D5,1108578.21,1141187.87,0,0,L10_000439,LEGITIMATE_FUND_DISPERSION,NONE,1,5,5,2,7,292799.15,0.019275,0.029416,ONE_TO_MANY,NORMAL
L10_002196,610,TRANSFER,52630.57,LD000440_S,1938310.59,1885680.02,LD000440_D1,724958.94,777589.51,0,0,L10_000440,LEGITIMATE_FUND_DISPERSION,NONE,1,1,5,0,5,237271.17,0.027153,0.072598,ONE_TO_MANY,NORMAL
L10_002197,611,TRANSFER,39300.87,LD000440_S,1885680.02,1846379.15,LD000440_D2,791348.6,830649.47,0,0,L10_000440,LEGITIMATE_FUND_DISPERSION,NONE,1,2,5,1,5,237271.17,0.020842,0.049663,ONE_TO_MANY,NORMAL
L10_002198,612,TRANSFER,45733.4,LD000440_S,1846379.15,1800645.75,LD000440_D3,934762.24,980495.64,0,0,L10_000440,LEGITIMATE_FUND_DISPERSION,NONE,1,3,5,1,5,237271.17,0.024769,0.048925,ONE_TO_MANY,NORMAL
L10_002199,614,TRANSFER,32139.69,LD000440_S,1800645.75,1768506.06,LD000440_D4,990579.56,1022719.25,0,0,L10_000440,LEGITIMATE_FUND_DISPERSION,NONE,1,4,5,2,5,237271.17,0.017849,0.032445,ONE_TO_MANY,NORMAL
L10_002200,615,TRANSFER,67466.64,LD000440_S,1768506.06,1701039.42,LD000440_D5,398375.63,465842.27,0,0,L10_000440,LEGITIMATE_FUND_DISPERSION,NONE,1,5,5,1,5,237271.17,0.038149,0.169354,ONE_TO_MANY,NORMAL
L10_002201,881,TRANSFER,34211.83,LD000441_S,1297751.14,1263539.31,LD000441_D1,641645.74,675857.57,0,0,L10_000441,LEGITIMATE_FUND_DISPERSION,NONE,1,1,5,0,8,194662.68,0.026362,0.053319,ONE_TO_MANY,NORMAL
L10_002202,883,TRANSFER,63528.24,LD000441_S,1263539.31,1200011.07,LD000441_D2,703067.61,766595.85,0,0,L10_000441,LEGITIMATE_FUND_DISPERSION,NONE,1,2,5,2,8,194662.68,0.050278,0.090359,ONE_TO_MANY,NORMAL
L10_002203,885,TRANSFER,23987.15,LD000441_S,1200011.07,1176023.92,LD000441_D3,788271.75,812258.9,0,0,L10_000441,LEGITIMATE_FUND_DISPERSION,NONE,1,3,5,2,8,194662.68,0.019989,0.03043,ONE_TO_MANY,NORMAL
L10_002204,887,TRANSFER,42082.91,LD000441_S,1176023.92,1133941.01,LD000441_D4,1186064.1,1228147.01,0,0,L10_000441,LEGITIMATE_FUND_DISPERSION,NONE,1,4,5,2,8,194662.68,0.035784,0.035481,ONE_TO_MANY,NORMAL
L10_002205,889,TRANSFER,30852.55,LD000441_S,1133941.01,1103088.46,LD000441_D5,599985.3,630837.85,0,0,L10_000441,LEGITIMATE_FUND_DISPERSION,NONE,1,5,5,2,8,194662.68,0.027208,0.051422,ONE_TO_MANY,NORMAL
L10_002206,888,TRANSFER,100534.61,LD000442_S,2524851.7,2424317.09,LD000442_D1,542524.37,643058.98,0,0,L10_000442,LEGITIMATE_FUND_DISPERSION,NONE,1,1,5,0,8,378727.76,0.039818,0.185309,ONE_TO_MANY,NORMAL
L10_002207,891,TRANSFER,65552.88,LD000442_S,2424317.09,2358764.21,LD000442_D2,694234.75,759787.63,0,0,L10_000442,LEGITIMATE_FUND_DISPERSION,NONE,1,2,5,3,8,378727.76,0.02704,0.094425,ONE_TO_MANY,NORMAL
L10_002208,894,TRANSFER,112932.24,LD000442_S,2358764.21,2245831.97,LD000442_D3,854550.93,967483.17,0,0,L10_000442,LEGITIMATE_FUND_DISPERSION,NONE,1,3,5,3,8,378727.76,0.047878,0.132154,ONE_TO_MANY,NORMAL
L10_002209,895,TRANSFER,80838.57,LD000442_S,2245831.97,2164993.4,LD000442_D4,505126.08,585964.65,0,0,L10_000442,LEGITIMATE_FUND_DISPERSION,NONE,1,4,5,1,8,378727.76,0.035995,0.160036,ONE_TO_MANY,NORMAL
L10_002210,896,TRANSFER,18869.46,LD000442_S,2164993.4,2146123.94,LD000442_D5,1224754.36,1243623.82,0,0,L10_000442,LEGITIMATE_FUND_DISPERSION,NONE,1,5,5,1,8,378727.76,0.008716,0.015407,ONE_TO_MANY,NORMAL
L10_002211,235,TRANSFER,75896.33,LD000443_S,2280071.45,2204175.12,LD000443_D1,934299.44,1010195.77,0,0,L10_000443,LEGITIMATE_FUND_DISPERSION,NONE,1,1,5,0,8,342010.72,0.033287,0.081233,ONE_TO_MANY,NORMAL
L10_002212,237,TRANSFER,52163.0,LD000443_S,2204175.12,2152012.12,LD000443_D2,1223058.31,1275221.31,0,0,L10_000443,LEGITIMATE_FUND_DISPERSION,NONE,1,2,5,2,8,342010.72,0.023666,0.04265,ONE_TO_MANY,NORMAL
L10_002213,239,TRANSFER,65096.46,LD000443_S,2152012.12,2086915.66,LD000443_D3,521649.46,586745.92,0,0,L10_000443,LEGITIMATE_FUND_DISPERSION,NONE,1,3,5,2,8,342010.72,0.030249,0.12479,ONE_TO_MANY,NORMAL
L10_002214,241,TRANSFER,82226.63,LD000443_S,2086915.66,2004689.03,LD000443_D4,1057107.17,1139333.8,0,0,L10_000443,LEGITIMATE_FUND_DISPERSION,NONE,1,4,5,2,8,342010.72,0.039401,0.077785,ONE_TO_MANY,NORMAL
L10_002215,243,TRANSFER,66628.3,LD000443_S,2004689.03,1938060.73,LD000443_D5,956219.41,1022847.71,0,0,L10_000443,LEGITIMATE_FUND_DISPERSION,NONE,1,5,5,2,8,342010.72,0.033236,0.069679,ONE_TO_MANY,NORMAL
L10_002216,769,TRANSFER,15468.79,LD000444_S,2408436.64,2392967.85,LD000444_D1,1214788.27,1230257.06,0,0,L10_000444,LEGITIMATE_FUND_DISPERSION,NONE,1,1,5,0,8,361265.51,0.006423,0.012734,ONE_TO_MANY,NORMAL
L10_002217,772,TRANSFER,91630.22,LD000444_S,2392967.85,2301337.63,LD000444_D2,451581.81,543212.03,0,0,L10_000444,LEGITIMATE_FUND_DISPERSION,NONE,1,2,5,3,8,361265.51,0.038291,0.202909,ONE_TO_MANY,NORMAL
L10_002218,774,TRANSFER,68691.86,LD000444_S,2301337.63,2232645.77,LD000444_D3,526083.12,594774.98,0,0,L10_000444,LEGITIMATE_FUND_DISPERSION,NONE,1,3,5,2,8,361265.51,0.029849,0.130572,ONE_TO_MANY,NORMAL
L10_002219,776,TRANSFER,46359.39,LD000444_S,2232645.77,2186286.38,LD000444_D4,471746.48,518105.87,0,0,L10_000444,LEGITIMATE_FUND_DISPERSION,NONE,1,4,5,2,8,361265.51,0.020764,0.098272,ONE_TO_MANY,NORMAL
L10_002220,777,TRANSFER,139115.25,LD000444_S,2186286.38,2047171.13,LD000444_D5,1259270.66,1398385.91,0,0,L10_000444,LEGITIMATE_FUND_DISPERSION,NONE,1,5,5,1,8,361265.51,0.063631,0.110473,ONE_TO_MANY,NORMAL
L10_002221,321,TRANSFER,26751.35,LD000445_S,1695710.9,1668959.55,LD000445_D1,436562.67,463314.02,0,0,L10_000445,LEGITIMATE_FUND_DISPERSION,NONE,1,1,5,0,5,254356.64,0.015776,0.061277,ONE_TO_MANY,NORMAL
L10_002222,322,TRANSFER,13007.8,LD000445_S,1668959.55,1655951.75,LD000445_D2,1157224.82,1170232.62,0,0,L10_000445,LEGITIMATE_FUND_DISPERSION,NONE,1,2,5,1,5,254356.64,0.007794,0.011241,ONE_TO_MANY,NORMAL
L10_002223,324,TRANSFER,67490.05,LD000445_S,1655951.75,1588461.7,LD000445_D3,1269587.65,1337077.7,0,0,L10_000445,LEGITIMATE_FUND_DISPERSION,NONE,1,3,5,2,5,254356.64,0.040756,0.053159,ONE_TO_MANY,NORMAL
L10_002224,325,TRANSFER,91139.19,LD000445_S,1588461.7,1497322.51,LD000445_D4,1192958.91,1284098.1,0,0,L10_000445,LEGITIMATE_FUND_DISPERSION,NONE,1,4,5,1,5,254356.64,0.057376,0.076398,ONE_TO_MANY,NORMAL
L10_002225,326,TRANSFER,55968.25,LD000445_S,1497322.51,1441354.26,LD000445_D5,685506.45,741474.7,0,0,L10_000445,LEGITIMATE_FUND_DISPERSION,NONE,1,5,5,1,5,254356.64,0.037379,0.081645,ONE_TO_MANY,NORMAL
L10_002226,761,TRANSFER,7838.01,LD000446_S,1709110.03,1701272.02,LD000446_D1,1151861.8,1159699.81,0,0,L10_000446,LEGITIMATE_FUND_DISPERSION,NONE,1,1,5,0,7,256366.5,0.004586,0.006805,ONE_TO_MANY,NORMAL
L10_002227,763,TRANSFER,63099.93,LD000446_S,1701272.02,1638172.09,LD000446_D2,431790.19,494890.12,0,0,L10_000446,LEGITIMATE_FUND_DISPERSION,NONE,1,2,5,2,7,256366.5,0.03709,0.146136,ONE_TO_MANY,NORMAL
L10_002228,766,TRANSFER,49140.27,LD000446_S,1638172.09,1589031.82,LD000446_D3,565941.79,615082.06,0,0,L10_000446,LEGITIMATE_FUND_DISPERSION,NONE,1,3,5,3,7,256366.5,0.029997,0.086829,ONE_TO_MANY,NORMAL
L10_002229,767,TRANSFER,86756.69,LD000446_S,1589031.82,1502275.13,LD000446_D4,806624.67,893381.36,0,0,L10_000446,LEGITIMATE_FUND_DISPERSION,NONE,1,4,5,1,7,256366.5,0.054597,0.107555,ONE_TO_MANY,NORMAL
L10_002230,768,TRANSFER,49531.6,LD000446_S,1502275.13,1452743.53,LD000446_D5,1251913.47,1301445.07,0,0,L10_000446,LEGITIMATE_FUND_DISPERSION,NONE,1,5,5,1,7,256366.5,0.032971,0.039565,ONE_TO_MANY,NORMAL
L10_002231,409,TRANSFER,58689.01,LD000447_S,1586700.02,1528011.01,LD000447_D1,692896.2,751585.21,0,0,L10_000447,LEGITIMATE_FUND_DISPERSION,NONE,1,1,5,0,11,238005.0,0.036988,0.084701,ONE_TO_MANY,NORMAL
L10_002232,412,TRANSFER,13917.14,LD000447_S,1528011.01,1514093.87,LD000447_D2,1011882.23,1025799.37,0,0,L10_000447,LEGITIMATE_FUND_DISPERSION,NONE,1,2,5,3,11,238005.0,0.009108,0.013754,ONE_TO_MANY,NORMAL
L10_002233,414,TRANSFER,46461.14,LD000447_S,1514093.87,1467632.73,LD000447_D3,622421.32,668882.46,0,0,L10_000447,LEGITIMATE_FUND_DISPERSION,NONE,1,3,5,2,11,238005.0,0.030686,0.074646,ONE_TO_MANY,NORMAL
L10_002234,417,TRANSFER,59144.84,LD000447_S,1467632.73,1408487.89,LD000447_D4,1129848.47,1188993.31,0,0,L10_000447,LEGITIMATE_FUND_DISPERSION,NONE,1,4,5,3,11,238005.0,0.040299,0.052348,ONE_TO_MANY,NORMAL
L10_002235,420,TRANSFER,59792.87,LD000447_S,1408487.89,1348695.02,LD000447_D5,1028262.7,1088055.57,0,0,L10_000447,LEGITIMATE_FUND_DISPERSION,NONE,1,5,5,3,11,238005.0,0.042452,0.058149,ONE_TO_MANY,NORMAL
L10_002236,705,TRANSFER,118803.87,LD000448_S,1745414.19,1626610.32,LD000448_D1,1243929.22,1362733.09,0,0,L10_000448,LEGITIMATE_FUND_DISPERSION,NONE,1,1,5,0,11,261812.12,0.068066,0.095507,ONE_TO_MANY,NORMAL
L10_002237,708,TRANSFER,18391.54,LD000448_S,1626610.32,1608218.78,LD000448_D2,672598.47,690990.01,0,0,L10_000448,LEGITIMATE_FUND_DISPERSION,NONE,1,2,5,3,11,261812.12,0.011307,0.027344,ONE_TO_MANY,NORMAL
L10_002238,711,TRANSFER,11160.65,LD000448_S,1608218.78,1597058.13,LD000448_D3,805814.97,816975.62,0,0,L10_000448,LEGITIMATE_FUND_DISPERSION,NONE,1,3,5,3,11,261812.12,0.00694,0.01385,ONE_TO_MANY,NORMAL
L10_002239,714,TRANSFER,20555.85,LD000448_S,1597058.13,1576502.28,LD000448_D4,847179.32,867735.17,0,0,L10_000448,LEGITIMATE_FUND_DISPERSION,NONE,1,4,5,3,11,261812.12,0.012871,0.024264,ONE_TO_MANY,NORMAL
L10_002240,716,TRANSFER,92900.21,LD000448_S,1576502.28,1483602.07,LD000448_D5,525329.54,618229.75,0,0,L10_000448,LEGITIMATE_FUND_DISPERSION,NONE,1,5,5,2,11,261812.12,0.058928,0.176842,ONE_TO_MANY,NORMAL
L10_002241,274,TRANSFER,68823.05,LD000449_S,1665861.57,1597038.52,LD000449_D1,395870.41,464693.46,0,0,L10_000449,LEGITIMATE_FUND_DISPERSION,NONE,1,1,5,0,10,249879.22,0.041314,0.173852,ONE_TO_MANY,NORMAL
L10_002242,277,TRANSFER,70871.52,LD000449_S,1597038.52,1526167.0,LD000449_D2,940862.01,1011733.53,0,0,L10_000449,LEGITIMATE_FUND_DISPERSION,NONE,1,2,5,3,10,249879.22,0.044377,0.075326,ONE_TO_MANY,NORMAL
L10_002243,280,TRANSFER,34709.14,LD000449_S,1526167.0,1491457.86,LD000449_D3,1242521.22,1277230.36,0,0,L10_000449,LEGITIMATE_FUND_DISPERSION,NONE,1,3,5,3,10,249879.22,0.022743,0.027934,ONE_TO_MANY,NORMAL
L10_002244,281,TRANSFER,8176.03,LD000449_S,1491457.86,1483281.83,LD000449_D4,938102.26,946278.29,0,0,L10_000449,LEGITIMATE_FUND_DISPERSION,NONE,1,4,5,1,10,249879.22,0.005482,0.008715,ONE_TO_MANY,NORMAL
L10_002245,284,TRANSFER,67299.48,LD000449_S,1483281.83,1415982.35,LD000449_D5,951302.76,1018602.24,0,0,L10_000449,LEGITIMATE_FUND_DISPERSION,NONE,1,5,5,3,10,249879.22,0.045372,0.070745,ONE_TO_MANY,NORMAL
L10_002246,277,TRANSFER,100469.0,LD000450_S,2127516.12,2027047.12,LD000450_D1,1026000.9,1126469.9,0,0,L10_000450,LEGITIMATE_FUND_DISPERSION,NONE,1,1,5,0,10,319127.42,0.047224,0.097923,ONE_TO_MANY,NORMAL
L10_002247,280,TRANSFER,64472.55,LD000450_S,2027047.12,1962574.57,LD000450_D2,407847.21,472319.76,0,0,L10_000450,LEGITIMATE_FUND_DISPERSION,NONE,1,2,5,3,10,319127.42,0.031806,0.15808,ONE_TO_MANY,NORMAL
L10_002248,283,TRANSFER,32962.25,LD000450_S,1962574.57,1929612.32,LD000450_D3,1228765.43,1261727.68,0,0,L10_000450,LEGITIMATE_FUND_DISPERSION,NONE,1,3,5,3,10,319127.42,0.016795,0.026826,ONE_TO_MANY,NORMAL
L10_002249,286,TRANSFER,69788.75,LD000450_S,1929612.32,1859823.57,LD000450_D4,776984.37,846773.12,0,0,L10_000450,LEGITIMATE_FUND_DISPERSION,NONE,1,4,5,3,10,319127.42,0.036167,0.08982,ONE_TO_MANY,NORMAL
L10_002250,287,TRANSFER,51434.87,LD000450_S,1859823.57,1808388.7,LD000450_D5,401431.87,452866.74,0,0,L10_000450,LEGITIMATE_FUND_DISPERSION,NONE,1,5,5,1,10,319127.42,0.027656,0.128129,ONE_TO_MANY,NORMAL
L10_002251,192,TRANSFER,60327.82,LD000451_S,1649558.99,1589231.17,LD000451_D1,597506.9,657834.72,0,0,L10_000451,LEGITIMATE_FUND_DISPERSION,NONE,1,1,5,0,5,247433.85,0.036572,0.100966,ONE_TO_MANY,NORMAL
L10_002252,194,TRANSFER,44687.52,LD000451_S,1589231.17,1544543.65,LD000451_D2,414513.3,459200.82,0,0,L10_000451,LEGITIMATE_FUND_DISPERSION,NONE,1,2,5,2,5,247433.85,0.028119,0.107807,ONE_TO_MANY,NORMAL
L10_002253,195,TRANSFER,27189.89,LD000451_S,1544543.65,1517353.76,LD000451_D3,1085511.34,1112701.23,0,0,L10_000451,LEGITIMATE_FUND_DISPERSION,NONE,1,3,5,1,5,247433.85,0.017604,0.025048,ONE_TO_MANY,NORMAL
L10_002254,196,TRANSFER,59723.96,LD000451_S,1517353.76,1457629.8,LD000451_D4,881096.08,940820.04,0,0,L10_000451,LEGITIMATE_FUND_DISPERSION,NONE,1,4,5,1,5,247433.85,0.039361,0.067784,ONE_TO_MANY,NORMAL
L10_002255,197,TRANSFER,55504.66,LD000451_S,1457629.8,1402125.14,LD000451_D5,1147001.41,1202506.07,0,0,L10_000451,LEGITIMATE_FUND_DISPERSION,NONE,1,5,5,1,5,247433.85,0.038079,0.048391,ONE_TO_MANY,NORMAL
L10_002256,278,TRANSFER,49245.7,LD000452_S,2387380.85,2338135.15,LD000452_D1,749334.82,798580.52,0,0,L10_000452,LEGITIMATE_FUND_DISPERSION,NONE,1,1,5,0,10,358107.13,0.020628,0.065719,ONE_TO_MANY,NORMAL
L10_002257,281,TRANSFER,23520.39,LD000452_S,2338135.15,2314614.76,LD000452_D2,460037.98,483558.37,0,0,L10_000452,LEGITIMATE_FUND_DISPERSION,NONE,1,2,5,3,10,358107.13,0.010059,0.051127,ONE_TO_MANY,NORMAL
L10_002258,283,TRANSFER,23304.59,LD000452_S,2314614.76,2291310.17,LD000452_D3,1161252.32,1184556.91,0,0,L10_000452,LEGITIMATE_FUND_DISPERSION,NONE,1,3,5,2,10,358107.13,0.010068,0.020068,ONE_TO_MANY,NORMAL
L10_002259,286,TRANSFER,144856.92,LD000452_S,2291310.17,2146453.25,LD000452_D4,506694.1,651551.02,0,0,L10_000452,LEGITIMATE_FUND_DISPERSION,NONE,1,4,5,3,10,358107.13,0.06322,0.285886,ONE_TO_MANY,NORMAL
L10_002260,288,TRANSFER,117179.53,LD000452_S,2146453.25,2029273.72,LD000452_D5,990719.63,1107899.16,0,0,L10_000452,LEGITIMATE_FUND_DISPERSION,NONE,1,5,5,2,10,358107.13,0.054592,0.118277,ONE_TO_MANY,NORMAL
L10_002261,734,TRANSFER,95517.72,LD000453_S,1343355.14,1247837.42,LD000453_D1,836830.38,932348.1,0,0,L10_000453,LEGITIMATE_FUND_DISPERSION,NONE,1,1,5,0,9,201503.28,0.071104,0.114142,ONE_TO_MANY,NORMAL
L10_002262,737,TRANSFER,31333.38,LD000453_S,1247837.42,1216504.04,LD000453_D2,593549.84,624883.22,0,0,L10_000453,LEGITIMATE_FUND_DISPERSION,NONE,1,2,5,3,9,201503.28,0.02511,0.05279,ONE_TO_MANY,NORMAL
L10_002263,739,TRANSFER,19524.46,LD000453_S,1216504.04,1196979.58,LD000453_D3,770212.94,789737.4,0,0,L10_000453,LEGITIMATE_FUND_DISPERSION,NONE,1,3,5,2,9,201503.28,0.01605,0.025349,ONE_TO_MANY,NORMAL
L10_002264,741,TRANSFER,34061.59,LD000453_S,1196979.58,1162917.99,LD000453_D4,642240.55,676302.14,0,0,L10_000453,LEGITIMATE_FUND_DISPERSION,NONE,1,4,5,2,9,201503.28,0.028456,0.053036,ONE_TO_MANY,NORMAL
L10_002265,743,TRANSFER,21066.13,LD000453_S,1162917.99,1141851.86,LD000453_D5,403091.91,424158.04,0,0,L10_000453,LEGITIMATE_FUND_DISPERSION,NONE,1,5,5,2,9,201503.28,0.018115,0.052261,ONE_TO_MANY,NORMAL
L10_002266,778,TRANSFER,62942.93,LD000454_S,1652157.66,1589214.73,LD000454_D1,494757.11,557700.04,0,0,L10_000454,LEGITIMATE_FUND_DISPERSION,NONE,1,1,5,0,6,247823.65,0.038097,0.12722,ONE_TO_MANY,NORMAL
L10_002267,780,TRANSFER,23051.48,LD000454_S,1589214.73,1566163.25,LD000454_D2,594093.82,617145.3,0,0,L10_000454,LEGITIMATE_FUND_DISPERSION,NONE,1,2,5,2,6,247823.65,0.014505,0.038801,ONE_TO_MANY,NORMAL
L10_002268,781,TRANSFER,88970.41,LD000454_S,1566163.25,1477192.84,LD000454_D3,803741.87,892712.28,0,0,L10_000454,LEGITIMATE_FUND_DISPERSION,NONE,1,3,5,1,6,247823.65,0.056808,0.110695,ONE_TO_MANY,NORMAL
L10_002269,782,TRANSFER,14058.92,LD000454_S,1477192.84,1463133.92,LD000454_D4,501151.75,515210.67,0,0,L10_000454,LEGITIMATE_FUND_DISPERSION,NONE,1,4,5,1,6,247823.65,0.009517,0.028053,ONE_TO_MANY,NORMAL
L10_002270,784,TRANSFER,58799.91,LD000454_S,1463133.92,1404334.01,LD000454_D5,823553.86,882353.77,0,0,L10_000454,LEGITIMATE_FUND_DISPERSION,NONE,1,5,5,2,6,247823.65,0.040188,0.071398,ONE_TO_MANY,NORMAL
L10_002271,794,TRANSFER,58366.9,LD000455_S,1532832.77,1474465.87,LD000455_D1,1132798.46,1191165.36,0,0,L10_000455,LEGITIMATE_FUND_DISPERSION,NONE,1,1,5,0,8,229924.91,0.038078,0.051525,ONE_TO_MANY,NORMAL
L10_002272,797,TRANSFER,55472.76,LD000455_S,1474465.87,1418993.11,LD000455_D2,915831.71,971304.47,0,0,L10_000455,LEGITIMATE_FUND_DISPERSION,NONE,1,2,5,3,8,229924.91,0.037622,0.060571,ONE_TO_MANY,NORMAL
L10_002273,798,TRANSFER,17905.55,LD000455_S,1418993.11,1401087.56,LD000455_D3,988231.96,1006137.51,0,0,L10_000455,LEGITIMATE_FUND_DISPERSION,NONE,1,3,5,1,8,229924.91,0.012618,0.018119,ONE_TO_MANY,NORMAL
L10_002274,799,TRANSFER,84207.29,LD000455_S,1401087.56,1316880.27,LD000455_D4,516506.11,600713.4,0,0,L10_000455,LEGITIMATE_FUND_DISPERSION,NONE,1,4,5,1,8,229924.91,0.060101,0.163033,ONE_TO_MANY,NORMAL
L10_002275,802,TRANSFER,13972.41,LD000455_S,1316880.27,1302907.86,LD000455_D5,1209867.0,1223839.41,0,0,L10_000455,LEGITIMATE_FUND_DISPERSION,NONE,1,5,5,3,8,229924.91,0.01061,0.011549,ONE_TO_MANY,NORMAL
L10_002276,97,TRANSFER,31896.87,LD000456_S,1355801.72,1323904.85,LD000456_D1,976779.44,1008676.31,0,0,L10_000456,LEGITIMATE_FUND_DISPERSION,NONE,1,1,5,0,5,203370.27,0.023526,0.032655,ONE_TO_MANY,NORMAL
L10_002277,98,TRANSFER,24898.05,LD000456_S,1323904.85,1299006.8,LD000456_D2,990756.16,1015654.21,0,0,L10_000456,LEGITIMATE_FUND_DISPERSION,NONE,1,2,5,1,5,203370.27,0.018807,0.02513,ONE_TO_MANY,NORMAL
L10_002278,99,TRANSFER,50533.69,LD000456_S,1299006.8,1248473.11,LD000456_D3,388366.92,438900.61,0,0,L10_000456,LEGITIMATE_FUND_DISPERSION,NONE,1,3,5,1,5,203370.27,0.038902,0.130118,ONE_TO_MANY,NORMAL
L10_002279,101,TRANSFER,34838.86,LD000456_S,1248473.11,1213634.25,LD000456_D4,919616.75,954455.61,0,0,L10_000456,LEGITIMATE_FUND_DISPERSION,NONE,1,4,5,2,5,203370.27,0.027905,0.037884,ONE_TO_MANY,NORMAL
L10_002280,102,TRANSFER,61202.8,LD000456_S,1213634.25,1152431.45,LD000456_D5,998495.54,1059698.34,0,0,L10_000456,LEGITIMATE_FUND_DISPERSION,NONE,1,5,5,1,5,203370.27,0.050429,0.061295,ONE_TO_MANY,NORMAL
L10_002281,392,TRANSFER,36576.73,LD000457_S,2451119.74,2414543.01,LD000457_D1,732159.83,768736.56,0,0,L10_000457,LEGITIMATE_FUND_DISPERSION,NONE,1,1,5,0,8,278996.5,0.014922,0.049957,ONE_TO_MANY,NORMAL
L10_002282,395,TRANSFER,21767.45,LD000457_S,2414543.01,2392775.56,LD000457_D2,898637.05,920404.5,0,0,L10_000457,LEGITIMATE_FUND_DISPERSION,NONE,1,2,5,3,8,278996.5,0.009015,0.024223,ONE_TO_MANY,NORMAL
L10_002283,396,TRANSFER,105362.42,LD000457_S,2392775.56,2287413.14,LD000457_D3,1191385.39,1296747.81,0,0,L10_000457,LEGITIMATE_FUND_DISPERSION,NONE,1,3,5,1,8,278996.5,0.044034,0.088437,ONE_TO_MANY,NORMAL
L10_002284,399,TRANSFER,61421.75,LD000457_S,2287413.14,2225991.39,LD000457_D4,658718.66,720140.41,0,0,L10_000457,LEGITIMATE_FUND_DISPERSION,NONE,1,4,5,3,8,278996.5,0.026852,0.093244,ONE_TO_MANY,NORMAL
L10_002285,400,TRANSFER,53868.15,LD000457_S,2225991.39,2172123.24,LD000457_D5,448145.71,502013.86,0,0,L10_000457,LEGITIMATE_FUND_DISPERSION,NONE,1,5,5,1,8,278996.5,0.0242,0.120202,ONE_TO_MANY,NORMAL
L10_002286,778,TRANSFER,80948.4,LD000458_S,2091967.01,2011018.61,LD000458_D1,1156140.06,1237088.46,0,0,L10_000458,LEGITIMATE_FUND_DISPERSION,NONE,1,1,5,0,6,313795.05,0.038695,0.070016,ONE_TO_MANY,NORMAL
L10_002287,779,TRANSFER,94818.75,LD000458_S,2011018.61,1916199.86,LD000458_D2,1244904.14,1339722.89,0,0,L10_000458,LEGITIMATE_FUND_DISPERSION,NONE,1,2,5,1,6,313795.05,0.04715,0.076166,ONE_TO_MANY,NORMAL
L10_002288,781,TRANSFER,35996.41,LD000458_S,1916199.86,1880203.45,LD000458_D3,674680.37,710676.78,0,0,L10_000458,LEGITIMATE_FUND_DISPERSION,NONE,1,3,5,2,6,313795.05,0.018785,0.053353,ONE_TO_MANY,NORMAL
L10_002289,782,TRANSFER,52056.68,LD000458_S,1880203.45,1828146.77,LD000458_D4,827974.45,880031.13,0,0,L10_000458,LEGITIMATE_FUND_DISPERSION,NONE,1,4,5,1,6,313795.05,0.027687,0.062872,ONE_TO_MANY,NORMAL
L10_002290,784,TRANSFER,49974.81,LD000458_S,1828146.77,1778171.96,LD000458_D5,1113030.67,1163005.48,0,0,L10_000458,LEGITIMATE_FUND_DISPERSION,NONE,1,5,5,2,6,313795.05,0.027336,0.0449,ONE_TO_MANY,NORMAL
L10_002291,643,TRANSFER,58022.39,LD000459_S,1947561.8,1889539.41,LD000459_D1,781581.73,839604.12,0,0,L10_000459,LEGITIMATE_FUND_DISPERSION,NONE,1,1,5,0,7,292134.28,0.029792,0.074237,ONE_TO_MANY,NORMAL
L10_002292,646,TRANSFER,56135.21,LD000459_S,1889539.41,1833404.2,LD000459_D2,407867.45,464002.66,0,0,L10_000459,LEGITIMATE_FUND_DISPERSION,NONE,1,2,5,3,7,292134.28,0.029708,0.137631,ONE_TO_MANY,NORMAL
L10_002293,648,TRANSFER,102956.02,LD000459_S,1833404.2,1730448.18,LD000459_D3,1138755.7,1241711.72,0,0,L10_000459,LEGITIMATE_FUND_DISPERSION,NONE,1,3,5,2,7,292134.28,0.056156,0.090411,ONE_TO_MANY,NORMAL
L10_002294,649,TRANSFER,21496.91,LD000459_S,1730448.18,1708951.27,LD000459_D4,467715.9,489212.81,0,0,L10_000459,LEGITIMATE_FUND_DISPERSION,NONE,1,4,5,1,7,292134.28,0.012423,0.045961,ONE_TO_MANY,NORMAL
L10_002295,650,TRANSFER,53523.75,LD000459_S,1708951.27,1655427.52,LD000459_D5,527517.98,581041.73,0,0,L10_000459,LEGITIMATE_FUND_DISPERSION,NONE,1,5,5,1,7,292134.28,0.03132,0.101463,ONE_TO_MANY,NORMAL
L10_002296,25,TRANSFER,33346.58,LD000460_S,1683800.29,1650453.71,LD000460_D1,702502.69,735849.27,0,0,L10_000460,LEGITIMATE_FUND_DISPERSION,NONE,1,1,5,0,10,252570.03,0.019804,0.047468,ONE_TO_MANY,NORMAL
L10_002297,27,TRANSFER,44179.06,LD000460_S,1650453.71,1606274.65,LD000460_D2,922615.15,966794.21,0,0,L10_000460,LEGITIMATE_FUND_DISPERSION,NONE,1,2,5,2,10,252570.03,0.026768,0.047885,ONE_TO_MANY,NORMAL
L10_002298,30,TRANSFER,74606.08,LD000460_S,1606274.65,1531668.57,LD000460_D3,490598.49,565204.57,0,0,L10_000460,LEGITIMATE_FUND_DISPERSION,NONE,1,3,5,3,10,252570.03,0.046447,0.152072,ONE_TO_MANY,NORMAL
L10_002299,32,TRANSFER,9035.15,LD000460_S,1531668.57,1522633.42,LD000460_D4,459221.71,468256.86,0,0,L10_000460,LEGITIMATE_FUND_DISPERSION,NONE,1,4,5,2,10,252570.03,0.005899,0.019675,ONE_TO_MANY,NORMAL
L10_002300,35,TRANSFER,91403.16,LD000460_S,1522633.42,1431230.26,LD000460_D5,1232969.11,1324372.27,0,0,L10_000460,LEGITIMATE_FUND_DISPERSION,NONE,1,5,5,3,10,252570.03,0.06003,0.074133,ONE_TO_MANY,NORMAL
L10_002301,285,TRANSFER,62017.29,LD000461_S,2205630.72,2143613.43,LD000461_D1,1086051.39,1148068.68,0,0,L10_000461,LEGITIMATE_FUND_DISPERSION,NONE,1,1,5,0,5,306956.14,0.028118,0.057103,ONE_TO_MANY,NORMAL
L10_002302,286,TRANSFER,50832.77,LD000461_S,2143613.43,2092780.66,LD000461_D2,935615.46,986448.23,0,0,L10_000461,LEGITIMATE_FUND_DISPERSION,NONE,1,2,5,1,5,306956.14,0.023714,0.054331,ONE_TO_MANY,NORMAL
L10_002303,287,TRANSFER,107621.67,LD000461_S,2092780.66,1985158.99,LD000461_D3,832866.54,940488.21,0,0,L10_000461,LEGITIMATE_FUND_DISPERSION,NONE,1,3,5,1,5,306956.14,0.051425,0.129218,ONE_TO_MANY,NORMAL
L10_002304,289,TRANSFER,66083.37,LD000461_S,1985158.99,1919075.62,LD000461_D4,1221006.56,1287089.93,0,0,L10_000461,LEGITIMATE_FUND_DISPERSION,NONE,1,4,5,2,5,306956.14,0.033289,0.054122,ONE_TO_MANY,NORMAL
L10_002305,290,TRANSFER,20401.04,LD000461_S,1919075.62,1898674.58,LD000461_D5,998538.99,1018940.03,0,0,L10_000461,LEGITIMATE_FUND_DISPERSION,NONE,1,5,5,1,5,306956.14,0.010631,0.020431,ONE_TO_MANY,NORMAL
L10_002306,614,TRANSFER,13902.98,LD000462_S,2143038.49,2129135.51,LD000462_D1,1261778.41,1275681.39,0,0,L10_000462,LEGITIMATE_FUND_DISPERSION,NONE,1,1,5,0,11,321455.78,0.006488,0.011019,ONE_TO_MANY,NORMAL
L10_002307,617,TRANSFER,77955.71,LD000462_S,2129135.51,2051179.8,LD000462_D2,707655.6,785611.31,0,0,L10_000462,LEGITIMATE_FUND_DISPERSION,NONE,1,2,5,3,11,321455.78,0.036614,0.110161,ONE_TO_MANY,NORMAL
L10_002308,620,TRANSFER,63657.18,LD000462_S,2051179.8,1987522.62,LD000462_D3,820325.63,883982.81,0,0,L10_000462,LEGITIMATE_FUND_DISPERSION,NONE,1,3,5,3,11,321455.78,0.031034,0.0776,ONE_TO_MANY,NORMAL
L10_002309,622,TRANSFER,94861.05,LD000462_S,1987522.62,1892661.57,LD000462_D4,1148931.45,1243792.5,0,0,L10_000462,LEGITIMATE_FUND_DISPERSION,NONE,1,4,5,2,11,321455.78,0.047728,0.082565,ONE_TO_MANY,NORMAL
L10_002310,625,TRANSFER,71078.86,LD000462_S,1892661.57,1821582.71,LD000462_D5,448249.66,519328.52,0,0,L10_000462,LEGITIMATE_FUND_DISPERSION,NONE,1,5,5,3,11,321455.78,0.037555,0.15857,ONE_TO_MANY,NORMAL
L10_002311,23,TRANSFER,40796.45,LD000463_S,1978683.03,1937886.58,LD000463_D1,1002268.25,1043064.7,0,0,L10_000463,LEGITIMATE_FUND_DISPERSION,NONE,1,1,5,0,5,296802.45,0.020618,0.040704,ONE_TO_MANY,NORMAL
L10_002312,25,TRANSFER,80767.56,LD000463_S,1937886.58,1857119.02,LD000463_D2,990194.54,1070962.1,0,0,L10_000463,LEGITIMATE_FUND_DISPERSION,NONE,1,2,5,2,5,296802.45,0.041678,0.081567,ONE_TO_MANY,NORMAL
L10_002313,26,TRANSFER,39557.32,LD000463_S,1857119.02,1817561.7,LD000463_D3,864395.0,903952.32,0,0,L10_000463,LEGITIMATE_FUND_DISPERSION,NONE,1,3,5,1,5,296802.45,0.0213,0.045763,ONE_TO_MANY,NORMAL
L10_002314,27,TRANSFER,116204.31,LD000463_S,1817561.7,1701357.39,LD000463_D4,969619.27,1085823.58,0,0,L10_000463,LEGITIMATE_FUND_DISPERSION,NONE,1,4,5,1,5,296802.45,0.063934,0.119845,ONE_TO_MANY,NORMAL
L10_002315,28,TRANSFER,19476.81,LD000463_S,1701357.39,1681880.58,LD000463_D5,696243.06,715719.87,0,0,L10_000463,LEGITIMATE_FUND_DISPERSION,NONE,1,5,5,1,5,296802.45,0.011448,0.027974,ONE_TO_MANY,NORMAL
L10_002316,877,TRANSFER,93211.64,LD000464_S,2047213.21,1954001.57,LD000464_D1,1257510.38,1350722.02,0,0,L10_000464,LEGITIMATE_FUND_DISPERSION,NONE,1,1,5,0,10,307081.98,0.045531,0.074124,ONE_TO_MANY,NORMAL
L10_002317,878,TRANSFER,37280.37,LD000464_S,1954001.57,1916721.2,LD000464_D2,446203.75,483484.12,0,0,L10_000464,LEGITIMATE_FUND_DISPERSION,NONE,1,2,5,1,10,307081.98,0.019079,0.08355,ONE_TO_MANY,NORMAL
L10_002318,881,TRANSFER,63539.54,LD000464_S,1916721.2,1853181.66,LD000464_D3,534030.21,597569.75,0,0,L10_000464,LEGITIMATE_FUND_DISPERSION,NONE,1,3,5,3,10,307081.98,0.03315,0.118981,ONE_TO_MANY,NORMAL
L10_002319,884,TRANSFER,38051.99,LD000464_S,1853181.66,1815129.67,LD000464_D4,855480.09,893532.08,0,0,L10_000464,LEGITIMATE_FUND_DISPERSION,NONE,1,4,5,3,10,307081.98,0.020533,0.04448,ONE_TO_MANY,NORMAL
L10_002320,887,TRANSFER,74998.44,LD000464_S,1815129.67,1740131.23,LD000464_D5,1081632.75,1156631.19,0,0,L10_000464,LEGITIMATE_FUND_DISPERSION,NONE,1,5,5,3,10,307081.98,0.041319,0.069338,ONE_TO_MANY,NORMAL
L10_002321,758,TRANSFER,107744.65,LD000465_S,2159506.82,2051762.17,LD000465_D1,1275419.09,1383163.74,0,0,L10_000465,LEGITIMATE_FUND_DISPERSION,NONE,1,1,5,0,6,323926.02,0.049893,0.084478,ONE_TO_MANY,NORMAL
L10_002322,760,TRANSFER,82065.53,LD000465_S,2051762.17,1969696.64,LD000465_D2,690083.23,772148.76,0,0,L10_000465,LEGITIMATE_FUND_DISPERSION,NONE,1,2,5,2,6,323926.02,0.039998,0.118921,ONE_TO_MANY,NORMAL
L10_002323,761,TRANSFER,30392.88,LD000465_S,1969696.64,1939303.76,LD000465_D3,573591.0,603983.88,0,0,L10_000465,LEGITIMATE_FUND_DISPERSION,NONE,1,3,5,1,6,323926.02,0.01543,0.052987,ONE_TO_MANY,NORMAL
L10_002324,762,TRANSFER,27131.11,LD000465_S,1939303.76,1912172.65,LD000465_D4,883862.17,910993.28,0,0,L10_000465,LEGITIMATE_FUND_DISPERSION,NONE,1,4,5,1,6,323926.02,0.01399,0.030696,ONE_TO_MANY,NORMAL
L10_002325,764,TRANSFER,76591.85,LD000465_S,1912172.65,1835580.8,LD000465_D5,509396.52,585988.37,0,0,L10_000465,LEGITIMATE_FUND_DISPERSION,NONE,1,5,5,2,6,323926.02,0.040055,0.150358,ONE_TO_MANY,NORMAL
L10_002326,463,TRANSFER,112441.26,LD000466_S,2539847.92,2427406.66,LD000466_D1,1269904.99,1382346.25,0,0,L10_000466,LEGITIMATE_FUND_DISPERSION,NONE,1,1,5,0,9,380977.18,0.044271,0.088543,ONE_TO_MANY,NORMAL
L10_002327,465,TRANSFER,96334.96,LD000466_S,2427406.66,2331071.7,LD000466_D2,959450.64,1055785.6,0,0,L10_000466,LEGITIMATE_FUND_DISPERSION,NONE,1,2,5,2,9,380977.18,0.039686,0.100406,ONE_TO_MANY,NORMAL
L10_002328,468,TRANSFER,19034.03,LD000466_S,2331071.7,2312037.67,LD000466_D3,860357.47,879391.5,0,0,L10_000466,LEGITIMATE_FUND_DISPERSION,NONE,1,3,5,3,9,380977.18,0.008165,0.022123,ONE_TO_MANY,NORMAL
L10_002329,470,TRANSFER,33882.67,LD000466_S,2312037.67,2278155.0,LD000466_D4,958370.6,992253.27,0,0,L10_000466,LEGITIMATE_FUND_DISPERSION,NONE,1,4,5,2,9,380977.18,0.014655,0.035354,ONE_TO_MANY,NORMAL
L10_002330,472,TRANSFER,119284.26,LD000466_S,2278155.0,2158870.74,LD000466_D5,936122.58,1055406.84,0,0,L10_000466,LEGITIMATE_FUND_DISPERSION,NONE,1,5,5,2,9,380977.18,0.05236,0.127424,ONE_TO_MANY,NORMAL
L10_002331,309,TRANSFER,17337.72,LD000467_S,1614988.51,1597650.79,LD000467_D1,651907.12,669244.84,0,0,L10_000467,LEGITIMATE_FUND_DISPERSION,NONE,1,1,5,0,11,242248.27,0.010736,0.026595,ONE_TO_MANY,NORMAL
L10_002332,312,TRANSFER,70773.53,LD000467_S,1597650.79,1526877.26,LD000467_D2,704526.05,775299.58,0,0,L10_000467,LEGITIMATE_FUND_DISPERSION,NONE,1,2,5,3,11,242248.27,0.044298,0.100456,ONE_TO_MANY,NORMAL
L10_002333,315,TRANSFER,53185.09,LD000467_S,1526877.26,1473692.17,LD000467_D3,963749.35,1016934.44,0,0,L10_000467,LEGITIMATE_FUND_DISPERSION,NONE,1,3,5,3,11,242248.27,0.034833,0.055186,ONE_TO_MANY,NORMAL
L10_002334,317,TRANSFER,31822.14,LD000467_S,1473692.17,1441870.03,LD000467_D4,1246346.09,1278168.23,0,0,L10_000467,LEGITIMATE_FUND_DISPERSION,NONE,1,4,5,2,11,242248.27,0.021593,0.025532,ONE_TO_MANY,NORMAL
L10_002335,320,TRANSFER,69129.79,LD000467_S,1441870.03,1372740.24,LD000467_D5,909812.1,978941.89,0,0,L10_000467,LEGITIMATE_FUND_DISPERSION,NONE,1,5,5,3,11,242248.27,0.047945,0.075982,ONE_TO_MANY,NORMAL
L10_002336,734,TRANSFER,55073.27,LD000468_S,1980954.99,1925881.72,LD000468_D1,882237.64,937310.91,0,0,L10_000468,LEGITIMATE_FUND_DISPERSION,NONE,1,1,5,0,9,297143.26,0.027801,0.062425,ONE_TO_MANY,NORMAL
L10_002337,736,TRANSFER,33527.83,LD000468_S,1925881.72,1892353.89,LD000468_D2,998030.79,1031558.62,0,0,L10_000468,LEGITIMATE_FUND_DISPERSION,NONE,1,2,5,2,9,297143.26,0.017409,0.033594,ONE_TO_MANY,NORMAL
L10_002338,737,TRANSFER,84607.37,LD000468_S,1892353.89,1807746.52,LD000468_D3,720635.03,805242.4,0,0,L10_000468,LEGITIMATE_FUND_DISPERSION,NONE,1,3,5,1,9,297143.26,0.04471,0.117407,ONE_TO_MANY,NORMAL
L10_002339,740,TRANSFER,92175.59,LD000468_S,1807746.52,1715570.93,LD000468_D4,958663.25,1050838.84,0,0,L10_000468,LEGITIMATE_FUND_DISPERSION,NONE,1,4,5,3,9,297143.26,0.050989,0.09615,ONE_TO_MANY,NORMAL
L10_002340,743,TRANSFER,31759.2,LD000468_S,1715570.93,1683811.73,LD000468_D5,896438.34,928197.54,0,0,L10_000468,LEGITIMATE_FUND_DISPERSION,NONE,1,5,5,3,9,297143.26,0.018512,0.035428,ONE_TO_MANY,NORMAL
L10_002341,634,TRANSFER,40214.02,LD000469_S,2142703.92,2102489.9,LD000469_D1,781014.07,821228.09,0,0,L10_000469,LEGITIMATE_FUND_DISPERSION,NONE,1,1,5,0,11,282394.22,0.018768,0.051489,ONE_TO_MANY,NORMAL
L10_002342,637,TRANSFER,62493.44,LD000469_S,2102489.9,2039996.46,LD000469_D2,651070.19,713563.63,0,0,L10_000469,LEGITIMATE_FUND_DISPERSION,NONE,1,2,5,3,11,282394.22,0.029724,0.095986,ONE_TO_MANY,NORMAL
L10_002343,639,TRANSFER,49229.27,LD000469_S,2039996.46,1990767.19,LD000469_D3,1016333.95,1065563.22,0,0,L10_000469,LEGITIMATE_FUND_DISPERSION,NONE,1,3,5,2,11,282394.22,0.024132,0.048438,ONE_TO_MANY,NORMAL
L10_002344,642,TRANSFER,114889.41,LD000469_S,1990767.19,1875877.78,LD000469_D4,1246087.23,1360976.64,0,0,L10_000469,LEGITIMATE_FUND_DISPERSION,NONE,1,4,5,3,11,282394.22,0.057711,0.0922,ONE_TO_MANY,NORMAL
L10_002345,645,TRANSFER,15568.08,LD000469_S,1875877.78,1860309.7,LD000469_D5,716060.89,731628.97,0,0,L10_000469,LEGITIMATE_FUND_DISPERSION,NONE,1,5,5,3,11,282394.22,0.008299,0.021741,ONE_TO_MANY,NORMAL
L10_002346,495,TRANSFER,152603.23,LD000470_S,2195947.59,2043344.36,LD000470_D1,1020324.1,1172927.33,0,0,L10_000470,LEGITIMATE_FUND_DISPERSION,NONE,1,1,5,0,10,311601.64,0.069493,0.149563,ONE_TO_MANY,NORMAL
L10_002347,498,TRANSFER,83789.05,LD000470_S,2043344.36,1959555.31,LD000470_D2,891082.03,974871.08,0,0,L10_000470,LEGITIMATE_FUND_DISPERSION,NONE,1,2,5,3,10,311601.64,0.041006,0.094031,ONE_TO_MANY,NORMAL
L10_002348,500,TRANSFER,13363.38,LD000470_S,1959555.31,1946191.93,LD000470_D3,430866.57,444229.95,0,0,L10_000470,LEGITIMATE_FUND_DISPERSION,NONE,1,3,5,2,10,311601.64,0.00682,0.031015,ONE_TO_MANY,NORMAL
L10_002349,503,TRANSFER,37127.34,LD000470_S,1946191.93,1909064.59,LD000470_D4,732262.41,769389.75,0,0,L10_000470,LEGITIMATE_FUND_DISPERSION,NONE,1,4,5,3,10,311601.64,0.019077,0.050702,ONE_TO_MANY,NORMAL
L10_002350,505,TRANSFER,24718.64,LD000470_S,1909064.59,1884345.95,LD000470_D5,1079813.09,1104531.73,0,0,L10_000470,LEGITIMATE_FUND_DISPERSION,NONE,1,5,5,2,10,311601.64,0.012948,0.022892,ONE_TO_MANY,NORMAL
L10_002351,245,TRANSFER,79495.98,LD000471_S,1380040.27,1300544.29,LD000471_D1,632086.01,711581.99,0,0,L10_000471,LEGITIMATE_FUND_DISPERSION,NONE,1,1,5,0,7,207006.04,0.057604,0.125768,ONE_TO_MANY,NORMAL
L10_002352,247,TRANSFER,9831.74,LD000471_S,1300544.29,1290712.55,LD000471_D2,795000.34,804832.08,0,0,L10_000471,LEGITIMATE_FUND_DISPERSION,NONE,1,2,5,2,7,207006.04,0.00756,0.012367,ONE_TO_MANY,NORMAL
L10_002353,249,TRANSFER,17859.7,LD000471_S,1290712.55,1272852.85,LD000471_D3,700257.76,718117.46,0,0,L10_000471,LEGITIMATE_FUND_DISPERSION,NONE,1,3,5,2,7,207006.04,0.013837,0.025504,ONE_TO_MANY,NORMAL
L10_002354,250,TRANSFER,21583.17,LD000471_S,1272852.85,1251269.68,LD000471_D4,696190.22,717773.39,0,0,L10_000471,LEGITIMATE_FUND_DISPERSION,NONE,1,4,5,1,7,207006.04,0.016957,0.031002,ONE_TO_MANY,NORMAL
L10_002355,252,TRANSFER,78235.45,LD000471_S,1251269.68,1173034.23,LD000471_D5,646434.35,724669.8,0,0,L10_000471,LEGITIMATE_FUND_DISPERSION,NONE,1,5,5,2,7,207006.04,0.062525,0.121026,ONE_TO_MANY,NORMAL
L10_002356,494,TRANSFER,43349.33,LD000472_S,1865470.99,1822121.66,LD000472_D1,1103352.36,1146701.69,0,0,L10_000472,LEGITIMATE_FUND_DISPERSION,NONE,1,1,5,0,6,279820.65,0.023238,0.039289,ONE_TO_MANY,NORMAL
L10_002357,495,TRANSFER,26560.14,LD000472_S,1822121.66,1795561.52,LD000472_D2,952897.74,979457.88,0,0,L10_000472,LEGITIMATE_FUND_DISPERSION,NONE,1,2,5,1,6,279820.65,0.014576,0.027873,ONE_TO_MANY,NORMAL
L10_002358,496,TRANSFER,52345.19,LD000472_S,1795561.52,1743216.33,LD000472_D3,781503.59,833848.78,0,0,L10_000472,LEGITIMATE_FUND_DISPERSION,NONE,1,3,5,1,6,279820.65,0.029153,0.06698,ONE_TO_MANY,NORMAL
L10_002359,498,TRANSFER,76960.53,LD000472_S,1743216.33,1666255.8,LD000472_D4,1232940.25,1309900.78,0,0,L10_000472,LEGITIMATE_FUND_DISPERSION,NONE,1,4,5,2,6,279820.65,0.044149,0.06242,ONE_TO_MANY,NORMAL
L10_002360,500,TRANSFER,80605.46,LD000472_S,1666255.8,1585650.34,LD000472_D5,547736.74,628342.2,0,0,L10_000472,LEGITIMATE_FUND_DISPERSION,NONE,1,5,5,2,6,279820.65,0.048375,0.147161,ONE_TO_MANY,NORMAL
L10_002361,877,TRANSFER,15655.78,LD000473_S,2507597.05,2491941.27,LD000473_D1,700140.91,715796.69,0,0,L10_000473,LEGITIMATE_FUND_DISPERSION,NONE,1,1,5,0,7,376139.56,0.006243,0.022361,ONE_TO_MANY,NORMAL
L10_002362,880,TRANSFER,27840.83,LD000473_S,2491941.27,2464100.44,LD000473_D2,1245841.49,1273682.32,0,0,L10_000473,LEGITIMATE_FUND_DISPERSION,NONE,1,2,5,3,7,376139.56,0.011172,0.022347,ONE_TO_MANY,NORMAL
L10_002363,882,TRANSFER,108790.48,LD000473_S,2464100.44,2355309.96,LD000473_D3,1107660.37,1216450.85,0,0,L10_000473,LEGITIMATE_FUND_DISPERSION,NONE,1,3,5,2,7,376139.56,0.04415,0.098216,ONE_TO_MANY,NORMAL
L10_002364,883,TRANSFER,104705.51,LD000473_S,2355309.96,2250604.45,LD000473_D4,468146.42,572851.93,0,0,L10_000473,LEGITIMATE_FUND_DISPERSION,NONE,1,4,5,1,7,376139.56,0.044455,0.22366,ONE_TO_MANY,NORMAL
L10_002365,884,TRANSFER,119146.96,LD000473_S,2250604.45,2131457.49,LD000473_D5,1146775.72,1265922.68,0,0,L10_000473,LEGITIMATE_FUND_DISPERSION,NONE,1,5,5,1,7,376139.56,0.05294,0.103897,ONE_TO_MANY,NORMAL
L10_002366,91,TRANSFER,67898.71,LD000474_S,1900741.9,1832843.19,LD000474_D1,470301.2,538199.91,0,0,L10_000474,LEGITIMATE_FUND_DISPERSION,NONE,1,1,5,0,8,285111.29,0.035722,0.144373,ONE_TO_MANY,NORMAL
L10_002367,94,TRANSFER,79035.79,LD000474_S,1832843.19,1753807.4,LD000474_D2,1001148.63,1080184.42,0,0,L10_000474,LEGITIMATE_FUND_DISPERSION,NONE,1,2,5,3,8,285111.29,0.043122,0.078945,ONE_TO_MANY,NORMAL
L10_002368,96,TRANSFER,67906.24,LD000474_S,1753807.4,1685901.16,LD000474_D3,757154.37,825060.61,0,0,L10_000474,LEGITIMATE_FUND_DISPERSION,NONE,1,3,5,2,8,285111.29,0.038719,0.089686,ONE_TO_MANY,NORMAL
L10_002369,97,TRANSFER,10644.41,LD000474_S,1685901.16,1675256.75,LD000474_D4,1050146.04,1060790.45,0,0,L10_000474,LEGITIMATE_FUND_DISPERSION,NONE,1,4,5,1,8,285111.29,0.006314,0.010136,ONE_TO_MANY,NORMAL
L10_002370,99,TRANSFER,59626.14,LD000474_S,1675256.75,1615630.61,LD000474_D5,752941.45,812567.59,0,0,L10_000474,LEGITIMATE_FUND_DISPERSION,NONE,1,5,5,2,8,285111.29,0.035592,0.079191,ONE_TO_MANY,NORMAL
L10_002371,591,TRANSFER,59470.22,LD000475_S,1515504.85,1456034.63,LD000475_D1,637615.0,697085.22,0,0,L10_000475,LEGITIMATE_FUND_DISPERSION,NONE,1,1,5,0,7,227325.73,0.039241,0.09327,ONE_TO_MANY,NORMAL
L10_002372,593,TRANSFER,73788.87,LD000475_S,1456034.63,1382245.76,LD000475_D2,1065314.44,1139103.31,0,0,L10_000475,LEGITIMATE_FUND_DISPERSION,NONE,1,2,5,2,7,227325.73,0.050678,0.069265,ONE_TO_MANY,NORMAL
L10_002373,595,TRANSFER,34067.07,LD000475_S,1382245.76,1348178.69,LD000475_D3,955260.42,989327.49,0,0,L10_000475,LEGITIMATE_FUND_DISPERSION,NONE,1,3,5,2,7,227325.73,0.024646,0.035663,ONE_TO_MANY,NORMAL
L10_002374,597,TRANSFER,36245.42,LD000475_S,1348178.69,1311933.27,LD000475_D4,417362.89,453608.31,0,0,L10_000475,LEGITIMATE_FUND_DISPERSION,NONE,1,4,5,2,7,227325.73,0.026885,0.086844,ONE_TO_MANY,NORMAL
L10_002375,598,TRANSFER,23754.15,LD000475_S,1311933.27,1288179.12,LD000475_D5,654528.71,678282.86,0,0,L10_000475,LEGITIMATE_FUND_DISPERSION,NONE,1,5,5,1,7,227325.73,0.018106,0.036292,ONE_TO_MANY,NORMAL
L10_002376,119,TRANSFER,52559.69,LD000476_S,1279375.53,1226815.84,LD000476_D1,1051088.33,1103648.02,0,0,L10_000476,LEGITIMATE_FUND_DISPERSION,NONE,1,1,5,0,9,191906.32,0.041082,0.050005,ONE_TO_MANY,NORMAL
L10_002377,121,TRANSFER,48379.83,LD000476_S,1226815.84,1178436.01,LD000476_D2,940332.95,988712.78,0,0,L10_000476,LEGITIMATE_FUND_DISPERSION,NONE,1,2,5,2,9,191906.32,0.039435,0.05145,ONE_TO_MANY,NORMAL
L10_002378,122,TRANSFER,37823.31,LD000476_S,1178436.01,1140612.7,LD000476_D3,624497.98,662321.29,0,0,L10_000476,LEGITIMATE_FUND_DISPERSION,NONE,1,3,5,1,9,191906.32,0.032096,0.060566,ONE_TO_MANY,NORMAL
L10_002379,125,TRANSFER,19189.61,LD000476_S,1140612.7,1121423.09,LD000476_D4,648095.9,667285.51,0,0,L10_000476,LEGITIMATE_FUND_DISPERSION,NONE,1,4,5,3,9,191906.32,0.016824,0.029609,ONE_TO_MANY,NORMAL
L10_002380,128,TRANSFER,33953.88,LD000476_S,1121423.09,1087469.21,LD000476_D5,915331.35,949285.23,0,0,L10_000476,LEGITIMATE_FUND_DISPERSION,NONE,1,5,5,3,9,191906.32,0.030277,0.037095,ONE_TO_MANY,NORMAL
L10_002381,768,TRANSFER,32900.4,LD000477_S,1556428.99,1523528.59,LD000477_D1,614085.23,646985.63,0,0,L10_000477,LEGITIMATE_FUND_DISPERSION,NONE,1,1,5,0,6,233464.35,0.021138,0.053576,ONE_TO_MANY,NORMAL
L10_002382,769,TRANSFER,15240.31,LD000477_S,1523528.59,1508288.28,LD000477_D2,1076949.29,1092189.6,0,0,L10_000477,LEGITIMATE_FUND_DISPERSION,NONE,1,2,5,1,6,233464.35,0.010003,0.014151,ONE_TO_MANY,NORMAL
L10_002383,770,TRANSFER,106449.83,LD000477_S,1508288.28,1401838.45,LD000477_D3,1194259.5,1300709.33,0,0,L10_000477,LEGITIMATE_FUND_DISPERSION,NONE,1,3,5,1,6,233464.35,0.070577,0.089135,ONE_TO_MANY,NORMAL
L10_002384,772,TRANSFER,15339.51,LD000477_S,1401838.45,1386498.94,LD000477_D4,591344.88,606684.39,0,0,L10_000477,LEGITIMATE_FUND_DISPERSION,NONE,1,4,5,2,6,233464.35,0.010942,0.02594,ONE_TO_MANY,NORMAL
L10_002385,774,TRANSFER,63534.3,LD000477_S,1386498.94,1322964.64,LD000477_D5,1141373.03,1204907.33,0,0,L10_000477,LEGITIMATE_FUND_DISPERSION,NONE,1,5,5,2,6,233464.35,0.045824,0.055665,ONE_TO_MANY,NORMAL
L10_002386,610,TRANSFER,68188.73,LD000478_S,2234364.05,2166175.32,LD000478_D1,635737.89,703926.62,0,0,L10_000478,LEGITIMATE_FUND_DISPERSION,NONE,1,1,5,0,6,335154.61,0.030518,0.107259,ONE_TO_MANY,NORMAL
L10_002387,611,TRANSFER,17074.37,LD000478_S,2166175.32,2149100.95,LD000478_D2,402385.68,419460.05,0,0,L10_000478,LEGITIMATE_FUND_DISPERSION,NONE,1,2,5,1,6,335154.61,0.007882,0.042433,ONE_TO_MANY,NORMAL
L10_002388,613,TRANSFER,94414.3,LD000478_S,2149100.95,2054686.65,LD000478_D3,1002001.34,1096415.64,0,0,L10_000478,LEGITIMATE_FUND_DISPERSION,NONE,1,3,5,2,6,335154.61,0.043932,0.094226,ONE_TO_MANY,NORMAL
L10_002389,615,TRANSFER,90660.14,LD000478_S,2054686.65,1964026.51,LD000478_D4,1163256.65,1253916.79,0,0,L10_000478,LEGITIMATE_FUND_DISPERSION,NONE,1,4,5,2,6,335154.61,0.044124,0.077936,ONE_TO_MANY,NORMAL
L10_002390,616,TRANSFER,64817.07,LD000478_S,1964026.51,1899209.44,LD000478_D5,906393.74,971210.81,0,0,L10_000478,LEGITIMATE_FUND_DISPERSION,NONE,1,5,5,1,6,335154.61,0.033002,0.071511,ONE_TO_MANY,NORMAL
L10_002391,218,TRANSFER,71796.42,LD000479_S,1487330.75,1415534.33,LD000479_D1,1022267.16,1094063.58,0,0,L10_000479,LEGITIMATE_FUND_DISPERSION,NONE,1,1,5,0,8,223099.61,0.048272,0.070233,ONE_TO_MANY,NORMAL
L10_002392,220,TRANSFER,78868.23,LD000479_S,1415534.33,1336666.1,LD000479_D2,476043.74,554911.97,0,0,L10_000479,LEGITIMATE_FUND_DISPERSION,NONE,1,2,5,2,8,223099.61,0.055716,0.165674,ONE_TO_MANY,NORMAL
L10_002393,222,TRANSFER,17685.42,LD000479_S,1336666.1,1318980.68,LD000479_D3,738758.32,756443.74,0,0,L10_000479,LEGITIMATE_FUND_DISPERSION,NONE,1,3,5,2,8,223099.61,0.013231,0.023939,ONE_TO_MANY,NORMAL
L10_002394,223,TRANSFER,26138.68,LD000479_S,1318980.68,1292842.0,LD000479_D4,606827.69,632966.37,0,0,L10_000479,LEGITIMATE_FUND_DISPERSION,NONE,1,4,5,1,8,223099.61,0.019817,0.043074,ONE_TO_MANY,NORMAL
L10_002395,226,TRANSFER,28610.86,LD000479_S,1292842.0,1264231.14,LD000479_D5,667131.54,695742.4,0,0,L10_000479,LEGITIMATE_FUND_DISPERSION,NONE,1,5,5,3,8,223099.61,0.02213,0.042886,ONE_TO_MANY,NORMAL
L10_002396,604,TRANSFER,72212.03,LD000480_S,1423717.72,1351505.69,LD000480_D1,668017.82,740229.85,0,0,L10_000480,LEGITIMATE_FUND_DISPERSION,NONE,1,1,5,0,6,213557.67,0.050721,0.108099,ONE_TO_MANY,NORMAL
L10_002397,607,TRANSFER,73655.83,LD000480_S,1351505.69,1277849.86,LD000480_D2,681747.69,755403.52,0,0,L10_000480,LEGITIMATE_FUND_DISPERSION,NONE,1,2,5,3,6,213557.67,0.054499,0.10804,ONE_TO_MANY,NORMAL
L10_002398,608,TRANSFER,24858.56,LD000480_S,1277849.86,1252991.3,LD000480_D3,662427.55,687286.11,0,0,L10_000480,LEGITIMATE_FUND_DISPERSION,NONE,1,3,5,1,6,213557.67,0.019453,0.037526,ONE_TO_MANY,NORMAL
L10_002399,609,TRANSFER,20630.1,LD000480_S,1252991.3,1232361.2,LD000480_D4,1175387.38,1196017.48,0,0,L10_000480,LEGITIMATE_FUND_DISPERSION,NONE,1,4,5,1,6,213557.67,0.016465,0.017552,ONE_TO_MANY,NORMAL
L10_002400,610,TRANSFER,22201.15,LD000480_S,1232361.2,1210160.05,LD000480_D5,901548.22,923749.37,0,0,L10_000480,LEGITIMATE_FUND_DISPERSION,NONE,1,5,5,1,6,213557.67,0.018015,0.024626,ONE_TO_MANY,NORMAL
L10_002401,17,TRANSFER,15259.1,LD000481_S,1805871.92,1790612.82,LD000481_D1,1113517.42,1128776.52,0,0,L10_000481,LEGITIMATE_FUND_DISPERSION,NONE,1,1,5,0,8,270880.8,0.00845,0.013704,ONE_TO_MANY,NORMAL
L10_002402,20,TRANSFER,63505.1,LD000481_S,1790612.82,1727107.72,LD000481_D2,717319.24,780824.34,0,0,L10_000481,LEGITIMATE_FUND_DISPERSION,NONE,1,2,5,3,8,270880.8,0.035466,0.088531,ONE_TO_MANY,NORMAL
L10_002403,22,TRANSFER,100393.19,LD000481_S,1727107.72,1626714.53,LD000481_D3,629906.06,730299.25,0,0,L10_000481,LEGITIMATE_FUND_DISPERSION,NONE,1,3,5,2,8,270880.8,0.058128,0.159378,ONE_TO_MANY,NORMAL
L10_002404,24,TRANSFER,18779.41,LD000481_S,1626714.53,1607935.12,LD000481_D4,883064.76,901844.17,0,0,L10_000481,LEGITIMATE_FUND_DISPERSION,NONE,1,4,5,2,8,270880.8,0.011544,0.021266,ONE_TO_MANY,NORMAL
L10_002405,25,TRANSFER,72944.0,LD000481_S,1607935.12,1534991.12,LD000481_D5,630468.35,703412.35,0,0,L10_000481,LEGITIMATE_FUND_DISPERSION,NONE,1,5,5,1,8,270880.8,0.045365,0.115698,ONE_TO_MANY,NORMAL
L10_002406,714,TRANSFER,14124.21,LD000482_S,2308624.64,2294500.43,LD000482_D1,600734.46,614858.67,0,0,L10_000482,LEGITIMATE_FUND_DISPERSION,NONE,1,1,5,0,7,346293.7,0.006118,0.023512,ONE_TO_MANY,NORMAL
L10_002407,715,TRANSFER,113156.14,LD000482_S,2294500.43,2181344.29,LD000482_D2,493128.15,606284.29,0,0,L10_000482,LEGITIMATE_FUND_DISPERSION,NONE,1,2,5,1,7,346293.7,0.049316,0.229466,ONE_TO_MANY,NORMAL
L10_002408,716,TRANSFER,116796.16,LD000482_S,2181344.29,2064548.13,LD000482_D3,398312.15,515108.31,0,0,L10_000482,LEGITIMATE_FUND_DISPERSION,NONE,1,3,5,1,7,346293.7,0.053543,0.293228,ONE_TO_MANY,NORMAL
L10_002409,719,TRANSFER,64454.43,LD000482_S,2064548.13,2000093.7,LD000482_D4,646838.63,711293.06,0,0,L10_000482,LEGITIMATE_FUND_DISPERSION,NONE,1,4,5,3,7,346293.7,0.03122,0.099645,ONE_TO_MANY,NORMAL
L10_002410,721,TRANSFER,37762.76,LD000482_S,2000093.7,1962330.94,LD000482_D5,741527.4,779290.16,0,0,L10_000482,LEGITIMATE_FUND_DISPERSION,NONE,1,5,5,2,7,346293.7,0.01888,0.050926,ONE_TO_MANY,NORMAL
L10_002411,517,TRANSFER,55041.2,LD000483_S,2096395.9,2041354.7,LD000483_D1,1097442.49,1152483.69,0,0,L10_000483,LEGITIMATE_FUND_DISPERSION,NONE,1,1,5,0,6,314459.39,0.026255,0.050154,ONE_TO_MANY,NORMAL
L10_002412,519,TRANSFER,79460.45,LD000483_S,2041354.7,1961894.25,LD000483_D2,449100.85,528561.3,0,0,L10_000483,LEGITIMATE_FUND_DISPERSION,NONE,1,2,5,2,6,314459.39,0.038925,0.176932,ONE_TO_MANY,NORMAL
L10_002413,521,TRANSFER,47248.62,LD000483_S,1961894.25,1914645.63,LD000483_D3,1252964.79,1300213.41,0,0,L10_000483,LEGITIMATE_FUND_DISPERSION,NONE,1,3,5,2,6,314459.39,0.024083,0.037709,ONE_TO_MANY,NORMAL
L10_002414,522,TRANSFER,61581.83,LD000483_S,1914645.63,1853063.8,LD000483_D4,539003.23,600585.06,0,0,L10_000483,LEGITIMATE_FUND_DISPERSION,NONE,1,4,5,1,6,314459.39,0.032164,0.114251,ONE_TO_MANY,NORMAL
L10_002415,523,TRANSFER,71127.29,LD000483_S,1853063.8,1781936.51,LD000483_D5,980005.63,1051132.92,0,0,L10_000483,LEGITIMATE_FUND_DISPERSION,NONE,1,5,5,1,6,314459.39,0.038384,0.072578,ONE_TO_MANY,NORMAL
L10_002416,771,TRANSFER,11001.85,LD000484_S,2105084.28,2094082.43,LD000484_D1,1214034.49,1225036.34,0,0,L10_000484,LEGITIMATE_FUND_DISPERSION,NONE,1,1,5,0,8,315762.64,0.005226,0.009062,ONE_TO_MANY,NORMAL
L10_002417,774,TRANSFER,91637.39,LD000484_S,2094082.43,2002445.04,LD000484_D2,916842.52,1008479.91,0,0,L10_000484,LEGITIMATE_FUND_DISPERSION,NONE,1,2,5,3,8,315762.64,0.04376,0.099949,ONE_TO_MANY,NORMAL
L10_002418,776,TRANSFER,95115.98,LD000484_S,2002445.04,1907329.06,LD000484_D3,1117949.72,1213065.7,0,0,L10_000484,LEGITIMATE_FUND_DISPERSION,NONE,1,3,5,2,8,315762.64,0.0475,0.085081,ONE_TO_MANY,NORMAL
L10_002419,777,TRANSFER,12731.41,LD000484_S,1907329.06,1894597.65,LD000484_D4,1242297.38,1255028.79,0,0,L10_000484,LEGITIMATE_FUND_DISPERSION,NONE,1,4,5,1,8,315762.64,0.006675,0.010248,ONE_TO_MANY,NORMAL
L10_002420,779,TRANSFER,105276.01,LD000484_S,1894597.65,1789321.64,LD000484_D5,951480.99,1056757.0,0,0,L10_000484,LEGITIMATE_FUND_DISPERSION,NONE,1,5,5,2,8,315762.64,0.055566,0.110644,ONE_TO_MANY,NORMAL
L10_002421,726,TRANSFER,129354.98,LD000485_S,2276446.72,2147091.74,LD000485_D1,1159474.12,1288829.1,0,0,L10_000485,LEGITIMATE_FUND_DISPERSION,NONE,1,1,5,0,7,341467.01,0.056823,0.111563,ONE_TO_MANY,NORMAL
L10_002422,728,TRANSFER,52954.78,LD000485_S,2147091.74,2094136.96,LD000485_D2,1090270.81,1143225.59,0,0,L10_000485,LEGITIMATE_FUND_DISPERSION,NONE,1,2,5,2,7,341467.01,0.024663,0.04857,ONE_TO_MANY,NORMAL
L10_002423,729,TRANSFER,71525.34,LD000485_S,2094136.96,2022611.62,LD000485_D3,1083692.47,1155217.81,0,0,L10_000485,LEGITIMATE_FUND_DISPERSION,NONE,1,3,5,1,7,341467.01,0.034155,0.066002,ONE_TO_MANY,NORMAL
L10_002424,732,TRANSFER,24384.47,LD000485_S,2022611.62,1998227.15,LD000485_D4,468799.88,493184.35,0,0,L10_000485,LEGITIMATE_FUND_DISPERSION,NONE,1,4,5,3,7,341467.01,0.012056,0.052015,ONE_TO_MANY,NORMAL
L10_002425,733,TRANSFER,63247.44,LD000485_S,1998227.15,1934979.71,LD000485_D5,871106.98,934354.42,0,0,L10_000485,LEGITIMATE_FUND_DISPERSION,NONE,1,5,5,1,7,341467.01,0.031652,0.072606,ONE_TO_MANY,NORMAL
L10_002426,738,TRANSFER,16676.14,LD000486_S,2399748.86,2383072.72,LD000486_D1,664363.06,681039.2,0,0,L10_000486,LEGITIMATE_FUND_DISPERSION,NONE,1,1,5,0,9,242937.24,0.006949,0.025101,ONE_TO_MANY,NORMAL
L10_002427,741,TRANSFER,75579.49,LD000486_S,2383072.72,2307493.23,LD000486_D2,972819.77,1048399.26,0,0,L10_000486,LEGITIMATE_FUND_DISPERSION,NONE,1,2,5,3,9,242937.24,0.031715,0.077691,ONE_TO_MANY,NORMAL
L10_002428,742,TRANSFER,34425.22,LD000486_S,2307493.23,2273068.01,LD000486_D3,747459.02,781884.24,0,0,L10_000486,LEGITIMATE_FUND_DISPERSION,NONE,1,3,5,1,9,242937.24,0.014919,0.046056,ONE_TO_MANY,NORMAL
L10_002429,744,TRANSFER,82882.22,LD000486_S,2273068.01,2190185.79,LD000486_D4,689899.41,772781.63,0,0,L10_000486,LEGITIMATE_FUND_DISPERSION,NONE,1,4,5,2,9,242937.24,0.036463,0.120137,ONE_TO_MANY,NORMAL
L10_002430,747,TRANSFER,33374.17,LD000486_S,2190185.79,2156811.62,LD000486_D5,596696.32,630070.49,0,0,L10_000486,LEGITIMATE_FUND_DISPERSION,NONE,1,5,5,3,9,242937.24,0.015238,0.055932,ONE_TO_MANY,NORMAL
L10_002431,893,TRANSFER,109436.13,LD000487_S,1973164.27,1863728.14,LD000487_D1,695437.66,804873.79,0,0,L10_000487,LEGITIMATE_FUND_DISPERSION,NONE,1,1,5,0,6,295974.65,0.055462,0.157363,ONE_TO_MANY,NORMAL
L10_002432,894,TRANSFER,78518.07,LD000487_S,1863728.14,1785210.07,LD000487_D2,1024174.93,1102693.0,0,0,L10_000487,LEGITIMATE_FUND_DISPERSION,NONE,1,2,5,1,6,295974.65,0.04213,0.076665,ONE_TO_MANY,NORMAL
L10_002433,895,TRANSFER,27779.55,LD000487_S,1785210.07,1757430.52,LD000487_D3,1124297.57,1152077.12,0,0,L10_000487,LEGITIMATE_FUND_DISPERSION,NONE,1,3,5,1,6,295974.65,0.015561,0.024708,ONE_TO_MANY,NORMAL
L10_002434,897,TRANSFER,21183.19,LD000487_S,1757430.52,1736247.33,LD000487_D4,961036.64,982219.83,0,0,L10_000487,LEGITIMATE_FUND_DISPERSION,NONE,1,4,5,2,6,295974.65,0.012054,0.022042,ONE_TO_MANY,NORMAL
L10_002435,899,TRANSFER,59057.71,LD000487_S,1736247.33,1677189.62,LD000487_D5,1216705.78,1275763.49,0,0,L10_000487,LEGITIMATE_FUND_DISPERSION,NONE,1,5,5,2,6,295974.65,0.034015,0.048539,ONE_TO_MANY,NORMAL
L10_002436,891,TRANSFER,73112.7,LD000488_S,2089968.05,2016855.35,LD000488_D1,497612.25,570724.95,0,0,L10_000488,LEGITIMATE_FUND_DISPERSION,NONE,1,1,5,0,8,313495.2,0.034983,0.146927,ONE_TO_MANY,NORMAL
L10_002437,892,TRANSFER,67952.92,LD000488_S,2016855.35,1948902.43,LD000488_D2,679656.27,747609.19,0,0,L10_000488,LEGITIMATE_FUND_DISPERSION,NONE,1,2,5,1,8,313495.2,0.033693,0.099981,ONE_TO_MANY,NORMAL
L10_002438,895,TRANSFER,74531.36,LD000488_S,1948902.43,1874371.07,LD000488_D3,438155.03,512686.39,0,0,L10_000488,LEGITIMATE_FUND_DISPERSION,NONE,1,3,5,3,8,313495.2,0.038243,0.170103,ONE_TO_MANY,NORMAL
L10_002439,896,TRANSFER,42992.55,LD000488_S,1874371.07,1831378.52,LD000488_D4,494326.26,537318.81,0,0,L10_000488,LEGITIMATE_FUND_DISPERSION,NONE,1,4,5,1,8,313495.2,0.022937,0.086972,ONE_TO_MANY,NORMAL
L10_002440,899,TRANSFER,54905.67,LD000488_S,1831378.52,1776472.85,LD000488_D5,782695.85,837601.52,0,0,L10_000488,LEGITIMATE_FUND_DISPERSION,NONE,1,5,5,3,8,313495.2,0.029981,0.070149,ONE_TO_MANY,NORMAL
L10_002441,503,TRANSFER,34507.14,LD000489_S,2171864.59,2137357.45,LD000489_D1,1170702.52,1205209.66,0,0,L10_000489,LEGITIMATE_FUND_DISPERSION,NONE,1,1,5,0,7,325779.69,0.015888,0.029476,ONE_TO_MANY,NORMAL
L10_002442,505,TRANSFER,15012.55,LD000489_S,2137357.45,2122344.9,LD000489_D2,557008.13,572020.68,0,0,L10_000489,LEGITIMATE_FUND_DISPERSION,NONE,1,2,5,2,7,325779.69,0.007024,0.026952,ONE_TO_MANY,NORMAL
L10_002443,506,TRANSFER,43022.61,LD000489_S,2122344.9,2079322.29,LD000489_D3,835232.47,878255.08,0,0,L10_000489,LEGITIMATE_FUND_DISPERSION,NONE,1,3,5,1,7,325779.69,0.020271,0.05151,ONE_TO_MANY,NORMAL
L10_002444,509,TRANSFER,111826.43,LD000489_S,2079322.29,1967495.86,LD000489_D4,507406.58,619233.01,0,0,L10_000489,LEGITIMATE_FUND_DISPERSION,NONE,1,4,5,3,7,325779.69,0.05378,0.220388,ONE_TO_MANY,NORMAL
L10_002445,510,TRANSFER,121410.96,LD000489_S,1967495.86,1846084.9,LD000489_D5,422647.59,544058.55,0,0,L10_000489,LEGITIMATE_FUND_DISPERSION,NONE,1,5,5,1,7,325779.69,0.061708,0.287263,ONE_TO_MANY,NORMAL
L10_002446,872,TRANSFER,89668.41,LD000490_S,1947488.43,1857820.02,LD000490_D1,683499.6,773168.01,0,0,L10_000490,LEGITIMATE_FUND_DISPERSION,NONE,1,1,5,0,8,292123.27,0.046043,0.13119,ONE_TO_MANY,NORMAL
L10_002447,875,TRANSFER,28875.55,LD000490_S,1857820.02,1828944.47,LD000490_D2,1160542.95,1189418.5,0,0,L10_000490,LEGITIMATE_FUND_DISPERSION,NONE,1,2,5,3,8,292123.27,0.015543,0.024881,ONE_TO_MANY,NORMAL
L10_002448,876,TRANSFER,10393.58,LD000490_S,1828944.47,1818550.89,LD000490_D3,545158.56,555552.14,0,0,L10_000490,LEGITIMATE_FUND_DISPERSION,NONE,1,3,5,1,8,292123.27,0.005683,0.019065,ONE_TO_MANY,NORMAL
L10_002449,878,TRANSFER,66985.52,LD000490_S,1818550.89,1751565.37,LD000490_D4,851404.92,918390.44,0,0,L10_000490,LEGITIMATE_FUND_DISPERSION,NONE,1,4,5,2,8,292123.27,0.036835,0.078676,ONE_TO_MANY,NORMAL
L10_002450,880,TRANSFER,96200.21,LD000490_S,1751565.37,1655365.16,LD000490_D5,528116.47,624316.68,0,0,L10_000490,LEGITIMATE_FUND_DISPERSION,NONE,1,5,5,2,8,292123.27,0.054922,0.182157,ONE_TO_MANY,NORMAL
L10_002451,72,TRANSFER,80916.09,LD000491_S,1606722.27,1525806.18,LD000491_D1,1146810.47,1227726.56,0,0,L10_000491,LEGITIMATE_FUND_DISPERSION,NONE,1,1,5,0,10,241008.33,0.050361,0.070558,ONE_TO_MANY,NORMAL
L10_002452,75,TRANSFER,64610.07,LD000491_S,1525806.18,1461196.11,LD000491_D2,741864.65,806474.72,0,0,L10_000491,LEGITIMATE_FUND_DISPERSION,NONE,1,2,5,3,10,241008.33,0.042345,0.087091,ONE_TO_MANY,NORMAL
L10_002453,78,TRANSFER,20783.51,LD000491_S,1461196.11,1440412.6,LD000491_D3,452607.08,473390.59,0,0,L10_000491,LEGITIMATE_FUND_DISPERSION,NONE,1,3,5,3,10,241008.33,0.014224,0.04592,ONE_TO_MANY,NORMAL
L10_002454,81,TRANSFER,11795.9,LD000491_S,1440412.6,1428616.7,LD000491_D4,721174.28,732970.18,0,0,L10_000491,LEGITIMATE_FUND_DISPERSION,NONE,1,4,5,3,10,241008.33,0.008189,0.016357,ONE_TO_MANY,NORMAL
L10_002455,82,TRANSFER,62902.76,LD000491_S,1428616.7,1365713.94,LD000491_D5,1096246.68,1159149.44,0,0,L10_000491,LEGITIMATE_FUND_DISPERSION,NONE,1,5,5,1,10,241008.33,0.044031,0.05738,ONE_TO_MANY,NORMAL
L10_002456,737,TRANSFER,7192.7,LD000492_S,1356250.93,1349058.23,LD000492_D1,1050574.5,1057767.2,0,0,L10_000492,LEGITIMATE_FUND_DISPERSION,NONE,1,1,5,0,5,203437.64,0.005303,0.006846,ONE_TO_MANY,NORMAL
L10_002457,738,TRANSFER,48125.29,LD000492_S,1349058.23,1300932.94,LD000492_D2,741950.42,790075.71,0,0,L10_000492,LEGITIMATE_FUND_DISPERSION,NONE,1,2,5,1,5,203437.64,0.035673,0.064863,ONE_TO_MANY,NORMAL
L10_002458,739,TRANSFER,47021.27,LD000492_S,1300932.94,1253911.67,LD000492_D3,502711.37,549732.64,0,0,L10_000492,LEGITIMATE_FUND_DISPERSION,NONE,1,3,5,1,5,203437.64,0.036144,0.093535,ONE_TO_MANY,NORMAL
L10_002459,741,TRANSFER,58452.79,LD000492_S,1253911.67,1195458.88,LD000492_D4,424085.84,482538.63,0,0,L10_000492,LEGITIMATE_FUND_DISPERSION,NONE,1,4,5,2,5,203437.64,0.046616,0.137832,ONE_TO_MANY,NORMAL
L10_002460,742,TRANSFER,42645.59,LD000492_S,1195458.88,1152813.29,LD000492_D5,588726.14,631371.73,0,0,L10_000492,LEGITIMATE_FUND_DISPERSION,NONE,1,5,5,1,5,203437.64,0.035673,0.072437,ONE_TO_MANY,NORMAL
L10_002461,324,TRANSFER,79594.12,LD000493_S,2154701.8,2075107.68,LD000493_D1,633168.24,712762.36,0,0,L10_000493,LEGITIMATE_FUND_DISPERSION,NONE,1,1,5,0,9,323205.28,0.03694,0.125708,ONE_TO_MANY,NORMAL
L10_002462,327,TRANSFER,26051.36,LD000493_S,2075107.68,2049056.32,LD000493_D2,679121.03,705172.39,0,0,L10_000493,LEGITIMATE_FUND_DISPERSION,NONE,1,2,5,3,9,323205.28,0.012554,0.03836,ONE_TO_MANY,NORMAL
L10_002463,328,TRANSFER,81506.03,LD000493_S,2049056.32,1967550.29,LD000493_D3,891513.54,973019.57,0,0,L10_000493,LEGITIMATE_FUND_DISPERSION,NONE,1,3,5,1,9,323205.28,0.039777,0.091424,ONE_TO_MANY,NORMAL
L10_002464,331,TRANSFER,68594.95,LD000493_S,1967550.29,1898955.34,LD000493_D4,389953.99,458548.94,0,0,L10_000493,LEGITIMATE_FUND_DISPERSION,NONE,1,4,5,3,9,323205.28,0.034863,0.175905,ONE_TO_MANY,NORMAL
L10_002465,333,TRANSFER,67458.82,LD000493_S,1898955.34,1831496.52,LD000493_D5,944732.7,1012191.52,0,0,L10_000493,LEGITIMATE_FUND_DISPERSION,NONE,1,5,5,2,9,323205.28,0.035524,0.071405,ONE_TO_MANY,NORMAL
L10_002466,144,TRANSFER,42205.75,LD000494_S,1908455.3,1866249.55,LD000494_D1,398871.94,441077.69,0,0,L10_000494,LEGITIMATE_FUND_DISPERSION,NONE,1,1,5,0,8,286268.29,0.022115,0.105813,ONE_TO_MANY,NORMAL
L10_002467,145,TRANSFER,59240.24,LD000494_S,1866249.55,1807009.31,LD000494_D2,852695.69,911935.93,0,0,L10_000494,LEGITIMATE_FUND_DISPERSION,NONE,1,2,5,1,8,286268.29,0.031743,0.069474,ONE_TO_MANY,NORMAL
L10_002468,148,TRANSFER,65099.48,LD000494_S,1807009.31,1741909.83,LD000494_D3,443090.82,508190.3,0,0,L10_000494,LEGITIMATE_FUND_DISPERSION,NONE,1,3,5,3,8,286268.29,0.036026,0.146921,ONE_TO_MANY,NORMAL
L10_002469,149,TRANSFER,58314.61,LD000494_S,1741909.83,1683595.22,LD000494_D4,1273715.38,1332029.99,0,0,L10_000494,LEGITIMATE_FUND_DISPERSION,NONE,1,4,5,1,8,286268.29,0.033477,0.045783,ONE_TO_MANY,NORMAL
L10_002470,152,TRANSFER,61408.21,LD000494_S,1683595.22,1622187.01,LD000494_D5,1041273.86,1102682.07,0,0,L10_000494,LEGITIMATE_FUND_DISPERSION,NONE,1,5,5,3,8,286268.29,0.036474,0.058974,ONE_TO_MANY,NORMAL
L10_002471,200,TRANSFER,58822.44,LD000495_S,2370123.01,2311300.57,LD000495_D1,417145.31,475967.75,0,0,L10_000495,LEGITIMATE_FUND_DISPERSION,NONE,1,1,5,0,6,355518.45,0.024818,0.141012,ONE_TO_MANY,NORMAL
L10_002472,201,TRANSFER,80694.93,LD000495_S,2311300.57,2230605.64,LD000495_D2,1028409.96,1109104.89,0,0,L10_000495,LEGITIMATE_FUND_DISPERSION,NONE,1,2,5,1,6,355518.45,0.034913,0.078466,ONE_TO_MANY,NORMAL
L10_002473,202,TRANSFER,48868.3,LD000495_S,2230605.64,2181737.34,LD000495_D3,819571.59,868439.89,0,0,L10_000495,LEGITIMATE_FUND_DISPERSION,NONE,1,3,5,1,6,355518.45,0.021908,0.059627,ONE_TO_MANY,NORMAL
L10_002474,205,TRANSFER,59407.73,LD000495_S,2181737.34,2122329.61,LD000495_D4,893712.94,953120.67,0,0,L10_000495,LEGITIMATE_FUND_DISPERSION,NONE,1,4,5,3,6,355518.45,0.02723,0.066473,ONE_TO_MANY,NORMAL
L10_002475,206,TRANSFER,107725.05,LD000495_S,2122329.61,2014604.56,LD000495_D5,498045.35,605770.4,0,0,L10_000495,LEGITIMATE_FUND_DISPERSION,NONE,1,5,5,1,6,355518.45,0.050758,0.216296,ONE_TO_MANY,NORMAL
L10_002476,69,TRANSFER,77311.94,LD000496_S,2467101.6,2389789.66,LD000496_D1,880479.31,957791.25,0,0,L10_000496,LEGITIMATE_FUND_DISPERSION,NONE,1,1,5,0,6,370065.24,0.031337,0.087807,ONE_TO_MANY,NORMAL
L10_002477,70,TRANSFER,89007.04,LD000496_S,2389789.66,2300782.62,LD000496_D2,1186536.33,1275543.37,0,0,L10_000496,LEGITIMATE_FUND_DISPERSION,NONE,1,2,5,1,6,370065.24,0.037245,0.075014,ONE_TO_MANY,NORMAL
L10_002478,73,TRANSFER,101701.83,LD000496_S,2300782.62,2199080.79,LD000496_D3,844250.51,945952.34,0,0,L10_000496,LEGITIMATE_FUND_DISPERSION,NONE,1,3,5,3,6,370065.24,0.044203,0.120464,ONE_TO_MANY,NORMAL
L10_002479,74,TRANSFER,79656.74,LD000496_S,2199080.79,2119424.05,LD000496_D4,1215122.24,1294778.98,0,0,L10_000496,LEGITIMATE_FUND_DISPERSION,NONE,1,4,5,1,6,370065.24,0.036223,0.065555,ONE_TO_MANY,NORMAL
L10_002480,75,TRANSFER,22387.69,LD000496_S,2119424.05,2097036.36,LD000496_D5,1096576.84,1118964.53,0,0,L10_000496,LEGITIMATE_FUND_DISPERSION,NONE,1,5,5,1,6,370065.24,0.010563,0.020416,ONE_TO_MANY,NORMAL
L10_002481,581,TRANSFER,55916.83,LD000497_S,1942802.61,1886885.78,LD000497_D1,657497.87,713414.7,0,0,L10_000497,LEGITIMATE_FUND_DISPERSION,NONE,1,1,5,0,5,291420.4,0.028782,0.085045,ONE_TO_MANY,NORMAL
L10_002482,582,TRANSFER,46695.73,LD000497_S,1886885.78,1840190.05,LD000497_D2,1262028.27,1308724.0,0,0,L10_000497,LEGITIMATE_FUND_DISPERSION,NONE,1,2,5,1,5,291420.4,0.024748,0.037001,ONE_TO_MANY,NORMAL
L10_002483,584,TRANSFER,60737.37,LD000497_S,1840190.05,1779452.68,LD000497_D3,656588.99,717326.36,0,0,L10_000497,LEGITIMATE_FUND_DISPERSION,NONE,1,3,5,2,5,291420.4,0.033006,0.092504,ONE_TO_MANY,NORMAL
L10_002484,585,TRANSFER,63749.92,LD000497_S,1779452.68,1715702.76,LD000497_D4,955852.56,1019602.48,0,0,L10_000497,LEGITIMATE_FUND_DISPERSION,NONE,1,4,5,1,5,291420.4,0.035826,0.066694,ONE_TO_MANY,NORMAL
L10_002485,586,TRANSFER,64320.55,LD000497_S,1715702.76,1651382.21,LD000497_D5,811022.64,875343.19,0,0,L10_000497,LEGITIMATE_FUND_DISPERSION,NONE,1,5,5,1,5,291420.4,0.037489,0.079308,ONE_TO_MANY,NORMAL
L10_002486,231,TRANSFER,95909.17,LD000498_S,2251674.51,2155765.34,LD000498_D1,980671.55,1076580.72,0,0,L10_000498,LEGITIMATE_FUND_DISPERSION,NONE,1,1,5,0,6,337751.18,0.042595,0.097799,ONE_TO_MANY,NORMAL
L10_002487,233,TRANSFER,35365.55,LD000498_S,2155765.34,2120399.79,LD000498_D2,766424.6,801790.15,0,0,L10_000498,LEGITIMATE_FUND_DISPERSION,NONE,1,2,5,2,6,337751.18,0.016405,0.046144,ONE_TO_MANY,NORMAL
L10_002488,234,TRANSFER,79551.6,LD000498_S,2120399.79,2040848.19,LD000498_D3,499036.67,578588.27,0,0,L10_000498,LEGITIMATE_FUND_DISPERSION,NONE,1,3,5,1,6,337751.18,0.037517,0.15941,ONE_TO_MANY,NORMAL
L10_002489,235,TRANSFER,39627.27,LD000498_S,2040848.19,2001220.92,LD000498_D4,840791.4,880418.67,0,0,L10_000498,LEGITIMATE_FUND_DISPERSION,NONE,1,4,5,1,6,337751.18,0.019417,0.047131,ONE_TO_MANY,NORMAL
L10_002490,237,TRANSFER,87297.59,LD000498_S,2001220.92,1913923.33,LD000498_D5,1201743.3,1289040.89,0,0,L10_000498,LEGITIMATE_FUND_DISPERSION,NONE,1,5,5,2,6,337751.18,0.043622,0.072642,ONE_TO_MANY,NORMAL
L10_002491,750,TRANSFER,50173.49,LD000499_S,1334417.71,1284244.22,LD000499_D1,819820.82,869994.31,0,0,L10_000499,LEGITIMATE_FUND_DISPERSION,NONE,1,1,5,0,11,200162.66,0.0376,0.061201,ONE_TO_MANY,NORMAL
L10_002492,753,TRANSFER,27472.71,LD000499_S,1284244.22,1256771.51,LD000499_D2,862503.49,889976.2,0,0,L10_000499,LEGITIMATE_FUND_DISPERSION,NONE,1,2,5,3,11,200162.66,0.021392,0.031852,ONE_TO_MANY,NORMAL
L10_002493,755,TRANSFER,29814.53,LD000499_S,1256771.51,1226956.98,LD000499_D3,808711.76,838526.29,0,0,L10_000499,LEGITIMATE_FUND_DISPERSION,NONE,1,3,5,2,11,200162.66,0.023723,0.036867,ONE_TO_MANY,NORMAL
L10_002494,758,TRANSFER,39966.71,LD000499_S,1226956.98,1186990.27,LD000499_D4,824054.76,864021.47,0,0,L10_000499,LEGITIMATE_FUND_DISPERSION,NONE,1,4,5,3,11,200162.66,0.032574,0.0485,ONE_TO_MANY,NORMAL
L10_002495,761,TRANSFER,52735.22,LD000499_S,1186990.27,1134255.05,LD000499_D5,941652.33,994387.55,0,0,L10_000499,LEGITIMATE_FUND_DISPERSION,NONE,1,5,5,3,11,200162.66,0.044428,0.056003,ONE_TO_MANY,NORMAL
L10_002496,554,TRANSFER,80689.43,LD000500_S,2365404.9,2284715.47,LD000500_D1,458434.77,539124.2,0,0,L10_000500,LEGITIMATE_FUND_DISPERSION,NONE,1,1,5,0,8,354810.73,0.034112,0.176011,ONE_TO_MANY,NORMAL
L10_002497,557,TRANSFER,29272.26,LD000500_S,2284715.47,2255443.21,LD000500_D2,944694.57,973966.83,0,0,L10_000500,LEGITIMATE_FUND_DISPERSION,NONE,1,2,5,3,8,354810.73,0.012812,0.030986,ONE_TO_MANY,NORMAL
L10_002498,558,TRANSFER,64796.52,LD000500_S,2255443.21,2190646.69,LD000500_D3,947297.69,1012094.21,0,0,L10_000500,LEGITIMATE_FUND_DISPERSION,NONE,1,3,5,1,8,354810.73,0.028729,0.068401,ONE_TO_MANY,NORMAL
L10_002499,561,TRANSFER,131480.12,LD000500_S,2190646.69,2059166.57,LD000500_D4,1165894.15,1297374.27,0,0,L10_000500,LEGITIMATE_FUND_DISPERSION,NONE,1,4,5,3,8,354810.73,0.060019,0.112772,ONE_TO_MANY,NORMAL
L10_002500,562,TRANSFER,48572.4,LD000500_S,2059166.57,2010594.17,LD000500_D5,1042369.97,1090942.37,0,0,L10_000500,LEGITIMATE_FUND_DISPERSION,NONE,1,5,5,1,8,354810.73,0.023588,0.046598,ONE_TO_MANY,NORMAL
L10_002501,503,TRANSFER,112054.66,LD000501_S,1579765.21,1467710.55,LD000501_D1,1243642.69,1355697.35,0,0,L10_000501,LEGITIMATE_FUND_DISPERSION,NONE,1,1,5,0,11,236964.78,0.070931,0.090102,ONE_TO_MANY,NORMAL
L10_002502,506,TRANSFER,20557.62,LD000501_S,1467710.55,1447152.93,LD000501_D2,463135.33,483692.95,0,0,L10_000501,LEGITIMATE_FUND_DISPERSION,NONE,1,2,5,3,11,236964.78,0.014007,0.044388,ONE_TO_MANY,NORMAL
L10_002503,509,TRANSFER,23089.45,LD000501_S,1447152.93,1424063.48,LD000501_D3,1223695.18,1246784.63,0,0,L10_000501,LEGITIMATE_FUND_DISPERSION,NONE,1,3,5,3,11,236964.78,0.015955,0.018869,ONE_TO_MANY,NORMAL
L10_002504,511,TRANSFER,66557.18,LD000501_S,1424063.48,1357506.3,LD000501_D4,411241.5,477798.68,0,0,L10_000501,LEGITIMATE_FUND_DISPERSION,NONE,1,4,5,2,11,236964.78,0.046738,0.161845,ONE_TO_MANY,NORMAL
L10_002505,514,TRANSFER,14705.87,LD000501_S,1357506.3,1342800.43,LD000501_D5,1028474.37,1043180.24,0,0,L10_000501,LEGITIMATE_FUND_DISPERSION,NONE,1,5,5,3,11,236964.78,0.010833,0.014299,ONE_TO_MANY,NORMAL
L10_002506,169,TRANSFER,15469.39,LD000502_S,2499855.35,2484385.96,LD000502_D1,584592.79,600062.18,0,0,L10_000502,LEGITIMATE_FUND_DISPERSION,NONE,1,1,5,0,10,174760.41,0.006188,0.026462,ONE_TO_MANY,NORMAL
L10_002507,172,TRANSFER,36883.16,LD000502_S,2484385.96,2447502.8,LD000502_D2,626921.64,663804.8,0,0,L10_000502,LEGITIMATE_FUND_DISPERSION,NONE,1,2,5,3,10,174760.41,0.014846,0.058832,ONE_TO_MANY,NORMAL
L10_002508,173,TRANSFER,46774.25,LD000502_S,2447502.8,2400728.55,LD000502_D3,1089706.13,1136480.38,0,0,L10_000502,LEGITIMATE_FUND_DISPERSION,NONE,1,3,5,1,10,174760.41,0.019111,0.042924,ONE_TO_MANY,NORMAL
L10_002509,176,TRANSFER,24297.16,LD000502_S,2400728.55,2376431.39,LD000502_D4,930082.78,954379.94,0,0,L10_000502,LEGITIMATE_FUND_DISPERSION,NONE,1,4,5,3,10,174760.41,0.010121,0.026124,ONE_TO_MANY,NORMAL
L10_002510,179,TRANSFER,51336.45,LD000502_S,2376431.39,2325094.94,LD000502_D5,936619.03,987955.48,0,0,L10_000502,LEGITIMATE_FUND_DISPERSION,NONE,1,5,5,3,10,174760.41,0.021602,0.05481,ONE_TO_MANY,NORMAL
L10_002511,434,TRANSFER,32443.34,LD000503_S,2407391.56,2374948.22,LD000503_D1,1237716.99,1270160.33,0,0,L10_000503,LEGITIMATE_FUND_DISPERSION,NONE,1,1,5,0,8,361108.73,0.013477,0.026212,ONE_TO_MANY,NORMAL
L10_002512,436,TRANSFER,78446.08,LD000503_S,2374948.22,2296502.14,LD000503_D2,973852.86,1052298.94,0,0,L10_000503,LEGITIMATE_FUND_DISPERSION,NONE,1,2,5,2,8,361108.73,0.033031,0.080552,ONE_TO_MANY,NORMAL
L10_002513,438,TRANSFER,89728.28,LD000503_S,2296502.14,2206773.86,LD000503_D3,830044.65,919772.93,0,0,L10_000503,LEGITIMATE_FUND_DISPERSION,NONE,1,3,5,2,8,361108.73,0.039072,0.108101,ONE_TO_MANY,NORMAL
L10_002514,441,TRANSFER,96355.47,LD000503_S,2206773.86,2110418.39,LD000503_D4,804513.43,900868.9,0,0,L10_000503,LEGITIMATE_FUND_DISPERSION,NONE,1,4,5,3,8,361108.73,0.043663,0.119769,ONE_TO_MANY,NORMAL
L10_002515,442,TRANSFER,64135.56,LD000503_S,2110418.39,2046282.83,LD000503_D5,597512.06,661647.62,0,0,L10_000503,LEGITIMATE_FUND_DISPERSION,NONE,1,5,5,1,8,361108.73,0.03039,0.107338,ONE_TO_MANY,NORMAL
L10_002516,457,TRANSFER,124325.5,LD000504_S,2267293.17,2142967.67,LD000504_D1,405121.22,529446.72,0,0,L10_000504,LEGITIMATE_FUND_DISPERSION,NONE,1,1,5,0,9,340093.98,0.054834,0.306885,ONE_TO_MANY,NORMAL
L10_002517,459,TRANSFER,31066.8,LD000504_S,2142967.67,2111900.87,LD000504_D2,632531.74,663598.54,0,0,L10_000504,LEGITIMATE_FUND_DISPERSION,NONE,1,2,5,2,9,340093.98,0.014497,0.049115,ONE_TO_MANY,NORMAL
L10_002518,460,TRANSFER,53838.45,LD000504_S,2111900.87,2058062.42,LD000504_D3,899791.41,953629.86,0,0,L10_000504,LEGITIMATE_FUND_DISPERSION,NONE,1,3,5,1,9,340093.98,0.025493,0.059834,ONE_TO_MANY,NORMAL
L10_002519,463,TRANSFER,26724.29,LD000504_S,2058062.42,2031338.13,LD000504_D4,796242.13,822966.42,0,0,L10_000504,LEGITIMATE_FUND_DISPERSION,NONE,1,4,5,3,9,340093.98,0.012985,0.033563,ONE_TO_MANY,NORMAL
L10_002520,466,TRANSFER,104138.94,LD000504_S,2031338.13,1927199.19,LD000504_D5,683135.26,787274.2,0,0,L10_000504,LEGITIMATE_FUND_DISPERSION,NONE,1,5,5,3,9,340093.98,0.051266,0.152443,ONE_TO_MANY,NORMAL
L10_002521,510,TRANSFER,32210.55,LD000505_S,1444275.2,1412064.65,LD000505_D1,499114.81,531325.36,0,0,L10_000505,LEGITIMATE_FUND_DISPERSION,NONE,1,1,5,0,6,216641.28,0.022302,0.064535,ONE_TO_MANY,NORMAL
L10_002522,511,TRANSFER,23039.22,LD000505_S,1412064.65,1389025.43,LD000505_D2,1228691.6,1251730.82,0,0,L10_000505,LEGITIMATE_FUND_DISPERSION,NONE,1,2,5,1,6,216641.28,0.016316,0.018751,ONE_TO_MANY,NORMAL
L10_002523,514,TRANSFER,61641.14,LD000505_S,1389025.43,1327384.29,LD000505_D3,1177123.84,1238764.98,0,0,L10_000505,LEGITIMATE_FUND_DISPERSION,NONE,1,3,5,3,6,216641.28,0.044377,0.052366,ONE_TO_MANY,NORMAL
L10_002524,515,TRANSFER,29932.6,LD000505_S,1327384.29,1297451.69,LD000505_D4,414154.7,444087.3,0,0,L10_000505,LEGITIMATE_FUND_DISPERSION,NONE,1,4,5,1,6,216641.28,0.02255,0.072274,ONE_TO_MANY,NORMAL
L10_002525,516,TRANSFER,69817.77,LD000505_S,1297451.69,1227633.92,LD000505_D5,1007082.25,1076900.02,0,0,L10_000505,LEGITIMATE_FUND_DISPERSION,NONE,1,5,5,1,6,216641.28,0.053811,0.069327,ONE_TO_MANY,NORMAL
L10_002526,612,TRANSFER,67653.65,LD000506_S,1746973.62,1679319.97,LD000506_D1,430479.39,498133.04,0,0,L10_000506,LEGITIMATE_FUND_DISPERSION,NONE,1,1,5,0,11,219996.81,0.038726,0.157159,ONE_TO_MANY,NORMAL
L10_002527,615,TRANSFER,19991.08,LD000506_S,1679319.97,1659328.89,LD000506_D2,1128553.42,1148544.5,0,0,L10_000506,LEGITIMATE_FUND_DISPERSION,NONE,1,2,5,3,11,219996.81,0.011904,0.017714,ONE_TO_MANY,NORMAL
L10_002528,618,TRANSFER,23981.65,LD000506_S,1659328.89,1635347.24,LD000506_D3,832789.79,856771.44,0,0,L10_000506,LEGITIMATE_FUND_DISPERSION,NONE,1,3,5,3,11,219996.81,0.014453,0.028797,ONE_TO_MANY,NORMAL
L10_002529,620,TRANSFER,18804.49,LD000506_S,1635347.24,1616542.75,LD000506_D4,687416.21,706220.7,0,0,L10_000506,LEGITIMATE_FUND_DISPERSION,NONE,1,4,5,2,11,219996.81,0.011499,0.027355,ONE_TO_MANY,NORMAL
L10_002530,623,TRANSFER,89565.94,LD000506_S,1616542.75,1526976.81,LD000506_D5,1187285.76,1276851.7,0,0,L10_000506,LEGITIMATE_FUND_DISPERSION,NONE,1,5,5,3,11,219996.81,0.055406,0.075438,ONE_TO_MANY,NORMAL
L10_002531,828,TRANSFER,15444.67,LD000507_S,2418068.66,2402623.99,LD000507_D1,1187117.68,1202562.35,0,0,L10_000507,LEGITIMATE_FUND_DISPERSION,NONE,1,1,5,0,10,331631.09,0.006387,0.01301,ONE_TO_MANY,NORMAL
L10_002532,831,TRANSFER,125028.03,LD000507_S,2402623.99,2277595.96,LD000507_D2,426867.35,551895.38,0,0,L10_000507,LEGITIMATE_FUND_DISPERSION,NONE,1,2,5,3,10,331631.09,0.052038,0.292897,ONE_TO_MANY,NORMAL
L10_002533,834,TRANSFER,16936.34,LD000507_S,2277595.96,2260659.62,LD000507_D3,896568.33,913504.67,0,0,L10_000507,LEGITIMATE_FUND_DISPERSION,NONE,1,3,5,3,10,331631.09,0.007436,0.01889,ONE_TO_MANY,NORMAL
L10_002534,836,TRANSFER,88948.14,LD000507_S,2260659.62,2171711.48,LD000507_D4,1132638.49,1221586.63,0,0,L10_000507,LEGITIMATE_FUND_DISPERSION,NONE,1,4,5,2,10,331631.09,0.039346,0.078532,ONE_TO_MANY,NORMAL
L10_002535,838,TRANSFER,85273.91,LD000507_S,2171711.48,2086437.57,LD000507_D5,614373.44,699647.35,0,0,L10_000507,LEGITIMATE_FUND_DISPERSION,NONE,1,5,5,2,10,331631.09,0.039266,0.138798,ONE_TO_MANY,NORMAL
L10_002536,353,TRANSFER,30748.9,LD000508_S,1845910.23,1815161.33,LD000508_D1,602370.0,633118.9,0,0,L10_000508,LEGITIMATE_FUND_DISPERSION,NONE,1,1,5,0,4,276886.54,0.016658,0.051047,ONE_TO_MANY,NORMAL
L10_002537,354,TRANSFER,28291.12,LD000508_S,1815161.33,1786870.21,LD000508_D2,478731.07,507022.19,0,0,L10_000508,LEGITIMATE_FUND_DISPERSION,NONE,1,2,5,1,4,276886.54,0.015586,0.059096,ONE_TO_MANY,NORMAL
L10_002538,355,TRANSFER,72960.5,LD000508_S,1786870.21,1713909.71,LD000508_D3,839984.14,912944.64,0,0,L10_000508,LEGITIMATE_FUND_DISPERSION,NONE,1,3,5,1,4,276886.54,0.040831,0.086859,ONE_TO_MANY,NORMAL
L10_002539,356,TRANSFER,34277.02,LD000508_S,1713909.71,1679632.69,LD000508_D4,746284.18,780561.2,0,0,L10_000508,LEGITIMATE_FUND_DISPERSION,NONE,1,4,5,1,4,276886.54,0.019999,0.04593,ONE_TO_MANY,NORMAL
L10_002540,357,TRANSFER,110609.0,LD000508_S,1679632.69,1569023.69,LD000508_D5,833554.28,944163.28,0,0,L10_000508,LEGITIMATE_FUND_DISPERSION,NONE,1,5,5,1,4,276886.54,0.065853,0.132696,ONE_TO_MANY,NORMAL
L10_002541,874,TRANSFER,15234.05,LD000509_S,1887878.22,1872644.17,LD000509_D1,1244553.38,1259787.43,0,0,L10_000509,LEGITIMATE_FUND_DISPERSION,NONE,1,1,5,0,8,283181.73,0.008069,0.012241,ONE_TO_MANY,NORMAL
L10_002542,876,TRANSFER,47816.5,LD000509_S,1872644.17,1824827.67,LD000509_D2,1075549.84,1123366.34,0,0,L10_000509,LEGITIMATE_FUND_DISPERSION,NONE,1,2,5,2,8,283181.73,0.025534,0.044458,ONE_TO_MANY,NORMAL
L10_002543,879,TRANSFER,116846.71,LD000509_S,1824827.67,1707980.96,LD000509_D3,1022033.93,1138880.64,0,0,L10_000509,LEGITIMATE_FUND_DISPERSION,NONE,1,3,5,3,8,283181.73,0.064032,0.114328,ONE_TO_MANY,NORMAL
L10_002544,880,TRANSFER,34435.41,LD000509_S,1707980.96,1673545.55,LD000509_D4,473987.9,508423.31,0,0,L10_000509,LEGITIMATE_FUND_DISPERSION,NONE,1,4,5,1,8,283181.73,0.020161,0.07265,ONE_TO_MANY,NORMAL
L10_002545,882,TRANSFER,68849.06,LD000509_S,1673545.55,1604696.49,LD000509_D5,950500.65,1019349.71,0,0,L10_000509,LEGITIMATE_FUND_DISPERSION,NONE,1,5,5,2,8,283181.73,0.04114,0.072435,ONE_TO_MANY,NORMAL
L10_002546,886,TRANSFER,39525.73,LD000510_S,2528431.03,2488905.3,LD000510_D1,980170.77,1019696.5,0,0,L10_000510,LEGITIMATE_FUND_DISPERSION,NONE,1,1,5,0,7,328049.13,0.015633,0.040325,ONE_TO_MANY,NORMAL
L10_002547,887,TRANSFER,61435.48,LD000510_S,2488905.3,2427469.82,LD000510_D2,1018870.52,1080306.0,0,0,L10_000510,LEGITIMATE_FUND_DISPERSION,NONE,1,2,5,1,7,328049.13,0.024684,0.060298,ONE_TO_MANY,NORMAL
L10_002548,889,TRANSFER,82848.53,LD000510_S,2427469.82,2344621.29,LD000510_D3,814885.4,897733.93,0,0,L10_000510,LEGITIMATE_FUND_DISPERSION,NONE,1,3,5,2,7,328049.13,0.03413,0.101669,ONE_TO_MANY,NORMAL
L10_002549,892,TRANSFER,44222.85,LD000510_S,2344621.29,2300398.44,LD000510_D4,635568.15,679791.0,0,0,L10_000510,LEGITIMATE_FUND_DISPERSION,NONE,1,4,5,3,7,328049.13,0.018861,0.06958,ONE_TO_MANY,NORMAL
L10_002550,893,TRANSFER,100016.54,LD000510_S,2300398.44,2200381.9,LD000510_D5,554806.42,654822.96,0,0,L10_000510,LEGITIMATE_FUND_DISPERSION,NONE,1,5,5,1,7,328049.13,0.043478,0.180273,ONE_TO_MANY,NORMAL
L10_002551,170,TRANSFER,25927.58,LD000511_S,1457520.82,1431593.24,LD000511_D1,829166.98,855094.56,0,0,L10_000511,LEGITIMATE_FUND_DISPERSION,NONE,1,1,5,0,6,218628.12,0.017789,0.031269,ONE_TO_MANY,NORMAL
L10_002552,171,TRANSFER,46183.03,LD000511_S,1431593.24,1385410.21,LD000511_D2,756371.51,802554.54,0,0,L10_000511,LEGITIMATE_FUND_DISPERSION,NONE,1,2,5,1,6,218628.12,0.03226,0.061059,ONE_TO_MANY,NORMAL
L10_002553,173,TRANSFER,70456.71,LD000511_S,1385410.21,1314953.5,LD000511_D3,403032.06,473488.77,0,0,L10_000511,LEGITIMATE_FUND_DISPERSION,NONE,1,3,5,2,6,218628.12,0.050856,0.174817,ONE_TO_MANY,NORMAL
L10_002554,174,TRANSFER,66405.91,LD000511_S,1314953.5,1248547.59,LD000511_D4,396242.03,462647.94,0,0,L10_000511,LEGITIMATE_FUND_DISPERSION,NONE,1,4,5,1,6,218628.12,0.050501,0.167589,ONE_TO_MANY,NORMAL
L10_002555,176,TRANSFER,9654.89,LD000511_S,1248547.59,1238892.7,LD000511_D5,1231558.06,1241212.95,0,0,L10_000511,LEGITIMATE_FUND_DISPERSION,NONE,1,5,5,2,6,218628.12,0.007733,0.00784,ONE_TO_MANY,NORMAL
L10_002556,281,TRANSFER,37804.7,LD000512_S,2498509.82,2460705.12,LD000512_D1,401391.97,439196.67,0,0,L10_000512,LEGITIMATE_FUND_DISPERSION,NONE,1,1,5,0,6,374776.48,0.015131,0.094184,ONE_TO_MANY,NORMAL
L10_002557,282,TRANSFER,61238.77,LD000512_S,2460705.12,2399466.35,LD000512_D2,1279004.42,1340243.19,0,0,L10_000512,LEGITIMATE_FUND_DISPERSION,NONE,1,2,5,1,6,374776.48,0.024887,0.04788,ONE_TO_MANY,NORMAL
L10_002558,283,TRANSFER,98327.83,LD000512_S,2399466.35,2301138.52,LD000512_D3,933568.07,1031895.9,0,0,L10_000512,LEGITIMATE_FUND_DISPERSION,NONE,1,3,5,1,6,374776.48,0.040979,0.105325,ONE_TO_MANY,NORMAL
L10_002559,286,TRANSFER,68645.35,LD000512_S,2301138.52,2232493.17,LD000512_D4,729739.64,798384.99,0,0,L10_000512,LEGITIMATE_FUND_DISPERSION,NONE,1,4,5,3,6,374776.48,0.029831,0.094068,ONE_TO_MANY,NORMAL
L10_002560,287,TRANSFER,108759.83,LD000512_S,2232493.17,2123733.34,LD000512_D5,1151016.89,1259776.72,0,0,L10_000512,LEGITIMATE_FUND_DISPERSION,NONE,1,5,5,1,6,374776.48,0.048717,0.09449,ONE_TO_MANY,NORMAL
L10_002561,564,TRANSFER,77364.13,LD000513_S,2457781.33,2380417.2,LD000513_D1,1124865.97,1202230.1,0,0,L10_000513,LEGITIMATE_FUND_DISPERSION,NONE,1,1,5,0,8,330562.52,0.031477,0.068776,ONE_TO_MANY,NORMAL
L10_002562,566,TRANSFER,30834.99,LD000513_S,2380417.2,2349582.21,LD000513_D2,462160.97,492995.96,0,0,L10_000513,LEGITIMATE_FUND_DISPERSION,NONE,1,2,5,2,8,330562.52,0.012954,0.066719,ONE_TO_MANY,NORMAL
L10_002563,569,TRANSFER,69657.8,LD000513_S,2349582.21,2279924.41,LD000513_D3,681804.19,751461.99,0,0,L10_000513,LEGITIMATE_FUND_DISPERSION,NONE,1,3,5,3,8,330562.52,0.029647,0.102167,ONE_TO_MANY,NORMAL
L10_002564,570,TRANSFER,17005.06,LD000513_S,2279924.41,2262919.35,LD000513_D4,513490.73,530495.79,0,0,L10_000513,LEGITIMATE_FUND_DISPERSION,NONE,1,4,5,1,8,330562.52,0.007459,0.033117,ONE_TO_MANY,NORMAL
L10_002565,572,TRANSFER,135700.54,LD000513_S,2262919.35,2127218.81,LD000513_D5,727309.82,863010.36,0,0,L10_000513,LEGITIMATE_FUND_DISPERSION,NONE,1,5,5,2,8,330562.52,0.059967,0.186579,ONE_TO_MANY,NORMAL
L10_002566,76,TRANSFER,65152.23,LD000514_S,1622628.35,1557476.12,LD000514_D1,1227759.22,1292911.45,0,0,L10_000514,LEGITIMATE_FUND_DISPERSION,NONE,1,1,5,0,10,243394.25,0.040152,0.053066,ONE_TO_MANY,NORMAL
L10_002567,78,TRANSFER,19854.93,LD000514_S,1557476.12,1537621.19,LD000514_D2,1093855.67,1113710.6,0,0,L10_000514,LEGITIMATE_FUND_DISPERSION,NONE,1,2,5,2,10,243394.25,0.012748,0.018151,ONE_TO_MANY,NORMAL
L10_002568,81,TRANSFER,109804.88,LD000514_S,1537621.19,1427816.31,LD000514_D3,576399.69,686204.57,0,0,L10_000514,LEGITIMATE_FUND_DISPERSION,NONE,1,3,5,3,10,243394.25,0.071412,0.190501,ONE_TO_MANY,NORMAL
L10_002569,83,TRANSFER,12938.95,LD000514_S,1427816.31,1414877.36,LD000514_D4,911426.42,924365.37,0,0,L10_000514,LEGITIMATE_FUND_DISPERSION,NONE,1,4,5,2,10,243394.25,0.009062,0.014196,ONE_TO_MANY,NORMAL
L10_002570,86,TRANSFER,35643.26,LD000514_S,1414877.36,1379234.1,LD000514_D5,1242069.91,1277713.17,0,0,L10_000514,LEGITIMATE_FUND_DISPERSION,NONE,1,5,5,3,10,243394.25,0.025192,0.028697,ONE_TO_MANY,NORMAL
L10_002571,450,TRANSFER,56029.04,LD000515_S,1819859.72,1763830.68,LD000515_D1,901398.83,957427.87,0,0,L10_000515,LEGITIMATE_FUND_DISPERSION,NONE,1,1,5,0,11,272978.96,0.030788,0.062158,ONE_TO_MANY,NORMAL
L10_002572,452,TRANSFER,74071.6,LD000515_S,1763830.68,1689759.08,LD000515_D2,945388.1,1019459.7,0,0,L10_000515,LEGITIMATE_FUND_DISPERSION,NONE,1,2,5,2,11,272978.96,0.041995,0.07835,ONE_TO_MANY,NORMAL
L10_002573,455,TRANSFER,55469.43,LD000515_S,1689759.08,1634289.65,LD000515_D3,975058.49,1030527.92,0,0,L10_000515,LEGITIMATE_FUND_DISPERSION,NONE,1,3,5,3,11,272978.96,0.032827,0.056888,ONE_TO_MANY,NORMAL
L10_002574,458,TRANSFER,20171.54,LD000515_S,1634289.65,1614118.11,LD000515_D4,394052.73,414224.27,0,0,L10_000515,LEGITIMATE_FUND_DISPERSION,NONE,1,4,5,3,11,272978.96,0.012343,0.05119,ONE_TO_MANY,NORMAL
L10_002575,461,TRANSFER,67237.35,LD000515_S,1614118.11,1546880.76,LD000515_D5,554404.6,621641.95,0,0,L10_000515,LEGITIMATE_FUND_DISPERSION,NONE,1,5,5,3,11,272978.96,0.041656,0.121278,ONE_TO_MANY,NORMAL
L10_002576,543,TRANSFER,16931.01,LD000516_S,1404872.09,1387941.08,LD000516_D1,1251126.62,1268057.63,0,0,L10_000516,LEGITIMATE_FUND_DISPERSION,NONE,1,1,5,0,9,210730.81,0.012052,0.013533,ONE_TO_MANY,NORMAL
L10_002577,546,TRANSFER,37632.86,LD000516_S,1387941.08,1350308.22,LD000516_D2,534257.64,571890.5,0,0,L10_000516,LEGITIMATE_FUND_DISPERSION,NONE,1,2,5,3,9,210730.81,0.027114,0.07044,ONE_TO_MANY,NORMAL
L10_002578,549,TRANSFER,51026.13,LD000516_S,1350308.22,1299282.09,LD000516_D3,908733.03,959759.16,0,0,L10_000516,LEGITIMATE_FUND_DISPERSION,NONE,1,3,5,3,9,210730.81,0.037789,0.056151,ONE_TO_MANY,NORMAL
L10_002579,551,TRANSFER,54370.72,LD000516_S,1299282.09,1244911.37,LD000516_D4,1057237.97,1111608.69,0,0,L10_000516,LEGITIMATE_FUND_DISPERSION,NONE,1,4,5,2,9,210730.81,0.041847,0.051427,ONE_TO_MANY,NORMAL
L10_002580,552,TRANSFER,50770.09,LD000516_S,1244911.37,1194141.28,LD000516_D5,923124.85,973894.94,0,0,L10_000516,LEGITIMATE_FUND_DISPERSION,NONE,1,5,5,1,9,210730.81,0.040782,0.054998,ONE_TO_MANY,NORMAL
L10_002581,99,TRANSFER,74846.35,LD000517_S,2053074.79,1978228.44,LD000517_D1,709438.25,784284.6,0,0,L10_000517,LEGITIMATE_FUND_DISPERSION,NONE,1,1,5,0,10,307961.22,0.036456,0.105501,ONE_TO_MANY,NORMAL
L10_002582,100,TRANSFER,73891.76,LD000517_S,1978228.44,1904336.68,LD000517_D2,638982.02,712873.78,0,0,L10_000517,LEGITIMATE_FUND_DISPERSION,NONE,1,2,5,1,10,307961.22,0.037352,0.11564,ONE_TO_MANY,NORMAL
L10_002583,103,TRANSFER,51532.65,LD000517_S,1904336.68,1852804.03,LD000517_D3,639058.92,690591.57,0,0,L10_000517,LEGITIMATE_FUND_DISPERSION,NONE,1,3,5,3,10,307961.22,0.027061,0.080638,ONE_TO_MANY,NORMAL
L10_002584,106,TRANSFER,50154.92,LD000517_S,1852804.03,1802649.11,LD000517_D4,658805.72,708960.64,0,0,L10_000517,LEGITIMATE_FUND_DISPERSION,NONE,1,4,5,3,10,307961.22,0.02707,0.07613,ONE_TO_MANY,NORMAL
L10_002585,109,TRANSFER,57535.54,LD000517_S,1802649.11,1745113.57,LD000517_D5,446302.93,503838.47,0,0,L10_000517,LEGITIMATE_FUND_DISPERSION,NONE,1,5,5,3,10,307961.22,0.031917,0.128916,ONE_TO_MANY,NORMAL
L10_002586,474,TRANSFER,71701.07,LD000518_S,1537910.39,1466209.32,LD000518_D1,406573.02,478274.09,0,0,L10_000518,LEGITIMATE_FUND_DISPERSION,NONE,1,1,5,0,7,230686.55,0.046622,0.176355,ONE_TO_MANY,NORMAL
L10_002587,476,TRANSFER,65024.7,LD000518_S,1466209.32,1401184.62,LD000518_D2,540306.74,605331.44,0,0,L10_000518,LEGITIMATE_FUND_DISPERSION,NONE,1,2,5,2,7,230686.55,0.044349,0.120348,ONE_TO_MANY,NORMAL
L10_002588,477,TRANSFER,39727.38,LD000518_S,1401184.62,1361457.24,LD000518_D3,937163.71,976891.09,0,0,L10_000518,LEGITIMATE_FUND_DISPERSION,NONE,1,3,5,1,7,230686.55,0.028353,0.042391,ONE_TO_MANY,NORMAL
L10_002589,480,TRANSFER,18592.22,LD000518_S,1361457.24,1342865.02,LD000518_D4,1153795.7,1172387.92,0,0,L10_000518,LEGITIMATE_FUND_DISPERSION,NONE,1,4,5,3,7,230686.55,0.013656,0.016114,ONE_TO_MANY,NORMAL
L10_002590,481,TRANSFER,35641.18,LD000518_S,1342865.02,1307223.84,LD000518_D5,684565.28,720206.46,0,0,L10_000518,LEGITIMATE_FUND_DISPERSION,NONE,1,5,5,1,7,230686.55,0.026541,0.052064,ONE_TO_MANY,NORMAL
L10_002591,565,TRANSFER,25695.55,LD000519_S,1374601.06,1348905.51,LD000519_D1,727001.29,752696.84,0,0,L10_000519,LEGITIMATE_FUND_DISPERSION,NONE,1,1,5,0,9,206190.16,0.018693,0.035345,ONE_TO_MANY,NORMAL
L10_002592,567,TRANSFER,20368.58,LD000519_S,1348905.51,1328536.93,LD000519_D2,622108.95,642477.53,0,0,L10_000519,LEGITIMATE_FUND_DISPERSION,NONE,1,2,5,2,9,206190.16,0.0151,0.032741,ONE_TO_MANY,NORMAL
L10_002593,568,TRANSFER,83194.2,LD000519_S,1328536.93,1245342.73,LD000519_D3,412015.28,495209.48,0,0,L10_000519,LEGITIMATE_FUND_DISPERSION,NONE,1,3,5,1,9,206190.16,0.062621,0.20192,ONE_TO_MANY,NORMAL
L10_002594,571,TRANSFER,65961.01,LD000519_S,1245342.73,1179381.72,LD000519_D4,750502.26,816463.27,0,0,L10_000519,LEGITIMATE_FUND_DISPERSION,NONE,1,4,5,3,9,206190.16,0.052966,0.087889,ONE_TO_MANY,NORMAL
L10_002595,574,TRANSFER,10970.82,LD000519_S,1179381.72,1168410.9,LD000519_D5,1174745.68,1185716.5,0,0,L10_000519,LEGITIMATE_FUND_DISPERSION,NONE,1,5,5,3,9,206190.16,0.009302,0.009339,ONE_TO_MANY,NORMAL
L10_002596,466,TRANSFER,29163.18,LD000520_S,1634700.08,1605536.9,LD000520_D1,1239287.98,1268451.16,0,0,L10_000520,LEGITIMATE_FUND_DISPERSION,NONE,1,1,5,0,12,223228.27,0.01784,0.023532,ONE_TO_MANY,NORMAL
L10_002597,469,TRANSFER,115598.02,LD000520_S,1605536.9,1489938.88,LD000520_D2,926101.23,1041699.25,0,0,L10_000520,LEGITIMATE_FUND_DISPERSION,NONE,1,2,5,3,12,223228.27,0.072,0.124822,ONE_TO_MANY,NORMAL
L10_002598,472,TRANSFER,15992.48,LD000520_S,1489938.88,1473946.4,LD000520_D3,488515.55,504508.03,0,0,L10_000520,LEGITIMATE_FUND_DISPERSION,NONE,1,3,5,3,12,223228.27,0.010734,0.032737,ONE_TO_MANY,NORMAL
L10_002599,475,TRANSFER,14685.22,LD000520_S,1473946.4,1459261.18,LD000520_D4,1269203.69,1283888.91,0,0,L10_000520,LEGITIMATE_FUND_DISPERSION,NONE,1,4,5,3,12,223228.27,0.009963,0.01157,ONE_TO_MANY,NORMAL
L10_002600,478,TRANSFER,47789.37,LD000520_S,1459261.18,1411471.81,LD000520_D5,616396.52,664185.89,0,0,L10_000520,LEGITIMATE_FUND_DISPERSION,NONE,1,5,5,3,12,223228.27,0.032749,0.07753,ONE_TO_MANY,NORMAL
L10_002601,256,TRANSFER,54082.58,LD000521_S,1316525.96,1262443.38,LD000521_D1,699827.3,753909.88,0,0,L10_000521,LEGITIMATE_FUND_DISPERSION,NONE,1,1,5,0,11,197478.9,0.04108,0.07728,ONE_TO_MANY,NORMAL
L10_002602,258,TRANSFER,45577.02,LD000521_S,1262443.38,1216866.36,LD000521_D2,562388.96,607965.98,0,0,L10_000521,LEGITIMATE_FUND_DISPERSION,NONE,1,2,5,2,11,197478.9,0.036102,0.081042,ONE_TO_MANY,NORMAL
L10_002603,261,TRANSFER,32166.56,LD000521_S,1216866.36,1184699.8,LD000521_D3,908687.66,940854.22,0,0,L10_000521,LEGITIMATE_FUND_DISPERSION,NONE,1,3,5,3,11,197478.9,0.026434,0.035399,ONE_TO_MANY,NORMAL
L10_002604,264,TRANSFER,39797.14,LD000521_S,1184699.8,1144902.66,LD000521_D4,485017.05,524814.19,0,0,L10_000521,LEGITIMATE_FUND_DISPERSION,NONE,1,4,5,3,11,197478.9,0.033593,0.082053,ONE_TO_MANY,NORMAL
L10_002605,267,TRANSFER,25855.6,LD000521_S,1144902.66,1119047.06,LD000521_D5,456199.55,482055.15,0,0,L10_000521,LEGITIMATE_FUND_DISPERSION,NONE,1,5,5,3,11,197478.9,0.022583,0.056676,ONE_TO_MANY,NORMAL
L10_002606,658,TRANSFER,69174.72,LD000522_S,1988978.55,1919803.83,LD000522_D1,1229909.81,1299084.53,0,0,L10_000522,LEGITIMATE_FUND_DISPERSION,NONE,1,1,5,0,10,298346.78,0.034779,0.056244,ONE_TO_MANY,NORMAL
L10_002607,659,TRANSFER,82865.61,LD000522_S,1919803.83,1836938.22,LD000522_D2,601724.19,684589.8,0,0,L10_000522,LEGITIMATE_FUND_DISPERSION,NONE,1,2,5,1,10,298346.78,0.043164,0.137714,ONE_TO_MANY,NORMAL
L10_002608,662,TRANSFER,21883.69,LD000522_S,1836938.22,1815054.53,LD000522_D3,695435.59,717319.28,0,0,L10_000522,LEGITIMATE_FUND_DISPERSION,NONE,1,3,5,3,10,298346.78,0.011913,0.031468,ONE_TO_MANY,NORMAL
L10_002609,665,TRANSFER,56400.96,LD000522_S,1815054.53,1758653.57,LD000522_D4,935796.69,992197.65,0,0,L10_000522,LEGITIMATE_FUND_DISPERSION,NONE,1,4,5,3,10,298346.78,0.031074,0.060271,ONE_TO_MANY,NORMAL
L10_002610,668,TRANSFER,68021.8,LD000522_S,1758653.57,1690631.77,LD000522_D5,1271911.95,1339933.75,0,0,L10_000522,LEGITIMATE_FUND_DISPERSION,NONE,1,5,5,3,10,298346.78,0.038678,0.05348,ONE_TO_MANY,NORMAL
L10_002611,29,TRANSFER,77640.58,LD000523_S,1788513.81,1710873.23,LD000523_D1,972247.64,1049888.22,0,0,L10_000523,LEGITIMATE_FUND_DISPERSION,NONE,1,1,5,0,10,268277.08,0.043411,0.079857,ONE_TO_MANY,NORMAL
L10_002612,32,TRANSFER,51022.83,LD000523_S,1710873.23,1659850.4,LD000523_D2,442846.56,493869.39,0,0,L10_000523,LEGITIMATE_FUND_DISPERSION,NONE,1,2,5,3,10,268277.08,0.029823,0.115216,ONE_TO_MANY,NORMAL
L10_002613,35,TRANSFER,55683.14,LD000523_S,1659850.4,1604167.26,LD000523_D3,617637.98,673321.12,0,0,L10_000523,LEGITIMATE_FUND_DISPERSION,NONE,1,3,5,3,10,268277.08,0.033547,0.090155,ONE_TO_MANY,NORMAL
L10_002614,38,TRANSFER,47675.81,LD000523_S,1604167.26,1556491.45,LD000523_D4,911456.32,959132.13,0,0,L10_000523,LEGITIMATE_FUND_DISPERSION,NONE,1,4,5,3,10,268277.08,0.02972,0.052307,ONE_TO_MANY,NORMAL
L10_002615,39,TRANSFER,36254.72,LD000523_S,1556491.45,1520236.73,LD000523_D5,448213.98,484468.7,0,0,L10_000523,LEGITIMATE_FUND_DISPERSION,NONE,1,5,5,1,10,268277.08,0.023293,0.080887,ONE_TO_MANY,NORMAL
L10_002616,449,TRANSFER,75770.57,LD000524_S,1806034.17,1730263.6,LD000524_D1,903652.52,979423.09,0,0,L10_000524,LEGITIMATE_FUND_DISPERSION,NONE,1,1,5,0,7,270905.13,0.041954,0.083849,ONE_TO_MANY,NORMAL
L10_002617,450,TRANSFER,55187.59,LD000524_S,1730263.6,1675076.01,LD000524_D2,505798.35,560985.94,0,0,L10_000524,LEGITIMATE_FUND_DISPERSION,NONE,1,2,5,1,7,270905.13,0.031895,0.10911,ONE_TO_MANY,NORMAL
L10_002618,451,TRANSFER,69114.65,LD000524_S,1675076.01,1605961.36,LD000524_D3,939974.79,1009089.44,0,0,L10_000524,LEGITIMATE_FUND_DISPERSION,NONE,1,3,5,1,7,270905.13,0.041261,0.073528,ONE_TO_MANY,NORMAL
L10_002619,454,TRANSFER,12878.66,LD000524_S,1605961.36,1593082.7,LD000524_D4,595004.77,607883.43,0,0,L10_000524,LEGITIMATE_FUND_DISPERSION,NONE,1,4,5,3,7,270905.13,0.008019,0.021645,ONE_TO_MANY,NORMAL
L10_002620,456,TRANSFER,57953.66,LD000524_S,1593082.7,1535129.04,LD000524_D5,1229147.88,1287101.54,0,0,L10_000524,LEGITIMATE_FUND_DISPERSION,NONE,1,5,5,2,7,270905.13,0.036378,0.047149,ONE_TO_MANY,NORMAL
L10_002621,347,TRANSFER,29568.21,LD000525_S,1318868.04,1289299.83,LD000525_D1,766865.92,796434.13,0,0,L10_000525,LEGITIMATE_FUND_DISPERSION,NONE,1,1,5,0,9,197830.21,0.022419,0.038557,ONE_TO_MANY,NORMAL
L10_002622,350,TRANSFER,71311.98,LD000525_S,1289299.83,1217987.85,LD000525_D2,1238449.79,1309761.77,0,0,L10_000525,LEGITIMATE_FUND_DISPERSION,NONE,1,2,5,3,9,197830.21,0.055311,0.057582,ONE_TO_MANY,NORMAL
L10_002623,351,TRANSFER,10628.4,LD000525_S,1217987.85,1207359.45,LD000525_D3,1192498.53,1203126.93,0,0,L10_000525,LEGITIMATE_FUND_DISPERSION,NONE,1,3,5,1,9,197830.21,0.008726,0.008913,ONE_TO_MANY,NORMAL
L10_002624,354,TRANSFER,15908.56,LD000525_S,1207359.45,1191450.89,LD000525_D4,802895.93,818804.49,0,0,L10_000525,LEGITIMATE_FUND_DISPERSION,NONE,1,4,5,3,9,197830.21,0.013176,0.019814,ONE_TO_MANY,NORMAL
L10_002625,356,TRANSFER,70413.06,LD000525_S,1191450.89,1121037.83,LD000525_D5,950668.57,1021081.63,0,0,L10_000525,LEGITIMATE_FUND_DISPERSION,NONE,1,5,5,2,9,197830.21,0.059099,0.074067,ONE_TO_MANY,NORMAL
L10_002626,592,TRANSFER,52632.68,LD000526_S,1777230.56,1724597.88,LD000526_D1,669242.2,721874.88,0,0,L10_000526,LEGITIMATE_FUND_DISPERSION,NONE,1,1,5,0,9,266584.58,0.029615,0.078645,ONE_TO_MANY,NORMAL
L10_002627,594,TRANSFER,70026.11,LD000526_S,1724597.88,1654571.77,LD000526_D2,815503.57,885529.68,0,0,L10_000526,LEGITIMATE_FUND_DISPERSION,NONE,1,2,5,2,9,266584.58,0.040604,0.085869,ONE_TO_MANY,NORMAL
L10_002628,597,TRANSFER,69739.28,LD000526_S,1654571.77,1584832.49,LD000526_D3,708863.41,778602.69,0,0,L10_000526,LEGITIMATE_FUND_DISPERSION,NONE,1,3,5,3,9,266584.58,0.042149,0.098382,ONE_TO_MANY,NORMAL
L10_002629,598,TRANSFER,65722.02,LD000526_S,1584832.49,1519110.47,LD000526_D4,800436.16,866158.18,0,0,L10_000526,LEGITIMATE_FUND_DISPERSION,NONE,1,4,5,1,9,266584.58,0.041469,0.082108,ONE_TO_MANY,NORMAL
L10_002630,601,TRANSFER,8464.49,LD000526_S,1519110.47,1510645.98,LD000526_D5,417601.6,426066.09,0,0,L10_000526,LEGITIMATE_FUND_DISPERSION,NONE,1,5,5,3,9,266584.58,0.005572,0.020269,ONE_TO_MANY,NORMAL
L10_002631,575,TRANSFER,40377.34,LD000527_S,1389326.09,1348948.75,LD000527_D1,1017778.82,1058156.16,0,0,L10_000527,LEGITIMATE_FUND_DISPERSION,NONE,1,1,5,0,7,208398.91,0.029063,0.039672,ONE_TO_MANY,NORMAL
L10_002632,576,TRANSFER,77268.05,LD000527_S,1348948.75,1271680.7,LD000527_D2,688006.2,765274.25,0,0,L10_000527,LEGITIMATE_FUND_DISPERSION,NONE,1,2,5,1,7,208398.91,0.05728,0.112307,ONE_TO_MANY,NORMAL
L10_002633,577,TRANSFER,25928.76,LD000527_S,1271680.7,1245751.94,LD000527_D3,1188275.54,1214204.3,0,0,L10_000527,LEGITIMATE_FUND_DISPERSION,NONE,1,3,5,1,7,208398.91,0.020389,0.02182,ONE_TO_MANY,NORMAL
L10_002634,580,TRANSFER,37297.82,LD000527_S,1245751.94,1208454.12,LD000527_D4,842368.34,879666.16,0,0,L10_000527,LEGITIMATE_FUND_DISPERSION,NONE,1,4,5,3,7,208398.91,0.02994,0.044277,ONE_TO_MANY,NORMAL
L10_002635,582,TRANSFER,27526.94,LD000527_S,1208454.12,1180927.18,LD000527_D5,1011560.49,1039087.43,0,0,L10_000527,LEGITIMATE_FUND_DISPERSION,NONE,1,5,5,2,7,208398.91,0.022779,0.027212,ONE_TO_MANY,NORMAL
L10_002636,734,TRANSFER,104464.25,LD000528_S,1581428.96,1476964.71,LD000528_D1,771410.73,875874.98,0,0,L10_000528,LEGITIMATE_FUND_DISPERSION,NONE,1,1,5,0,5,237214.34,0.066057,0.13542,ONE_TO_MANY,NORMAL
L10_002637,736,TRANSFER,28540.17,LD000528_S,1476964.71,1448424.54,LD000528_D2,494409.15,522949.32,0,0,L10_000528,LEGITIMATE_FUND_DISPERSION,NONE,1,2,5,2,5,237214.34,0.019324,0.057726,ONE_TO_MANY,NORMAL
L10_002638,737,TRANSFER,11442.44,LD000528_S,1448424.54,1436982.1,LD000528_D3,488286.47,499728.91,0,0,L10_000528,LEGITIMATE_FUND_DISPERSION,NONE,1,3,5,1,5,237214.34,0.0079,0.023434,ONE_TO_MANY,NORMAL
L10_002639,738,TRANSFER,51319.08,LD000528_S,1436982.1,1385663.02,LD000528_D4,1026701.01,1078020.09,0,0,L10_000528,LEGITIMATE_FUND_DISPERSION,NONE,1,4,5,1,5,237214.34,0.035713,0.049984,ONE_TO_MANY,NORMAL
L10_002640,739,TRANSFER,41448.4,LD000528_S,1385663.02,1344214.62,LD000528_D5,475464.46,516912.86,0,0,L10_000528,LEGITIMATE_FUND_DISPERSION,NONE,1,5,5,1,5,237214.34,0.029912,0.087175,ONE_TO_MANY,NORMAL
L10_002641,758,TRANSFER,20453.92,LD000529_S,1632165.15,1611711.23,LD000529_D1,1082544.91,1102998.83,0,0,L10_000529,LEGITIMATE_FUND_DISPERSION,NONE,1,1,5,0,7,244824.78,0.012532,0.018894,ONE_TO_MANY,NORMAL
L10_002642,760,TRANSFER,42030.96,LD000529_S,1611711.23,1569680.27,LD000529_D2,1004540.42,1046571.38,0,0,L10_000529,LEGITIMATE_FUND_DISPERSION,NONE,1,2,5,2,7,244824.78,0.026078,0.041841,ONE_TO_MANY,NORMAL
L10_002643,761,TRANSFER,77204.51,LD000529_S,1569680.27,1492475.76,LD000529_D3,461144.82,538349.33,0,0,L10_000529,LEGITIMATE_FUND_DISPERSION,NONE,1,3,5,1,7,244824.78,0.049185,0.167419,ONE_TO_MANY,NORMAL
L10_002644,763,TRANSFER,25260.72,LD000529_S,1492475.76,1467215.04,LD000529_D4,1036496.01,1061756.73,0,0,L10_000529,LEGITIMATE_FUND_DISPERSION,NONE,1,4,5,2,7,244824.78,0.016925,0.024371,ONE_TO_MANY,NORMAL
L10_002645,765,TRANSFER,79874.67,LD000529_S,1467215.04,1387340.37,LD000529_D5,639504.19,719378.86,0,0,L10_000529,LEGITIMATE_FUND_DISPERSION,NONE,1,5,5,2,7,244824.78,0.05444,0.124901,ONE_TO_MANY,NORMAL
L10_002646,513,TRANSFER,43053.57,LD000530_S,2453054.02,2410000.45,LD000530_D1,1001882.63,1044936.2,0,0,L10_000530,LEGITIMATE_FUND_DISPERSION,NONE,1,1,5,0,8,327821.83,0.017551,0.042973,ONE_TO_MANY,NORMAL
L10_002647,516,TRANSFER,90205.21,LD000530_S,2410000.45,2319795.24,LD000530_D2,1273761.6,1363966.81,0,0,L10_000530,LEGITIMATE_FUND_DISPERSION,NONE,1,2,5,3,8,327821.83,0.03743,0.070818,ONE_TO_MANY,NORMAL
L10_002648,517,TRANSFER,57786.12,LD000530_S,2319795.24,2262009.12,LD000530_D3,1161818.75,1219604.87,0,0,L10_000530,LEGITIMATE_FUND_DISPERSION,NONE,1,3,5,1,8,327821.83,0.02491,0.049738,ONE_TO_MANY,NORMAL
L10_002649,519,TRANSFER,40532.55,LD000530_S,2262009.12,2221476.57,LD000530_D4,1210186.62,1250719.17,0,0,L10_000530,LEGITIMATE_FUND_DISPERSION,NONE,1,4,5,2,8,327821.83,0.017919,0.033493,ONE_TO_MANY,NORMAL
L10_002650,521,TRANSFER,96244.38,LD000530_S,2221476.57,2125232.19,LD000530_D5,476685.7,572930.08,0,0,L10_000530,LEGITIMATE_FUND_DISPERSION,NONE,1,5,5,2,8,327821.83,0.043325,0.201903,ONE_TO_MANY,NORMAL
L10_002651,368,TRANSFER,56039.98,LD000531_S,1634446.77,1578406.79,LD000531_D1,1131845.46,1187885.44,0,0,L10_000531,LEGITIMATE_FUND_DISPERSION,NONE,1,1,5,0,9,245167.02,0.034287,0.049512,ONE_TO_MANY,NORMAL
L10_002652,371,TRANSFER,73646.66,LD000531_S,1578406.79,1504760.13,LD000531_D2,950968.33,1024614.99,0,0,L10_000531,LEGITIMATE_FUND_DISPERSION,NONE,1,2,5,3,9,245167.02,0.046659,0.077444,ONE_TO_MANY,NORMAL
L10_002653,372,TRANSFER,38415.88,LD000531_S,1504760.13,1466344.25,LD000531_D3,1110110.7,1148526.58,0,0,L10_000531,LEGITIMATE_FUND_DISPERSION,NONE,1,3,5,1,9,245167.02,0.02553,0.034605,ONE_TO_MANY,NORMAL
L10_002654,375,TRANSFER,41526.33,LD000531_S,1466344.25,1424817.92,LD000531_D4,647800.94,689327.27,0,0,L10_000531,LEGITIMATE_FUND_DISPERSION,NONE,1,4,5,3,9,245167.02,0.02832,0.064104,ONE_TO_MANY,NORMAL
L10_002655,377,TRANSFER,35538.17,LD000531_S,1424817.92,1389279.75,LD000531_D5,1166179.09,1201717.26,0,0,L10_000531,LEGITIMATE_FUND_DISPERSION,NONE,1,5,5,2,9,245167.02,0.024942,0.030474,ONE_TO_MANY,NORMAL
L10_002656,176,TRANSFER,18760.97,LD000532_S,1434161.08,1415400.11,LD000532_D1,969498.69,988259.66,0,0,L10_000532,LEGITIMATE_FUND_DISPERSION,NONE,1,1,5,0,7,215124.16,0.013081,0.019351,ONE_TO_MANY,NORMAL
L10_002657,177,TRANSFER,54099.34,LD000532_S,1415400.11,1361300.77,LD000532_D2,535469.0,589568.34,0,0,L10_000532,LEGITIMATE_FUND_DISPERSION,NONE,1,2,5,1,7,215124.16,0.038222,0.101032,ONE_TO_MANY,NORMAL
L10_002658,180,TRANSFER,54921.93,LD000532_S,1361300.77,1306378.84,LD000532_D3,820414.87,875336.8,0,0,L10_000532,LEGITIMATE_FUND_DISPERSION,NONE,1,3,5,3,7,215124.16,0.040345,0.066944,ONE_TO_MANY,NORMAL
L10_002659,182,TRANSFER,59049.92,LD000532_S,1306378.84,1247328.92,LD000532_D4,948367.87,1007417.79,0,0,L10_000532,LEGITIMATE_FUND_DISPERSION,NONE,1,4,5,2,7,215124.16,0.045201,0.062265,ONE_TO_MANY,NORMAL
L10_002660,183,TRANSFER,28292.0,LD000532_S,1247328.92,1219036.92,LD000532_D5,686999.44,715291.44,0,0,L10_000532,LEGITIMATE_FUND_DISPERSION,NONE,1,5,5,1,7,215124.16,0.022682,0.041182,ONE_TO_MANY,NORMAL
L10_002661,652,TRANSFER,42499.07,LD000533_S,1479186.16,1436687.09,LD000533_D1,989031.72,1031530.79,0,0,L10_000533,LEGITIMATE_FUND_DISPERSION,NONE,1,1,5,0,7,221877.92,0.028731,0.04297,ONE_TO_MANY,NORMAL
L10_002662,654,TRANSFER,50770.7,LD000533_S,1436687.09,1385916.39,LD000533_D2,1250393.73,1301164.43,0,0,L10_000533,LEGITIMATE_FUND_DISPERSION,NONE,1,2,5,2,7,221877.92,0.035339,0.040604,ONE_TO_MANY,NORMAL
L10_002663,655,TRANSFER,37204.88,LD000533_S,1385916.39,1348711.51,LD000533_D3,504970.2,542175.08,0,0,L10_000533,LEGITIMATE_FUND_DISPERSION,NONE,1,3,5,1,7,221877.92,0.026845,0.073677,ONE_TO_MANY,NORMAL
L10_002664,657,TRANSFER,52289.54,LD000533_S,1348711.51,1296421.97,LD000533_D4,944043.2,996332.74,0,0,L10_000533,LEGITIMATE_FUND_DISPERSION,NONE,1,4,5,2,7,221877.92,0.03877,0.055389,ONE_TO_MANY,NORMAL
L10_002665,659,TRANSFER,39113.73,LD000533_S,1296421.97,1257308.24,LD000533_D5,839877.71,878991.44,0,0,L10_000533,LEGITIMATE_FUND_DISPERSION,NONE,1,5,5,2,7,221877.92,0.030171,0.046571,ONE_TO_MANY,NORMAL
L10_002666,739,TRANSFER,54329.63,LD000534_S,2512261.86,2457932.23,LD000534_D1,665017.62,719347.25,0,0,L10_000534,LEGITIMATE_FUND_DISPERSION,NONE,1,1,5,0,7,278388.14,0.021626,0.081697,ONE_TO_MANY,NORMAL
L10_002667,741,TRANSFER,90961.48,LD000534_S,2457932.23,2366970.75,LD000534_D2,518502.61,609464.09,0,0,L10_000534,LEGITIMATE_FUND_DISPERSION,NONE,1,2,5,2,7,278388.14,0.037007,0.175431,ONE_TO_MANY,NORMAL
L10_002668,743,TRANSFER,16350.92,LD000534_S,2366970.75,2350619.83,LD000534_D3,1018667.06,1035017.98,0,0,L10_000534,LEGITIMATE_FUND_DISPERSION,NONE,1,3,5,2,7,278388.14,0.006908,0.016051,ONE_TO_MANY,NORMAL
L10_002669,745,TRANSFER,55852.96,LD000534_S,2350619.83,2294766.87,LD000534_D4,643942.07,699795.03,0,0,L10_000534,LEGITIMATE_FUND_DISPERSION,NONE,1,4,5,2,7,278388.14,0.023761,0.086736,ONE_TO_MANY,NORMAL
L10_002670,746,TRANSFER,60893.15,LD000534_S,2294766.87,2233873.72,LD000534_D5,439213.99,500107.14,0,0,L10_000534,LEGITIMATE_FUND_DISPERSION,NONE,1,5,5,1,7,278388.14,0.026536,0.138641,ONE_TO_MANY,NORMAL
L10_002671,891,TRANSFER,35588.87,LD000535_S,1952716.74,1917127.87,LD000535_D1,458531.54,494120.41,0,0,L10_000535,LEGITIMATE_FUND_DISPERSION,NONE,1,1,5,0,9,292907.5,0.018225,0.077615,ONE_TO_MANY,NORMAL
L10_002672,893,TRANSFER,61885.4,LD000535_S,1917127.87,1855242.47,LD000535_D2,856428.66,918314.06,0,0,L10_000535,LEGITIMATE_FUND_DISPERSION,NONE,1,2,5,2,9,292907.5,0.03228,0.07226,ONE_TO_MANY,NORMAL
L10_002673,894,TRANSFER,85887.32,LD000535_S,1855242.47,1769355.15,LD000535_D3,1046130.83,1132018.15,0,0,L10_000535,LEGITIMATE_FUND_DISPERSION,NONE,1,3,5,1,9,292907.5,0.046294,0.0821,ONE_TO_MANY,NORMAL
L10_002674,897,TRANSFER,78582.28,LD000535_S,1769355.15,1690772.87,LD000535_D4,1044784.27,1123366.55,0,0,L10_000535,LEGITIMATE_FUND_DISPERSION,NONE,1,4,5,3,9,292907.5,0.044413,0.075214,ONE_TO_MANY,NORMAL
L10_002675,900,TRANSFER,30963.63,LD000535_S,1690772.87,1659809.24,LD000535_D5,813563.41,844527.04,0,0,L10_000535,LEGITIMATE_FUND_DISPERSION,NONE,1,5,5,3,9,292907.5,0.018313,0.038059,ONE_TO_MANY,NORMAL
L10_002676,812,TRANSFER,52253.36,LD000536_S,1307536.6,1255283.24,LD000536_D1,852807.35,905060.71,0,0,L10_000536,LEGITIMATE_FUND_DISPERSION,NONE,1,1,5,0,10,196130.5,0.039963,0.061272,ONE_TO_MANY,NORMAL
L10_002677,814,TRANSFER,29593.0,LD000536_S,1255283.24,1225690.24,LD000536_D2,591795.49,621388.49,0,0,L10_000536,LEGITIMATE_FUND_DISPERSION,NONE,1,2,5,2,10,196130.5,0.023575,0.050005,ONE_TO_MANY,NORMAL
L10_002678,816,TRANSFER,58273.14,LD000536_S,1225690.24,1167417.1,LD000536_D3,1011892.62,1070165.76,0,0,L10_000536,LEGITIMATE_FUND_DISPERSION,NONE,1,3,5,2,10,196130.5,0.047543,0.057588,ONE_TO_MANY,NORMAL
L10_002679,819,TRANSFER,48862.43,LD000536_S,1167417.1,1118554.67,LD000536_D4,717909.26,766771.69,0,0,L10_000536,LEGITIMATE_FUND_DISPERSION,NONE,1,4,5,3,10,196130.5,0.041855,0.068062,ONE_TO_MANY,NORMAL
L10_002680,822,TRANSFER,7148.57,LD000536_S,1118554.67,1111406.1,LD000536_D5,973210.48,980359.05,0,0,L10_000536,LEGITIMATE_FUND_DISPERSION,NONE,1,5,5,3,10,196130.5,0.006391,0.007345,ONE_TO_MANY,NORMAL
L10_002681,760,TRANSFER,55032.69,LD000537_S,2063883.42,2008850.73,LD000537_D1,1066226.7,1121259.39,0,0,L10_000537,LEGITIMATE_FUND_DISPERSION,NONE,1,1,5,0,5,309582.52,0.026665,0.051614,ONE_TO_MANY,NORMAL
L10_002682,761,TRANSFER,67125.45,LD000537_S,2008850.73,1941725.28,LD000537_D2,809671.33,876796.78,0,0,L10_000537,LEGITIMATE_FUND_DISPERSION,NONE,1,2,5,1,5,309582.52,0.033415,0.082905,ONE_TO_MANY,NORMAL
L10_002683,762,TRANSFER,68674.76,LD000537_S,1941725.28,1873050.52,LD000537_D3,1042821.72,1111496.48,0,0,L10_000537,LEGITIMATE_FUND_DISPERSION,NONE,1,3,5,1,5,309582.52,0.035368,0.065855,ONE_TO_MANY,NORMAL
L10_002684,763,TRANSFER,48148.99,LD000537_S,1873050.52,1824901.53,LD000537_D4,894410.7,942559.69,0,0,L10_000537,LEGITIMATE_FUND_DISPERSION,NONE,1,4,5,1,5,309582.52,0.025706,0.053833,ONE_TO_MANY,NORMAL
L10_002685,765,TRANSFER,70600.63,LD000537_S,1824901.53,1754300.9,LD000537_D5,917212.6,987813.23,0,0,L10_000537,LEGITIMATE_FUND_DISPERSION,NONE,1,5,5,2,5,309582.52,0.038687,0.076973,ONE_TO_MANY,NORMAL
L10_002686,118,TRANSFER,23000.36,LD000538_S,2345768.82,2322768.46,LD000538_D1,390052.1,413052.46,0,0,L10_000538,LEGITIMATE_FUND_DISPERSION,NONE,1,1,5,0,7,256196.22,0.009805,0.058967,ONE_TO_MANY,NORMAL
L10_002687,120,TRANSFER,40272.29,LD000538_S,2322768.46,2282496.17,LD000538_D2,886893.67,927165.96,0,0,L10_000538,LEGITIMATE_FUND_DISPERSION,NONE,1,2,5,2,7,256196.22,0.017338,0.045408,ONE_TO_MANY,NORMAL
L10_002688,122,TRANSFER,81378.33,LD000538_S,2282496.17,2201117.84,LD000538_D3,1119470.47,1200848.8,0,0,L10_000538,LEGITIMATE_FUND_DISPERSION,NONE,1,3,5,2,7,256196.22,0.035653,0.072694,ONE_TO_MANY,NORMAL
L10_002689,123,TRANSFER,43924.75,LD000538_S,2201117.84,2157193.09,LD000538_D4,1190674.66,1234599.41,0,0,L10_000538,LEGITIMATE_FUND_DISPERSION,NONE,1,4,5,1,7,256196.22,0.019956,0.036891,ONE_TO_MANY,NORMAL
L10_002690,125,TRANSFER,67620.49,LD000538_S,2157193.09,2089572.6,LD000538_D5,1131577.62,1199198.11,0,0,L10_000538,LEGITIMATE_FUND_DISPERSION,NONE,1,5,5,2,7,256196.22,0.031347,0.059758,ONE_TO_MANY,NORMAL
L10_002691,870,TRANSFER,68194.68,LD000539_S,1944456.48,1876261.8,LD000539_D1,1195647.19,1263841.87,0,0,L10_000539,LEGITIMATE_FUND_DISPERSION,NONE,1,1,5,0,9,291668.47,0.035071,0.057036,ONE_TO_MANY,NORMAL
L10_002692,872,TRANSFER,64493.85,LD000539_S,1876261.8,1811767.95,LD000539_D2,1185815.32,1250309.17,0,0,L10_000539,LEGITIMATE_FUND_DISPERSION,NONE,1,2,5,2,9,291668.47,0.034374,0.054388,ONE_TO_MANY,NORMAL
L10_002693,874,TRANSFER,19748.19,LD000539_S,1811767.95,1792019.76,LD000539_D3,1253800.15,1273548.34,0,0,L10_000539,LEGITIMATE_FUND_DISPERSION,NONE,1,3,5,2,9,291668.47,0.0109,0.015751,ONE_TO_MANY,NORMAL
L10_002694,877,TRANSFER,56874.07,LD000539_S,1792019.76,1735145.69,LD000539_D4,1002100.8,1058974.87,0,0,L10_000539,LEGITIMATE_FUND_DISPERSION,NONE,1,4,5,3,9,291668.47,0.031737,0.056755,ONE_TO_MANY,NORMAL
L10_002695,879,TRANSFER,82357.68,LD000539_S,1735145.69,1652788.01,LD000539_D5,884249.74,966607.42,0,0,L10_000539,LEGITIMATE_FUND_DISPERSION,NONE,1,5,5,2,9,291668.47,0.047464,0.093138,ONE_TO_MANY,NORMAL
L10_002696,631,TRANSFER,67789.06,LD000540_S,1291902.75,1224113.69,LD000540_D1,1183141.34,1250930.4,0,0,L10_000540,LEGITIMATE_FUND_DISPERSION,NONE,1,1,5,0,5,193785.42,0.052472,0.057296,ONE_TO_MANY,NORMAL
L10_002697,632,TRANSFER,17979.3,LD000540_S,1224113.69,1206134.39,LD000540_D2,612957.56,630936.86,0,0,L10_000540,LEGITIMATE_FUND_DISPERSION,NONE,1,2,5,1,5,193785.42,0.014688,0.029332,ONE_TO_MANY,NORMAL
L10_002698,634,TRANSFER,15991.15,LD000540_S,1206134.39,1190143.24,LD000540_D3,596016.64,612007.79,0,0,L10_000540,LEGITIMATE_FUND_DISPERSION,NONE,1,3,5,2,5,193785.42,0.013258,0.02683,ONE_TO_MANY,NORMAL
L10_002699,635,TRANSFER,32307.34,LD000540_S,1190143.24,1157835.9,LD000540_D4,708492.06,740799.4,0,0,L10_000540,LEGITIMATE_FUND_DISPERSION,NONE,1,4,5,1,5,193785.42,0.027146,0.0456,ONE_TO_MANY,NORMAL
L10_002700,636,TRANSFER,59718.57,LD000540_S,1157835.9,1098117.33,LD000540_D5,655574.7,715293.27,0,0,L10_000540,LEGITIMATE_FUND_DISPERSION,NONE,1,5,5,1,5,193785.42,0.051578,0.091093,ONE_TO_MANY,NORMAL
L10_002701,242,TRANSFER,56935.29,LD000541_S,1625468.44,1568533.15,LD000541_D1,1030834.1,1087769.39,0,0,L10_000541,LEGITIMATE_FUND_DISPERSION,NONE,1,1,5,0,6,243820.27,0.035027,0.055232,ONE_TO_MANY,NORMAL
L10_002702,243,TRANSFER,82660.98,LD000541_S,1568533.15,1485872.17,LD000541_D2,776351.49,859012.47,0,0,L10_000541,LEGITIMATE_FUND_DISPERSION,NONE,1,2,5,1,6,243820.27,0.0527,0.106474,ONE_TO_MANY,NORMAL
L10_002703,244,TRANSFER,46819.67,LD000541_S,1485872.17,1439052.5,LD000541_D3,628195.54,675015.21,0,0,L10_000541,LEGITIMATE_FUND_DISPERSION,NONE,1,3,5,1,6,243820.27,0.03151,0.07453,ONE_TO_MANY,NORMAL
L10_002704,245,TRANSFER,11587.84,LD000541_S,1439052.5,1427464.66,LD000541_D4,840756.07,852343.91,0,0,L10_000541,LEGITIMATE_FUND_DISPERSION,NONE,1,4,5,1,6,243820.27,0.008052,0.013783,ONE_TO_MANY,NORMAL
L10_002705,248,TRANSFER,45816.49,LD000541_S,1427464.66,1381648.17,LD000541_D5,563082.24,608898.73,0,0,L10_000541,LEGITIMATE_FUND_DISPERSION,NONE,1,5,5,3,6,243820.27,0.032096,0.081367,ONE_TO_MANY,NORMAL
L10_002706,803,TRANSFER,102403.08,LD000542_S,1886512.67,1784109.59,LD000542_D1,706741.18,809144.26,0,0,L10_000542,LEGITIMATE_FUND_DISPERSION,NONE,1,1,5,0,9,282976.9,0.054282,0.144895,ONE_TO_MANY,NORMAL
L10_002707,805,TRANSFER,13814.0,LD000542_S,1784109.59,1770295.59,LD000542_D2,1051765.77,1065579.77,0,0,L10_000542,LEGITIMATE_FUND_DISPERSION,NONE,1,2,5,2,9,282976.9,0.007743,0.013134,ONE_TO_MANY,NORMAL
L10_002708,807,TRANSFER,23741.57,LD000542_S,1770295.59,1746554.02,LD000542_D3,841993.01,865734.58,0,0,L10_000542,LEGITIMATE_FUND_DISPERSION,NONE,1,3,5,2,9,282976.9,0.013411,0.028197,ONE_TO_MANY,NORMAL
L10_002709,810,TRANSFER,77882.53,LD000542_S,1746554.02,1668671.49,LD000542_D4,653692.51,731575.04,0,0,L10_000542,LEGITIMATE_FUND_DISPERSION,NONE,1,4,5,3,9,282976.9,0.044592,0.119142,ONE_TO_MANY,NORMAL
L10_002710,812,TRANSFER,65135.72,LD000542_S,1668671.49,1603535.77,LD000542_D5,1202090.93,1267226.65,0,0,L10_000542,LEGITIMATE_FUND_DISPERSION,NONE,1,5,5,2,9,282976.9,0.039034,0.054185,ONE_TO_MANY,NORMAL
L10_002711,101,TRANSFER,69926.86,LD000543_S,1326612.89,1256686.03,LD000543_D1,1219907.76,1289834.62,0,0,L10_000543,LEGITIMATE_FUND_DISPERSION,NONE,1,1,5,0,7,198991.94,0.052711,0.057321,ONE_TO_MANY,NORMAL
L10_002712,103,TRANSFER,23620.25,LD000543_S,1256686.03,1233065.78,LD000543_D2,864549.44,888169.69,0,0,L10_000543,LEGITIMATE_FUND_DISPERSION,NONE,1,2,5,2,7,198991.94,0.018796,0.027321,ONE_TO_MANY,NORMAL
L10_002713,105,TRANSFER,9288.15,LD000543_S,1233065.78,1223777.63,LD000543_D3,889552.34,898840.49,0,0,L10_000543,LEGITIMATE_FUND_DISPERSION,NONE,1,3,5,2,7,198991.94,0.007533,0.010441,ONE_TO_MANY,NORMAL
L10_002714,107,TRANSFER,49011.11,LD000543_S,1223777.63,1174766.52,LD000543_D4,1225993.68,1275004.79,0,0,L10_000543,LEGITIMATE_FUND_DISPERSION,NONE,1,4,5,2,7,198991.94,0.040049,0.039977,ONE_TO_MANY,NORMAL
L10_002715,108,TRANSFER,47145.57,LD000543_S,1174766.52,1127620.95,LD000543_D5,675094.67,722240.24,0,0,L10_000543,LEGITIMATE_FUND_DISPERSION,NONE,1,5,5,1,7,198991.94,0.040132,0.069835,ONE_TO_MANY,NORMAL
L10_002716,756,TRANSFER,25299.62,LD000544_S,2096650.93,2071351.31,LD000544_D1,767900.68,793200.3,0,0,L10_000544,LEGITIMATE_FUND_DISPERSION,NONE,1,1,5,0,9,237615.17,0.012067,0.032946,ONE_TO_MANY,NORMAL
L10_002717,759,TRANSFER,89012.98,LD000544_S,2071351.31,1982338.33,LD000544_D2,1128055.31,1217068.29,0,0,L10_000544,LEGITIMATE_FUND_DISPERSION,NONE,1,2,5,3,9,237615.17,0.042973,0.078908,ONE_TO_MANY,NORMAL
L10_002718,761,TRANSFER,23209.84,LD000544_S,1982338.33,1959128.49,LD000544_D3,713848.59,737058.43,0,0,L10_000544,LEGITIMATE_FUND_DISPERSION,NONE,1,3,5,2,9,237615.17,0.011708,0.032514,ONE_TO_MANY,NORMAL
L10_002719,763,TRANSFER,87159.74,LD000544_S,1959128.49,1871968.75,LD000544_D4,811854.14,899013.88,0,0,L10_000544,LEGITIMATE_FUND_DISPERSION,NONE,1,4,5,2,9,237615.17,0.044489,0.107359,ONE_TO_MANY,NORMAL
L10_002720,765,TRANSFER,12932.99,LD000544_S,1871968.75,1859035.76,LD000544_D5,1178543.94,1191476.93,0,0,L10_000544,LEGITIMATE_FUND_DISPERSION,NONE,1,5,5,2,9,237615.17,0.006909,0.010974,ONE_TO_MANY,NORMAL
L10_002721,66,TRANSFER,60693.53,LD000545_S,2467709.0,2407015.47,LD000545_D1,615722.73,676416.26,0,0,L10_000545,LEGITIMATE_FUND_DISPERSION,NONE,1,1,5,0,6,370156.35,0.024595,0.098573,ONE_TO_MANY,NORMAL
L10_002722,67,TRANSFER,100518.31,LD000545_S,2407015.47,2306497.16,LD000545_D2,399711.84,500230.15,0,0,L10_000545,LEGITIMATE_FUND_DISPERSION,NONE,1,2,5,1,6,370156.35,0.041761,0.251477,ONE_TO_MANY,NORMAL
L10_002723,68,TRANSFER,89094.84,LD000545_S,2306497.16,2217402.32,LD000545_D3,1012672.59,1101767.43,0,0,L10_000545,LEGITIMATE_FUND_DISPERSION,NONE,1,3,5,1,6,370156.35,0.038628,0.08798,ONE_TO_MANY,NORMAL
L10_002724,70,TRANSFER,30230.19,LD000545_S,2217402.32,2187172.13,LD000545_D4,608362.62,638592.81,0,0,L10_000545,LEGITIMATE_FUND_DISPERSION,NONE,1,4,5,2,6,370156.35,0.013633,0.049691,ONE_TO_MANY,NORMAL
L10_002725,72,TRANSFER,89619.48,LD000545_S,2187172.13,2097552.65,LD000545_D5,1122777.83,1212397.31,0,0,L10_000545,LEGITIMATE_FUND_DISPERSION,NONE,1,5,5,2,6,370156.35,0.040975,0.079819,ONE_TO_MANY,NORMAL
L10_002726,725,TRANSFER,63009.53,LD000546_S,2203248.45,2140238.92,LD000546_D1,1158228.78,1221238.31,0,0,L10_000546,LEGITIMATE_FUND_DISPERSION,NONE,1,1,5,0,8,316334.97,0.028598,0.054402,ONE_TO_MANY,NORMAL
L10_002727,726,TRANSFER,111345.26,LD000546_S,2140238.92,2028893.66,LD000546_D2,852241.28,963586.54,0,0,L10_000546,LEGITIMATE_FUND_DISPERSION,NONE,1,2,5,1,8,316334.97,0.052025,0.13065,ONE_TO_MANY,NORMAL
L10_002728,727,TRANSFER,67699.81,LD000546_S,2028893.66,1961193.85,LD000546_D3,415188.22,482888.03,0,0,L10_000546,LEGITIMATE_FUND_DISPERSION,NONE,1,3,5,1,8,316334.97,0.033368,0.163058,ONE_TO_MANY,NORMAL
L10_002729,730,TRANSFER,46156.32,LD000546_S,1961193.85,1915037.53,LD000546_D4,413824.83,459981.15,0,0,L10_000546,LEGITIMATE_FUND_DISPERSION,NONE,1,4,5,3,8,316334.97,0.023535,0.111536,ONE_TO_MANY,NORMAL
L10_002730,733,TRANSFER,28124.05,LD000546_S,1915037.53,1886913.48,LD000546_D5,867747.22,895871.27,0,0,L10_000546,LEGITIMATE_FUND_DISPERSION,NONE,1,5,5,3,8,316334.97,0.014686,0.03241,ONE_TO_MANY,NORMAL
L10_002731,890,TRANSFER,17371.21,LD000547_S,1565064.48,1547693.27,LD000547_D1,1127988.12,1145359.33,0,0,L10_000547,LEGITIMATE_FUND_DISPERSION,NONE,1,1,5,0,7,234759.67,0.011099,0.0154,ONE_TO_MANY,NORMAL
L10_002732,891,TRANSFER,85883.76,LD000547_S,1547693.27,1461809.51,LD000547_D2,1199328.95,1285212.71,0,0,L10_000547,LEGITIMATE_FUND_DISPERSION,NONE,1,2,5,1,7,234759.67,0.055491,0.07161,ONE_TO_MANY,NORMAL
L10_002733,892,TRANSFER,62339.24,LD000547_S,1461809.51,1399470.27,LD000547_D3,1015568.14,1077907.38,0,0,L10_000547,LEGITIMATE_FUND_DISPERSION,NONE,1,3,5,1,7,234759.67,0.042645,0.061384,ONE_TO_MANY,NORMAL
L10_002734,894,TRANSFER,26957.75,LD000547_S,1399470.27,1372512.52,LD000547_D4,1039856.08,1066813.83,0,0,L10_000547,LEGITIMATE_FUND_DISPERSION,NONE,1,4,5,2,7,234759.67,0.019263,0.025925,ONE_TO_MANY,NORMAL
L10_002735,897,TRANSFER,42207.71,LD000547_S,1372512.52,1330304.81,LD000547_D5,1272413.74,1314621.45,0,0,L10_000547,LEGITIMATE_FUND_DISPERSION,NONE,1,5,5,3,7,234759.67,0.030752,0.033171,ONE_TO_MANY,NORMAL
L10_002736,43,TRANSFER,21424.69,LD000548_S,2392236.51,2370811.82,LD000548_D1,805061.35,826486.04,0,0,L10_000548,LEGITIMATE_FUND_DISPERSION,NONE,1,1,5,0,8,295165.08,0.008956,0.026612,ONE_TO_MANY,NORMAL
L10_002737,44,TRANSFER,46317.87,LD000548_S,2370811.82,2324493.95,LD000548_D2,896328.68,942646.55,0,0,L10_000548,LEGITIMATE_FUND_DISPERSION,NONE,1,2,5,1,8,295165.08,0.019537,0.051675,ONE_TO_MANY,NORMAL
L10_002738,46,TRANSFER,108515.25,LD000548_S,2324493.95,2215978.7,LD000548_D3,1256330.27,1364845.52,0,0,L10_000548,LEGITIMATE_FUND_DISPERSION,NONE,1,3,5,2,8,295165.08,0.046683,0.086375,ONE_TO_MANY,NORMAL
L10_002739,48,TRANSFER,40108.94,LD000548_S,2215978.7,2175869.76,LD000548_D4,778684.34,818793.28,0,0,L10_000548,LEGITIMATE_FUND_DISPERSION,NONE,1,4,5,2,8,295165.08,0.0181,0.051509,ONE_TO_MANY,NORMAL
L10_002740,51,TRANSFER,78798.33,LD000548_S,2175869.76,2097071.43,LD000548_D5,1089041.75,1167840.08,0,0,L10_000548,LEGITIMATE_FUND_DISPERSION,NONE,1,5,5,3,8,295165.08,0.036215,0.072356,ONE_TO_MANY,NORMAL
L10_002741,543,TRANSFER,39610.54,LD000549_S,2424685.47,2385074.93,LD000549_D1,1134806.57,1174417.11,0,0,L10_000549,LEGITIMATE_FUND_DISPERSION,NONE,1,1,5,0,9,321513.31,0.016336,0.034905,ONE_TO_MANY,NORMAL
L10_002742,545,TRANSFER,78238.57,LD000549_S,2385074.93,2306836.36,LD000549_D2,456357.56,534596.13,0,0,L10_000549,LEGITIMATE_FUND_DISPERSION,NONE,1,2,5,2,9,321513.31,0.032803,0.171441,ONE_TO_MANY,NORMAL
L10_002743,546,TRANSFER,99149.22,LD000549_S,2306836.36,2207687.14,LD000549_D3,1121844.65,1220993.87,0,0,L10_000549,LEGITIMATE_FUND_DISPERSION,NONE,1,3,5,1,9,321513.31,0.042981,0.088381,ONE_TO_MANY,NORMAL
L10_002744,549,TRANSFER,85058.92,LD000549_S,2207687.14,2122628.22,LD000549_D4,1206277.35,1291336.27,0,0,L10_000549,LEGITIMATE_FUND_DISPERSION,NONE,1,4,5,3,9,321513.31,0.038529,0.070514,ONE_TO_MANY,NORMAL
L10_002745,552,TRANSFER,19456.06,LD000549_S,2122628.22,2103172.16,LD000549_D5,981869.39,1001325.45,0,0,L10_000549,LEGITIMATE_FUND_DISPERSION,NONE,1,5,5,3,9,321513.31,0.009166,0.019815,ONE_TO_MANY,NORMAL
L10_002746,602,TRANSFER,63938.56,LD000550_S,1719704.11,1655765.55,LD000550_D1,723504.49,787443.05,0,0,L10_000550,LEGITIMATE_FUND_DISPERSION,NONE,1,1,5,0,6,257955.61,0.03718,0.088373,ONE_TO_MANY,NORMAL
L10_002747,603,TRANSFER,67821.55,LD000550_S,1655765.55,1587944.0,LD000550_D2,1032601.64,1100423.19,0,0,L10_000550,LEGITIMATE_FUND_DISPERSION,NONE,1,2,5,1,6,257955.61,0.040961,0.06568,ONE_TO_MANY,NORMAL
L10_002748,604,TRANSFER,35258.95,LD000550_S,1587944.0,1552685.05,LD000550_D3,682012.12,717271.07,0,0,L10_000550,LEGITIMATE_FUND_DISPERSION,NONE,1,3,5,1,6,257955.61,0.022204,0.051698,ONE_TO_MANY,NORMAL
L10_002749,605,TRANSFER,46647.0,LD000550_S,1552685.05,1506038.05,LD000550_D4,663417.53,710064.53,0,0,L10_000550,LEGITIMATE_FUND_DISPERSION,NONE,1,4,5,1,6,257955.61,0.030043,0.070313,ONE_TO_MANY,NORMAL
L10_002750,608,TRANSFER,44289.55,LD000550_S,1506038.05,1461748.5,LD000550_D5,511101.67,555391.22,0,0,L10_000550,LEGITIMATE_FUND_DISPERSION,NONE,1,5,5,3,6,257955.61,0.029408,0.086655,ONE_TO_MANY,NORMAL
L10_002751,463,TRANSFER,35588.5,LD000551_S,1825988.62,1790400.12,LD000551_D1,654245.08,689833.58,0,0,L10_000551,LEGITIMATE_FUND_DISPERSION,NONE,1,1,5,0,8,273898.3,0.01949,0.054396,ONE_TO_MANY,NORMAL
L10_002752,465,TRANSFER,61058.15,LD000551_S,1790400.12,1729341.97,LD000551_D2,784708.86,845767.01,0,0,L10_000551,LEGITIMATE_FUND_DISPERSION,NONE,1,2,5,2,8,273898.3,0.034103,0.07781,ONE_TO_MANY,NORMAL
L10_002753,467,TRANSFER,24434.84,LD000551_S,1729341.97,1704907.13,LD000551_D3,890861.37,915296.21,0,0,L10_000551,LEGITIMATE_FUND_DISPERSION,NONE,1,3,5,2,8,273898.3,0.01413,0.027428,ONE_TO_MANY,NORMAL
L10_002754,468,TRANSFER,69925.14,LD000551_S,1704907.13,1634981.99,LD000551_D4,513593.9,583519.04,0,0,L10_000551,LEGITIMATE_FUND_DISPERSION,NONE,1,4,5,1,8,273898.3,0.041014,0.136149,ONE_TO_MANY,NORMAL
L10_002755,471,TRANSFER,82891.67,LD000551_S,1634981.99,1552090.32,LD000551_D5,973095.77,1055987.44,0,0,L10_000551,LEGITIMATE_FUND_DISPERSION,NONE,1,5,5,3,8,273898.3,0.050699,0.085183,ONE_TO_MANY,NORMAL
L10_002756,271,TRANSFER,17821.01,LD000552_S,1883734.89,1865913.88,LD000552_D1,1025108.92,1042929.93,0,0,L10_000552,LEGITIMATE_FUND_DISPERSION,NONE,1,1,5,0,8,282560.25,0.00946,0.017385,ONE_TO_MANY,NORMAL
L10_002757,273,TRANSFER,59579.97,LD000552_S,1865913.88,1806333.91,LD000552_D2,460861.0,520440.97,0,0,L10_000552,LEGITIMATE_FUND_DISPERSION,NONE,1,2,5,2,8,282560.25,0.031931,0.12928,ONE_TO_MANY,NORMAL
L10_002758,276,TRANSFER,46501.5,LD000552_S,1806333.91,1759832.41,LD000552_D3,1228589.19,1275090.69,0,0,L10_000552,LEGITIMATE_FUND_DISPERSION,NONE,1,3,5,3,8,282560.25,0.025744,0.03785,ONE_TO_MANY,NORMAL
L10_002759,277,TRANSFER,77755.87,LD000552_S,1759832.41,1682076.54,LD000552_D4,732723.33,810479.2,0,0,L10_000552,LEGITIMATE_FUND_DISPERSION,NONE,1,4,5,1,8,282560.25,0.044184,0.106119,ONE_TO_MANY,NORMAL
L10_002760,279,TRANSFER,80901.9,LD000552_S,1682076.54,1601174.64,LD000552_D5,911288.87,992190.77,0,0,L10_000552,LEGITIMATE_FUND_DISPERSION,NONE,1,5,5,2,8,282560.25,0.048096,0.088777,ONE_TO_MANY,NORMAL
L10_002761,621,TRANSFER,29375.3,LD000553_S,1970542.21,1941166.91,LD000553_D1,390241.89,419617.19,0,0,L10_000553,LEGITIMATE_FUND_DISPERSION,NONE,1,1,5,0,7,295581.34,0.014907,0.075275,ONE_TO_MANY,NORMAL
L10_002762,623,TRANSFER,70472.87,LD000553_S,1941166.91,1870694.04,LD000553_D2,893591.47,964064.34,0,0,L10_000553,LEGITIMATE_FUND_DISPERSION,NONE,1,2,5,2,7,295581.34,0.036304,0.078865,ONE_TO_MANY,NORMAL
L10_002763,624,TRANSFER,57759.61,LD000553_S,1870694.04,1812934.43,LD000553_D3,619521.36,677280.97,0,0,L10_000553,LEGITIMATE_FUND_DISPERSION,NONE,1,3,5,1,7,295581.34,0.030876,0.093233,ONE_TO_MANY,NORMAL
L10_002764,627,TRANSFER,122900.64,LD000553_S,1812934.43,1690033.79,LD000553_D4,1159574.82,1282475.46,0,0,L10_000553,LEGITIMATE_FUND_DISPERSION,NONE,1,4,5,3,7,295581.34,0.067791,0.105988,ONE_TO_MANY,NORMAL
L10_002765,628,TRANSFER,15072.92,LD000553_S,1690033.79,1674960.87,LD000553_D5,1116437.59,1131510.51,0,0,L10_000553,LEGITIMATE_FUND_DISPERSION,NONE,1,5,5,1,7,295581.34,0.008919,0.013501,ONE_TO_MANY,NORMAL
L10_002766,735,TRANSFER,41888.32,LD000554_S,2203787.3,2161898.98,LD000554_D1,1259681.42,1301569.74,0,0,L10_000554,LEGITIMATE_FUND_DISPERSION,NONE,1,1,5,0,6,330568.09,0.019007,0.033253,ONE_TO_MANY,NORMAL
L10_002767,737,TRANSFER,85280.52,LD000554_S,2161898.98,2076618.46,LD000554_D2,631310.92,716591.44,0,0,L10_000554,LEGITIMATE_FUND_DISPERSION,NONE,1,2,5,2,6,330568.09,0.039447,0.135085,ONE_TO_MANY,NORMAL
L10_002768,739,TRANSFER,53283.9,LD000554_S,2076618.46,2023334.56,LD000554_D3,544587.11,597871.01,0,0,L10_000554,LEGITIMATE_FUND_DISPERSION,NONE,1,3,5,2,6,330568.09,0.025659,0.097843,ONE_TO_MANY,NORMAL
L10_002769,740,TRANSFER,60807.84,LD000554_S,2023334.56,1962526.72,LD000554_D4,795657.23,856465.07,0,0,L10_000554,LEGITIMATE_FUND_DISPERSION,NONE,1,4,5,1,6,330568.09,0.030053,0.076425,ONE_TO_MANY,NORMAL
L10_002770,741,TRANSFER,89307.51,LD000554_S,1962526.72,1873219.21,LD000554_D5,983896.31,1073203.82,0,0,L10_000554,LEGITIMATE_FUND_DISPERSION,NONE,1,5,5,1,6,330568.09,0.045506,0.090769,ONE_TO_MANY,NORMAL
L10_002771,140,TRANSFER,74717.6,LD000555_S,2003367.46,1928649.86,LD000555_D1,1239406.28,1314123.88,0,0,L10_000555,LEGITIMATE_FUND_DISPERSION,NONE,1,1,5,0,9,296657.14,0.037296,0.060285,ONE_TO_MANY,NORMAL
L10_002772,143,TRANSFER,46418.19,LD000555_S,1928649.86,1882231.67,LD000555_D2,1266942.94,1313361.13,0,0,L10_000555,LEGITIMATE_FUND_DISPERSION,NONE,1,2,5,3,9,296657.14,0.024068,0.036638,ONE_TO_MANY,NORMAL
L10_002773,146,TRANSFER,100078.96,LD000555_S,1882231.67,1782152.71,LD000555_D3,1222853.78,1322932.74,0,0,L10_000555,LEGITIMATE_FUND_DISPERSION,NONE,1,3,5,3,9,296657.14,0.05317,0.08184,ONE_TO_MANY,NORMAL
L10_002774,148,TRANSFER,32705.19,LD000555_S,1782152.71,1749447.52,LD000555_D4,601545.61,634250.8,0,0,L10_000555,LEGITIMATE_FUND_DISPERSION,NONE,1,4,5,2,9,296657.14,0.018352,0.054369,ONE_TO_MANY,NORMAL
L10_002775,149,TRANSFER,42737.2,LD000555_S,1749447.52,1706710.32,LD000555_D5,586043.98,628781.18,0,0,L10_000555,LEGITIMATE_FUND_DISPERSION,NONE,1,5,5,1,9,296657.14,0.024429,0.072925,ONE_TO_MANY,NORMAL
L10_002776,565,TRANSFER,109655.56,LD000556_S,2090001.92,1980346.36,LD000556_D1,743826.26,853481.82,0,0,L10_000556,LEGITIMATE_FUND_DISPERSION,NONE,1,1,5,0,7,313500.3,0.052467,0.147421,ONE_TO_MANY,NORMAL
L10_002777,567,TRANSFER,54652.97,LD000556_S,1980346.36,1925693.39,LD000556_D2,1258504.89,1313157.86,0,0,L10_000556,LEGITIMATE_FUND_DISPERSION,NONE,1,2,5,2,7,313500.3,0.027598,0.043427,ONE_TO_MANY,NORMAL
L10_002778,570,TRANSFER,35281.95,LD000556_S,1925693.39,1890411.44,LD000556_D3,972075.94,1007357.89,0,0,L10_000556,LEGITIMATE_FUND_DISPERSION,NONE,1,3,5,3,7,313500.3,0.018322,0.036295,ONE_TO_MANY,NORMAL
L10_002779,571,TRANSFER,58991.03,LD000556_S,1890411.44,1831420.41,LD000556_D4,1042047.28,1101038.31,0,0,L10_000556,LEGITIMATE_FUND_DISPERSION,NONE,1,4,5,1,7,313500.3,0.031205,0.056611,ONE_TO_MANY,NORMAL
L10_002780,572,TRANSFER,54918.79,LD000556_S,1831420.41,1776501.62,LD000556_D5,573075.6,627994.39,0,0,L10_000556,LEGITIMATE_FUND_DISPERSION,NONE,1,5,5,1,7,313500.3,0.029987,0.095832,ONE_TO_MANY,NORMAL
L10_002781,29,TRANSFER,60063.89,LD000557_S,2247656.66,2187592.77,LD000557_D1,628978.48,689042.37,0,0,L10_000557,LEGITIMATE_FUND_DISPERSION,NONE,1,1,5,0,12,337148.5,0.026723,0.095494,ONE_TO_MANY,NORMAL
L10_002782,32,TRANSFER,57968.1,LD000557_S,2187592.77,2129624.67,LD000557_D2,908178.15,966146.25,0,0,L10_000557,LEGITIMATE_FUND_DISPERSION,NONE,1,2,5,3,12,337148.5,0.026499,0.063829,ONE_TO_MANY,NORMAL
L10_002783,35,TRANSFER,69450.58,LD000557_S,2129624.67,2060174.09,LD000557_D3,569275.48,638726.06,0,0,L10_000557,LEGITIMATE_FUND_DISPERSION,NONE,1,3,5,3,12,337148.5,0.032612,0.121998,ONE_TO_MANY,NORMAL
L10_002784,38,TRANSFER,108397.49,LD000557_S,2060174.09,1951776.6,LD000557_D4,750031.16,858428.65,0,0,L10_000557,LEGITIMATE_FUND_DISPERSION,NONE,1,4,5,3,12,337148.5,0.052616,0.144524,ONE_TO_MANY,NORMAL
L10_002785,41,TRANSFER,41268.44,LD000557_S,1951776.6,1910508.16,LD000557_D5,880820.75,922089.19,0,0,L10_000557,LEGITIMATE_FUND_DISPERSION,NONE,1,5,5,3,12,337148.5,0.021144,0.046852,ONE_TO_MANY,NORMAL
L10_002786,747,TRANSFER,72053.13,LD000558_S,2048793.85,1976740.72,LD000558_D1,525020.9,597074.03,0,0,L10_000558,LEGITIMATE_FUND_DISPERSION,NONE,1,1,5,0,9,293869.88,0.035169,0.137239,ONE_TO_MANY,NORMAL
L10_002787,749,TRANSFER,19055.14,LD000558_S,1976740.72,1957685.58,LD000558_D2,1142665.02,1161720.16,0,0,L10_000558,LEGITIMATE_FUND_DISPERSION,NONE,1,2,5,2,9,293869.88,0.00964,0.016676,ONE_TO_MANY,NORMAL
L10_002788,750,TRANSFER,127577.14,LD000558_S,1957685.58,1830108.44,LD000558_D3,906826.25,1034403.39,0,0,L10_000558,LEGITIMATE_FUND_DISPERSION,NONE,1,3,5,1,9,293869.88,0.065167,0.140685,ONE_TO_MANY,NORMAL
L10_002789,753,TRANSFER,35753.12,LD000558_S,1830108.44,1794355.32,LD000558_D4,625675.35,661428.47,0,0,L10_000558,LEGITIMATE_FUND_DISPERSION,NONE,1,4,5,3,9,293869.88,0.019536,0.057143,ONE_TO_MANY,NORMAL
L10_002790,756,TRANSFER,39431.35,LD000558_S,1794355.32,1754923.97,LD000558_D5,1222161.31,1261592.66,0,0,L10_000558,LEGITIMATE_FUND_DISPERSION,NONE,1,5,5,3,9,293869.88,0.021975,0.032264,ONE_TO_MANY,NORMAL
L10_002791,476,TRANSFER,27761.69,LD000559_S,2004710.68,1976948.99,LD000559_D1,416481.38,444243.07,0,0,L10_000559,LEGITIMATE_FUND_DISPERSION,NONE,1,1,5,0,9,300706.61,0.013848,0.066658,ONE_TO_MANY,NORMAL
L10_002792,477,TRANSFER,90781.37,LD000559_S,1976948.99,1886167.62,LD000559_D2,974801.7,1065583.07,0,0,L10_000559,LEGITIMATE_FUND_DISPERSION,NONE,1,2,5,1,9,300706.61,0.04592,0.093128,ONE_TO_MANY,NORMAL
L10_002793,479,TRANSFER,53621.05,LD000559_S,1886167.62,1832546.57,LD000559_D3,602034.37,655655.42,0,0,L10_000559,LEGITIMATE_FUND_DISPERSION,NONE,1,3,5,2,9,300706.61,0.028429,0.089066,ONE_TO_MANY,NORMAL
L10_002794,482,TRANSFER,59262.97,LD000559_S,1832546.57,1773283.6,LD000559_D4,1075700.05,1134963.02,0,0,L10_000559,LEGITIMATE_FUND_DISPERSION,NONE,1,4,5,3,9,300706.61,0.032339,0.055092,ONE_TO_MANY,NORMAL
L10_002795,485,TRANSFER,69279.53,LD000559_S,1773283.6,1704004.07,LD000559_D5,1119909.34,1189188.87,0,0,L10_000559,LEGITIMATE_FUND_DISPERSION,NONE,1,5,5,3,9,300706.61,0.039068,0.061862,ONE_TO_MANY,NORMAL
L10_002796,409,TRANSFER,77531.36,LD000560_S,1431616.97,1354085.61,LD000560_D1,545623.0,623154.36,0,0,L10_000560,LEGITIMATE_FUND_DISPERSION,NONE,1,1,5,0,6,214742.54,0.054156,0.142097,ONE_TO_MANY,NORMAL
L10_002797,411,TRANSFER,23966.04,LD000560_S,1354085.61,1330119.57,LD000560_D2,726455.17,750421.21,0,0,L10_000560,LEGITIMATE_FUND_DISPERSION,NONE,1,2,5,2,6,214742.54,0.017699,0.03299,ONE_TO_MANY,NORMAL
L10_002798,412,TRANSFER,80163.23,LD000560_S,1330119.57,1249956.34,LD000560_D3,640990.43,721153.66,0,0,L10_000560,LEGITIMATE_FUND_DISPERSION,NONE,1,3,5,1,6,214742.54,0.060268,0.125062,ONE_TO_MANY,NORMAL
L10_002799,414,TRANSFER,14033.74,LD000560_S,1249956.34,1235922.6,LD000560_D4,805864.78,819898.52,0,0,L10_000560,LEGITIMATE_FUND_DISPERSION,NONE,1,4,5,2,6,214742.54,0.011227,0.017415,ONE_TO_MANY,NORMAL
L10_002800,415,TRANSFER,19048.17,LD000560_S,1235922.6,1216874.43,LD000560_D5,988157.09,1007205.26,0,0,L10_000560,LEGITIMATE_FUND_DISPERSION,NONE,1,5,5,1,6,214742.54,0.015412,0.019276,ONE_TO_MANY,NORMAL
L10_002801,618,TRANSFER,63601.44,LD000561_S,1822672.2,1759070.76,LD000561_D1,1063925.53,1127526.97,0,0,L10_000561,LEGITIMATE_FUND_DISPERSION,NONE,1,1,5,0,10,273400.83,0.034895,0.05978,ONE_TO_MANY,NORMAL
L10_002802,621,TRANSFER,52396.01,LD000561_S,1759070.76,1706674.75,LD000561_D2,734254.09,786650.1,0,0,L10_000561,LEGITIMATE_FUND_DISPERSION,NONE,1,2,5,3,10,273400.83,0.029786,0.07136,ONE_TO_MANY,NORMAL
L10_002803,623,TRANSFER,44725.35,LD000561_S,1706674.75,1661949.4,LD000561_D3,497685.54,542410.89,0,0,L10_000561,LEGITIMATE_FUND_DISPERSION,NONE,1,3,5,2,10,273400.83,0.026206,0.089867,ONE_TO_MANY,NORMAL
L10_002804,626,TRANSFER,56756.87,LD000561_S,1661949.4,1605192.53,LD000561_D4,980095.43,1036852.3,0,0,L10_000561,LEGITIMATE_FUND_DISPERSION,NONE,1,4,5,3,10,273400.83,0.034151,0.05791,ONE_TO_MANY,NORMAL
L10_002805,628,TRANSFER,55921.16,LD000561_S,1605192.53,1549271.37,LD000561_D5,494603.74,550524.9,0,0,L10_000561,LEGITIMATE_FUND_DISPERSION,NONE,1,5,5,2,10,273400.83,0.034838,0.113063,ONE_TO_MANY,NORMAL
L10_002806,204,TRANSFER,104592.52,LD000562_S,1999604.6,1895012.08,LD000562_D1,1044400.75,1148993.27,0,0,L10_000562,LEGITIMATE_FUND_DISPERSION,NONE,1,1,5,0,8,299940.69,0.052307,0.100146,ONE_TO_MANY,NORMAL
L10_002807,205,TRANSFER,56664.27,LD000562_S,1895012.08,1838347.81,LD000562_D2,574895.03,631559.3,0,0,L10_000562,LEGITIMATE_FUND_DISPERSION,NONE,1,2,5,1,8,299940.69,0.029902,0.098565,ONE_TO_MANY,NORMAL
L10_002808,208,TRANSFER,65405.83,LD000562_S,1838347.81,1772941.98,LD000562_D3,585697.21,651103.04,0,0,L10_000562,LEGITIMATE_FUND_DISPERSION,NONE,1,3,5,3,8,299940.69,0.035579,0.111672,ONE_TO_MANY,NORMAL
L10_002809,211,TRANSFER,54274.77,LD000562_S,1772941.98,1718667.21,LD000562_D4,927656.21,981930.98,0,0,L10_000562,LEGITIMATE_FUND_DISPERSION,NONE,1,4,5,3,8,299940.69,0.030613,0.058507,ONE_TO_MANY,NORMAL
L10_002810,212,TRANSFER,19003.3,LD000562_S,1718667.21,1699663.91,LD000562_D5,1152596.32,1171599.62,0,0,L10_000562,LEGITIMATE_FUND_DISPERSION,NONE,1,5,5,1,8,299940.69,0.011057,0.016487,ONE_TO_MANY,NORMAL
L10_002811,52,TRANSFER,67508.12,LD000563_S,1763516.88,1696008.76,LD000563_D1,1174529.63,1242037.75,0,0,L10_000563,LEGITIMATE_FUND_DISPERSION,NONE,1,1,5,0,9,264527.54,0.03828,0.057477,ONE_TO_MANY,NORMAL
L10_002812,54,TRANSFER,18071.82,LD000563_S,1696008.76,1677936.94,LD000563_D2,506899.61,524971.43,0,0,L10_000563,LEGITIMATE_FUND_DISPERSION,NONE,1,2,5,2,9,264527.54,0.010655,0.035652,ONE_TO_MANY,NORMAL
L10_002813,56,TRANSFER,89082.65,LD000563_S,1677936.94,1588854.29,LD000563_D3,1139609.53,1228692.18,0,0,L10_000563,LEGITIMATE_FUND_DISPERSION,NONE,1,3,5,2,9,264527.54,0.053091,0.078169,ONE_TO_MANY,NORMAL
L10_002814,58,TRANSFER,16647.09,LD000563_S,1588854.29,1572207.2,LD000563_D4,599393.43,616040.52,0,0,L10_000563,LEGITIMATE_FUND_DISPERSION,NONE,1,4,5,2,9,264527.54,0.010477,0.027773,ONE_TO_MANY,NORMAL
L10_002815,61,TRANSFER,73217.86,LD000563_S,1572207.2,1498989.34,LD000563_D5,829156.7,902374.56,0,0,L10_000563,LEGITIMATE_FUND_DISPERSION,NONE,1,5,5,3,9,264527.54,0.04657,0.088304,ONE_TO_MANY,NORMAL
L10_002816,228,TRANSFER,12760.28,LD000564_S,1644849.9,1632089.62,LD000564_D1,1081377.9,1094138.18,0,0,L10_000564,LEGITIMATE_FUND_DISPERSION,NONE,1,1,5,0,8,246727.48,0.007758,0.0118,ONE_TO_MANY,NORMAL
L10_002817,230,TRANSFER,100474.22,LD000564_S,1632089.62,1531615.4,LD000564_D2,765271.18,865745.4,0,0,L10_000564,LEGITIMATE_FUND_DISPERSION,NONE,1,2,5,2,8,246727.48,0.061562,0.131292,ONE_TO_MANY,NORMAL
L10_002818,233,TRANSFER,18160.49,LD000564_S,1531615.4,1513454.91,LD000564_D3,601749.16,619909.65,0,0,L10_000564,LEGITIMATE_FUND_DISPERSION,NONE,1,3,5,3,8,246727.48,0.011857,0.03018,ONE_TO_MANY,NORMAL
L10_002819,234,TRANSFER,81101.93,LD000564_S,1513454.91,1432352.98,LD000564_D4,1258647.44,1339749.37,0,0,L10_000564,LEGITIMATE_FUND_DISPERSION,NONE,1,4,5,1,8,246727.48,0.053587,0.064436,ONE_TO_MANY,NORMAL
L10_002820,236,TRANSFER,34230.56,LD000564_S,1432352.98,1398122.42,LD000564_D5,926063.17,960293.73,0,0,L10_000564,LEGITIMATE_FUND_DISPERSION,NONE,1,5,5,2,8,246727.48,0.023898,0.036964,ONE_TO_MANY,NORMAL
L10_002821,445,TRANSFER,60611.34,LD000565_S,1420917.96,1360306.62,LD000565_D1,1268734.66,1329346.0,0,0,L10_000565,LEGITIMATE_FUND_DISPERSION,NONE,1,1,5,0,8,213137.7,0.042656,0.047773,ONE_TO_MANY,NORMAL
L10_002822,447,TRANSFER,27169.25,LD000565_S,1360306.62,1333137.37,LD000565_D2,389113.22,416282.47,0,0,L10_000565,LEGITIMATE_FUND_DISPERSION,NONE,1,2,5,2,8,213137.7,0.019973,0.069824,ONE_TO_MANY,NORMAL
L10_002823,448,TRANSFER,30108.44,LD000565_S,1333137.37,1303028.93,LD000565_D3,615580.55,645688.99,0,0,L10_000565,LEGITIMATE_FUND_DISPERSION,NONE,1,3,5,1,8,213137.7,0.022585,0.048911,ONE_TO_MANY,NORMAL
L10_002824,451,TRANSFER,28641.12,LD000565_S,1303028.93,1274387.81,LD000565_D4,837864.87,866505.99,0,0,L10_000565,LEGITIMATE_FUND_DISPERSION,NONE,1,4,5,3,8,213137.7,0.02198,0.034183,ONE_TO_MANY,NORMAL
L10_002825,453,TRANSFER,66607.55,LD000565_S,1274387.81,1207780.26,LD000565_D5,1127026.34,1193633.89,0,0,L10_000565,LEGITIMATE_FUND_DISPERSION,NONE,1,5,5,2,8,213137.7,0.052266,0.0591,ONE_TO_MANY,NORMAL
L10_002826,187,TRANSFER,20879.41,LD000566_S,1482949.6,1462070.19,LD000566_D1,817862.55,838741.96,0,0,L10_000566,LEGITIMATE_FUND_DISPERSION,NONE,1,1,5,0,8,222442.44,0.01408,0.025529,ONE_TO_MANY,NORMAL
L10_002827,188,TRANSFER,20913.11,LD000566_S,1462070.19,1441157.08,LD000566_D2,1062336.46,1083249.57,0,0,L10_000566,LEGITIMATE_FUND_DISPERSION,NONE,1,2,5,1,8,222442.44,0.014304,0.019686,ONE_TO_MANY,NORMAL
L10_002828,189,TRANSFER,32842.22,LD000566_S,1441157.08,1408314.86,LD000566_D3,919747.89,952590.11,0,0,L10_000566,LEGITIMATE_FUND_DISPERSION,NONE,1,3,5,1,8,222442.44,0.022789,0.035708,ONE_TO_MANY,NORMAL
L10_002829,192,TRANSFER,69228.94,LD000566_S,1408314.86,1339085.92,LD000566_D4,1143179.31,1212408.25,0,0,L10_000566,LEGITIMATE_FUND_DISPERSION,NONE,1,4,5,3,8,222442.44,0.049157,0.060558,ONE_TO_MANY,NORMAL
L10_002830,195,TRANSFER,78578.76,LD000566_S,1339085.92,1260507.16,LD000566_D5,592809.22,671387.98,0,0,L10_000566,LEGITIMATE_FUND_DISPERSION,NONE,1,5,5,3,8,222442.44,0.058681,0.132553,ONE_TO_MANY,NORMAL
L10_002831,480,TRANSFER,49442.74,LD000567_S,1411469.83,1362027.09,LD000567_D1,493199.11,542641.85,0,0,L10_000567,LEGITIMATE_FUND_DISPERSION,NONE,1,1,5,0,7,211720.47,0.035029,0.100249,ONE_TO_MANY,NORMAL
L10_002832,481,TRANSFER,49405.93,LD000567_S,1362027.09,1312621.16,LD000567_D2,429887.13,479293.06,0,0,L10_000567,LEGITIMATE_FUND_DISPERSION,NONE,1,2,5,1,7,211720.47,0.036274,0.114928,ONE_TO_MANY,NORMAL
L10_002833,484,TRANSFER,28864.1,LD000567_S,1312621.16,1283757.06,LD000567_D3,478106.03,506970.13,0,0,L10_000567,LEGITIMATE_FUND_DISPERSION,NONE,1,3,5,3,7,211720.47,0.02199,0.060372,ONE_TO_MANY,NORMAL
L10_002834,485,TRANSFER,35418.76,LD000567_S,1283757.06,1248338.3,LD000567_D4,632966.89,668385.65,0,0,L10_000567,LEGITIMATE_FUND_DISPERSION,NONE,1,4,5,1,7,211720.47,0.02759,0.055957,ONE_TO_MANY,NORMAL
L10_002835,487,TRANSFER,48588.94,LD000567_S,1248338.3,1199749.36,LD000567_D5,856519.62,905108.56,0,0,L10_000567,LEGITIMATE_FUND_DISPERSION,NONE,1,5,5,2,7,211720.47,0.038923,0.056728,ONE_TO_MANY,NORMAL
L10_002836,824,TRANSFER,35861.7,LD000568_S,1528687.7,1492826.0,LD000568_D1,940009.82,975871.52,0,0,L10_000568,LEGITIMATE_FUND_DISPERSION,NONE,1,1,5,0,10,229303.16,0.023459,0.03815,ONE_TO_MANY,NORMAL
L10_002837,827,TRANSFER,21522.75,LD000568_S,1492826.0,1471303.25,LD000568_D2,852720.7,874243.45,0,0,L10_000568,LEGITIMATE_FUND_DISPERSION,NONE,1,2,5,3,10,229303.16,0.014417,0.02524,ONE_TO_MANY,NORMAL
L10_002838,830,TRANSFER,28561.89,LD000568_S,1471303.25,1442741.36,LD000568_D3,1001846.22,1030408.11,0,0,L10_000568,LEGITIMATE_FUND_DISPERSION,NONE,1,3,5,3,10,229303.16,0.019413,0.028509,ONE_TO_MANY,NORMAL
L10_002839,833,TRANSFER,59290.41,LD000568_S,1442741.36,1383450.95,LD000568_D4,1185926.98,1245217.39,0,0,L10_000568,LEGITIMATE_FUND_DISPERSION,NONE,1,4,5,3,10,229303.16,0.041096,0.049995,ONE_TO_MANY,NORMAL
L10_002840,834,TRANSFER,84066.41,LD000568_S,1383450.95,1299384.54,LD000568_D5,946215.44,1030281.85,0,0,L10_000568,LEGITIMATE_FUND_DISPERSION,NONE,1,5,5,1,10,229303.16,0.060766,0.088845,ONE_TO_MANY,NORMAL
L10_002841,638,TRANSFER,63669.14,LD000569_S,1707813.99,1644144.85,LD000569_D1,649184.66,712853.8,0,0,L10_000569,LEGITIMATE_FUND_DISPERSION,NONE,1,1,5,0,6,256172.11,0.037281,0.098076,ONE_TO_MANY,NORMAL
L10_002842,639,TRANSFER,49788.04,LD000569_S,1644144.85,1594356.81,LD000569_D2,1130673.74,1180461.78,0,0,L10_000569,LEGITIMATE_FUND_DISPERSION,NONE,1,2,5,1,6,256172.11,0.030282,0.044034,ONE_TO_MANY,NORMAL
L10_002843,640,TRANSFER,52352.99,LD000569_S,1594356.81,1542003.82,LD000569_D3,396938.98,449291.97,0,0,L10_000569,LEGITIMATE_FUND_DISPERSION,NONE,1,3,5,1,6,256172.11,0.032836,0.131892,ONE_TO_MANY,NORMAL
L10_002844,641,TRANSFER,47006.29,LD000569_S,1542003.82,1494997.53,LD000569_D4,1178088.31,1225094.6,0,0,L10_000569,LEGITIMATE_FUND_DISPERSION,NONE,1,4,5,1,6,256172.11,0.030484,0.0399,ONE_TO_MANY,NORMAL
L10_002845,644,TRANSFER,43355.65,LD000569_S,1494997.53,1451641.88,LD000569_D5,833618.9,876974.55,0,0,L10_000569,LEGITIMATE_FUND_DISPERSION,NONE,1,5,5,3,6,256172.11,0.029,0.052009,ONE_TO_MANY,NORMAL
L10_002846,481,TRANSFER,125291.14,LD000570_S,1962850.32,1837559.18,LD000570_D1,1152176.43,1277467.57,0,0,L10_000570,LEGITIMATE_FUND_DISPERSION,NONE,1,1,5,0,7,294427.55,0.063831,0.108743,ONE_TO_MANY,NORMAL
L10_002847,484,TRANSFER,55843.25,LD000570_S,1837559.18,1781715.93,LD000570_D2,889165.19,945008.44,0,0,L10_000570,LEGITIMATE_FUND_DISPERSION,NONE,1,2,5,3,7,294427.55,0.03039,0.062804,ONE_TO_MANY,NORMAL
L10_002848,486,TRANSFER,35025.66,LD000570_S,1781715.93,1746690.27,LD000570_D3,943527.12,978552.78,0,0,L10_000570,LEGITIMATE_FUND_DISPERSION,NONE,1,3,5,2,7,294427.55,0.019658,0.037122,ONE_TO_MANY,NORMAL
L10_002849,487,TRANSFER,19178.9,LD000570_S,1746690.27,1727511.37,LD000570_D4,973214.22,992393.12,0,0,L10_000570,LEGITIMATE_FUND_DISPERSION,NONE,1,4,5,1,7,294427.55,0.01098,0.019707,ONE_TO_MANY,NORMAL
L10_002850,488,TRANSFER,59088.6,LD000570_S,1727511.37,1668422.77,LD000570_D5,1190262.33,1249350.93,0,0,L10_000570,LEGITIMATE_FUND_DISPERSION,NONE,1,5,5,1,7,294427.55,0.034204,0.049643,ONE_TO_MANY,NORMAL
L10_002851,107,TRANSFER,55971.79,LD000571_S,2162757.92,2106786.13,LD000571_D1,615417.61,671389.4,0,0,L10_000571,LEGITIMATE_FUND_DISPERSION,NONE,1,1,5,0,8,324413.68,0.02588,0.090949,ONE_TO_MANY,NORMAL
L10_002852,108,TRANSFER,44188.89,LD000571_S,2106786.13,2062597.24,LD000571_D2,1232880.77,1277069.66,0,0,L10_000571,LEGITIMATE_FUND_DISPERSION,NONE,1,2,5,1,8,324413.68,0.020975,0.035842,ONE_TO_MANY,NORMAL
L10_002853,111,TRANSFER,116914.17,LD000571_S,2062597.24,1945683.07,LD000571_D3,745192.53,862106.7,0,0,L10_000571,LEGITIMATE_FUND_DISPERSION,NONE,1,3,5,3,8,324413.68,0.056683,0.156891,ONE_TO_MANY,NORMAL
L10_002854,112,TRANSFER,71825.22,LD000571_S,1945683.07,1873857.85,LD000571_D4,757072.76,828897.98,0,0,L10_000571,LEGITIMATE_FUND_DISPERSION,NONE,1,4,5,1,8,324413.68,0.036915,0.094872,ONE_TO_MANY,NORMAL
L10_002855,115,TRANSFER,35513.61,LD000571_S,1873857.85,1838344.24,LD000571_D5,940146.64,975660.25,0,0,L10_000571,LEGITIMATE_FUND_DISPERSION,NONE,1,5,5,3,8,324413.68,0.018952,0.037775,ONE_TO_MANY,NORMAL
L10_002856,477,TRANSFER,44802.96,LD000572_S,1343575.35,1298772.39,LD000572_D1,1260075.81,1304878.77,0,0,L10_000572,LEGITIMATE_FUND_DISPERSION,NONE,1,1,5,0,9,201536.29,0.033346,0.035556,ONE_TO_MANY,NORMAL
L10_002857,478,TRANSFER,9292.9,LD000572_S,1298772.39,1289479.49,LD000572_D2,1216356.16,1225649.06,0,0,L10_000572,LEGITIMATE_FUND_DISPERSION,NONE,1,2,5,1,9,201536.29,0.007155,0.00764,ONE_TO_MANY,NORMAL
L10_002858,481,TRANSFER,46728.69,LD000572_S,1289479.49,1242750.8,LD000572_D3,614926.96,661655.65,0,0,L10_000572,LEGITIMATE_FUND_DISPERSION,NONE,1,3,5,3,9,201536.29,0.036238,0.075991,ONE_TO_MANY,NORMAL
L10_002859,484,TRANSFER,55568.4,LD000572_S,1242750.8,1187182.4,LD000572_D4,717370.47,772938.87,0,0,L10_000572,LEGITIMATE_FUND_DISPERSION,NONE,1,4,5,3,9,201536.29,0.044714,0.077461,ONE_TO_MANY,NORMAL
L10_002860,486,TRANSFER,45143.34,LD000572_S,1187182.4,1142039.06,LD000572_D5,1249443.1,1294586.44,0,0,L10_000572,LEGITIMATE_FUND_DISPERSION,NONE,1,5,5,2,9,201536.29,0.038026,0.036131,ONE_TO_MANY,NORMAL
L10_002861,694,TRANSFER,25196.83,LD000573_S,1482267.24,1457070.41,LD000573_D1,715322.62,740519.45,0,0,L10_000573,LEGITIMATE_FUND_DISPERSION,NONE,1,1,5,0,8,222340.09,0.016999,0.035224,ONE_TO_MANY,NORMAL
L10_002862,696,TRANSFER,63429.63,LD000573_S,1457070.41,1393640.78,LD000573_D2,453932.94,517362.57,0,0,L10_000573,LEGITIMATE_FUND_DISPERSION,NONE,1,2,5,2,8,222340.09,0.043532,0.139733,ONE_TO_MANY,NORMAL
L10_002863,699,TRANSFER,71827.11,LD000573_S,1393640.78,1321813.67,LD000573_D3,815890.39,887717.5,0,0,L10_000573,LEGITIMATE_FUND_DISPERSION,NONE,1,3,5,3,8,222340.09,0.051539,0.088035,ONE_TO_MANY,NORMAL
L10_002864,701,TRANSFER,13612.2,LD000573_S,1321813.67,1308201.47,LD000573_D4,602727.62,616339.82,0,0,L10_000573,LEGITIMATE_FUND_DISPERSION,NONE,1,4,5,2,8,222340.09,0.010298,0.022584,ONE_TO_MANY,NORMAL
L10_002865,702,TRANSFER,48274.32,LD000573_S,1308201.47,1259927.15,LD000573_D5,752241.21,800515.53,0,0,L10_000573,LEGITIMATE_FUND_DISPERSION,NONE,1,5,5,1,8,222340.09,0.036901,0.064174,ONE_TO_MANY,NORMAL
L10_002866,734,TRANSFER,20508.96,LD000574_S,1368346.54,1347837.58,LD000574_D1,593639.55,614148.51,0,0,L10_000574,LEGITIMATE_FUND_DISPERSION,NONE,1,1,5,0,8,205251.98,0.014988,0.034548,ONE_TO_MANY,NORMAL
L10_002867,735,TRANSFER,63756.54,LD000574_S,1347837.58,1284081.04,LD000574_D2,915268.47,979025.01,0,0,L10_000574,LEGITIMATE_FUND_DISPERSION,NONE,1,2,5,1,8,205251.98,0.047303,0.069659,ONE_TO_MANY,NORMAL
L10_002868,736,TRANSFER,48140.4,LD000574_S,1284081.04,1235940.64,LD000574_D3,1111083.31,1159223.71,0,0,L10_000574,LEGITIMATE_FUND_DISPERSION,NONE,1,3,5,1,8,205251.98,0.03749,0.043327,ONE_TO_MANY,NORMAL
L10_002869,739,TRANSFER,15069.89,LD000574_S,1235940.64,1220870.75,LD000574_D4,703979.77,719049.66,0,0,L10_000574,LEGITIMATE_FUND_DISPERSION,NONE,1,4,5,3,8,205251.98,0.012193,0.021407,ONE_TO_MANY,NORMAL
L10_002870,742,TRANSFER,57776.19,LD000574_S,1220870.75,1163094.56,LD000574_D5,1277541.13,1335317.32,0,0,L10_000574,LEGITIMATE_FUND_DISPERSION,NONE,1,5,5,3,8,205251.98,0.047324,0.045225,ONE_TO_MANY,NORMAL
L10_002871,718,TRANSFER,27720.06,LD000575_S,1725303.99,1697583.93,LD000575_D1,1034161.2,1061881.26,0,0,L10_000575,LEGITIMATE_FUND_DISPERSION,NONE,1,1,5,0,6,258795.59,0.016067,0.026804,ONE_TO_MANY,NORMAL
L10_002872,720,TRANSFER,30894.7,LD000575_S,1697583.93,1666689.23,LD000575_D2,669599.31,700494.01,0,0,L10_000575,LEGITIMATE_FUND_DISPERSION,NONE,1,2,5,2,6,258795.59,0.018199,0.046139,ONE_TO_MANY,NORMAL
L10_002873,722,TRANSFER,47699.38,LD000575_S,1666689.23,1618989.85,LD000575_D3,385502.97,433202.35,0,0,L10_000575,LEGITIMATE_FUND_DISPERSION,NONE,1,3,5,2,6,258795.59,0.028619,0.123733,ONE_TO_MANY,NORMAL
L10_002874,723,TRANSFER,72880.58,LD000575_S,1618989.85,1546109.27,LD000575_D4,1195681.99,1268562.57,0,0,L10_000575,LEGITIMATE_FUND_DISPERSION,NONE,1,4,5,1,6,258795.59,0.045016,0.060953,ONE_TO_MANY,NORMAL
L10_002875,724,TRANSFER,79600.87,LD000575_S,1546109.27,1466508.4,LD000575_D5,938096.11,1017696.98,0,0,L10_000575,LEGITIMATE_FUND_DISPERSION,NONE,1,5,5,1,6,258795.59,0.051485,0.084854,ONE_TO_MANY,NORMAL
L10_002876,362,TRANSFER,28984.4,LD000576_S,1634895.96,1605911.56,LD000576_D1,632309.51,661293.91,0,0,L10_000576,LEGITIMATE_FUND_DISPERSION,NONE,1,1,5,0,5,245234.4,0.017729,0.045839,ONE_TO_MANY,NORMAL
L10_002877,363,TRANSFER,51599.62,LD000576_S,1605911.56,1554311.94,LD000576_D2,767069.43,818669.05,0,0,L10_000576,LEGITIMATE_FUND_DISPERSION,NONE,1,2,5,1,5,245234.4,0.032131,0.067269,ONE_TO_MANY,NORMAL
L10_002878,364,TRANSFER,83389.39,LD000576_S,1554311.94,1470922.55,LD000576_D3,409658.18,493047.57,0,0,L10_000576,LEGITIMATE_FUND_DISPERSION,NONE,1,3,5,1,5,245234.4,0.05365,0.203558,ONE_TO_MANY,NORMAL
L10_002879,365,TRANSFER,63305.29,LD000576_S,1470922.55,1407617.26,LD000576_D4,697897.71,761203.0,0,0,L10_000576,LEGITIMATE_FUND_DISPERSION,NONE,1,4,5,1,5,245234.4,0.043038,0.090709,ONE_TO_MANY,NORMAL
L10_002880,367,TRANSFER,17955.7,LD000576_S,1407617.26,1389661.56,LD000576_D5,609584.0,627539.7,0,0,L10_000576,LEGITIMATE_FUND_DISPERSION,NONE,1,5,5,2,5,245234.4,0.012756,0.029456,ONE_TO_MANY,NORMAL
L10_002881,751,TRANSFER,43100.28,LD000577_S,2354623.79,2311523.51,LD000577_D1,1039867.5,1082967.78,0,0,L10_000577,LEGITIMATE_FUND_DISPERSION,NONE,1,1,5,0,5,353193.56,0.018305,0.041448,ONE_TO_MANY,NORMAL
L10_002882,752,TRANSFER,90908.75,LD000577_S,2311523.51,2220614.76,LD000577_D2,786395.62,877304.37,0,0,L10_000577,LEGITIMATE_FUND_DISPERSION,NONE,1,2,5,1,5,353193.56,0.039328,0.115602,ONE_TO_MANY,NORMAL
L10_002883,753,TRANSFER,98303.21,LD000577_S,2220614.76,2122311.55,LD000577_D3,524074.96,622378.17,0,0,L10_000577,LEGITIMATE_FUND_DISPERSION,NONE,1,3,5,1,5,353193.56,0.044268,0.187575,ONE_TO_MANY,NORMAL
L10_002884,754,TRANSFER,52579.87,LD000577_S,2122311.55,2069731.68,LD000577_D4,1117061.93,1169641.8,0,0,L10_000577,LEGITIMATE_FUND_DISPERSION,NONE,1,4,5,1,5,353193.56,0.024775,0.04707,ONE_TO_MANY,NORMAL
L10_002885,756,TRANSFER,68301.45,LD000577_S,2069731.68,2001430.23,LD000577_D5,686939.36,755240.81,0,0,L10_000577,LEGITIMATE_FUND_DISPERSION,NONE,1,5,5,2,5,353193.56,0.033,0.099429,ONE_TO_MANY,NORMAL
L10_002886,314,TRANSFER,12615.98,LD000578_S,1284844.64,1272228.66,LD000578_D1,458422.64,471038.62,0,0,L10_000578,LEGITIMATE_FUND_DISPERSION,NONE,1,1,5,0,10,192726.69,0.009819,0.02752,ONE_TO_MANY,NORMAL
L10_002887,316,TRANSFER,74465.82,LD000578_S,1272228.66,1197762.84,LD000578_D2,630205.52,704671.34,0,0,L10_000578,LEGITIMATE_FUND_DISPERSION,NONE,1,2,5,2,10,192726.69,0.058532,0.118161,ONE_TO_MANY,NORMAL
L10_002888,318,TRANSFER,13506.74,LD000578_S,1197762.84,1184256.1,LD000578_D3,1121794.76,1135301.5,0,0,L10_000578,LEGITIMATE_FUND_DISPERSION,NONE,1,3,5,2,10,192726.69,0.011277,0.01204,ONE_TO_MANY,NORMAL
L10_002889,321,TRANSFER,54870.75,LD000578_S,1184256.1,1129385.35,LD000578_D4,1066427.01,1121297.76,0,0,L10_000578,LEGITIMATE_FUND_DISPERSION,NONE,1,4,5,3,10,192726.69,0.046334,0.051453,ONE_TO_MANY,NORMAL
L10_002890,324,TRANSFER,37267.4,LD000578_S,1129385.35,1092117.95,LD000578_D5,933224.23,970491.63,0,0,L10_000578,LEGITIMATE_FUND_DISPERSION,NONE,1,5,5,3,10,192726.69,0.032998,0.039934,ONE_TO_MANY,NORMAL
L10_002891,104,TRANSFER,84402.69,LD000579_S,2244355.88,2159953.19,LD000579_D1,803122.03,887524.72,0,0,L10_000579,LEGITIMATE_FUND_DISPERSION,NONE,1,1,5,0,7,336653.38,0.037607,0.105093,ONE_TO_MANY,NORMAL
L10_002892,106,TRANSFER,55837.97,LD000579_S,2159953.19,2104115.22,LD000579_D2,560602.05,616440.02,0,0,L10_000579,LEGITIMATE_FUND_DISPERSION,NONE,1,2,5,2,7,336653.38,0.025851,0.099604,ONE_TO_MANY,NORMAL
L10_002893,108,TRANSFER,74411.32,LD000579_S,2104115.22,2029703.9,LD000579_D3,1189042.94,1263454.26,0,0,L10_000579,LEGITIMATE_FUND_DISPERSION,NONE,1,3,5,2,7,336653.38,0.035365,0.062581,ONE_TO_MANY,NORMAL
L10_002894,109,TRANSFER,94902.45,LD000579_S,2029703.9,1934801.45,LD000579_D4,787872.06,882774.51,0,0,L10_000579,LEGITIMATE_FUND_DISPERSION,NONE,1,4,5,1,7,336653.38,0.046757,0.120454,ONE_TO_MANY,NORMAL
L10_002895,111,TRANSFER,27098.95,LD000579_S,1934801.45,1907702.5,LD000579_D5,955186.16,982285.11,0,0,L10_000579,LEGITIMATE_FUND_DISPERSION,NONE,1,5,5,2,7,336653.38,0.014006,0.02837,ONE_TO_MANY,NORMAL
L10_002896,567,TRANSFER,67149.58,LD000580_S,1719666.97,1652517.39,LD000580_D1,938563.12,1005712.7,0,0,L10_000580,LEGITIMATE_FUND_DISPERSION,NONE,1,1,5,0,8,257950.04,0.039048,0.071545,ONE_TO_MANY,NORMAL
L10_002897,570,TRANSFER,67381.6,LD000580_S,1652517.39,1585135.79,LD000580_D2,398180.14,465561.74,0,0,L10_000580,LEGITIMATE_FUND_DISPERSION,NONE,1,2,5,3,8,257950.04,0.040775,0.169224,ONE_TO_MANY,NORMAL
L10_002898,571,TRANSFER,67842.26,LD000580_S,1585135.79,1517293.53,LD000580_D3,1089322.33,1157164.59,0,0,L10_000580,LEGITIMATE_FUND_DISPERSION,NONE,1,3,5,1,8,257950.04,0.042799,0.062279,ONE_TO_MANY,NORMAL
L10_002899,574,TRANSFER,41249.99,LD000580_S,1517293.53,1476043.54,LD000580_D4,574815.08,616065.07,0,0,L10_000580,LEGITIMATE_FUND_DISPERSION,NONE,1,4,5,3,8,257950.04,0.027187,0.071762,ONE_TO_MANY,NORMAL
L10_002900,575,TRANSFER,14326.61,LD000580_S,1476043.54,1461716.93,LD000580_D5,440251.76,454578.37,0,0,L10_000580,LEGITIMATE_FUND_DISPERSION,NONE,1,5,5,1,8,257950.04,0.009706,0.032542,ONE_TO_MANY,NORMAL
L10_002901,371,TRANSFER,26795.32,LD000581_S,1498808.84,1472013.52,LD000581_D1,824724.88,851520.2,0,0,L10_000581,LEGITIMATE_FUND_DISPERSION,NONE,1,1,5,0,7,224821.32,0.017878,0.03249,ONE_TO_MANY,NORMAL
L10_002902,373,TRANSFER,41724.71,LD000581_S,1472013.52,1430288.81,LD000581_D2,919235.41,960960.12,0,0,L10_000581,LEGITIMATE_FUND_DISPERSION,NONE,1,2,5,2,7,224821.32,0.028345,0.045391,ONE_TO_MANY,NORMAL
L10_002903,375,TRANSFER,52877.27,LD000581_S,1430288.81,1377411.54,LD000581_D3,387864.45,440741.72,0,0,L10_000581,LEGITIMATE_FUND_DISPERSION,NONE,1,3,5,2,7,224821.32,0.03697,0.136329,ONE_TO_MANY,NORMAL
L10_002904,377,TRANSFER,66435.06,LD000581_S,1377411.54,1310976.48,LD000581_D4,712934.11,779369.17,0,0,L10_000581,LEGITIMATE_FUND_DISPERSION,NONE,1,4,5,2,7,224821.32,0.048232,0.093185,ONE_TO_MANY,NORMAL
L10_002905,378,TRANSFER,36988.96,LD000581_S,1310976.48,1273987.52,LD000581_D5,546621.35,583610.31,0,0,L10_000581,LEGITIMATE_FUND_DISPERSION,NONE,1,5,5,1,7,224821.32,0.028215,0.067668,ONE_TO_MANY,NORMAL
L10_002906,51,TRANSFER,42282.55,LD000582_S,2515114.59,2472832.04,LD000582_D1,449990.47,492273.02,0,0,L10_000582,LEGITIMATE_FUND_DISPERSION,NONE,1,1,5,0,6,377267.2,0.016811,0.093963,ONE_TO_MANY,NORMAL
L10_002907,53,TRANSFER,72732.16,LD000582_S,2472832.04,2400099.88,LD000582_D2,1145232.47,1217964.63,0,0,L10_000582,LEGITIMATE_FUND_DISPERSION,NONE,1,2,5,2,6,377267.2,0.029412,0.063509,ONE_TO_MANY,NORMAL
L10_002908,55,TRANSFER,73787.69,LD000582_S,2400099.88,2326312.19,LD000582_D3,438365.4,512153.09,0,0,L10_000582,LEGITIMATE_FUND_DISPERSION,NONE,1,3,5,2,6,377267.2,0.030744,0.168325,ONE_TO_MANY,NORMAL
L10_002909,56,TRANSFER,69871.18,LD000582_S,2326312.19,2256441.01,LD000582_D4,1132936.95,1202808.13,0,0,L10_000582,LEGITIMATE_FUND_DISPERSION,NONE,1,4,5,1,6,377267.2,0.030035,0.061673,ONE_TO_MANY,NORMAL
L10_002910,57,TRANSFER,118593.62,LD000582_S,2256441.01,2137847.39,LD000582_D5,577284.8,695878.42,0,0,L10_000582,LEGITIMATE_FUND_DISPERSION,NONE,1,5,5,1,6,377267.2,0.052558,0.205433,ONE_TO_MANY,NORMAL
L10_002911,684,TRANSFER,91439.78,LD000583_S,1466660.81,1375221.03,LD000583_D1,810739.18,902178.96,0,0,L10_000583,LEGITIMATE_FUND_DISPERSION,NONE,1,1,5,0,9,219999.12,0.062346,0.112786,ONE_TO_MANY,NORMAL
L10_002912,687,TRANSFER,20209.43,LD000583_S,1375221.03,1355011.6,LD000583_D2,766646.29,786855.72,0,0,L10_000583,LEGITIMATE_FUND_DISPERSION,NONE,1,2,5,3,9,219999.12,0.014695,0.026361,ONE_TO_MANY,NORMAL
L10_002913,689,TRANSFER,58684.78,LD000583_S,1355011.6,1296326.82,LD000583_D3,919303.9,977988.68,0,0,L10_000583,LEGITIMATE_FUND_DISPERSION,NONE,1,3,5,2,9,219999.12,0.043309,0.063836,ONE_TO_MANY,NORMAL
L10_002914,692,TRANSFER,28184.57,LD000583_S,1296326.82,1268142.25,LD000583_D4,646213.86,674398.43,0,0,L10_000583,LEGITIMATE_FUND_DISPERSION,NONE,1,4,5,3,9,219999.12,0.021742,0.043615,ONE_TO_MANY,NORMAL
L10_002915,693,TRANSFER,21480.56,LD000583_S,1268142.25,1246661.69,LD000583_D5,692196.31,713676.87,0,0,L10_000583,LEGITIMATE_FUND_DISPERSION,NONE,1,5,5,1,9,219999.12,0.016939,0.031032,ONE_TO_MANY,NORMAL
L10_002916,675,TRANSFER,35392.32,LD000584_S,1586160.63,1550768.31,LD000584_D1,1248607.29,1283999.61,0,0,L10_000584,LEGITIMATE_FUND_DISPERSION,NONE,1,1,5,0,7,237924.1,0.022313,0.028345,ONE_TO_MANY,NORMAL
L10_002917,677,TRANSFER,26937.28,LD000584_S,1550768.31,1523831.03,LD000584_D2,873612.42,900549.7,0,0,L10_000584,LEGITIMATE_FUND_DISPERSION,NONE,1,2,5,2,7,237924.1,0.01737,0.030834,ONE_TO_MANY,NORMAL
L10_002918,679,TRANSFER,53369.17,LD000584_S,1523831.03,1470461.86,LD000584_D3,510628.33,563997.5,0,0,L10_000584,LEGITIMATE_FUND_DISPERSION,NONE,1,3,5,2,7,237924.1,0.035023,0.104517,ONE_TO_MANY,NORMAL
L10_002919,680,TRANSFER,72767.28,LD000584_S,1470461.86,1397694.58,LD000584_D4,943464.71,1016231.99,0,0,L10_000584,LEGITIMATE_FUND_DISPERSION,NONE,1,4,5,1,7,237924.1,0.049486,0.077128,ONE_TO_MANY,NORMAL
L10_002920,682,TRANSFER,49458.05,LD000584_S,1397694.58,1348236.53,LD000584_D5,1076623.29,1126081.34,0,0,L10_000584,LEGITIMATE_FUND_DISPERSION,NONE,1,5,5,2,7,237924.1,0.035385,0.045938,ONE_TO_MANY,NORMAL
L10_002921,680,TRANSFER,23386.8,LD000585_S,2491513.15,2468126.35,LD000585_D1,924528.05,947914.85,0,0,L10_000585,LEGITIMATE_FUND_DISPERSION,NONE,1,1,5,0,8,342164.92,0.009387,0.025296,ONE_TO_MANY,NORMAL
L10_002922,682,TRANSFER,83180.74,LD000585_S,2468126.35,2384945.61,LD000585_D2,897659.46,980840.2,0,0,L10_000585,LEGITIMATE_FUND_DISPERSION,NONE,1,2,5,2,8,342164.92,0.033702,0.092664,ONE_TO_MANY,NORMAL
L10_002923,684,TRANSFER,38050.98,LD000585_S,2384945.61,2346894.63,LD000585_D3,553577.65,591628.63,0,0,L10_000585,LEGITIMATE_FUND_DISPERSION,NONE,1,3,5,2,8,342164.92,0.015955,0.068736,ONE_TO_MANY,NORMAL
L10_002924,685,TRANSFER,127090.65,LD000585_S,2346894.63,2219803.98,LD000585_D4,661267.62,788358.27,0,0,L10_000585,LEGITIMATE_FUND_DISPERSION,NONE,1,4,5,1,8,342164.92,0.054153,0.192192,ONE_TO_MANY,NORMAL
L10_002925,688,TRANSFER,70455.75,LD000585_S,2219803.98,2149348.23,LD000585_D5,897699.88,968155.63,0,0,L10_000585,LEGITIMATE_FUND_DISPERSION,NONE,1,5,5,3,8,342164.92,0.03174,0.078485,ONE_TO_MANY,NORMAL
L10_002926,340,TRANSFER,78031.68,LD000586_S,2413824.29,2335792.61,LD000586_D1,636700.0,714731.68,0,0,L10_000586,LEGITIMATE_FUND_DISPERSION,NONE,1,1,5,0,8,294865.91,0.032327,0.122556,ONE_TO_MANY,NORMAL
L10_002927,342,TRANSFER,18124.04,LD000586_S,2335792.61,2317668.57,LD000586_D2,571884.04,590008.08,0,0,L10_000586,LEGITIMATE_FUND_DISPERSION,NONE,1,2,5,2,8,294865.91,0.007759,0.031692,ONE_TO_MANY,NORMAL
L10_002928,344,TRANSFER,27878.66,LD000586_S,2317668.57,2289789.91,LD000586_D3,1169521.25,1197399.91,0,0,L10_000586,LEGITIMATE_FUND_DISPERSION,NONE,1,3,5,2,8,294865.91,0.012029,0.023838,ONE_TO_MANY,NORMAL
L10_002929,347,TRANSFER,47122.04,LD000586_S,2289789.91,2242667.87,LD000586_D4,497514.96,544637.0,0,0,L10_000586,LEGITIMATE_FUND_DISPERSION,NONE,1,4,5,3,8,294865.91,0.020579,0.094715,ONE_TO_MANY,NORMAL
L10_002930,348,TRANSFER,123709.49,LD000586_S,2242667.87,2118958.38,LD000586_D5,508225.24,631934.73,0,0,L10_000586,LEGITIMATE_FUND_DISPERSION,NONE,1,5,5,1,8,294865.91,0.055162,0.243415,ONE_TO_MANY,NORMAL
L10_002931,714,TRANSFER,59218.36,LD000587_S,2399124.94,2339906.58,LD000587_D1,828442.95,887661.31,0,0,L10_000587,LEGITIMATE_FUND_DISPERSION,NONE,1,1,5,0,8,359868.73,0.024683,0.071482,ONE_TO_MANY,NORMAL
L10_002932,717,TRANSFER,61034.39,LD000587_S,2339906.58,2278872.19,LD000587_D2,1274650.28,1335684.67,0,0,L10_000587,LEGITIMATE_FUND_DISPERSION,NONE,1,2,5,3,8,359868.73,0.026084,0.047883,ONE_TO_MANY,NORMAL
L10_002933,718,TRANSFER,25204.58,LD000587_S,2278872.19,2253667.61,LD000587_D3,928086.19,953290.77,0,0,L10_000587,LEGITIMATE_FUND_DISPERSION,NONE,1,3,5,1,8,359868.73,0.01106,0.027158,ONE_TO_MANY,NORMAL
L10_002934,720,TRANSFER,104701.71,LD000587_S,2253667.61,2148965.9,LD000587_D4,984975.92,1089677.63,0,0,L10_000587,LEGITIMATE_FUND_DISPERSION,NONE,1,4,5,2,8,359868.73,0.046458,0.106299,ONE_TO_MANY,NORMAL
L10_002935,722,TRANSFER,109709.69,LD000587_S,2148965.9,2039256.21,LD000587_D5,1129933.34,1239643.03,0,0,L10_000587,LEGITIMATE_FUND_DISPERSION,NONE,1,5,5,2,8,359868.73,0.051052,0.097094,ONE_TO_MANY,NORMAL
L10_002936,317,TRANSFER,44921.43,LD000588_S,1882887.6,1837966.17,LD000588_D1,1258291.06,1303212.49,0,0,L10_000588,LEGITIMATE_FUND_DISPERSION,NONE,1,1,5,0,9,282433.14,0.023858,0.0357,ONE_TO_MANY,NORMAL
L10_002937,319,TRANSFER,83683.38,LD000588_S,1837966.17,1754282.79,LD000588_D2,591432.97,675116.35,0,0,L10_000588,LEGITIMATE_FUND_DISPERSION,NONE,1,2,5,2,9,282433.14,0.04553,0.141493,ONE_TO_MANY,NORMAL
L10_002938,320,TRANSFER,79485.61,LD000588_S,1754282.79,1674797.18,LD000588_D3,615223.78,694709.39,0,0,L10_000588,LEGITIMATE_FUND_DISPERSION,NONE,1,3,5,1,9,282433.14,0.045309,0.129198,ONE_TO_MANY,NORMAL
L10_002939,323,TRANSFER,16488.25,LD000588_S,1674797.18,1658308.93,LD000588_D4,931869.15,948357.4,0,0,L10_000588,LEGITIMATE_FUND_DISPERSION,NONE,1,4,5,3,9,282433.14,0.009845,0.017694,ONE_TO_MANY,NORMAL
L10_002940,326,TRANSFER,57854.47,LD000588_S,1658308.93,1600454.46,LD000588_D5,650818.09,708672.56,0,0,L10_000588,LEGITIMATE_FUND_DISPERSION,NONE,1,5,5,3,9,282433.14,0.034888,0.088895,ONE_TO_MANY,NORMAL
L10_002941,133,TRANSFER,31110.44,LD000589_S,2395173.93,2364063.49,LD000589_D1,899213.04,930323.48,0,0,L10_000589,LEGITIMATE_FUND_DISPERSION,NONE,1,1,5,0,8,359276.1,0.012989,0.034597,ONE_TO_MANY,NORMAL
L10_002942,134,TRANSFER,74632.02,LD000589_S,2364063.49,2289431.47,LD000589_D2,394585.44,469217.46,0,0,L10_000589,LEGITIMATE_FUND_DISPERSION,NONE,1,2,5,1,8,359276.1,0.031569,0.18914,ONE_TO_MANY,NORMAL
L10_002943,136,TRANSFER,89632.31,LD000589_S,2289431.47,2199799.16,LD000589_D3,682471.7,772104.01,0,0,L10_000589,LEGITIMATE_FUND_DISPERSION,NONE,1,3,5,2,8,359276.1,0.03915,0.131335,ONE_TO_MANY,NORMAL
L10_002944,139,TRANSFER,86238.59,LD000589_S,2199799.16,2113560.57,LD000589_D4,824252.56,910491.15,0,0,L10_000589,LEGITIMATE_FUND_DISPERSION,NONE,1,4,5,3,8,359276.1,0.039203,0.104626,ONE_TO_MANY,NORMAL
L10_002945,141,TRANSFER,77662.74,LD000589_S,2113560.57,2035897.83,LD000589_D5,635480.66,713143.4,0,0,L10_000589,LEGITIMATE_FUND_DISPERSION,NONE,1,5,5,2,8,359276.1,0.036745,0.122211,ONE_TO_MANY,NORMAL
L10_002946,627,TRANSFER,53754.14,LD000590_S,2144054.86,2090300.72,LD000590_D1,506609.19,560363.33,0,0,L10_000590,LEGITIMATE_FUND_DISPERSION,NONE,1,1,5,0,11,321608.23,0.025071,0.106106,ONE_TO_MANY,NORMAL
L10_002947,629,TRANSFER,49648.01,LD000590_S,2090300.72,2040652.71,LD000590_D2,676560.74,726208.75,0,0,L10_000590,LEGITIMATE_FUND_DISPERSION,NONE,1,2,5,2,11,321608.23,0.023752,0.073383,ONE_TO_MANY,NORMAL
L10_002948,632,TRANSFER,55137.69,LD000590_S,2040652.71,1985515.02,LD000590_D3,421859.72,476997.41,0,0,L10_000590,LEGITIMATE_FUND_DISPERSION,NONE,1,3,5,3,11,321608.23,0.02702,0.130701,ONE_TO_MANY,NORMAL
L10_002949,635,TRANSFER,96480.29,LD000590_S,1985515.02,1889034.73,LD000590_D4,691210.53,787690.82,0,0,L10_000590,LEGITIMATE_FUND_DISPERSION,NONE,1,4,5,3,11,321608.23,0.048592,0.139582,ONE_TO_MANY,NORMAL
L10_002950,638,TRANSFER,66588.1,LD000590_S,1889034.73,1822446.63,LD000590_D5,604576.36,671164.46,0,0,L10_000590,LEGITIMATE_FUND_DISPERSION,NONE,1,5,5,3,11,321608.23,0.03525,0.11014,ONE_TO_MANY,NORMAL
L10_002951,277,TRANSFER,25632.75,LD000591_S,1771360.94,1745728.19,LD000591_D1,548101.07,573733.82,0,0,L10_000591,LEGITIMATE_FUND_DISPERSION,NONE,1,1,5,0,10,265704.14,0.014471,0.046766,ONE_TO_MANY,NORMAL
L10_002952,280,TRANSFER,58593.1,LD000591_S,1745728.19,1687135.09,LD000591_D2,1246037.86,1304630.96,0,0,L10_000591,LEGITIMATE_FUND_DISPERSION,NONE,1,2,5,3,10,265704.14,0.033564,0.047024,ONE_TO_MANY,NORMAL
L10_002953,283,TRANSFER,78073.68,LD000591_S,1687135.09,1609061.41,LD000591_D3,622207.82,700281.5,0,0,L10_000591,LEGITIMATE_FUND_DISPERSION,NONE,1,3,5,3,10,265704.14,0.046276,0.125478,ONE_TO_MANY,NORMAL
L10_002954,285,TRANSFER,68069.01,LD000591_S,1609061.41,1540992.4,LD000591_D4,1208002.73,1276071.74,0,0,L10_000591,LEGITIMATE_FUND_DISPERSION,NONE,1,4,5,2,10,265704.14,0.042304,0.056348,ONE_TO_MANY,NORMAL
L10_002955,287,TRANSFER,35335.6,LD000591_S,1540992.4,1505656.8,LD000591_D5,1242242.05,1277577.65,0,0,L10_000591,LEGITIMATE_FUND_DISPERSION,NONE,1,5,5,2,10,265704.14,0.02293,0.028445,ONE_TO_MANY,NORMAL
L10_002956,336,TRANSFER,67145.38,LD000592_S,1879461.82,1812316.44,LD000592_D1,528581.69,595727.07,0,0,L10_000592,LEGITIMATE_FUND_DISPERSION,NONE,1,1,5,0,11,281919.27,0.035726,0.127029,ONE_TO_MANY,NORMAL
L10_002957,338,TRANSFER,40562.34,LD000592_S,1812316.44,1771754.1,LD000592_D2,740593.1,781155.44,0,0,L10_000592,LEGITIMATE_FUND_DISPERSION,NONE,1,2,5,2,11,281919.27,0.022381,0.05477,ONE_TO_MANY,NORMAL
L10_002958,341,TRANSFER,81727.8,LD000592_S,1771754.1,1690026.3,LD000592_D3,1053658.74,1135386.54,0,0,L10_000592,LEGITIMATE_FUND_DISPERSION,NONE,1,3,5,3,11,281919.27,0.046128,0.077566,ONE_TO_MANY,NORMAL
L10_002959,344,TRANSFER,25683.74,LD000592_S,1690026.3,1664342.56,LD000592_D4,747182.07,772865.81,0,0,L10_000592,LEGITIMATE_FUND_DISPERSION,NONE,1,4,5,3,11,281919.27,0.015197,0.034374,ONE_TO_MANY,NORMAL
L10_002960,347,TRANSFER,66800.01,LD000592_S,1664342.56,1597542.55,LD000592_D5,799720.19,866520.2,0,0,L10_000592,LEGITIMATE_FUND_DISPERSION,NONE,1,5,5,3,11,281919.27,0.040136,0.083529,ONE_TO_MANY,NORMAL
L10_002961,682,TRANSFER,75631.69,LD000593_S,1542294.8,1466663.11,LD000593_D1,1052698.07,1128329.76,0,0,L10_000593,LEGITIMATE_FUND_DISPERSION,NONE,1,1,5,0,8,231344.22,0.049038,0.071846,ONE_TO_MANY,NORMAL
L10_002962,683,TRANSFER,34816.28,LD000593_S,1466663.11,1431846.83,LD000593_D2,1259828.3,1294644.58,0,0,L10_000593,LEGITIMATE_FUND_DISPERSION,NONE,1,2,5,1,8,231344.22,0.023738,0.027636,ONE_TO_MANY,NORMAL
L10_002963,684,TRANSFER,18235.31,LD000593_S,1431846.83,1413611.52,LD000593_D3,745904.24,764139.55,0,0,L10_000593,LEGITIMATE_FUND_DISPERSION,NONE,1,3,5,1,8,231344.22,0.012736,0.024447,ONE_TO_MANY,NORMAL
L10_002964,687,TRANSFER,53937.98,LD000593_S,1413611.52,1359673.54,LD000593_D4,421422.49,475360.47,0,0,L10_000593,LEGITIMATE_FUND_DISPERSION,NONE,1,4,5,3,8,231344.22,0.038156,0.12799,ONE_TO_MANY,NORMAL
L10_002965,690,TRANSFER,48722.96,LD000593_S,1359673.54,1310950.58,LD000593_D5,778587.59,827310.55,0,0,L10_000593,LEGITIMATE_FUND_DISPERSION,NONE,1,5,5,3,8,231344.22,0.035834,0.062579,ONE_TO_MANY,NORMAL
L10_002966,897,TRANSFER,16786.55,LD000594_S,1889099.44,1872312.89,LD000594_D1,478078.8,494865.35,0,0,L10_000594,LEGITIMATE_FUND_DISPERSION,NONE,1,1,5,0,7,283364.93,0.008886,0.035113,ONE_TO_MANY,NORMAL
L10_002967,898,TRANSFER,65633.17,LD000594_S,1872312.89,1806679.72,LD000594_D2,908611.51,974244.68,0,0,L10_000594,LEGITIMATE_FUND_DISPERSION,NONE,1,2,5,1,7,283364.93,0.035055,0.072235,ONE_TO_MANY,NORMAL
L10_002968,900,TRANSFER,68514.68,LD000594_S,1806679.72,1738165.04,LD000594_D3,459018.07,527532.75,0,0,L10_000594,LEGITIMATE_FUND_DISPERSION,NONE,1,3,5,2,7,283364.93,0.037923,0.149264,ONE_TO_MANY,NORMAL
L10_002969,902,TRANSFER,68356.74,LD000594_S,1738165.04,1669808.3,LD000594_D4,624290.57,692647.31,0,0,L10_000594,LEGITIMATE_FUND_DISPERSION,NONE,1,4,5,2,7,283364.93,0.039327,0.109495,ONE_TO_MANY,NORMAL
L10_002970,904,TRANSFER,64073.79,LD000594_S,1669808.3,1605734.51,LD000594_D5,614230.55,678304.34,0,0,L10_000594,LEGITIMATE_FUND_DISPERSION,NONE,1,5,5,2,7,283364.93,0.038372,0.104316,ONE_TO_MANY,NORMAL
L10_002971,239,TRANSFER,48960.82,LD000595_S,2236246.72,2187285.9,LD000595_D1,803168.08,852128.9,0,0,L10_000595,LEGITIMATE_FUND_DISPERSION,NONE,1,1,5,0,9,268294.15,0.021894,0.06096,ONE_TO_MANY,NORMAL
L10_002972,242,TRANSFER,13760.24,LD000595_S,2187285.9,2173525.66,LD000595_D2,738389.06,752149.3,0,0,L10_000595,LEGITIMATE_FUND_DISPERSION,NONE,1,2,5,3,9,268294.15,0.006291,0.018635,ONE_TO_MANY,NORMAL
L10_002973,244,TRANSFER,78402.3,LD000595_S,2173525.66,2095123.36,LD000595_D3,1232812.36,1311214.66,0,0,L10_000595,LEGITIMATE_FUND_DISPERSION,NONE,1,3,5,2,9,268294.15,0.036071,0.063596,ONE_TO_MANY,NORMAL
L10_002974,245,TRANSFER,65062.81,LD000595_S,2095123.36,2030060.55,LD000595_D4,837442.28,902505.09,0,0,L10_000595,LEGITIMATE_FUND_DISPERSION,NONE,1,4,5,1,9,268294.15,0.031054,0.077692,ONE_TO_MANY,NORMAL
L10_002975,248,TRANSFER,62107.98,LD000595_S,2030060.55,1967952.57,LD000595_D5,586445.79,648553.77,0,0,L10_000595,LEGITIMATE_FUND_DISPERSION,NONE,1,5,5,3,9,268294.15,0.030594,0.105906,ONE_TO_MANY,NORMAL
L10_002976,38,TRANSFER,20841.68,LD000596_S,1686507.61,1665665.93,LD000596_D1,1207466.51,1228308.19,0,0,L10_000596,LEGITIMATE_FUND_DISPERSION,NONE,1,1,5,0,7,252976.13,0.012358,0.017261,ONE_TO_MANY,NORMAL
L10_002977,40,TRANSFER,52882.66,LD000596_S,1665665.93,1612783.27,LD000596_D2,661725.48,714608.14,0,0,L10_000596,LEGITIMATE_FUND_DISPERSION,NONE,1,2,5,2,7,252976.13,0.031749,0.079916,ONE_TO_MANY,NORMAL
L10_002978,43,TRANSFER,35363.85,LD000596_S,1612783.27,1577419.42,LD000596_D3,392862.53,428226.38,0,0,L10_000596,LEGITIMATE_FUND_DISPERSION,NONE,1,3,5,3,7,252976.13,0.021927,0.090016,ONE_TO_MANY,NORMAL
L10_002979,44,TRANSFER,24041.25,LD000596_S,1577419.42,1553378.17,LD000596_D4,767005.86,791047.11,0,0,L10_000596,LEGITIMATE_FUND_DISPERSION,NONE,1,4,5,1,7,252976.13,0.015241,0.031344,ONE_TO_MANY,NORMAL
L10_002980,45,TRANSFER,119846.69,LD000596_S,1553378.17,1433531.48,LD000596_D5,713661.83,833508.52,0,0,L10_000596,LEGITIMATE_FUND_DISPERSION,NONE,1,5,5,1,7,252976.13,0.077152,0.167932,ONE_TO_MANY,NORMAL
L10_002981,401,TRANSFER,37480.18,LD000597_S,1825522.25,1788042.07,LD000597_D1,1264910.83,1302391.01,0,0,L10_000597,LEGITIMATE_FUND_DISPERSION,NONE,1,1,5,0,8,273828.34,0.020531,0.029631,ONE_TO_MANY,NORMAL
L10_002982,402,TRANSFER,59142.87,LD000597_S,1788042.07,1728899.2,LD000597_D2,872917.86,932060.73,0,0,L10_000597,LEGITIMATE_FUND_DISPERSION,NONE,1,2,5,1,8,273828.34,0.033077,0.067753,ONE_TO_MANY,NORMAL
L10_002983,404,TRANSFER,75160.54,LD000597_S,1728899.2,1653738.66,LD000597_D3,884454.72,959615.26,0,0,L10_000597,LEGITIMATE_FUND_DISPERSION,NONE,1,3,5,2,8,273828.34,0.043473,0.08498,ONE_TO_MANY,NORMAL
L10_002984,406,TRANSFER,53860.18,LD000597_S,1653738.66,1599878.48,LD000597_D4,689894.54,743754.72,0,0,L10_000597,LEGITIMATE_FUND_DISPERSION,NONE,1,4,5,2,8,273828.34,0.032569,0.07807,ONE_TO_MANY,NORMAL
L10_002985,409,TRANSFER,48184.57,LD000597_S,1599878.48,1551693.91,LD000597_D5,605279.91,653464.48,0,0,L10_000597,LEGITIMATE_FUND_DISPERSION,NONE,1,5,5,3,8,273828.34,0.030118,0.079607,ONE_TO_MANY,NORMAL
L10_002986,106,TRANSFER,74910.03,LD000598_S,1673215.46,1598305.43,LD000598_D1,1246189.88,1321099.91,0,0,L10_000598,LEGITIMATE_FUND_DISPERSION,NONE,1,1,5,0,9,250982.31,0.04477,0.060111,ONE_TO_MANY,NORMAL
L10_002987,108,TRANSFER,35809.06,LD000598_S,1598305.43,1562496.37,LD000598_D2,435299.7,471108.76,0,0,L10_000598,LEGITIMATE_FUND_DISPERSION,NONE,1,2,5,2,9,250982.31,0.022404,0.082263,ONE_TO_MANY,NORMAL
L10_002988,110,TRANSFER,39882.26,LD000598_S,1562496.37,1522614.11,LD000598_D3,638669.73,678551.99,0,0,L10_000598,LEGITIMATE_FUND_DISPERSION,NONE,1,3,5,2,9,250982.31,0.025525,0.062446,ONE_TO_MANY,NORMAL
L10_002989,113,TRANSFER,68428.84,LD000598_S,1522614.11,1454185.27,LD000598_D4,790886.06,859314.9,0,0,L10_000598,LEGITIMATE_FUND_DISPERSION,NONE,1,4,5,3,9,250982.31,0.044942,0.086522,ONE_TO_MANY,NORMAL
L10_002990,115,TRANSFER,31952.12,LD000598_S,1454185.27,1422233.15,LD000598_D5,816867.28,848819.4,0,0,L10_000598,LEGITIMATE_FUND_DISPERSION,NONE,1,5,5,2,9,250982.31,0.021973,0.039115,ONE_TO_MANY,NORMAL
L10_002991,320,TRANSFER,64402.96,LD000599_S,2218597.61,2154194.65,LD000599_D1,1180645.27,1245048.23,0,0,L10_000599,LEGITIMATE_FUND_DISPERSION,NONE,1,1,5,0,10,332789.64,0.029029,0.054549,ONE_TO_MANY,NORMAL
L10_002992,321,TRANSFER,39867.37,LD000599_S,2154194.65,2114327.28,LD000599_D2,1076902.64,1116770.01,0,0,L10_000599,LEGITIMATE_FUND_DISPERSION,NONE,1,2,5,1,10,332789.64,0.018507,0.03702,ONE_TO_MANY,NORMAL
L10_002993,324,TRANSFER,83057.49,LD000599_S,2114327.28,2031269.79,LD000599_D3,409046.35,492103.84,0,0,L10_000599,LEGITIMATE_FUND_DISPERSION,NONE,1,3,5,3,10,332789.64,0.039283,0.203052,ONE_TO_MANY,NORMAL
L10_002994,327,TRANSFER,57515.93,LD000599_S,2031269.79,1973753.86,LD000599_D4,1207727.34,1265243.27,0,0,L10_000599,LEGITIMATE_FUND_DISPERSION,NONE,1,4,5,3,10,332789.64,0.028315,0.047623,ONE_TO_MANY,NORMAL
L10_002995,330,TRANSFER,87945.89,LD000599_S,1973753.86,1885807.97,LD000599_D5,384974.72,472920.61,0,0,L10_000599,LEGITIMATE_FUND_DISPERSION,NONE,1,5,5,3,10,332789.64,0.044558,0.228446,ONE_TO_MANY,NORMAL
L10_002996,86,TRANSFER,27995.98,LD000600_S,2133637.7,2105641.72,LD000600_D1,710566.17,738562.15,0,0,L10_000600,LEGITIMATE_FUND_DISPERSION,NONE,1,1,5,0,9,320045.66,0.013121,0.0394,ONE_TO_MANY,NORMAL
L10_002997,89,TRANSFER,50135.05,LD000600_S,2105641.72,2055506.67,LD000600_D2,1218241.94,1268376.99,0,0,L10_000600,LEGITIMATE_FUND_DISPERSION,NONE,1,2,5,3,9,320045.66,0.02381,0.041154,ONE_TO_MANY,NORMAL
L10_002998,90,TRANSFER,93931.21,LD000600_S,2055506.67,1961575.46,LD000600_D3,1276938.41,1370869.62,0,0,L10_000600,LEGITIMATE_FUND_DISPERSION,NONE,1,3,5,1,9,320045.66,0.045697,0.07356,ONE_TO_MANY,NORMAL
L10_002999,93,TRANSFER,74512.93,LD000600_S,1961575.46,1887062.53,LD000600_D4,619896.84,694409.77,0,0,L10_000600,LEGITIMATE_FUND_DISPERSION,NONE,1,4,5,3,9,320045.66,0.037986,0.120202,ONE_TO_MANY,NORMAL
L10_003000,95,TRANSFER,73470.49,LD000600_S,1887062.53,1813592.04,LD000600_D5,529601.94,603072.43,0,0,L10_000600,LEGITIMATE_FUND_DISPERSION,NONE,1,5,5,2,9,320045.66,0.038934,0.138728,ONE_TO_MANY,NORMAL
L10_003001,852,TRANSFER,41443.33,LD000601_S,1816595.21,1775151.88,LD000601_D1,910409.89,951853.22,0,0,L10_000601,LEGITIMATE_FUND_DISPERSION,NONE,1,1,5,0,10,272489.28,0.022814,0.045522,ONE_TO_MANY,NORMAL
L10_003002,855,TRANSFER,42688.35,LD000601_S,1775151.88,1732463.53,LD000601_D2,520320.08,563008.43,0,0,L10_000601,LEGITIMATE_FUND_DISPERSION,NONE,1,2,5,3,10,272489.28,0.024048,0.082042,ONE_TO_MANY,NORMAL
L10_003003,856,TRANSFER,62649.76,LD000601_S,1732463.53,1669813.77,LD000601_D3,659737.08,722386.84,0,0,L10_000601,LEGITIMATE_FUND_DISPERSION,NONE,1,3,5,1,10,272489.28,0.036162,0.094962,ONE_TO_MANY,NORMAL
L10_003004,859,TRANSFER,63099.11,LD000601_S,1669813.77,1606714.66,LD000601_D4,926607.05,989706.16,0,0,L10_000601,LEGITIMATE_FUND_DISPERSION,NONE,1,4,5,3,10,272489.28,0.037788,0.068097,ONE_TO_MANY,NORMAL
L10_003005,862,TRANSFER,62608.73,LD000601_S,1606714.66,1544105.93,LD000601_D5,885142.73,947751.46,0,0,L10_000601,LEGITIMATE_FUND_DISPERSION,NONE,1,5,5,3,10,272489.28,0.038967,0.070733,ONE_TO_MANY,NORMAL
L10_003006,109,TRANSFER,38927.75,LD000602_S,1523950.69,1485022.94,LD000602_D1,1248022.58,1286950.33,0,0,L10_000602,LEGITIMATE_FUND_DISPERSION,NONE,1,1,5,0,4,228592.59,0.025544,0.031192,ONE_TO_MANY,NORMAL
L10_003007,110,TRANSFER,75666.22,LD000602_S,1485022.94,1409356.72,LD000602_D2,498617.8,574284.02,0,0,L10_000602,LEGITIMATE_FUND_DISPERSION,NONE,1,2,5,1,4,228592.59,0.050953,0.151752,ONE_TO_MANY,NORMAL
L10_003008,111,TRANSFER,43194.41,LD000602_S,1409356.72,1366162.31,LD000602_D3,990586.65,1033781.06,0,0,L10_000602,LEGITIMATE_FUND_DISPERSION,NONE,1,3,5,1,4,228592.59,0.030648,0.043605,ONE_TO_MANY,NORMAL
L10_003009,112,TRANSFER,33007.23,LD000602_S,1366162.31,1333155.08,LD000602_D4,883236.29,916243.52,0,0,L10_000602,LEGITIMATE_FUND_DISPERSION,NONE,1,4,5,1,4,228592.59,0.024161,0.037371,ONE_TO_MANY,NORMAL
L10_003010,113,TRANSFER,37796.98,LD000602_S,1333155.08,1295358.1,LD000602_D5,1238608.75,1276405.73,0,0,L10_000602,LEGITIMATE_FUND_DISPERSION,NONE,1,5,5,1,4,228592.59,0.028352,0.030516,ONE_TO_MANY,NORMAL
L10_003011,361,TRANSFER,48970.48,LD000603_S,2224417.44,2175446.96,LD000603_D1,599553.52,648524.0,0,0,L10_000603,LEGITIMATE_FUND_DISPERSION,NONE,1,1,5,0,8,333662.61,0.022015,0.081678,ONE_TO_MANY,NORMAL
L10_003012,364,TRANSFER,44671.04,LD000603_S,2175446.96,2130775.92,LD000603_D2,890882.56,935553.6,0,0,L10_000603,LEGITIMATE_FUND_DISPERSION,NONE,1,2,5,3,8,333662.61,0.020534,0.050142,ONE_TO_MANY,NORMAL
L10_003013,367,TRANSFER,120265.97,LD000603_S,2130775.92,2010509.95,LD000603_D3,788752.3,909018.27,0,0,L10_000603,LEGITIMATE_FUND_DISPERSION,NONE,1,3,5,3,8,333662.61,0.056442,0.152476,ONE_TO_MANY,NORMAL
L10_003014,368,TRANSFER,85863.69,LD000603_S,2010509.95,1924646.26,LD000603_D4,991238.75,1077102.44,0,0,L10_000603,LEGITIMATE_FUND_DISPERSION,NONE,1,4,5,1,8,333662.61,0.042707,0.086623,ONE_TO_MANY,NORMAL
L10_003015,369,TRANSFER,33891.43,LD000603_S,1924646.26,1890754.83,LD000603_D5,813601.8,847493.23,0,0,L10_000603,LEGITIMATE_FUND_DISPERSION,NONE,1,5,5,1,8,333662.61,0.017609,0.041656,ONE_TO_MANY,NORMAL
L10_003016,679,TRANSFER,45928.97,LD000604_S,1565156.82,1519227.85,LD000604_D1,797388.04,843317.01,0,0,L10_000604,LEGITIMATE_FUND_DISPERSION,NONE,1,1,5,0,6,234773.51,0.029345,0.057599,ONE_TO_MANY,NORMAL
L10_003017,681,TRANSFER,37750.88,LD000604_S,1519227.85,1481476.97,LD000604_D2,1120245.12,1157996.0,0,0,L10_000604,LEGITIMATE_FUND_DISPERSION,NONE,1,2,5,2,6,234773.51,0.024849,0.033699,ONE_TO_MANY,NORMAL
L10_003018,683,TRANSFER,40213.1,LD000604_S,1481476.97,1441263.87,LD000604_D3,763021.2,803234.3,0,0,L10_000604,LEGITIMATE_FUND_DISPERSION,NONE,1,3,5,2,6,234773.51,0.027144,0.052702,ONE_TO_MANY,NORMAL
L10_003019,684,TRANSFER,24982.33,LD000604_S,1441263.87,1416281.54,LD000604_D4,992125.91,1017108.24,0,0,L10_000604,LEGITIMATE_FUND_DISPERSION,NONE,1,4,5,1,6,234773.51,0.017334,0.025181,ONE_TO_MANY,NORMAL
L10_003020,685,TRANSFER,85898.23,LD000604_S,1416281.54,1330383.31,LD000604_D5,1056370.1,1142268.33,0,0,L10_000604,LEGITIMATE_FUND_DISPERSION,NONE,1,5,5,1,6,234773.51,0.060651,0.081315,ONE_TO_MANY,NORMAL
L10_003021,124,TRANSFER,55665.56,LD000605_S,1575160.64,1519495.08,LD000605_D1,863474.23,919139.79,0,0,L10_000605,LEGITIMATE_FUND_DISPERSION,NONE,1,1,5,0,9,236274.09,0.03534,0.064467,ONE_TO_MANY,NORMAL
L10_003022,126,TRANSFER,40051.66,LD000605_S,1519495.08,1479443.42,LD000605_D2,632239.02,672290.68,0,0,L10_000605,LEGITIMATE_FUND_DISPERSION,NONE,1,2,5,2,9,236274.09,0.026359,0.063349,ONE_TO_MANY,NORMAL
L10_003023,129,TRANSFER,16542.62,LD000605_S,1479443.42,1462900.8,LD000605_D3,453412.92,469955.54,0,0,L10_000605,LEGITIMATE_FUND_DISPERSION,NONE,1,3,5,3,9,236274.09,0.011182,0.036485,ONE_TO_MANY,NORMAL
L10_003024,131,TRANSFER,64214.29,LD000605_S,1462900.8,1398686.51,LD000605_D4,599261.66,663475.95,0,0,L10_000605,LEGITIMATE_FUND_DISPERSION,NONE,1,4,5,2,9,236274.09,0.043895,0.107156,ONE_TO_MANY,NORMAL
L10_003025,133,TRANSFER,59799.96,LD000605_S,1398686.51,1338886.55,LD000605_D5,1213712.67,1273512.63,0,0,L10_000605,LEGITIMATE_FUND_DISPERSION,NONE,1,5,5,2,9,236274.09,0.042754,0.04927,ONE_TO_MANY,NORMAL
L10_003026,446,TRANSFER,72850.66,LD000606_S,1723284.86,1650434.2,LD000606_D1,1037631.73,1110482.39,0,0,L10_000606,LEGITIMATE_FUND_DISPERSION,NONE,1,1,5,0,5,258492.73,0.042274,0.070209,ONE_TO_MANY,NORMAL
L10_003027,447,TRANSFER,73278.5,LD000606_S,1650434.2,1577155.7,LD000606_D2,1114293.7,1187572.2,0,0,L10_000606,LEGITIMATE_FUND_DISPERSION,NONE,1,2,5,1,5,258492.73,0.0444,0.065762,ONE_TO_MANY,NORMAL
L10_003028,448,TRANSFER,69793.82,LD000606_S,1577155.7,1507361.88,LD000606_D3,605740.77,675534.59,0,0,L10_000606,LEGITIMATE_FUND_DISPERSION,NONE,1,3,5,1,5,258492.73,0.044253,0.115221,ONE_TO_MANY,NORMAL
L10_003029,450,TRANSFER,25953.04,LD000606_S,1507361.88,1481408.84,LD000606_D4,822096.95,848049.99,0,0,L10_000606,LEGITIMATE_FUND_DISPERSION,NONE,1,4,5,2,5,258492.73,0.017218,0.031569,ONE_TO_MANY,NORMAL
L10_003030,451,TRANSFER,16616.71,LD000606_S,1481408.84,1464792.13,LD000606_D5,471309.95,487926.66,0,0,L10_000606,LEGITIMATE_FUND_DISPERSION,NONE,1,5,5,1,5,258492.73,0.011217,0.035256,ONE_TO_MANY,NORMAL
L10_003031,328,TRANSFER,63959.14,LD000607_S,1906796.54,1842837.4,LD000607_D1,576044.1,640003.24,0,0,L10_000607,LEGITIMATE_FUND_DISPERSION,NONE,1,1,5,0,7,286019.48,0.033543,0.111032,ONE_TO_MANY,NORMAL
L10_003032,330,TRANSFER,62042.34,LD000607_S,1842837.4,1780795.06,LD000607_D2,1245707.5,1307749.84,0,0,L10_000607,LEGITIMATE_FUND_DISPERSION,NONE,1,2,5,2,7,286019.48,0.033667,0.049805,ONE_TO_MANY,NORMAL
L10_003033,331,TRANSFER,18726.5,LD000607_S,1780795.06,1762068.56,LD000607_D3,879875.41,898601.91,0,0,L10_000607,LEGITIMATE_FUND_DISPERSION,NONE,1,3,5,1,7,286019.48,0.010516,0.021283,ONE_TO_MANY,NORMAL
L10_003034,334,TRANSFER,80534.12,LD000607_S,1762068.56,1681534.44,LD000607_D4,758127.93,838662.05,0,0,L10_000607,LEGITIMATE_FUND_DISPERSION,NONE,1,4,5,3,7,286019.48,0.045704,0.106228,ONE_TO_MANY,NORMAL
L10_003035,335,TRANSFER,60757.38,LD000607_S,1681534.44,1620777.06,LD000607_D5,941241.4,1001998.78,0,0,L10_000607,LEGITIMATE_FUND_DISPERSION,NONE,1,5,5,1,7,286019.48,0.036132,0.06455,ONE_TO_MANY,NORMAL
L10_003036,653,TRANSFER,71513.15,LD000608_S,2306388.65,2234875.5,LD000608_D1,506996.63,578509.78,0,0,L10_000608,LEGITIMATE_FUND_DISPERSION,NONE,1,1,5,0,10,345958.3,0.031007,0.141053,ONE_TO_MANY,NORMAL
L10_003037,654,TRANSFER,90696.3,LD000608_S,2234875.5,2144179.2,LD000608_D2,1258889.12,1349585.42,0,0,L10_000608,LEGITIMATE_FUND_DISPERSION,NONE,1,2,5,1,10,345958.3,0.040582,0.072045,ONE_TO_MANY,NORMAL
L10_003038,657,TRANSFER,92816.95,LD000608_S,2144179.2,2051362.25,LD000608_D3,1128021.57,1220838.52,0,0,L10_000608,LEGITIMATE_FUND_DISPERSION,NONE,1,3,5,3,10,345958.3,0.043288,0.082283,ONE_TO_MANY,NORMAL
L10_003039,660,TRANSFER,14054.61,LD000608_S,2051362.25,2037307.64,LD000608_D4,495287.53,509342.14,0,0,L10_000608,LEGITIMATE_FUND_DISPERSION,NONE,1,4,5,3,10,345958.3,0.006851,0.028377,ONE_TO_MANY,NORMAL
L10_003040,663,TRANSFER,76877.29,LD000608_S,2037307.64,1960430.35,LD000608_D5,554521.08,631398.37,0,0,L10_000608,LEGITIMATE_FUND_DISPERSION,NONE,1,5,5,3,10,345958.3,0.037735,0.138637,ONE_TO_MANY,NORMAL
L10_003041,485,TRANSFER,23119.84,LD000609_S,2483363.58,2460243.74,LD000609_D1,1165398.88,1188518.72,0,0,L10_000609,LEGITIMATE_FUND_DISPERSION,NONE,1,1,5,0,7,372504.54,0.00931,0.019839,ONE_TO_MANY,NORMAL
L10_003042,486,TRANSFER,99889.53,LD000609_S,2460243.74,2360354.21,LD000609_D2,447251.06,547140.59,0,0,L10_000609,LEGITIMATE_FUND_DISPERSION,NONE,1,2,5,1,7,372504.54,0.040601,0.223341,ONE_TO_MANY,NORMAL
L10_003043,487,TRANSFER,84693.24,LD000609_S,2360354.21,2275660.97,LD000609_D3,742470.83,827164.07,0,0,L10_000609,LEGITIMATE_FUND_DISPERSION,NONE,1,3,5,1,7,372504.54,0.035882,0.114069,ONE_TO_MANY,NORMAL
L10_003044,489,TRANSFER,99816.69,LD000609_S,2275660.97,2175844.28,LD000609_D4,1210937.35,1310754.04,0,0,L10_000609,LEGITIMATE_FUND_DISPERSION,NONE,1,4,5,2,7,372504.54,0.043863,0.082429,ONE_TO_MANY,NORMAL
L10_003045,492,TRANSFER,64985.24,LD000609_S,2175844.28,2110859.04,LD000609_D5,635148.19,700133.43,0,0,L10_000609,LEGITIMATE_FUND_DISPERSION,NONE,1,5,5,3,7,372504.54,0.029867,0.102315,ONE_TO_MANY,NORMAL
L10_003046,464,TRANSFER,42782.38,LD000610_S,1848602.09,1805819.71,LD000610_D1,530738.87,573521.25,0,0,L10_000610,LEGITIMATE_FUND_DISPERSION,NONE,1,1,5,0,7,277290.31,0.023143,0.080609,ONE_TO_MANY,NORMAL
L10_003047,465,TRANSFER,62352.99,LD000610_S,1805819.71,1743466.72,LD000610_D2,468994.54,531347.53,0,0,L10_000610,LEGITIMATE_FUND_DISPERSION,NONE,1,2,5,1,7,277290.31,0.034529,0.13295,ONE_TO_MANY,NORMAL
L10_003048,466,TRANSFER,62572.31,LD000610_S,1743466.72,1680894.41,LD000610_D3,707241.63,769813.94,0,0,L10_000610,LEGITIMATE_FUND_DISPERSION,NONE,1,3,5,1,7,277290.31,0.03589,0.088474,ONE_TO_MANY,NORMAL
L10_003049,469,TRANSFER,83200.11,LD000610_S,1680894.41,1597694.3,LD000610_D4,1166818.65,1250018.76,0,0,L10_000610,LEGITIMATE_FUND_DISPERSION,NONE,1,4,5,3,7,277290.31,0.049498,0.071305,ONE_TO_MANY,NORMAL
L10_003050,471,TRANSFER,26382.52,LD000610_S,1597694.3,1571311.78,LD000610_D5,1171335.32,1197717.84,0,0,L10_000610,LEGITIMATE_FUND_DISPERSION,NONE,1,5,5,2,7,277290.31,0.016513,0.022523,ONE_TO_MANY,NORMAL
L10_003051,328,TRANSFER,25931.41,LD000611_S,1693195.11,1667263.7,LD000611_D1,1274513.5,1300444.91,0,0,L10_000611,LEGITIMATE_FUND_DISPERSION,NONE,1,1,5,0,10,253979.26,0.015315,0.020346,ONE_TO_MANY,NORMAL
L10_003052,331,TRANSFER,72052.43,LD000611_S,1667263.7,1595211.27,LD000611_D2,1156083.13,1228135.56,0,0,L10_000611,LEGITIMATE_FUND_DISPERSION,NONE,1,2,5,3,10,253979.26,0.043216,0.062325,ONE_TO_MANY,NORMAL
L10_003053,334,TRANSFER,35730.55,LD000611_S,1595211.27,1559480.72,LD000611_D3,642768.94,678499.49,0,0,L10_000611,LEGITIMATE_FUND_DISPERSION,NONE,1,3,5,3,10,253979.26,0.022399,0.055588,ONE_TO_MANY,NORMAL
L10_003054,336,TRANSFER,78383.62,LD000611_S,1559480.72,1481097.1,LD000611_D4,570911.89,649295.51,0,0,L10_000611,LEGITIMATE_FUND_DISPERSION,NONE,1,4,5,2,10,253979.26,0.050263,0.137295,ONE_TO_MANY,NORMAL
L10_003055,338,TRANSFER,41881.25,LD000611_S,1481097.1,1439215.85,LD000611_D5,754442.61,796323.86,0,0,L10_000611,LEGITIMATE_FUND_DISPERSION,NONE,1,5,5,2,10,253979.26,0.028277,0.055513,ONE_TO_MANY,NORMAL
L10_003056,392,TRANSFER,43163.76,LD000612_S,1549454.89,1506291.13,LD000612_D1,507464.25,550628.01,0,0,L10_000612,LEGITIMATE_FUND_DISPERSION,NONE,1,1,5,0,7,232418.23,0.027857,0.085058,ONE_TO_MANY,NORMAL
L10_003057,393,TRANSFER,28216.62,LD000612_S,1506291.13,1478074.51,LD000612_D2,1178224.64,1206441.26,0,0,L10_000612,LEGITIMATE_FUND_DISPERSION,NONE,1,2,5,1,7,232418.23,0.018733,0.023948,ONE_TO_MANY,NORMAL
L10_003058,396,TRANSFER,36126.81,LD000612_S,1478074.51,1441947.7,LD000612_D3,754261.66,790388.47,0,0,L10_000612,LEGITIMATE_FUND_DISPERSION,NONE,1,3,5,3,7,232418.23,0.024442,0.047897,ONE_TO_MANY,NORMAL
L10_003059,398,TRANSFER,54734.97,LD000612_S,1441947.7,1387212.73,LD000612_D4,805245.09,859980.06,0,0,L10_000612,LEGITIMATE_FUND_DISPERSION,NONE,1,4,5,2,7,232418.23,0.037959,0.067973,ONE_TO_MANY,NORMAL
L10_003060,399,TRANSFER,70176.07,LD000612_S,1387212.73,1317036.66,LD000612_D5,1002276.03,1072452.1,0,0,L10_000612,LEGITIMATE_FUND_DISPERSION,NONE,1,5,5,1,7,232418.23,0.050588,0.070017,ONE_TO_MANY,NORMAL
L10_003061,493,TRANSFER,29317.42,LD000613_S,1413728.94,1384411.52,LD000613_D1,868985.94,898303.36,0,0,L10_000613,LEGITIMATE_FUND_DISPERSION,NONE,1,1,5,0,9,212059.34,0.020738,0.033738,ONE_TO_MANY,NORMAL
L10_003062,496,TRANSFER,20515.66,LD000613_S,1384411.52,1363895.86,LD000613_D2,989901.68,1010417.34,0,0,L10_000613,LEGITIMATE_FUND_DISPERSION,NONE,1,2,5,3,9,212059.34,0.014819,0.020725,ONE_TO_MANY,NORMAL
L10_003063,497,TRANSFER,21446.45,LD000613_S,1363895.86,1342449.41,LD000613_D3,448172.11,469618.56,0,0,L10_000613,LEGITIMATE_FUND_DISPERSION,NONE,1,3,5,1,9,212059.34,0.015724,0.047853,ONE_TO_MANY,NORMAL
L10_003064,500,TRANSFER,72102.93,LD000613_S,1342449.41,1270346.48,LD000613_D4,943520.86,1015623.79,0,0,L10_000613,LEGITIMATE_FUND_DISPERSION,NONE,1,4,5,3,9,212059.34,0.05371,0.076419,ONE_TO_MANY,NORMAL
L10_003065,502,TRANSFER,68676.88,LD000613_S,1270346.48,1201669.6,LD000613_D5,946381.86,1015058.74,0,0,L10_000613,LEGITIMATE_FUND_DISPERSION,NONE,1,5,5,2,9,212059.34,0.054062,0.072568,ONE_TO_MANY,NORMAL
L10_003066,527,TRANSFER,52680.95,LD000614_S,2327451.34,2274770.39,LD000614_D1,495896.52,548577.47,0,0,L10_000614,LEGITIMATE_FUND_DISPERSION,NONE,1,1,5,0,6,287225.42,0.022635,0.106234,ONE_TO_MANY,NORMAL
L10_003067,528,TRANSFER,50959.27,LD000614_S,2274770.39,2223811.12,LD000614_D2,931025.26,981984.53,0,0,L10_000614,LEGITIMATE_FUND_DISPERSION,NONE,1,2,5,1,6,287225.42,0.022402,0.054735,ONE_TO_MANY,NORMAL
L10_003068,529,TRANSFER,61418.44,LD000614_S,2223811.12,2162392.68,LD000614_D3,798517.1,859935.54,0,0,L10_000614,LEGITIMATE_FUND_DISPERSION,NONE,1,3,5,1,6,287225.42,0.027619,0.076916,ONE_TO_MANY,NORMAL
L10_003069,532,TRANSFER,27049.09,LD000614_S,2162392.68,2135343.59,LD000614_D4,1019812.19,1046861.28,0,0,L10_000614,LEGITIMATE_FUND_DISPERSION,NONE,1,4,5,3,6,287225.42,0.012509,0.026524,ONE_TO_MANY,NORMAL
L10_003070,533,TRANSFER,95117.67,LD000614_S,2135343.59,2040225.92,LD000614_D5,975062.08,1070179.75,0,0,L10_000614,LEGITIMATE_FUND_DISPERSION,NONE,1,5,5,1,6,287225.42,0.044544,0.09755,ONE_TO_MANY,NORMAL
L10_003071,114,TRANSFER,66757.17,LD000615_S,1964635.56,1897878.39,LD000615_D1,740301.6,807058.77,0,0,L10_000615,LEGITIMATE_FUND_DISPERSION,NONE,1,1,5,0,7,294695.34,0.033979,0.090176,ONE_TO_MANY,NORMAL
L10_003072,115,TRANSFER,39783.85,LD000615_S,1897878.39,1858094.54,LD000615_D2,413800.06,453583.91,0,0,L10_000615,LEGITIMATE_FUND_DISPERSION,NONE,1,2,5,1,7,294695.34,0.020962,0.096143,ONE_TO_MANY,NORMAL
L10_003073,118,TRANSFER,12100.32,LD000615_S,1858094.54,1845994.22,LD000615_D3,432021.72,444122.04,0,0,L10_000615,LEGITIMATE_FUND_DISPERSION,NONE,1,3,5,3,7,294695.34,0.006512,0.028009,ONE_TO_MANY,NORMAL
L10_003074,119,TRANSFER,98971.06,LD000615_S,1845994.22,1747023.16,LD000615_D4,773433.95,872405.01,0,0,L10_000615,LEGITIMATE_FUND_DISPERSION,NONE,1,4,5,1,7,294695.34,0.053614,0.127963,ONE_TO_MANY,NORMAL
L10_003075,121,TRANSFER,77082.94,LD000615_S,1747023.16,1669940.22,LD000615_D5,883638.6,960721.54,0,0,L10_000615,LEGITIMATE_FUND_DISPERSION,NONE,1,5,5,2,7,294695.34,0.044122,0.087234,ONE_TO_MANY,NORMAL
L10_003076,681,TRANSFER,45499.46,LD000616_S,1405302.07,1359802.61,LD000616_D1,566101.09,611600.55,0,0,L10_000616,LEGITIMATE_FUND_DISPERSION,NONE,1,1,5,0,12,210795.31,0.032377,0.080373,ONE_TO_MANY,NORMAL
L10_003077,684,TRANSFER,20980.59,LD000616_S,1359802.61,1338822.02,LD000616_D2,1008523.3,1029503.89,0,0,L10_000616,LEGITIMATE_FUND_DISPERSION,NONE,1,2,5,3,12,210795.31,0.015429,0.020803,ONE_TO_MANY,NORMAL
L10_003078,687,TRANSFER,39328.7,LD000616_S,1338822.02,1299493.32,LD000616_D3,847629.92,886958.62,0,0,L10_000616,LEGITIMATE_FUND_DISPERSION,NONE,1,3,5,3,12,210795.31,0.029376,0.046398,ONE_TO_MANY,NORMAL
L10_003079,690,TRANSFER,47582.12,LD000616_S,1299493.32,1251911.2,LD000616_D4,781945.64,829527.76,0,0,L10_000616,LEGITIMATE_FUND_DISPERSION,NONE,1,4,5,3,12,210795.31,0.036616,0.060851,ONE_TO_MANY,NORMAL
L10_003080,693,TRANSFER,57404.44,LD000616_S,1251911.2,1194506.76,LD000616_D5,543208.09,600612.53,0,0,L10_000616,LEGITIMATE_FUND_DISPERSION,NONE,1,5,5,3,12,210795.31,0.045853,0.105677,ONE_TO_MANY,NORMAL
L10_003081,497,TRANSFER,29578.46,LD000617_S,1457948.56,1428370.1,LD000617_D1,426692.37,456270.83,0,0,L10_000617,LEGITIMATE_FUND_DISPERSION,NONE,1,1,5,0,11,218692.29,0.020288,0.06932,ONE_TO_MANY,NORMAL
L10_003082,500,TRANSFER,24504.91,LD000617_S,1428370.1,1403865.19,LD000617_D2,1036676.15,1061181.06,0,0,L10_000617,LEGITIMATE_FUND_DISPERSION,NONE,1,2,5,3,11,218692.29,0.017156,0.023638,ONE_TO_MANY,NORMAL
L10_003083,503,TRANSFER,13401.77,LD000617_S,1403865.19,1390463.42,LD000617_D3,1246499.88,1259901.65,0,0,L10_000617,LEGITIMATE_FUND_DISPERSION,NONE,1,3,5,3,11,218692.29,0.009546,0.010752,ONE_TO_MANY,NORMAL
L10_003084,506,TRANSFER,76652.08,LD000617_S,1390463.42,1313811.34,LD000617_D4,976737.58,1053389.66,0,0,L10_000617,LEGITIMATE_FUND_DISPERSION,NONE,1,4,5,3,11,218692.29,0.055127,0.078478,ONE_TO_MANY,NORMAL
L10_003085,508,TRANSFER,74555.07,LD000617_S,1313811.34,1239256.27,LD000617_D5,512120.54,586675.61,0,0,L10_000617,LEGITIMATE_FUND_DISPERSION,NONE,1,5,5,2,11,218692.29,0.056747,0.145581,ONE_TO_MANY,NORMAL
L10_003086,309,TRANSFER,46719.05,LD000618_S,2322689.94,2275970.89,LD000618_D1,400129.91,446848.96,0,0,L10_000618,LEGITIMATE_FUND_DISPERSION,NONE,1,1,5,0,8,348403.49,0.020114,0.11676,ONE_TO_MANY,NORMAL
L10_003087,311,TRANSFER,70303.0,LD000618_S,2275970.89,2205667.89,LD000618_D2,1156374.1,1226677.1,0,0,L10_000618,LEGITIMATE_FUND_DISPERSION,NONE,1,2,5,2,8,348403.49,0.030889,0.060796,ONE_TO_MANY,NORMAL
L10_003088,312,TRANSFER,28197.64,LD000618_S,2205667.89,2177470.25,LD000618_D3,1190842.35,1219039.99,0,0,L10_000618,LEGITIMATE_FUND_DISPERSION,NONE,1,3,5,1,8,348403.49,0.012784,0.023679,ONE_TO_MANY,NORMAL
L10_003089,314,TRANSFER,88137.36,LD000618_S,2177470.25,2089332.89,LD000618_D4,460925.48,549062.84,0,0,L10_000618,LEGITIMATE_FUND_DISPERSION,NONE,1,4,5,2,8,348403.49,0.040477,0.191218,ONE_TO_MANY,NORMAL
L10_003090,317,TRANSFER,115046.44,LD000618_S,2089332.89,1974286.45,LD000618_D5,1082794.09,1197840.53,0,0,L10_000618,LEGITIMATE_FUND_DISPERSION,NONE,1,5,5,3,8,348403.49,0.055064,0.10625,ONE_TO_MANY,NORMAL
L10_003091,730,TRANSFER,77007.45,LD000619_S,2147930.72,2070923.27,LD000619_D1,1229700.13,1306707.58,0,0,L10_000619,LEGITIMATE_FUND_DISPERSION,NONE,1,1,5,0,9,322189.61,0.035852,0.062623,ONE_TO_MANY,NORMAL
L10_003092,732,TRANSFER,51499.99,LD000619_S,2070923.27,2019423.28,LD000619_D2,842985.58,894485.57,0,0,L10_000619,LEGITIMATE_FUND_DISPERSION,NONE,1,2,5,2,9,322189.61,0.024868,0.061092,ONE_TO_MANY,NORMAL
L10_003093,735,TRANSFER,34523.92,LD000619_S,2019423.28,1984899.36,LD000619_D3,431271.61,465795.53,0,0,L10_000619,LEGITIMATE_FUND_DISPERSION,NONE,1,3,5,3,9,322189.61,0.017096,0.080051,ONE_TO_MANY,NORMAL
L10_003094,737,TRANSFER,139833.16,LD000619_S,1984899.36,1845066.2,LD000619_D4,927288.69,1067121.85,0,0,L10_000619,LEGITIMATE_FUND_DISPERSION,NONE,1,4,5,2,9,322189.61,0.070448,0.150798,ONE_TO_MANY,NORMAL
L10_003095,739,TRANSFER,19325.09,LD000619_S,1845066.2,1825741.11,LD000619_D5,1239188.65,1258513.74,0,0,L10_000619,LEGITIMATE_FUND_DISPERSION,NONE,1,5,5,2,9,322189.61,0.010474,0.015595,ONE_TO_MANY,NORMAL
L10_003096,38,TRANSFER,47864.7,LD000620_S,1421287.22,1373422.52,LD000620_D1,1102651.54,1150516.24,0,0,L10_000620,LEGITIMATE_FUND_DISPERSION,NONE,1,1,5,0,7,213193.08,0.033677,0.043409,ONE_TO_MANY,NORMAL
L10_003097,39,TRANSFER,66426.14,LD000620_S,1373422.52,1306996.38,LD000620_D2,661344.62,727770.76,0,0,L10_000620,LEGITIMATE_FUND_DISPERSION,NONE,1,2,5,1,7,213193.08,0.048365,0.100441,ONE_TO_MANY,NORMAL
L10_003098,40,TRANSFER,30949.05,LD000620_S,1306996.38,1276047.33,LD000620_D3,1058759.76,1089708.81,0,0,L10_000620,LEGITIMATE_FUND_DISPERSION,NONE,1,3,5,1,7,213193.08,0.02368,0.029231,ONE_TO_MANY,NORMAL
L10_003099,43,TRANSFER,36277.66,LD000620_S,1276047.33,1239769.67,LD000620_D4,1233079.63,1269357.29,0,0,L10_000620,LEGITIMATE_FUND_DISPERSION,NONE,1,4,5,3,7,213193.08,0.02843,0.02942,ONE_TO_MANY,NORMAL
L10_003100,45,TRANSFER,31675.53,LD000620_S,1239769.67,1208094.14,LD000620_D5,871757.01,903432.54,0,0,L10_000620,LEGITIMATE_FUND_DISPERSION,NONE,1,5,5,2,7,213193.08,0.02555,0.036335,ONE_TO_MANY,NORMAL
L10_003101,707,TRANSFER,14149.92,LD000621_S,1789942.38,1775792.46,LD000621_D1,568612.63,582762.55,0,0,L10_000621,LEGITIMATE_FUND_DISPERSION,NONE,1,1,5,0,5,268491.35,0.007905,0.024885,ONE_TO_MANY,NORMAL
L10_003102,708,TRANSFER,28921.08,LD000621_S,1775792.46,1746871.38,LD000621_D2,1186056.13,1214977.21,0,0,L10_000621,LEGITIMATE_FUND_DISPERSION,NONE,1,2,5,1,5,268491.35,0.016286,0.024384,ONE_TO_MANY,NORMAL
L10_003103,709,TRANSFER,97514.96,LD000621_S,1746871.38,1649356.42,LD000621_D3,767275.57,864790.53,0,0,L10_000621,LEGITIMATE_FUND_DISPERSION,NONE,1,3,5,1,5,268491.35,0.055823,0.127092,ONE_TO_MANY,NORMAL
L10_003104,711,TRANSFER,86577.7,LD000621_S,1649356.42,1562778.72,LD000621_D4,792511.45,879089.15,0,0,L10_000621,LEGITIMATE_FUND_DISPERSION,NONE,1,4,5,2,5,268491.35,0.052492,0.109245,ONE_TO_MANY,NORMAL
L10_003105,712,TRANSFER,41327.69,LD000621_S,1562778.72,1521451.03,LD000621_D5,735621.93,776949.62,0,0,L10_000621,LEGITIMATE_FUND_DISPERSION,NONE,1,5,5,1,5,268491.35,0.026445,0.056181,ONE_TO_MANY,NORMAL
L10_003106,649,TRANSFER,52368.76,LD000622_S,1310177.9,1257809.14,LD000622_D1,1021348.16,1073716.92,0,0,L10_000622,LEGITIMATE_FUND_DISPERSION,NONE,1,1,5,0,9,196526.69,0.039971,0.051274,ONE_TO_MANY,NORMAL
L10_003107,651,TRANSFER,20549.94,LD000622_S,1257809.14,1237259.2,LD000622_D2,588696.58,609246.52,0,0,L10_000622,LEGITIMATE_FUND_DISPERSION,NONE,1,2,5,2,9,196526.69,0.016338,0.034908,ONE_TO_MANY,NORMAL
L10_003108,654,TRANSFER,37218.57,LD000622_S,1237259.2,1200040.63,LD000622_D3,1069602.35,1106820.92,0,0,L10_000622,LEGITIMATE_FUND_DISPERSION,NONE,1,3,5,3,9,196526.69,0.030081,0.034797,ONE_TO_MANY,NORMAL
L10_003109,657,TRANSFER,36340.7,LD000622_S,1200040.63,1163699.93,LD000622_D4,667638.84,703979.54,0,0,L10_000622,LEGITIMATE_FUND_DISPERSION,NONE,1,4,5,3,9,196526.69,0.030283,0.054432,ONE_TO_MANY,NORMAL
L10_003110,658,TRANSFER,50048.72,LD000622_S,1163699.93,1113651.21,LD000622_D5,453670.13,503718.85,0,0,L10_000622,LEGITIMATE_FUND_DISPERSION,NONE,1,5,5,1,9,196526.69,0.043008,0.11032,ONE_TO_MANY,NORMAL
L10_003111,882,TRANSFER,86325.25,LD000623_S,1874550.64,1788225.39,LD000623_D1,721389.34,807714.59,0,0,L10_000623,LEGITIMATE_FUND_DISPERSION,NONE,1,1,5,0,8,281182.6,0.046051,0.119665,ONE_TO_MANY,NORMAL
L10_003112,885,TRANSFER,35889.58,LD000623_S,1788225.39,1752335.81,LD000623_D2,457672.79,493562.37,0,0,L10_000623,LEGITIMATE_FUND_DISPERSION,NONE,1,2,5,3,8,281182.6,0.02007,0.078418,ONE_TO_MANY,NORMAL
L10_003113,888,TRANSFER,117991.48,LD000623_S,1752335.81,1634344.33,LD000623_D3,495479.48,613470.96,0,0,L10_000623,LEGITIMATE_FUND_DISPERSION,NONE,1,3,5,3,8,281182.6,0.067334,0.238136,ONE_TO_MANY,NORMAL
L10_003114,889,TRANSFER,15930.05,LD000623_S,1634344.33,1618414.28,LD000623_D4,677033.49,692963.54,0,0,L10_000623,LEGITIMATE_FUND_DISPERSION,NONE,1,4,5,1,8,281182.6,0.009747,0.023529,ONE_TO_MANY,NORMAL
L10_003115,890,TRANSFER,25046.24,LD000623_S,1618414.28,1593368.04,LD000623_D5,1164042.97,1189089.21,0,0,L10_000623,LEGITIMATE_FUND_DISPERSION,NONE,1,5,5,1,8,281182.6,0.015476,0.021517,ONE_TO_MANY,NORMAL
L10_003116,808,TRANSFER,62879.42,LD000624_S,2112205.41,2049325.99,LD000624_D1,617710.03,680589.45,0,0,L10_000624,LEGITIMATE_FUND_DISPERSION,NONE,1,1,5,0,11,316830.81,0.02977,0.101794,ONE_TO_MANY,NORMAL
L10_003117,811,TRANSFER,57208.6,LD000624_S,2049325.99,1992117.39,LD000624_D2,431540.94,488749.54,0,0,L10_000624,LEGITIMATE_FUND_DISPERSION,NONE,1,2,5,3,11,316830.81,0.027916,0.132568,ONE_TO_MANY,NORMAL
L10_003118,814,TRANSFER,71357.61,LD000624_S,1992117.39,1920759.78,LD000624_D3,965245.93,1036603.54,0,0,L10_000624,LEGITIMATE_FUND_DISPERSION,NONE,1,3,5,3,11,316830.81,0.03582,0.073927,ONE_TO_MANY,NORMAL
L10_003119,817,TRANSFER,53871.44,LD000624_S,1920759.78,1866888.34,LD000624_D4,1233409.28,1287280.72,0,0,L10_000624,LEGITIMATE_FUND_DISPERSION,NONE,1,4,5,3,11,316830.81,0.028047,0.043677,ONE_TO_MANY,NORMAL
L10_003120,819,TRANSFER,71513.74,LD000624_S,1866888.34,1795374.6,LD000624_D5,936869.6,1008383.34,0,0,L10_000624,LEGITIMATE_FUND_DISPERSION,NONE,1,5,5,2,11,316830.81,0.038306,0.076333,ONE_TO_MANY,NORMAL
L10_003121,382,TRANSFER,26830.12,LD000625_S,1919340.25,1892510.13,LD000625_D1,431552.59,458382.71,0,0,L10_000625,LEGITIMATE_FUND_DISPERSION,NONE,1,1,5,0,5,287901.03,0.013979,0.062171,ONE_TO_MANY,NORMAL
L10_003122,383,TRANSFER,47853.71,LD000625_S,1892510.13,1844656.42,LD000625_D2,661962.78,709816.49,0,0,L10_000625,LEGITIMATE_FUND_DISPERSION,NONE,1,2,5,1,5,287901.03,0.025286,0.072291,ONE_TO_MANY,NORMAL
L10_003123,385,TRANSFER,101497.92,LD000625_S,1844656.42,1743158.5,LD000625_D3,1028931.23,1130429.15,0,0,L10_000625,LEGITIMATE_FUND_DISPERSION,NONE,1,3,5,2,5,287901.03,0.055023,0.098644,ONE_TO_MANY,NORMAL
L10_003124,386,TRANSFER,67267.08,LD000625_S,1743158.5,1675891.42,LD000625_D4,1223978.87,1291245.95,0,0,L10_000625,LEGITIMATE_FUND_DISPERSION,NONE,1,4,5,1,5,287901.03,0.038589,0.054958,ONE_TO_MANY,NORMAL
L10_003125,387,TRANSFER,44452.2,LD000625_S,1675891.42,1631439.22,LD000625_D5,979955.59,1024407.79,0,0,L10_000625,LEGITIMATE_FUND_DISPERSION,NONE,1,5,5,1,5,287901.03,0.026525,0.045361,ONE_TO_MANY,NORMAL
L10_003126,813,TRANSFER,30906.58,LD000626_S,1617975.02,1587068.44,LD000626_D1,1237044.18,1267950.76,0,0,L10_000626,LEGITIMATE_FUND_DISPERSION,NONE,1,1,5,0,8,242696.25,0.019102,0.024984,ONE_TO_MANY,NORMAL
L10_003127,815,TRANSFER,58609.31,LD000626_S,1587068.44,1528459.13,LD000626_D2,486846.43,545455.74,0,0,L10_000626,LEGITIMATE_FUND_DISPERSION,NONE,1,2,5,2,8,242696.25,0.036929,0.120386,ONE_TO_MANY,NORMAL
L10_003128,816,TRANSFER,83481.43,LD000626_S,1528459.13,1444977.7,LD000626_D3,405746.6,489228.03,0,0,L10_000626,LEGITIMATE_FUND_DISPERSION,NONE,1,3,5,1,8,242696.25,0.054618,0.205748,ONE_TO_MANY,NORMAL
L10_003129,818,TRANSFER,26990.19,LD000626_S,1444977.7,1417987.51,LD000626_D4,1273036.87,1300027.06,0,0,L10_000626,LEGITIMATE_FUND_DISPERSION,NONE,1,4,5,2,8,242696.25,0.018679,0.021201,ONE_TO_MANY,NORMAL
L10_003130,821,TRANSFER,42708.74,LD000626_S,1417987.51,1375278.77,LD000626_D5,778753.11,821461.85,0,0,L10_000626,LEGITIMATE_FUND_DISPERSION,NONE,1,5,5,3,8,242696.25,0.030119,0.054842,ONE_TO_MANY,NORMAL
L10_003131,799,TRANSFER,33021.98,LD000627_S,2351644.84,2318622.86,LD000627_D1,778574.69,811596.67,0,0,L10_000627,LEGITIMATE_FUND_DISPERSION,NONE,1,1,5,0,6,352746.73,0.014042,0.042413,ONE_TO_MANY,NORMAL
L10_003132,800,TRANSFER,60291.2,LD000627_S,2318622.86,2258331.66,LD000627_D2,1169661.0,1229952.2,0,0,L10_000627,LEGITIMATE_FUND_DISPERSION,NONE,1,2,5,1,6,352746.73,0.026003,0.051546,ONE_TO_MANY,NORMAL
L10_003133,801,TRANSFER,104320.62,LD000627_S,2258331.66,2154011.04,LD000627_D3,857020.72,961341.34,0,0,L10_000627,LEGITIMATE_FUND_DISPERSION,NONE,1,3,5,1,6,352746.73,0.046194,0.121725,ONE_TO_MANY,NORMAL
L10_003134,802,TRANSFER,32405.06,LD000627_S,2154011.04,2121605.98,LD000627_D4,735058.9,767463.96,0,0,L10_000627,LEGITIMATE_FUND_DISPERSION,NONE,1,4,5,1,6,352746.73,0.015044,0.044085,ONE_TO_MANY,NORMAL
L10_003135,805,TRANSFER,122707.87,LD000627_S,2121605.98,1998898.11,LD000627_D5,980090.94,1102798.81,0,0,L10_000627,LEGITIMATE_FUND_DISPERSION,NONE,1,5,5,3,6,352746.73,0.057837,0.1252,ONE_TO_MANY,NORMAL
L10_003136,460,TRANSFER,22728.92,LD000628_S,1344821.28,1322092.36,LD000628_D1,810053.98,832782.9,0,0,L10_000628,LEGITIMATE_FUND_DISPERSION,NONE,1,1,5,0,7,201723.2,0.016901,0.028059,ONE_TO_MANY,NORMAL
L10_003137,461,TRANSFER,67545.38,LD000628_S,1322092.36,1254546.98,LD000628_D2,1149556.78,1217102.16,0,0,L10_000628,LEGITIMATE_FUND_DISPERSION,NONE,1,2,5,1,7,201723.2,0.05109,0.058758,ONE_TO_MANY,NORMAL
L10_003138,464,TRANSFER,55971.35,LD000628_S,1254546.98,1198575.63,LD000628_D3,474640.04,530611.39,0,0,L10_000628,LEGITIMATE_FUND_DISPERSION,NONE,1,3,5,3,7,201723.2,0.044615,0.117924,ONE_TO_MANY,NORMAL
L10_003139,466,TRANSFER,21696.83,LD000628_S,1198575.63,1176878.8,LD000628_D4,1182159.43,1203856.26,0,0,L10_000628,LEGITIMATE_FUND_DISPERSION,NONE,1,4,5,2,7,201723.2,0.018102,0.018354,ONE_TO_MANY,NORMAL
L10_003140,467,TRANSFER,33780.72,LD000628_S,1176878.8,1143098.08,LD000628_D5,1234277.46,1268058.18,0,0,L10_000628,LEGITIMATE_FUND_DISPERSION,NONE,1,5,5,1,7,201723.2,0.028704,0.027369,ONE_TO_MANY,NORMAL
L10_003141,68,TRANSFER,43496.38,LD000629_S,1754666.3,1711169.92,LD000629_D1,826200.78,869697.16,0,0,L10_000629,LEGITIMATE_FUND_DISPERSION,NONE,1,1,5,0,7,263199.95,0.024789,0.052646,ONE_TO_MANY,NORMAL
L10_003142,71,TRANSFER,85508.57,LD000629_S,1711169.92,1625661.35,LD000629_D2,776543.0,862051.57,0,0,L10_000629,LEGITIMATE_FUND_DISPERSION,NONE,1,2,5,3,7,263199.95,0.049971,0.110114,ONE_TO_MANY,NORMAL
L10_003143,72,TRANSFER,31336.13,LD000629_S,1625661.35,1594325.22,LD000629_D3,1185694.23,1217030.36,0,0,L10_000629,LEGITIMATE_FUND_DISPERSION,NONE,1,3,5,1,7,263199.95,0.019276,0.026429,ONE_TO_MANY,NORMAL
L10_003144,74,TRANSFER,9437.07,LD000629_S,1594325.22,1584888.15,LD000629_D4,1012776.54,1022213.61,0,0,L10_000629,LEGITIMATE_FUND_DISPERSION,NONE,1,4,5,2,7,263199.95,0.005919,0.009318,ONE_TO_MANY,NORMAL
L10_003145,75,TRANSFER,93421.8,LD000629_S,1584888.15,1491466.35,LD000629_D5,1184748.64,1278170.44,0,0,L10_000629,LEGITIMATE_FUND_DISPERSION,NONE,1,5,5,1,7,263199.95,0.058945,0.078854,ONE_TO_MANY,NORMAL
L10_003146,548,TRANSFER,26823.21,LD000630_S,2062215.16,2035391.95,LD000630_D1,1269234.12,1296057.33,0,0,L10_000630,LEGITIMATE_FUND_DISPERSION,NONE,1,1,5,0,9,309332.27,0.013007,0.021133,ONE_TO_MANY,NORMAL
L10_003147,550,TRANSFER,81920.12,LD000630_S,2035391.95,1953471.83,LD000630_D2,1025156.43,1107076.55,0,0,L10_000630,LEGITIMATE_FUND_DISPERSION,NONE,1,2,5,2,9,309332.27,0.040248,0.07991,ONE_TO_MANY,NORMAL
L10_003148,553,TRANSFER,93541.96,LD000630_S,1953471.83,1859929.87,LD000630_D3,682517.06,776059.02,0,0,L10_000630,LEGITIMATE_FUND_DISPERSION,NONE,1,3,5,3,9,309332.27,0.047885,0.137054,ONE_TO_MANY,NORMAL
L10_003149,555,TRANSFER,65855.71,LD000630_S,1859929.87,1794074.16,LD000630_D4,1165425.19,1231280.9,0,0,L10_000630,LEGITIMATE_FUND_DISPERSION,NONE,1,4,5,2,9,309332.27,0.035408,0.056508,ONE_TO_MANY,NORMAL
L10_003150,557,TRANSFER,41191.27,LD000630_S,1794074.16,1752882.89,LD000630_D5,556179.19,597370.46,0,0,L10_000630,LEGITIMATE_FUND_DISPERSION,NONE,1,5,5,2,9,309332.27,0.02296,0.074061,ONE_TO_MANY,NORMAL
L10_003151,92,TRANSFER,88970.34,LD000631_S,2432264.24,2343293.9,LD000631_D1,1088801.4,1177771.74,0,0,L10_000631,LEGITIMATE_FUND_DISPERSION,NONE,1,1,5,0,8,364839.64,0.036579,0.081714,ONE_TO_MANY,NORMAL
L10_003152,95,TRANSFER,58450.43,LD000631_S,2343293.9,2284843.47,LD000631_D2,1225928.47,1284378.9,0,0,L10_000631,LEGITIMATE_FUND_DISPERSION,NONE,1,2,5,3,8,364839.64,0.024944,0.047678,ONE_TO_MANY,NORMAL
L10_003153,96,TRANSFER,52843.97,LD000631_S,2284843.47,2231999.5,LD000631_D3,1250305.48,1303149.45,0,0,L10_000631,LEGITIMATE_FUND_DISPERSION,NONE,1,3,5,1,8,364839.64,0.023128,0.042265,ONE_TO_MANY,NORMAL
L10_003154,99,TRANSFER,88025.48,LD000631_S,2231999.5,2143974.02,LD000631_D4,720457.5,808482.98,0,0,L10_000631,LEGITIMATE_FUND_DISPERSION,NONE,1,4,5,3,8,364839.64,0.039438,0.12218,ONE_TO_MANY,NORMAL
L10_003155,100,TRANSFER,76549.42,LD000631_S,2143974.02,2067424.6,LD000631_D5,1004996.57,1081545.99,0,0,L10_000631,LEGITIMATE_FUND_DISPERSION,NONE,1,5,5,1,8,364839.64,0.035704,0.076169,ONE_TO_MANY,NORMAL
L10_003156,707,TRANSFER,55371.96,LD000632_S,1891879.38,1836507.42,LD000632_D1,532456.22,587828.18,0,0,L10_000632,LEGITIMATE_FUND_DISPERSION,NONE,1,1,5,0,10,283781.91,0.029268,0.103993,ONE_TO_MANY,NORMAL
L10_003157,708,TRANSFER,63297.44,LD000632_S,1836507.42,1773209.98,LD000632_D2,883857.9,947155.34,0,0,L10_000632,LEGITIMATE_FUND_DISPERSION,NONE,1,2,5,1,10,283781.91,0.034466,0.071615,ONE_TO_MANY,NORMAL
L10_003158,711,TRANSFER,60513.31,LD000632_S,1773209.98,1712696.67,LD000632_D3,1145597.15,1206110.46,0,0,L10_000632,LEGITIMATE_FUND_DISPERSION,NONE,1,3,5,3,10,283781.91,0.034126,0.052823,ONE_TO_MANY,NORMAL
L10_003159,714,TRANSFER,32630.89,LD000632_S,1712696.67,1680065.78,LD000632_D4,704012.19,736643.08,0,0,L10_000632,LEGITIMATE_FUND_DISPERSION,NONE,1,4,5,3,10,283781.91,0.019052,0.04635,ONE_TO_MANY,NORMAL
L10_003160,717,TRANSFER,71968.31,LD000632_S,1680065.78,1608097.47,LD000632_D5,590071.71,662040.02,0,0,L10_000632,LEGITIMATE_FUND_DISPERSION,NONE,1,5,5,3,10,283781.91,0.042837,0.121965,ONE_TO_MANY,NORMAL
L10_003161,641,TRANSFER,99263.08,LD000633_S,1891250.88,1791987.8,LD000633_D1,649936.03,749199.11,0,0,L10_000633,LEGITIMATE_FUND_DISPERSION,NONE,1,1,5,0,11,283687.63,0.052485,0.152727,ONE_TO_MANY,NORMAL
L10_003162,644,TRANSFER,14510.9,LD000633_S,1791987.8,1777476.9,LD000633_D2,1241942.83,1256453.73,0,0,L10_000633,LEGITIMATE_FUND_DISPERSION,NONE,1,2,5,3,11,283687.63,0.008098,0.011684,ONE_TO_MANY,NORMAL
L10_003163,647,TRANSFER,39022.18,LD000633_S,1777476.9,1738454.72,LD000633_D3,1148938.74,1187960.92,0,0,L10_000633,LEGITIMATE_FUND_DISPERSION,NONE,1,3,5,3,11,283687.63,0.021954,0.033964,ONE_TO_MANY,NORMAL
L10_003164,649,TRANSFER,44255.93,LD000633_S,1738454.72,1694198.79,LD000633_D4,504834.3,549090.23,0,0,L10_000633,LEGITIMATE_FUND_DISPERSION,NONE,1,4,5,2,11,283687.63,0.025457,0.087664,ONE_TO_MANY,NORMAL
L10_003165,652,TRANSFER,86635.54,LD000633_S,1694198.79,1607563.25,LD000633_D5,387460.16,474095.7,0,0,L10_000633,LEGITIMATE_FUND_DISPERSION,NONE,1,5,5,3,11,283687.63,0.051137,0.223599,ONE_TO_MANY,NORMAL
L10_003166,229,TRANSFER,27152.88,LD000634_S,1350267.21,1323114.33,LD000634_D1,1245016.54,1272169.42,0,0,L10_000634,LEGITIMATE_FUND_DISPERSION,NONE,1,1,5,0,8,202540.08,0.020109,0.021809,ONE_TO_MANY,NORMAL
L10_003167,232,TRANSFER,68608.03,LD000634_S,1323114.33,1254506.3,LD000634_D2,623886.45,692494.48,0,0,L10_000634,LEGITIMATE_FUND_DISPERSION,NONE,1,2,5,3,8,202540.08,0.051853,0.109969,ONE_TO_MANY,NORMAL
L10_003168,234,TRANSFER,34431.55,LD000634_S,1254506.3,1220074.75,LD000634_D3,680040.07,714471.62,0,0,L10_000634,LEGITIMATE_FUND_DISPERSION,NONE,1,3,5,2,8,202540.08,0.027446,0.050632,ONE_TO_MANY,NORMAL
L10_003169,235,TRANSFER,16617.71,LD000634_S,1220074.75,1203457.04,LD000634_D4,1175386.89,1192004.6,0,0,L10_000634,LEGITIMATE_FUND_DISPERSION,NONE,1,4,5,1,8,202540.08,0.01362,0.014138,ONE_TO_MANY,NORMAL
L10_003170,237,TRANSFER,55729.91,LD000634_S,1203457.04,1147727.13,LD000634_D5,1260044.16,1315774.07,0,0,L10_000634,LEGITIMATE_FUND_DISPERSION,NONE,1,5,5,2,8,202540.08,0.046308,0.044229,ONE_TO_MANY,NORMAL
L10_003171,423,TRANSFER,70655.23,LD000635_S,2512686.17,2442030.94,LD000635_D1,722876.84,793532.07,0,0,L10_000635,LEGITIMATE_FUND_DISPERSION,NONE,1,1,5,0,10,376902.92,0.028119,0.097742,ONE_TO_MANY,NORMAL
L10_003172,424,TRANSFER,133145.15,LD000635_S,2442030.94,2308885.79,LD000635_D2,1054669.84,1187814.99,0,0,L10_000635,LEGITIMATE_FUND_DISPERSION,NONE,1,2,5,1,10,376902.92,0.054522,0.126243,ONE_TO_MANY,NORMAL
L10_003173,427,TRANSFER,63811.01,LD000635_S,2308885.79,2245074.78,LD000635_D3,419946.75,483757.76,0,0,L10_000635,LEGITIMATE_FUND_DISPERSION,NONE,1,3,5,3,10,376902.92,0.027637,0.15195,ONE_TO_MANY,NORMAL
L10_003174,430,TRANSFER,73139.86,LD000635_S,2245074.78,2171934.92,LD000635_D4,1174110.36,1247250.22,0,0,L10_000635,LEGITIMATE_FUND_DISPERSION,NONE,1,4,5,3,10,376902.92,0.032578,0.062294,ONE_TO_MANY,NORMAL
L10_003175,433,TRANSFER,36151.67,LD000635_S,2171934.92,2135783.25,LD000635_D5,1272949.69,1309101.36,0,0,L10_000635,LEGITIMATE_FUND_DISPERSION,NONE,1,5,5,3,10,376902.92,0.016645,0.0284,ONE_TO_MANY,NORMAL
L10_003176,198,TRANSFER,51120.55,LD000636_S,1710729.14,1659608.59,LD000636_D1,960928.94,1012049.49,0,0,L10_000636,LEGITIMATE_FUND_DISPERSION,NONE,1,1,5,0,8,256609.37,0.029882,0.053199,ONE_TO_MANY,NORMAL
L10_003177,199,TRANSFER,49588.77,LD000636_S,1659608.59,1610019.82,LD000636_D2,875885.96,925474.73,0,0,L10_000636,LEGITIMATE_FUND_DISPERSION,NONE,1,2,5,1,8,256609.37,0.02988,0.056616,ONE_TO_MANY,NORMAL
L10_003178,201,TRANSFER,35921.16,LD000636_S,1610019.82,1574098.66,LD000636_D3,1160655.94,1196577.1,0,0,L10_000636,LEGITIMATE_FUND_DISPERSION,NONE,1,3,5,2,8,256609.37,0.022311,0.030949,ONE_TO_MANY,NORMAL
L10_003179,204,TRANSFER,83268.09,LD000636_S,1574098.66,1490830.57,LD000636_D4,1206672.01,1289940.1,0,0,L10_000636,LEGITIMATE_FUND_DISPERSION,NONE,1,4,5,3,8,256609.37,0.052899,0.069006,ONE_TO_MANY,NORMAL
L10_003180,206,TRANSFER,36710.8,LD000636_S,1490830.57,1454119.77,LD000636_D5,588961.0,625671.8,0,0,L10_000636,LEGITIMATE_FUND_DISPERSION,NONE,1,5,5,2,8,256609.37,0.024624,0.062331,ONE_TO_MANY,NORMAL
L10_003181,649,TRANSFER,73559.45,LD000637_S,2474281.7,2400722.25,LD000637_D1,534147.05,607706.5,0,0,L10_000637,LEGITIMATE_FUND_DISPERSION,NONE,1,1,5,0,8,371142.25,0.02973,0.137714,ONE_TO_MANY,NORMAL
L10_003182,652,TRANSFER,34587.2,LD000637_S,2400722.25,2366135.05,LD000637_D2,732692.75,767279.95,0,0,L10_000637,LEGITIMATE_FUND_DISPERSION,NONE,1,2,5,3,8,371142.25,0.014407,0.047206,ONE_TO_MANY,NORMAL
L10_003183,655,TRANSFER,59652.83,LD000637_S,2366135.05,2306482.22,LD000637_D3,971712.7,1031365.53,0,0,L10_000637,LEGITIMATE_FUND_DISPERSION,NONE,1,3,5,3,8,371142.25,0.025211,0.061389,ONE_TO_MANY,NORMAL
L10_003184,656,TRANSFER,132944.25,LD000637_S,2306482.22,2173537.97,LD000637_D4,892362.73,1025306.98,0,0,L10_000637,LEGITIMATE_FUND_DISPERSION,NONE,1,4,5,1,8,371142.25,0.057639,0.14898,ONE_TO_MANY,NORMAL
L10_003185,657,TRANSFER,70398.52,LD000637_S,2173537.97,2103139.45,LD000637_D5,641797.32,712195.84,0,0,L10_000637,LEGITIMATE_FUND_DISPERSION,NONE,1,5,5,1,8,371142.25,0.032389,0.10969,ONE_TO_MANY,NORMAL
L10_003186,127,TRANSFER,11694.82,LD000638_S,1566842.94,1555148.12,LD000638_D1,668603.25,680298.07,0,0,L10_000638,LEGITIMATE_FUND_DISPERSION,NONE,1,1,5,0,7,235026.45,0.007464,0.017491,ONE_TO_MANY,NORMAL
L10_003187,128,TRANSFER,94608.37,LD000638_S,1555148.12,1460539.75,LD000638_D2,1009718.54,1104326.91,0,0,L10_000638,LEGITIMATE_FUND_DISPERSION,NONE,1,2,5,1,7,235026.45,0.060836,0.093698,ONE_TO_MANY,NORMAL
L10_003188,131,TRANSFER,30091.03,LD000638_S,1460539.75,1430448.72,LD000638_D3,988636.48,1018727.51,0,0,L10_000638,LEGITIMATE_FUND_DISPERSION,NONE,1,3,5,3,7,235026.45,0.020603,0.030437,ONE_TO_MANY,NORMAL
L10_003189,132,TRANSFER,18992.53,LD000638_S,1430448.72,1411456.19,LD000638_D4,1092540.92,1111533.45,0,0,L10_000638,LEGITIMATE_FUND_DISPERSION,NONE,1,4,5,1,7,235026.45,0.013277,0.017384,ONE_TO_MANY,NORMAL
L10_003190,134,TRANSFER,79639.7,LD000638_S,1411456.19,1331816.49,LD000638_D5,634301.2,713940.9,0,0,L10_000638,LEGITIMATE_FUND_DISPERSION,NONE,1,5,5,2,7,235026.45,0.056424,0.125555,ONE_TO_MANY,NORMAL
L10_003191,350,TRANSFER,30993.24,LD000639_S,1385990.45,1354997.21,LD000639_D1,614417.38,645410.62,0,0,L10_000639,LEGITIMATE_FUND_DISPERSION,NONE,1,1,5,0,11,207898.57,0.022362,0.050443,ONE_TO_MANY,NORMAL
L10_003192,352,TRANSFER,45795.83,LD000639_S,1354997.21,1309201.38,LD000639_D2,789177.66,834973.49,0,0,L10_000639,LEGITIMATE_FUND_DISPERSION,NONE,1,2,5,2,11,207898.57,0.033798,0.05803,ONE_TO_MANY,NORMAL
L10_003193,355,TRANSFER,42345.69,LD000639_S,1309201.38,1266855.69,LD000639_D3,736595.27,778940.96,0,0,L10_000639,LEGITIMATE_FUND_DISPERSION,NONE,1,3,5,3,11,207898.57,0.032345,0.057488,ONE_TO_MANY,NORMAL
L10_003194,358,TRANSFER,60373.14,LD000639_S,1266855.69,1206482.55,LD000639_D4,502189.66,562562.8,0,0,L10_000639,LEGITIMATE_FUND_DISPERSION,NONE,1,4,5,3,11,207898.57,0.047656,0.12022,ONE_TO_MANY,NORMAL
L10_003195,361,TRANSFER,28390.67,LD000639_S,1206482.55,1178091.88,LD000639_D5,433940.56,462331.23,0,0,L10_000639,LEGITIMATE_FUND_DISPERSION,NONE,1,5,5,3,11,207898.57,0.023532,0.065425,ONE_TO_MANY,NORMAL
L10_003196,477,TRANSFER,31389.06,LD000640_S,2246912.5,2215523.44,LD000640_D1,1037377.16,1068766.22,0,0,L10_000640,LEGITIMATE_FUND_DISPERSION,NONE,1,1,5,0,9,337036.87,0.01397,0.030258,ONE_TO_MANY,NORMAL
L10_003197,479,TRANSFER,72295.71,LD000640_S,2215523.44,2143227.73,LD000640_D2,717597.1,789892.81,0,0,L10_000640,LEGITIMATE_FUND_DISPERSION,NONE,1,2,5,2,9,337036.87,0.032631,0.100747,ONE_TO_MANY,NORMAL
L10_003198,481,TRANSFER,12483.98,LD000640_S,2143227.73,2130743.75,LD000640_D3,827264.61,839748.59,0,0,L10_000640,LEGITIMATE_FUND_DISPERSION,NONE,1,3,5,2,9,337036.87,0.005825,0.015091,ONE_TO_MANY,NORMAL
L10_003199,484,TRANSFER,106709.86,LD000640_S,2130743.75,2024033.89,LD000640_D4,584148.95,690858.81,0,0,L10_000640,LEGITIMATE_FUND_DISPERSION,NONE,1,4,5,3,9,337036.87,0.050081,0.182676,ONE_TO_MANY,NORMAL
L10_003200,486,TRANSFER,114158.26,LD000640_S,2024033.89,1909875.63,LD000640_D5,527966.04,642124.3,0,0,L10_000640,LEGITIMATE_FUND_DISPERSION,NONE,1,5,5,2,9,337036.87,0.056401,0.216223,ONE_TO_MANY,NORMAL
L10_003201,444,TRANSFER,61177.69,LD000641_S,1537494.99,1476317.3,LD000641_D1,1117395.97,1178573.66,0,0,L10_000641,LEGITIMATE_FUND_DISPERSION,NONE,1,1,5,0,10,230624.24,0.03979,0.05475,ONE_TO_MANY,NORMAL
L10_003202,446,TRANSFER,46515.21,LD000641_S,1476317.3,1429802.09,LD000641_D2,1222521.25,1269036.46,0,0,L10_000641,LEGITIMATE_FUND_DISPERSION,NONE,1,2,5,2,10,230624.24,0.031508,0.038049,ONE_TO_MANY,NORMAL
L10_003203,449,TRANSFER,39860.38,LD000641_S,1429802.09,1389941.71,LD000641_D3,482631.6,522491.98,0,0,L10_000641,LEGITIMATE_FUND_DISPERSION,NONE,1,3,5,3,10,230624.24,0.027878,0.08259,ONE_TO_MANY,NORMAL
L10_003204,452,TRANSFER,16853.41,LD000641_S,1389941.71,1373088.3,LD000641_D4,842731.27,859584.68,0,0,L10_000641,LEGITIMATE_FUND_DISPERSION,NONE,1,4,5,3,10,230624.24,0.012125,0.019999,ONE_TO_MANY,NORMAL
L10_003205,454,TRANSFER,66217.55,LD000641_S,1373088.3,1306870.75,LD000641_D5,564679.41,630896.96,0,0,L10_000641,LEGITIMATE_FUND_DISPERSION,NONE,1,5,5,2,10,230624.24,0.048225,0.117266,ONE_TO_MANY,NORMAL
L10_003206,62,TRANSFER,87482.07,LD000642_S,2189273.04,2101790.97,LD000642_D1,685307.53,772789.6,0,0,L10_000642,LEGITIMATE_FUND_DISPERSION,NONE,1,1,5,0,7,328390.95,0.039959,0.127654,ONE_TO_MANY,NORMAL
L10_003207,65,TRANSFER,78359.8,LD000642_S,2101790.97,2023431.17,LD000642_D2,570799.04,649158.84,0,0,L10_000642,LEGITIMATE_FUND_DISPERSION,NONE,1,2,5,3,7,328390.95,0.037282,0.137281,ONE_TO_MANY,NORMAL
L10_003208,67,TRANSFER,61300.02,LD000642_S,2023431.17,1962131.15,LD000642_D3,1194721.91,1256021.93,0,0,L10_000642,LEGITIMATE_FUND_DISPERSION,NONE,1,3,5,2,7,328390.95,0.030295,0.051309,ONE_TO_MANY,NORMAL
L10_003209,68,TRANSFER,22633.26,LD000642_S,1962131.15,1939497.89,LD000642_D4,392114.8,414748.06,0,0,L10_000642,LEGITIMATE_FUND_DISPERSION,NONE,1,4,5,1,7,328390.95,0.011535,0.057721,ONE_TO_MANY,NORMAL
L10_003210,69,TRANSFER,78615.8,LD000642_S,1939497.89,1860882.09,LD000642_D5,1201870.78,1280486.58,0,0,L10_000642,LEGITIMATE_FUND_DISPERSION,NONE,1,5,5,1,7,328390.95,0.040534,0.065411,ONE_TO_MANY,NORMAL
L10_003211,385,TRANSFER,37122.86,LD000643_S,1309991.64,1272868.78,LD000643_D1,1187614.41,1224737.27,0,0,L10_000643,LEGITIMATE_FUND_DISPERSION,NONE,1,1,5,0,6,196498.76,0.028338,0.031258,ONE_TO_MANY,NORMAL
L10_003212,386,TRANSFER,59328.87,LD000643_S,1272868.78,1213539.91,LD000643_D2,1221333.92,1280662.79,0,0,L10_000643,LEGITIMATE_FUND_DISPERSION,NONE,1,2,5,1,6,196498.76,0.04661,0.048577,ONE_TO_MANY,NORMAL
L10_003213,387,TRANSFER,51971.28,LD000643_S,1213539.91,1161568.63,LD000643_D3,1043731.7,1095702.98,0,0,L10_000643,LEGITIMATE_FUND_DISPERSION,NONE,1,3,5,1,6,196498.76,0.042826,0.049794,ONE_TO_MANY,NORMAL
L10_003214,389,TRANSFER,37218.9,LD000643_S,1161568.63,1124349.73,LD000643_D4,617010.47,654229.37,0,0,L10_000643,LEGITIMATE_FUND_DISPERSION,NONE,1,4,5,2,6,196498.76,0.032042,0.060321,ONE_TO_MANY,NORMAL
L10_003215,391,TRANSFER,10856.85,LD000643_S,1124349.73,1113492.88,LD000643_D5,1213046.68,1223903.53,0,0,L10_000643,LEGITIMATE_FUND_DISPERSION,NONE,1,5,5,2,6,196498.76,0.009656,0.00895,ONE_TO_MANY,NORMAL
L10_003216,85,TRANSFER,32480.31,LD000644_S,1357544.43,1325064.12,LD000644_D1,603958.23,636438.54,0,0,L10_000644,LEGITIMATE_FUND_DISPERSION,NONE,1,1,5,0,7,203631.66,0.023926,0.053779,ONE_TO_MANY,NORMAL
L10_003217,86,TRANSFER,15496.06,LD000644_S,1325064.12,1309568.06,LD000644_D2,943308.45,958804.51,0,0,L10_000644,LEGITIMATE_FUND_DISPERSION,NONE,1,2,5,1,7,203631.66,0.011695,0.016427,ONE_TO_MANY,NORMAL
L10_003218,89,TRANSFER,59954.4,LD000644_S,1309568.06,1249613.66,LD000644_D3,1177397.84,1237352.24,0,0,L10_000644,LEGITIMATE_FUND_DISPERSION,NONE,1,3,5,3,7,203631.66,0.045782,0.050921,ONE_TO_MANY,NORMAL
L10_003219,91,TRANSFER,28390.06,LD000644_S,1249613.66,1221223.6,LD000644_D4,900847.17,929237.23,0,0,L10_000644,LEGITIMATE_FUND_DISPERSION,NONE,1,4,5,2,7,203631.66,0.022719,0.031515,ONE_TO_MANY,NORMAL
L10_003220,92,TRANSFER,67310.83,LD000644_S,1221223.6,1153912.77,LD000644_D5,718986.27,786297.1,0,0,L10_000644,LEGITIMATE_FUND_DISPERSION,NONE,1,5,5,1,7,203631.66,0.055118,0.093619,ONE_TO_MANY,NORMAL
L10_003221,539,TRANSFER,51437.77,LD000645_S,1861949.86,1810512.09,LD000645_D1,624403.73,675841.5,0,0,L10_000645,LEGITIMATE_FUND_DISPERSION,NONE,1,1,5,0,7,279292.48,0.027626,0.082379,ONE_TO_MANY,NORMAL
L10_003222,540,TRANSFER,65484.4,LD000645_S,1810512.09,1745027.69,LD000645_D2,986365.36,1051849.76,0,0,L10_000645,LEGITIMATE_FUND_DISPERSION,NONE,1,2,5,1,7,279292.48,0.036169,0.06639,ONE_TO_MANY,NORMAL
L10_003223,542,TRANSFER,49631.73,LD000645_S,1745027.69,1695395.96,LD000645_D3,767953.61,817585.34,0,0,L10_000645,LEGITIMATE_FUND_DISPERSION,NONE,1,3,5,2,7,279292.48,0.028442,0.064629,ONE_TO_MANY,NORMAL
L10_003224,544,TRANSFER,45381.8,LD000645_S,1695395.96,1650014.16,LD000645_D4,432140.46,477522.26,0,0,L10_000645,LEGITIMATE_FUND_DISPERSION,NONE,1,4,5,2,7,279292.48,0.026768,0.105016,ONE_TO_MANY,NORMAL
L10_003225,546,TRANSFER,67356.78,LD000645_S,1650014.16,1582657.38,LD000645_D5,442124.13,509480.91,0,0,L10_000645,LEGITIMATE_FUND_DISPERSION,NONE,1,5,5,2,7,279292.48,0.040822,0.152348,ONE_TO_MANY,NORMAL
L10_003226,817,TRANSFER,82328.91,LD000646_S,2302029.07,2219700.16,LD000646_D1,953105.84,1035434.75,0,0,L10_000646,LEGITIMATE_FUND_DISPERSION,NONE,1,1,5,0,9,345304.36,0.035764,0.08638,ONE_TO_MANY,NORMAL
L10_003227,820,TRANSFER,27768.6,LD000646_S,2219700.16,2191931.56,LD000646_D2,1043741.03,1071509.63,0,0,L10_000646,LEGITIMATE_FUND_DISPERSION,NONE,1,2,5,3,9,345304.36,0.01251,0.026605,ONE_TO_MANY,NORMAL
L10_003228,822,TRANSFER,121196.17,LD000646_S,2191931.56,2070735.39,LD000646_D3,1136010.68,1257206.85,0,0,L10_000646,LEGITIMATE_FUND_DISPERSION,NONE,1,3,5,2,9,345304.36,0.055292,0.106686,ONE_TO_MANY,NORMAL
L10_003229,825,TRANSFER,13746.31,LD000646_S,2070735.39,2056989.08,LD000646_D4,985479.58,999225.89,0,0,L10_000646,LEGITIMATE_FUND_DISPERSION,NONE,1,4,5,3,9,345304.36,0.006638,0.013949,ONE_TO_MANY,NORMAL
L10_003230,826,TRANSFER,100264.37,LD000646_S,2056989.08,1956724.71,LD000646_D5,583216.16,683480.53,0,0,L10_000646,LEGITIMATE_FUND_DISPERSION,NONE,1,5,5,1,9,345304.36,0.048743,0.171916,ONE_TO_MANY,NORMAL
L10_003231,788,TRANSFER,70471.7,LD000647_S,2277251.72,2206780.02,LD000647_D1,1104262.32,1174734.02,0,0,L10_000647,LEGITIMATE_FUND_DISPERSION,NONE,1,1,5,0,6,301181.68,0.030946,0.063818,ONE_TO_MANY,NORMAL
L10_003232,790,TRANSFER,120628.49,LD000647_S,2206780.02,2086151.53,LD000647_D2,440357.0,560985.49,0,0,L10_000647,LEGITIMATE_FUND_DISPERSION,NONE,1,2,5,2,6,301181.68,0.054663,0.273933,ONE_TO_MANY,NORMAL
L10_003233,792,TRANSFER,30750.44,LD000647_S,2086151.53,2055401.09,LD000647_D3,1167070.04,1197820.48,0,0,L10_000647,LEGITIMATE_FUND_DISPERSION,NONE,1,3,5,2,6,301181.68,0.01474,0.026348,ONE_TO_MANY,NORMAL
L10_003234,793,TRANSFER,57647.21,LD000647_S,2055401.09,1997753.88,LD000647_D4,628649.97,686297.18,0,0,L10_000647,LEGITIMATE_FUND_DISPERSION,NONE,1,4,5,1,6,301181.68,0.028047,0.0917,ONE_TO_MANY,NORMAL
L10_003235,794,TRANSFER,21683.84,LD000647_S,1997753.88,1976070.04,LD000647_D5,708596.14,730279.98,0,0,L10_000647,LEGITIMATE_FUND_DISPERSION,NONE,1,5,5,1,6,301181.68,0.010854,0.030601,ONE_TO_MANY,NORMAL
L10_003236,407,TRANSFER,19175.82,LD000648_S,1967902.42,1948726.6,LD000648_D1,1093004.16,1112179.98,0,0,L10_000648,LEGITIMATE_FUND_DISPERSION,NONE,1,1,5,0,9,295185.37,0.009744,0.017544,ONE_TO_MANY,NORMAL
L10_003237,409,TRANSFER,72917.67,LD000648_S,1948726.6,1875808.93,LD000648_D2,1268605.13,1341522.8,0,0,L10_000648,LEGITIMATE_FUND_DISPERSION,NONE,1,2,5,2,9,295185.37,0.037418,0.057479,ONE_TO_MANY,NORMAL
L10_003238,412,TRANSFER,81442.15,LD000648_S,1875808.93,1794366.78,LD000648_D3,1235907.73,1317349.88,0,0,L10_000648,LEGITIMATE_FUND_DISPERSION,NONE,1,3,5,3,9,295185.37,0.043417,0.065897,ONE_TO_MANY,NORMAL
L10_003239,413,TRANSFER,64588.96,LD000648_S,1794366.78,1729777.82,LD000648_D4,980526.14,1045115.1,0,0,L10_000648,LEGITIMATE_FUND_DISPERSION,NONE,1,4,5,1,9,295185.37,0.035995,0.065872,ONE_TO_MANY,NORMAL
L10_003240,416,TRANSFER,57060.77,LD000648_S,1729777.82,1672717.05,LD000648_D5,929757.18,986817.95,0,0,L10_000648,LEGITIMATE_FUND_DISPERSION,NONE,1,5,5,3,9,295185.37,0.032987,0.061372,ONE_TO_MANY,NORMAL
L10_003241,431,TRANSFER,67026.21,LD000649_S,1845604.73,1778578.52,LD000649_D1,1268496.56,1335522.77,0,0,L10_000649,LEGITIMATE_FUND_DISPERSION,NONE,1,1,5,0,8,245193.93,0.036317,0.052839,ONE_TO_MANY,NORMAL
L10_003242,433,TRANSFER,26365.63,LD000649_S,1778578.52,1752212.89,LD000649_D2,698022.29,724387.92,0,0,L10_000649,LEGITIMATE_FUND_DISPERSION,NONE,1,2,5,2,8,245193.93,0.014824,0.037772,ONE_TO_MANY,NORMAL
L10_003243,436,TRANSFER,85494.05,LD000649_S,1752212.89,1666718.84,LD000649_D3,679248.92,764742.97,0,0,L10_000649,LEGITIMATE_FUND_DISPERSION,NONE,1,3,5,3,8,245193.93,0.048792,0.125866,ONE_TO_MANY,NORMAL
L10_003244,437,TRANSFER,15161.52,LD000649_S,1666718.84,1651557.32,LD000649_D4,494631.02,509792.54,0,0,L10_000649,LEGITIMATE_FUND_DISPERSION,NONE,1,4,5,1,8,245193.93,0.009097,0.030652,ONE_TO_MANY,NORMAL
L10_003245,439,TRANSFER,51146.52,LD000649_S,1651557.32,1600410.8,LD000649_D5,805121.55,856268.07,0,0,L10_000649,LEGITIMATE_FUND_DISPERSION,NONE,1,5,5,2,8,245193.93,0.030969,0.063526,ONE_TO_MANY,NORMAL
L10_003246,354,TRANSFER,48579.52,LD000650_S,1423970.44,1375390.92,LD000650_D1,542655.43,591234.95,0,0,L10_000650,LEGITIMATE_FUND_DISPERSION,NONE,1,1,5,0,5,213595.57,0.034116,0.089522,ONE_TO_MANY,NORMAL
L10_003247,355,TRANSFER,71365.83,LD000650_S,1375390.92,1304025.09,LD000650_D2,953729.41,1025095.24,0,0,L10_000650,LEGITIMATE_FUND_DISPERSION,NONE,1,2,5,1,5,213595.57,0.051888,0.074828,ONE_TO_MANY,NORMAL
L10_003248,356,TRANSFER,12923.49,LD000650_S,1304025.09,1291101.6,LD000650_D3,1155299.46,1168222.95,0,0,L10_000650,LEGITIMATE_FUND_DISPERSION,NONE,1,3,5,1,5,213595.57,0.00991,0.011186,ONE_TO_MANY,NORMAL
L10_003249,357,TRANSFER,23293.22,LD000650_S,1291101.6,1267808.38,LD000650_D4,508168.8,531462.02,0,0,L10_000650,LEGITIMATE_FUND_DISPERSION,NONE,1,4,5,1,5,213595.57,0.018041,0.045838,ONE_TO_MANY,NORMAL
L10_003250,359,TRANSFER,57433.51,LD000650_S,1267808.38,1210374.87,LD000650_D5,780333.08,837766.59,0,0,L10_000650,LEGITIMATE_FUND_DISPERSION,NONE,1,5,5,2,5,213595.57,0.045301,0.073601,ONE_TO_MANY,NORMAL
L10_003251,324,TRANSFER,92202.47,LD000651_S,2384795.18,2292592.71,LD000651_D1,1125329.9,1217532.37,0,0,L10_000651,LEGITIMATE_FUND_DISPERSION,NONE,1,1,5,0,5,357719.28,0.038663,0.081934,ONE_TO_MANY,NORMAL
L10_003252,325,TRANSFER,101144.96,LD000651_S,2292592.71,2191447.75,LD000651_D2,665685.84,766830.8,0,0,L10_000651,LEGITIMATE_FUND_DISPERSION,NONE,1,2,5,1,5,357719.28,0.044118,0.151941,ONE_TO_MANY,NORMAL
L10_003253,326,TRANSFER,45002.09,LD000651_S,2191447.75,2146445.66,LD000651_D3,794323.44,839325.53,0,0,L10_000651,LEGITIMATE_FUND_DISPERSION,NONE,1,3,5,1,5,357719.28,0.020535,0.056655,ONE_TO_MANY,NORMAL
L10_003254,327,TRANSFER,27788.34,LD000651_S,2146445.66,2118657.32,LD000651_D4,1271748.52,1299536.86,0,0,L10_000651,LEGITIMATE_FUND_DISPERSION,NONE,1,4,5,1,5,357719.28,0.012946,0.02185,ONE_TO_MANY,NORMAL
L10_003255,329,TRANSFER,91581.42,LD000651_S,2118657.32,2027075.9,LD000651_D5,620540.66,712122.08,0,0,L10_000651,LEGITIMATE_FUND_DISPERSION,NONE,1,5,5,2,5,357719.28,0.043226,0.147583,ONE_TO_MANY,NORMAL
L10_003256,310,TRANSFER,67008.63,LD000652_S,2233782.93,2166774.3,LD000652_D1,814668.12,881676.75,0,0,L10_000652,LEGITIMATE_FUND_DISPERSION,NONE,1,1,5,0,7,335067.44,0.029998,0.082253,ONE_TO_MANY,NORMAL
L10_003257,311,TRANSFER,96989.17,LD000652_S,2166774.3,2069785.13,LD000652_D2,829946.03,926935.2,0,0,L10_000652,LEGITIMATE_FUND_DISPERSION,NONE,1,2,5,1,7,335067.44,0.044762,0.116862,ONE_TO_MANY,NORMAL
L10_003258,313,TRANSFER,81609.49,LD000652_S,2069785.13,1988175.64,LD000652_D3,789644.09,871253.58,0,0,L10_000652,LEGITIMATE_FUND_DISPERSION,NONE,1,3,5,2,7,335067.44,0.039429,0.10335,ONE_TO_MANY,NORMAL
L10_003259,314,TRANSFER,21216.31,LD000652_S,1988175.64,1966959.33,LD000652_D4,820915.05,842131.36,0,0,L10_000652,LEGITIMATE_FUND_DISPERSION,NONE,1,4,5,1,7,335067.44,0.010671,0.025845,ONE_TO_MANY,NORMAL
L10_003260,317,TRANSFER,68243.84,LD000652_S,1966959.33,1898715.49,LD000652_D5,1117090.29,1185334.13,0,0,L10_000652,LEGITIMATE_FUND_DISPERSION,NONE,1,5,5,3,7,335067.44,0.034695,0.061091,ONE_TO_MANY,NORMAL
L10_003261,99,TRANSFER,112365.68,LD000653_S,1956167.88,1843802.2,LD000653_D1,972032.32,1084398.0,0,0,L10_000653,LEGITIMATE_FUND_DISPERSION,NONE,1,1,5,0,8,293425.18,0.057442,0.115599,ONE_TO_MANY,NORMAL
L10_003262,101,TRANSFER,35699.74,LD000653_S,1843802.2,1808102.46,LD000653_D2,441951.02,477650.76,0,0,L10_000653,LEGITIMATE_FUND_DISPERSION,NONE,1,2,5,2,8,293425.18,0.019362,0.080778,ONE_TO_MANY,NORMAL
L10_003263,104,TRANSFER,90434.01,LD000653_S,1808102.46,1717668.45,LD000653_D3,1189622.04,1280056.05,0,0,L10_000653,LEGITIMATE_FUND_DISPERSION,NONE,1,3,5,3,8,293425.18,0.050016,0.076019,ONE_TO_MANY,NORMAL
L10_003264,105,TRANSFER,39088.36,LD000653_S,1717668.45,1678580.09,LD000653_D4,699406.06,738494.42,0,0,L10_000653,LEGITIMATE_FUND_DISPERSION,NONE,1,4,5,1,8,293425.18,0.022757,0.055888,ONE_TO_MANY,NORMAL
L10_003265,107,TRANSFER,15837.39,LD000653_S,1678580.09,1662742.7,LD000653_D5,484421.37,500258.76,0,0,L10_000653,LEGITIMATE_FUND_DISPERSION,NONE,1,5,5,2,8,293425.18,0.009435,0.032693,ONE_TO_MANY,NORMAL
L10_003266,101,TRANSFER,14215.74,LD000654_S,1304715.51,1290499.77,LD000654_D1,1014143.5,1028359.24,0,0,L10_000654,LEGITIMATE_FUND_DISPERSION,NONE,1,1,5,0,10,195707.32,0.010896,0.014017,ONE_TO_MANY,NORMAL
L10_003267,104,TRANSFER,34092.06,LD000654_S,1290499.77,1256407.71,LD000654_D2,699497.01,733589.07,0,0,L10_000654,LEGITIMATE_FUND_DISPERSION,NONE,1,2,5,3,10,195707.32,0.026418,0.048738,ONE_TO_MANY,NORMAL
L10_003268,107,TRANSFER,13606.7,LD000654_S,1256407.71,1242801.01,LD000654_D3,1194678.86,1208285.56,0,0,L10_000654,LEGITIMATE_FUND_DISPERSION,NONE,1,3,5,3,10,195707.32,0.01083,0.011389,ONE_TO_MANY,NORMAL
L10_003269,108,TRANSFER,97335.64,LD000654_S,1242801.01,1145465.37,LD000654_D4,635352.49,732688.13,0,0,L10_000654,LEGITIMATE_FUND_DISPERSION,NONE,1,4,5,1,10,195707.32,0.07832,0.153199,ONE_TO_MANY,NORMAL
L10_003270,111,TRANSFER,36457.18,LD000654_S,1145465.37,1109008.19,LD000654_D5,1247726.58,1284183.76,0,0,L10_000654,LEGITIMATE_FUND_DISPERSION,NONE,1,5,5,3,10,195707.32,0.031827,0.029219,ONE_TO_MANY,NORMAL
L10_003271,852,TRANSFER,53655.47,LD000655_S,2335549.22,2281893.75,LD000655_D1,810964.47,864619.94,0,0,L10_000655,LEGITIMATE_FUND_DISPERSION,NONE,1,1,5,0,8,282945.53,0.022973,0.066163,ONE_TO_MANY,NORMAL
L10_003272,853,TRANSFER,54497.48,LD000655_S,2281893.75,2227396.27,LD000655_D2,1086865.88,1141363.36,0,0,L10_000655,LEGITIMATE_FUND_DISPERSION,NONE,1,2,5,1,8,282945.53,0.023883,0.050142,ONE_TO_MANY,NORMAL
L10_003273,856,TRANSFER,57777.68,LD000655_S,2227396.27,2169618.59,LD000655_D3,1056961.24,1114738.92,0,0,L10_000655,LEGITIMATE_FUND_DISPERSION,NONE,1,3,5,3,8,282945.53,0.02594,0.054664,ONE_TO_MANY,NORMAL
L10_003274,857,TRANSFER,25572.57,LD000655_S,2169618.59,2144046.02,LD000655_D4,1204792.62,1230365.19,0,0,L10_000655,LEGITIMATE_FUND_DISPERSION,NONE,1,4,5,1,8,282945.53,0.011787,0.021226,ONE_TO_MANY,NORMAL
L10_003275,860,TRANSFER,91442.33,LD000655_S,2144046.02,2052603.69,LD000655_D5,876527.54,967969.87,0,0,L10_000655,LEGITIMATE_FUND_DISPERSION,NONE,1,5,5,3,8,282945.53,0.042649,0.104323,ONE_TO_MANY,NORMAL
L10_003276,833,TRANSFER,81643.22,LD000656_S,1723387.85,1641744.63,LD000656_D1,833104.76,914747.98,0,0,L10_000656,LEGITIMATE_FUND_DISPERSION,NONE,1,1,5,0,9,258508.18,0.047374,0.097999,ONE_TO_MANY,NORMAL
L10_003277,836,TRANSFER,17733.6,LD000656_S,1641744.63,1624011.03,LD000656_D2,434676.5,452410.1,0,0,L10_000656,LEGITIMATE_FUND_DISPERSION,NONE,1,2,5,3,9,258508.18,0.010802,0.040797,ONE_TO_MANY,NORMAL
L10_003278,837,TRANSFER,57386.34,LD000656_S,1624011.03,1566624.69,LD000656_D3,388620.92,446007.26,0,0,L10_000656,LEGITIMATE_FUND_DISPERSION,NONE,1,3,5,1,9,258508.18,0.035336,0.147667,ONE_TO_MANY,NORMAL
L10_003279,839,TRANSFER,36952.07,LD000656_S,1566624.69,1529672.62,LD000656_D4,1209850.35,1246802.42,0,0,L10_000656,LEGITIMATE_FUND_DISPERSION,NONE,1,4,5,2,9,258508.18,0.023587,0.030543,ONE_TO_MANY,NORMAL
L10_003280,842,TRANSFER,64792.95,LD000656_S,1529672.62,1464879.67,LD000656_D5,555239.7,620032.65,0,0,L10_000656,LEGITIMATE_FUND_DISPERSION,NONE,1,5,5,3,9,258508.18,0.042357,0.116694,ONE_TO_MANY,NORMAL
L10_003281,750,TRANSFER,64299.91,LD000657_S,1598727.57,1534427.66,LD000657_D1,597043.89,661343.8,0,0,L10_000657,LEGITIMATE_FUND_DISPERSION,NONE,1,1,5,0,7,228289.34,0.040219,0.107697,ONE_TO_MANY,NORMAL
L10_003282,752,TRANSFER,44607.13,LD000657_S,1534427.66,1489820.53,LD000657_D2,718591.46,763198.59,0,0,L10_000657,LEGITIMATE_FUND_DISPERSION,NONE,1,2,5,2,7,228289.34,0.029071,0.062076,ONE_TO_MANY,NORMAL
L10_003283,753,TRANSFER,44209.06,LD000657_S,1489820.53,1445611.47,LD000657_D3,1045389.54,1089598.6,0,0,L10_000657,LEGITIMATE_FUND_DISPERSION,NONE,1,3,5,1,7,228289.34,0.029674,0.04229,ONE_TO_MANY,NORMAL
L10_003284,756,TRANSFER,50887.14,LD000657_S,1445611.47,1394724.33,LD000657_D4,1240141.3,1291028.44,0,0,L10_000657,LEGITIMATE_FUND_DISPERSION,NONE,1,4,5,3,7,228289.34,0.035201,0.041033,ONE_TO_MANY,NORMAL
L10_003285,757,TRANSFER,24286.1,LD000657_S,1394724.33,1370438.23,LD000657_D5,656203.64,680489.74,0,0,L10_000657,LEGITIMATE_FUND_DISPERSION,NONE,1,5,5,1,7,228289.34,0.017413,0.03701,ONE_TO_MANY,NORMAL
L10_003286,17,TRANSFER,55718.1,LD000658_S,1616400.79,1560682.69,LD000658_D1,537027.71,592745.81,0,0,L10_000658,LEGITIMATE_FUND_DISPERSION,NONE,1,1,5,0,9,242460.12,0.03447,0.103753,ONE_TO_MANY,NORMAL
L10_003287,18,TRANSFER,50449.49,LD000658_S,1560682.69,1510233.2,LD000658_D2,918597.9,969047.39,0,0,L10_000658,LEGITIMATE_FUND_DISPERSION,NONE,1,2,5,1,9,242460.12,0.032325,0.05492,ONE_TO_MANY,NORMAL
L10_003288,21,TRANSFER,15870.14,LD000658_S,1510233.2,1494363.06,LD000658_D3,912916.95,928787.09,0,0,L10_000658,LEGITIMATE_FUND_DISPERSION,NONE,1,3,5,3,9,242460.12,0.010508,0.017384,ONE_TO_MANY,NORMAL
L10_003289,24,TRANSFER,41130.05,LD000658_S,1494363.06,1453233.01,LD000658_D4,913644.91,954774.96,0,0,L10_000658,LEGITIMATE_FUND_DISPERSION,NONE,1,4,5,3,9,242460.12,0.027523,0.045018,ONE_TO_MANY,NORMAL
L10_003290,26,TRANSFER,79292.34,LD000658_S,1453233.01,1373940.67,LD000658_D5,550935.03,630227.37,0,0,L10_000658,LEGITIMATE_FUND_DISPERSION,NONE,1,5,5,2,9,242460.12,0.054563,0.143923,ONE_TO_MANY,NORMAL
L10_003291,713,TRANSFER,53936.83,LD000659_S,1441669.22,1387732.39,LD000659_D1,582003.25,635940.08,0,0,L10_000659,LEGITIMATE_FUND_DISPERSION,NONE,1,1,5,0,9,216250.39,0.037413,0.092674,ONE_TO_MANY,NORMAL
L10_003292,716,TRANSFER,44930.62,LD000659_S,1387732.39,1342801.77,LD000659_D2,403549.6,448480.22,0,0,L10_000659,LEGITIMATE_FUND_DISPERSION,NONE,1,2,5,3,9,216250.39,0.032377,0.111339,ONE_TO_MANY,NORMAL
L10_003293,719,TRANSFER,19719.07,LD000659_S,1342801.77,1323082.7,LD000659_D3,622059.72,641778.79,0,0,L10_000659,LEGITIMATE_FUND_DISPERSION,NONE,1,3,5,3,9,216250.39,0.014685,0.0317,ONE_TO_MANY,NORMAL
L10_003294,720,TRANSFER,55178.21,LD000659_S,1323082.7,1267904.49,LD000659_D4,620203.27,675381.48,0,0,L10_000659,LEGITIMATE_FUND_DISPERSION,NONE,1,4,5,1,9,216250.39,0.041704,0.088968,ONE_TO_MANY,NORMAL
L10_003295,722,TRANSFER,42485.66,LD000659_S,1267904.49,1225418.83,LD000659_D5,428797.13,471282.79,0,0,L10_000659,LEGITIMATE_FUND_DISPERSION,NONE,1,5,5,2,9,216250.39,0.033509,0.099081,ONE_TO_MANY,NORMAL
L10_003296,244,TRANSFER,102667.41,LD000660_S,2296369.55,2193702.14,LD000660_D1,446316.07,548983.48,0,0,L10_000660,LEGITIMATE_FUND_DISPERSION,NONE,1,1,5,0,8,344455.43,0.044709,0.230033,ONE_TO_MANY,NORMAL
L10_003297,247,TRANSFER,52120.81,LD000660_S,2193702.14,2141581.33,LD000660_D2,733081.29,785202.1,0,0,L10_000660,LEGITIMATE_FUND_DISPERSION,NONE,1,2,5,3,8,344455.43,0.023759,0.071098,ONE_TO_MANY,NORMAL
L10_003298,249,TRANSFER,32950.48,LD000660_S,2141581.33,2108630.85,LD000660_D3,847911.07,880861.55,0,0,L10_000660,LEGITIMATE_FUND_DISPERSION,NONE,1,3,5,2,8,344455.43,0.015386,0.038861,ONE_TO_MANY,NORMAL
L10_003299,251,TRANSFER,73520.36,LD000660_S,2108630.85,2035110.49,LD000660_D4,877892.38,951412.74,0,0,L10_000660,LEGITIMATE_FUND_DISPERSION,NONE,1,4,5,2,8,344455.43,0.034866,0.083746,ONE_TO_MANY,NORMAL
L10_003300,252,TRANSFER,83196.37,LD000660_S,2035110.49,1951914.12,LD000660_D5,550548.6,633744.97,0,0,L10_000660,LEGITIMATE_FUND_DISPERSION,NONE,1,5,5,1,8,344455.43,0.040881,0.151115,ONE_TO_MANY,NORMAL
L10_003301,227,TRANSFER,91982.68,LD000661_S,2517286.78,2425304.1,LD000661_D1,1135949.61,1227932.29,0,0,L10_000661,LEGITIMATE_FUND_DISPERSION,NONE,1,1,5,0,9,377593.03,0.03654,0.080974,ONE_TO_MANY,NORMAL
L10_003302,230,TRANSFER,106498.64,LD000661_S,2425304.1,2318805.46,LD000661_D2,482453.16,588951.8,0,0,L10_000661,LEGITIMATE_FUND_DISPERSION,NONE,1,2,5,3,9,377593.03,0.043911,0.220744,ONE_TO_MANY,NORMAL
L10_003303,233,TRANSFER,28415.96,LD000661_S,2318805.46,2290389.5,LD000661_D3,1063449.01,1091864.97,0,0,L10_000661,LEGITIMATE_FUND_DISPERSION,NONE,1,3,5,3,9,377593.03,0.012255,0.026721,ONE_TO_MANY,NORMAL
L10_003304,235,TRANSFER,48996.31,LD000661_S,2290389.5,2241393.19,LD000661_D4,675323.71,724320.02,0,0,L10_000661,LEGITIMATE_FUND_DISPERSION,NONE,1,4,5,2,9,377593.03,0.021392,0.072552,ONE_TO_MANY,NORMAL
L10_003305,236,TRANSFER,101699.44,LD000661_S,2241393.19,2139693.75,LD000661_D5,415592.13,517291.57,0,0,L10_000661,LEGITIMATE_FUND_DISPERSION,NONE,1,5,5,1,9,377593.03,0.045373,0.24471,ONE_TO_MANY,NORMAL
L10_003306,613,TRANSFER,56131.61,LD000662_S,1995864.73,1939733.12,LD000662_D1,782437.49,838569.1,0,0,L10_000662,LEGITIMATE_FUND_DISPERSION,NONE,1,1,5,0,8,299379.71,0.028124,0.071739,ONE_TO_MANY,NORMAL
L10_003307,615,TRANSFER,106580.94,LD000662_S,1939733.12,1833152.18,LD000662_D2,776701.92,883282.86,0,0,L10_000662,LEGITIMATE_FUND_DISPERSION,NONE,1,2,5,2,8,299379.71,0.054946,0.137222,ONE_TO_MANY,NORMAL
L10_003308,617,TRANSFER,33649.2,LD000662_S,1833152.18,1799502.98,LD000662_D3,908267.31,941916.51,0,0,L10_000662,LEGITIMATE_FUND_DISPERSION,NONE,1,3,5,2,8,299379.71,0.018356,0.037048,ONE_TO_MANY,NORMAL
L10_003309,618,TRANSFER,69690.3,LD000662_S,1799502.98,1729812.68,LD000662_D4,537066.68,606756.98,0,0,L10_000662,LEGITIMATE_FUND_DISPERSION,NONE,1,4,5,1,8,299379.71,0.038728,0.129761,ONE_TO_MANY,NORMAL
L10_003310,621,TRANSFER,33327.66,LD000662_S,1729812.68,1696485.02,LD000662_D5,1089546.65,1122874.31,0,0,L10_000662,LEGITIMATE_FUND_DISPERSION,NONE,1,5,5,3,8,299379.71,0.019267,0.030589,ONE_TO_MANY,NORMAL
L10_003311,11,TRANSFER,11903.51,LD000663_S,1668393.5,1656489.99,LD000663_D1,516032.8,527936.31,0,0,L10_000663,LEGITIMATE_FUND_DISPERSION,NONE,1,1,5,0,10,250259.03,0.007135,0.023067,ONE_TO_MANY,NORMAL
L10_003312,14,TRANSFER,45187.45,LD000663_S,1656489.99,1611302.54,LD000663_D2,963761.17,1008948.62,0,0,L10_000663,LEGITIMATE_FUND_DISPERSION,NONE,1,2,5,3,10,250259.03,0.027279,0.046887,ONE_TO_MANY,NORMAL
L10_003313,15,TRANSFER,83107.75,LD000663_S,1611302.54,1528194.79,LD000663_D3,963785.04,1046892.79,0,0,L10_000663,LEGITIMATE_FUND_DISPERSION,NONE,1,3,5,1,10,250259.03,0.051578,0.086231,ONE_TO_MANY,NORMAL
L10_003314,18,TRANSFER,17843.54,LD000663_S,1528194.79,1510351.25,LD000663_D4,890430.78,908274.32,0,0,L10_000663,LEGITIMATE_FUND_DISPERSION,NONE,1,4,5,3,10,250259.03,0.011676,0.020039,ONE_TO_MANY,NORMAL
L10_003315,21,TRANSFER,92216.78,LD000663_S,1510351.25,1418134.47,LD000663_D5,1037643.95,1129860.73,0,0,L10_000663,LEGITIMATE_FUND_DISPERSION,NONE,1,5,5,3,10,250259.03,0.061057,0.088871,ONE_TO_MANY,NORMAL
L10_003316,547,TRANSFER,46852.88,LD000664_S,1635957.48,1589104.6,LD000664_D1,1045703.58,1092556.46,0,0,L10_000664,LEGITIMATE_FUND_DISPERSION,NONE,1,1,5,0,10,245393.62,0.028639,0.044805,ONE_TO_MANY,NORMAL
L10_003317,550,TRANSFER,47355.02,LD000664_S,1589104.6,1541749.58,LD000664_D2,509517.8,556872.82,0,0,L10_000664,LEGITIMATE_FUND_DISPERSION,NONE,1,2,5,3,10,245393.62,0.0298,0.092941,ONE_TO_MANY,NORMAL
L10_003318,552,TRANSFER,57782.69,LD000664_S,1541749.58,1483966.89,LD000664_D3,977042.56,1034825.25,0,0,L10_000664,LEGITIMATE_FUND_DISPERSION,NONE,1,3,5,2,10,245393.62,0.037479,0.05914,ONE_TO_MANY,NORMAL
L10_003319,554,TRANSFER,47059.08,LD000664_S,1483966.89,1436907.81,LD000664_D4,815303.8,862362.88,0,0,L10_000664,LEGITIMATE_FUND_DISPERSION,NONE,1,4,5,2,10,245393.62,0.031712,0.05772,ONE_TO_MANY,NORMAL
L10_003320,557,TRANSFER,46343.95,LD000664_S,1436907.81,1390563.86,LD000664_D5,1075513.29,1121857.24,0,0,L10_000664,LEGITIMATE_FUND_DISPERSION,NONE,1,5,5,3,10,245393.62,0.032253,0.04309,ONE_TO_MANY,NORMAL
L10_003321,546,TRANSFER,55428.36,LD000665_S,1753019.31,1697590.95,LD000665_D1,782742.2,838170.56,0,0,L10_000665,LEGITIMATE_FUND_DISPERSION,NONE,1,1,5,0,6,262952.89,0.031619,0.070813,ONE_TO_MANY,NORMAL
L10_003322,549,TRANSFER,82031.14,LD000665_S,1697590.95,1615559.81,LD000665_D2,901052.89,983084.03,0,0,L10_000665,LEGITIMATE_FUND_DISPERSION,NONE,1,2,5,3,6,262952.89,0.048322,0.091039,ONE_TO_MANY,NORMAL
L10_003323,550,TRANSFER,7277.65,LD000665_S,1615559.81,1608282.16,LD000665_D3,727532.8,734810.45,0,0,L10_000665,LEGITIMATE_FUND_DISPERSION,NONE,1,3,5,1,6,262952.89,0.004505,0.010003,ONE_TO_MANY,NORMAL
L10_003324,551,TRANSFER,44002.63,LD000665_S,1608282.16,1564279.53,LD000665_D4,468821.87,512824.5,0,0,L10_000665,LEGITIMATE_FUND_DISPERSION,NONE,1,4,5,1,6,262952.89,0.02736,0.093858,ONE_TO_MANY,NORMAL
L10_003325,552,TRANSFER,74213.11,LD000665_S,1564279.53,1490066.42,LD000665_D5,1237697.89,1311911.0,0,0,L10_000665,LEGITIMATE_FUND_DISPERSION,NONE,1,5,5,1,6,262952.89,0.047442,0.059961,ONE_TO_MANY,NORMAL
L10_003326,276,TRANSFER,20012.99,LD000666_S,1351595.77,1331582.78,LD000666_D1,459804.84,479817.83,0,0,L10_000666,LEGITIMATE_FUND_DISPERSION,NONE,1,1,5,0,11,202739.36,0.014807,0.043525,ONE_TO_MANY,NORMAL
L10_003327,279,TRANSFER,56526.85,LD000666_S,1331582.78,1275055.93,LD000666_D2,821822.17,878349.02,0,0,L10_000666,LEGITIMATE_FUND_DISPERSION,NONE,1,2,5,3,11,202739.36,0.042451,0.068782,ONE_TO_MANY,NORMAL
L10_003328,281,TRANSFER,47502.18,LD000666_S,1275055.93,1227553.75,LD000666_D3,895230.99,942733.17,0,0,L10_000666,LEGITIMATE_FUND_DISPERSION,NONE,1,3,5,2,11,202739.36,0.037255,0.053061,ONE_TO_MANY,NORMAL
L10_003329,284,TRANSFER,36174.5,LD000666_S,1227553.75,1191379.25,LD000666_D4,1215744.48,1251918.98,0,0,L10_000666,LEGITIMATE_FUND_DISPERSION,NONE,1,4,5,3,11,202739.36,0.029469,0.029755,ONE_TO_MANY,NORMAL
L10_003330,287,TRANSFER,42522.84,LD000666_S,1191379.25,1148856.41,LD000666_D5,434284.46,476807.3,0,0,L10_000666,LEGITIMATE_FUND_DISPERSION,NONE,1,5,5,3,11,202739.36,0.035692,0.097915,ONE_TO_MANY,NORMAL
L10_003331,718,TRANSFER,84311.78,LD000667_S,2180632.29,2096320.51,LD000667_D1,1090224.88,1174536.66,0,0,L10_000667,LEGITIMATE_FUND_DISPERSION,NONE,1,1,5,0,9,327094.85,0.038664,0.077334,ONE_TO_MANY,NORMAL
L10_003332,720,TRANSFER,84004.26,LD000667_S,2096320.51,2012316.25,LD000667_D2,419628.5,503632.76,0,0,L10_000667,LEGITIMATE_FUND_DISPERSION,NONE,1,2,5,2,9,327094.85,0.040072,0.200187,ONE_TO_MANY,NORMAL
L10_003333,723,TRANSFER,57491.71,LD000667_S,2012316.25,1954824.54,LD000667_D3,414828.13,472319.84,0,0,L10_000667,LEGITIMATE_FUND_DISPERSION,NONE,1,3,5,3,9,327094.85,0.02857,0.138592,ONE_TO_MANY,NORMAL
L10_003334,726,TRANSFER,69352.93,LD000667_S,1954824.54,1885471.61,LD000667_D4,607172.03,676524.96,0,0,L10_000667,LEGITIMATE_FUND_DISPERSION,NONE,1,4,5,3,9,327094.85,0.035478,0.114223,ONE_TO_MANY,NORMAL
L10_003335,727,TRANSFER,31934.17,LD000667_S,1885471.61,1853537.44,LD000667_D5,695883.81,727817.98,0,0,L10_000667,LEGITIMATE_FUND_DISPERSION,NONE,1,5,5,1,9,327094.85,0.016937,0.04589,ONE_TO_MANY,NORMAL
L10_003336,744,TRANSFER,17904.06,LD000668_S,1452258.16,1434354.1,LD000668_D1,534384.07,552288.13,0,0,L10_000668,LEGITIMATE_FUND_DISPERSION,NONE,1,1,5,0,6,217838.73,0.012328,0.033504,ONE_TO_MANY,NORMAL
L10_003337,745,TRANSFER,42114.76,LD000668_S,1434354.1,1392239.34,LD000668_D2,1149705.7,1191820.46,0,0,L10_000668,LEGITIMATE_FUND_DISPERSION,NONE,1,2,5,1,6,217838.73,0.029361,0.036631,ONE_TO_MANY,NORMAL
L10_003338,746,TRANSFER,47401.9,LD000668_S,1392239.34,1344837.44,LD000668_D3,740240.76,787642.66,0,0,L10_000668,LEGITIMATE_FUND_DISPERSION,NONE,1,3,5,1,6,217838.73,0.034047,0.064036,ONE_TO_MANY,NORMAL
L10_003339,749,TRANSFER,58258.71,LD000668_S,1344837.44,1286578.73,LD000668_D4,1105157.59,1163416.3,0,0,L10_000668,LEGITIMATE_FUND_DISPERSION,NONE,1,4,5,3,6,217838.73,0.04332,0.052715,ONE_TO_MANY,NORMAL
L10_003340,750,TRANSFER,52159.3,LD000668_S,1286578.73,1234419.43,LD000668_D5,440372.63,492531.93,0,0,L10_000668,LEGITIMATE_FUND_DISPERSION,NONE,1,5,5,1,6,217838.73,0.040541,0.118444,ONE_TO_MANY,NORMAL
L10_003341,708,TRANSFER,20114.49,LD000669_S,1892999.59,1872885.1,LD000669_D1,582666.25,602780.74,0,0,L10_000669,LEGITIMATE_FUND_DISPERSION,NONE,1,1,5,0,7,249498.42,0.010626,0.034521,ONE_TO_MANY,NORMAL
L10_003342,710,TRANSFER,62590.76,LD000669_S,1872885.1,1810294.34,LD000669_D2,569670.58,632261.34,0,0,L10_000669,LEGITIMATE_FUND_DISPERSION,NONE,1,2,5,2,7,249498.42,0.033419,0.109872,ONE_TO_MANY,NORMAL
L10_003343,713,TRANSFER,45638.32,LD000669_S,1810294.34,1764656.02,LD000669_D3,809433.77,855072.09,0,0,L10_000669,LEGITIMATE_FUND_DISPERSION,NONE,1,3,5,3,7,249498.42,0.02521,0.056383,ONE_TO_MANY,NORMAL
L10_003344,714,TRANSFER,94585.6,LD000669_S,1764656.02,1670070.42,LD000669_D4,631958.87,726544.47,0,0,L10_000669,LEGITIMATE_FUND_DISPERSION,NONE,1,4,5,1,7,249498.42,0.0536,0.14967,ONE_TO_MANY,NORMAL
L10_003345,715,TRANSFER,26569.25,LD000669_S,1670070.42,1643501.17,LD000669_D5,1216297.98,1242867.23,0,0,L10_000669,LEGITIMATE_FUND_DISPERSION,NONE,1,5,5,1,7,249498.42,0.015909,0.021844,ONE_TO_MANY,NORMAL
L10_003346,739,TRANSFER,39452.0,LD000670_S,2206350.77,2166898.77,LD000670_D1,1210939.33,1250391.33,0,0,L10_000670,LEGITIMATE_FUND_DISPERSION,NONE,1,1,5,0,8,330952.63,0.017881,0.03258,ONE_TO_MANY,NORMAL
L10_003347,742,TRANSFER,84147.39,LD000670_S,2166898.77,2082751.38,LD000670_D2,1208331.73,1292479.12,0,0,L10_000670,LEGITIMATE_FUND_DISPERSION,NONE,1,2,5,3,8,330952.63,0.038833,0.069639,ONE_TO_MANY,NORMAL
L10_003348,743,TRANSFER,53900.26,LD000670_S,2082751.38,2028851.12,LD000670_D3,1008347.5,1062247.76,0,0,L10_000670,LEGITIMATE_FUND_DISPERSION,NONE,1,3,5,1,8,330952.63,0.025879,0.053454,ONE_TO_MANY,NORMAL
L10_003349,745,TRANSFER,70188.81,LD000670_S,2028851.12,1958662.31,LD000670_D4,875513.31,945702.12,0,0,L10_000670,LEGITIMATE_FUND_DISPERSION,NONE,1,4,5,2,8,330952.63,0.034595,0.080169,ONE_TO_MANY,NORMAL
L10_003350,747,TRANSFER,83264.17,LD000670_S,1958662.31,1875398.14,LD000670_D5,433844.17,517108.34,0,0,L10_000670,LEGITIMATE_FUND_DISPERSION,NONE,1,5,5,2,8,330952.63,0.042511,0.191922,ONE_TO_MANY,NORMAL
L10_003351,329,TRANSFER,42911.72,LD000671_S,1546153.69,1503241.97,LD000671_D1,991694.69,1034606.41,0,0,L10_000671,LEGITIMATE_FUND_DISPERSION,NONE,1,1,5,0,9,231923.05,0.027754,0.043271,ONE_TO_MANY,NORMAL
L10_003352,332,TRANSFER,52263.59,LD000671_S,1503241.97,1450978.38,LD000671_D2,743655.47,795919.06,0,0,L10_000671,LEGITIMATE_FUND_DISPERSION,NONE,1,2,5,3,9,231923.05,0.034767,0.070279,ONE_TO_MANY,NORMAL
L10_003353,333,TRANSFER,54544.67,LD000671_S,1450978.38,1396433.71,LD000671_D3,1100251.22,1154795.89,0,0,L10_000671,LEGITIMATE_FUND_DISPERSION,NONE,1,3,5,1,9,231923.05,0.037592,0.049575,ONE_TO_MANY,NORMAL
L10_003354,335,TRANSFER,13862.22,LD000671_S,1396433.71,1382571.49,LD000671_D4,582154.28,596016.5,0,0,L10_000671,LEGITIMATE_FUND_DISPERSION,NONE,1,4,5,2,9,231923.05,0.009927,0.023812,ONE_TO_MANY,NORMAL
L10_003355,338,TRANSFER,68340.85,LD000671_S,1382571.49,1314230.64,LD000671_D5,891982.26,960323.11,0,0,L10_000671,LEGITIMATE_FUND_DISPERSION,NONE,1,5,5,3,9,231923.05,0.04943,0.076617,ONE_TO_MANY,NORMAL
L10_003356,270,TRANSFER,85983.93,LD000672_S,2533932.25,2447948.32,LD000672_D1,1205356.16,1291340.09,0,0,L10_000672,LEGITIMATE_FUND_DISPERSION,NONE,1,1,5,0,9,380089.84,0.033933,0.071335,ONE_TO_MANY,NORMAL
L10_003357,272,TRANSFER,97541.91,LD000672_S,2447948.32,2350406.41,LD000672_D2,1143230.16,1240772.07,0,0,L10_000672,LEGITIMATE_FUND_DISPERSION,NONE,1,2,5,2,9,380089.84,0.039846,0.085321,ONE_TO_MANY,NORMAL
L10_003358,274,TRANSFER,99561.3,LD000672_S,2350406.41,2250845.11,LD000672_D3,1222142.98,1321704.28,0,0,L10_000672,LEGITIMATE_FUND_DISPERSION,NONE,1,3,5,2,9,380089.84,0.042359,0.081465,ONE_TO_MANY,NORMAL
L10_003359,277,TRANSFER,46119.69,LD000672_S,2250845.11,2204725.42,LD000672_D4,1053793.55,1099913.24,0,0,L10_000672,LEGITIMATE_FUND_DISPERSION,NONE,1,4,5,3,9,380089.84,0.02049,0.043765,ONE_TO_MANY,NORMAL
L10_003360,279,TRANSFER,50883.01,LD000672_S,2204725.42,2153842.41,LD000672_D5,473693.97,524576.98,0,0,L10_000672,LEGITIMATE_FUND_DISPERSION,NONE,1,5,5,2,9,380089.84,0.023079,0.107417,ONE_TO_MANY,NORMAL
L10_003361,337,TRANSFER,12751.1,LD000673_S,2158345.99,2145594.89,LD000673_D1,630998.06,643749.16,0,0,L10_000673,LEGITIMATE_FUND_DISPERSION,NONE,1,1,5,0,10,323751.88,0.005908,0.020208,ONE_TO_MANY,NORMAL
L10_003362,340,TRANSFER,77361.9,LD000673_S,2145594.89,2068232.99,LD000673_D2,715085.19,792447.09,0,0,L10_000673,LEGITIMATE_FUND_DISPERSION,NONE,1,2,5,3,10,323751.88,0.036056,0.108186,ONE_TO_MANY,NORMAL
L10_003363,342,TRANSFER,79339.79,LD000673_S,2068232.99,1988893.2,LD000673_D3,934299.25,1013639.04,0,0,L10_000673,LEGITIMATE_FUND_DISPERSION,NONE,1,3,5,2,10,323751.88,0.038361,0.084919,ONE_TO_MANY,NORMAL
L10_003364,344,TRANSFER,42060.37,LD000673_S,1988893.2,1946832.83,LD000673_D4,1008974.38,1051034.75,0,0,L10_000673,LEGITIMATE_FUND_DISPERSION,NONE,1,4,5,2,10,323751.88,0.021148,0.041686,ONE_TO_MANY,NORMAL
L10_003365,347,TRANSFER,112238.72,LD000673_S,1946832.83,1834594.11,LD000673_D5,727732.0,839970.72,0,0,L10_000673,LEGITIMATE_FUND_DISPERSION,NONE,1,5,5,3,10,323751.88,0.057652,0.154231,ONE_TO_MANY,NORMAL
L10_003366,606,TRANSFER,76029.96,LD000674_S,1565531.51,1489501.55,LD000674_D1,823099.13,899129.09,0,0,L10_000674,LEGITIMATE_FUND_DISPERSION,NONE,1,1,5,0,8,234829.72,0.048565,0.09237,ONE_TO_MANY,NORMAL
L10_003367,607,TRANSFER,45019.33,LD000674_S,1489501.55,1444482.22,LD000674_D2,1117764.46,1162783.79,0,0,L10_000674,LEGITIMATE_FUND_DISPERSION,NONE,1,2,5,1,8,234829.72,0.030224,0.040276,ONE_TO_MANY,NORMAL
L10_003368,608,TRANSFER,33359.67,LD000674_S,1444482.22,1411122.55,LD000674_D3,1102005.31,1135364.98,0,0,L10_000674,LEGITIMATE_FUND_DISPERSION,NONE,1,3,5,1,8,234829.72,0.023095,0.030272,ONE_TO_MANY,NORMAL
L10_003369,611,TRANSFER,45140.53,LD000674_S,1411122.55,1365982.02,LD000674_D4,873242.55,918383.08,0,0,L10_000674,LEGITIMATE_FUND_DISPERSION,NONE,1,4,5,3,8,234829.72,0.031989,0.051693,ONE_TO_MANY,NORMAL
L10_003370,614,TRANSFER,35280.23,LD000674_S,1365982.02,1330701.79,LD000674_D5,1110052.39,1145332.62,0,0,L10_000674,LEGITIMATE_FUND_DISPERSION,NONE,1,5,5,3,8,234829.72,0.025828,0.031782,ONE_TO_MANY,NORMAL
L10_003371,855,TRANSFER,58291.98,LD000675_S,1946648.85,1888356.87,LD000675_D1,940321.87,998613.85,0,0,L10_000675,LEGITIMATE_FUND_DISPERSION,NONE,1,1,5,0,8,291997.33,0.029945,0.061992,ONE_TO_MANY,NORMAL
L10_003372,856,TRANSFER,64733.75,LD000675_S,1888356.87,1823623.12,LD000675_D2,1035614.25,1100348.0,0,0,L10_000675,LEGITIMATE_FUND_DISPERSION,NONE,1,2,5,1,8,291997.33,0.03428,0.062508,ONE_TO_MANY,NORMAL
L10_003373,859,TRANSFER,21858.37,LD000675_S,1823623.12,1801764.75,LD000675_D3,1077296.68,1099155.05,0,0,L10_000675,LEGITIMATE_FUND_DISPERSION,NONE,1,3,5,3,8,291997.33,0.011986,0.02029,ONE_TO_MANY,NORMAL
L10_003374,861,TRANSFER,74745.4,LD000675_S,1801764.75,1727019.35,LD000675_D4,982046.68,1056792.08,0,0,L10_000675,LEGITIMATE_FUND_DISPERSION,NONE,1,4,5,2,8,291997.33,0.041485,0.076112,ONE_TO_MANY,NORMAL
L10_003375,863,TRANSFER,72367.83,LD000675_S,1727019.35,1654651.52,LD000675_D5,1030081.39,1102449.22,0,0,L10_000675,LEGITIMATE_FUND_DISPERSION,NONE,1,5,5,2,8,291997.33,0.041903,0.070254,ONE_TO_MANY,NORMAL
L10_003376,22,TRANSFER,12938.14,LD000676_S,1729327.54,1716389.4,LD000676_D1,1051744.91,1064683.05,0,0,L10_000676,LEGITIMATE_FUND_DISPERSION,NONE,1,1,5,0,10,259399.14,0.007482,0.012302,ONE_TO_MANY,NORMAL
L10_003377,24,TRANSFER,43415.34,LD000676_S,1716389.4,1672974.06,LD000676_D2,647695.2,691110.54,0,0,L10_000676,LEGITIMATE_FUND_DISPERSION,NONE,1,2,5,2,10,259399.14,0.025295,0.067031,ONE_TO_MANY,NORMAL
L10_003378,27,TRANSFER,78040.16,LD000676_S,1672974.06,1594933.9,LD000676_D3,1266572.56,1344612.72,0,0,L10_000676,LEGITIMATE_FUND_DISPERSION,NONE,1,3,5,3,10,259399.14,0.046648,0.061615,ONE_TO_MANY,NORMAL
L10_003379,30,TRANSFER,108594.85,LD000676_S,1594933.9,1486339.05,LD000676_D4,753252.41,861847.26,0,0,L10_000676,LEGITIMATE_FUND_DISPERSION,NONE,1,4,5,3,10,259399.14,0.068087,0.144168,ONE_TO_MANY,NORMAL
L10_003380,32,TRANSFER,16410.65,LD000676_S,1486339.05,1469928.4,LD000676_D5,1028142.59,1044553.24,0,0,L10_000676,LEGITIMATE_FUND_DISPERSION,NONE,1,5,5,2,10,259399.14,0.011041,0.015961,ONE_TO_MANY,NORMAL
L10_003381,536,TRANSFER,20415.84,LD000677_S,2482080.92,2461665.08,LD000677_D1,733789.53,754205.37,0,0,L10_000677,LEGITIMATE_FUND_DISPERSION,NONE,1,1,5,0,8,372312.13,0.008225,0.027822,ONE_TO_MANY,NORMAL
L10_003382,539,TRANSFER,105185.7,LD000677_S,2461665.08,2356479.38,LD000677_D2,1244932.83,1350118.53,0,0,L10_000677,LEGITIMATE_FUND_DISPERSION,NONE,1,2,5,3,8,372312.13,0.042729,0.084491,ONE_TO_MANY,NORMAL
L10_003383,540,TRANSFER,49467.01,LD000677_S,2356479.38,2307012.37,LD000677_D3,866448.94,915915.95,0,0,L10_000677,LEGITIMATE_FUND_DISPERSION,NONE,1,3,5,1,8,372312.13,0.020992,0.057092,ONE_TO_MANY,NORMAL
L10_003384,543,TRANSFER,70749.92,LD000677_S,2307012.37,2236262.45,LD000677_D4,1076662.4,1147412.32,0,0,L10_000677,LEGITIMATE_FUND_DISPERSION,NONE,1,4,5,3,8,372312.13,0.030667,0.065712,ONE_TO_MANY,NORMAL
L10_003385,544,TRANSFER,126493.66,LD000677_S,2236262.45,2109768.79,LD000677_D5,865171.05,991664.71,0,0,L10_000677,LEGITIMATE_FUND_DISPERSION,NONE,1,5,5,1,8,372312.13,0.056565,0.146207,ONE_TO_MANY,NORMAL
L10_003386,866,TRANSFER,48499.11,LD000678_S,1442713.16,1394214.05,LD000678_D1,693679.76,742178.87,0,0,L10_000678,LEGITIMATE_FUND_DISPERSION,NONE,1,1,5,0,8,216406.98,0.033617,0.069916,ONE_TO_MANY,NORMAL
L10_003387,869,TRANSFER,36140.85,LD000678_S,1394214.05,1358073.2,LD000678_D2,866126.23,902267.08,0,0,L10_000678,LEGITIMATE_FUND_DISPERSION,NONE,1,2,5,3,8,216406.98,0.025922,0.041727,ONE_TO_MANY,NORMAL
L10_003388,870,TRANSFER,61068.2,LD000678_S,1358073.2,1297005.0,LD000678_D3,526354.19,587422.39,0,0,L10_000678,LEGITIMATE_FUND_DISPERSION,NONE,1,3,5,1,8,216406.98,0.044967,0.116021,ONE_TO_MANY,NORMAL
L10_003389,872,TRANSFER,48775.05,LD000678_S,1297005.0,1248229.95,LD000678_D4,973351.14,1022126.19,0,0,L10_000678,LEGITIMATE_FUND_DISPERSION,NONE,1,4,5,2,8,216406.98,0.037606,0.05011,ONE_TO_MANY,NORMAL
L10_003390,874,TRANSFER,21923.77,LD000678_S,1248229.95,1226306.18,LD000678_D5,460559.45,482483.22,0,0,L10_000678,LEGITIMATE_FUND_DISPERSION,NONE,1,5,5,2,8,216406.98,0.017564,0.047602,ONE_TO_MANY,NORMAL
L10_003391,197,TRANSFER,51505.91,LD000679_S,1456142.73,1404636.82,LD000679_D1,790916.9,842422.81,0,0,L10_000679,LEGITIMATE_FUND_DISPERSION,NONE,1,1,5,0,8,218421.41,0.035371,0.065122,ONE_TO_MANY,NORMAL
L10_003392,199,TRANSFER,68885.91,LD000679_S,1404636.82,1335750.91,LD000679_D2,441199.12,510085.03,0,0,L10_000679,LEGITIMATE_FUND_DISPERSION,NONE,1,2,5,2,8,218421.41,0.049042,0.156133,ONE_TO_MANY,NORMAL
L10_003393,200,TRANSFER,11226.89,LD000679_S,1335750.91,1324524.02,LD000679_D3,857088.82,868315.71,0,0,L10_000679,LEGITIMATE_FUND_DISPERSION,NONE,1,3,5,1,8,218421.41,0.008405,0.013099,ONE_TO_MANY,NORMAL
L10_003394,202,TRANSFER,35769.67,LD000679_S,1324524.02,1288754.35,LD000679_D4,1173343.28,1209112.95,0,0,L10_000679,LEGITIMATE_FUND_DISPERSION,NONE,1,4,5,2,8,218421.41,0.027006,0.030485,ONE_TO_MANY,NORMAL
L10_003395,205,TRANSFER,51033.03,LD000679_S,1288754.35,1237721.32,LD000679_D5,645717.3,696750.33,0,0,L10_000679,LEGITIMATE_FUND_DISPERSION,NONE,1,5,5,3,8,218421.41,0.039599,0.079033,ONE_TO_MANY,NORMAL
L10_003396,428,TRANSFER,62366.65,LD000680_S,2153263.78,2090897.13,LD000680_D1,484144.87,546511.52,0,0,L10_000680,LEGITIMATE_FUND_DISPERSION,NONE,1,1,5,0,5,322989.56,0.028964,0.128818,ONE_TO_MANY,NORMAL
L10_003397,430,TRANSFER,46055.79,LD000680_S,2090897.13,2044841.34,LD000680_D2,673891.88,719947.67,0,0,L10_000680,LEGITIMATE_FUND_DISPERSION,NONE,1,2,5,2,5,322989.56,0.022027,0.068343,ONE_TO_MANY,NORMAL
L10_003398,431,TRANSFER,45974.02,LD000680_S,2044841.34,1998867.32,LD000680_D3,869917.11,915891.13,0,0,L10_000680,LEGITIMATE_FUND_DISPERSION,NONE,1,3,5,1,5,322989.56,0.022483,0.052849,ONE_TO_MANY,NORMAL
L10_003399,432,TRANSFER,54088.48,LD000680_S,1998867.32,1944778.84,LD000680_D4,1065709.36,1119797.84,0,0,L10_000680,LEGITIMATE_FUND_DISPERSION,NONE,1,4,5,1,5,322989.56,0.02706,0.050753,ONE_TO_MANY,NORMAL
L10_003400,433,TRANSFER,114504.62,LD000680_S,1944778.84,1830274.22,LD000680_D5,1212091.2,1326595.82,0,0,L10_000680,LEGITIMATE_FUND_DISPERSION,NONE,1,5,5,1,5,322989.56,0.058878,0.094469,ONE_TO_MANY,NORMAL
L10_003401,700,TRANSFER,22674.45,LD000681_S,2115855.39,2093180.94,LD000681_D1,1045464.7,1068139.15,0,0,L10_000681,LEGITIMATE_FUND_DISPERSION,NONE,1,1,5,0,10,317378.3,0.010716,0.021688,ONE_TO_MANY,NORMAL
L10_003402,703,TRANSFER,48723.72,LD000681_S,2093180.94,2044457.22,LD000681_D2,1034330.75,1083054.47,0,0,L10_000681,LEGITIMATE_FUND_DISPERSION,NONE,1,2,5,3,10,317378.3,0.023277,0.047107,ONE_TO_MANY,NORMAL
L10_003403,706,TRANSFER,116873.39,LD000681_S,2044457.22,1927583.83,LD000681_D3,519893.74,636767.13,0,0,L10_000681,LEGITIMATE_FUND_DISPERSION,NONE,1,3,5,3,10,317378.3,0.057166,0.224802,ONE_TO_MANY,NORMAL
L10_003404,707,TRANSFER,97615.83,LD000681_S,1927583.83,1829968.0,LD000681_D4,981739.45,1079355.28,0,0,L10_000681,LEGITIMATE_FUND_DISPERSION,NONE,1,4,5,1,10,317378.3,0.050642,0.099432,ONE_TO_MANY,NORMAL
L10_003405,710,TRANSFER,31490.91,LD000681_S,1829968.0,1798477.09,LD000681_D5,1177020.4,1208511.31,0,0,L10_000681,LEGITIMATE_FUND_DISPERSION,NONE,1,5,5,3,10,317378.3,0.017208,0.026755,ONE_TO_MANY,NORMAL
L10_003406,70,TRANSFER,27124.49,LD000682_S,1700423.58,1673299.09,LD000682_D1,718879.3,746003.79,0,0,L10_000682,LEGITIMATE_FUND_DISPERSION,NONE,1,1,5,0,8,255063.54,0.015952,0.037732,ONE_TO_MANY,NORMAL
L10_003407,71,TRANSFER,68359.03,LD000682_S,1673299.09,1604940.06,LD000682_D2,1054251.97,1122611.0,0,0,L10_000682,LEGITIMATE_FUND_DISPERSION,NONE,1,2,5,1,8,255063.54,0.040853,0.064841,ONE_TO_MANY,NORMAL
L10_003408,73,TRANSFER,70513.58,LD000682_S,1604940.06,1534426.48,LD000682_D3,639331.04,709844.62,0,0,L10_000682,LEGITIMATE_FUND_DISPERSION,NONE,1,3,5,2,8,255063.54,0.043935,0.110293,ONE_TO_MANY,NORMAL
L10_003409,76,TRANSFER,18547.35,LD000682_S,1534426.48,1515879.13,LD000682_D4,389471.06,408018.41,0,0,L10_000682,LEGITIMATE_FUND_DISPERSION,NONE,1,4,5,3,8,255063.54,0.012087,0.047622,ONE_TO_MANY,NORMAL
L10_003410,78,TRANSFER,70519.09,LD000682_S,1515879.13,1445360.04,LD000682_D5,863728.89,934247.98,0,0,L10_000682,LEGITIMATE_FUND_DISPERSION,NONE,1,5,5,2,8,255063.54,0.04652,0.081645,ONE_TO_MANY,NORMAL
L10_003411,138,TRANSFER,27566.47,LD000683_S,1362022.88,1334456.41,LD000683_D1,615972.86,643539.33,0,0,L10_000683,LEGITIMATE_FUND_DISPERSION,NONE,1,1,5,0,6,204303.42,0.020239,0.044753,ONE_TO_MANY,NORMAL
L10_003412,139,TRANSFER,67842.46,LD000683_S,1334456.41,1266613.95,LD000683_D2,733309.31,801151.77,0,0,L10_000683,LEGITIMATE_FUND_DISPERSION,NONE,1,2,5,1,6,204303.42,0.050839,0.092515,ONE_TO_MANY,NORMAL
L10_003413,140,TRANSFER,15133.61,LD000683_S,1266613.95,1251480.34,LD000683_D3,569918.83,585052.44,0,0,L10_000683,LEGITIMATE_FUND_DISPERSION,NONE,1,3,5,1,6,204303.42,0.011948,0.026554,ONE_TO_MANY,NORMAL
L10_003414,143,TRANSFER,18195.6,LD000683_S,1251480.34,1233284.74,LD000683_D4,449097.42,467293.02,0,0,L10_000683,LEGITIMATE_FUND_DISPERSION,NONE,1,4,5,3,6,204303.42,0.014539,0.040516,ONE_TO_MANY,NORMAL
L10_003415,144,TRANSFER,75565.28,LD000683_S,1233284.74,1157719.46,LD000683_D5,937331.0,1012896.28,0,0,L10_000683,LEGITIMATE_FUND_DISPERSION,NONE,1,5,5,1,6,204303.42,0.061272,0.080617,ONE_TO_MANY,NORMAL
L10_003416,276,TRANSFER,31727.54,LD000684_S,1459643.37,1427915.83,LD000684_D1,925279.74,957007.28,0,0,L10_000684,LEGITIMATE_FUND_DISPERSION,NONE,1,1,5,0,7,218946.52,0.021737,0.03429,ONE_TO_MANY,NORMAL
L10_003417,278,TRANSFER,41516.53,LD000684_S,1427915.83,1386399.3,LD000684_D2,462738.33,504254.86,0,0,L10_000684,LEGITIMATE_FUND_DISPERSION,NONE,1,2,5,2,7,218946.52,0.029075,0.089719,ONE_TO_MANY,NORMAL
L10_003418,279,TRANSFER,21142.2,LD000684_S,1386399.3,1365257.1,LD000684_D3,981692.44,1002834.64,0,0,L10_000684,LEGITIMATE_FUND_DISPERSION,NONE,1,3,5,1,7,218946.52,0.01525,0.021536,ONE_TO_MANY,NORMAL
L10_003419,280,TRANSFER,103427.85,LD000684_S,1365257.1,1261829.25,LD000684_D4,495161.19,598589.04,0,0,L10_000684,LEGITIMATE_FUND_DISPERSION,NONE,1,4,5,1,7,218946.52,0.075757,0.208877,ONE_TO_MANY,NORMAL
L10_003420,283,TRANSFER,21132.4,LD000684_S,1261829.25,1240696.85,LD000684_D5,1189102.53,1210234.93,0,0,L10_000684,LEGITIMATE_FUND_DISPERSION,NONE,1,5,5,3,7,218946.52,0.016747,0.017772,ONE_TO_MANY,NORMAL
L10_003421,203,TRANSFER,91495.2,LD000685_S,2212778.06,2121282.86,LD000685_D1,425611.05,517106.25,0,0,L10_000685,LEGITIMATE_FUND_DISPERSION,NONE,1,1,5,0,9,331916.71,0.041349,0.214974,ONE_TO_MANY,NORMAL
L10_003422,204,TRANSFER,67153.16,LD000685_S,2121282.86,2054129.7,LD000685_D2,523139.29,590292.45,0,0,L10_000685,LEGITIMATE_FUND_DISPERSION,NONE,1,2,5,1,9,331916.71,0.031657,0.128366,ONE_TO_MANY,NORMAL
L10_003423,206,TRANSFER,95929.92,LD000685_S,2054129.7,1958199.78,LD000685_D3,822121.49,918051.41,0,0,L10_000685,LEGITIMATE_FUND_DISPERSION,NONE,1,3,5,2,9,331916.71,0.046701,0.116686,ONE_TO_MANY,NORMAL
L10_003424,209,TRANSFER,29232.86,LD000685_S,1958199.78,1928966.92,LD000685_D4,682132.95,711365.81,0,0,L10_000685,LEGITIMATE_FUND_DISPERSION,NONE,1,4,5,3,9,331916.71,0.014928,0.042855,ONE_TO_MANY,NORMAL
L10_003425,212,TRANSFER,48105.57,LD000685_S,1928966.92,1880861.35,LD000685_D5,1146413.51,1194519.08,0,0,L10_000685,LEGITIMATE_FUND_DISPERSION,NONE,1,5,5,3,9,331916.71,0.024939,0.041962,ONE_TO_MANY,NORMAL
L10_003426,366,TRANSFER,50286.59,LD000686_S,2226515.68,2176229.09,LD000686_D1,916090.34,966376.93,0,0,L10_000686,LEGITIMATE_FUND_DISPERSION,NONE,1,1,5,0,7,333977.35,0.022585,0.054893,ONE_TO_MANY,NORMAL
L10_003427,367,TRANSFER,65169.11,LD000686_S,2176229.09,2111059.98,LD000686_D2,636850.55,702019.66,0,0,L10_000686,LEGITIMATE_FUND_DISPERSION,NONE,1,2,5,1,7,333977.35,0.029946,0.10233,ONE_TO_MANY,NORMAL
L10_003428,368,TRANSFER,104000.29,LD000686_S,2111059.98,2007059.69,LD000686_D3,1014047.58,1118047.87,0,0,L10_000686,LEGITIMATE_FUND_DISPERSION,NONE,1,3,5,1,7,333977.35,0.049264,0.10256,ONE_TO_MANY,NORMAL
L10_003429,370,TRANSFER,33803.64,LD000686_S,2007059.69,1973256.05,LD000686_D4,545142.75,578946.39,0,0,L10_000686,LEGITIMATE_FUND_DISPERSION,NONE,1,4,5,2,7,333977.35,0.016842,0.062009,ONE_TO_MANY,NORMAL
L10_003430,373,TRANSFER,80717.72,LD000686_S,1973256.05,1892538.33,LD000686_D5,678551.18,759268.9,0,0,L10_000686,LEGITIMATE_FUND_DISPERSION,NONE,1,5,5,3,7,333977.35,0.040906,0.118956,ONE_TO_MANY,NORMAL
L10_003431,320,TRANSFER,11910.38,LD000687_S,2314093.34,2302182.96,LD000687_D1,819586.04,831496.42,0,0,L10_000687,LEGITIMATE_FUND_DISPERSION,NONE,1,1,5,0,6,276747.62,0.005147,0.014532,ONE_TO_MANY,NORMAL
L10_003432,323,TRANSFER,77255.06,LD000687_S,2302182.96,2224927.9,LD000687_D2,755703.0,832958.06,0,0,L10_000687,LEGITIMATE_FUND_DISPERSION,NONE,1,2,5,3,6,276747.62,0.033557,0.102229,ONE_TO_MANY,NORMAL
L10_003433,324,TRANSFER,33099.36,LD000687_S,2224927.9,2191828.54,LD000687_D3,463318.12,496417.48,0,0,L10_000687,LEGITIMATE_FUND_DISPERSION,NONE,1,3,5,1,6,276747.62,0.014877,0.07144,ONE_TO_MANY,NORMAL
L10_003434,325,TRANSFER,40025.01,LD000687_S,2191828.54,2151803.53,LD000687_D4,1180504.65,1220529.66,0,0,L10_000687,LEGITIMATE_FUND_DISPERSION,NONE,1,4,5,1,6,276747.62,0.018261,0.033905,ONE_TO_MANY,NORMAL
L10_003435,326,TRANSFER,114457.81,LD000687_S,2151803.53,2037345.72,LD000687_D5,836694.9,951152.71,0,0,L10_000687,LEGITIMATE_FUND_DISPERSION,NONE,1,5,5,1,6,276747.62,0.053192,0.136798,ONE_TO_MANY,NORMAL
L10_003436,566,TRANSFER,102214.01,LD000688_S,2133271.96,2031057.95,LD000688_D1,1094359.49,1196573.5,0,0,L10_000688,LEGITIMATE_FUND_DISPERSION,NONE,1,1,5,0,7,319990.79,0.047914,0.093401,ONE_TO_MANY,NORMAL
L10_003437,568,TRANSFER,47777.09,LD000688_S,2031057.95,1983280.86,LD000688_D2,515535.62,563312.71,0,0,L10_000688,LEGITIMATE_FUND_DISPERSION,NONE,1,2,5,2,7,319990.79,0.023523,0.092675,ONE_TO_MANY,NORMAL
L10_003438,571,TRANSFER,91721.43,LD000688_S,1983280.86,1891559.43,LD000688_D3,723027.04,814748.47,0,0,L10_000688,LEGITIMATE_FUND_DISPERSION,NONE,1,3,5,3,7,319990.79,0.046247,0.126858,ONE_TO_MANY,NORMAL
L10_003439,572,TRANSFER,34300.33,LD000688_S,1891559.43,1857259.1,LD000688_D4,1006723.99,1041024.32,0,0,L10_000688,LEGITIMATE_FUND_DISPERSION,NONE,1,4,5,1,7,319990.79,0.018133,0.034071,ONE_TO_MANY,NORMAL
L10_003440,573,TRANSFER,43977.93,LD000688_S,1857259.1,1813281.17,LD000688_D5,389176.56,433154.49,0,0,L10_000688,LEGITIMATE_FUND_DISPERSION,NONE,1,5,5,1,7,319990.79,0.023679,0.113003,ONE_TO_MANY,NORMAL
L10_003441,562,TRANSFER,66710.78,LD000689_S,1719698.01,1652987.23,LD000689_D1,1258557.57,1325268.35,0,0,L10_000689,LEGITIMATE_FUND_DISPERSION,NONE,1,1,5,0,7,257954.7,0.038792,0.053006,ONE_TO_MANY,NORMAL
L10_003442,564,TRANSFER,45670.07,LD000689_S,1652987.23,1607317.16,LD000689_D2,756089.42,801759.49,0,0,L10_000689,LEGITIMATE_FUND_DISPERSION,NONE,1,2,5,2,7,257954.7,0.027629,0.060403,ONE_TO_MANY,NORMAL
L10_003443,565,TRANSFER,12898.22,LD000689_S,1607317.16,1594418.94,LD000689_D3,400577.22,413475.44,0,0,L10_000689,LEGITIMATE_FUND_DISPERSION,NONE,1,3,5,1,7,257954.7,0.008025,0.032199,ONE_TO_MANY,NORMAL
L10_003444,566,TRANSFER,69576.16,LD000689_S,1594418.94,1524842.78,LD000689_D4,727635.73,797211.89,0,0,L10_000689,LEGITIMATE_FUND_DISPERSION,NONE,1,4,5,1,7,257954.7,0.043637,0.095619,ONE_TO_MANY,NORMAL
L10_003445,569,TRANSFER,63099.47,LD000689_S,1524842.78,1461743.31,LD000689_D5,1227866.15,1290965.62,0,0,L10_000689,LEGITIMATE_FUND_DISPERSION,NONE,1,5,5,3,7,257954.7,0.041381,0.05139,ONE_TO_MANY,NORMAL
L10_003446,799,TRANSFER,69875.98,LD000690_S,1476788.36,1406912.38,LD000690_D1,1026755.4,1096631.38,0,0,L10_000690,LEGITIMATE_FUND_DISPERSION,NONE,1,1,5,0,7,221518.25,0.047316,0.068055,ONE_TO_MANY,NORMAL
L10_003447,801,TRANSFER,52603.27,LD000690_S,1406912.38,1354309.11,LD000690_D2,441757.86,494361.13,0,0,L10_000690,LEGITIMATE_FUND_DISPERSION,NONE,1,2,5,2,7,221518.25,0.037389,0.119077,ONE_TO_MANY,NORMAL
L10_003448,802,TRANSFER,7772.27,LD000690_S,1354309.11,1346536.84,LD000690_D3,408834.3,416606.57,0,0,L10_000690,LEGITIMATE_FUND_DISPERSION,NONE,1,3,5,1,7,221518.25,0.005739,0.019011,ONE_TO_MANY,NORMAL
L10_003449,805,TRANSFER,31438.46,LD000690_S,1346536.84,1315098.38,LD000690_D4,440881.55,472320.01,0,0,L10_000690,LEGITIMATE_FUND_DISPERSION,NONE,1,4,5,3,7,221518.25,0.023348,0.071308,ONE_TO_MANY,NORMAL
L10_003450,806,TRANSFER,59828.27,LD000690_S,1315098.38,1255270.11,LD000690_D5,953548.71,1013376.98,0,0,L10_000690,LEGITIMATE_FUND_DISPERSION,NONE,1,5,5,1,7,221518.25,0.045493,0.062743,ONE_TO_MANY,NORMAL
L10_003451,600,TRANSFER,110510.58,LD000691_S,1839103.42,1728592.84,LD000691_D1,1116866.06,1227376.64,0,0,L10_000691,LEGITIMATE_FUND_DISPERSION,NONE,1,1,5,0,8,275865.51,0.060089,0.098947,ONE_TO_MANY,NORMAL
L10_003452,603,TRANSFER,20388.34,LD000691_S,1728592.84,1708204.5,LD000691_D2,919030.04,939418.38,0,0,L10_000691,LEGITIMATE_FUND_DISPERSION,NONE,1,2,5,3,8,275865.51,0.011795,0.022185,ONE_TO_MANY,NORMAL
L10_003453,605,TRANSFER,115826.23,LD000691_S,1708204.5,1592378.27,LD000691_D3,911401.65,1027227.88,0,0,L10_000691,LEGITIMATE_FUND_DISPERSION,NONE,1,3,5,2,8,275865.51,0.067806,0.127086,ONE_TO_MANY,NORMAL
L10_003454,607,TRANSFER,13000.03,LD000691_S,1592378.27,1579378.24,LD000691_D4,483474.12,496474.15,0,0,L10_000691,LEGITIMATE_FUND_DISPERSION,NONE,1,4,5,2,8,275865.51,0.008164,0.026889,ONE_TO_MANY,NORMAL
L10_003455,608,TRANSFER,16140.33,LD000691_S,1579378.24,1563237.91,LD000691_D5,879322.06,895462.39,0,0,L10_000691,LEGITIMATE_FUND_DISPERSION,NONE,1,5,5,1,8,275865.51,0.010219,0.018355,ONE_TO_MANY,NORMAL
L10_003456,314,TRANSFER,46815.06,LD000692_S,2325285.09,2278470.03,LD000692_D1,1177371.88,1224186.94,0,0,L10_000692,LEGITIMATE_FUND_DISPERSION,NONE,1,1,5,0,9,348792.77,0.020133,0.039762,ONE_TO_MANY,NORMAL
L10_003457,317,TRANSFER,74389.8,LD000692_S,2278470.03,2204080.23,LD000692_D2,686695.33,761085.13,0,0,L10_000692,LEGITIMATE_FUND_DISPERSION,NONE,1,2,5,3,9,348792.77,0.032649,0.10833,ONE_TO_MANY,NORMAL
L10_003458,319,TRANSFER,94967.45,LD000692_S,2204080.23,2109112.78,LD000692_D3,1225077.83,1320045.28,0,0,L10_000692,LEGITIMATE_FUND_DISPERSION,NONE,1,3,5,2,9,348792.77,0.043087,0.07752,ONE_TO_MANY,NORMAL
L10_003459,321,TRANSFER,117309.31,LD000692_S,2109112.78,1991803.47,LD000692_D4,1161293.5,1278602.81,0,0,L10_000692,LEGITIMATE_FUND_DISPERSION,NONE,1,4,5,2,9,348792.77,0.05562,0.101016,ONE_TO_MANY,NORMAL
L10_003460,323,TRANSFER,15311.15,LD000692_S,1991803.47,1976492.32,LD000692_D5,708630.01,723941.16,0,0,L10_000692,LEGITIMATE_FUND_DISPERSION,NONE,1,5,5,2,9,348792.77,0.007687,0.021607,ONE_TO_MANY,NORMAL
L10_003461,289,TRANSFER,79400.82,LD000693_S,2518231.46,2438830.64,LD000693_D1,525354.5,604755.32,0,0,L10_000693,LEGITIMATE_FUND_DISPERSION,NONE,1,1,5,0,7,377734.72,0.03153,0.151138,ONE_TO_MANY,NORMAL
L10_003462,291,TRANSFER,63516.19,LD000693_S,2438830.64,2375314.45,LD000693_D2,1073384.57,1136900.76,0,0,L10_000693,LEGITIMATE_FUND_DISPERSION,NONE,1,2,5,2,7,377734.72,0.026044,0.059174,ONE_TO_MANY,NORMAL
L10_003463,292,TRANSFER,84760.95,LD000693_S,2375314.45,2290553.5,LD000693_D3,1220232.57,1304993.52,0,0,L10_000693,LEGITIMATE_FUND_DISPERSION,NONE,1,3,5,1,7,377734.72,0.035684,0.069463,ONE_TO_MANY,NORMAL
L10_003464,294,TRANSFER,84220.03,LD000693_S,2290553.5,2206333.47,LD000693_D4,548606.97,632827.0,0,0,L10_000693,LEGITIMATE_FUND_DISPERSION,NONE,1,4,5,2,7,377734.72,0.036768,0.153516,ONE_TO_MANY,NORMAL
L10_003465,296,TRANSFER,65836.73,LD000693_S,2206333.47,2140496.74,LD000693_D5,1262050.34,1327887.07,0,0,L10_000693,LEGITIMATE_FUND_DISPERSION,NONE,1,5,5,2,7,377734.72,0.02984,0.052166,ONE_TO_MANY,NORMAL
L10_003466,343,TRANSFER,129824.39,LD000694_S,2539563.8,2409739.41,LD000694_D1,819545.74,949370.13,0,0,L10_000694,LEGITIMATE_FUND_DISPERSION,NONE,1,1,5,0,9,380934.58,0.051121,0.15841,ONE_TO_MANY,NORMAL
L10_003467,345,TRANSFER,59923.74,LD000694_S,2409739.41,2349815.67,LD000694_D2,1188760.23,1248683.97,0,0,L10_000694,LEGITIMATE_FUND_DISPERSION,NONE,1,2,5,2,9,380934.58,0.024867,0.050409,ONE_TO_MANY,NORMAL
L10_003468,347,TRANSFER,45206.49,LD000694_S,2349815.67,2304609.18,LD000694_D3,690898.97,736105.46,0,0,L10_000694,LEGITIMATE_FUND_DISPERSION,NONE,1,3,5,2,9,380934.58,0.019238,0.065431,ONE_TO_MANY,NORMAL
L10_003469,350,TRANSFER,84282.47,LD000694_S,2304609.18,2220326.71,LD000694_D4,889423.0,973705.47,0,0,L10_000694,LEGITIMATE_FUND_DISPERSION,NONE,1,4,5,3,9,380934.58,0.036571,0.094761,ONE_TO_MANY,NORMAL
L10_003470,352,TRANSFER,61697.49,LD000694_S,2220326.71,2158629.22,LD000694_D5,673353.2,735050.69,0,0,L10_000694,LEGITIMATE_FUND_DISPERSION,NONE,1,5,5,2,9,380934.58,0.027788,0.091627,ONE_TO_MANY,NORMAL
L10_003471,705,TRANSFER,23358.59,LD000695_S,1292329.31,1268970.72,LD000695_D1,1183412.23,1206770.82,0,0,L10_000695,LEGITIMATE_FUND_DISPERSION,NONE,1,1,5,0,9,193849.4,0.018075,0.019738,ONE_TO_MANY,NORMAL
L10_003472,706,TRANSFER,44101.23,LD000695_S,1268970.72,1224869.49,LD000695_D2,479113.32,523214.55,0,0,L10_000695,LEGITIMATE_FUND_DISPERSION,NONE,1,2,5,1,9,193849.4,0.034754,0.092048,ONE_TO_MANY,NORMAL
L10_003473,709,TRANSFER,53029.46,LD000695_S,1224869.49,1171840.03,LD000695_D3,493258.7,546288.16,0,0,L10_000695,LEGITIMATE_FUND_DISPERSION,NONE,1,3,5,3,9,193849.4,0.043294,0.107508,ONE_TO_MANY,NORMAL
L10_003474,711,TRANSFER,16346.91,LD000695_S,1171840.03,1155493.12,LD000695_D4,852570.11,868917.02,0,0,L10_000695,LEGITIMATE_FUND_DISPERSION,NONE,1,4,5,2,9,193849.4,0.01395,0.019174,ONE_TO_MANY,NORMAL
L10_003475,714,TRANSFER,57013.21,LD000695_S,1155493.12,1098479.91,LD000695_D5,1042643.84,1099657.05,0,0,L10_000695,LEGITIMATE_FUND_DISPERSION,NONE,1,5,5,3,9,193849.4,0.049341,0.054681,ONE_TO_MANY,NORMAL
L10_003476,781,TRANSFER,84698.19,LD000696_S,1777575.23,1692877.04,LD000696_D1,1111664.68,1196362.87,0,0,L10_000696,LEGITIMATE_FUND_DISPERSION,NONE,1,1,5,0,10,266636.28,0.047648,0.07619,ONE_TO_MANY,NORMAL
L10_003477,784,TRANSFER,45154.28,LD000696_S,1692877.04,1647722.76,LD000696_D2,1012727.29,1057881.57,0,0,L10_000696,LEGITIMATE_FUND_DISPERSION,NONE,1,2,5,3,10,266636.28,0.026673,0.044587,ONE_TO_MANY,NORMAL
L10_003478,786,TRANSFER,41188.83,LD000696_S,1647722.76,1606533.93,LD000696_D3,572312.35,613501.18,0,0,L10_000696,LEGITIMATE_FUND_DISPERSION,NONE,1,3,5,2,10,266636.28,0.024997,0.071969,ONE_TO_MANY,NORMAL
L10_003479,788,TRANSFER,41069.69,LD000696_S,1606533.93,1565464.24,LD000696_D4,695890.47,736960.16,0,0,L10_000696,LEGITIMATE_FUND_DISPERSION,NONE,1,4,5,2,10,266636.28,0.025564,0.059017,ONE_TO_MANY,NORMAL
L10_003480,791,TRANSFER,54525.29,LD000696_S,1565464.24,1510938.95,LD000696_D5,1115609.41,1170134.7,0,0,L10_000696,LEGITIMATE_FUND_DISPERSION,NONE,1,5,5,3,10,266636.28,0.03483,0.048875,ONE_TO_MANY,NORMAL
L10_003481,172,TRANSFER,22780.56,LD000697_S,2260561.14,2237780.58,LD000697_D1,607154.52,629935.08,0,0,L10_000697,LEGITIMATE_FUND_DISPERSION,NONE,1,1,5,0,7,339084.17,0.010077,0.03752,ONE_TO_MANY,NORMAL
L10_003482,174,TRANSFER,52931.83,LD000697_S,2237780.58,2184848.75,LD000697_D2,999035.43,1051967.26,0,0,L10_000697,LEGITIMATE_FUND_DISPERSION,NONE,1,2,5,2,7,339084.17,0.023654,0.052983,ONE_TO_MANY,NORMAL
L10_003483,175,TRANSFER,104255.43,LD000697_S,2184848.75,2080593.32,LD000697_D3,743469.69,847725.12,0,0,L10_000697,LEGITIMATE_FUND_DISPERSION,NONE,1,3,5,1,7,339084.17,0.047717,0.140228,ONE_TO_MANY,NORMAL
L10_003484,178,TRANSFER,63236.93,LD000697_S,2080593.32,2017356.39,LD000697_D4,637995.79,701232.72,0,0,L10_000697,LEGITIMATE_FUND_DISPERSION,NONE,1,4,5,3,7,339084.17,0.030394,0.099118,ONE_TO_MANY,NORMAL
L10_003485,179,TRANSFER,95879.42,LD000697_S,2017356.39,1921476.97,LD000697_D5,1238872.7,1334752.12,0,0,L10_000697,LEGITIMATE_FUND_DISPERSION,NONE,1,5,5,1,7,339084.17,0.047527,0.077392,ONE_TO_MANY,NORMAL
L10_003486,611,TRANSFER,19847.31,LD000698_S,1898933.09,1879085.78,LD000698_D1,1185194.58,1205041.89,0,0,L10_000698,LEGITIMATE_FUND_DISPERSION,NONE,1,1,5,0,9,284839.96,0.010452,0.016746,ONE_TO_MANY,NORMAL
L10_003487,613,TRANSFER,63237.14,LD000698_S,1879085.78,1815848.64,LD000698_D2,447097.26,510334.4,0,0,L10_000698,LEGITIMATE_FUND_DISPERSION,NONE,1,2,5,2,9,284839.96,0.033653,0.141439,ONE_TO_MANY,NORMAL
L10_003488,616,TRANSFER,62688.76,LD000698_S,1815848.64,1753159.88,LD000698_D3,775039.13,837727.89,0,0,L10_000698,LEGITIMATE_FUND_DISPERSION,NONE,1,3,5,3,9,284839.96,0.034523,0.080885,ONE_TO_MANY,NORMAL
L10_003489,619,TRANSFER,115299.72,LD000698_S,1753159.88,1637860.16,LD000698_D4,679017.58,794317.3,0,0,L10_000698,LEGITIMATE_FUND_DISPERSION,NONE,1,4,5,3,9,284839.96,0.065767,0.169804,ONE_TO_MANY,NORMAL
L10_003490,620,TRANSFER,23767.03,LD000698_S,1637860.16,1614093.13,LD000698_D5,503433.81,527200.84,0,0,L10_000698,LEGITIMATE_FUND_DISPERSION,NONE,1,5,5,1,9,284839.96,0.014511,0.04721,ONE_TO_MANY,NORMAL
L10_003491,167,TRANSFER,92853.76,LD000699_S,1992446.49,1899592.73,LD000699_D1,1035604.81,1128458.57,0,0,L10_000699,LEGITIMATE_FUND_DISPERSION,NONE,1,1,5,0,7,298866.97,0.046603,0.089661,ONE_TO_MANY,NORMAL
L10_003492,168,TRANSFER,16048.2,LD000699_S,1899592.73,1883544.53,LD000699_D2,639643.13,655691.33,0,0,L10_000699,LEGITIMATE_FUND_DISPERSION,NONE,1,2,5,1,7,298866.97,0.008448,0.025089,ONE_TO_MANY,NORMAL
L10_003493,169,TRANSFER,80173.08,LD000699_S,1883544.53,1803371.45,LD000699_D3,665396.85,745569.93,0,0,L10_000699,LEGITIMATE_FUND_DISPERSION,NONE,1,3,5,1,7,298866.97,0.042565,0.120489,ONE_TO_MANY,NORMAL
L10_003494,172,TRANSFER,27870.49,LD000699_S,1803371.45,1775500.96,LD000699_D4,748007.09,775877.58,0,0,L10_000699,LEGITIMATE_FUND_DISPERSION,NONE,1,4,5,3,7,298866.97,0.015455,0.03726,ONE_TO_MANY,NORMAL
L10_003495,174,TRANSFER,81921.44,LD000699_S,1775500.96,1693579.52,LD000699_D5,1150873.24,1232794.68,0,0,L10_000699,LEGITIMATE_FUND_DISPERSION,NONE,1,5,5,2,7,298866.97,0.04614,0.071182,ONE_TO_MANY,NORMAL
L10_003496,314,TRANSFER,59320.29,LD000700_S,1484757.49,1425437.2,LD000700_D1,516652.09,575972.38,0,0,L10_000700,LEGITIMATE_FUND_DISPERSION,NONE,1,1,5,0,6,222713.62,0.039953,0.114817,ONE_TO_MANY,NORMAL
L10_003497,317,TRANSFER,11946.95,LD000700_S,1425437.2,1413490.25,LD000700_D2,1260760.2,1272707.15,0,0,L10_000700,LEGITIMATE_FUND_DISPERSION,NONE,1,2,5,3,6,222713.62,0.008381,0.009476,ONE_TO_MANY,NORMAL
L10_003498,318,TRANSFER,14275.02,LD000700_S,1413490.25,1399215.23,LD000700_D3,1121000.14,1135275.16,0,0,L10_000700,LEGITIMATE_FUND_DISPERSION,NONE,1,3,5,1,6,222713.62,0.010099,0.012734,ONE_TO_MANY,NORMAL
L10_003499,319,TRANSFER,70816.12,LD000700_S,1399215.23,1328399.11,LD000700_D4,530572.06,601388.18,0,0,L10_000700,LEGITIMATE_FUND_DISPERSION,NONE,1,4,5,1,6,222713.62,0.050611,0.133471,ONE_TO_MANY,NORMAL
L10_003500,320,TRANSFER,66355.24,LD000700_S,1328399.11,1262043.87,LD000700_D5,426920.46,493275.7,0,0,L10_000700,LEGITIMATE_FUND_DISPERSION,NONE,1,5,5,1,6,222713.62,0.049951,0.155428,ONE_TO_MANY,NORMAL
