record_id,step,type,amount,nameOrig,oldbalanceOrg,newbalanceOrig,nameDest,oldbalanceDest,newbalanceDest,isFraud,isFlaggedFraud,scenario_id,scenario_type,severity,is_legitimate_counterexample,chain_position,chain_role,step_gap_from_previous,cashout_ratio,sender_balance_usage_ratio,destination_balance_usage_ratio,scenario_total_amount,newbalanceOrg
L06_000001,40,TRANSFER,94803.63,C1980953545,1207841.84,1113038.21,C38219456,1031296.26,1126099.8900000001,0,0,L06_000001,LEGITIMATE_TRANSFER_CASHOUT,NONE,1,1,TRANSFER,0,0.2558738699810722,0.07849010264456478,0.0215414016246818,119061.40000000001,
L06_000002,44,CASH_OUT,24257.77,C38219456,1126099.8900000001,798679.45,CASHOUT_L06_000001,0.0,0.0,0,0,L06_000001,LEGITIMATE_TRANSFER_CASHOUT,NONE,1,2,CASH_OUT,4,0.2558738699810722,0.07849010264456478,0.0215414016246818,119061.40000000001,1101842.12
L06_000003,376,TRANSFER,14890.39,C102872637,106145.0,91254.61,C2015311009,287965.3,302855.69,0,0,L06_000002,LEGITIMATE_TRANSFER_CASHOUT,NONE,1,1,TRANSFER,0,0.5849347228629851,0.14028348014508454,0.028759274755577484,23600.3,
L06_000004,378,CASH_OUT,8709.91,C2015311009,302855.69,0.0,CASHOUT_L06_000002,0.0,0.0,0,0,L06_000002,LEGITIMATE_TRANSFER_CASHOUT,NONE,1,2,CASH_OUT,2,0.5849347228629851,0.14028348014508454,0.028759274755577484,23600.3,294145.78
L06_000005,279,TRANSFER,13144.05,C1054430065,198074.0,184929.95,C1483387344,114055.24,127199.29000000001,0,0,L06_000003,LEGITIMATE_TRANSFER_CASHOUT,NONE,1,1,TRANSFER,0,0.5511999698858833,0.06635928996233731,0.056957865095001704,20389.05,
L06_000006,282,CASH_OUT,7245.0,C1483387344,127199.29000000001,0.0,CASHOUT_L06_000003,0.0,0.0,0,0,L06_000003,LEGITIMATE_TRANSFER_CASHOUT,NONE,1,2,CASH_OUT,3,0.5511999698858833,0.06635928996233731,0.056957865095001704,20389.05,119954.29000000001
L06_000007,163,TRANSFER,8727.29,C1415875860,59906.0,51178.71,C20973202,133284.91,142012.2,0,0,L06_000004,LEGITIMATE_TRANSFER_CASHOUT,NONE,1,1,TRANSFER,0,0.2793487181887534,0.1456830701432244,0.017167257460978705,11165.25,
L06_000008,167,CASH_OUT,2437.96,C20973202,142012.2,0.0,CASHOUT_L06_000004,0.0,0.0,0,0,L06_000004,LEGITIMATE_TRANSFER_CASHOUT,NONE,1,2,CASH_OUT,4,0.2793487181887534,0.1456830701432244,0.017167257460978705,11165.25,139574.24000000002
L06_000009,137,TRANSFER,29431.4,C1287943376,328826.0,299394.6,C1653949328,268687.84,298119.24000000005,0,0,L06_000005,LEGITIMATE_TRANSFER_CASHOUT,NONE,1,1,TRANSFER,0,0.5451858396717515,0.08950447957278318,0.0538226918866424,45476.98,
L06_000010,140,CASH_OUT,16045.58,C1653949328,298119.24000000005,46458.29,CASHOUT_L06_000005,0.0,0.0,0,0,L06_000005,LEGITIMATE_TRANSFER_CASHOUT,NONE,1,2,CASH_OUT,3,0.5451858396717515,0.08950447957278318,0.0538226918866424,45476.98,282073.66000000003
L06_000011,326,TRANSFER,9157.61,C1839537055,72904.0,63746.39,C961774996,0.0,9157.61,0,0,L06_000006,LEGITIMATE_TRANSFER_CASHOUT,NONE,1,1,TRANSFER,0,0.38848209807453116,0.12561190058158675,0.3884823660321852,12715.18,
L06_000012,331,CASH_OUT,3557.57,C961774996,9157.61,0.0,CASHOUT_L06_000006,0.0,0.0,0,0,L06_000006,LEGITIMATE_TRANSFER_CASHOUT,NONE,1,2,CASH_OUT,5,0.38848209807453116,0.12561190058158675,0.3884823660321852,12715.18,5600.040000000001
L06_000013,619,TRANSFER,13289.59,C1819730693,117678.0,104388.41,C497968221,0.0,13289.59,0,0,L06_000007,LEGITIMATE_TRANSFER_CASHOUT,NONE,1,1,TRANSFER,0,0.5132666170447073,0.11293181393293564,0.5132663987376586,20110.690000000002,
L06_000014,622,CASH_OUT,6821.1,C497968221,13289.59,0.0,CASHOUT_L06_000007,0.0,0.0,0,0,L06_000007,LEGITIMATE_TRANSFER_CASHOUT,NONE,1,2,CASH_OUT,3,0.5132666170447073,0.11293181393293564,0.5132663987376586,20110.690000000002,6468.49
L06_000015,15,TRANSFER,9764.16,C104139025,104290.1,94525.94,C1287073460,1338709.39,1348473.5499999998,0,0,L06_000008,LEGITIMATE_TRANSFER_CASHOUT,NONE,1,1,TRANSFER,0,0.2753101803046495,0.09362499412695931,0.0019934910847899095,12452.33,
L06_000016,17,CASH_OUT,2688.17,C1287073460,1348473.5499999998,0.0,CASHOUT_L06_000008,0.0,0.0,0,0,L06_000008,LEGITIMATE_TRANSFER_CASHOUT,NONE,1,2,CASH_OUT,2,0.2753101803046495,0.09362499412695931,0.0019934910847899095,12452.33,1345785.38
L06_000017,279,TRANSFER,10969.83,C731930475,92430.47,81460.64,C2074908694,98147.65,109117.48,0,0,L06_000009,LEGITIMATE_TRANSFER_CASHOUT,NONE,1,1,TRANSFER,0,0.36620502391311427,0.1186819671045706,0.03681545798161761,14987.04,
L06_000018,282,CASH_OUT,4017.21,C2074908694,109117.48,26637.04,CASHOUT_L06_000009,0.0,0.0,0,0,L06_000009,LEGITIMATE_TRANSFER_CASHOUT,NONE,1,2,CASH_OUT,3,0.36620502391311427,0.1186819671045706,0.03681545798161761,14987.04,105100.26999999999
L06_000019,522,TRANSFER,13877.92,C1878349043,187553.6,173675.68,C708475534,718258.22,732136.14,0,0,L06_000010,LEGITIMATE_TRANSFER_CASHOUT,NONE,1,1,TRANSFER,0,0.2964792474760847,0.07399442079490876,0.005619883755499353,17992.440000000002,
L06_000020,524,CASH_OUT,4114.52,C708475534,732136.14,0.0,CASHOUT_L06_000010,0.0,0.0,0,0,L06_000010,LEGITIMATE_TRANSFER_CASHOUT,NONE,1,2,CASH_OUT,2,0.2964792474760847,0.07399442079490876,0.005619883755499353,17992.440000000002,728021.62
L06_000021,304,TRANSFER,50261.78,C98830149,356692.63,306430.85,C1642329070,13845979.96,13896241.74,0,0,L06_000011,LEGITIMATE_TRANSFER_CASHOUT,NONE,1,1,TRANSFER,0,0.4104437396905084,0.140910621001617,0.0014845474327506913,70891.41,
L06_000022,307,CASH_OUT,20629.63,C1642329070,13896241.74,0.0,CASHOUT_L06_000011,0.0,0.0,0,0,L06_000011,LEGITIMATE_TRANSFER_CASHOUT,NONE,1,2,CASH_OUT,3,0.4104437396905084,0.140910621001617,0.0014845474327506913,70891.41,13875612.11
L06_000023,331,TRANSFER,23023.44,C1728373812,182363.0,159339.56,C244109855,1057158.35,1080181.79,0,0,L06_000012,LEGITIMATE_TRANSFER_CASHOUT,NONE,1,1,TRANSFER,0,0.6228526996387448,0.12625061004699417,0.013275737595983727,37363.649999999994,
L06_000024,335,CASH_OUT,14340.21,C244109855,1080181.79,112675.55,CASHOUT_L06_000012,0.0,0.0,0,0,L06_000012,LEGITIMATE_TRANSFER_CASHOUT,NONE,1,2,CASH_OUT,4,0.6228526996387448,0.12625061004699417,0.013275737595983727,37363.649999999994,1065841.58
L06_000025,252,TRANSFER,13856.93,C1409295050,279203.0,265346.07,C844297238,0.0,13856.93,0,0,L06_000013,LEGITIMATE_TRANSFER_CASHOUT,NONE,1,1,TRANSFER,0,0.5827844032274867,0.04963030483196814,0.5827842097780678,21932.53,
L06_000026,253,CASH_OUT,8075.6,C844297238,13856.93,0.0,CASHOUT_L06_000013,0.0,0.0,0,0,L06_000013,LEGITIMATE_TRANSFER_CASHOUT,NONE,1,2,CASH_OUT,1,0.5827844032274867,0.04963030483196814,0.5827842097780678,21932.53,5781.33
L06_000027,322,TRANSFER,12797.82,C85155193,103895.0,91097.18,C718822243,1184629.44,1197427.26,0,0,L06_000014,LEGITIMATE_TRANSFER_CASHOUT,NONE,1,1,TRANSFER,0,0.5716071943190307,0.12318032629096684,0.006109206165892699,20113.15,
L06_000028,326,CASH_OUT,7315.33,C718822243,1197427.26,0.0,CASHOUT_L06_000014,0.0,0.0,0,0,L06_000014,LEGITIMATE_TRANSFER_CASHOUT,NONE,1,2,CASH_OUT,4,0.5716071943190307,0.12318032629096684,0.006109206165892699,20113.15,1190111.93
L06_000029,401,TRANSFER,23965.92,C2003590866,197442.83,173476.90999999997,C1766163791,1909889.06,1933854.98,0,0,L06_000015,LEGITIMATE_TRANSFER_CASHOUT,NONE,1,1,TRANSFER,0,0.5315599816931438,0.12138156650206036,0.006587526020177583,36705.24,
L06_000030,402,CASH_OUT,12739.32,C1766163791,1933854.98,0.0,CASHOUT_L06_000015,0.0,0.0,0,0,L06_000015,LEGITIMATE_TRANSFER_CASHOUT,NONE,1,2,CASH_OUT,1,0.5315599816931438,0.12138156650206036,0.006587526020177583,36705.24,1921115.66
L06_000031,370,TRANSFER,9858.89,C556825773,66559.0,56700.11,C1401164782,1215755.36,1225614.25,0,0,L06_000016,LEGITIMATE_TRANSFER_CASHOUT,NONE,1,1,TRANSFER,0,0.22617289430961676,0.14812256794723477,0.0018193407917703305,12088.699999999999,
L06_000032,375,CASH_OUT,2229.81,C1401164782,1225614.25,0.0,CASHOUT_L06_000016,0.0,0.0,0,0,L06_000016,LEGITIMATE_TRANSFER_CASHOUT,NONE,1,2,CASH_OUT,5,0.22617289430961676,0.14812256794723477,0.0018193407917703305,12088.699999999999,1223384.44
L06_000033,129,TRANSFER,17788.95,C2000654285,439661.0,421872.05,C146155357,116120.23,133909.18,0,0,L06_000017,LEGITIMATE_TRANSFER_CASHOUT,NONE,1,1,TRANSFER,0,0.21180697748304492,0.040460604875119696,0.02813712995628829,21556.77,
L06_000034,130,CASH_OUT,3767.82,C146155357,133909.18,40916.84,CASHOUT_L06_000017,0.0,0.0,0,0,L06_000017,LEGITIMATE_TRANSFER_CASHOUT,NONE,1,2,CASH_OUT,1,0.21180697748304492,0.040460604875119696,0.02813712995628829,21556.77,130141.35999999999
L06_000035,332,TRANSFER,26565.3,C501377888,293297.15,266731.85000000003,C1957588960,155636.15,182201.44999999998,0,0,L06_000018,LEGITIMATE_TRANSFER_CASHOUT,NONE,1,1,TRANSFER,0,0.32490771929987794,0.09057469532179224,0.04737212574323641,35196.57,
L06_000036,336,CASH_OUT,8631.27,C1957588960,182201.44999999998,247965.2,CASHOUT_L06_000018,0.0,0.0,0,0,L06_000018,LEGITIMATE_TRANSFER_CASHOUT,NONE,1,2,CASH_OUT,4,0.32490771929987794,0.09057469532179224,0.04737212574323641,35196.57,173570.18
L06_000037,141,TRANSFER,44302.97,C830498986,610010.27,565707.3,C290835035,1941474.87,1985777.84,0,0,L06_000019,LEGITIMATE_TRANSFER_CASHOUT,NONE,1,1,TRANSFER,0,0.2812368408001124,0.0726265969259829,0.006274432994981955,56762.6,
L06_000038,143,CASH_OUT,12459.63,C290835035,1985777.84,413730.89,CASHOUT_L06_000019,0.0,0.0,0,0,L06_000019,LEGITIMATE_TRANSFER_CASHOUT,NONE,1,2,CASH_OUT,2,0.2812368408001124,0.0726265969259829,0.006274432994981955,56762.6,1973318.2100000002
L06_000039,189,TRANSFER,62537.44,C774141622,845383.0,782845.56,C591049857,0.0,62537.44,0,0,L06_000020,LEGITIMATE_TRANSFER_CASHOUT,NONE,1,1,TRANSFER,0,0.20934609418812383,0.07397527511199066,0.20934611330428618,75629.41,
L06_000040,190,CASH_OUT,13091.97,C591049857,62537.44,752384.87,CASHOUT_L06_000020,0.0,0.0,0,0,L06_000020,LEGITIMATE_TRANSFER_CASHOUT,NONE,1,2,CASH_OUT,1,0.20934609418812383,0.07397527511199066,0.20934611330428618,75629.41,49445.47
L06_000041,297,TRANSFER,9742.13,C1462091498,65155.0,55412.87,C297865323,0.0,9742.13,0,0,L06_000021,LEGITIMATE_TRANSFER_CASHOUT,NONE,1,1,TRANSFER,0,0.21009800476142276,0.1495223697337119,0.21009779175601231,11788.929999999998,
L06_000042,298,CASH_OUT,2046.8,C297865323,9742.13,0.0,CASHOUT_L06_000021,0.0,0.0,0,0,L06_000021,LEGITIMATE_TRANSFER_CASHOUT,NONE,1,2,CASH_OUT,1,0.21009800476142276,0.1495223697337119,0.21009779175601231,11788.929999999998,7695.329999999999
L06_000043,251,TRANSFER,22318.28,C1172057727,154834.0,132515.72,C1073056896,55615.32,77933.6,0,0,L06_000022,LEGITIMATE_TRANSFER_CASHOUT,NONE,1,1,TRANSFER,0,0.55925567967382,0.14414327602464574,0.16015710810228195,34799.9,
L06_000044,253,CASH_OUT,12481.62,C1073056896,77933.6,0.0,CASHOUT_L06_000022,0.0,0.0,0,0,L06_000022,LEGITIMATE_TRANSFER_CASHOUT,NONE,1,2,CASH_OUT,2,0.55925567967382,0.14414327602464574,0.16015710810228195,34799.9,65451.98
L06_000045,10,TRANSFER,30704.04,C986337415,363802.85,333098.81,C1096524110,13356357.09,13387061.129999999,0,0,L06_000023,LEGITIMATE_TRANSFER_CASHOUT,NONE,1,1,TRANSFER,0,0.3195386622968134,0.08439746967347837,0.0007328815417159449,40515.17,
L06_000046,12,CASH_OUT,9811.13,C1096524110,13387061.129999999,0.0,CASHOUT_L06_000023,0.0,0.0,0,0,L06_000023,LEGITIMATE_TRANSFER_CASHOUT,NONE,1,2,CASH_OUT,2,0.3195386622968134,0.08439746967347837,0.0007328815417159449,40515.17,13377249.999999998
L06_000047,8,TRANSFER,12840.84,C638994322,100513.0,87672.16,C24404443,137724.93,150565.77,0,0,L06_000024,LEGITIMATE_TRANSFER_CASHOUT,NONE,1,1,TRANSFER,0,0.6326959269428809,0.1277530269716355,0.05395881148816229,20965.190000000002,
L06_000048,12,CASH_OUT,8124.35,C24404443,150565.77,0.0,CASHOUT_L06_000024,0.0,0.0,0,0,L06_000024,LEGITIMATE_TRANSFER_CASHOUT,NONE,1,2,CASH_OUT,4,0.6326959269428809,0.1277530269716355,0.05395881148816229,20965.190000000002,142441.41999999998
L06_000049,230,TRANSFER,9162.24,C1025450577,90807.0,81644.76,C108417644,352143.41,361305.64999999997,0,0,L06_000025,LEGITIMATE_TRANSFER_CASHOUT,NONE,1,1,TRANSFER,0,0.2236380893753753,0.10089794839604876,0.005671181726607377,11211.27,
L06_000050,235,CASH_OUT,2049.03,C108417644,361305.64999999997,0.0,CASHOUT_L06_000025,0.0,0.0,0,0,L06_000025,LEGITIMATE_TRANSFER_CASHOUT,NONE,1,2,CASH_OUT,5,0.2236380893753753,0.10089794839604876,0.005671181726607377,11211.27,359256.61999999994
L06_000051,39,TRANSFER,35886.31,C1430501506,854274.0,818387.69,C592991487,268452.92,304339.23,0,0,L06_000026,LEGITIMATE_TRANSFER_CASHOUT,NONE,1,1,TRANSFER,0,0.639572372569756,0.04200796231654012,0.07541548291358956,58838.2,
L06_000052,43,CASH_OUT,22951.89,C592991487,304339.23,418791.94,CASHOUT_L06_000026,0.0,0.0,0,0,L06_000026,LEGITIMATE_TRANSFER_CASHOUT,NONE,1,2,CASH_OUT,4,0.639572372569756,0.04200796231654012,0.07541548291358956,58838.2,281387.33999999997
L06_000053,227,TRANSFER,18191.61,C428844364,132621.0,114429.39,C312626283,3352699.14,3370890.75,0,0,L06_000027,LEGITIMATE_TRANSFER_CASHOUT,NONE,1,1,TRANSFER,0,0.4659362619326756,0.13716990521863054,0.0025145074784758297,26667.739999999998,
L06_000054,230,CASH_OUT,8476.13,C312626283,3370890.75,0.0,CASHOUT_L06_000027,0.0,0.0,0,0,L06_000027,LEGITIMATE_TRANSFER_CASHOUT,NONE,1,2,CASH_OUT,3,0.4659362619326756,0.13716990521863054,0.0025145074784758297,26667.739999999998,3362414.62
L06_000055,180,TRANSFER,31615.33,C1665431656,213146.0,181530.66999999998,C992209602,72870.41,104485.74,0,0,L06_000028,LEGITIMATE_TRANSFER_CASHOUT,NONE,1,1,TRANSFER,0,0.21211525099122536,0.14832710911769398,0.06418186826259736,38321.42,
L06_000056,184,CASH_OUT,6706.09,C992209602,104485.74,0.0,CASHOUT_L06_000028,0.0,0.0,0,0,L06_000028,LEGITIMATE_TRANSFER_CASHOUT,NONE,1,2,CASH_OUT,4,0.21211525099122536,0.14832710911769398,0.06418186826259736,38321.42,97779.65000000001
L06_000057,11,TRANSFER,11504.38,C89046648,97504.7,86000.31999999999,C1771469594,1692967.22,1704471.5999999999,0,0,L06_000029,LEGITIMATE_TRANSFER_CASHOUT,NONE,1,1,TRANSFER,0,0.6050855586371018,0.11798795340122066,0.004084039886613541,18465.51,
L06_000058,15,CASH_OUT,6961.13,C1771469594,1704471.5999999999,0.0,CASHOUT_L06_000029,0.0,0.0,0,0,L06_000029,LEGITIMATE_TRANSFER_CASHOUT,NONE,1,2,CASH_OUT,4,0.6050855586371018,0.11798795340122066,0.004084039886613541,18465.51,1697510.47
L06_000059,404,TRANSFER,55059.5,C2010581409,456700.0,401640.5,C2026374760,669025.16,724084.66,0,0,L06_000030,LEGITIMATE_TRANSFER_CASHOUT,NONE,1,1,TRANSFER,0,0.34900204798609447,0.12055944821545872,0.026538167512069652,74275.38,
L06_000060,409,CASH_OUT,19215.88,C2026374760,724084.66,0.0,CASHOUT_L06_000030,0.0,0.0,0,0,L06_000030,LEGITIMATE_TRANSFER_CASHOUT,NONE,1,2,CASH_OUT,5,0.34900204798609447,0.12055944821545872,0.026538167512069652,74275.38,704868.78
L06_000061,9,TRANSFER,9871.61,C1506022643,118947.0,109075.39,C904776956,164.0,10035.61,0,0,L06_000031,LEGITIMATE_TRANSFER_CASHOUT,NONE,1,1,TRANSFER,0,0.23923362352999744,0.08299166855826545,0.23532401119613056,12233.23,
L06_000062,11,CASH_OUT,2361.62,C904776956,10035.61,0.0,CASHOUT_L06_000031,0.0,0.0,0,0,L06_000031,LEGITIMATE_TRANSFER_CASHOUT,NONE,1,2,CASH_OUT,2,0.23923362352999744,0.08299166855826545,0.23532401119613056,12233.23,7673.990000000001
L06_000063,35,TRANSFER,11497.02,C544403959,92825.0,81327.98,C444030714,1157603.31,1169100.33,0,0,L06_000032,LEGITIMATE_TRANSFER_CASHOUT,NONE,1,1,TRANSFER,0,0.2562658541940226,0.12385693509291679,0.002520134435339694,14443.310000000001,
L06_000064,36,CASH_OUT,2946.29,C444030714,1169100.33,0.0,CASHOUT_L06_000032,0.0,0.0,0,0,L06_000032,LEGITIMATE_TRANSFER_CASHOUT,NONE,1,2,CASH_OUT,1,0.2562658541940226,0.12385693509291679,0.002520134435339694,14443.310000000001,1166154.04
L06_000065,233,TRANSFER,19303.84,C1797751748,285962.6,266658.75999999995,C853752386,3216687.65,3235991.4899999998,0,0,L06_000033,LEGITIMATE_TRANSFER_CASHOUT,NONE,1,1,TRANSFER,0,0.6279106772174327,0.06750477160299984,0.003745711333746431,31424.93,
L06_000066,235,CASH_OUT,12121.09,C853752386,3235991.4899999998,0.0,CASHOUT_L06_000033,0.0,0.0,0,0,L06_000033,LEGITIMATE_TRANSFER_CASHOUT,NONE,1,2,CASH_OUT,2,0.6279106772174327,0.06750477160299984,0.003745711333746431,31424.93,3223870.4
L06_000067,379,TRANSFER,9421.79,C1095520768,182394.71,172972.91999999998,C1690933552,42177140.37,42186562.16,0,0,L06_000034,LEGITIMATE_TRANSFER_CASHOUT,NONE,1,1,TRANSFER,0,0.30444728781730346,0.05165604857728605,6.799416338124293e-05,12290.230000000001,
L06_000068,382,CASH_OUT,2868.44,C1690933552,42186562.16,0.0,CASHOUT_L06_000034,0.0,0.0,0,0,L06_000034,LEGITIMATE_TRANSFER_CASHOUT,NONE,1,2,CASH_OUT,3,0.30444728781730346,0.05165604857728605,6.799416338124293e-05,12290.230000000001,42183693.72
L06_000069,408,TRANSFER,16106.15,C745272710,123574.39,107468.24,C94763274,1879693.77,1895799.92,0,0,L06_000035,LEGITIMATE_TRANSFER_CASHOUT,NONE,1,1,TRANSFER,0,0.34392351097400353,0.13033566259157742,0.0029218695188044947,21645.43,
L06_000070,412,CASH_OUT,5539.28,C94763274,1895799.92,0.0,CASHOUT_L06_000035,0.0,0.0,0,0,L06_000035,LEGITIMATE_TRANSFER_CASHOUT,NONE,1,2,CASH_OUT,4,0.34392351097400353,0.13033566259157742,0.0029218695188044947,21645.43,1890260.64
L06_000071,13,TRANSFER,9107.73,C164524266,103726.0,94618.27,C1144705134,0.0,9107.73,0,0,L06_000036,LEGITIMATE_TRANSFER_CASHOUT,NONE,1,1,TRANSFER,0,0.49309732414762514,0.08780566106858453,0.49309762147099223,13598.73,
L06_000072,15,CASH_OUT,4491.0,C1144705134,9107.73,0.0,CASHOUT_L06_000036,0.0,0.0,0,0,L06_000036,LEGITIMATE_TRANSFER_CASHOUT,NONE,1,2,CASH_OUT,2,0.49309732414762514,0.08780566106858453,0.49309762147099223,13598.73,4616.73
L06_000073,374,TRANSFER,12967.37,C398940390,100701.0,87733.63,C851982278,0.0,12967.37,0,0,L06_000037,LEGITIMATE_TRANSFER_CASHOUT,NONE,1,1,TRANSFER,0,0.23171364959632323,0.12877101518356324,0.23171390960541727,15972.09,
L06_000074,379,CASH_OUT,3004.72,C851982278,12967.37,43575.75,CASHOUT_L06_000037,0.0,0.0,0,0,L06_000037,LEGITIMATE_TRANSFER_CASHOUT,NONE,1,2,CASH_OUT,5,0.23171364959632323,0.12877101518356324,0.23171390960541727,15972.09,9962.650000000001
L06_000075,378,TRANSFER,9960.83,C2041413430,90378.0,80417.17,C1004912472,0.0,9960.83,0,0,L06_000038,LEGITIMATE_TRANSFER_CASHOUT,NONE,1,1,TRANSFER,0,0.6065372760666796,0.11021299431277523,0.6065368046638684,16002.439999999999,
L06_000076,380,CASH_OUT,6041.61,C1004912472,9960.83,0.0,CASHOUT_L06_000038,0.0,0.0,0,0,L06_000038,LEGITIMATE_TRANSFER_CASHOUT,NONE,1,2,CASH_OUT,2,0.6065372760666796,0.11021299431277523,0.6065368046638684,16002.439999999999,3919.2200000000003
L06_000077,279,TRANSFER,13530.51,C1609499503,97883.98,84353.47,C1938930727,1691110.37,1704640.8800000001,0,0,L06_000039,LEGITIMATE_TRANSFER_CASHOUT,NONE,1,1,TRANSFER,0,0.2804954037789312,0.13823007605534635,0.002226422025030867,17325.760000000002,
L06_000078,282,CASH_OUT,3795.25,C1938930727,1704640.8800000001,0.0,CASHOUT_L06_000039,0.0,0.0,0,0,L06_000039,LEGITIMATE_TRANSFER_CASHOUT,NONE,1,2,CASH_OUT,3,0.2804954037789312,0.13823007605534635,0.002226422025030867,17325.760000000002,1700845.6300000001
L06_000079,303,TRANSFER,9867.07,C1247075329,99242.0,89374.93,C634070335,0.0,9867.07,0,0,L06_000040,LEGITIMATE_TRANSFER_CASHOUT,NONE,1,1,TRANSFER,0,0.5913182893477886,0.09942433647044598,0.5913183954304571,15701.65,
L06_000080,306,CASH_OUT,5834.58,C634070335,9867.07,14388.48,CASHOUT_L06_000040,0.0,0.0,0,0,L06_000040,LEGITIMATE_TRANSFER_CASHOUT,NONE,1,2,CASH_OUT,3,0.5913182893477886,0.09942433647044598,0.5913183954304571,15701.65,4032.49
L06_000081,355,TRANSFER,30977.72,C1541805398,209286.0,178308.28,C198006081,0.0,30977.72,0,0,L06_000041,LEGITIMATE_TRANSFER_CASHOUT,NONE,1,1,TRANSFER,0,0.5812745918371294,0.14801620748640618,0.5812745418320006,48984.28,
L06_000082,356,CASH_OUT,18006.56,C198006081,30977.72,0.0,CASHOUT_L06_000041,0.0,0.0,0,0,L06_000041,LEGITIMATE_TRANSFER_CASHOUT,NONE,1,2,CASH_OUT,1,0.5812745918371294,0.14801620748640618,0.5812745418320006,48984.28,12971.16
L06_000083,255,TRANSFER,9221.99,C1347200500,168979.94,159757.95,C841836173,965659.38,974881.37,0,0,L06_000042,LEGITIMATE_TRANSFER_CASHOUT,NONE,1,1,TRANSFER,0,0.6137287949107466,0.0545744660579238,0.005805629458279627,14881.79,
L06_000084,259,CASH_OUT,5659.8,C841836173,974881.37,0.0,CASHOUT_L06_000042,0.0,0.0,0,0,L06_000042,LEGITIMATE_TRANSFER_CASHOUT,NONE,1,2,CASH_OUT,4,0.6137287949107466,0.0545744660579238,0.005805629458279627,14881.79,969221.57
L06_000085,131,TRANSFER,21073.79,C1356970778,359914.08,338840.29000000004,C1787272154,633824.69,654898.48,0,0,L06_000043,LEGITIMATE_TRANSFER_CASHOUT,NONE,1,1,TRANSFER,0,0.2314369100707676,0.05855228003305678,0.007447337486567384,25951.04,
L06_000086,135,CASH_OUT,4877.25,C1787272154,654898.48,0.0,CASHOUT_L06_000043,0.0,0.0,0,0,L06_000043,LEGITIMATE_TRANSFER_CASHOUT,NONE,1,2,CASH_OUT,4,0.2314369100707676,0.05855228003305678,0.007447337486567384,25951.04,650021.23
L06_000087,259,TRANSFER,13789.93,C135810672,105084.17,91294.23999999999,C1129614880,505306.17,519096.1,0,0,L06_000044,LEGITIMATE_TRANSFER_CASHOUT,NONE,1,1,TRANSFER,0,0.41419219554738834,0.13122747222535994,0.011003126396056532,19501.61,
L06_000088,264,CASH_OUT,5711.68,C1129614880,519096.1,0.0,CASHOUT_L06_000044,0.0,0.0,0,0,L06_000044,LEGITIMATE_TRANSFER_CASHOUT,NONE,1,2,CASH_OUT,5,0.41419219554738834,0.13122747222535994,0.011003126396056532,19501.61,513384.42
L06_000089,309,TRANSFER,41787.72,C1150613150,449784.0,407996.28,C1121072110,0.0,41787.72,0,0,L06_000045,LEGITIMATE_TRANSFER_CASHOUT,NONE,1,1,TRANSFER,0,0.3007647475689586,0.09290619497358732,0.3007646744067396,54355.990000000005,
L06_000090,313,CASH_OUT,12568.27,C1121072110,41787.72,139112.26,CASHOUT_L06_000045,0.0,0.0,0,0,L06_000045,LEGITIMATE_TRANSFER_CASHOUT,NONE,1,2,CASH_OUT,4,0.3007647475689586,0.09290619497358732,0.3007646744067396,54355.990000000005,29219.45
L06_000091,184,TRANSFER,9580.7,C595147259,64926.0,55345.3,C1218647450,0.0,9580.7,0,0,L06_000046,LEGITIMATE_TRANSFER_CASHOUT,NONE,1,1,TRANSFER,0,0.6198339582081982,0.14756337984782678,0.6198336238479443,15519.14,
L06_000092,189,CASH_OUT,5938.44,C1218647450,9580.7,56632.32,CASHOUT_L06_000046,0.0,0.0,0,0,L06_000046,LEGITIMATE_TRANSFER_CASHOUT,NONE,1,2,CASH_OUT,5,0.6198339582081982,0.14756337984782678,0.6198336238479443,15519.14,3642.260000000001
L06_000093,404,TRANSFER,9730.0,C1986224493,79229.0,69499.0,C1339218792,0.0,9730.0,0,0,L06_000047,LEGITIMATE_TRANSFER_CASHOUT,NONE,1,1,TRANSFER,0,0.5193094674268899,0.12280856756995545,0.5193093525179856,14782.880000000001,
L06_000094,405,CASH_OUT,5052.88,C1339218792,9730.0,0.0,CASHOUT_L06_000047,0.0,0.0,0,0,L06_000047,LEGITIMATE_TRANSFER_CASHOUT,NONE,1,2,CASH_OUT,1,0.5193094674268899,0.12280856756995545,0.5193093525179856,14782.880000000001,4677.12
L06_000095,377,TRANSFER,8923.41,C728427319,75549.0,66625.59,C1857072195,0.0,8923.41,0,0,L06_000048,LEGITIMATE_TRANSFER_CASHOUT,NONE,1,1,TRANSFER,0,0.3564222375207595,0.11811420402652582,0.3564220404531452,12103.91,
L06_000096,381,CASH_OUT,3180.5,C1857072195,8923.41,0.0,CASHOUT_L06_000048,0.0,0.0,0,0,L06_000048,LEGITIMATE_TRANSFER_CASHOUT,NONE,1,2,CASH_OUT,4,0.3564222375207595,0.11811420402652582,0.3564220404531452,12103.91,5742.91
L06_000097,255,TRANSFER,12555.84,C704794553,151495.23,138939.39,C1763305509,4269563.65,4282119.49,0,0,L06_000049,LEGITIMATE_TRANSFER_CASHOUT,NONE,1,1,TRANSFER,0,0.248005800275721,0.08287944115468189,0.0007271912909651197,15669.76,
L06_000098,256,CASH_OUT,3113.92,C1763305509,4282119.49,0.0,CASHOUT_L06_000049,0.0,0.0,0,0,L06_000049,LEGITIMATE_TRANSFER_CASHOUT,NONE,1,2,CASH_OUT,1,0.248005800275721,0.08287944115468189,0.0007271912909651197,15669.76,4279005.57
L06_000099,132,TRANSFER,12230.23,C2132366504,100025.0,87794.77,C840858860,159172.84,171403.07,0,0,L06_000050,LEGITIMATE_TRANSFER_CASHOUT,NONE,1,1,TRANSFER,0,0.40403435832494106,0.12227173206698325,0.028829296931496034,17171.66,
L06_000100,135,CASH_OUT,4941.43,C840858860,171403.07,0.0,CASHOUT_L06_000050,0.0,0.0,0,0,L06_000050,LEGITIMATE_TRANSFER_CASHOUT,NONE,1,2,CASH_OUT,3,0.40403435832494106,0.12227173206698325,0.028829296931496034,17171.66,166461.64
L06_000101,15,TRANSFER,11558.46,C829485221,87928.0,76369.54000000001,C348803069,0.0,11558.46,0,0,L06_000051,LEGITIMATE_TRANSFER_CASHOUT,NONE,1,1,TRANSFER,0,0.4577395655249388,0.1314536893822218,0.4577391797869267,16849.22,
L06_000102,16,CASH_OUT,5290.76,C348803069,11558.46,0.0,CASHOUT_L06_000051,0.0,0.0,0,0,L06_000051,LEGITIMATE_TRANSFER_CASHOUT,NONE,1,2,CASH_OUT,1,0.4577395655249388,0.1314536893822218,0.4577391797869267,16849.22,6267.699999999999
L06_000103,182,TRANSFER,46701.63,C667102283,997801.0,951099.37,C88303425,263180.53,309882.16000000003,0,0,L06_000052,LEGITIMATE_TRANSFER_CASHOUT,NONE,1,1,TRANSFER,0,0.6338101124275892,0.04680455321251432,0.09552008415069779,76301.6,
L06_000104,184,CASH_OUT,29599.97,C88303425,309882.16000000003,338107.4,CASHOUT_L06_000052,0.0,0.0,0,0,L06_000052,LEGITIMATE_TRANSFER_CASHOUT,NONE,1,2,CASH_OUT,2,0.6338101124275892,0.04680455321251432,0.09552008415069779,76301.6,280282.19000000006
L06_000105,44,TRANSFER,13325.14,C7873258,103020.0,89694.86,C2085117358,0.0,13325.14,0,0,L06_000053,LEGITIMATE_TRANSFER_CASHOUT,NONE,1,1,TRANSFER,0,0.5547757598179138,0.12934517569404,0.5547754094891311,20717.6,
L06_000106,48,CASH_OUT,7392.46,C2085117358,13325.14,0.0,CASHOUT_L06_000053,0.0,0.0,0,0,L06_000053,LEGITIMATE_TRANSFER_CASHOUT,NONE,1,2,CASH_OUT,4,0.5547757598179138,0.12934517569404,0.5547754094891311,20717.6,5932.679999999999
L06_000107,10,TRANSFER,37088.84,C2058347000,3181787.79,3144698.95,C1777369261,830245.32,867334.1599999999,0,0,L06_000054,LEGITIMATE_TRANSFER_CASHOUT,NONE,1,1,TRANSFER,0,0.45157245160362464,0.01165660391197868,0.01931008920483427,53837.14,
L06_000108,14,CASH_OUT,16748.3,C1777369261,867334.1599999999,2899046.61,CASHOUT_L06_000054,0.0,0.0,0,0,L06_000054,LEGITIMATE_TRANSFER_CASHOUT,NONE,1,2,CASH_OUT,4,0.45157245160362464,0.01165660391197868,0.01931008920483427,53837.14,850585.8599999999
L06_000109,36,TRANSFER,15124.8,C181752947,558153.53,543028.73,C889274961,1947679.89,1962804.69,0,0,L06_000055,LEGITIMATE_TRANSFER_CASHOUT,NONE,1,1,TRANSFER,0,0.3734053731287929,0.027097920530933486,0.0028773519998059514,20772.48,
L06_000110,40,CASH_OUT,5647.68,C889274961,1962804.69,0.0,CASHOUT_L06_000055,0.0,0.0,0,0,L06_000055,LEGITIMATE_TRANSFER_CASHOUT,NONE,1,2,CASH_OUT,4,0.3734053731287929,0.027097920530933486,0.0028773519998059514,20772.48,1957157.01
L06_000111,188,TRANSFER,34170.85,C1924686464,327462.54,293291.69,C1460064740,189217.14,223387.99000000002,0,0,L06_000056,LEGITIMATE_TRANSFER_CASHOUT,NONE,1,1,TRANSFER,0,0.25370129423390686,0.10435040905747571,0.038807771178746,42840.04,
L06_000112,189,CASH_OUT,8669.19,C1460064740,223387.99000000002,238332.89,CASHOUT_L06_000056,0.0,0.0,0,0,L06_000056,LEGITIMATE_TRANSFER_CASHOUT,NONE,1,2,CASH_OUT,1,0.25370129423390686,0.10435040905747571,0.038807771178746,42840.04,214718.80000000002
L06_000113,355,TRANSFER,17022.96,C1541805398,209286.0,192263.04,C198006081,0.0,17022.96,0,0,L06_000057,LEGITIMATE_TRANSFER_CASHOUT,NONE,1,1,TRANSFER,0,0.3704747910844519,0.081338264384622,0.37047493502892564,23329.54,
L06_000114,358,CASH_OUT,6306.58,C198006081,17022.96,0.0,CASHOUT_L06_000057,0.0,0.0,0,0,L06_000057,LEGITIMATE_TRANSFER_CASHOUT,NONE,1,2,CASH_OUT,3,0.3704747910844519,0.081338264384622,0.37047493502892564,23329.54,10716.38
L06_000115,330,TRANSFER,12206.43,C1458657020,179783.0,167576.57,C1081860301,857177.36,869383.79,0,0,L06_000058,LEGITIMATE_TRANSFER_CASHOUT,NONE,1,1,TRANSFER,0,0.4223026786443055,0.06789535161833989,0.005929268591492832,17361.24,
L06_000116,335,CASH_OUT,5154.81,C1081860301,869383.79,0.0,CASHOUT_L06_000058,0.0,0.0,0,0,L06_000058,LEGITIMATE_TRANSFER_CASHOUT,NONE,1,2,CASH_OUT,5,0.4223026786443055,0.06789535161833989,0.005929268591492832,17361.24,864228.98
L06_000117,164,TRANSFER,12068.21,C1947092183,93586.63,81518.42000000001,C78428989,948925.63,960993.84,0,0,L06_000059,LEGITIMATE_TRANSFER_CASHOUT,NONE,1,1,TRANSFER,0,0.21914950866519473,0.12895228730856104,0.0027520884004833992,14712.949999999999,
L06_000118,169,CASH_OUT,2644.74,C78428989,960993.84,0.0,CASHOUT_L06_000059,0.0,0.0,0,0,L06_000059,LEGITIMATE_TRANSFER_CASHOUT,NONE,1,2,CASH_OUT,5,0.21914950866519473,0.12895228730856104,0.0027520884004833992,14712.949999999999,958349.1
L06_000119,300,TRANSFER,9279.88,C817860452,132557.14,123277.26000000001,C1624188037,2225985.05,2235264.9299999997,0,0,L06_000060,LEGITIMATE_TRANSFER_CASHOUT,NONE,1,1,TRANSFER,0,0.5345489212741041,0.07000664015533224,0.0022192223988411076,14240.43,
L06_000120,301,CASH_OUT,4960.55,C1624188037,2235264.9299999997,0.0,CASHOUT_L06_000060,0.0,0.0,0,0,L06_000060,LEGITIMATE_TRANSFER_CASHOUT,NONE,1,2,CASH_OUT,1,0.5345489212741041,0.07000664015533224,0.0022192223988411076,14240.43,2230304.38
L06_000121,381,TRANSFER,8769.1,C2111291670,63140.0,54370.9,C1123220590,4092368.04,4101137.14,0,0,L06_000061,LEGITIMATE_TRANSFER_CASHOUT,NONE,1,1,TRANSFER,0,0.5184723704577823,0.1388834336395312,0.001108604722250278,13315.64,
L06_000122,385,CASH_OUT,4546.54,C1123220590,4101137.14,0.0,CASHOUT_L06_000061,0.0,0.0,0,0,L06_000061,LEGITIMATE_TRANSFER_CASHOUT,NONE,1,2,CASH_OUT,4,0.5184723704577823,0.1388834336395312,0.001108604722250278,13315.64,4096590.6
L06_000123,283,TRANSFER,11698.81,C913155353,101252.84,89554.03,C1194392243,23423935.22,23435634.029999997,0,0,L06_000062,LEGITIMATE_TRANSFER_CASHOUT,NONE,1,1,TRANSFER,0,0.507598864134994,0.11554056162770347,0.00025338764005268093,17637.11,
L06_000124,286,CASH_OUT,5938.3,C1194392243,23435634.029999997,0.0,CASHOUT_L06_000062,0.0,0.0,0,0,L06_000062,LEGITIMATE_TRANSFER_CASHOUT,NONE,1,2,CASH_OUT,3,0.507598864134994,0.11554056162770347,0.00025338764005268093,17637.11,23429695.729999997
L06_000125,281,TRANSFER,45259.04,C222996040,402535.0,357275.96,C39802756,0.0,45259.04,0,0,L06_000063,LEGITIMATE_TRANSFER_CASHOUT,NONE,1,1,TRANSFER,0,0.3527709643035054,0.11243504291552288,0.352771070707642,61225.12,
L06_000126,282,CASH_OUT,15966.08,C39802756,45259.04,0.0,CASHOUT_L06_000063,0.0,0.0,0,0,L06_000063,LEGITIMATE_TRANSFER_CASHOUT,NONE,1,2,CASH_OUT,1,0.3527709643035054,0.11243504291552288,0.352771070707642,61225.12,29292.96
L06_000127,181,TRANSFER,8754.51,C255485536,59983.0,51228.49,C1759768854,214202.15,222956.66,0,0,L06_000064,LEGITIMATE_TRANSFER_CASHOUT,NONE,1,1,TRANSFER,0,0.2025655751696831,0.1459498524581965,0.007953832821141113,10527.87,
L06_000128,182,CASH_OUT,1773.36,C1759768854,222956.66,0.0,CASHOUT_L06_000064,0.0,0.0,0,0,L06_000064,LEGITIMATE_TRANSFER_CASHOUT,NONE,1,2,CASH_OUT,1,0.2025655751696831,0.1459498524581965,0.007953832821141113,10527.87,221183.30000000002
L06_000129,133,TRANSFER,34087.42,C1000832583,441217.0,407129.58,C1813676922,0.0,34087.42,0,0,L06_000065,LEGITIMATE_TRANSFER_CASHOUT,NONE,1,1,TRANSFER,0,0.5706910651652269,0.07725772125734048,0.5706911816734737,53540.81,
L06_000130,138,CASH_OUT,19453.39,C1813676922,34087.42,0.0,CASHOUT_L06_000065,0.0,0.0,0,0,L06_000065,LEGITIMATE_TRANSFER_CASHOUT,NONE,1,2,CASH_OUT,5,0.5706910651652269,0.07725772125734048,0.5706911816734737,53540.81,14634.029999999999
L06_000131,299,TRANSFER,78248.42,C698222320,844663.0,766414.58,C1828485340,166227.23,244475.65000000002,0,0,L06_000066,LEGITIMATE_TRANSFER_CASHOUT,NONE,1,1,TRANSFER,0,0.4364665860784632,0.09263862629237933,0.139698248066832,112401.23999999999,
L06_000132,303,CASH_OUT,34152.82,C1828485340,244475.65000000002,331008.76,CASHOUT_L06_000066,0.0,0.0,0,0,L06_000066,LEGITIMATE_TRANSFER_CASHOUT,NONE,1,2,CASH_OUT,4,0.4364665860784632,0.09263862629237933,0.139698248066832,112401.23999999999,210322.83000000002
L06_000133,345,TRANSFER,102508.42,C1615662266,755169.0,652660.58,C2105214675,136380.73,238889.15000000002,0,0,L06_000067,LEGITIMATE_TRANSFER_CASHOUT,NONE,1,1,TRANSFER,0,0.5511492511789202,0.13574235700882847,0.23650065312719307,159005.86,
L06_000134,346,CASH_OUT,56497.44,C2105214675,238889.15000000002,0.0,CASHOUT_L06_000067,0.0,0.0,0,0,L06_000067,LEGITIMATE_TRANSFER_CASHOUT,NONE,1,2,CASH_OUT,1,0.5511492511789202,0.13574235700882847,0.23650065312719307,159005.86,182391.71000000002
L06_000135,330,TRANSFER,15188.97,C645756942,163452.0,148263.03,C1072804612,539333.06,554522.03,0,0,L06_000068,LEGITIMATE_TRANSFER_CASHOUT,NONE,1,1,TRANSFER,0,0.21050425213022078,0.09292618016298362,0.005765938640886819,18386.309999999998,
L06_000136,332,CASH_OUT,3197.34,C1072804612,554522.03,132620.53,CASHOUT_L06_000068,0.0,0.0,0,0,L06_000068,LEGITIMATE_TRANSFER_CASHOUT,NONE,1,2,CASH_OUT,2,0.21050425213022078,0.09292618016298362,0.005765938640886819,18386.309999999998,551324.6900000001
L06_000137,324,TRANSFER,22353.96,C169894676,198202.0,175848.04,C1352781826,1220154.99,1242508.95,0,0,L06_000069,LEGITIMATE_TRANSFER_CASHOUT,NONE,1,1,TRANSFER,0,0.5740416122688873,0.11278372569398895,0.010327571483489114,35186.06,
L06_000138,325,CASH_OUT,12832.1,C1352781826,1242508.95,0.0,CASHOUT_L06_000069,0.0,0.0,0,0,L06_000069,LEGITIMATE_TRANSFER_CASHOUT,NONE,1,2,CASH_OUT,1,0.5740416122688873,0.11278372569398895,0.010327571483489114,35186.06,1229676.8499999999
L06_000139,355,TRANSFER,8707.61,C519017423,61082.0,52374.39,C1568006557,0.0,8707.61,0,0,L06_000070,LEGITIMATE_TRANSFER_CASHOUT,NONE,1,1,TRANSFER,0,0.3933637431834629,0.142556072165286,0.39336396554278386,12132.87,
L06_000140,360,CASH_OUT,3425.26,C1568006557,8707.61,0.0,CASHOUT_L06_000070,0.0,0.0,0,0,L06_000070,LEGITIMATE_TRANSFER_CASHOUT,NONE,1,2,CASH_OUT,5,0.3933637431834629,0.142556072165286,0.39336396554278386,12132.87,5282.35
L06_000141,158,TRANSFER,14316.26,C737356456,99772.0,85455.74,C769213127,329398.52,343714.78,0,0,L06_000071,LEGITIMATE_TRANSFER_CASHOUT,NONE,1,1,TRANSFER,0,0.4277740813985934,0.14348975664515096,0.01781744736144311,20440.38,
L06_000142,163,CASH_OUT,6124.12,C769213127,343714.78,0.0,CASHOUT_L06_000071,0.0,0.0,0,0,L06_000071,LEGITIMATE_TRANSFER_CASHOUT,NONE,1,2,CASH_OUT,5,0.4277740813985934,0.14348975664515096,0.01781744736144311,20440.38,337590.66000000003
L06_000143,33,TRANSFER,11048.6,C855553338,98524.0,87475.4,C2122688672,0.0,11048.6,0,0,L06_000072,LEGITIMATE_TRANSFER_CASHOUT,NONE,1,1,TRANSFER,0,0.261791271419765,0.11214120417360238,0.26179153919953657,13941.03,
L06_000144,34,CASH_OUT,2892.43,C2122688672,11048.6,0.0,CASHOUT_L06_000072,0.0,0.0,0,0,L06_000072,LEGITIMATE_TRANSFER_CASHOUT,NONE,1,2,CASH_OUT,1,0.261791271419765,0.11214120417360238,0.26179153919953657,13941.03,8156.17
L06_000145,238,TRANSFER,8847.82,C991975536,67711.0,58863.18,C1777861253,920318.51,929166.33,0,0,L06_000073,LEGITIMATE_TRANSFER_CASHOUT,NONE,1,1,TRANSFER,0,0.33983974024520447,0.1306703489831785,0.0032360621590754373,11854.66,
L06_000146,241,CASH_OUT,3006.84,C1777861253,929166.33,0.0,CASHOUT_L06_000073,0.0,0.0,0,0,L06_000073,LEGITIMATE_TRANSFER_CASHOUT,NONE,1,2,CASH_OUT,3,0.33983974024520447,0.1306703489831785,0.0032360621590754373,11854.66,926159.49
L06_000147,188,TRANSFER,13907.1,C1701806586,100979.38,87072.28,C1531514206,10343612.73,10357519.83,0,0,L06_000074,LEGITIMATE_TRANSFER_CASHOUT,NONE,1,1,TRANSFER,0,0.2401057860225444,0.13772217654733074,0.00032239185198837313,17246.28,
L06_000148,190,CASH_OUT,3339.18,C1531514206,10357519.83,0.0,CASHOUT_L06_000074,0.0,0.0,0,0,L06_000074,LEGITIMATE_TRANSFER_CASHOUT,NONE,1,2,CASH_OUT,2,0.2401057860225444,0.13772217654733074,0.00032239185198837313,17246.28,10354180.65
L06_000149,37,TRANSFER,12961.01,C802326814,91103.0,78141.99,C1737282094,1841867.9,1854828.91,0,0,L06_000075,LEGITIMATE_TRANSFER_CASHOUT,NONE,1,1,TRANSFER,0,0.62698491212795,0.14226765309594636,0.004381191147166236,21087.37,
L06_000150,41,CASH_OUT,8126.36,C1737282094,1854828.91,0.0,CASHOUT_L06_000075,0.0,0.0,0,0,L06_000075,LEGITIMATE_TRANSFER_CASHOUT,NONE,1,2,CASH_OUT,4,0.62698491212795,0.14226765309594636,0.004381191147166236,21087.37,1846702.5499999998
L06_000151,260,TRANSFER,17693.84,C1267660060,185801.79,168107.95,C574796697,1212165.58,1229859.4200000002,0,0,L06_000076,LEGITIMATE_TRANSFER_CASHOUT,NONE,1,1,TRANSFER,0,0.47465184007918537,0.09522965306200763,0.0068287560866102884,26092.25,
L06_000152,265,CASH_OUT,8398.41,C574796697,1229859.4200000002,0.0,CASHOUT_L06_000076,0.0,0.0,0,0,L06_000076,LEGITIMATE_TRANSFER_CASHOUT,NONE,1,2,CASH_OUT,5,0.47465184007918537,0.09522965306200763,0.0068287560866102884,26092.25,1221461.0100000002
L06_000153,186,TRANSFER,8804.91,C239996529,59279.0,50474.09,C293539987,20219.0,29023.91,0,0,L06_000077,LEGITIMATE_TRANSFER_CASHOUT,NONE,1,1,TRANSFER,0,0.41766913027922803,0.14853337606909697,0.1267072561898104,12482.45,
L06_000154,187,CASH_OUT,3677.54,C293539987,29023.91,0.0,CASHOUT_L06_000077,0.0,0.0,0,0,L06_000077,LEGITIMATE_TRANSFER_CASHOUT,NONE,1,2,CASH_OUT,1,0.41766913027922803,0.14853337606909697,0.1267072561898104,12482.45,25346.37
L06_000155,140,TRANSFER,10153.73,C1153425954,81849.0,71695.27,C108034902,615139.21,625292.94,0,0,L06_000078,LEGITIMATE_TRANSFER_CASHOUT,NONE,1,1,TRANSFER,0,0.3963964901273803,0.12405441728060208,0.006436823035296065,14178.63,
L06_000156,143,CASH_OUT,4024.9,C108034902,625292.94,79733.25,CASHOUT_L06_000078,0.0,0.0,0,0,L06_000078,LEGITIMATE_TRANSFER_CASHOUT,NONE,1,2,CASH_OUT,3,0.3963964901273803,0.12405441728060208,0.006436823035296065,14178.63,621268.0399999999
L06_000157,10,TRANSFER,61226.17,C359428829,1539555.79,1478329.62,C1725548614,16761.59,77987.76,0,0,L06_000079,LEGITIMATE_TRANSFER_CASHOUT,NONE,1,1,TRANSFER,0,0.5721478156227658,0.03976872445785157,0.44917843518008466,96256.59,
L06_000158,11,CASH_OUT,35030.42,C1725548614,77987.76,1518057.23,CASHOUT_L06_000079,0.0,0.0,0,0,L06_000079,LEGITIMATE_TRANSFER_CASHOUT,NONE,1,2,CASH_OUT,1,0.5721478156227658,0.03976872445785157,0.44917843518008466,96256.59,42957.34
L06_000159,131,TRANSFER,9275.88,C58817344,64888.0,55612.12,C1092879329,3476661.14,3485937.02,0,0,L06_000080,LEGITIMATE_TRANSFER_CASHOUT,NONE,1,1,TRANSFER,0,0.21630074270744348,0.14295216372827024,0.0005755640416016466,11282.259999999998,
L06_000160,136,CASH_OUT,2006.38,C1092879329,3485937.02,0.0,CASHOUT_L06_000080,0.0,0.0,0,0,L06_000080,LEGITIMATE_TRANSFER_CASHOUT,NONE,1,2,CASH_OUT,5,0.21630074270744348,0.14295216372827024,0.0005755640416016466,11282.259999999998,3483930.64
L06_000161,179,TRANSFER,10039.63,C1824813334,595518.46,585478.83,C214218200,3384860.89,3394900.52,0,0,L06_000081,LEGITIMATE_TRANSFER_CASHOUT,NONE,1,1,TRANSFER,0,0.5895696237737194,0.016858637765821735,0.0017435150058535442,15958.689999999999,
L06_000162,181,CASH_OUT,5919.06,C214218200,3394900.52,0.0,CASHOUT_L06_000081,0.0,0.0,0,0,L06_000081,LEGITIMATE_TRANSFER_CASHOUT,NONE,1,2,CASH_OUT,2,0.5895696237737194,0.016858637765821735,0.0017435150058535442,15958.689999999999,3388981.46
L06_000163,563,TRANSFER,21179.64,C1185231928,160548.0,139368.36,C1880863697,72704.8,93884.44,0,0,L06_000082,LEGITIMATE_TRANSFER_CASHOUT,NONE,1,1,TRANSFER,0,0.37711421204328593,0.1319209208461021,0.08507416138393115,29166.78,
L06_000164,567,CASH_OUT,7987.14,C1880863697,93884.44,0.0,CASHOUT_L06_000082,0.0,0.0,0,0,L06_000082,LEGITIMATE_TRANSFER_CASHOUT,NONE,1,2,CASH_OUT,4,0.37711421204328593,0.1319209208461021,0.08507416138393115,29166.78,85897.3
L06_000165,253,TRANSFER,10613.86,C1807076638,90129.0,79515.14,C497065242,607175.1,617788.96,0,0,L06_000083,LEGITIMATE_TRANSFER_CASHOUT,NONE,1,1,TRANSFER,0,0.31425731125456796,0.11776298416713822,0.005399060546501188,13949.34,
L06_000166,258,CASH_OUT,3335.48,C497065242,617788.96,0.0,CASHOUT_L06_000083,0.0,0.0,0,0,L06_000083,LEGITIMATE_TRANSFER_CASHOUT,NONE,1,2,CASH_OUT,5,0.31425731125456796,0.11776298416713822,0.005399060546501188,13949.34,614453.48
L06_000167,309,TRANSFER,15888.84,C1363624857,134652.0,118763.16,C15014141,454445.54,470334.38,0,0,L06_000084,LEGITIMATE_TRANSFER_CASHOUT,NONE,1,1,TRANSFER,0,0.38537984064149455,0.11799928705106497,0.013018907952253033,22012.08,
L06_000168,313,CASH_OUT,6123.24,C15014141,470334.38,0.0,CASHOUT_L06_000084,0.0,0.0,0,0,L06_000084,LEGITIMATE_TRANSFER_CASHOUT,NONE,1,2,CASH_OUT,4,0.38537984064149455,0.11799928705106497,0.013018907952253033,22012.08,464211.14
L06_000169,347,TRANSFER,10746.91,C648580640,134240.0,123493.09,C993407387,0.0,10746.91,0,0,L06_000085,LEGITIMATE_TRANSFER_CASHOUT,NONE,1,1,TRANSFER,0,0.3823045663007435,0.08005743444576877,0.3823043088664556,14855.5,
L06_000170,349,CASH_OUT,4108.59,C993407387,10746.91,0.0,CASHOUT_L06_000085,0.0,0.0,0,0,L06_000085,LEGITIMATE_TRANSFER_CASHOUT,NONE,1,2,CASH_OUT,2,0.3823045663007435,0.08005743444576877,0.3823043088664556,14855.5,6638.32
L06_000171,329,TRANSFER,8757.66,C789475315,58553.0,49795.34,C1951724793,1600871.88,1609629.5399999998,0,0,L06_000086,LEGITIMATE_TRANSFER_CASHOUT,NONE,1,1,TRANSFER,0,0.4516642801219565,0.14956808361655252,0.0024574101690504513,12713.18,
L06_000172,332,CASH_OUT,3955.52,C1951724793,1609629.5399999998,0.0,CASHOUT_L06_000086,0.0,0.0,0,0,L06_000086,LEGITIMATE_TRANSFER_CASHOUT,NONE,1,2,CASH_OUT,3,0.4516642801219565,0.14956808361655252,0.0024574101690504513,12713.18,1605674.0199999998
L06_000173,397,TRANSFER,13823.51,C715309845,279586.0,265762.49,C873313913,1255141.59,1268965.1,0,0,L06_000087,LEGITIMATE_TRANSFER_CASHOUT,NONE,1,1,TRANSFER,0,0.2502225061957793,0.04944278325810305,0.002725803885386603,17282.46,
L06_000174,400,CASH_OUT,3458.95,C873313913,1268965.1,0.0,CASHOUT_L06_000087,0.0,0.0,0,0,L06_000087,LEGITIMATE_TRANSFER_CASHOUT,NONE,1,2,CASH_OUT,3,0.2502225061957793,0.04944278325810305,0.002725803885386603,17282.46,1265506.1500000001
L06_000175,396,TRANSFER,9201.08,C350976544,62402.0,53200.92,C1344332921,195255.13,204456.21,0,0,L06_000088,LEGITIMATE_TRANSFER_CASHOUT,NONE,1,1,TRANSFER,0,0.4459658271559571,0.14744847921540977,0.020069676533669485,13304.45,
L06_000176,400,CASH_OUT,4103.37,C1344332921,204456.21,0.0,CASHOUT_L06_000088,0.0,0.0,0,0,L06_000088,LEGITIMATE_TRANSFER_CASHOUT,NONE,1,2,CASH_OUT,4,0.4459658271559571,0.14744847921540977,0.020069676533669485,13304.45,200352.84
L06_000177,235,TRANSFER,10531.05,C1874992023,197333.81,186802.76,C490334345,496794.88,507325.93,0,0,L06_000089,LEGITIMATE_TRANSFER_CASHOUT,NONE,1,1,TRANSFER,0,0.44213024074104534,0.053366678523056946,0.009177729196692155,15187.15,
L06_000178,238,CASH_OUT,4656.1,C490334345,507325.93,0.0,CASHOUT_L06_000089,0.0,0.0,0,0,L06_000089,LEGITIMATE_TRANSFER_CASHOUT,NONE,1,2,CASH_OUT,3,0.44213024074104534,0.053366678523056946,0.009177729196692155,15187.15,502669.83
L06_000179,542,TRANSFER,21031.12,C1279410326,475495.0,454463.88,C752020105,0.0,21031.12,0,0,L06_000090,LEGITIMATE_TRANSFER_CASHOUT,NONE,1,1,TRANSFER,0,0.36691317977907056,0.04422994984174387,0.36691341212450884,28747.72,
L06_000180,545,CASH_OUT,7716.6,C752020105,21031.12,0.0,CASHOUT_L06_000090,0.0,0.0,0,0,L06_000090,LEGITIMATE_TRANSFER_CASHOUT,NONE,1,2,CASH_OUT,3,0.36691317977907056,0.04422994984174387,0.36691341212450884,28747.72,13314.519999999999
L06_000181,43,TRANSFER,31295.34,C713217499,297956.0,266660.66,C873171971,162154.19,193449.53,0,0,L06_000091,LEGITIMATE_TRANSFER_CASHOUT,NONE,1,1,TRANSFER,0,0.44561705894683384,0.10503342775443354,0.07208981071186887,45241.08,
L06_000182,48,CASH_OUT,13945.74,C873171971,193449.53,0.0,CASHOUT_L06_000091,0.0,0.0,0,0,L06_000091,LEGITIMATE_TRANSFER_CASHOUT,NONE,1,2,CASH_OUT,5,0.44561705894683384,0.10503342775443354,0.07208981071186887,45241.08,179503.79
L06_000183,306,TRANSFER,9425.89,C1350894447,99520.0,90094.11,C1451303193,138947.1,148372.99,0,0,L06_000092,LEGITIMATE_TRANSFER_CASHOUT,NONE,1,1,TRANSFER,0,0.34466137545610265,0.09471352491961414,0.02189576418187704,12674.63,
L06_000184,309,CASH_OUT,3248.74,C1451303193,148372.99,0.0,CASHOUT_L06_000092,0.0,0.0,0,0,L06_000092,LEGITIMATE_TRANSFER_CASHOUT,NONE,1,2,CASH_OUT,3,0.34466137545610265,0.09471352491961414,0.02189576418187704,12674.63,145124.25
L06_000185,548,TRANSFER,11076.9,C343500301,90727.0,79650.1,C676818153,2274945.08,2286021.98,0,0,L06_000093,LEGITIMATE_TRANSFER_CASHOUT,NONE,1,1,TRANSFER,0,0.4695499102470644,0.12209044716567284,0.002275201220943641,16278.06,
L06_000186,550,CASH_OUT,5201.16,C676818153,2286021.98,29412.62,CASHOUT_L06_000093,0.0,0.0,0,0,L06_000093,LEGITIMATE_TRANSFER_CASHOUT,NONE,1,2,CASH_OUT,2,0.4695499102470644,0.12209044716567284,0.002275201220943641,16278.06,2280820.82
L06_000187,131,TRANSFER,19827.85,C151677909,191524.97,171697.12,C718232939,1882531.55,1902359.4000000001,0,0,L06_000094,LEGITIMATE_TRANSFER_CASHOUT,NONE,1,1,TRANSFER,0,0.43595620414251285,0.10352618773416332,0.004543867998864988,28471.92,
L06_000188,134,CASH_OUT,8644.07,C718232939,1902359.4000000001,0.0,CASHOUT_L06_000094,0.0,0.0,0,0,L06_000094,LEGITIMATE_TRANSFER_CASHOUT,NONE,1,2,CASH_OUT,3,0.43595620414251285,0.10352618773416332,0.004543867998864988,28471.92,1893715.33
L06_000189,202,TRANSFER,23005.32,C598869712,209179.0,186173.68,C1372058091,1940624.0,1963629.32,0,0,L06_000095,LEGITIMATE_TRANSFER_CASHOUT,NONE,1,1,TRANSFER,0,0.40770192421820156,0.10997910880155273,0.004776517596508489,32384.629999999997,
L06_000190,207,CASH_OUT,9379.31,C1372058091,1963629.32,0.0,CASHOUT_L06_000095,0.0,0.0,0,0,L06_000095,LEGITIMATE_TRANSFER_CASHOUT,NONE,1,2,CASH_OUT,5,0.40770192421820156,0.10997910880155273,0.004776517596508489,32384.629999999997,1954250.01
L06_000191,250,TRANSFER,34385.59,C290943924,247320.54,212934.95,C322426714,1515708.49,1550094.08,0,0,L06_000096,LEGITIMATE_TRANSFER_CASHOUT,NONE,1,1,TRANSFER,0,0.5442717177803985,0.1390324879607654,0.012073525240480885,53100.689999999995,
L06_000192,252,CASH_OUT,18715.1,C322426714,1550094.08,0.0,CASHOUT_L06_000096,0.0,0.0,0,0,L06_000096,LEGITIMATE_TRANSFER_CASHOUT,NONE,1,2,CASH_OUT,2,0.5442717177803985,0.1390324879607654,0.012073525240480885,53100.689999999995,1531378.98
L06_000193,297,TRANSFER,39266.64,C1869616998,453610.84,414344.2,C1471234649,9477595.77,9516862.41,0,0,L06_000097,LEGITIMATE_TRANSFER_CASHOUT,NONE,1,1,TRANSFER,0,0.6376920148519319,0.08656459797124777,0.002631121363453651,64306.66,
L06_000194,299,CASH_OUT,25040.02,C1471234649,9516862.41,0.0,CASHOUT_L06_000097,0.0,0.0,0,0,L06_000097,LEGITIMATE_TRANSFER_CASHOUT,NONE,1,2,CASH_OUT,2,0.6376920148519319,0.08656459797124777,0.002631121363453651,64306.66,9491822.39
L06_000195,283,TRANSFER,13777.54,C1292001150,92448.47,78670.93,C699672618,674585.06,688362.6000000001,0,0,L06_000098,LEGITIMATE_TRANSFER_CASHOUT,NONE,1,1,TRANSFER,0,0.2081544608218526,0.14902939983755276,0.004166205427197816,16645.4,
L06_000196,284,CASH_OUT,2867.86,C699672618,688362.6000000001,0.0,CASHOUT_L06_000098,0.0,0.0,0,0,L06_000098,LEGITIMATE_TRANSFER_CASHOUT,NONE,1,2,CASH_OUT,1,0.2081544608218526,0.14902939983755276,0.004166205427197816,16645.4,685494.7400000001
L06_000197,154,TRANSFER,191497.04,C923619343,1488128.36,1296631.32,C1550271801,20268.1,211765.14,0,0,L06_000099,LEGITIMATE_TRANSFER_CASHOUT,NONE,1,1,TRANSFER,0,0.372409294269166,0.12868314666081626,0.33676590962988523,262812.32,
L06_000198,159,CASH_OUT,71315.28,C1550271801,211765.14,492491.78,CASHOUT_L06_000099,0.0,0.0,0,0,L06_000099,LEGITIMATE_TRANSFER_CASHOUT,NONE,1,2,CASH_OUT,5,0.372409294269166,0.12868314666081626,0.33676590962988523,262812.32,140449.86000000002
L06_000199,36,TRANSFER,50693.67,C945238089,438123.3,387429.63,C686305339,760620.57,811314.24,0,0,L06_000100,LEGITIMATE_TRANSFER_CASHOUT,NONE,1,1,TRANSFER,0,0.5931704703787066,0.11570640045850107,0.037063308539980765,80763.66,
L06_000200,38,CASH_OUT,30069.99,C686305339,811314.24,232822.17,CASHOUT_L06_000100,0.0,0.0,0,0,L06_000100,LEGITIMATE_TRANSFER_CASHOUT,NONE,1,2,CASH_OUT,2,0.5931704703787066,0.11570640045850107,0.037063308539980765,80763.66,781244.25
L06_000201,276,TRANSFER,8691.97,C281760839,62799.0,54107.03,C549158478,61954.29,70646.26,0,0,L06_000101,LEGITIMATE_TRANSFER_CASHOUT,NONE,1,1,TRANSFER,0,0.6384835429057109,0.13840936957594865,0.07855589241383763,14241.65,
L06_000202,279,CASH_OUT,5549.68,C549158478,70646.26,0.0,CASHOUT_L06_000101,0.0,0.0,0,0,L06_000101,LEGITIMATE_TRANSFER_CASHOUT,NONE,1,2,CASH_OUT,3,0.6384835429057109,0.13840936957594865,0.07855589241383763,14241.65,65096.579999999994
L06_000203,331,TRANSFER,26554.3,C1208371086,214713.0,188158.7,C544315612,113296.73,139851.03,0,0,L06_000102,LEGITIMATE_TRANSFER_CASHOUT,NONE,1,1,TRANSFER,0,0.5438054807001063,0.12367346178386962,0.10325537109022366,40994.67,
L06_000204,335,CASH_OUT,14440.37,C544315612,139851.03,210790.77,CASHOUT_L06_000102,0.0,0.0,0,0,L06_000102,LEGITIMATE_TRANSFER_CASHOUT,NONE,1,2,CASH_OUT,4,0.5438054807001063,0.12367346178386962,0.10325537109022366,40994.67,125410.66
L06_000205,139,TRANSFER,14336.37,C391229273,99006.0,84669.63,C491361366,734409.82,748746.19,0,0,L06_000103,LEGITIMATE_TRANSFER_CASHOUT,NONE,1,1,TRANSFER,0,0.5083641801311499,0.14480304223986426,0.009733739012414876,21624.47,
L06_000206,140,CASH_OUT,7288.1,C491361366,748746.19,0.0,CASHOUT_L06_000103,0.0,0.0,0,0,L06_000103,LEGITIMATE_TRANSFER_CASHOUT,NONE,1,2,CASH_OUT,1,0.5083641801311499,0.14480304223986426,0.009733739012414876,21624.47,741458.09
L06_000207,376,TRANSFER,10206.18,C851926470,70974.0,60767.82,C993939358,1048689.58,1058895.76,0,0,L06_000104,LEGITIMATE_TRANSFER_CASHOUT,NONE,1,1,TRANSFER,0,0.3913759493383838,0.14380167385239664,0.003772278774635947,14200.630000000001,
L06_000208,381,CASH_OUT,3994.45,C993939358,1058895.76,0.0,CASHOUT_L06_000104,0.0,0.0,0,0,L06_000104,LEGITIMATE_TRANSFER_CASHOUT,NONE,1,2,CASH_OUT,5,0.3913759493383838,0.14380167385239664,0.003772278774635947,14200.630000000001,1054901.31
L06_000209,228,TRANSFER,11864.81,C1222461662,102766.0,90901.19,C1505894809,399722.54,411587.35,0,0,L06_000105,LEGITIMATE_TRANSFER_CASHOUT,NONE,1,1,TRANSFER,0,0.33758587299813414,0.11545462507054861,0.009731567308859225,15870.199999999999,
L06_000210,230,CASH_OUT,4005.39,C1505894809,411587.35,0.0,CASHOUT_L06_000105,0.0,0.0,0,0,L06_000105,LEGITIMATE_TRANSFER_CASHOUT,NONE,1,2,CASH_OUT,2,0.33758587299813414,0.11545462507054861,0.009731567308859225,15870.199999999999,407581.95999999996
L06_000211,356,TRANSFER,50467.51,C1863010246,395026.03,344558.52,C2047192561,384387.22,434854.73,0,0,L06_000106,LEGITIMATE_TRANSFER_CASHOUT,NONE,1,1,TRANSFER,0,0.5762635192967479,0.12775742904840978,0.06687884020486566,79550.09,
L06_000212,358,CASH_OUT,29082.58,C2047192561,434854.73,273345.42,CASHOUT_L06_000106,0.0,0.0,0,0,L06_000106,LEGITIMATE_TRANSFER_CASHOUT,NONE,1,2,CASH_OUT,2,0.5762635192967479,0.12775742904840978,0.06687884020486566,79550.09,405772.14999999997
L06_000213,303,TRANSFER,52078.46,C566951596,363378.0,311299.54,C866789154,377452.41,429530.87,0,0,L06_000107,LEGITIMATE_TRANSFER_CASHOUT,NONE,1,1,TRANSFER,0,0.3338019197152447,0.14331759214922202,0.04047180590303091,69462.35,
L06_000214,304,CASH_OUT,17383.89,C866789154,429530.87,299543.05,CASHOUT_L06_000107,0.0,0.0,0,0,L06_000107,LEGITIMATE_TRANSFER_CASHOUT,NONE,1,2,CASH_OUT,1,0.3338019197152447,0.14331759214922202,0.04047180590303091,69462.35,412146.98
L06_000215,372,TRANSFER,17654.06,C43399075,493615.95,475961.89,C653659521,3881003.65,3898657.71,0,0,L06_000108,LEGITIMATE_TRANSFER_CASHOUT,NONE,1,1,TRANSFER,0,0.47841862069085866,0.035764768136037746,0.002166394340887136,26100.090000000004,
L06_000216,375,CASH_OUT,8446.03,C653659521,3898657.71,0.0,CASHOUT_L06_000108,0.0,0.0,0,0,L06_000108,LEGITIMATE_TRANSFER_CASHOUT,NONE,1,2,CASH_OUT,3,0.47841862069085866,0.035764768136037746,0.002166394340887136,26100.090000000004,3890211.68
L06_000217,129,TRANSFER,9166.91,C1906536045,91298.0,82131.09,C1532638647,0.0,9166.91,0,0,L06_000109,LEGITIMATE_TRANSFER_CASHOUT,NONE,1,1,TRANSFER,0,0.40824925602913886,0.10040647111656334,0.4082487992136936,12909.29,
L06_000218,130,CASH_OUT,3742.38,C1532638647,9166.91,0.0,CASHOUT_L06_000109,0.0,0.0,0,0,L06_000109,LEGITIMATE_TRANSFER_CASHOUT,NONE,1,2,CASH_OUT,1,0.40824925602913886,0.10040647111656334,0.4082487992136936,12909.29,5424.53
L06_000219,155,TRANSFER,67344.77,C1548335744,460141.0,392796.23,C1897941132,72705.0,140049.77000000002,0,0,L06_000110,LEGITIMATE_TRANSFER_CASHOUT,NONE,1,1,TRANSFER,0,0.479325942848988,0.14635681236838274,0.23049020358976666,99624.87,
L06_000220,159,CASH_OUT,32280.1,C1897941132,140049.77000000002,227619.64,CASHOUT_L06_000110,0.0,0.0,0,0,L06_000110,LEGITIMATE_TRANSFER_CASHOUT,NONE,1,2,CASH_OUT,4,0.479325942848988,0.14635681236838274,0.23049020358976666,99624.87,107769.67000000001
L06_000221,286,TRANSFER,16060.84,C787608951,115616.55,99555.71,C177463199,1179599.6,1195660.4400000002,0,0,L06_000111,LEGITIMATE_TRANSFER_CASHOUT,NONE,1,1,TRANSFER,0,0.64668189427587,0.13891471419965393,0.0086866217636171,26447.09,
L06_000222,290,CASH_OUT,10386.25,C177463199,1195660.4400000002,0.0,CASHOUT_L06_000111,0.0,0.0,0,0,L06_000111,LEGITIMATE_TRANSFER_CASHOUT,NONE,1,2,CASH_OUT,4,0.64668189427587,0.13891471419965393,0.0086866217636171,26447.09,1185274.1900000002
L06_000223,659,TRANSFER,8836.94,C61789702,80153.0,71316.06,C781552024,3475282.39,3484119.33,0,0,L06_000112,LEGITIMATE_TRANSFER_CASHOUT,NONE,1,1,TRANSFER,0,0.39574422642983664,0.11025089516300077,0.001003745758616138,12334.11,
L06_000224,664,CASH_OUT,3497.17,C781552024,3484119.33,0.0,CASHOUT_L06_000112,0.0,0.0,0,0,L06_000112,LEGITIMATE_TRANSFER_CASHOUT,NONE,1,2,CASH_OUT,5,0.39574422642983664,0.11025089516300077,0.001003745758616138,12334.11,3480622.16
L06_000225,19,TRANSFER,10740.75,C1689820349,264496.02,253755.27000000002,C164068556,17848273.41,17859014.16,0,0,L06_000113,LEGITIMATE_TRANSFER_CASHOUT,NONE,1,1,TRANSFER,0,0.31172498076221944,0.04060836151712226,0.0001874773136973648,14088.91,
L06_000226,21,CASH_OUT,3348.16,C164068556,17859014.16,0.0,CASHOUT_L06_000113,0.0,0.0,0,0,L06_000113,LEGITIMATE_TRANSFER_CASHOUT,NONE,1,2,CASH_OUT,2,0.31172498076221944,0.04060836151712226,0.0001874773136973648,14088.91,17855666.0
L06_000227,159,TRANSFER,15678.16,C945103874,238878.0,223199.84,C313701213,23028.44,38706.6,0,0,L06_000114,LEGITIMATE_TRANSFER_CASHOUT,NONE,1,1,TRANSFER,0,0.6498025294770358,0.0656324985976105,0.2632034330062573,25865.87,
L06_000228,160,CASH_OUT,10187.71,C313701213,38706.6,178760.9,CASHOUT_L06_000114,0.0,0.0,0,0,L06_000114,LEGITIMATE_TRANSFER_CASHOUT,NONE,1,2,CASH_OUT,1,0.6498025294770358,0.0656324985976105,0.2632034330062573,25865.87,28518.89
L06_000229,237,TRANSFER,9832.21,C1678782469,86167.0,76334.79000000001,C115493949,0.0,9832.21,0,0,L06_000115,LEGITIMATE_TRANSFER_CASHOUT,NONE,1,1,TRANSFER,0,0.41161448449217686,0.11410644446249724,0.41161447934899686,13879.289999999999,
L06_000230,241,CASH_OUT,4047.08,C115493949,9832.21,0.0,CASHOUT_L06_000115,0.0,0.0,0,0,L06_000115,LEGITIMATE_TRANSFER_CASHOUT,NONE,1,2,CASH_OUT,4,0.41161448449217686,0.11410644446249724,0.41161447934899686,13879.289999999999,5785.129999999999
L06_000231,303,TRANSFER,21871.88,C1740708773,166078.0,144206.12,C1052833284,82652.82,104524.70000000001,0,0,L06_000116,LEGITIMATE_TRANSFER_CASHOUT,NONE,1,1,TRANSFER,0,0.20984597292418464,0.13169643179710738,0.04391048240272394,26461.61,
L06_000232,306,CASH_OUT,4589.73,C1052833284,104524.70000000001,0.0,CASHOUT_L06_000116,0.0,0.0,0,0,L06_000116,LEGITIMATE_TRANSFER_CASHOUT,NONE,1,2,CASH_OUT,3,0.20984597292418464,0.13169643179710738,0.04391048240272394,26461.61,99934.97000000002
L06_000233,38,TRANSFER,9039.01,C2035719514,60928.0,51888.99,C1310575604,56004.55,65043.560000000005,0,0,L06_000117,LEGITIMATE_TRANSFER_CASHOUT,NONE,1,1,TRANSFER,0,0.6373482047416763,0.14835560005252102,0.08857141275785027,14800.01,
L06_000234,41,CASH_OUT,5761.0,C1310575604,65043.560000000005,0.0,CASHOUT_L06_000117,0.0,0.0,0,0,L06_000117,LEGITIMATE_TRANSFER_CASHOUT,NONE,1,2,CASH_OUT,3,0.6373482047416763,0.14835560005252102,0.08857141275785027,14800.01,59282.560000000005
L06_000235,209,TRANSFER,15013.34,C1139848136,165488.64,150475.30000000002,C587735955,1228856.39,1243869.73,0,0,L06_000118,LEGITIMATE_TRANSFER_CASHOUT,NONE,1,1,TRANSFER,0,0.5826706047690896,0.090721272469216,0.007032754145403957,23761.17,
L06_000236,211,CASH_OUT,8747.83,C587735955,1243869.73,0.0,CASHOUT_L06_000118,0.0,0.0,0,0,L06_000118,LEGITIMATE_TRANSFER_CASHOUT,NONE,1,2,CASH_OUT,2,0.5826706047690896,0.090721272469216,0.007032754145403957,23761.17,1235121.9
L06_000237,93,TRANSFER,37928.74,C2038644937,286332.0,248403.26,C547089470,365004.85,402933.58999999997,0,0,L06_000119,LEGITIMATE_TRANSFER_CASHOUT,NONE,1,1,TRANSFER,0,0.6403652243679685,0.13246420239442325,0.06027854366770465,62216.99,
L06_000238,94,CASH_OUT,24288.25,C547089470,402933.58999999997,0.0,CASHOUT_L06_000119,0.0,0.0,0,0,L06_000119,LEGITIMATE_TRANSFER_CASHOUT,NONE,1,2,CASH_OUT,1,0.6403652243679685,0.13246420239442325,0.06027854366770465,62216.99,378645.33999999997
L06_000239,349,TRANSFER,16366.68,C1398419341,123477.66,107110.98000000001,C144004393,2958577.38,2974944.06,0,0,L06_000120,LEGITIMATE_TRANSFER_CASHOUT,NONE,1,1,TRANSFER,0,0.5160037694924201,0.13254770134127905,0.0028387995974620108,24811.95,
L06_000240,352,CASH_OUT,8445.27,C144004393,2974944.06,0.0,CASHOUT_L06_000120,0.0,0.0,0,0,L06_000120,LEGITIMATE_TRANSFER_CASHOUT,NONE,1,2,CASH_OUT,3,0.5160037694924201,0.13254770134127905,0.0028387995974620108,24811.95,2966498.79
L06_000241,34,TRANSFER,16264.61,C1590042104,109146.0,92881.39,C157452462,0.0,16264.61,0,0,L06_000121,LEGITIMATE_TRANSFER_CASHOUT,NONE,1,1,TRANSFER,0,0.6491988346965912,0.14901700474593665,0.649199089311087,26823.58,
L06_000242,39,CASH_OUT,10558.97,C157452462,16264.61,0.0,CASHOUT_L06_000121,0.0,0.0,0,0,L06_000121,LEGITIMATE_TRANSFER_CASHOUT,NONE,1,2,CASH_OUT,5,0.6491988346965912,0.14901700474593665,0.649199089311087,26823.58,5705.640000000001
L06_000243,571,TRANSFER,29122.65,C995474110,725355.0,696232.35,C966138930,0.0,29122.65,0,0,L06_000122,LEGITIMATE_TRANSFER_CASHOUT,NONE,1,1,TRANSFER,0,0.31408434607022384,0.04014951299708419,0.31408439822612294,38269.62,
L06_000244,576,CASH_OUT,9146.97,C966138930,29122.65,0.0,CASHOUT_L06_000122,0.0,0.0,0,0,L06_000122,LEGITIMATE_TRANSFER_CASHOUT,NONE,1,2,CASH_OUT,5,0.31408434607022384,0.04014951299708419,0.31408439822612294,38269.62,19975.68
L06_000245,525,TRANSFER,44069.82,C630836357,451300.0,407230.18,C2039066151,1537882.12,1581951.9400000002,0,0,L06_000123,LEGITIMATE_TRANSFER_CASHOUT,NONE,1,1,TRANSFER,0,0.4830300179129014,0.09765083093286063,0.013456192607216625,65356.869999999995,
L06_000246,530,CASH_OUT,21287.05,C2039066151,1581951.9400000002,408004.96,CASHOUT_L06_000123,0.0,0.0,0,0,L06_000123,LEGITIMATE_TRANSFER_CASHOUT,NONE,1,2,CASH_OUT,5,0.4830300179129014,0.09765083093286063,0.013456192607216625,65356.869999999995,1560664.8900000001
L06_000247,14,TRANSFER,14177.91,C1234597971,380262.0,366084.09,C1612658411,27408.0,41585.91,0,0,L06_000124,LEGITIMATE_TRANSFER_CASHOUT,NONE,1,1,TRANSFER,0,0.4859291898741821,0.03728458273506161,0.16566813134544847,21067.37,
L06_000248,15,CASH_OUT,6889.46,C1612658411,41585.91,192254.17,CASHOUT_L06_000124,0.0,0.0,0,0,L06_000124,LEGITIMATE_TRANSFER_CASHOUT,NONE,1,2,CASH_OUT,1,0.4859291898741821,0.03728458273506161,0.16566813134544847,21067.37,34696.450000000004
L06_000249,686,TRANSFER,37961.69,C1967862361,329191.0,291229.31,C1764417941,0.0,37961.69,0,0,L06_000125,LEGITIMATE_TRANSFER_CASHOUT,NONE,1,1,TRANSFER,0,0.45560319062199506,0.11531812838139562,0.45560326739931756,55257.16,
L06_000250,687,CASH_OUT,17295.47,C1764417941,37961.69,0.0,CASHOUT_L06_000125,0.0,0.0,0,0,L06_000125,LEGITIMATE_TRANSFER_CASHOUT,NONE,1,2,CASH_OUT,1,0.45560319062199506,0.11531812838139562,0.45560326739931756,55257.16,20666.22
L06_000251,252,TRANSFER,21104.89,C885154046,263963.81,242858.91999999998,C1325073791,579040.18,600145.0700000001,0,0,L06_000126,LEGITIMATE_TRANSFER_CASHOUT,NONE,1,1,TRANSFER,0,0.38100421197246315,0.07995372547471565,0.013398510463478437,29145.94,
L06_000252,254,CASH_OUT,8041.05,C1325073791,600145.0700000001,16198.87,CASHOUT_L06_000126,0.0,0.0,0,0,L06_000126,LEGITIMATE_TRANSFER_CASHOUT,NONE,1,2,CASH_OUT,2,0.38100421197246315,0.07995372547471565,0.013398510463478437,29145.94,592104.02
L06_000253,400,TRANSFER,8688.14,C590131920,62169.0,53480.86,C809276684,4343209.88,4351898.02,0,0,L06_000127,LEGITIMATE_TRANSFER_CASHOUT,NONE,1,1,TRANSFER,0,0.4848672555699609,0.1397503578954141,0.0009679891350027547,12900.73,
L06_000254,403,CASH_OUT,4212.59,C809276684,4351898.02,0.0,CASHOUT_L06_000127,0.0,0.0,0,0,L06_000127,LEGITIMATE_TRANSFER_CASHOUT,NONE,1,2,CASH_OUT,3,0.4848672555699609,0.1397503578954141,0.0009679891350027547,12900.73,4347685.43
L06_000255,137,TRANSFER,10530.01,C1142919906,71333.0,60802.99,C650794918,128314.87,138844.88,0,0,L06_000128,LEGITIMATE_TRANSFER_CASHOUT,NONE,1,1,TRANSFER,0,0.23346398244546654,0.14761765241893654,0.0177059463769928,12988.39,
L06_000256,142,CASH_OUT,2458.38,C650794918,138844.88,0.0,CASHOUT_L06_000128,0.0,0.0,0,0,L06_000128,LEGITIMATE_TRANSFER_CASHOUT,NONE,1,2,CASH_OUT,5,0.23346398244546654,0.14761765241893654,0.0177059463769928,12988.39,136386.5
L06_000257,33,TRANSFER,20252.36,C1077945610,156102.0,135849.64,C1172759093,221497.04,241749.40000000002,0,0,L06_000129,LEGITIMATE_TRANSFER_CASHOUT,NONE,1,1,TRANSFER,0,0.5321496445785598,0.12973799182585746,0.04458042088212008,31029.65,
L06_000258,38,CASH_OUT,10777.29,C1172759093,241749.40000000002,0.0,CASHOUT_L06_000129,0.0,0.0,0,0,L06_000129,LEGITIMATE_TRANSFER_CASHOUT,NONE,1,2,CASH_OUT,5,0.5321496445785598,0.12973799182585746,0.04458042088212008,31029.65,230972.11000000002
L06_000259,182,TRANSFER,32195.28,C1316779882,265173.0,232977.72,C2006957990,0.0,32195.28,0,0,L06_000130,LEGITIMATE_TRANSFER_CASHOUT,NONE,1,1,TRANSFER,0,0.41422906175582325,0.1214123609869783,0.41422904226955004,45531.5,
L06_000260,187,CASH_OUT,13336.22,C2006957990,32195.28,0.0,CASHOUT_L06_000130,0.0,0.0,0,0,L06_000130,LEGITIMATE_TRANSFER_CASHOUT,NONE,1,2,CASH_OUT,5,0.41422906175582325,0.1214123609869783,0.41422904226955004,45531.5,18859.059999999998
L06_000261,402,TRANSFER,15338.09,C1511852725,188751.0,173412.91,C1974427998,0.0,15338.09,0,0,L06_000131,LEGITIMATE_TRANSFER_CASHOUT,NONE,1,1,TRANSFER,0,0.5175515180064234,0.08126097345179628,0.5175514030756111,23276.34,
L06_000262,404,CASH_OUT,7938.25,C1974427998,15338.09,0.0,CASHOUT_L06_000131,0.0,0.0,0,0,L06_000131,LEGITIMATE_TRANSFER_CASHOUT,NONE,1,2,CASH_OUT,2,0.5175515180064234,0.08126097345179628,0.5175514030756111,23276.34,7399.84
L06_000263,277,TRANSFER,96988.33,C329172738,765421.0,668432.67,C620471428,217849.11,314837.44,0,0,L06_000132,LEGITIMATE_TRANSFER_CASHOUT,NONE,1,1,TRANSFER,0,0.363708474153042,0.12671239749105395,0.11204347233924912,132263.81,
L06_000264,280,CASH_OUT,35275.48,C620471428,314837.44,702186.48,CASHOUT_L06_000132,0.0,0.0,0,0,L06_000132,LEGITIMATE_TRANSFER_CASHOUT,NONE,1,2,CASH_OUT,3,0.363708474153042,0.12671239749105395,0.11204347233924912,132263.81,279561.96
L06_000265,307,TRANSFER,41411.18,C655526658,654415.0,613003.82,C1538097561,0.0,41411.18,0,0,L06_000133,LEGITIMATE_TRANSFER_CASHOUT,NONE,1,1,TRANSFER,0,0.5271001008508258,0.06327969254983458,0.5271001695677351,63239.020000000004,
L06_000266,310,CASH_OUT,21827.84,C1538097561,41411.18,301339.77,CASHOUT_L06_000133,0.0,0.0,0,0,L06_000133,LEGITIMATE_TRANSFER_CASHOUT,NONE,1,2,CASH_OUT,3,0.5271001008508258,0.06327969254983458,0.5271001695677351,63239.020000000004,19583.34
L06_000267,283,TRANSFER,24974.9,C263426227,183769.58,158794.68,C103003870,1661983.91,1686958.8099999998,0,0,L06_000134,LEGITIMATE_TRANSFER_CASHOUT,NONE,1,1,TRANSFER,0,0.4087792206762172,0.13590334156501857,0.006051849007504813,35184.12,
L06_000268,284,CASH_OUT,10209.22,C103003870,1686958.8099999998,83443.99,CASHOUT_L06_000134,0.0,0.0,0,0,L06_000134,LEGITIMATE_TRANSFER_CASHOUT,NONE,1,2,CASH_OUT,1,0.4087792206762172,0.13590334156501857,0.006051849007504813,35184.12,1676749.5899999999
L06_000269,327,TRANSFER,9087.24,C610831312,72869.0,63781.76,C2123381171,10070763.81,10079851.05,0,0,L06_000135,LEGITIMATE_TRANSFER_CASHOUT,NONE,1,1,TRANSFER,0,0.43774628973010143,0.12470652815326133,0.00039463976007859757,13065.15,
L06_000270,328,CASH_OUT,3977.91,C2123381171,10079851.05,0.0,CASHOUT_L06_000135,0.0,0.0,0,0,L06_000135,LEGITIMATE_TRANSFER_CASHOUT,NONE,1,2,CASH_OUT,1,0.43774628973010143,0.12470652815326133,0.00039463976007859757,13065.15,10075873.14
L06_000271,187,TRANSFER,9247.65,C1153917122,62029.0,52781.35,C1926314507,0.0,9247.65,0,0,L06_000136,LEGITIMATE_TRANSFER_CASHOUT,NONE,1,1,TRANSFER,0,0.3879531930065392,0.14908591142852537,0.3879536963444767,12835.31,
L06_000272,188,CASH_OUT,3587.66,C1926314507,9247.65,0.0,CASHOUT_L06_000136,0.0,0.0,0,0,L06_000136,LEGITIMATE_TRANSFER_CASHOUT,NONE,1,2,CASH_OUT,1,0.3879531930065392,0.14908591142852537,0.3879536963444767,12835.31,5659.99
L06_000273,351,TRANSFER,12492.13,C1320215616,92387.93,79895.79999999999,C2146686494,7573205.23,7585697.36,0,0,L06_000137,LEGITIMATE_TRANSFER_CASHOUT,NONE,1,1,TRANSFER,0,0.4932887170370541,0.13521387479944622,0.0008123485168936398,18654.36,
L06_000274,352,CASH_OUT,6162.23,C2146686494,7585697.36,0.0,CASHOUT_L06_000137,0.0,0.0,0,0,L06_000137,LEGITIMATE_TRANSFER_CASHOUT,NONE,1,2,CASH_OUT,1,0.4932887170370541,0.13521387479944622,0.0008123485168936398,18654.36,7579535.13
L06_000275,202,TRANSFER,12073.12,C1092672318,106233.0,94159.88,C1547318167,982715.71,994788.83,0,0,L06_000138,LEGITIMATE_TRANSFER_CASHOUT,NONE,1,1,TRANSFER,0,0.6348449664808706,0.11364754831361254,0.007704710556510773,19737.68,
L06_000276,205,CASH_OUT,7664.56,C1547318167,994788.83,36108.5,CASHOUT_L06_000138,0.0,0.0,0,0,L06_000138,LEGITIMATE_TRANSFER_CASHOUT,NONE,1,2,CASH_OUT,3,0.6348449664808706,0.11364754831361254,0.007704710556510773,19737.68,987124.2699999999
L06_000277,156,TRANSFER,13158.19,C2112102652,231742.0,218583.81,C1067580725,506182.89,519341.08,0,0,L06_000139,LEGITIMATE_TRANSFER_CASHOUT,NONE,1,1,TRANSFER,0,0.5710057794923593,0.05677947890326311,0.014467178294464977,20671.59,
L06_000278,157,CASH_OUT,7513.4,C1067580725,519341.08,0.0,CASHOUT_L06_000139,0.0,0.0,0,0,L06_000139,LEGITIMATE_TRANSFER_CASHOUT,NONE,1,2,CASH_OUT,1,0.5710057794923593,0.05677947890326311,0.014467178294464977,20671.59,511827.68
L06_000279,178,TRANSFER,20423.79,C1889090899,212939.0,192515.21,C1174636796,94576.41,115000.20000000001,0,0,L06_000140,LEGITIMATE_TRANSFER_CASHOUT,NONE,1,1,TRANSFER,0,0.6024365677374472,0.09591380630133513,0.10699146610179808,32727.83,
L06_000280,179,CASH_OUT,12304.04,C1174636796,115000.20000000001,0.0,CASHOUT_L06_000140,0.0,0.0,0,0,L06_000140,LEGITIMATE_TRANSFER_CASHOUT,NONE,1,2,CASH_OUT,1,0.6024365677374472,0.09591380630133513,0.10699146610179808,32727.83,102696.16
L06_000281,43,TRANSFER,25893.6,C1103003075,846307.01,820413.41,C1492315246,0.0,25893.6,0,0,L06_000141,LEGITIMATE_TRANSFER_CASHOUT,NONE,1,1,TRANSFER,0,0.4339094786937649,0.03059598903712259,0.4339095374918899,37129.08,
L06_000282,48,CASH_OUT,11235.48,C1492315246,25893.6,551419.12,CASHOUT_L06_000141,0.0,0.0,0,0,L06_000141,LEGITIMATE_TRANSFER_CASHOUT,NONE,1,2,CASH_OUT,5,0.4339094786937649,0.03059598903712259,0.4339095374918899,37129.08,14658.119999999999
L06_000283,357,TRANSFER,8910.29,C276280310,82040.0,73129.70999999999,C1869397719,0.0,8910.29,0,0,L06_000142,LEGITIMATE_TRANSFER_CASHOUT,NONE,1,1,TRANSFER,0,0.36965391107116025,0.10860909312530474,0.3696535129608576,12204.01,
L06_000284,362,CASH_OUT,3293.72,C1869397719,8910.29,0.0,CASHOUT_L06_000142,0.0,0.0,0,0,L06_000142,LEGITIMATE_TRANSFER_CASHOUT,NONE,1,2,CASH_OUT,5,0.36965391107116025,0.10860909312530474,0.3696535129608576,12204.01,5616.5700000000015
L06_000285,20,TRANSFER,15360.68,C136945259,200560.0,185199.32,C1010496632,0.0,15360.68,0,0,L06_000143,LEGITIMATE_TRANSFER_CASHOUT,NONE,1,1,TRANSFER,0,0.21046590894823217,0.07658895093737535,0.21046594291398557,18593.58,
L06_000286,24,CASH_OUT,3232.9,C1010496632,15360.68,0.0,CASHOUT_L06_000143,0.0,0.0,0,0,L06_000143,LEGITIMATE_TRANSFER_CASHOUT,NONE,1,2,CASH_OUT,4,0.21046590894823217,0.07658895093737535,0.21046594291398557,18593.58,12127.78
L06_000287,442,TRANSFER,9094.29,C1440675748,99235.0,90140.70999999999,C1407983226,0.0,9094.29,0,0,L06_000144,LEGITIMATE_TRANSFER_CASHOUT,NONE,1,1,TRANSFER,0,0.6294383025156003,0.09164397641961003,0.6294378120776882,14818.580000000002,
L06_000288,445,CASH_OUT,5724.29,C1407983226,9094.29,0.0,CASHOUT_L06_000144,0.0,0.0,0,0,L06_000144,LEGITIMATE_TRANSFER_CASHOUT,NONE,1,2,CASH_OUT,3,0.6294383025156003,0.09164397641961003,0.6294378120776882,14818.580000000002,3370.000000000001
L06_000289,402,TRANSFER,8781.02,C1986426427,66175.0,57393.979999999996,C847526585,108970.65,117751.67,0,0,L06_000145,LEGITIMATE_TRANSFER_CASHOUT,NONE,1,1,TRANSFER,0,0.47488379632842664,0.1326939176426143,0.0354131707856033,12950.98,
L06_000290,405,CASH_OUT,4169.96,C847526585,117751.67,0.0,CASHOUT_L06_000145,0.0,0.0,0,0,L06_000145,LEGITIMATE_TRANSFER_CASHOUT,NONE,1,2,CASH_OUT,3,0.47488379632842664,0.1326939176426143,0.0354131707856033,12950.98,113581.70999999999
L06_000291,130,TRANSFER,8940.14,C959942644,72261.0,63320.86,C11934221,0.0,8940.14,0,0,L06_000146,LEGITIMATE_TRANSFER_CASHOUT,NONE,1,1,TRANSFER,0,0.5850105580487674,0.12372012565560953,0.585010972982526,14170.22,
L06_000292,131,CASH_OUT,5230.08,C11934221,8940.14,0.0,CASHOUT_L06_000146,0.0,0.0,0,0,L06_000146,LEGITIMATE_TRANSFER_CASHOUT,NONE,1,2,CASH_OUT,1,0.5850105580487674,0.12372012565560953,0.585010972982526,14170.22,3710.0599999999995
L06_000293,33,TRANSFER,34726.2,C1733154380,307438.0,272711.8,C1537971942,142.0,34868.2,0,0,L06_000147,LEGITIMATE_TRANSFER_CASHOUT,NONE,1,1,TRANSFER,0,0.48621033829476196,0.11295350607276913,0.48423033021492373,51610.44,
L06_000294,35,CASH_OUT,16884.24,C1537971942,34868.2,0.0,CASHOUT_L06_000147,0.0,0.0,0,0,L06_000147,LEGITIMATE_TRANSFER_CASHOUT,NONE,1,2,CASH_OUT,2,0.48621033829476196,0.11295350607276913,0.48423033021492373,51610.44,17983.959999999995
L06_000295,185,TRANSFER,38327.17,C1320488659,307299.63,268972.46,C1702428662,1549775.09,1588102.26,0,0,L06_000148,LEGITIMATE_TRANSFER_CASHOUT,NONE,1,1,TRANSFER,0,0.33591100821529685,0.12472247363265618,0.008106858307726355,51201.69,
L06_000296,187,CASH_OUT,12874.52,C1702428662,1588102.26,0.0,CASHOUT_L06_000148,0.0,0.0,0,0,L06_000148,LEGITIMATE_TRANSFER_CASHOUT,NONE,1,2,CASH_OUT,2,0.33591100821529685,0.12472247363265618,0.008106858307726355,51201.69,1575227.74
L06_000297,356,TRANSFER,13276.98,C120313298,102834.0,89557.02,C1268366787,0.0,13276.98,0,0,L06_000149,LEGITIMATE_TRANSFER_CASHOUT,NONE,1,1,TRANSFER,0,0.509778023251543,0.12911079992998425,0.5097778259815109,20045.29,
L06_000298,359,CASH_OUT,6768.31,C1268366787,13276.98,52941.58,CASHOUT_L06_000149,0.0,0.0,0,0,L06_000149,LEGITIMATE_TRANSFER_CASHOUT,NONE,1,2,CASH_OUT,3,0.509778023251543,0.12911079992998425,0.5097778259815109,20045.29,6508.669999999999
L06_000299,15,TRANSFER,14499.19,C104139025,104290.1,89790.91,C1287073460,1338709.39,1353208.5799999998,0,0,L06_000150,LEGITIMATE_TRANSFER_CASHOUT,NONE,1,1,TRANSFER,0,0.6179672337459976,0.13902748199493528,0.006621314801299886,23459.21,
L06_000300,20,CASH_OUT,8960.02,C1287073460,1353208.5799999998,0.0,CASHOUT_L06_000150,0.0,0.0,0,0,L06_000150,LEGITIMATE_TRANSFER_CASHOUT,NONE,1,2,CASH_OUT,5,0.6179672337459976,0.13902748199493528,0.006621314801299886,23459.21,1344248.5599999998
L06_000301,137,TRANSFER,8954.28,C819671600,68668.0,59713.72,C656577057,85992.2,94946.48,0,0,L06_000151,LEGITIMATE_TRANSFER_CASHOUT,NONE,1,1,TRANSFER,0,0.5327232340834949,0.1303996038911866,0.05024040912311862,13724.43,
L06_000302,140,CASH_OUT,4770.15,C656577057,94946.48,0.0,CASHOUT_L06_000151,0.0,0.0,0,0,L06_000151,LEGITIMATE_TRANSFER_CASHOUT,NONE,1,2,CASH_OUT,3,0.5327232340834949,0.1303996038911866,0.05024040912311862,13724.43,90176.33
L06_000303,254,TRANSFER,8697.11,C996402162,59361.0,50663.89,C197805041,217598.66,226295.77000000002,0,0,L06_000152,LEGITIMATE_TRANSFER_CASHOUT,NONE,1,1,TRANSFER,0,0.6457139030235652,0.14651218813699232,0.024816371954279125,14312.95,
L06_000304,258,CASH_OUT,5615.84,C197805041,226295.77000000002,0.0,CASHOUT_L06_000152,0.0,0.0,0,0,L06_000152,LEGITIMATE_TRANSFER_CASHOUT,NONE,1,2,CASH_OUT,4,0.6457139030235652,0.14651218813699232,0.024816371954279125,14312.95,220679.93000000002
L06_000305,333,TRANSFER,9227.68,C1803715977,100441.0,91213.32,C1419296791,0.0,9227.68,0,0,L06_000153,LEGITIMATE_TRANSFER_CASHOUT,NONE,1,1,TRANSFER,0,0.2816847875081452,0.09187164604095938,0.2816851039481213,11826.98,
L06_000306,335,CASH_OUT,2599.3,C1419296791,9227.68,0.0,CASHOUT_L06_000153,0.0,0.0,0,0,L06_000153,LEGITIMATE_TRANSFER_CASHOUT,NONE,1,2,CASH_OUT,2,0.2816847875081452,0.09187164604095938,0.2816851039481213,11826.98,6628.38
L06_000307,202,TRANSFER,9842.82,C66478679,105202.0,95359.18,C626770650,2742713.5,2752556.32,0,0,L06_000154,LEGITIMATE_TRANSFER_CASHOUT,NONE,1,1,TRANSFER,0,0.5823962765500463,0.09356114902758503,0.002082580457427298,15575.24,
L06_000308,205,CASH_OUT,5732.42,C626770650,2752556.32,0.0,CASHOUT_L06_000154,0.0,0.0,0,0,L06_000154,LEGITIMATE_TRANSFER_CASHOUT,NONE,1,2,CASH_OUT,3,0.5823962765500463,0.09356114902758503,0.002082580457427298,15575.24,2746823.9
L06_000309,378,TRANSFER,9988.32,C1403045365,103949.27,93960.95000000001,C1466162049,1347008.9,1356997.22,0,0,L06_000155,LEGITIMATE_TRANSFER_CASHOUT,NONE,1,1,TRANSFER,0,0.29610294856127894,0.09608840927887227,0.0021794959904191994,12945.89,
L06_000310,383,CASH_OUT,2957.57,C1466162049,1356997.22,0.0,CASHOUT_L06_000155,0.0,0.0,0,0,L06_000155,LEGITIMATE_TRANSFER_CASHOUT,NONE,1,2,CASH_OUT,5,0.29610294856127894,0.09608840927887227,0.0021794959904191994,12945.89,1354039.65
L06_000311,34,TRANSFER,75255.85,C524208965,716061.0,640805.15,C1366672748,620466.9,695722.75,0,0,L06_000156,LEGITIMATE_TRANSFER_CASHOUT,NONE,1,1,TRANSFER,0,0.4177363209442371,0.10509698196103405,0.04518624696403847,106692.95000000001,
L06_000312,38,CASH_OUT,31437.1,C1366672748,695722.75,462697.92,CASHOUT_L06_000156,0.0,0.0,0,0,L06_000156,LEGITIMATE_TRANSFER_CASHOUT,NONE,1,2,CASH_OUT,4,0.4177363209442371,0.10509698196103405,0.04518624696403847,106692.95000000001,664285.65
L06_000313,250,TRANSFER,8780.68,C1375165335,125381.07,116600.39000000001,C801919846,1521633.93,1530414.6099999999,0,0,L06_000157,LEGITIMATE_TRANSFER_CASHOUT,NONE,1,1,TRANSFER,0,0.43579630432897376,0.07003194341857187,0.0025003616503634922,12607.27,
L06_000314,255,CASH_OUT,3826.59,C801919846,1530414.6099999999,0.0,CASHOUT_L06_000157,0.0,0.0,0,0,L06_000157,LEGITIMATE_TRANSFER_CASHOUT,NONE,1,2,CASH_OUT,5,0.43579630432897376,0.07003194341857187,0.0025003616503634922,12607.27,1526588.0199999998
L06_000315,44,TRANSFER,24099.03,C887984145,201488.0,177388.97,C465100735,0.0,24099.03,0,0,L06_000158,LEGITIMATE_TRANSFER_CASHOUT,NONE,1,1,TRANSFER,0,0.292224312022931,0.11960528666719605,0.2922242098540896,31141.35,
L06_000316,47,CASH_OUT,7042.32,C465100735,24099.03,0.0,CASHOUT_L06_000158,0.0,0.0,0,0,L06_000158,LEGITIMATE_TRANSFER_CASHOUT,NONE,1,2,CASH_OUT,3,0.292224312022931,0.11960528666719605,0.2922242098540896,31141.35,17056.71
L06_000317,18,TRANSFER,21495.65,C1879638957,201274.65,179779.0,C1899357328,4343717.46,4365213.11,0,0,L06_000159,LEGITIMATE_TRANSFER_CASHOUT,NONE,1,1,TRANSFER,0,0.37111473365833886,0.10679760218189426,0.0018274823700417228,29473.0,
L06_000318,20,CASH_OUT,7977.35,C1899357328,4365213.11,0.0,CASHOUT_L06_000159,0.0,0.0,0,0,L06_000159,LEGITIMATE_TRANSFER_CASHOUT,NONE,1,2,CASH_OUT,2,0.37111473365833886,0.10679760218189426,0.0018274823700417228,29473.0,4357235.760000001
L06_000319,347,TRANSFER,21947.07,C166679091,222505.0,200557.93,C2012932088,306351.33,328298.4,0,0,L06_000160,LEGITIMATE_TRANSFER_CASHOUT,NONE,1,1,TRANSFER,0,0.6123010415110145,0.09863630030785825,0.04093291347140284,35385.28,
L06_000320,352,CASH_OUT,13438.21,C2012932088,328298.4,0.0,CASHOUT_L06_000160,0.0,0.0,0,0,L06_000160,LEGITIMATE_TRANSFER_CASHOUT,NONE,1,2,CASH_OUT,5,0.6123010415110145,0.09863630030785825,0.04093291347140284,35385.28,314860.19
L06_000321,17,TRANSFER,13754.4,C922407279,102165.0,88410.6,C536693278,2842103.83,2855858.23,0,0,L06_000161,LEGITIMATE_TRANSFER_CASHOUT,NONE,1,1,TRANSFER,0,0.2933878692658629,0.1346292761709,0.0014130148190164187,17789.77,
L06_000322,21,CASH_OUT,4035.37,C536693278,2855858.23,0.0,CASHOUT_L06_000161,0.0,0.0,0,0,L06_000161,LEGITIMATE_TRANSFER_CASHOUT,NONE,1,2,CASH_OUT,4,0.2933878692658629,0.1346292761709,0.0014130148190164187,17789.77,2851822.86
L06_000323,182,TRANSFER,12017.27,C2138697423,209871.0,197853.73,C1779926231,86949.77,98967.04000000001,0,0,L06_000162,LEGITIMATE_TRANSFER_CASHOUT,NONE,1,1,TRANSFER,0,0.2252438162368343,0.057260269403586014,0.02735072201815877,14724.09,
L06_000324,185,CASH_OUT,2706.82,C1779926231,98967.04000000001,14369.61,CASHOUT_L06_000162,0.0,0.0,0,0,L06_000162,LEGITIMATE_TRANSFER_CASHOUT,NONE,1,2,CASH_OUT,3,0.2252438162368343,0.057260269403586014,0.02735072201815877,14724.09,96260.22
L06_000325,37,TRANSFER,57694.52,C477090247,553807.76,496113.24,C1378631566,3048951.27,3106645.79,0,0,L06_000163,LEGITIMATE_TRANSFER_CASHOUT,NONE,1,1,TRANSFER,0,0.35261907635683853,0.10417788295346385,0.006548603019206769,78038.70999999999,
L06_000326,42,CASH_OUT,20344.19,C1378631566,3106645.79,0.0,CASHOUT_L06_000163,0.0,0.0,0,0,L06_000163,LEGITIMATE_TRANSFER_CASHOUT,NONE,1,2,CASH_OUT,5,0.35261907635683853,0.10417788295346385,0.006548603019206769,78038.70999999999,3086301.6
L06_000327,324,TRANSFER,9029.11,C1010295665,69968.0,60938.89,C54098712,2057689.54,2066718.6500000001,0,0,L06_000164,LEGITIMATE_TRANSFER_CASHOUT,NONE,1,1,TRANSFER,0,0.4081160670180676,0.1290462782986508,0.0017829809587289493,12714.03,
L06_000328,329,CASH_OUT,3684.92,C54098712,2066718.6500000001,0.0,CASHOUT_L06_000164,0.0,0.0,0,0,L06_000164,LEGITIMATE_TRANSFER_CASHOUT,NONE,1,2,CASH_OUT,5,0.4081160670180676,0.1290462782986508,0.0017829809587289493,12714.03,2063033.7300000002
L06_000329,547,TRANSFER,8716.4,C809797098,107405.0,98688.6,C430222222,16830.1,25546.5,0,0,L06_000165,LEGITIMATE_TRANSFER_CASHOUT,NONE,1,1,TRANSFER,0,0.44947058199625256,0.08115450863553839,0.15335838568884191,12634.17,
L06_000330,549,CASH_OUT,3917.77,C430222222,25546.5,0.0,CASHOUT_L06_000165,0.0,0.0,0,0,L06_000165,LEGITIMATE_TRANSFER_CASHOUT,NONE,1,2,CASH_OUT,2,0.44947058199625256,0.08115450863553839,0.15335838568884191,12634.17,21628.73
L06_000331,287,TRANSFER,8735.0,C1283133483,60129.0,51394.0,C1749233703,79399.26,88134.26,0,0,L06_000166,LEGITIMATE_TRANSFER_CASHOUT,NONE,1,1,TRANSFER,0,0.25619750839538846,0.14527100068186732,0.025391828331003178,10972.89,
L06_000332,290,CASH_OUT,2237.89,C1749233703,88134.26,0.0,CASHOUT_L06_000166,0.0,0.0,0,0,L06_000166,LEGITIMATE_TRANSFER_CASHOUT,NONE,1,2,CASH_OUT,3,0.25619750839538846,0.14527100068186732,0.025391828331003178,10972.89,85896.37
L06_000333,403,TRANSFER,11870.64,C1556166501,146588.0,134717.36,C790081596,263550.22,275420.86,0,0,L06_000167,LEGITIMATE_TRANSFER_CASHOUT,NONE,1,1,TRANSFER,0,0.40030279328932605,0.0809796163396731,0.01725305047700454,16622.489999999998,
L06_000334,408,CASH_OUT,4751.85,C790081596,275420.86,0.0,CASHOUT_L06_000167,0.0,0.0,0,0,L06_000167,LEGITIMATE_TRANSFER_CASHOUT,NONE,1,2,CASH_OUT,5,0.40030279328932605,0.0809796163396731,0.01725305047700454,16622.489999999998,270669.01
L06_000335,395,TRANSFER,16646.56,C107624739,111304.0,94657.44,C2074295056,0.0,16646.56,0,0,L06_000168,LEGITIMATE_TRANSFER_CASHOUT,NONE,1,1,TRANSFER,0,0.42100160566922923,0.14955940487314023,0.42100169644659313,23654.79,
L06_000336,398,CASH_OUT,7008.23,C2074295056,16646.56,0.0,CASHOUT_L06_000168,0.0,0.0,0,0,L06_000168,LEGITIMATE_TRANSFER_CASHOUT,NONE,1,2,CASH_OUT,3,0.42100160566922923,0.14955940487314023,0.42100169644659313,23654.79,9638.330000000002
L06_000337,401,TRANSFER,26916.21,C2003590866,197442.83,170526.62,C1766163791,1909889.06,1936805.27,0,0,L06_000169,LEGITIMATE_TRANSFER_CASHOUT,NONE,1,1,TRANSFER,0,0.5312052027813268,0.13632406909888803,0.007382275451986973,41214.24,
L06_000338,406,CASH_OUT,14298.03,C1766163791,1936805.27,0.0,CASHOUT_L06_000169,0.0,0.0,0,0,L06_000169,LEGITIMATE_TRANSFER_CASHOUT,NONE,1,2,CASH_OUT,5,0.5312052027813268,0.13632406909888803,0.007382275451986973,41214.24,1922507.24
L06_000339,381,TRANSFER,21677.55,C558329836,341100.24,319422.69,C791463768,6603307.31,6624984.859999999,0,0,L06_000170,LEGITIMATE_TRANSFER_CASHOUT,NONE,1,1,TRANSFER,0,0.4738453028271342,0.06355184622561391,0.0015504654300447715,31949.36,
L06_000340,382,CASH_OUT,10271.81,C791463768,6624984.859999999,0.0,CASHOUT_L06_000170,0.0,0.0,0,0,L06_000170,LEGITIMATE_TRANSFER_CASHOUT,NONE,1,2,CASH_OUT,1,0.4738453028271342,0.06355184622561391,0.0015504654300447715,31949.36,6614713.05
L06_000341,154,TRANSFER,11059.3,C1201023664,85271.0,74211.7,C144046934,0.0,11059.3,0,0,L06_000171,LEGITIMATE_TRANSFER_CASHOUT,NONE,1,1,TRANSFER,0,0.2907759907227529,0.129695910684758,0.29077608890255263,14275.08,
L06_000342,158,CASH_OUT,3215.78,C144046934,11059.3,0.0,CASHOUT_L06_000171,0.0,0.0,0,0,L06_000171,LEGITIMATE_TRANSFER_CASHOUT,NONE,1,2,CASH_OUT,4,0.2907759907227529,0.129695910684758,0.29077608890255263,14275.08,7843.519999999999
L06_000343,20,TRANSFER,9481.08,C1972748783,81607.0,72125.92,C328852135,803252.46,812733.5399999999,0,0,L06_000172,LEGITIMATE_TRANSFER_CASHOUT,NONE,1,1,TRANSFER,0,0.47496294779445486,0.11617973948313258,0.005540758167799991,13984.24,
L06_000344,21,CASH_OUT,4503.16,C328852135,812733.5399999999,0.0,CASHOUT_L06_000172,0.0,0.0,0,0,L06_000172,LEGITIMATE_TRANSFER_CASHOUT,NONE,1,2,CASH_OUT,1,0.47496294779445486,0.11617973948313258,0.005540758167799991,13984.24,808230.3799999999
L06_000345,302,TRANSFER,26188.33,C630687126,325274.0,299085.67,C1358331735,0.0,26188.33,0,0,L06_000173,LEGITIMATE_TRANSFER_CASHOUT,NONE,1,1,TRANSFER,0,0.49254098112275324,0.08051159945153932,0.492541143326054,39087.16,
L06_000346,307,CASH_OUT,12898.83,C1358331735,26188.33,0.0,CASHOUT_L06_000173,0.0,0.0,0,0,L06_000173,LEGITIMATE_TRANSFER_CASHOUT,NONE,1,2,CASH_OUT,5,0.49254098112275324,0.08051159945153932,0.492541143326054,39087.16,13289.500000000002
L06_000347,155,TRANSFER,51859.28,C1548335744,460141.0,408281.72,C1897941132,72705.0,124564.28,0,0,L06_000174,LEGITIMATE_TRANSFER_CASHOUT,NONE,1,1,TRANSFER,0,0.592981081537907,0.11270301929191269,0.24687310037837493,82610.85,
L06_000348,157,CASH_OUT,30751.57,C1897941132,124564.28,227619.64,CASHOUT_L06_000174,0.0,0.0,0,0,L06_000174,LEGITIMATE_TRANSFER_CASHOUT,NONE,1,2,CASH_OUT,2,0.592981081537907,0.11270301929191269,0.24687310037837493,82610.85,93812.70999999999
L06_000349,304,TRANSFER,13527.78,C1527218617,149985.0,136457.22,C340570245,0.0,13527.78,0,0,L06_000175,LEGITIMATE_TRANSFER_CASHOUT,NONE,1,1,TRANSFER,0,0.4094052867274638,0.0901942194219422,0.40940494301356173,19066.120000000003,
L06_000350,308,CASH_OUT,5538.34,C340570245,13527.78,0.0,CASHOUT_L06_000175,0.0,0.0,0,0,L06_000175,LEGITIMATE_TRANSFER_CASHOUT,NONE,1,2,CASH_OUT,4,0.4094052867274638,0.0901942194219422,0.40940494301356173,19066.120000000003,7989.4400000000005
L06_000351,258,TRANSFER,9608.32,C1520241497,91643.0,82034.68,C1966165312,0.0,9608.32,0,0,L06_000176,LEGITIMATE_TRANSFER_CASHOUT,NONE,1,1,TRANSFER,0,0.23550168205560393,0.10484510546359241,0.2355021481382802,11871.1,
L06_000352,260,CASH_OUT,2262.78,C1966165312,9608.32,0.0,CASHOUT_L06_000176,0.0,0.0,0,0,L06_000176,LEGITIMATE_TRANSFER_CASHOUT,NONE,1,2,CASH_OUT,2,0.23550168205560393,0.10484510546359241,0.2355021481382802,11871.1,7345.539999999999
L06_000353,8,TRANSFER,16081.34,C345009807,153677.97,137596.63,C51626955,0.0,16081.34,0,0,L06_000177,LEGITIMATE_TRANSFER_CASHOUT,NONE,1,1,TRANSFER,0,0.20770576092942936,0.10464310531951977,0.20770594987731122,19421.53,
L06_000354,12,CASH_OUT,3340.19,C51626955,16081.34,0.0,CASHOUT_L06_000177,0.0,0.0,0,0,L06_000177,LEGITIMATE_TRANSFER_CASHOUT,NONE,1,2,CASH_OUT,4,0.20770576092942936,0.10464310531951977,0.20770594987731122,19421.53,12741.15
L06_000355,279,TRANSFER,11970.65,C1609499503,97883.98,85913.33,C1938930727,1691110.37,1703081.02,0,0,L06_000178,LEGITIMATE_TRANSFER_CASHOUT,NONE,1,1,TRANSFER,0,0.5787859393247679,0.12229427123825574,0.004068179915480474,18899.09,
L06_000356,283,CASH_OUT,6928.44,C1938930727,1703081.02,0.0,CASHOUT_L06_000178,0.0,0.0,0,0,L06_000178,LEGITIMATE_TRANSFER_CASHOUT,NONE,1,2,CASH_OUT,4,0.5787859393247679,0.12229427123825574,0.004068179915480474,18899.09,1696152.58
L06_000357,160,TRANSFER,15285.17,C694122236,105480.0,90194.83,C1478839564,1192676.64,1207961.8099999998,0,0,L06_000179,LEGITIMATE_TRANSFER_CASHOUT,NONE,1,1,TRANSFER,0,0.3999486587073092,0.1449105991657186,0.005060822245696659,21398.45,
L06_000358,162,CASH_OUT,6113.28,C1478839564,1207961.8099999998,0.0,CASHOUT_L06_000179,0.0,0.0,0,0,L06_000179,LEGITIMATE_TRANSFER_CASHOUT,NONE,1,2,CASH_OUT,2,0.3999486587073092,0.1449105991657186,0.005060822245696659,21398.45,1201848.5299999998
L06_000359,13,TRANSFER,15691.06,C1987041070,320374.0,304682.94,C842729010,11387256.04,11402947.1,0,0,L06_000180,LEGITIMATE_TRANSFER_CASHOUT,NONE,1,1,TRANSFER,0,0.2981842452398286,0.04897732025694969,0.0004103176099098101,20369.89,
L06_000360,18,CASH_OUT,4678.83,C842729010,11402947.1,8702.13,CASHOUT_L06_000180,0.0,0.0,0,0,L06_000180,LEGITIMATE_TRANSFER_CASHOUT,NONE,1,2,CASH_OUT,5,0.2981842452398286,0.04897732025694969,0.0004103176099098101,20369.89,11398268.27
L06_000361,205,TRANSFER,55040.88,C1551078,368181.97,313141.08999999997,C966995914,10548575.12,10603616.0,0,0,L06_000181,LEGITIMATE_TRANSFER_CASHOUT,NONE,1,1,TRANSFER,0,0.2693134241560647,0.14949368650507247,0.0013979429281482845,69864.13,
L06_000362,210,CASH_OUT,14823.25,C966995914,10603616.0,0.0,CASHOUT_L06_000181,0.0,0.0,0,0,L06_000181,LEGITIMATE_TRANSFER_CASHOUT,NONE,1,2,CASH_OUT,5,0.2693134241560647,0.14949368650507247,0.0013979429281482845,69864.13,10588792.75
L06_000363,235,TRANSFER,8944.12,C1558467298,64221.69,55277.57,C1455846898,713483.62,722427.74,0,0,L06_000182,LEGITIMATE_TRANSFER_CASHOUT,NONE,1,1,TRANSFER,0,0.47132010062655194,0.13926945865174212,0.00583524104431538,13159.66,
L06_000364,239,CASH_OUT,4215.54,C1455846898,722427.74,0.0,CASHOUT_L06_000182,0.0,0.0,0,0,L06_000182,LEGITIMATE_TRANSFER_CASHOUT,NONE,1,2,CASH_OUT,4,0.47132010062655194,0.13926945865174212,0.00583524104431538,13159.66,718212.2
L06_000365,35,TRANSFER,13107.39,C1490082835,99592.0,86484.61,C4906222,0.0,13107.39,0,0,L06_000183,LEGITIMATE_TRANSFER_CASHOUT,NONE,1,1,TRANSFER,0,0.25911758928427214,0.13161087235922564,0.2591179479667577,16503.75,
L06_000366,38,CASH_OUT,3396.36,C4906222,13107.39,0.0,CASHOUT_L06_000183,0.0,0.0,0,0,L06_000183,LEGITIMATE_TRANSFER_CASHOUT,NONE,1,2,CASH_OUT,3,0.25911758928427214,0.13161087235922564,0.2591179479667577,16503.75,9711.029999999999
L06_000367,396,TRANSFER,10364.21,C1914682170,76237.0,65872.79000000001,C672854181,51214.72,61578.93,0,0,L06_000184,LEGITIMATE_TRANSFER_CASHOUT,NONE,1,1,TRANSFER,0,0.4671329536411504,0.1359472434644595,0.07862202217544215,15205.669999999998,
L06_000368,400,CASH_OUT,4841.46,C672854181,61578.93,0.0,CASHOUT_L06_000184,0.0,0.0,0,0,L06_000184,LEGITIMATE_TRANSFER_CASHOUT,NONE,1,2,CASH_OUT,4,0.4671329536411504,0.1359472434644595,0.07862202217544215,15205.669999999998,56737.47
L06_000369,304,TRANSFER,25138.81,C1849086938,518908.62,493769.81,C358043414,13313365.13,13338503.940000001,0,0,L06_000185,LEGITIMATE_TRANSFER_CASHOUT,NONE,1,1,TRANSFER,0,0.23616861614176546,0.04844554326347479,0.00044510239129561625,31075.81,
L06_000370,307,CASH_OUT,5937.0,C358043414,13338503.940000001,0.0,CASHOUT_L06_000185,0.0,0.0,0,0,L06_000185,LEGITIMATE_TRANSFER_CASHOUT,NONE,1,2,CASH_OUT,3,0.23616861614176546,0.04844554326347479,0.00044510239129561625,31075.81,13332566.940000001
L06_000371,356,TRANSFER,41136.54,C1051736395,301923.0,260786.46,C1589239566,472172.1,513308.63999999996,0,0,L06_000186,LEGITIMATE_TRANSFER_CASHOUT,NONE,1,1,TRANSFER,0,0.3643876162620872,0.13624844745183376,0.029202021614130633,56126.19,
L06_000372,358,CASH_OUT,14989.65,C1589239566,513308.63999999996,0.0,CASHOUT_L06_000186,0.0,0.0,0,0,L06_000186,LEGITIMATE_TRANSFER_CASHOUT,NONE,1,2,CASH_OUT,2,0.3643876162620872,0.13624844745183376,0.029202021614130633,56126.19,498318.98999999993
L06_000373,253,TRANSFER,21604.56,C557052455,147910.57,126306.01000000001,C1766730406,2407957.11,2429561.67,0,0,L06_000187,LEGITIMATE_TRANSFER_CASHOUT,NONE,1,1,TRANSFER,0,0.24949623045645286,0.14606501753052537,0.002218614191423262,26994.82,
L06_000374,254,CASH_OUT,5390.26,C1766730406,2429561.67,0.0,CASHOUT_L06_000187,0.0,0.0,0,0,L06_000187,LEGITIMATE_TRANSFER_CASHOUT,NONE,1,2,CASH_OUT,1,0.24949623045645286,0.14606501753052537,0.002218614191423262,26994.82,2424171.41
L06_000375,352,TRANSFER,8979.96,C823249604,61193.0,52213.04,C1819585193,982672.37,991652.33,0,0,L06_000188,LEGITIMATE_TRANSFER_CASHOUT,NONE,1,1,TRANSFER,0,0.41025505434856924,0.14674815746899153,0.003715082280903833,12664.029999999999,
L06_000376,355,CASH_OUT,3684.07,C1819585193,991652.33,0.0,CASHOUT_L06_000188,0.0,0.0,0,0,L06_000188,LEGITIMATE_TRANSFER_CASHOUT,NONE,1,2,CASH_OUT,3,0.41025505434856924,0.14674815746899153,0.003715082280903833,12664.029999999999,987968.26
L06_000377,304,TRANSFER,12870.58,C1527218617,149985.0,137114.42,C340570245,0.0,12870.58,0,0,L06_000189,LEGITIMATE_TRANSFER_CASHOUT,NONE,1,1,TRANSFER,0,0.4525051919633343,0.08581244791145781,0.4525048599208427,18694.58,
L06_000378,308,CASH_OUT,5824.0,C340570245,12870.58,0.0,CASHOUT_L06_000189,0.0,0.0,0,0,L06_000189,LEGITIMATE_TRANSFER_CASHOUT,NONE,1,2,CASH_OUT,4,0.4525051919633343,0.08581244791145781,0.4525048599208427,18694.58,7046.58
L06_000379,37,TRANSFER,11616.39,C1809611691,109577.0,97960.61,C702291470,103622.11,115238.5,0,0,L06_000190,LEGITIMATE_TRANSFER_CASHOUT,NONE,1,1,TRANSFER,0,0.5746413020918969,0.1060112067313396,0.057925606459646735,18291.65,
L06_000380,38,CASH_OUT,6675.26,C702291470,115238.5,0.0,CASHOUT_L06_000190,0.0,0.0,0,0,L06_000190,LEGITIMATE_TRANSFER_CASHOUT,NONE,1,2,CASH_OUT,1,0.5746413020918969,0.1060112067313396,0.057925606459646735,18291.65,108563.24
L06_000381,177,TRANSFER,11695.56,C1345194155,114984.0,103288.44,C1010518893,0.0,11695.56,0,0,L06_000191,LEGITIMATE_TRANSFER_CASHOUT,NONE,1,1,TRANSFER,0,0.6121276781209184,0.10171467334585681,0.612128021231989,18854.739999999998,
L06_000382,181,CASH_OUT,7159.18,C1010518893,11695.56,0.0,CASHOUT_L06_000191,0.0,0.0,0,0,L06_000191,LEGITIMATE_TRANSFER_CASHOUT,NONE,1,2,CASH_OUT,4,0.6121276781209184,0.10171467334585681,0.612128021231989,18854.739999999998,4536.379999999999
L06_000383,44,TRANSFER,44226.95,C89565619,771369.94,727142.99,C891483913,399274.0,443500.95,0,0,L06_000192,LEGITIMATE_TRANSFER_CASHOUT,NONE,1,1,TRANSFER,0,0.41769726579665545,0.05733558919861461,0.041653755194887405,62700.42999999999,
L06_000384,49,CASH_OUT,18473.48,C891483913,443500.95,534934.38,CASHOUT_L06_000192,0.0,0.0,0,0,L06_000192,LEGITIMATE_TRANSFER_CASHOUT,NONE,1,2,CASH_OUT,5,0.41769726579665545,0.05733558919861461,0.041653755194887405,62700.42999999999,425027.47000000003
L06_000385,191,TRANSFER,9275.11,C140236286,210914.0,201638.89,C719160135,325918.93,335194.04,0,0,L06_000193,LEGITIMATE_TRANSFER_CASHOUT,NONE,1,1,TRANSFER,0,0.48945275841751795,0.04397579108072485,0.013543588066183993,13814.84,
L06_000386,196,CASH_OUT,4539.73,C719160135,335194.04,193846.23,CASHOUT_L06_000193,0.0,0.0,0,0,L06_000193,LEGITIMATE_TRANSFER_CASHOUT,NONE,1,2,CASH_OUT,5,0.48945275841751795,0.04397579108072485,0.013543588066183993,13814.84,330654.31
L06_000387,136,TRANSFER,12136.93,C1687759879,84331.0,72194.07,C143735131,0.0,12136.93,0,0,L06_000194,LEGITIMATE_TRANSFER_CASHOUT,NONE,1,1,TRANSFER,0,0.5165801015078768,0.14392014798828426,0.516580387297282,18406.63,
L06_000388,137,CASH_OUT,6269.7,C143735131,12136.93,0.0,CASHOUT_L06_000194,0.0,0.0,0,0,L06_000194,LEGITIMATE_TRANSFER_CASHOUT,NONE,1,2,CASH_OUT,1,0.5165801015078768,0.14392014798828426,0.516580387297282,18406.63,5867.2300000000005
L06_000389,393,TRANSFER,34825.94,C427601331,312971.0,278145.06,C1717507535,210531.83,245357.77,0,0,L06_000195,LEGITIMATE_TRANSFER_CASHOUT,NONE,1,1,TRANSFER,0,0.21598207091837837,0.11127529387706848,0.03065637578952564,42347.72,
L06_000390,395,CASH_OUT,7521.78,C1717507535,245357.77,0.0,CASHOUT_L06_000195,0.0,0.0,0,0,L06_000195,LEGITIMATE_TRANSFER_CASHOUT,NONE,1,2,CASH_OUT,2,0.21598207091837837,0.11127529387706848,0.03065637578952564,42347.72,237835.99
L06_000391,19,TRANSFER,35179.63,C1718818971,238457.0,203277.37,C1845208133,304391.13,339570.76,0,0,L06_000196,LEGITIMATE_TRANSFER_CASHOUT,NONE,1,1,TRANSFER,0,0.4106310826363687,0.14753028847968397,0.04254150151208543,49625.479999999996,
L06_000392,24,CASH_OUT,14445.85,C1845208133,339570.76,0.0,CASHOUT_L06_000196,0.0,0.0,0,0,L06_000196,LEGITIMATE_TRANSFER_CASHOUT,NONE,1,2,CASH_OUT,5,0.4106310826363687,0.14753028847968397,0.04254150151208543,49625.479999999996,325124.91000000003
L06_000393,204,TRANSFER,16242.81,C751818726,140750.0,124507.19,C1118279224,701647.39,717890.2000000001,0,0,L06_000197,LEGITIMATE_TRANSFER_CASHOUT,NONE,1,1,TRANSFER,0,0.4558830735332595,0.11540184724689165,0.010314697150065565,23647.629999999997,
L06_000394,206,CASH_OUT,7404.82,C1118279224,717890.2000000001,0.0,CASHOUT_L06_000197,0.0,0.0,0,0,L06_000197,LEGITIMATE_TRANSFER_CASHOUT,NONE,1,2,CASH_OUT,2,0.4558830735332595,0.11540184724689165,0.010314697150065565,23647.629999999997,710485.3800000001
L06_000395,283,TRANSFER,23531.57,C900852099,316833.2,293301.63,C153456287,738204.04,761735.61,0,0,L06_000198,LEGITIMATE_TRANSFER_CASHOUT,NONE,1,1,TRANSFER,0,0.28799458641678394,0.07427116223931078,0.008896735180858881,30308.53,
L06_000396,287,CASH_OUT,6776.96,C153456287,761735.61,0.0,CASHOUT_L06_000198,0.0,0.0,0,0,L06_000198,LEGITIMATE_TRANSFER_CASHOUT,NONE,1,2,CASH_OUT,4,0.28799458641678394,0.07427116223931078,0.008896735180858881,30308.53,754958.65
L06_000397,299,TRANSFER,13813.94,C747992043,225040.0,211226.06,C794807252,248180.26,261994.2,0,0,L06_000199,LEGITIMATE_TRANSFER_CASHOUT,NONE,1,1,TRANSFER,0,0.2148779836602019,0.061384376110913616,0.011329678290588112,16782.25,
L06_000398,304,CASH_OUT,2968.31,C794807252,261994.2,0.0,CASHOUT_L06_000199,0.0,0.0,0,0,L06_000199,LEGITIMATE_TRANSFER_CASHOUT,NONE,1,2,CASH_OUT,5,0.2148779836602019,0.061384376110913616,0.011329678290588112,16782.25,259025.89
L06_000399,160,TRANSFER,24602.77,C1699074730,221116.26,196513.49000000002,C690809878,5219843.66,5244446.43,0,0,L06_000200,LEGITIMATE_TRANSFER_CASHOUT,NONE,1,1,TRANSFER,0,0.6014006951178835,0.11126621805198766,0.002821292999650299,39398.89,
L06_000400,161,CASH_OUT,14796.12,C690809878,5244446.43,0.0,CASHOUT_L06_000200,0.0,0.0,0,0,L06_000200,LEGITIMATE_TRANSFER_CASHOUT,NONE,1,2,CASH_OUT,1,0.6014006951178835,0.11126621805198766,0.002821292999650299,39398.89,5229650.31
L06_000401,161,TRANSFER,12112.1,C970542071,193990.0,181877.9,C1210420684,0.0,12112.1,0,0,L06_000201,LEGITIMATE_TRANSFER_CASHOUT,NONE,1,1,TRANSFER,0,0.4883535472516293,0.062436723542450646,0.4883537949653652,18027.09,
L06_000402,162,CASH_OUT,5914.99,C1210420684,12112.1,0.0,CASHOUT_L06_000201,0.0,0.0,0,0,L06_000201,LEGITIMATE_TRANSFER_CASHOUT,NONE,1,2,CASH_OUT,1,0.4883535472516293,0.062436723542450646,0.4883537949653652,18027.09,6197.110000000001
L06_000403,325,TRANSFER,31884.87,C1728469599,225432.73,193547.86000000002,C431536133,444336.88,476221.75,0,0,L06_000202,LEGITIMATE_TRANSFER_CASHOUT,NONE,1,1,TRANSFER,0,0.4343419649553907,0.14143851249993733,0.0290808641142493,45733.81,
L06_000404,330,CASH_OUT,13848.94,C431536133,476221.75,0.0,CASHOUT_L06_000202,0.0,0.0,0,0,L06_000202,LEGITIMATE_TRANSFER_CASHOUT,NONE,1,2,CASH_OUT,5,0.4343419649553907,0.14143851249993733,0.0290808641142493,45733.81,462372.81
L06_000405,168,TRANSFER,8903.95,C476973724,60306.58,51402.630000000005,C1936221855,2120827.44,2129731.39,0,0,L06_000203,LEGITIMATE_TRANSFER_CASHOUT,NONE,1,1,TRANSFER,0,0.6295559278523196,0.14764475120293674,0.002632036146116999,14509.48,
L06_000406,169,CASH_OUT,5605.53,C1936221855,2129731.39,0.0,CASHOUT_L06_000203,0.0,0.0,0,0,L06_000203,LEGITIMATE_TRANSFER_CASHOUT,NONE,1,2,CASH_OUT,1,0.6295559278523196,0.14764475120293674,0.002632036146116999,14509.48,2124125.8600000003
L06_000407,301,TRANSFER,16869.63,C727493675,157719.0,140849.37,C41053498,84145.04,101014.67,0,0,L06_000204,LEGITIMATE_TRANSFER_CASHOUT,NONE,1,1,TRANSFER,0,0.2254446794662412,0.10696003652064749,0.03764967999202492,20672.800000000003,
L06_000408,306,CASH_OUT,3803.17,C41053498,101014.67,0.0,CASHOUT_L06_000204,0.0,0.0,0,0,L06_000204,LEGITIMATE_TRANSFER_CASHOUT,NONE,1,2,CASH_OUT,5,0.2254446794662412,0.10696003652064749,0.03764967999202492,20672.800000000003,97211.5
L06_000409,33,TRANSFER,8725.53,C205357163,61678.48,52952.950000000004,C1273194608,712037.66,720763.1900000001,0,0,L06_000205,LEGITIMATE_TRANSFER_CASHOUT,NONE,1,1,TRANSFER,0,0.25674730959496256,0.14146798040418634,0.003108177597138389,10965.79,
L06_000410,36,CASH_OUT,2240.26,C1273194608,720763.1900000001,0.0,CASHOUT_L06_000205,0.0,0.0,0,0,L06_000205,LEGITIMATE_TRANSFER_CASHOUT,NONE,1,2,CASH_OUT,3,0.25674730959496256,0.14146798040418634,0.003108177597138389,10965.79,718522.93
L06_000411,300,TRANSFER,8775.24,C44372876,81878.0,73102.76,C940905026,0.0,8775.24,0,0,L06_000206,LEGITIMATE_TRANSFER_CASHOUT,NONE,1,1,TRANSFER,0,0.38763110887596297,0.10717457680939935,0.387631563353253,12176.8,
L06_000412,304,CASH_OUT,3401.56,C940905026,8775.24,0.0,CASHOUT_L06_000206,0.0,0.0,0,0,L06_000206,LEGITIMATE_TRANSFER_CASHOUT,NONE,1,2,CASH_OUT,4,0.38763110887596297,0.10717457680939935,0.387631563353253,12176.8,5373.68
L06_000413,288,TRANSFER,12142.86,C1572839066,102403.71,90260.85,C1167303747,4250806.37,4262949.23,0,0,L06_000207,LEGITIMATE_TRANSFER_CASHOUT,NONE,1,1,TRANSFER,0,0.6400981524796389,0.11857832103934515,0.0018232964036496394,19915.48,
L06_000414,293,CASH_OUT,7772.62,C1167303747,4262949.23,0.0,CASHOUT_L06_000207,0.0,0.0,0,0,L06_000207,LEGITIMATE_TRANSFER_CASHOUT,NONE,1,2,CASH_OUT,5,0.6400981524796389,0.11857832103934515,0.0018232964036496394,19915.48,4255176.61
L06_000415,236,TRANSFER,33511.99,C463590695,264692.1,231180.11,C372930044,475413.31,508925.3,0,0,L06_000208,LEGITIMATE_TRANSFER_CASHOUT,NONE,1,1,TRANSFER,0,0.3652434341666579,0.12660744313865052,0.02405073986300151,45752.02,
L06_000416,238,CASH_OUT,12240.03,C372930044,508925.3,65412.11,CASHOUT_L06_000208,0.0,0.0,0,0,L06_000208,LEGITIMATE_TRANSFER_CASHOUT,NONE,1,2,CASH_OUT,2,0.3652434341666579,0.12660744313865052,0.02405073986300151,45752.02,496685.26999999996
L06_000417,274,TRANSFER,9164.7,C1375505594,102653.0,93488.3,C1997531550,851262.2,860426.8999999999,0,0,L06_000209,LEGITIMATE_TRANSFER_CASHOUT,NONE,1,1,TRANSFER,0,0.5139678828954506,0.08927844290960811,0.00547444530151254,13875.060000000001,
L06_000418,275,CASH_OUT,4710.36,C1997531550,860426.8999999999,0.0,CASHOUT_L06_000209,0.0,0.0,0,0,L06_000209,LEGITIMATE_TRANSFER_CASHOUT,NONE,1,2,CASH_OUT,1,0.5139678828954506,0.08927844290960811,0.00547444530151254,13875.060000000001,855716.5399999999
L06_000419,20,TRANSFER,9977.88,C1345149735,70142.0,60164.12,C344143599,724973.58,734951.46,0,0,L06_000210,LEGITIMATE_TRANSFER_CASHOUT,NONE,1,1,TRANSFER,0,0.29342295025415144,0.14225257335120184,0.003983582806951632,12905.619999999999,
L06_000420,22,CASH_OUT,2927.74,C344143599,734951.46,16362.82,CASHOUT_L06_000210,0.0,0.0,0,0,L06_000210,LEGITIMATE_TRANSFER_CASHOUT,NONE,1,2,CASH_OUT,2,0.29342295025415144,0.14225257335120184,0.003983582806951632,12905.619999999999,732023.72
L06_000421,281,TRANSFER,13798.8,C1448441088,117157.0,103358.2,C1506814524,366844.29,380643.08999999997,0,0,L06_000211,LEGITIMATE_TRANSFER_CASHOUT,NONE,1,1,TRANSFER,0,0.6066719994434195,0.1177804143158326,0.02199264933457744,22170.15,
L06_000422,284,CASH_OUT,8371.35,C1506814524,380643.08999999997,9122.94,CASHOUT_L06_000211,0.0,0.0,0,0,L06_000211,LEGITIMATE_TRANSFER_CASHOUT,NONE,1,2,CASH_OUT,3,0.6066719994434195,0.1177804143158326,0.02199264933457744,22170.15,372271.74
L06_000423,329,TRANSFER,10069.8,C2052701719,79204.0,69134.2,C1151119042,2146611.44,2156681.2399999998,0,0,L06_000212,LEGITIMATE_TRANSFER_CASHOUT,NONE,1,1,TRANSFER,0,0.5955063350427556,0.1271375183071562,0.0027804897120540634,16066.43,
L06_000424,330,CASH_OUT,5996.63,C1151119042,2156681.2399999998,0.0,CASHOUT_L06_000212,0.0,0.0,0,0,L06_000212,LEGITIMATE_TRANSFER_CASHOUT,NONE,1,2,CASH_OUT,1,0.5955063350427556,0.1271375183071562,0.0027804897120540634,16066.43,2150684.61
L06_000425,34,TRANSFER,14498.03,C341806833,227108.83,212610.8,C1310642072,8194310.49,8208808.5200000005,0,0,L06_000213,LEGITIMATE_TRANSFER_CASHOUT,NONE,1,1,TRANSFER,0,0.34767675972837375,0.06383736819039577,0.000614051355652769,19538.66,
L06_000426,36,CASH_OUT,5040.63,C1310642072,8208808.5200000005,0.0,CASHOUT_L06_000213,0.0,0.0,0,0,L06_000213,LEGITIMATE_TRANSFER_CASHOUT,NONE,1,2,CASH_OUT,2,0.34767675972837375,0.06383736819039577,0.000614051355652769,19538.66,8203767.890000001
L06_000427,542,TRANSFER,31080.53,C1705367844,545060.0,513979.47,C276522288,1930934.98,1962015.51,0,0,L06_000214,LEGITIMATE_TRANSFER_CASHOUT,NONE,1,1,TRANSFER,0,0.26016133697666166,0.057022217737496786,0.004121246727555176,39166.479999999996,
L06_000428,545,CASH_OUT,8085.95,C276522288,1962015.51,0.0,CASHOUT_L06_000214,0.0,0.0,0,0,L06_000214,LEGITIMATE_TRANSFER_CASHOUT,NONE,1,2,CASH_OUT,3,0.26016133697666166,0.057022217737496786,0.004121246727555176,39166.479999999996,1953929.56
L06_000429,281,TRANSFER,9189.91,C1899403737,78036.0,68846.09,C876249678,0.0,9189.91,0,0,L06_000215,LEGITIMATE_TRANSFER_CASHOUT,NONE,1,1,TRANSFER,0,0.5579455811212971,0.11776500589471525,0.5579456164423808,14317.380000000001,
L06_000430,286,CASH_OUT,5127.47,C876249678,9189.91,0.0,CASHOUT_L06_000215,0.0,0.0,0,0,L06_000215,LEGITIMATE_TRANSFER_CASHOUT,NONE,1,2,CASH_OUT,5,0.5579455811212971,0.11776500589471525,0.5579456164423808,14317.380000000001,4062.4399999999996
L06_000431,250,TRANSFER,10918.32,C729097743,107654.0,96735.68,C258730827,459068.7,469987.02,0,0,L06_000216,LEGITIMATE_TRANSFER_CASHOUT,NONE,1,1,TRANSFER,0,0.6150870831756812,0.10142047671243057,0.014289160581498612,17634.04,
L06_000432,252,CASH_OUT,6715.72,C258730827,469987.02,0.0,CASHOUT_L06_000216,0.0,0.0,0,0,L06_000216,LEGITIMATE_TRANSFER_CASHOUT,NONE,1,2,CASH_OUT,2,0.6150870831756812,0.10142047671243057,0.014289160581498612,17634.04,463271.30000000005
L06_000433,141,TRANSFER,58993.08,C744721169,546293.0,487299.92,C1696114576,5943197.88,6002190.96,0,0,L06_000217,LEGITIMATE_TRANSFER_CASHOUT,NONE,1,1,TRANSFER,0,0.5186734652389938,0.1079879844698724,0.0050978301430116444,89591.23000000001,
L06_000434,144,CASH_OUT,30598.15,C1696114576,6002190.96,0.0,CASHOUT_L06_000217,0.0,0.0,0,0,L06_000217,LEGITIMATE_TRANSFER_CASHOUT,NONE,1,2,CASH_OUT,3,0.5186734652389938,0.1079879844698724,0.0050978301430116444,89591.23000000001,5971592.81
L06_000435,20,TRANSFER,9296.42,C497529371,102132.0,92835.58,C2137643854,702700.69,711997.11,0,0,L06_000218,LEGITIMATE_TRANSFER_CASHOUT,NONE,1,1,TRANSFER,0,0.24390995277324165,0.09102357733129675,0.0031846898929126267,11563.91,
L06_000436,23,CASH_OUT,2267.49,C2137643854,711997.11,0.0,CASHOUT_L06_000218,0.0,0.0,0,0,L06_000218,LEGITIMATE_TRANSFER_CASHOUT,NONE,1,2,CASH_OUT,3,0.24390995277324165,0.09102357733129675,0.0031846898929126267,11563.91,709729.62
L06_000437,322,TRANSFER,14410.35,C434513511,104675.0,90264.65,C2075139623,0.0,14410.35,0,0,L06_000219,LEGITIMATE_TRANSFER_CASHOUT,NONE,1,1,TRANSFER,0,0.24978151393199136,0.13766754239312157,0.24978158060005481,18009.79,
L06_000438,327,CASH_OUT,3599.44,C2075139623,14410.35,0.0,CASHOUT_L06_000219,0.0,0.0,0,0,L06_000219,LEGITIMATE_TRANSFER_CASHOUT,NONE,1,2,CASH_OUT,5,0.24978151393199136,0.13766754239312157,0.24978158060005481,18009.79,10810.91
L06_000439,331,TRANSFER,9018.66,C2084860346,120389.0,111370.34,C948905132,21215.09,30233.75,0,0,L06_000220,LEGITIMATE_TRANSFER_CASHOUT,NONE,1,1,TRANSFER,0,0.26519900673630536,0.07491265813321815,0.07910828130814072,11410.4,
L06_000440,335,CASH_OUT,2391.74,C948905132,30233.75,0.0,CASHOUT_L06_000220,0.0,0.0,0,0,L06_000220,LEGITIMATE_TRANSFER_CASHOUT,NONE,1,2,CASH_OUT,4,0.26519900673630536,0.07491265813321815,0.07910828130814072,11410.4,27842.010000000002
L06_000441,213,TRANSFER,9753.16,C595706445,80379.0,70625.84,C132791735,262764.16,272517.31999999995,0,0,L06_000221,LEGITIMATE_TRANSFER_CASHOUT,NONE,1,1,TRANSFER,0,0.6088989685257665,0.12133965339205513,0.02179197270837685,15691.849999999999,
L06_000442,218,CASH_OUT,5938.69,C132791735,272517.31999999995,0.0,CASHOUT_L06_000221,0.0,0.0,0,0,L06_000221,LEGITIMATE_TRANSFER_CASHOUT,NONE,1,2,CASH_OUT,5,0.6088989685257665,0.12133965339205513,0.02179197270837685,15691.849999999999,266578.62999999995
L06_000443,522,TRANSFER,16969.05,C1878349043,187553.6,170584.55000000002,C708475534,718258.22,735227.27,0,0,L06_000222,LEGITIMATE_TRANSFER_CASHOUT,NONE,1,1,TRANSFER,0,0.4549280380915542,0.09047573600293463,0.010499746561359184,24688.75,
L06_000444,525,CASH_OUT,7719.7,C708475534,735227.27,0.0,CASHOUT_L06_000222,0.0,0.0,0,0,L06_000222,LEGITIMATE_TRANSFER_CASHOUT,NONE,1,2,CASH_OUT,3,0.4549280380915542,0.09047573600293463,0.010499746561359184,24688.75,727507.5700000001
L06_000445,130,TRANSFER,11273.06,C1805575350,79576.0,68302.94,C845029917,50697.27,61970.329999999994,0,0,L06_000223,LEGITIMATE_TRANSFER_CASHOUT,NONE,1,1,TRANSFER,0,0.4613220536872401,0.1416640695687142,0.08391935301942076,16473.57,
L06_000446,133,CASH_OUT,5200.51,C845029917,61970.329999999994,26138.45,CASHOUT_L06_000223,0.0,0.0,0,0,L06_000223,LEGITIMATE_TRANSFER_CASHOUT,NONE,1,2,CASH_OUT,3,0.4613220536872401,0.1416640695687142,0.08391935301942076,16473.57,56769.81999999999
L06_000447,400,TRANSFER,10418.19,C1771822576,109099.0,98680.81,C1163915715,3370909.28,3381327.4699999997,0,0,L06_000224,LEGITIMATE_TRANSFER_CASHOUT,NONE,1,1,TRANSFER,0,0.3562195837263594,0.09549299260304861,0.0010975452785707265,14129.35,
L06_000448,402,CASH_OUT,3711.16,C1163915715,3381327.4699999997,0.0,CASHOUT_L06_000224,0.0,0.0,0,0,L06_000224,LEGITIMATE_TRANSFER_CASHOUT,NONE,1,2,CASH_OUT,2,0.3562195837263594,0.09549299260304861,0.0010975452785707265,14129.35,3377616.3099999996
L06_000449,332,TRANSFER,11892.32,C1120072770,83748.92,71856.6,C144218388,586595.1,598487.4199999999,0,0,L06_000225,LEGITIMATE_TRANSFER_CASHOUT,NONE,1,1,TRANSFER,0,0.30265239094549534,0.14199968190634576,0.006013894160047675,15491.56,
L06_000450,335,CASH_OUT,3599.24,C144218388,598487.4199999999,0.0,CASHOUT_L06_000225,0.0,0.0,0,0,L06_000225,LEGITIMATE_TRANSFER_CASHOUT,NONE,1,2,CASH_OUT,3,0.30265239094549534,0.14199968190634576,0.006013894160047675,15491.56,594888.1799999999
L06_000451,586,TRANSFER,24931.94,C855442234,218818.0,193886.06,C878961169,4141637.33,4166569.27,0,0,L06_000226,LEGITIMATE_TRANSFER_CASHOUT,NONE,1,1,TRANSFER,0,0.2823565988825756,0.11393916405414545,0.001689567493978085,31971.64,
L06_000452,590,CASH_OUT,7039.7,C878961169,4166569.27,0.0,CASHOUT_L06_000226,0.0,0.0,0,0,L06_000226,LEGITIMATE_TRANSFER_CASHOUT,NONE,1,2,CASH_OUT,4,0.2823565988825756,0.11393916405414545,0.001689567493978085,31971.64,4159529.57
L06_000453,44,TRANSFER,28002.64,C162375050,385434.0,357431.36,C359149060,777673.21,805675.85,0,0,L06_000227,LEGITIMATE_TRANSFER_CASHOUT,NONE,1,1,TRANSFER,0,0.6070219965939065,0.07265223099155757,0.021098088021379816,45000.86,
L06_000454,48,CASH_OUT,16998.22,C359149060,805675.85,0.0,CASHOUT_L06_000227,0.0,0.0,0,0,L06_000227,LEGITIMATE_TRANSFER_CASHOUT,NONE,1,2,CASH_OUT,4,0.6070219965939065,0.07265223099155757,0.021098088021379816,45000.86,788677.63
L06_000455,229,TRANSFER,8902.07,C1331151572,60196.0,51293.93,C533757351,415879.78,424781.85000000003,0,0,L06_000228,LEGITIMATE_TRANSFER_CASHOUT,NONE,1,1,TRANSFER,0,0.4881968901214466,0.1478847431723038,0.010231039767824354,13248.029999999999,
L06_000456,234,CASH_OUT,4345.96,C533757351,424781.85000000003,0.0,CASHOUT_L06_000228,0.0,0.0,0,0,L06_000228,LEGITIMATE_TRANSFER_CASHOUT,NONE,1,2,CASH_OUT,5,0.4881968901214466,0.1478847431723038,0.010231039767824354,13248.029999999999,420435.89
L06_000457,179,TRANSFER,43350.64,C1029491447,302280.16,258929.51999999996,C91325386,3076112.71,3119463.35,0,0,L06_000229,LEGITIMATE_TRANSFER_CASHOUT,NONE,1,1,TRANSFER,0,0.6005440742257407,0.14341212469915326,0.008345656633536022,69384.61,
L06_000458,180,CASH_OUT,26033.97,C91325386,3119463.35,0.0,CASHOUT_L06_000229,0.0,0.0,0,0,L06_000229,LEGITIMATE_TRANSFER_CASHOUT,NONE,1,2,CASH_OUT,1,0.6005440742257407,0.14341212469915326,0.008345656633536022,69384.61,3093429.38
L06_000459,185,TRANSFER,8875.95,C2134089857,90119.0,81243.05,C176634708,201597.19,210473.14,0,0,L06_000230,LEGITIMATE_TRANSFER_CASHOUT,NONE,1,1,TRANSFER,0,0.25350588988212946,0.09849143909719373,0.010690722816222535,11126.060000000001,
L06_000460,190,CASH_OUT,2250.11,C176634708,210473.14,0.0,CASHOUT_L06_000230,0.0,0.0,0,0,L06_000230,LEGITIMATE_TRANSFER_CASHOUT,NONE,1,2,CASH_OUT,5,0.25350588988212946,0.09849143909719373,0.010690722816222535,11126.060000000001,208223.03000000003
L06_000461,227,TRANSFER,53719.0,C1203877457,463266.51,409547.51,C1616962987,3503251.44,3556970.44,0,0,L06_000231,LEGITIMATE_TRANSFER_CASHOUT,NONE,1,1,TRANSFER,0,0.31524420026970446,0.1159570114403478,0.004760961690758386,70653.6,
L06_000462,231,CASH_OUT,16934.6,C1616962987,3556970.44,0.0,CASHOUT_L06_000231,0.0,0.0,0,0,L06_000231,LEGITIMATE_TRANSFER_CASHOUT,NONE,1,2,CASH_OUT,4,0.31524420026970446,0.1159570114403478,0.004760961690758386,70653.6,3540035.84
L06_000463,181,TRANSFER,47684.4,C1479611838,669604.0,621919.6,C1246403708,826437.31,874121.7100000001,0,0,L06_000232,LEGITIMATE_TRANSFER_CASHOUT,NONE,1,1,TRANSFER,0,0.4943715377795822,0.07121283624351109,0.026968567111781264,71258.21,
L06_000464,183,CASH_OUT,23573.81,C1246403708,874121.7100000001,110992.85,CASHOUT_L06_000232,0.0,0.0,0,0,L06_000232,LEGITIMATE_TRANSFER_CASHOUT,NONE,1,2,CASH_OUT,2,0.4943715377795822,0.07121283624351109,0.026968567111781264,71258.21,850547.9
L06_000465,8,TRANSFER,9426.79,C2063407649,301496.0,292069.21,C1763052044,0.0,9426.79,0,0,L06_000233,LEGITIMATE_TRANSFER_CASHOUT,NONE,1,1,TRANSFER,0,0.4472566930498589,0.03126671663969008,0.4472561709765465,13642.98,
L06_000466,12,CASH_OUT,4216.19,C1763052044,9426.79,0.0,CASHOUT_L06_000233,0.0,0.0,0,0,L06_000233,LEGITIMATE_TRANSFER_CASHOUT,NONE,1,2,CASH_OUT,4,0.4472566930498589,0.03126671663969008,0.4472561709765465,13642.98,5210.600000000001
L06_000467,252,TRANSFER,11749.58,C1628351093,105130.0,93380.42,C658086921,5030800.32,5042549.9,0,0,L06_000234,LEGITIMATE_TRANSFER_CASHOUT,NONE,1,1,TRANSFER,0,0.5321711366479375,0.11176238942261961,0.0012400055773369738,18002.37,
L06_000468,257,CASH_OUT,6252.79,C658086921,5042549.9,0.0,CASHOUT_L06_000234,0.0,0.0,0,0,L06_000234,LEGITIMATE_TRANSFER_CASHOUT,NONE,1,2,CASH_OUT,5,0.5321711366479375,0.11176238942261961,0.0012400055773369738,18002.37,5036297.11
L06_000469,401,TRANSFER,20387.42,C812985164,152335.0,131947.58000000002,C580477440,0.0,20387.42,0,0,L06_000235,LEGITIMATE_TRANSFER_CASHOUT,NONE,1,1,TRANSFER,0,0.3472349238792246,0.13383280270456557,0.3472347163103522,27466.64,
L06_000470,405,CASH_OUT,7079.22,C580477440,20387.42,0.0,CASHOUT_L06_000235,0.0,0.0,0,0,L06_000235,LEGITIMATE_TRANSFER_CASHOUT,NONE,1,2,CASH_OUT,4,0.3472349238792246,0.13383280270456557,0.3472347163103522,27466.64,13308.199999999997
L06_000471,235,TRANSFER,12711.63,C2029288348,96170.0,83458.37,C307841806,7711955.84,7724667.47,0,0,L06_000236,LEGITIMATE_TRANSFER_CASHOUT,NONE,1,1,TRANSFER,0,0.5405053902565748,0.13217874597067691,0.0008894492904301031,19582.329999999998,
L06_000472,239,CASH_OUT,6870.7,C307841806,7724667.47,0.0,CASHOUT_L06_000236,0.0,0.0,0,0,L06_000236,LEGITIMATE_TRANSFER_CASHOUT,NONE,1,2,CASH_OUT,4,0.5405053902565748,0.13217874597067691,0.0008894492904301031,19582.329999999998,7717796.77
L06_000473,288,TRANSFER,13855.44,C1572839066,102403.71,88548.27,C1167303747,4250806.37,4264661.8100000005,0,0,L06_000237,LEGITIMATE_TRANSFER_CASHOUT,NONE,1,1,TRANSFER,0,0.5693202737848939,0.13530212919043655,0.0018496613216793384,21743.620000000003,
L06_000474,293,CASH_OUT,7888.18,C1167303747,4264661.8100000005,0.0,CASHOUT_L06_000237,0.0,0.0,0,0,L06_000237,LEGITIMATE_TRANSFER_CASHOUT,NONE,1,2,CASH_OUT,5,0.5693202737848939,0.13530212919043655,0.0018496613216793384,21743.620000000003,4256773.630000001
L06_000475,162,TRANSFER,25634.13,C1536089342,274258.0,248623.87,C37720824,0.0,25634.13,0,0,L06_000238,LEGITIMATE_TRANSFER_CASHOUT,NONE,1,1,TRANSFER,0,0.389651566234802,0.09346720970764755,0.38965160900721024,35622.51,
L06_000476,167,CASH_OUT,9988.38,C37720824,25634.13,0.0,CASHOUT_L06_000238,0.0,0.0,0,0,L06_000238,LEGITIMATE_TRANSFER_CASHOUT,NONE,1,2,CASH_OUT,5,0.389651566234802,0.09346720970764755,0.38965160900721024,35622.51,15645.750000000002
L06_000477,351,TRANSFER,10647.35,C812446148,79744.0,69096.65,C69810765,591986.96,602634.3099999999,0,0,L06_000239,LEGITIMATE_TRANSFER_CASHOUT,NONE,1,1,TRANSFER,0,0.3053351172835141,0.13351913623595507,0.005394664635008917,13898.36,
L06_000478,352,CASH_OUT,3251.01,C69810765,602634.3099999999,0.0,CASHOUT_L06_000239,0.0,0.0,0,0,L06_000239,LEGITIMATE_TRANSFER_CASHOUT,NONE,1,2,CASH_OUT,1,0.3053351172835141,0.13351913623595507,0.005394664635008917,13898.36,599383.2999999999
L06_000479,280,TRANSFER,15886.41,C2040778676,452448.0,436561.59,C927750810,302788.04,318674.44999999995,0,0,L06_000240,LEGITIMATE_TRANSFER_CASHOUT,NONE,1,1,TRANSFER,0,0.6060218737867092,0.03511212338213452,0.03021111356746674,25513.92,
L06_000480,284,CASH_OUT,9627.51,C927750810,318674.44999999995,242304.42,CASHOUT_L06_000240,0.0,0.0,0,0,L06_000240,LEGITIMATE_TRANSFER_CASHOUT,NONE,1,2,CASH_OUT,4,0.6060218737867092,0.03511212338213452,0.03021111356746674,25513.92,309046.93999999994
L06_000481,177,TRANSFER,9145.86,C702381393,218157.0,209011.14,C828662841,0.0,9145.86,0,0,L06_000241,LEGITIMATE_TRANSFER_CASHOUT,NONE,1,1,TRANSFER,0,0.3008488846986028,0.04192329377466687,0.30084869000837533,11897.380000000001,
L06_000482,178,CASH_OUT,2751.52,C828662841,9145.86,0.0,CASHOUT_L06_000241,0.0,0.0,0,0,L06_000241,LEGITIMATE_TRANSFER_CASHOUT,NONE,1,2,CASH_OUT,1,0.3008488846986028,0.04192329377466687,0.30084869000837533,11897.380000000001,6394.34
L06_000483,376,TRANSFER,9035.51,C851926470,70974.0,61938.49,C993939358,1048689.58,1057725.09,0,0,L06_000242,LEGITIMATE_TRANSFER_CASHOUT,NONE,1,1,TRANSFER,0,0.23449244456242538,0.12730732380871868,0.002003129187377034,11154.27,
L06_000484,379,CASH_OUT,2118.76,C993939358,1057725.09,0.0,CASHOUT_L06_000242,0.0,0.0,0,0,L06_000242,LEGITIMATE_TRANSFER_CASHOUT,NONE,1,2,CASH_OUT,3,0.23449244456242538,0.12730732380871868,0.002003129187377034,11154.27,1055606.33
L06_000485,253,TRANSFER,45111.8,C1791262509,742290.0,697178.2,C727893386,755873.69,800985.49,0,0,L06_000243,LEGITIMATE_TRANSFER_CASHOUT,NONE,1,1,TRANSFER,0,0.3940435199175125,0.06077382155222353,0.02219267417690675,62887.81,
L06_000486,258,CASH_OUT,17776.01,C727893386,800985.49,263924.97,CASHOUT_L06_000243,0.0,0.0,0,0,L06_000243,LEGITIMATE_TRANSFER_CASHOUT,NONE,1,2,CASH_OUT,5,0.3940435199175125,0.06077382155222353,0.02219267417690675,62887.81,783209.48
L06_000487,255,TRANSFER,8776.72,C316639625,63797.0,55020.28,C428833194,405837.4,414614.12,0,0,L06_000244,LEGITIMATE_TRANSFER_CASHOUT,NONE,1,1,TRANSFER,0,0.2572675347923725,0.13757261313227895,0.005445955386179322,11034.689999999999,
L06_000488,256,CASH_OUT,2257.97,C428833194,414614.12,0.0,CASHOUT_L06_000244,0.0,0.0,0,0,L06_000244,LEGITIMATE_TRANSFER_CASHOUT,NONE,1,2,CASH_OUT,1,0.2572675347923725,0.13757261313227895,0.005445955386179322,11034.689999999999,412356.15
L06_000489,275,TRANSFER,19207.9,C1862208408,323899.36,304691.45999999996,C1245689449,13384670.04,13403877.94,0,0,L06_000245,LEGITIMATE_TRANSFER_CASHOUT,NONE,1,1,TRANSFER,0,0.5237630828811206,0.059302062220808346,0.0007505581627222726,29268.29,
L06_000490,280,CASH_OUT,10060.39,C1245689449,13403877.94,0.0,CASHOUT_L06_000245,0.0,0.0,0,0,L06_000245,LEGITIMATE_TRANSFER_CASHOUT,NONE,1,2,CASH_OUT,5,0.5237630828811206,0.059302062220808346,0.0007505581627222726,29268.29,13393817.549999999
L06_000491,158,TRANSFER,12768.07,C1759853355,342274.0,329505.93,C759517984,0.0,12768.07,0,0,L06_000246,LEGITIMATE_TRANSFER_CASHOUT,NONE,1,1,TRANSFER,0,0.4259262689607466,0.03730365146052578,0.42592654958815235,18206.33,
L06_000492,160,CASH_OUT,5438.26,C759517984,12768.07,6359.16,CASHOUT_L06_000246,0.0,0.0,0,0,L06_000246,LEGITIMATE_TRANSFER_CASHOUT,NONE,1,2,CASH_OUT,2,0.4259262689607466,0.03730365146052578,0.42592654958815235,18206.33,7329.8099999999995
L06_000493,280,TRANSFER,17237.72,C453470930,180973.0,163735.28,C2134969011,0.0,17237.72,0,0,L06_000247,LEGITIMATE_TRANSFER_CASHOUT,NONE,1,1,TRANSFER,0,0.608991919411501,0.09525023069739685,0.6089917924180227,27735.35,
L06_000494,283,CASH_OUT,10497.63,C2134969011,17237.72,0.0,CASHOUT_L06_000247,0.0,0.0,0,0,L06_000247,LEGITIMATE_TRANSFER_CASHOUT,NONE,1,2,CASH_OUT,3,0.608991919411501,0.09525023069739685,0.6089917924180227,27735.35,6740.090000000002
L06_000495,299,TRANSFER,8933.92,C525875895,60381.0,51447.08,C801026135,76088.7,85022.62,0,0,L06_000248,LEGITIMATE_TRANSFER_CASHOUT,NONE,1,1,TRANSFER,0,0.4798181055181153,0.14795912621520016,0.05041787703084191,13220.58,
L06_000496,304,CASH_OUT,4286.66,C801026135,85022.62,0.0,CASHOUT_L06_000248,0.0,0.0,0,0,L06_000248,LEGITIMATE_TRANSFER_CASHOUT,NONE,1,2,CASH_OUT,5,0.4798181055181153,0.14795912621520016,0.05041787703084191,13220.58,80735.95999999999
L06_000497,140,TRANSFER,11893.53,C912860436,554558.04,542664.51,C1241115940,1088995.09,1100888.62,0,0,L06_000249,LEGITIMATE_TRANSFER_CASHOUT,NONE,1,1,TRANSFER,0,0.2655902131361374,0.021446862442026808,0.0028693275074457574,15052.34,
L06_000498,141,CASH_OUT,3158.81,C1241115940,1100888.62,307290.91,CASHOUT_L06_000249,0.0,0.0,0,0,L06_000249,LEGITIMATE_TRANSFER_CASHOUT,NONE,1,2,CASH_OUT,1,0.2655902131361374,0.021446862442026808,0.0028693275074457574,15052.34,1097729.81
L06_000499,309,TRANSFER,45085.69,C1150613150,449784.0,404698.31,C1121072110,0.0,45085.69,0,0,L06_000250,LEGITIMATE_TRANSFER_CASHOUT,NONE,1,1,TRANSFER,0,0.35763964327422804,0.10023853671984775,0.35763964131412873,61210.12,
L06_000500,312,CASH_OUT,16124.43,C1121072110,45085.69,139112.26,CASHOUT_L06_000250,0.0,0.0,0,0,L06_000250,LEGITIMATE_TRANSFER_CASHOUT,NONE,1,2,CASH_OUT,3,0.35763964327422804,0.10023853671984775,0.35763964131412873,61210.12,28961.260000000002
L06_000501,550,TRANSFER,12162.18,C324211164,103083.0,90920.82,C64043539,423233.46,435395.64,0,0,L06_000251,LEGITIMATE_TRANSFER_CASHOUT,NONE,1,1,TRANSFER,0,0.5028464962788537,0.11798434271412357,0.014046328070717474,18277.89,
L06_000502,552,CASH_OUT,6115.71,C64043539,435395.64,0.0,CASHOUT_L06_000251,0.0,0.0,0,0,L06_000251,LEGITIMATE_TRANSFER_CASHOUT,NONE,1,2,CASH_OUT,2,0.5028464962788537,0.11798434271412357,0.014046328070717474,18277.89,429279.93
L06_000503,231,TRANSFER,18742.16,C344847380,258441.0,239698.84,C1122363960,51556.4,70298.56,0,0,L06_000252,LEGITIMATE_TRANSFER_CASHOUT,NONE,1,1,TRANSFER,0,0.4105999392442651,0.07252007227955316,0.10946924090621486,26437.69,
L06_000504,234,CASH_OUT,7695.53,C1122363960,70298.56,0.0,CASHOUT_L06_000252,0.0,0.0,0,0,L06_000252,LEGITIMATE_TRANSFER_CASHOUT,NONE,1,2,CASH_OUT,3,0.4105999392442651,0.07252007227955316,0.10946924090621486,26437.69,62603.03
L06_000505,334,TRANSFER,13546.83,C1884006408,140582.0,127035.17,C396745536,0.0,13546.83,0,0,L06_000253,LEGITIMATE_TRANSFER_CASHOUT,NONE,1,1,TRANSFER,0,0.644635688259795,0.09636247883797357,0.6446356822961534,22279.6,
L06_000506,335,CASH_OUT,8732.77,C396745536,13546.83,0.0,CASHOUT_L06_000253,0.0,0.0,0,0,L06_000253,LEGITIMATE_TRANSFER_CASHOUT,NONE,1,2,CASH_OUT,1,0.644635688259795,0.09636247883797357,0.6446356822961534,22279.6,4814.0599999999995
L06_000507,131,TRANSFER,11169.05,C497570633,130792.0,119622.95,C117406596,2511647.33,2522816.38,0,0,L06_000254,LEGITIMATE_TRANSFER_CASHOUT,NONE,1,1,TRANSFER,0,0.24045676923918252,0.08539551348706342,0.001064552308004279,13854.72,
L06_000508,135,CASH_OUT,2685.67,C117406596,2522816.38,72636.6,CASHOUT_L06_000254,0.0,0.0,0,0,L06_000254,LEGITIMATE_TRANSFER_CASHOUT,NONE,1,2,CASH_OUT,4,0.24045676923918252,0.08539551348706342,0.001064552308004279,13854.72,2520130.71
L06_000509,164,TRANSFER,11726.23,C1947092183,93586.63,81860.40000000001,C78428989,948925.63,960651.86,0,0,L06_000255,LEGITIMATE_TRANSFER_CASHOUT,NONE,1,1,TRANSFER,0,0.6312760518241958,0.1252981328636366,0.007705694756058662,19128.72,
L06_000510,167,CASH_OUT,7402.49,C78428989,960651.86,0.0,CASHOUT_L06_000255,0.0,0.0,0,0,L06_000255,LEGITIMATE_TRANSFER_CASHOUT,NONE,1,2,CASH_OUT,3,0.6312760518241958,0.1252981328636366,0.007705694756058662,19128.72,953249.37
L06_000511,332,TRANSFER,13108.21,C1663804245,165019.95,151911.74000000002,C88018009,0.0,13108.21,0,0,L06_000256,LEGITIMATE_TRANSFER_CASHOUT,NONE,1,1,TRANSFER,0,0.2201595831860163,0.07943409266576555,0.22015973195424854,15994.109999999999,
L06_000512,336,CASH_OUT,2885.9,C88018009,13108.21,58395.04,CASHOUT_L06_000256,0.0,0.0,0,0,L06_000256,LEGITIMATE_TRANSFER_CASHOUT,NONE,1,2,CASH_OUT,4,0.2201595831860163,0.07943409266576555,0.22015973195424854,15994.109999999999,10222.31
L06_000513,134,TRANSFER,124274.64,C1217622763,923246.5,798971.86,C1192424133,2578731.62,2703006.2600000002,0,0,L06_000257,LEGITIMATE_TRANSFER_CASHOUT,NONE,1,1,TRANSFER,0,0.3430352439459079,0.1346061317318831,0.015771543200199616,166905.22,
L06_000514,135,CASH_OUT,42630.58,C1192424133,2703006.2600000002,656658.55,CASHOUT_L06_000257,0.0,0.0,0,0,L06_000257,LEGITIMATE_TRANSFER_CASHOUT,NONE,1,2,CASH_OUT,1,0.3430352439459079,0.1346061317318831,0.015771543200199616,166905.22,2660375.68
L06_000515,139,TRANSFER,16122.24,C1093653833,138529.5,122407.26,C856409944,42897.01,59019.25,0,0,L06_000258,LEGITIMATE_TRANSFER_CASHOUT,NONE,1,1,TRANSFER,0,0.34602448567651917,0.11638127619026994,0.09452322759099785,21700.93,
L06_000516,144,CASH_OUT,5578.69,C856409944,59019.25,99157.84,CASHOUT_L06_000258,0.0,0.0,0,0,L06_000258,LEGITIMATE_TRANSFER_CASHOUT,NONE,1,2,CASH_OUT,5,0.34602448567651917,0.11638127619026994,0.09452322759099785,21700.93,53440.56
L06_000517,208,TRANSFER,9117.63,C2013744427,90355.8,81238.17,C920639333,1285468.43,1294586.0599999998,0,0,L06_000259,LEGITIMATE_TRANSFER_CASHOUT,NONE,1,1,TRANSFER,0,0.34832658336101974,0.10090807673663449,0.0024532243148053055,12293.539999999999,
L06_000518,209,CASH_OUT,3175.91,C920639333,1294586.0599999998,0.0,CASHOUT_L06_000259,0.0,0.0,0,0,L06_000259,LEGITIMATE_TRANSFER_CASHOUT,NONE,1,2,CASH_OUT,1,0.34832658336101974,0.10090807673663449,0.0024532243148053055,12293.539999999999,1291410.15
L06_000519,393,TRANSFER,9067.07,C114283237,61040.0,51972.93,C1372958915,563.0,9630.07,0,0,L06_000260,LEGITIMATE_TRANSFER_CASHOUT,NONE,1,1,TRANSFER,0,0.4783686074621215,0.1485430865006553,0.4504017104756248,13404.47,
L06_000520,397,CASH_OUT,4337.4,C1372958915,9630.07,0.0,CASHOUT_L06_000260,0.0,0.0,0,0,L06_000260,LEGITIMATE_TRANSFER_CASHOUT,NONE,1,2,CASH_OUT,4,0.4783686074621215,0.1485430865006553,0.4504017104756248,13404.47,5292.67
L06_000521,229,TRANSFER,8798.21,C1331151572,60196.0,51397.79,C533757351,415879.78,424677.99000000005,0,0,L06_000261,LEGITIMATE_TRANSFER_CASHOUT,NONE,1,1,TRANSFER,0,0.5501733390237925,0.14615937936075485,0.011398141919245684,13638.75,
L06_000522,232,CASH_OUT,4840.54,C533757351,424677.99000000005,0.0,CASHOUT_L06_000261,0.0,0.0,0,0,L06_000261,LEGITIMATE_TRANSFER_CASHOUT,NONE,1,2,CASH_OUT,3,0.5501733390237925,0.14615937936075485,0.011398141919245684,13638.75,419837.45000000007
L06_000523,8,TRANSFER,9589.89,C345009807,153677.97,144088.08000000002,C51626955,0.0,9589.89,0,0,L06_000262,LEGITIMATE_TRANSFER_CASHOUT,NONE,1,1,TRANSFER,0,0.4140064364775028,0.06240250310438119,0.41400683428068524,13560.17,
L06_000524,10,CASH_OUT,3970.28,C51626955,9589.89,0.0,CASHOUT_L06_000262,0.0,0.0,0,0,L06_000262,LEGITIMATE_TRANSFER_CASHOUT,NONE,1,2,CASH_OUT,2,0.4140064364775028,0.06240250310438119,0.41400683428068524,13560.17,5619.609999999999
L06_000525,282,TRANSFER,9233.6,C2029069837,65590.0,56356.4,C391321729,580776.12,590009.72,0,0,L06_000263,LEGITIMATE_TRANSFER_CASHOUT,NONE,1,1,TRANSFER,0,0.4014150540636865,0.14077755755450527,0.006282116843769964,12940.11,
L06_000526,286,CASH_OUT,3706.51,C391321729,590009.72,0.0,CASHOUT_L06_000263,0.0,0.0,0,0,L06_000263,LEGITIMATE_TRANSFER_CASHOUT,NONE,1,2,CASH_OUT,4,0.4014150540636865,0.14077755755450527,0.006282116843769964,12940.11,586303.21
L06_000527,20,TRANSFER,8803.77,C655606361,61282.0,52478.229999999996,C1158709192,0.0,8803.77,0,0,L06_000264,LEGITIMATE_TRANSFER_CASHOUT,NONE,1,1,TRANSFER,0,0.5570365073616708,0.1436599654058288,0.5570363605591696,13707.79,
L06_000528,24,CASH_OUT,4904.02,C1158709192,8803.77,0.0,CASHOUT_L06_000264,0.0,0.0,0,0,L06_000264,LEGITIMATE_TRANSFER_CASHOUT,NONE,1,2,CASH_OUT,4,0.5570365073616708,0.1436599654058288,0.5570363605591696,13707.79,3899.75
L06_000529,400,TRANSFER,8909.9,C2014092635,61376.0,52466.1,C383343467,0.0,8909.9,0,0,L06_000265,LEGITIMATE_TRANSFER_CASHOUT,NONE,1,1,TRANSFER,0,0.493207199872507,0.14516912148070907,0.4932075556403552,13304.33,
L06_000530,403,CASH_OUT,4394.43,C383343467,8909.9,0.0,CASHOUT_L06_000265,0.0,0.0,0,0,L06_000265,LEGITIMATE_TRANSFER_CASHOUT,NONE,1,2,CASH_OUT,3,0.493207199872507,0.14516912148070907,0.4932075556403552,13304.33,4515.469999999999
L06_000531,179,TRANSFER,21681.77,C851298804,365484.0,343802.23,C114146787,532437.9,554119.67,0,0,L06_000266,LEGITIMATE_TRANSFER_CASHOUT,NONE,1,1,TRANSFER,0,0.20969914041211304,0.059323445075571024,0.008205177051375922,26228.42,
L06_000532,182,CASH_OUT,4546.65,C114146787,554119.67,227124.21,CASHOUT_L06_000266,0.0,0.0,0,0,L06_000266,LEGITIMATE_TRANSFER_CASHOUT,NONE,1,2,CASH_OUT,3,0.20969914041211304,0.059323445075571024,0.008205177051375922,26228.42,549573.02
L06_000533,544,TRANSFER,15333.67,C1427398077,268913.3,253579.62999999998,C1478798670,736981.18,752314.8500000001,0,0,L06_000267,LEGITIMATE_TRANSFER_CASHOUT,NONE,1,1,TRANSFER,0,0.45614057210394326,0.05702086880790203,0.009297051626722508,22327.98,
L06_000534,548,CASH_OUT,6994.31,C1478798670,752314.8500000001,0.0,CASHOUT_L06_000267,0.0,0.0,0,0,L06_000267,LEGITIMATE_TRANSFER_CASHOUT,NONE,1,2,CASH_OUT,4,0.45614057210394326,0.05702086880790203,0.009297051626722508,22327.98,745320.54
L06_000535,132,TRANSFER,8804.03,C911289267,102034.0,93229.97,C618622080,165641.78,174445.81,0,0,L06_000268,LEGITIMATE_TRANSFER_CASHOUT,NONE,1,1,TRANSFER,0,0.28130364698958166,0.08628525785522474,0.01419701625393009,11280.640000000001,
L06_000536,136,CASH_OUT,2476.61,C618622080,174445.81,0.0,CASHOUT_L06_000268,0.0,0.0,0,0,L06_000268,LEGITIMATE_TRANSFER_CASHOUT,NONE,1,2,CASH_OUT,4,0.28130364698958166,0.08628525785522474,0.01419701625393009,11280.640000000001,171969.2
L06_000537,283,TRANSFER,8914.48,C975496586,66886.0,57971.520000000004,C408289439,0.0,8914.48,0,0,L06_000269,LEGITIMATE_TRANSFER_CASHOUT,NONE,1,1,TRANSFER,0,0.5988851650475744,0.13327871303411776,0.59888518455367,14253.23,
L06_000538,287,CASH_OUT,5338.75,C408289439,8914.48,0.0,CASHOUT_L06_000269,0.0,0.0,0,0,L06_000269,LEGITIMATE_TRANSFER_CASHOUT,NONE,1,2,CASH_OUT,4,0.5988851650475744,0.13327871303411776,0.59888518455367,14253.23,3575.7299999999996
L06_000539,154,TRANSFER,27922.86,C223245778,361299.0,333376.14,C163558773,740143.52,768066.38,0,0,L06_000270,LEGITIMATE_TRANSFER_CASHOUT,NONE,1,1,TRANSFER,0,0.44415692295650366,0.07728463128876636,0.01614721113037131,40324.99,
L06_000540,157,CASH_OUT,12402.13,C163558773,768066.38,0.0,CASHOUT_L06_000270,0.0,0.0,0,0,L06_000270,LEGITIMATE_TRANSFER_CASHOUT,NONE,1,2,CASH_OUT,3,0.44415692295650366,0.07728463128876636,0.01614721113037131,40324.99,755664.25
L06_000541,43,TRANSFER,11530.19,C1327282173,103328.68,91798.48999999999,C668247389,4130010.44,4141540.63,0,0,L06_000271,LEGITIMATE_TRANSFER_CASHOUT,NONE,1,1,TRANSFER,0,0.6150161508712643,0.1115875089084657,0.00171222514361763,18621.440000000002,
L06_000542,48,CASH_OUT,7091.25,C668247389,4141540.63,0.0,CASHOUT_L06_000271,0.0,0.0,0,0,L06_000271,LEGITIMATE_TRANSFER_CASHOUT,NONE,1,2,CASH_OUT,5,0.6150161508712643,0.1115875089084657,0.00171222514361763,18621.440000000002,4134449.38
L06_000543,141,TRANSFER,8998.78,C1251872259,62858.0,53859.22,C84024472,0.0,8998.78,0,0,L06_000272,LEGITIMATE_TRANSFER_CASHOUT,NONE,1,1,TRANSFER,0,0.3819894570134056,0.14316045690286042,0.3819895585846081,12436.220000000001,
L06_000544,144,CASH_OUT,3437.44,C84024472,8998.78,0.0,CASHOUT_L06_000272,0.0,0.0,0,0,L06_000272,LEGITIMATE_TRANSFER_CASHOUT,NONE,1,2,CASH_OUT,3,0.3819894570134056,0.14316045690286042,0.3819895585846081,12436.220000000001,5561.34
L06_000545,155,TRANSFER,9207.38,C1960160626,61518.0,52310.62,C809526173,1359931.33,1369138.71,0,0,L06_000273,LEGITIMATE_TRANSFER_CASHOUT,NONE,1,1,TRANSFER,0,0.2565331065578108,0.14966969017198217,0.001725172170466205,11569.38,
L06_000546,156,CASH_OUT,2362.0,C809526173,1369138.71,0.0,CASHOUT_L06_000273,0.0,0.0,0,0,L06_000273,LEGITIMATE_TRANSFER_CASHOUT,NONE,1,2,CASH_OUT,1,0.2565331065578108,0.14966969017198217,0.001725172170466205,11569.38,1366776.71
L06_000547,330,TRANSFER,8863.23,C339085504,72489.0,63625.770000000004,C1249945574,0.0,8863.23,0,0,L06_000274,LEGITIMATE_TRANSFER_CASHOUT,NONE,1,1,TRANSFER,0,0.5599741465336048,0.1222699995861441,0.5599741854831705,13826.41,
L06_000548,334,CASH_OUT,4963.18,C1249945574,8863.23,0.0,CASHOUT_L06_000274,0.0,0.0,0,0,L06_000274,LEGITIMATE_TRANSFER_CASHOUT,NONE,1,2,CASH_OUT,4,0.5599741465336048,0.1222699995861441,0.5599741854831705,13826.41,3900.0499999999993
L06_000549,405,TRANSFER,8703.65,C1985465968,58078.0,49374.35,C2147286421,1705166.83,1713870.48,0,0,L06_000275,LEGITIMATE_TRANSFER_CASHOUT,NONE,1,1,TRANSFER,0,0.319109507027678,0.1498613932986673,0.0016205541973043378,11481.07,
L06_000550,408,CASH_OUT,2777.42,C2147286421,1713870.48,0.0,CASHOUT_L06_000275,0.0,0.0,0,0,L06_000275,LEGITIMATE_TRANSFER_CASHOUT,NONE,1,2,CASH_OUT,3,0.319109507027678,0.1498613932986673,0.0016205541973043378,11481.07,1711093.06
L06_000551,332,TRANSFER,10767.65,C709061467,87464.16,76696.51000000001,C618024454,876982.75,887750.4,0,0,L06_000276,LEGITIMATE_TRANSFER_CASHOUT,NONE,1,1,TRANSFER,0,0.582543046686075,0.12310928270505313,0.007065747309153564,17040.27,
L06_000552,337,CASH_OUT,6272.62,C618024454,887750.4,0.0,CASHOUT_L06_000276,0.0,0.0,0,0,L06_000276,LEGITIMATE_TRANSFER_CASHOUT,NONE,1,2,CASH_OUT,5,0.582543046686075,0.12310928270505313,0.007065747309153564,17040.27,881477.78
L06_000553,162,TRANSFER,32944.69,C1536089342,274258.0,241313.31,C37720824,0.0,32944.69,0,0,L06_000277,LEGITIMATE_TRANSFER_CASHOUT,NONE,1,1,TRANSFER,0,0.3011555802305828,0.12012298638508266,0.3011556642360271,42866.17,
L06_000554,164,CASH_OUT,9921.48,C37720824,32944.69,0.0,CASHOUT_L06_000277,0.0,0.0,0,0,L06_000277,LEGITIMATE_TRANSFER_CASHOUT,NONE,1,2,CASH_OUT,2,0.3011555802305828,0.12012298638508266,0.3011556642360271,42866.17,23023.210000000003
L06_000555,234,TRANSFER,12741.07,C811503335,100743.0,88001.93,C1494296504,0.0,12741.07,0,0,L06_000278,LEGITIMATE_TRANSFER_CASHOUT,NONE,1,1,TRANSFER,0,0.23841819076570803,0.1264710203190296,0.23841796646592475,15778.77,
L06_000556,236,CASH_OUT,3037.7,C1494296504,12741.07,0.0,CASHOUT_L06_000278,0.0,0.0,0,0,L06_000278,LEGITIMATE_TRANSFER_CASHOUT,NONE,1,2,CASH_OUT,2,0.23841819076570803,0.1264710203190296,0.23841796646592475,15778.77,9703.369999999999
L06_000557,16,TRANSFER,9413.96,C1874713268,64543.0,55129.04,C2075349804,148408.95,157822.91,0,0,L06_000279,LEGITIMATE_TRANSFER_CASHOUT,NONE,1,1,TRANSFER,0,0.5023840240111807,0.14585563112963448,0.029966625251048786,14143.38,
L06_000558,19,CASH_OUT,4729.42,C2075349804,157822.91,0.0,CASHOUT_L06_000279,0.0,0.0,0,0,L06_000279,LEGITIMATE_TRANSFER_CASHOUT,NONE,1,2,CASH_OUT,3,0.5023840240111807,0.14585563112963448,0.029966625251048786,14143.38,153093.49
L06_000559,358,TRANSFER,10970.05,C1895500810,75739.0,64768.95,C683178575,4944125.04,4955095.09,0,0,L06_000280,LEGITIMATE_TRANSFER_CASHOUT,NONE,1,1,TRANSFER,0,0.5028406838364614,0.14484017481086361,0.0011132359520470876,16486.239999999998,
L06_000560,360,CASH_OUT,5516.19,C683178575,4955095.09,0.0,CASHOUT_L06_000280,0.0,0.0,0,0,L06_000280,LEGITIMATE_TRANSFER_CASHOUT,NONE,1,2,CASH_OUT,2,0.5028406838364614,0.14484017481086361,0.0011132359520470876,16486.239999999998,4949578.899999999
L06_000561,161,TRANSFER,28336.68,C2004253143,203054.0,174717.32,C1514872975,220237.68,248574.36,0,0,L06_000281,LEGITIMATE_TRANSFER_CASHOUT,NONE,1,1,TRANSFER,0,0.28469712958098436,0.13955243432781428,0.03245455404169602,36404.05,
L06_000562,163,CASH_OUT,8067.37,C1514872975,248574.36,0.0,CASHOUT_L06_000281,0.0,0.0,0,0,L06_000281,LEGITIMATE_TRANSFER_CASHOUT,NONE,1,2,CASH_OUT,2,0.28469712958098436,0.13955243432781428,0.03245455404169602,36404.05,240506.99
L06_000563,166,TRANSFER,9275.8,C589186,63283.0,54007.2,C1162745064,0.0,9275.8,0,0,L06_000282,LEGITIMATE_TRANSFER_CASHOUT,NONE,1,1,TRANSFER,0,0.35549571924311874,0.1465764897365801,0.35549602190646634,12573.31,
L06_000564,168,CASH_OUT,3297.51,C1162745064,9275.8,0.0,CASHOUT_L06_000282,0.0,0.0,0,0,L06_000282,LEGITIMATE_TRANSFER_CASHOUT,NONE,1,2,CASH_OUT,2,0.35549571924311874,0.1465764897365801,0.35549602190646634,12573.31,5978.289999999999
L06_000565,405,TRANSFER,47057.23,C707330435,499969.0,452911.77,C1676069015,211873.62,258930.85,0,0,L06_000283,LEGITIMATE_TRANSFER_CASHOUT,NONE,1,1,TRANSFER,0,0.28195635790797796,0.09412029545831842,0.05124182769260596,60325.32000000001,
L06_000566,406,CASH_OUT,13268.09,C1676069015,258930.85,206119.51,CASHOUT_L06_000283,0.0,0.0,0,0,L06_000283,LEGITIMATE_TRANSFER_CASHOUT,NONE,1,2,CASH_OUT,1,0.28195635790797796,0.09412029545831842,0.05124182769260596,60325.32000000001,245662.76
L06_000567,396,TRANSFER,9000.6,C350976544,62402.0,53401.4,C1344332921,195255.13,204255.73,0,0,L06_000284,LEGITIMATE_TRANSFER_CASHOUT,NONE,1,1,TRANSFER,0,0.5380200561541091,0.14423576167430532,0.023708025228961753,13843.1,
L06_000568,401,CASH_OUT,4842.5,C1344332921,204255.73,0.0,CASHOUT_L06_000284,0.0,0.0,0,0,L06_000284,LEGITIMATE_TRANSFER_CASHOUT,NONE,1,2,CASH_OUT,5,0.5380200561541091,0.14423576167430532,0.023708025228961753,13843.1,199413.23
L06_000569,253,TRANSFER,81739.34,C897921178,695435.0,613695.66,C438719011,447391.73,529131.07,0,0,L06_000285,LEGITIMATE_TRANSFER_CASHOUT,NONE,1,1,TRANSFER,0,0.5296571233124276,0.11753699483057367,0.081820596926958,125033.16,
L06_000570,258,CASH_OUT,43293.82,C438719011,529131.07,0.0,CASHOUT_L06_000285,0.0,0.0,0,0,L06_000285,LEGITIMATE_TRANSFER_CASHOUT,NONE,1,2,CASH_OUT,5,0.5296571233124276,0.11753699483057367,0.081820596926958,125033.16,485837.24999999994
L06_000571,251,TRANSFER,48357.05,C1287044264,545618.83,497261.77999999997,C396105392,781889.85,830246.9,0,0,L06_000286,LEGITIMATE_TRANSFER_CASHOUT,NONE,1,1,TRANSFER,0,0.3148185961106508,0.08862789797778792,0.01833635271628235,63580.75,
L06_000572,254,CASH_OUT,15223.7,C396105392,830246.9,176146.74,CASHOUT_L06_000286,0.0,0.0,0,0,L06_000286,LEGITIMATE_TRANSFER_CASHOUT,NONE,1,2,CASH_OUT,3,0.3148185961106508,0.08862789797778792,0.01833635271628235,63580.75,815023.2000000001
L06_000573,41,TRANSFER,17017.06,C2061831094,498020.0,481002.94,C2118173910,0.0,17017.06,0,0,L06_000287,LEGITIMATE_TRANSFER_CASHOUT,NONE,1,1,TRANSFER,0,0.2793056586448996,0.03416943094654833,0.2793055909775249,21770.02,
L06_000574,45,CASH_OUT,4752.96,C2118173910,17017.06,98762.11,CASHOUT_L06_000287,0.0,0.0,0,0,L06_000287,LEGITIMATE_TRANSFER_CASHOUT,NONE,1,2,CASH_OUT,4,0.2793056586448996,0.03416943094654833,0.2793055909775249,21770.02,12264.100000000002
L06_000575,143,TRANSFER,8983.28,C37100108,60003.0,51019.72,C614627186,0.0,8983.28,0,0,L06_000288,LEGITIMATE_TRANSFER_CASHOUT,NONE,1,1,TRANSFER,0,0.5531438335677279,0.1497138476409513,0.5531442858287842,13952.330000000002,
L06_000576,146,CASH_OUT,4969.05,C614627186,8983.28,0.0,CASHOUT_L06_000288,0.0,0.0,0,0,L06_000288,LEGITIMATE_TRANSFER_CASHOUT,NONE,1,2,CASH_OUT,3,0.5531438335677279,0.1497138476409513,0.5531442858287842,13952.330000000002,4014.2300000000005
L06_000577,545,TRANSFER,26274.4,C1319153605,222857.77,196583.37,C100028684,1086590.52,1112864.92,0,0,L06_000289,LEGITIMATE_TRANSFER_CASHOUT,NONE,1,1,TRANSFER,0,0.28252651147750873,0.11789761694196259,0.006670360316506338,33697.61,
L06_000578,548,CASH_OUT,7423.21,C100028684,1112864.92,0.0,CASHOUT_L06_000289,0.0,0.0,0,0,L06_000289,LEGITIMATE_TRANSFER_CASHOUT,NONE,1,2,CASH_OUT,3,0.28252651147750873,0.11789761694196259,0.006670360316506338,33697.61,1105441.71
L06_000579,401,TRANSFER,8921.38,C1562786874,59751.0,50829.62,C1244423981,0.0,8921.38,0,0,L06_000290,LEGITIMATE_TRANSFER_CASHOUT,NONE,1,1,TRANSFER,0,0.5165723537755439,0.1493093002627571,0.5165725481932167,13529.919999999998,
L06_000580,405,CASH_OUT,4608.54,C1244423981,8921.38,0.0,CASHOUT_L06_000290,0.0,0.0,0,0,L06_000290,LEGITIMATE_TRANSFER_CASHOUT,NONE,1,2,CASH_OUT,4,0.5165723537755439,0.1493093002627571,0.5165725481932167,13529.919999999998,4312.839999999999
L06_000581,142,TRANSFER,11413.02,C582449742,122573.0,111159.98,C1050345722,1980483.43,1991896.45,0,0,L06_000291,LEGITIMATE_TRANSFER_CASHOUT,NONE,1,1,TRANSFER,0,0.43676151795374046,0.09311202303933167,0.0025025246668821566,16397.79,
L06_000582,143,CASH_OUT,4984.77,C1050345722,1991896.45,0.0,CASHOUT_L06_000291,0.0,0.0,0,0,L06_000291,LEGITIMATE_TRANSFER_CASHOUT,NONE,1,2,CASH_OUT,1,0.43676151795374046,0.09311202303933167,0.0025025246668821566,16397.79,1986911.68
L06_000583,236,TRANSFER,10182.21,C1595633344,70989.0,60806.79,C1267222667,4366031.37,4376213.58,0,0,L06_000292,LEGITIMATE_TRANSFER_CASHOUT,NONE,1,1,TRANSFER,0,0.37431591149128496,0.1434336305624815,0.0008709264139708648,13993.57,
L06_000584,238,CASH_OUT,3811.36,C1267222667,4376213.58,36362.34,CASHOUT_L06_000292,0.0,0.0,0,0,L06_000292,LEGITIMATE_TRANSFER_CASHOUT,NONE,1,2,CASH_OUT,2,0.37431591149128496,0.1434336305624815,0.0008709264139708648,13993.57,4372402.22
L06_000585,44,TRANSFER,10843.3,C1137153157,97137.0,86293.7,C264558528,2777720.2,2788563.5,0,0,L06_000293,LEGITIMATE_TRANSFER_CASHOUT,NONE,1,1,TRANSFER,0,0.3420204034780266,0.1116289364505801,0.0013299428182288122,14551.93,
L06_000586,49,CASH_OUT,3708.63,C264558528,2788563.5,28535.61,CASHOUT_L06_000293,0.0,0.0,0,0,L06_000293,LEGITIMATE_TRANSFER_CASHOUT,NONE,1,2,CASH_OUT,5,0.3420204034780266,0.1116289364505801,0.0013299428182288122,14551.93,2784854.87
L06_000587,378,TRANSFER,12302.65,C1507189341,100354.0,88051.35,C279976802,0.0,12302.65,0,0,L06_000294,LEGITIMATE_TRANSFER_CASHOUT,NONE,1,1,TRANSFER,0,0.31661920847083075,0.12259252247045459,0.3166195900883143,16197.91,
L06_000588,382,CASH_OUT,3895.26,C279976802,12302.65,0.0,CASHOUT_L06_000294,0.0,0.0,0,0,L06_000294,LEGITIMATE_TRANSFER_CASHOUT,NONE,1,2,CASH_OUT,4,0.31661920847083075,0.12259252247045459,0.3166195900883143,16197.91,8407.39
L06_000589,375,TRANSFER,13808.24,C1152853299,97675.0,83866.76,C1807438717,908330.64,922138.88,0,0,L06_000295,LEGITIMATE_TRANSFER_CASHOUT,NONE,1,1,TRANSFER,0,0.26689406386300424,0.14136923470693627,0.003996512976440165,17493.58,
L06_000590,380,CASH_OUT,3685.34,C1807438717,922138.88,0.0,CASHOUT_L06_000295,0.0,0.0,0,0,L06_000295,LEGITIMATE_TRANSFER_CASHOUT,NONE,1,2,CASH_OUT,5,0.26689406386300424,0.14136923470693627,0.003996512976440165,17493.58,918453.54
L06_000591,280,TRANSFER,10094.39,C1259871249,70770.33,60675.94,C663919677,1506482.52,1516576.91,0,0,L06_000296,LEGITIMATE_TRANSFER_CASHOUT,NONE,1,1,TRANSFER,0,0.5421661262288204,0.1426359040575337,0.0036086794965116543,15567.23,
L06_000592,283,CASH_OUT,5472.84,C663919677,1516576.91,0.0,CASHOUT_L06_000296,0.0,0.0,0,0,L06_000296,LEGITIMATE_TRANSFER_CASHOUT,NONE,1,2,CASH_OUT,3,0.5421661262288204,0.1426359040575337,0.0036086794965116543,15567.23,1511104.0699999998
L06_000593,383,TRANSFER,18519.58,C477650754,198382.0,179862.41999999998,C1954624865,0.0,18519.58,0,0,L06_000297,LEGITIMATE_TRANSFER_CASHOUT,NONE,1,1,TRANSFER,0,0.4655924410866708,0.09335312679577785,0.4655926322303205,27142.160000000003,
L06_000594,387,CASH_OUT,8622.58,C1954624865,18519.58,0.0,CASHOUT_L06_000297,0.0,0.0,0,0,L06_000297,LEGITIMATE_TRANSFER_CASHOUT,NONE,1,2,CASH_OUT,4,0.4655924410866708,0.09335312679577785,0.4655926322303205,27142.160000000003,9897.000000000002
L06_000595,469,TRANSFER,10120.91,C583489928,71711.0,61590.09,C1223377894,193828.86,203949.77,0,0,L06_000298,LEGITIMATE_TRANSFER_CASHOUT,NONE,1,1,TRANSFER,0,0.639262239082922,0.14113469342220858,0.031723105154764335,16590.83,
L06_000596,473,CASH_OUT,6469.92,C1223377894,203949.77,0.0,CASHOUT_L06_000298,0.0,0.0,0,0,L06_000298,LEGITIMATE_TRANSFER_CASHOUT,NONE,1,2,CASH_OUT,4,0.639262239082922,0.14113469342220858,0.031723105154764335,16590.83,197479.84999999998
L06_000597,254,TRANSFER,9323.22,C922294159,62579.0,53255.78,C1467197766,0.0,9323.22,0,0,L06_000299,LEGITIMATE_TRANSFER_CASHOUT,NONE,1,1,TRANSFER,0,0.559300216179458,0.14898320522859104,0.5593003275692303,14537.699999999999,
L06_000598,256,CASH_OUT,5214.48,C1467197766,9323.22,0.0,CASHOUT_L06_000299,0.0,0.0,0,0,L06_000299,LEGITIMATE_TRANSFER_CASHOUT,NONE,1,2,CASH_OUT,2,0.559300216179458,0.14898320522859104,0.5593003275692303,14537.699999999999,4108.74
L06_000599,304,TRANSFER,8774.06,C1122442595,59878.0,51103.94,C2027192650,222960.71,231734.77,0,0,L06_000300,LEGITIMATE_TRANSFER_CASHOUT,NONE,1,1,TRANSFER,0,0.3711819140790652,0.1465322823073583,0.014053868567069154,12030.83,
L06_000600,305,CASH_OUT,3256.77,C2027192650,231734.77,0.0,CASHOUT_L06_000300,0.0,0.0,0,0,L06_000300,LEGITIMATE_TRANSFER_CASHOUT,NONE,1,2,CASH_OUT,1,0.3711819140790652,0.1465322823073583,0.014053868567069154,12030.83,228478.0
L06_000601,19,TRANSFER,10571.79,C1139905383,74697.0,64125.21,C647976720,0.0,10571.79,0,0,L06_000301,LEGITIMATE_TRANSFER_CASHOUT,NONE,1,1,TRANSFER,0,0.2854591003325527,0.14152897706735212,0.28545875391017034,13589.6,
L06_000602,23,CASH_OUT,3017.81,C647976720,10571.79,67840.02,CASHOUT_L06_000301,0.0,0.0,0,0,L06_000301,LEGITIMATE_TRANSFER_CASHOUT,NONE,1,2,CASH_OUT,4,0.2854591003325527,0.14152897706735212,0.28545875391017034,13589.6,7553.980000000001
L06_000603,404,TRANSFER,11348.85,C494989205,82990.99,71642.14,C1077250026,340087.38,351436.23,0,0,L06_000302,LEGITIMATE_TRANSFER_CASHOUT,NONE,1,1,TRANSFER,0,0.20030881532963174,0.13674797709968275,0.006468513505280887,13622.12,
L06_000604,408,CASH_OUT,2273.27,C1077250026,351436.23,0.0,CASHOUT_L06_000302,0.0,0.0,0,0,L06_000302,LEGITIMATE_TRANSFER_CASHOUT,NONE,1,2,CASH_OUT,4,0.20030881532963174,0.13674797709968275,0.006468513505280887,13622.12,349162.95999999996
L06_000605,301,TRANSFER,17826.49,C2118051597,128020.0,110193.51,C823634112,1444986.37,1462812.86,0,0,L06_000303,LEGITIMATE_TRANSFER_CASHOUT,NONE,1,1,TRANSFER,0,0.41445003403590813,0.13924769567255119,0.005050673399193386,25214.68,
L06_000606,304,CASH_OUT,7388.19,C823634112,1462812.86,0.0,CASHOUT_L06_000303,0.0,0.0,0,0,L06_000303,LEGITIMATE_TRANSFER_CASHOUT,NONE,1,2,CASH_OUT,3,0.41445003403590813,0.13924769567255119,0.005050673399193386,25214.68,1455424.6700000002
L06_000607,393,TRANSFER,11999.3,C1945959500,82440.0,70440.7,C1600000632,416632.82,428632.12,0,0,L06_000304,LEGITIMATE_TRANSFER_CASHOUT,NONE,1,1,TRANSFER,0,0.4530826602987838,0.1455519165453663,0.012683767142789019,17435.97,
L06_000608,396,CASH_OUT,5436.67,C1600000632,428632.12,0.0,CASHOUT_L06_000304,0.0,0.0,0,0,L06_000304,LEGITIMATE_TRANSFER_CASHOUT,NONE,1,2,CASH_OUT,3,0.4530826602987838,0.1455519165453663,0.012683767142789019,17435.97,423195.45
L06_000609,375,TRANSFER,22612.26,C1982454505,202994.0,180381.74,C1131793521,840824.11,863436.37,0,0,L06_000305,LEGITIMATE_TRANSFER_CASHOUT,NONE,1,1,TRANSFER,0,0.32298097659722524,0.11139373577544164,0.00845844610414083,29915.589999999997,
L06_000610,380,CASH_OUT,7303.33,C1131793521,863436.37,0.0,CASHOUT_L06_000305,0.0,0.0,0,0,L06_000305,LEGITIMATE_TRANSFER_CASHOUT,NONE,1,2,CASH_OUT,5,0.32298097659722524,0.11139373577544164,0.00845844610414083,29915.589999999997,856133.04
L06_000611,44,TRANSFER,12823.4,C889917114,132047.0,119223.6,C34835675,0.0,12823.4,0,0,L06_000306,LEGITIMATE_TRANSFER_CASHOUT,NONE,1,1,TRANSFER,0,0.5660402066202536,0.09711239179988942,0.5660402077452158,20081.96,
L06_000612,48,CASH_OUT,7258.56,C34835675,12823.4,0.0,CASHOUT_L06_000306,0.0,0.0,0,0,L06_000306,LEGITIMATE_TRANSFER_CASHOUT,NONE,1,2,CASH_OUT,4,0.5660402066202536,0.09711239179988942,0.5660402077452158,20081.96,5564.839999999999
L06_000613,300,TRANSFER,8985.98,C2014402776,80588.0,71602.02,C1821022288,3436768.0,3445753.98,0,0,L06_000307,LEGITIMATE_TRANSFER_CASHOUT,NONE,1,1,TRANSFER,0,0.5147180523285544,0.11150518687645802,0.0013423041885306042,13611.23,
L06_000614,301,CASH_OUT,4625.25,C1821022288,3445753.98,0.0,CASHOUT_L06_000307,0.0,0.0,0,0,L06_000307,LEGITIMATE_TRANSFER_CASHOUT,NONE,1,2,CASH_OUT,1,0.5147180523285544,0.11150518687645802,0.0013423041885306042,13611.23,3441128.73
L06_000615,226,TRANSFER,9436.08,C831003068,106244.0,96807.92,C1742145591,1098462.56,1107898.6400000001,0,0,L06_000308,LEGITIMATE_TRANSFER_CASHOUT,NONE,1,1,TRANSFER,0,0.25024468696408075,0.08881518015134972,0.0021313592369785737,11797.41,
L06_000616,231,CASH_OUT,2361.33,C1742145591,1107898.6400000001,0.0,CASHOUT_L06_000308,0.0,0.0,0,0,L06_000308,LEGITIMATE_TRANSFER_CASHOUT,NONE,1,2,CASH_OUT,5,0.25024468696408075,0.08881518015134972,0.0021313592369785737,11797.41,1105537.31
L06_000617,278,TRANSFER,46528.78,C191028016,841653.0,795124.22,C1012565110,572911.82,619440.6,0,0,L06_000309,LEGITIMATE_TRANSFER_CASHOUT,NONE,1,1,TRANSFER,0,0.6335929120116617,0.05528261647020803,0.04759182720667648,76009.09,
L06_000618,281,CASH_OUT,29480.31,C1012565110,619440.6,615253.32,CASHOUT_L06_000309,0.0,0.0,0,0,L06_000309,LEGITIMATE_TRANSFER_CASHOUT,NONE,1,2,CASH_OUT,3,0.6335929120116617,0.05528261647020803,0.04759182720667648,76009.09,589960.2899999999
L06_000619,164,TRANSFER,26308.97,C1715020070,423324.74,397015.77,C390524510,3568407.52,3594716.49,0,0,L06_000310,LEGITIMATE_TRANSFER_CASHOUT,NONE,1,1,TRANSFER,0,0.5280720068126035,0.06214843479263698,0.003864847210801873,40202.0,
L06_000620,165,CASH_OUT,13893.03,C390524510,3594716.49,0.0,CASHOUT_L06_000310,0.0,0.0,0,0,L06_000310,LEGITIMATE_TRANSFER_CASHOUT,NONE,1,2,CASH_OUT,1,0.5280720068126035,0.06214843479263698,0.003864847210801873,40202.0,3580823.4600000004
L06_000621,250,TRANSFER,11543.87,C244244516,91604.62,80060.75,C296031207,690356.07,701899.94,0,0,L06_000311,LEGITIMATE_TRANSFER_CASHOUT,NONE,1,1,TRANSFER,0,0.3183376401439879,0.12601842570822303,0.005235575315763669,15218.720000000001,
L06_000622,253,CASH_OUT,3674.85,C296031207,701899.94,0.0,CASHOUT_L06_000311,0.0,0.0,0,0,L06_000311,LEGITIMATE_TRANSFER_CASHOUT,NONE,1,2,CASH_OUT,3,0.3183376401439879,0.12601842570822303,0.005235575315763669,15218.720000000001,698225.09
L06_000623,19,TRANSFER,9682.96,C1653891593,99799.0,90116.04000000001,C248041022,9875.18,19558.14,0,0,L06_000312,LEGITIMATE_TRANSFER_CASHOUT,NONE,1,1,TRANSFER,0,0.49396412358530684,0.09702461948516518,0.2445544412710002,14465.989999999998,
L06_000624,23,CASH_OUT,4783.03,C248041022,19558.14,0.0,CASHOUT_L06_000312,0.0,0.0,0,0,L06_000312,LEGITIMATE_TRANSFER_CASHOUT,NONE,1,2,CASH_OUT,4,0.49396412358530684,0.09702461948516518,0.2445544412710002,14465.989999999998,14775.11
L06_000625,288,TRANSFER,13579.34,C1241659059,99110.0,85530.66,C202570732,3769.01,17348.35,0,0,L06_000313,LEGITIMATE_TRANSFER_CASHOUT,NONE,1,1,TRANSFER,0,0.6178093123905102,0.1370128140450005,0.48358719993544064,21968.78,
L06_000626,293,CASH_OUT,8389.44,C202570732,17348.35,21046.24,CASHOUT_L06_000313,0.0,0.0,0,0,L06_000313,LEGITIMATE_TRANSFER_CASHOUT,NONE,1,2,CASH_OUT,5,0.6178093123905102,0.1370128140450005,0.48358719993544064,21968.78,8958.909999999998
L06_000627,254,TRANSFER,46744.65,C1565229071,681835.78,635091.13,C1022032738,719586.84,766331.49,0,0,L06_000314,LEGITIMATE_TRANSFER_CASHOUT,NONE,1,1,TRANSFER,0,0.6163776187883012,0.06855705049682198,0.03759777638786578,75557.01000000001,
L06_000628,258,CASH_OUT,28812.36,C1022032738,766331.49,129263.68,CASHOUT_L06_000314,0.0,0.0,0,0,L06_000314,LEGITIMATE_TRANSFER_CASHOUT,NONE,1,2,CASH_OUT,4,0.6163776187883012,0.06855705049682198,0.03759777638786578,75557.01000000001,737519.13
L06_000629,569,TRANSFER,10504.46,C1028508825,154761.0,144256.54,C1149898111,0.0,10504.46,0,0,L06_000315,LEGITIMATE_TRANSFER_CASHOUT,NONE,1,1,TRANSFER,0,0.3898440025302563,0.06787536911754252,0.38984393295800074,14599.56,
L06_000630,574,CASH_OUT,4095.1,C1149898111,10504.46,0.0,CASHOUT_L06_000315,0.0,0.0,0,0,L06_000315,LEGITIMATE_TRANSFER_CASHOUT,NONE,1,2,CASH_OUT,5,0.3898440025302563,0.06787536911754252,0.38984393295800074,14599.56,6409.359999999999
L06_000631,326,TRANSFER,10184.59,C1064874189,68763.0,58578.41,C709031153,109162.45,119347.04,0,0,L06_000316,LEGITIMATE_TRANSFER_CASHOUT,NONE,1,1,TRANSFER,0,0.39981475929800014,0.14811148437386384,0.03411856716345877,14256.54,
L06_000632,331,CASH_OUT,4071.95,C709031153,119347.04,0.0,CASHOUT_L06_000316,0.0,0.0,0,0,L06_000316,LEGITIMATE_TRANSFER_CASHOUT,NONE,1,2,CASH_OUT,5,0.39981475929800014,0.14811148437386384,0.03411856716345877,14256.54,115275.09
L06_000633,179,TRANSFER,12794.6,C896591471,115490.0,102695.4,C718075846,75206.63,88001.23000000001,0,0,L06_000317,LEGITIMATE_TRANSFER_CASHOUT,NONE,1,1,TRANSFER,0,0.6284979310896015,0.11078534938089878,0.0913780409660183,20835.98,
L06_000634,181,CASH_OUT,8041.38,C718075846,88001.23000000001,0.0,CASHOUT_L06_000317,0.0,0.0,0,0,L06_000317,LEGITIMATE_TRANSFER_CASHOUT,NONE,1,2,CASH_OUT,2,0.6284979310896015,0.11078534938089878,0.0913780409660183,20835.98,79959.85
L06_000635,14,TRANSFER,9662.82,C282240373,77663.0,68000.18,C103996481,34277.48,43940.3,0,0,L06_000318,LEGITIMATE_TRANSFER_CASHOUT,NONE,1,1,TRANSFER,0,0.4539384853720915,0.12441986531552991,0.09982476223421323,14049.15,
L06_000636,17,CASH_OUT,4386.33,C103996481,43940.3,0.0,CASHOUT_L06_000318,0.0,0.0,0,0,L06_000318,LEGITIMATE_TRANSFER_CASHOUT,NONE,1,2,CASH_OUT,3,0.4539384853720915,0.12441986531552991,0.09982476223421323,14049.15,39553.97
L06_000637,156,TRANSFER,16570.78,C910866714,145290.34,128719.56,C409345509,1513870.11,1530440.8900000001,0,0,L06_000319,LEGITIMATE_TRANSFER_CASHOUT,NONE,1,1,TRANSFER,0,0.2918720068577832,0.11405286820858151,0.0031602331273310395,21407.329999999998,
L06_000638,159,CASH_OUT,4836.55,C409345509,1530440.8900000001,0.0,CASHOUT_L06_000319,0.0,0.0,0,0,L06_000319,LEGITIMATE_TRANSFER_CASHOUT,NONE,1,2,CASH_OUT,3,0.2918720068577832,0.11405286820858151,0.0031602331273310395,21407.329999999998,1525604.34
L06_000639,304,TRANSFER,9347.05,C1198508679,70309.0,60961.95,C1176879193,0.0,9347.05,0,0,L06_000320,LEGITIMATE_TRANSFER_CASHOUT,NONE,1,1,TRANSFER,0,0.5167534777751049,0.13294243980144788,0.5167534141788052,14177.169999999998,
L06_000640,306,CASH_OUT,4830.12,C1176879193,9347.05,0.0,CASHOUT_L06_000320,0.0,0.0,0,0,L06_000320,LEGITIMATE_TRANSFER_CASHOUT,NONE,1,2,CASH_OUT,2,0.5167534777751049,0.13294243980144788,0.5167534141788052,14177.169999999998,4516.929999999999
L06_000641,212,TRANSFER,10859.28,C1804649890,98517.0,87657.72,C202046934,253737.58,264596.86,0,0,L06_000321,LEGITIMATE_TRANSFER_CASHOUT,NONE,1,1,TRANSFER,0,0.20358988257275218,0.11022747343098147,0.008355503538477365,13070.12,
L06_000642,214,CASH_OUT,2210.84,C202046934,264596.86,0.0,CASHOUT_L06_000321,0.0,0.0,0,0,L06_000321,LEGITIMATE_TRANSFER_CASHOUT,NONE,1,2,CASH_OUT,2,0.20358988257275218,0.11022747343098147,0.008355503538477365,13070.12,262386.01999999996
L06_000643,164,TRANSFER,25474.38,C36968544,172913.91,147439.53,C995387255,2108983.57,2134457.9499999997,0,0,L06_000322,LEGITIMATE_TRANSFER_CASHOUT,NONE,1,1,TRANSFER,0,0.424861967446985,0.14732406432773396,0.005070655057880152,36297.48,
L06_000644,168,CASH_OUT,10823.1,C995387255,2134457.9499999997,0.0,CASHOUT_L06_000322,0.0,0.0,0,0,L06_000322,LEGITIMATE_TRANSFER_CASHOUT,NONE,1,2,CASH_OUT,4,0.424861967446985,0.14732406432773396,0.005070655057880152,36297.48,2123634.8499999996
L06_000645,279,TRANSFER,23784.1,C1054430065,198074.0,174289.9,C1483387344,114055.24,137839.34,0,0,L06_000323,LEGITIMATE_TRANSFER_CASHOUT,NONE,1,1,TRANSFER,0,0.5070745366728525,0.1200768399689005,0.0874954131382231,35844.409999999996,
L06_000646,280,CASH_OUT,12060.31,C1483387344,137839.34,0.0,CASHOUT_L06_000323,0.0,0.0,0,0,L06_000323,LEGITIMATE_TRANSFER_CASHOUT,NONE,1,2,CASH_OUT,1,0.5070745366728525,0.1200768399689005,0.0874954131382231,35844.409999999996,125779.03
L06_000647,378,TRANSFER,62472.31,C999858479,803962.0,741489.69,C1262974751,42713.71,105186.01999999999,0,0,L06_000324,LEGITIMATE_TRANSFER_CASHOUT,NONE,1,1,TRANSFER,0,0.6302569932374238,0.07770555075986178,0.3743236030795728,101845.92,
L06_000648,383,CASH_OUT,39373.61,C1262974751,105186.01999999999,747677.37,CASHOUT_L06_000324,0.0,0.0,0,0,L06_000324,LEGITIMATE_TRANSFER_CASHOUT,NONE,1,2,CASH_OUT,5,0.6302569932374238,0.07770555075986178,0.3743236030795728,101845.92,65812.40999999999
L06_000649,281,TRANSFER,10704.52,C1111836717,200149.0,189444.48,C420778538,150708.43,161412.94999999998,0,0,L06_000325,LEGITIMATE_TRANSFER_CASHOUT,NONE,1,1,TRANSFER,0,0.23225585989227757,0.05348275534726629,0.015402667505921924,13190.710000000001,
L06_000650,285,CASH_OUT,2486.19,C420778538,161412.94999999998,0.0,CASHOUT_L06_000325,0.0,0.0,0,0,L06_000325,LEGITIMATE_TRANSFER_CASHOUT,NONE,1,2,CASH_OUT,4,0.23225585989227757,0.05348275534726629,0.015402667505921924,13190.710000000001,158926.75999999998
L06_000651,189,TRANSFER,21481.64,C1102893514,299547.0,278065.36,C1458977072,0.0,21481.64,0,0,L06_000326,LEGITIMATE_TRANSFER_CASHOUT,NONE,1,1,TRANSFER,0,0.44535160507713634,0.07171375443586482,0.4453514722339635,31048.519999999997,
L06_000652,192,CASH_OUT,9566.88,C1458977072,21481.64,0.0,CASHOUT_L06_000326,0.0,0.0,0,0,L06_000326,LEGITIMATE_TRANSFER_CASHOUT,NONE,1,2,CASH_OUT,3,0.44535160507713634,0.07171375443586482,0.4453514722339635,31048.519999999997,11914.76
L06_000653,372,TRANSFER,9103.8,C1411675982,62041.0,52937.2,C963750324,46856.52,55960.31999999999,0,0,L06_000327,LEGITIMATE_TRANSFER_CASHOUT,NONE,1,1,TRANSFER,0,0.5694312390700584,0.14673844715591303,0.09263688985338184,14287.789999999999,
L06_000654,376,CASH_OUT,5183.99,C963750324,55960.31999999999,0.0,CASHOUT_L06_000327,0.0,0.0,0,0,L06_000327,LEGITIMATE_TRANSFER_CASHOUT,NONE,1,2,CASH_OUT,4,0.5694312390700584,0.14673844715591303,0.09263688985338184,14287.789999999999,50776.329999999994
L06_000655,186,TRANSFER,10404.11,C490753529,181289.0,170884.89,C1145880796,162079.51,172483.62,0,0,L06_000328,LEGITIMATE_TRANSFER_CASHOUT,NONE,1,1,TRANSFER,0,0.27290222179300994,0.05738963754006035,0.016461273250178772,13243.41,
L06_000656,191,CASH_OUT,2839.3,C1145880796,172483.62,0.0,CASHOUT_L06_000328,0.0,0.0,0,0,L06_000328,LEGITIMATE_TRANSFER_CASHOUT,NONE,1,2,CASH_OUT,5,0.27290222179300994,0.05738963754006035,0.016461273250178772,13243.41,169644.32
L06_000657,187,TRANSFER,36503.68,C822870171,322941.44,286437.76,C61680555,704553.92,741057.6000000001,0,0,L06_000329,LEGITIMATE_TRANSFER_CASHOUT,NONE,1,1,TRANSFER,0,0.6433073157088287,0.11303498244139866,0.031688602883230665,59986.76,
L06_000658,189,CASH_OUT,23483.08,C61680555,741057.6000000001,206179.85,CASHOUT_L06_000329,0.0,0.0,0,0,L06_000329,LEGITIMATE_TRANSFER_CASHOUT,NONE,1,2,CASH_OUT,2,0.6433073157088287,0.11303498244139866,0.031688602883230665,59986.76,717574.5200000001
L06_000659,42,TRANSFER,14744.85,C432652488,376229.66,361484.81,C655663418,1503028.31,1517773.1600000001,0,0,L06_000330,LEGITIMATE_TRANSFER_CASHOUT,NONE,1,1,TRANSFER,0,0.2977193555375022,0.03919108876211408,0.002892283323813685,19134.68,
L06_000660,45,CASH_OUT,4389.83,C655663418,1517773.1600000001,0.0,CASHOUT_L06_000330,0.0,0.0,0,0,L06_000330,LEGITIMATE_TRANSFER_CASHOUT,NONE,1,2,CASH_OUT,3,0.2977193555375022,0.03919108876211408,0.002892283323813685,19134.68,1513383.33
L06_000661,324,TRANSFER,21746.14,C1305223708,201091.0,179344.86,C2121928258,535695.48,557441.62,0,0,L06_000331,LEGITIMATE_TRANSFER_CASHOUT,NONE,1,1,TRANSFER,0,0.6129021059472402,0.10814079197975046,0.02390969658849657,35074.4,
L06_000662,325,CASH_OUT,13328.26,C2121928258,557441.62,0.0,CASHOUT_L06_000331,0.0,0.0,0,0,L06_000331,LEGITIMATE_TRANSFER_CASHOUT,NONE,1,2,CASH_OUT,1,0.6129021059472402,0.10814079197975046,0.02390969658849657,35074.4,544113.36
L06_000663,136,TRANSFER,20913.88,C1260663421,142061.0,121147.12,C1792357724,33012.34,53926.22,0,0,L06_000332,LEGITIMATE_TRANSFER_CASHOUT,NONE,1,1,TRANSFER,0,0.4891740360680604,0.14721760370545048,0.18971346406256548,31144.410000000003,
L06_000664,139,CASH_OUT,10230.53,C1792357724,53926.22,0.0,CASHOUT_L06_000332,0.0,0.0,0,0,L06_000332,LEGITIMATE_TRANSFER_CASHOUT,NONE,1,2,CASH_OUT,3,0.4891740360680604,0.14721760370545048,0.18971346406256548,31144.410000000003,43695.69
L06_000665,183,TRANSFER,9887.9,C70508575,92330.0,82442.1,C2101924004,1394606.41,1404494.3099999998,0,0,L06_000333,LEGITIMATE_TRANSFER_CASHOUT,NONE,1,1,TRANSFER,0,0.301220416813423,0.10709303584966966,0.002120649388746901,12866.34,
L06_000666,185,CASH_OUT,2978.44,C2101924004,1404494.3099999998,510.07,CASHOUT_L06_000333,0.0,0.0,0,0,L06_000333,LEGITIMATE_TRANSFER_CASHOUT,NONE,1,2,CASH_OUT,2,0.301220416813423,0.10709303584966966,0.002120649388746901,12866.34,1401515.8699999999
L06_000667,349,TRANSFER,18624.37,C1284042271,344355.85,325731.48,C1031712723,680315.96,698940.33,0,0,L06_000334,LEGITIMATE_TRANSFER_CASHOUT,NONE,1,1,TRANSFER,0,0.28702681824102433,0.0540846627115526,0.007648278072607428,23970.059999999998,
L06_000668,354,CASH_OUT,5345.69,C1031712723,698940.33,0.0,CASHOUT_L06_000334,0.0,0.0,0,0,L06_000334,LEGITIMATE_TRANSFER_CASHOUT,NONE,1,2,CASH_OUT,5,0.28702681824102433,0.0540846627115526,0.007648278072607428,23970.059999999998,693594.64
L06_000669,180,TRANSFER,18387.57,C1665431656,213146.0,194758.43,C992209602,72870.41,91257.98000000001,0,0,L06_000335,LEGITIMATE_TRANSFER_CASHOUT,NONE,1,1,TRANSFER,0,0.434807725744553,0.08626748801291134,0.08760943426536506,26382.63,
L06_000670,182,CASH_OUT,7995.06,C992209602,91257.98000000001,0.0,CASHOUT_L06_000335,0.0,0.0,0,0,L06_000335,LEGITIMATE_TRANSFER_CASHOUT,NONE,1,2,CASH_OUT,2,0.434807725744553,0.08626748801291134,0.08760943426536506,26382.63,83262.92000000001
L06_000671,330,TRANSFER,15249.93,C863136134,138909.0,123659.07,C1307707479,0.0,15249.93,0,0,L06_000336,LEGITIMATE_TRANSFER_CASHOUT,NONE,1,1,TRANSFER,0,0.565494961637052,0.10978359933481632,0.5654950547313987,23873.690000000002,
L06_000672,335,CASH_OUT,8623.76,C1307707479,15249.93,0.0,CASHOUT_L06_000336,0.0,0.0,0,0,L06_000336,LEGITIMATE_TRANSFER_CASHOUT,NONE,1,2,CASH_OUT,5,0.565494961637052,0.10978359933481632,0.5654950547313987,23873.690000000002,6626.17
L06_000673,599,TRANSFER,15367.82,C678867308,124620.32,109252.5,C1534429215,1742258.64,1757626.46,0,0,L06_000337,LEGITIMATE_TRANSFER_CASHOUT,NONE,1,1,TRANSFER,0,0.39900931692497843,0.12331712837842175,0.0034887390122699904,21499.72,
L06_000674,604,CASH_OUT,6131.9,C1534429215,1757626.46,0.0,CASHOUT_L06_000337,0.0,0.0,0,0,L06_000337,LEGITIMATE_TRANSFER_CASHOUT,NONE,1,2,CASH_OUT,5,0.39900931692497843,0.12331712837842175,0.0034887390122699904,21499.72,1751494.56
L06_000675,301,TRANSFER,20730.92,C401043438,148642.0,127911.08,C1089300539,94444.79,115175.70999999999,0,0,L06_000338,LEGITIMATE_TRANSFER_CASHOUT,NONE,1,1,TRANSFER,0,0.5650493480643473,0.13946879078591515,0.10170538562340967,32444.909999999996,
L06_000676,305,CASH_OUT,11713.99,C1089300539,115175.70999999999,0.0,CASHOUT_L06_000338,0.0,0.0,0,0,L06_000338,LEGITIMATE_TRANSFER_CASHOUT,NONE,1,2,CASH_OUT,4,0.5650493480643473,0.13946879078591515,0.10170538562340967,32444.909999999996,103461.71999999999
L06_000677,140,TRANSFER,47847.41,C1131768201,403337.0,355489.58999999997,C757455853,2534.16,50381.57000000001,0,0,L06_000339,LEGITIMATE_TRANSFER_CASHOUT,NONE,1,1,TRANSFER,0,0.47229598030808434,0.11862886370454484,0.44853981326901876,70445.55,
L06_000678,141,CASH_OUT,22598.14,C757455853,50381.57000000001,186625.73,CASHOUT_L06_000339,0.0,0.0,0,0,L06_000339,LEGITIMATE_TRANSFER_CASHOUT,NONE,1,2,CASH_OUT,1,0.47229598030808434,0.11862886370454484,0.44853981326901876,70445.55,27783.430000000008
L06_000679,40,TRANSFER,10898.38,C1878919449,77437.0,66538.62,C337313404,173833.3,184731.68,0,0,L06_000340,LEGITIMATE_TRANSFER_CASHOUT,NONE,1,1,TRANSFER,0,0.4398287826150187,0.14073866497927345,0.025948012815127326,15691.8,
L06_000680,44,CASH_OUT,4793.42,C337313404,184731.68,0.0,CASHOUT_L06_000340,0.0,0.0,0,0,L06_000340,LEGITIMATE_TRANSFER_CASHOUT,NONE,1,2,CASH_OUT,4,0.4398287826150187,0.14073866497927345,0.025948012815127326,15691.8,179938.25999999998
L06_000681,373,TRANSFER,10076.86,C1347067741,142612.16,132535.3,C110556224,614051.97,624128.83,0,0,L06_000341,LEGITIMATE_TRANSFER_CASHOUT,NONE,1,1,TRANSFER,0,0.572542130004452,0.07065919203523739,0.009243972915015,15846.29,
L06_000682,376,CASH_OUT,5769.43,C110556224,624128.83,0.0,CASHOUT_L06_000341,0.0,0.0,0,0,L06_000341,LEGITIMATE_TRANSFER_CASHOUT,NONE,1,2,CASH_OUT,3,0.572542130004452,0.07065919203523739,0.009243972915015,15846.29,618359.3999999999
L06_000683,333,TRANSFER,14955.17,C1185000481,124456.0,109500.83,C544056116,52000.64,66955.81,0,0,L06_000342,LEGITIMATE_TRANSFER_CASHOUT,NONE,1,1,TRANSFER,0,0.29686095078258906,0.1201643150993122,0.06630656846657519,19394.78,
L06_000684,334,CASH_OUT,4439.61,C544056116,66955.81,69483.38,CASHOUT_L06_000342,0.0,0.0,0,0,L06_000342,LEGITIMATE_TRANSFER_CASHOUT,NONE,1,2,CASH_OUT,1,0.29686095078258906,0.1201643150993122,0.06630656846657519,19394.78,62516.2
L06_000685,159,TRANSFER,9087.64,C1867745299,65218.0,56130.36,C469059648,4839014.33,4848101.97,0,0,L06_000343,LEGITIMATE_TRANSFER_CASHOUT,NONE,1,1,TRANSFER,0,0.46249594521237386,0.13934251280321383,0.0008669372108936893,13290.64,
L06_000686,164,CASH_OUT,4203.0,C469059648,4848101.97,0.0,CASHOUT_L06_000343,0.0,0.0,0,0,L06_000343,LEGITIMATE_TRANSFER_CASHOUT,NONE,1,2,CASH_OUT,5,0.46249594521237386,0.13934251280321383,0.0008669372108936893,13290.64,4843898.97
L06_000687,44,TRANSFER,31504.38,C650035464,215468.02,183963.63999999998,C327581772,1921430.85,1952935.23,0,0,L06_000344,LEGITIMATE_TRANSFER_CASHOUT,NONE,1,1,TRANSFER,0,0.23159367328072522,0.14621371654132248,0.0037360276408142834,38800.6,
L06_000688,46,CASH_OUT,7296.22,C327581772,1952935.23,46785.64,CASHOUT_L06_000344,0.0,0.0,0,0,L06_000344,LEGITIMATE_TRANSFER_CASHOUT,NONE,1,2,CASH_OUT,2,0.23159367328072522,0.14621371654132248,0.0037360276408142834,38800.6,1945639.01
L06_000689,370,TRANSFER,9557.78,C153248288,66996.0,57438.22,C325784710,1781717.67,1791275.45,0,0,L06_000345,LEGITIMATE_TRANSFER_CASHOUT,NONE,1,1,TRANSFER,0,0.3473322636501924,0.14266194996716222,0.001853277227687121,12877.51,
L06_000690,373,CASH_OUT,3319.73,C325784710,1791275.45,0.0,CASHOUT_L06_000345,0.0,0.0,0,0,L06_000345,LEGITIMATE_TRANSFER_CASHOUT,NONE,1,2,CASH_OUT,3,0.3473322636501924,0.14266194996716222,0.001853277227687121,12877.51,1787955.72
L06_000691,252,TRANSFER,16434.25,C1774673610,327842.35,311408.1,C1947944919,10679089.09,10695523.34,0,0,L06_000346,LEGITIMATE_TRANSFER_CASHOUT,NONE,1,1,TRANSFER,0,0.4347348615068648,0.05012851451314939,0.0006679934934347963,23578.79,
L06_000692,254,CASH_OUT,7144.54,C1947944919,10695523.34,0.0,CASHOUT_L06_000346,0.0,0.0,0,0,L06_000346,LEGITIMATE_TRANSFER_CASHOUT,NONE,1,2,CASH_OUT,2,0.4347348615068648,0.05012851451314939,0.0006679934934347963,23578.79,10688378.8
L06_000693,11,TRANSFER,9471.66,C60149093,107090.0,97618.34,C1376621940,0.0,9471.66,0,0,L06_000347,LEGITIMATE_TRANSFER_CASHOUT,NONE,1,1,TRANSFER,0,0.5534711380267787,0.08844579325800728,0.5534710916565839,14713.95,
L06_000694,12,CASH_OUT,5242.29,C1376621940,9471.66,0.0,CASHOUT_L06_000347,0.0,0.0,0,0,L06_000347,LEGITIMATE_TRANSFER_CASHOUT,NONE,1,2,CASH_OUT,1,0.5534711380267787,0.08844579325800728,0.5534710916565839,14713.95,4229.37
L06_000695,306,TRANSFER,17847.88,C923944622,215062.02,197214.13999999998,C1287720910,10761038.51,10778886.39,0,0,L06_000348,LEGITIMATE_TRANSFER_CASHOUT,NONE,1,1,TRANSFER,0,0.42116010393138126,0.08298945578582402,0.0006973642478478707,25364.690000000002,
L06_000696,310,CASH_OUT,7516.81,C1287720910,10778886.39,0.0,CASHOUT_L06_000348,0.0,0.0,0,0,L06_000348,LEGITIMATE_TRANSFER_CASHOUT,NONE,1,2,CASH_OUT,4,0.42116010393138126,0.08298945578582402,0.0006973642478478707,25364.690000000002,10771369.58
L06_000697,137,TRANSFER,42209.06,C168916100,301556.0,259346.94,C999408717,42002.01,84211.07,0,0,L06_000349,LEGITIMATE_TRANSFER_CASHOUT,NONE,1,1,TRANSFER,0,0.6360899894325232,0.1399708843465227,0.31882696657339704,69057.81999999999,
L06_000698,140,CASH_OUT,26848.76,C999408717,84211.07,0.0,CASHOUT_L06_000349,0.0,0.0,0,0,L06_000349,LEGITIMATE_TRANSFER_CASHOUT,NONE,1,2,CASH_OUT,3,0.6360899894325232,0.1399708843465227,0.31882696657339704,69057.81999999999,57362.31000000001
L06_000699,155,TRANSFER,28655.45,C1548335744,460141.0,431485.55,C1897941132,72705.0,101360.45,0,0,L06_000350,LEGITIMATE_TRANSFER_CASHOUT,NONE,1,1,TRANSFER,0,0.3256202111699851,0.06227536776770599,0.0920555305348388,37986.240000000005,
L06_000700,160,CASH_OUT,9330.79,C1897941132,101360.45,227619.64,CASHOUT_L06_000350,0.0,0.0,0,0,L06_000350,LEGITIMATE_TRANSFER_CASHOUT,NONE,1,2,CASH_OUT,5,0.3256202111699851,0.06227536776770599,0.0920555305348388,37986.240000000005,92029.66
L06_000701,374,TRANSFER,79592.5,C1038765930,609984.0,530391.5,C2049013811,55077.59,134670.09,0,0,L06_000351,LEGITIMATE_TRANSFER_CASHOUT,NONE,1,1,TRANSFER,0,0.30955327709221814,0.13048293069982164,0.18295168585689667,104230.62,
L06_000702,379,CASH_OUT,24638.12,C2049013811,134670.09,556234.43,CASHOUT_L06_000351,0.0,0.0,0,0,L06_000351,LEGITIMATE_TRANSFER_CASHOUT,NONE,1,2,CASH_OUT,5,0.30955327709221814,0.13048293069982164,0.18295168585689667,104230.62,110031.97
L06_000703,178,TRANSFER,9970.33,C1769152346,71692.0,61721.67,C1893693864,5325916.15,5335886.48,0,0,L06_000352,LEGITIMATE_TRANSFER_CASHOUT,NONE,1,1,TRANSFER,0,0.3603394495384671,0.13907172348379176,0.0006733089269170508,13563.029999999999,
L06_000704,179,CASH_OUT,3592.7,C1893693864,5335886.48,0.0,CASHOUT_L06_000352,0.0,0.0,0,0,L06_000352,LEGITIMATE_TRANSFER_CASHOUT,NONE,1,2,CASH_OUT,1,0.3603394495384671,0.13907172348379176,0.0006733089269170508,13563.029999999999,5332293.78
L06_000705,322,TRANSFER,9086.8,C613907844,69573.0,60486.2,C202120711,0.0,9086.8,0,0,L06_000353,LEGITIMATE_TRANSFER_CASHOUT,NONE,1,1,TRANSFER,0,0.285664225487257,0.13060813821453723,0.28566382004666113,11682.57,
L06_000706,326,CASH_OUT,2595.77,C202120711,9086.8,0.0,CASHOUT_L06_000353,0.0,0.0,0,0,L06_000353,LEGITIMATE_TRANSFER_CASHOUT,NONE,1,2,CASH_OUT,4,0.285664225487257,0.13060813821453723,0.28566382004666113,11682.57,6491.029999999999
L06_000707,16,TRANSFER,9187.68,C80059473,151300.09,142112.41,C1496516324,1252829.83,1262017.51,0,0,L06_000354,LEGITIMATE_TRANSFER_CASHOUT,NONE,1,1,TRANSFER,0,0.4358803046088053,0.06072488126081089,0.003173276098205642,13192.41,
L06_000708,21,CASH_OUT,4004.73,C1496516324,1262017.51,0.0,CASHOUT_L06_000354,0.0,0.0,0,0,L06_000354,LEGITIMATE_TRANSFER_CASHOUT,NONE,1,2,CASH_OUT,5,0.4358803046088053,0.06072488126081089,0.003173276098205642,13192.41,1258012.78
L06_000709,237,TRANSFER,16900.32,C610143671,164311.97,147411.65,C699596717,1088256.88,1105157.2,0,0,L06_000355,LEGITIMATE_TRANSFER_CASHOUT,NONE,1,1,TRANSFER,0,0.5089234192556955,0.10285507501370715,0.007782576089627792,25501.29,
L06_000710,240,CASH_OUT,8600.97,C699596717,1105157.2,29853.61,CASHOUT_L06_000355,0.0,0.0,0,0,L06_000355,LEGITIMATE_TRANSFER_CASHOUT,NONE,1,2,CASH_OUT,3,0.5089234192556955,0.10285507501370715,0.007782576089627792,25501.29,1096556.23
L06_000711,614,TRANSFER,25583.93,C464878438,182697.0,157113.07,C2137406163,8642.69,34226.62,0,0,L06_000356,LEGITIMATE_TRANSFER_CASHOUT,NONE,1,1,TRANSFER,0,0.6125470351914826,0.1400347570020307,0.45787051131546147,41255.29,
L06_000712,615,CASH_OUT,15671.36,C2137406163,34226.62,120731.11,CASHOUT_L06_000356,0.0,0.0,0,0,L06_000356,LEGITIMATE_TRANSFER_CASHOUT,NONE,1,2,CASH_OUT,1,0.6125470351914826,0.1400347570020307,0.45787051131546147,41255.29,18555.260000000002
L06_000713,309,TRANSFER,16867.78,C1363624857,134652.0,117784.22,C15014141,454445.54,471313.31999999995,0,0,L06_000357,LEGITIMATE_TRANSFER_CASHOUT,NONE,1,1,TRANSFER,0,0.5266287625052937,0.12526943528503104,0.01884746223594954,25750.839999999997,
L06_000714,312,CASH_OUT,8883.06,C15014141,471313.31999999995,0.0,CASHOUT_L06_000357,0.0,0.0,0,0,L06_000357,LEGITIMATE_TRANSFER_CASHOUT,NONE,1,2,CASH_OUT,3,0.5266287625052937,0.12526943528503104,0.01884746223594954,25750.839999999997,462430.25999999995
L06_000715,130,TRANSFER,8927.21,C66680740,72170.0,63242.79,C2103896065,0.0,8927.21,0,0,L06_000358,LEGITIMATE_TRANSFER_CASHOUT,NONE,1,1,TRANSFER,0,0.3800674551451716,0.1236969654981294,0.3800672326516348,12320.15,
L06_000716,133,CASH_OUT,3392.94,C2103896065,8927.21,0.0,CASHOUT_L06_000358,0.0,0.0,0,0,L06_000358,LEGITIMATE_TRANSFER_CASHOUT,NONE,1,2,CASH_OUT,3,0.3800674551451716,0.1236969654981294,0.3800672326516348,12320.15,5534.269999999999
L06_000717,373,TRANSFER,12804.87,C490289040,153024.0,140219.13,C1567569461,302210.02,315014.89,0,0,L06_000359,LEGITIMATE_TRANSFER_CASHOUT,NONE,1,1,TRANSFER,0,0.37934182201252176,0.08367883469259725,0.015419652067875267,17662.29,
L06_000718,376,CASH_OUT,4857.42,C1567569461,315014.89,0.0,CASHOUT_L06_000359,0.0,0.0,0,0,L06_000359,LEGITIMATE_TRANSFER_CASHOUT,NONE,1,2,CASH_OUT,3,0.37934182201252176,0.08367883469259725,0.015419652067875267,17662.29,310157.47000000003
L06_000719,187,TRANSFER,9769.37,C1730162055,73136.0,63366.63,C871944735,6340.7,16110.07,0,0,L06_000360,LEGITIMATE_TRANSFER_CASHOUT,NONE,1,1,TRANSFER,0,0.29885693770558214,0.13357812841828923,0.18123074573853495,12689.01,
L06_000720,188,CASH_OUT,2919.64,C871944735,16110.07,0.0,CASHOUT_L06_000360,0.0,0.0,0,0,L06_000360,LEGITIMATE_TRANSFER_CASHOUT,NONE,1,2,CASH_OUT,1,0.29885693770558214,0.13357812841828923,0.18123074573853495,12689.01,13190.43
L06_000721,13,TRANSFER,77110.09,C1547997928,2067577.43,1990467.3399999999,C1874558205,1745537.59,1822647.6800000002,0,0,L06_000361,LEGITIMATE_TRANSFER_CASHOUT,NONE,1,1,TRANSFER,0,0.2703466095145102,0.037294898310047814,0.011437454549636274,97956.54,
L06_000722,18,CASH_OUT,20846.45,C1874558205,1822647.6800000002,1112260.47,CASHOUT_L06_000361,0.0,0.0,0,0,L06_000361,LEGITIMATE_TRANSFER_CASHOUT,NONE,1,2,CASH_OUT,5,0.2703466095145102,0.037294898310047814,0.011437454549636274,97956.54,1801801.2300000002
L06_000723,349,TRANSFER,42559.35,C756960016,493125.26,450565.91000000003,C532875689,1562420.72,1604980.07,0,0,L06_000362,LEGITIMATE_TRANSFER_CASHOUT,NONE,1,1,TRANSFER,0,0.220707566272073,0.08630535373507331,0.005852515040887704,51952.52,
L06_000724,352,CASH_OUT,9393.17,C532875689,1604980.07,0.0,CASHOUT_L06_000362,0.0,0.0,0,0,L06_000362,LEGITIMATE_TRANSFER_CASHOUT,NONE,1,2,CASH_OUT,3,0.220707566272073,0.08630535373507331,0.005852515040887704,51952.52,1595586.9000000001
L06_000725,359,TRANSFER,9815.19,C245206358,89360.0,79544.81,C2055298029,157697.35,167512.54,0,0,L06_000363,LEGITIMATE_TRANSFER_CASHOUT,NONE,1,1,TRANSFER,0,0.29152448555577554,0.10983874216651747,0.017081527150146488,12676.560000000001,
L06_000726,361,CASH_OUT,2861.37,C2055298029,167512.54,0.0,CASHOUT_L06_000363,0.0,0.0,0,0,L06_000363,LEGITIMATE_TRANSFER_CASHOUT,NONE,1,2,CASH_OUT,2,0.29152448555577554,0.10983874216651747,0.017081527150146488,12676.560000000001,164651.17
L06_000727,300,TRANSFER,30995.92,C947213363,407409.88,376413.96,C226970945,1951406.44,1982402.3599999999,0,0,L06_000364,LEGITIMATE_TRANSFER_CASHOUT,NONE,1,1,TRANSFER,0,0.2084967670620572,0.07608043280639143,0.00325995879060596,37458.47,
L06_000728,305,CASH_OUT,6462.55,C226970945,1982402.3599999999,0.0,CASHOUT_L06_000364,0.0,0.0,0,0,L06_000364,LEGITIMATE_TRANSFER_CASHOUT,NONE,1,2,CASH_OUT,5,0.2084967670620572,0.07608043280639143,0.00325995879060596,37458.47,1975939.8099999998
L06_000729,13,TRANSFER,11134.13,C1595465377,75177.0,64042.87,C1828047633,2318049.89,2329184.02,0,0,L06_000365,LEGITIMATE_TRANSFER_CASHOUT,NONE,1,1,TRANSFER,0,0.24582766748312704,0.14810553759793552,0.0011751239818311994,13871.21,
L06_000730,14,CASH_OUT,2737.08,C1828047633,2329184.02,0.0,CASHOUT_L06_000365,0.0,0.0,0,0,L06_000365,LEGITIMATE_TRANSFER_CASHOUT,NONE,1,2,CASH_OUT,1,0.24582766748312704,0.14810553759793552,0.0011751239818311994,13871.21,2326446.94
L06_000731,406,TRANSFER,11036.31,C372746495,81915.0,70878.69,C1559199129,114204.86,125241.17,0,0,L06_000366,LEGITIMATE_TRANSFER_CASHOUT,NONE,1,1,TRANSFER,0,0.429729833888572,0.13472880424830616,0.03786797903596717,15778.939999999999,
L06_000732,411,CASH_OUT,4742.63,C1559199129,125241.17,0.0,CASHOUT_L06_000366,0.0,0.0,0,0,L06_000366,LEGITIMATE_TRANSFER_CASHOUT,NONE,1,2,CASH_OUT,5,0.429729833888572,0.13472880424830616,0.03786797903596717,15778.939999999999,120498.54
L06_000733,130,TRANSFER,18389.56,C1396953585,122722.0,104332.44,C238797189,283538.66,301928.22,0,0,L06_000367,LEGITIMATE_TRANSFER_CASHOUT,NONE,1,1,TRANSFER,0,0.6216920429835617,0.14984729714313652,0.03786542377522711,29822.2,
L06_000734,132,CASH_OUT,11432.64,C238797189,301928.22,0.0,CASHOUT_L06_000367,0.0,0.0,0,0,L06_000367,LEGITIMATE_TRANSFER_CASHOUT,NONE,1,2,CASH_OUT,2,0.6216920429835617,0.14984729714313652,0.03786542377522711,29822.2,290495.57999999996
L06_000735,401,TRANSFER,33954.03,C2049994932,287494.0,253539.97,C939974487,0.0,33954.03,0,0,L06_000368,LEGITIMATE_TRANSFER_CASHOUT,NONE,1,1,TRANSFER,0,0.46979175093974523,0.11810343868045942,0.46979165654268434,49905.35,
L06_000736,406,CASH_OUT,15951.32,C939974487,33954.03,0.0,CASHOUT_L06_000368,0.0,0.0,0,0,L06_000368,LEGITIMATE_TRANSFER_CASHOUT,NONE,1,2,CASH_OUT,5,0.46979175093974523,0.11810343868045942,0.46979165654268434,49905.35,18002.71
L06_000737,38,TRANSFER,9206.61,C1329401655,289228.41,280021.8,C773243031,0.0,9206.61,0,0,L06_000369,LEGITIMATE_TRANSFER_CASHOUT,NONE,1,1,TRANSFER,0,0.5698758022694363,0.03183162400955011,0.5698753395658119,14453.23,
L06_000738,40,CASH_OUT,5246.62,C773243031,9206.61,167145.29,CASHOUT_L06_000369,0.0,0.0,0,0,L06_000369,LEGITIMATE_TRANSFER_CASHOUT,NONE,1,2,CASH_OUT,2,0.5698758022694363,0.03183162400955011,0.5698753395658119,14453.23,3959.9900000000007
L06_000739,324,TRANSFER,29408.0,C169894676,198202.0,168794.0,C1352781826,1220154.99,1249562.99,0,0,L06_000370,LEGITIMATE_TRANSFER_CASHOUT,NONE,1,1,TRANSFER,0,0.593230297336522,0.14837388119191533,0.013961457037071818,46853.72,
L06_000740,325,CASH_OUT,17445.72,C1352781826,1249562.99,0.0,CASHOUT_L06_000370,0.0,0.0,0,0,L06_000370,LEGITIMATE_TRANSFER_CASHOUT,NONE,1,2,CASH_OUT,1,0.593230297336522,0.14837388119191533,0.013961457037071818,46853.72,1232117.27
L06_000741,187,TRANSFER,22133.88,C822870171,322941.44,300807.56,C61680555,704553.92,726687.8,0,0,L06_000371,LEGITIMATE_TRANSFER_CASHOUT,NONE,1,1,TRANSFER,0,0.40998013369769815,0.06853837030020056,0.012487412063337242,31208.33,
L06_000742,189,CASH_OUT,9074.45,C61680555,726687.8,206179.85,CASHOUT_L06_000371,0.0,0.0,0,0,L06_000371,LEGITIMATE_TRANSFER_CASHOUT,NONE,1,2,CASH_OUT,2,0.40998013369769815,0.06853837030020056,0.012487412063337242,31208.33,717613.3500000001
L06_000743,282,TRANSFER,21782.1,C2016047262,167836.86,146054.75999999998,C2062052152,87936.81,109718.91,0,0,L06_000372,LEGITIMATE_TRANSFER_CASHOUT,NONE,1,1,TRANSFER,0,0.44778990726440526,0.129781384136953,0.08889807600166644,31535.899999999998,
L06_000744,285,CASH_OUT,9753.8,C2062052152,109718.91,141205.73,CASHOUT_L06_000372,0.0,0.0,0,0,L06_000372,LEGITIMATE_TRANSFER_CASHOUT,NONE,1,2,CASH_OUT,3,0.44778990726440526,0.129781384136953,0.08889807600166644,31535.899999999998,99965.11
L06_000745,525,TRANSFER,28708.62,C2061665244,210177.0,181468.38,C583809434,0.0,28708.62,0,0,L06_000373,LEGITIMATE_TRANSFER_CASHOUT,NONE,1,1,TRANSFER,0,0.6122873916982188,0.13659258624873322,0.6122875289721346,46286.55,
L06_000746,526,CASH_OUT,17577.93,C583809434,28708.62,0.0,CASHOUT_L06_000373,0.0,0.0,0,0,L06_000373,LEGITIMATE_TRANSFER_CASHOUT,NONE,1,2,CASH_OUT,1,0.6122873916982188,0.13659258624873322,0.6122875289721346,46286.55,11130.689999999999
L06_000747,402,TRANSFER,13410.4,C1010463624,140683.0,127272.6,C270723751,137770.91,151181.31,0,0,L06_000374,LEGITIMATE_TRANSFER_CASHOUT,NONE,1,1,TRANSFER,0,0.6256522649546389,0.09532352878457241,0.05549793158955958,21800.65,
L06_000748,406,CASH_OUT,8390.25,C270723751,151181.31,0.0,CASHOUT_L06_000374,0.0,0.0,0,0,L06_000374,LEGITIMATE_TRANSFER_CASHOUT,NONE,1,2,CASH_OUT,4,0.6256522649546389,0.09532352878457241,0.05549793158955958,21800.65,142791.06
L06_000749,201,TRANSFER,10007.04,C149202284,102490.0,92482.95999999999,C440739230,0.0,10007.04,0,0,L06_000375,LEGITIMATE_TRANSFER_CASHOUT,NONE,1,1,TRANSFER,0,0.4146195231910914,0.09763918431066447,0.41461910814786385,14156.150000000001,
L06_000750,202,CASH_OUT,4149.11,C440739230,10007.04,0.0,CASHOUT_L06_000375,0.0,0.0,0,0,L06_000375,LEGITIMATE_TRANSFER_CASHOUT,NONE,1,2,CASH_OUT,1,0.4146195231910914,0.09763918431066447,0.41461910814786385,14156.150000000001,5857.930000000001
L06_000751,683,TRANSFER,24816.58,C1764239250,263091.9,238275.32,C60560601,13954921.23,13979737.81,0,0,L06_000376,LEGITIMATE_TRANSFER_CASHOUT,NONE,1,1,TRANSFER,0,0.600787455915228,0.09432665923960411,0.001066507126430864,39726.07,
L06_000752,685,CASH_OUT,14909.49,C60560601,13979737.81,0.0,CASHOUT_L06_000376,0.0,0.0,0,0,L06_000376,LEGITIMATE_TRANSFER_CASHOUT,NONE,1,2,CASH_OUT,2,0.600787455915228,0.09432665923960411,0.001066507126430864,39726.07,13964828.32
L06_000753,258,TRANSFER,12786.67,C1520241497,91643.0,78856.33,C1966165312,0.0,12786.67,0,0,L06_000377,LEGITIMATE_TRANSFER_CASHOUT,NONE,1,1,TRANSFER,0,0.5835195256148533,0.13952696878103074,0.5835193994996352,20247.940000000002,
L06_000754,262,CASH_OUT,7461.27,C1966165312,12786.67,0.0,CASHOUT_L06_000377,0.0,0.0,0,0,L06_000377,LEGITIMATE_TRANSFER_CASHOUT,NONE,1,2,CASH_OUT,4,0.5835195256148533,0.13952696878103074,0.5835193994996352,20247.940000000002,5325.4
L06_000755,34,TRANSFER,13919.46,C849618465,105854.0,91934.54000000001,C1159439106,593405.46,607324.9199999999,0,0,L06_000378,LEGITIMATE_TRANSFER_CASHOUT,NONE,1,1,TRANSFER,0,0.558505251213788,0.13149677858182024,0.012800545052556053,21693.55,
L06_000756,39,CASH_OUT,7774.09,C1159439106,607324.9199999999,0.0,CASHOUT_L06_000378,0.0,0.0,0,0,L06_000378,LEGITIMATE_TRANSFER_CASHOUT,NONE,1,2,CASH_OUT,5,0.558505251213788,0.13149677858182024,0.012800545052556053,21693.55,599550.83
L06_000757,330,TRANSFER,10105.64,C710501570,228982.2,218876.56,C1591512299,873245.33,883350.97,0,0,L06_000379,LEGITIMATE_TRANSFER_CASHOUT,NONE,1,1,TRANSFER,0,0.2415141237277282,0.044132862729068016,0.0027629448349391636,12546.289999999999,
L06_000758,332,CASH_OUT,2440.65,C1591512299,883350.97,0.0,CASHOUT_L06_000379,0.0,0.0,0,0,L06_000379,LEGITIMATE_TRANSFER_CASHOUT,NONE,1,2,CASH_OUT,2,0.2415141237277282,0.044132862729068016,0.0027629448349391636,12546.289999999999,880910.32
L06_000759,160,TRANSFER,8877.74,C1713873432,59292.0,50414.26,C1994293117,1123267.69,1132145.43,0,0,L06_000380,LEGITIMATE_TRANSFER_CASHOUT,NONE,1,1,TRANSFER,0,0.3682175617293699,0.14972913715172367,0.002887385236364908,12146.68,
L06_000760,162,CASH_OUT,3268.94,C1994293117,1132145.43,0.0,CASHOUT_L06_000380,0.0,0.0,0,0,L06_000380,LEGITIMATE_TRANSFER_CASHOUT,NONE,1,2,CASH_OUT,2,0.3682175617293699,0.14972913715172367,0.002887385236364908,12146.68,1128876.49
L06_000761,160,TRANSFER,10328.85,C213296247,113627.72,103298.87,C636578016,604351.82,614680.6699999999,0,0,L06_000381,LEGITIMATE_TRANSFER_CASHOUT,NONE,1,1,TRANSFER,0,0.6050024433224008,0.09090079427801596,0.010166221755436038,16577.83,
L06_000762,162,CASH_OUT,6248.98,C636578016,614680.6699999999,0.0,CASHOUT_L06_000381,0.0,0.0,0,0,L06_000381,LEGITIMATE_TRANSFER_CASHOUT,NONE,1,2,CASH_OUT,2,0.6050024433224008,0.09090079427801596,0.010166221755436038,16577.83,608431.69
L06_000763,357,TRANSFER,10155.24,C2081483267,73081.04,62925.799999999996,C1826345381,2160729.46,2170884.7,0,0,L06_000382,LEGITIMATE_TRANSFER_CASHOUT,NONE,1,1,TRANSFER,0,0.32171023535103827,0.13895861361578873,0.0015049348314076743,13422.279999999999,
L06_000764,362,CASH_OUT,3267.04,C1826345381,2170884.7,0.0,CASHOUT_L06_000382,0.0,0.0,0,0,L06_000382,LEGITIMATE_TRANSFER_CASHOUT,NONE,1,2,CASH_OUT,5,0.32171023535103827,0.13895861361578873,0.0015049348314076743,13422.279999999999,2167617.66
L06_000765,304,TRANSFER,10678.28,C569336489,137423.0,126744.72,C723989192,37549.87,48228.15,0,0,L06_000383,LEGITIMATE_TRANSFER_CASHOUT,NONE,1,1,TRANSFER,0,0.3032447145926347,0.07770373227189044,0.06714190778622028,13916.41,
L06_000766,309,CASH_OUT,3238.13,C723989192,48228.15,0.0,CASHOUT_L06_000383,0.0,0.0,0,0,L06_000383,LEGITIMATE_TRANSFER_CASHOUT,NONE,1,2,CASH_OUT,5,0.3032447145926347,0.07770373227189044,0.06714190778622028,13916.41,44990.020000000004
L06_000767,132,TRANSFER,27533.47,C1084624991,278743.32,251209.85,C1006094903,924262.21,951795.6799999999,0,0,L06_000384,LEGITIMATE_TRANSFER_CASHOUT,NONE,1,1,TRANSFER,0,0.2926178040121327,0.09877714737702055,0.008464820937199464,35590.25,
L06_000768,137,CASH_OUT,8056.78,C1006094903,951795.6799999999,0.0,CASHOUT_L06_000384,0.0,0.0,0,0,L06_000384,LEGITIMATE_TRANSFER_CASHOUT,NONE,1,2,CASH_OUT,5,0.2926178040121327,0.09877714737702055,0.008464820937199464,35590.25,943738.8999999999
L06_000769,544,TRANSFER,31755.15,C1427398077,268913.3,237158.15,C1478798670,736981.18,768736.3300000001,0,0,L06_000385,LEGITIMATE_TRANSFER_CASHOUT,NONE,1,1,TRANSFER,0,0.3823738523068082,0.11808694475133807,0.015795194693088068,43897.490000000005,
L06_000770,549,CASH_OUT,12142.34,C1478798670,768736.3300000001,0.0,CASHOUT_L06_000385,0.0,0.0,0,0,L06_000385,LEGITIMATE_TRANSFER_CASHOUT,NONE,1,2,CASH_OUT,5,0.3823738523068082,0.11808694475133807,0.015795194693088068,43897.490000000005,756593.9900000001
L06_000771,249,TRANSFER,33324.58,C1513568030,279868.38,246543.8,C896346351,3421503.6,3454828.18,0,0,L06_000386,LEGITIMATE_TRANSFER_CASHOUT,NONE,1,1,TRANSFER,0,0.5494782477376607,0.11907232964295573,0.0053001564899820865,51635.71000000001,
L06_000772,254,CASH_OUT,18311.13,C896346351,3454828.18,0.0,CASHOUT_L06_000386,0.0,0.0,0,0,L06_000386,LEGITIMATE_TRANSFER_CASHOUT,NONE,1,2,CASH_OUT,5,0.5494782477376607,0.11907232964295573,0.0053001564899820865,51635.71000000001,3436517.0500000003
L06_000773,211,TRANSFER,10988.69,C636125144,114693.0,103704.31,C697376057,642969.74,653958.4299999999,0,0,L06_000387,LEGITIMATE_TRANSFER_CASHOUT,NONE,1,1,TRANSFER,0,0.4545323286832197,0.09580959605206944,0.007637656723837936,15983.400000000001,
L06_000774,213,CASH_OUT,4994.71,C697376057,653958.4299999999,0.0,CASHOUT_L06_000387,0.0,0.0,0,0,L06_000387,LEGITIMATE_TRANSFER_CASHOUT,NONE,1,2,CASH_OUT,2,0.4545323286832197,0.09580959605206944,0.007637656723837936,15983.400000000001,648963.72
L06_000775,283,TRANSFER,8843.03,C426487045,59688.0,50844.97,C898369643,62059.39,70902.42,0,0,L06_000388,LEGITIMATE_TRANSFER_CASHOUT,NONE,1,1,TRANSFER,0,0.40703581532882516,0.14815423535719074,0.05076596821377888,12442.460000000001,
L06_000776,285,CASH_OUT,3599.43,C898369643,70902.42,0.0,CASHOUT_L06_000388,0.0,0.0,0,0,L06_000388,LEGITIMATE_TRANSFER_CASHOUT,NONE,1,2,CASH_OUT,2,0.40703581532882516,0.14815423535719074,0.05076596821377888,12442.460000000001,67302.99
L06_000777,300,TRANSFER,8866.3,C1965811392,83188.0,74321.7,C1017453895,753838.24,762704.54,0,0,L06_000389,LEGITIMATE_TRANSFER_CASHOUT,NONE,1,1,TRANSFER,0,0.521964631375121,0.10658147809780256,0.006067749380382605,13494.199999999999,
L06_000778,302,CASH_OUT,4627.9,C1017453895,762704.54,0.0,CASHOUT_L06_000389,0.0,0.0,0,0,L06_000389,LEGITIMATE_TRANSFER_CASHOUT,NONE,1,2,CASH_OUT,2,0.521964631375121,0.10658147809780256,0.006067749380382605,13494.199999999999,758076.64
L06_000779,238,TRANSFER,10014.18,C991975536,67711.0,57696.82,C1777861253,920318.51,930332.6900000001,0,0,L06_000390,LEGITIMATE_TRANSFER_CASHOUT,NONE,1,1,TRANSFER,0,0.3715022434653772,0.147895910561061,0.003998881303418457,13734.470000000001,
L06_000780,239,CASH_OUT,3720.29,C1777861253,930332.6900000001,0.0,CASHOUT_L06_000390,0.0,0.0,0,0,L06_000390,LEGITIMATE_TRANSFER_CASHOUT,NONE,1,2,CASH_OUT,1,0.3715022434653772,0.147895910561061,0.003998881303418457,13734.470000000001,926612.4
L06_000781,36,TRANSFER,9437.43,C620242906,65931.24,56493.810000000005,C439051693,1535260.59,1544698.02,0,0,L06_000391,LEGITIMATE_TRANSFER_CASHOUT,NONE,1,1,TRANSFER,0,0.23699230412286054,0.14314049000140144,0.0014479205456610865,11674.03,
L06_000782,39,CASH_OUT,2236.6,C439051693,1544698.02,0.0,CASHOUT_L06_000391,0.0,0.0,0,0,L06_000391,LEGITIMATE_TRANSFER_CASHOUT,NONE,1,2,CASH_OUT,3,0.23699230412286054,0.14314049000140144,0.0014479205456610865,11674.03,1542461.42
L06_000783,300,TRANSFER,11286.47,C879137286,139203.0,127916.53,C1863367008,1928165.73,1939452.2,0,0,L06_000392,LEGITIMATE_TRANSFER_CASHOUT,NONE,1,1,TRANSFER,0,0.21309083343567312,0.08107921524679784,0.0012400614977775683,13691.509999999998,
L06_000784,304,CASH_OUT,2405.04,C1863367008,1939452.2,0.0,CASHOUT_L06_000392,0.0,0.0,0,0,L06_000392,LEGITIMATE_TRANSFER_CASHOUT,NONE,1,2,CASH_OUT,4,0.21309083343567312,0.08107921524679784,0.0012400614977775683,13691.509999999998,1937047.16
L06_000785,132,TRANSFER,11707.18,C1333848450,81397.0,69689.82,C431164172,0.0,11707.18,0,0,L06_000393,LEGITIMATE_TRANSFER_CASHOUT,NONE,1,1,TRANSFER,0,0.41607522105711925,0.14382815091465287,0.4160754340498736,16578.25,
L06_000786,133,CASH_OUT,4871.07,C431164172,11707.18,0.0,CASHOUT_L06_000393,0.0,0.0,0,0,L06_000393,LEGITIMATE_TRANSFER_CASHOUT,NONE,1,2,CASH_OUT,1,0.41607522105711925,0.14382815091465287,0.4160754340498736,16578.25,6836.110000000001
L06_000787,179,TRANSFER,13575.64,C1492479476,138288.0,124712.36,C1590201428,0.0,13575.64,0,0,L06_000394,LEGITIMATE_TRANSFER_CASHOUT,NONE,1,1,TRANSFER,0,0.6047753440687955,0.09816932777970612,0.6047751708206758,21785.85,
L06_000788,181,CASH_OUT,8210.21,C1590201428,13575.64,0.0,CASHOUT_L06_000394,0.0,0.0,0,0,L06_000394,LEGITIMATE_TRANSFER_CASHOUT,NONE,1,2,CASH_OUT,2,0.6047753440687955,0.09816932777970612,0.6047751708206758,21785.85,5365.43
L06_000789,96,TRANSFER,15639.55,C2002124374,396029.21,380389.66000000003,C1908837011,7733841.4,7749480.95,0,0,L06_000395,LEGITIMATE_TRANSFER_CASHOUT,NONE,1,1,TRANSFER,0,0.47221218624072325,0.03949090017880246,0.0009529915677771941,23024.739999999998,
L06_000790,97,CASH_OUT,7385.19,C1908837011,7749480.95,0.0,CASHOUT_L06_000395,0.0,0.0,0,0,L06_000395,LEGITIMATE_TRANSFER_CASHOUT,NONE,1,2,CASH_OUT,1,0.47221218624072325,0.03949090017880246,0.0009529915677771941,23024.739999999998,7742095.76
L06_000791,18,TRANSFER,9790.16,C367845390,71327.81,61537.649999999994,C1359674169,400310.59,410100.75,0,0,L06_000396,LEGITIMATE_TRANSFER_CASHOUT,NONE,1,1,TRANSFER,0,0.4069307453152429,0.13725586135337675,0.009714490890348287,13774.08,
L06_000792,22,CASH_OUT,3983.92,C1359674169,410100.75,0.0,CASHOUT_L06_000396,0.0,0.0,0,0,L06_000396,LEGITIMATE_TRANSFER_CASHOUT,NONE,1,2,CASH_OUT,4,0.4069307453152429,0.13725586135337675,0.009714490890348287,13774.08,406116.83
L06_000793,354,TRANSFER,12175.55,C1959966308,154298.0,142122.45,C879447252,5097435.14,5109610.6899999995,0,0,L06_000397,LEGITIMATE_TRANSFER_CASHOUT,NONE,1,1,TRANSFER,0,0.5471694277726187,0.07890931833205873,0.001303835146000135,18837.64,
L06_000794,357,CASH_OUT,6662.09,C879447252,5109610.6899999995,76526.61,CASHOUT_L06_000397,0.0,0.0,0,0,L06_000397,LEGITIMATE_TRANSFER_CASHOUT,NONE,1,2,CASH_OUT,3,0.5471694277726187,0.07890931833205873,0.001303835146000135,18837.64,5102948.6
L06_000795,351,TRANSFER,16870.91,C1668560728,234039.14,217168.23,C1007125654,3232456.63,3249327.54,0,0,L06_000398,LEGITIMATE_TRANSFER_CASHOUT,NONE,1,1,TRANSFER,0,0.23367352478462505,0.07208584854652944,0.0012132633449442895,20813.2,
L06_000796,356,CASH_OUT,3942.29,C1007125654,3249327.54,0.0,CASHOUT_L06_000398,0.0,0.0,0,0,L06_000398,LEGITIMATE_TRANSFER_CASHOUT,NONE,1,2,CASH_OUT,5,0.23367352478462505,0.07208584854652944,0.0012132633449442895,20813.2,3245385.25
L06_000797,283,TRANSFER,36429.98,C30726492,276223.53,239793.55000000002,C869810221,1198123.69,1234553.67,0,0,L06_000399,LEGITIMATE_TRANSFER_CASHOUT,NONE,1,1,TRANSFER,0,0.42828243361832374,0.13188586794180784,0.012638024882304226,52032.3,
L06_000798,284,CASH_OUT,15602.32,C869810221,1234553.67,0.0,CASHOUT_L06_000399,0.0,0.0,0,0,L06_000399,LEGITIMATE_TRANSFER_CASHOUT,NONE,1,2,CASH_OUT,1,0.42828243361832374,0.13188586794180784,0.012638024882304226,52032.3,1218951.3499999999
L06_000799,179,TRANSFER,13796.49,C896591471,115490.0,101693.51,C718075846,75206.63,89003.12000000001,0,0,L06_000400,LEGITIMATE_TRANSFER_CASHOUT,NONE,1,1,TRANSFER,0,0.3673814873412617,0.11946047276820504,0.05694834068738264,18865.07,
L06_000800,183,CASH_OUT,5068.58,C718075846,89003.12000000001,0.0,CASHOUT_L06_000400,0.0,0.0,0,0,L06_000400,LEGITIMATE_TRANSFER_CASHOUT,NONE,1,2,CASH_OUT,4,0.3673814873412617,0.11946047276820504,0.05694834068738264,18865.07,83934.54000000001
L06_000801,372,TRANSFER,15434.84,C604618848,105121.0,89686.16,C820854710,3822984.08,3838418.92,0,0,L06_000401,LEGITIMATE_TRANSFER_CASHOUT,NONE,1,1,TRANSFER,0,0.29197074478321877,0.14682927293309614,0.0011740563221275494,19941.36,
L06_000802,374,CASH_OUT,4506.52,C820854710,3838418.92,0.0,CASHOUT_L06_000401,0.0,0.0,0,0,L06_000401,LEGITIMATE_TRANSFER_CASHOUT,NONE,1,2,CASH_OUT,2,0.29197074478321877,0.14682927293309614,0.0011740563221275494,19941.36,3833912.4
L06_000803,347,TRANSFER,8824.2,C1028136013,59756.0,50931.8,C2121282927,5373337.0,5382161.2,0,0,L06_000402,LEGITIMATE_TRANSFER_CASHOUT,NONE,1,1,TRANSFER,0,0.24365764813308594,0.14767052680902337,0.00039948264648780865,10974.28,
L06_000804,349,CASH_OUT,2150.08,C2121282927,5382161.2,0.0,CASHOUT_L06_000402,0.0,0.0,0,0,L06_000402,LEGITIMATE_TRANSFER_CASHOUT,NONE,1,2,CASH_OUT,2,0.24365764813308594,0.14767052680902337,0.00039948264648780865,10974.28,5380011.12
L06_000805,162,TRANSFER,29457.86,C1493842667,300107.0,270649.14,C1996832643,0.0,29457.86,0,0,L06_000403,LEGITIMATE_TRANSFER_CASHOUT,NONE,1,1,TRANSFER,0,0.40865826844935293,0.09815785703099228,0.40865833431213267,41496.06,
L06_000806,164,CASH_OUT,12038.2,C1996832643,29457.86,0.0,CASHOUT_L06_000403,0.0,0.0,0,0,L06_000403,LEGITIMATE_TRANSFER_CASHOUT,NONE,1,2,CASH_OUT,2,0.40865826844935293,0.09815785703099228,0.40865833431213267,41496.06,17419.66
L06_000807,11,TRANSFER,17311.03,C245499408,204076.42,186765.39,C1091916245,392940.0,410251.03,0,0,L06_000404,LEGITIMATE_TRANSFER_CASHOUT,NONE,1,1,TRANSFER,0,0.6194597399497473,0.08482621363114856,0.026138849669676636,28034.519999999997,
L06_000808,13,CASH_OUT,10723.49,C1091916245,410251.03,0.0,CASHOUT_L06_000404,0.0,0.0,0,0,L06_000404,LEGITIMATE_TRANSFER_CASHOUT,NONE,1,2,CASH_OUT,2,0.6194597399497473,0.08482621363114856,0.026138849669676636,28034.519999999997,399527.54000000004
L06_000809,299,TRANSFER,40143.15,C202391824,305223.0,265079.85,C668107204,0.0,40143.15,0,0,L06_000405,LEGITIMATE_TRANSFER_CASHOUT,NONE,1,1,TRANSFER,0,0.5799137743459402,0.1315207241918204,0.5799138831905318,63422.72,
L06_000810,302,CASH_OUT,23279.57,C668107204,40143.15,0.0,CASHOUT_L06_000405,0.0,0.0,0,0,L06_000405,LEGITIMATE_TRANSFER_CASHOUT,NONE,1,2,CASH_OUT,3,0.5799137743459402,0.1315207241918204,0.5799138831905318,63422.72,16863.58
L06_000811,164,TRANSFER,11228.12,C1947092183,93586.63,82358.51000000001,C78428989,948925.63,960153.75,0,0,L06_000406,LEGITIMATE_TRANSFER_CASHOUT,NONE,1,1,TRANSFER,0,0.5959387464337308,0.119975684560925,0.006968956794680019,17919.39,
L06_000812,166,CASH_OUT,6691.27,C78428989,960153.75,0.0,CASHOUT_L06_000406,0.0,0.0,0,0,L06_000406,LEGITIMATE_TRANSFER_CASHOUT,NONE,1,2,CASH_OUT,2,0.5959387464337308,0.119975684560925,0.006968956794680019,17919.39,953462.48
L06_000813,306,TRANSFER,25549.84,C1464455053,250993.0,225443.16,C366957890,145945.66,171495.5,0,0,L06_000407,LEGITIMATE_TRANSFER_CASHOUT,NONE,1,1,TRANSFER,0,0.254682858892733,0.1017950301402828,0.03794332795904266,32056.95,
L06_000814,308,CASH_OUT,6507.11,C366957890,171495.5,0.0,CASHOUT_L06_000407,0.0,0.0,0,0,L06_000407,LEGITIMATE_TRANSFER_CASHOUT,NONE,1,2,CASH_OUT,2,0.254682858892733,0.1017950301402828,0.03794332795904266,32056.95,164988.39
L06_000815,382,TRANSFER,23449.48,C1008274424,164923.0,141473.52,C1712897603,81618.27,105067.75,0,0,L06_000408,LEGITIMATE_TRANSFER_CASHOUT,NONE,1,1,TRANSFER,0,0.54778785675174,0.14218441333228232,0.12225768611205627,36294.82,
L06_000816,384,CASH_OUT,12845.34,C1712897603,105067.75,0.0,CASHOUT_L06_000408,0.0,0.0,0,0,L06_000408,LEGITIMATE_TRANSFER_CASHOUT,NONE,1,2,CASH_OUT,2,0.54778785675174,0.14218441333228232,0.12225768611205627,36294.82,92222.41
L06_000817,273,TRANSFER,12086.7,C1699376260,106035.27,93948.57,C1134075142,2248119.91,2260206.6100000003,0,0,L06_000409,LEGITIMATE_TRANSFER_CASHOUT,NONE,1,1,TRANSFER,0,0.23426110257728627,0.11398754395589317,0.0012527350320420483,14918.140000000001,
L06_000818,274,CASH_OUT,2831.44,C1134075142,2260206.6100000003,0.0,CASHOUT_L06_000409,0.0,0.0,0,0,L06_000409,LEGITIMATE_TRANSFER_CASHOUT,NONE,1,2,CASH_OUT,1,0.23426110257728627,0.11398754395589317,0.0012527350320420483,14918.140000000001,2257375.1700000004
L06_000819,144,TRANSFER,42536.72,C675640601,368396.0,325859.28,C948481833,0.0,42536.72,0,0,L06_000410,LEGITIMATE_TRANSFER_CASHOUT,NONE,1,1,TRANSFER,0,0.40802418986704847,0.11546466302565718,0.4080241729968836,59892.729999999996,
L06_000820,149,CASH_OUT,17356.01,C948481833,42536.72,88261.72,CASHOUT_L06_000410,0.0,0.0,0,0,L06_000410,LEGITIMATE_TRANSFER_CASHOUT,NONE,1,2,CASH_OUT,5,0.40802418986704847,0.11546466302565718,0.4080241729968836,59892.729999999996,25180.710000000003
L06_000821,41,TRANSFER,10356.94,C1955813694,73058.0,62701.06,C1790966445,0.0,10356.94,0,0,L06_000411,LEGITIMATE_TRANSFER_CASHOUT,NONE,1,1,TRANSFER,0,0.6107448611843815,0.141763256590654,0.6107450656274922,16682.39,
L06_000822,43,CASH_OUT,6325.45,C1790966445,10356.94,0.0,CASHOUT_L06_000411,0.0,0.0,0,0,L06_000411,LEGITIMATE_TRANSFER_CASHOUT,NONE,1,2,CASH_OUT,2,0.6107448611843815,0.141763256590654,0.6107450656274922,16682.39,4031.4900000000007
L06_000823,237,TRANSFER,12352.54,C610143671,164311.97,151959.43,C699596717,1088256.88,1100609.42,0,0,L06_000412,LEGITIMATE_TRANSFER_CASHOUT,NONE,1,1,TRANSFER,0,0.5242814191113239,0.07517735926360082,0.005884203680539097,18828.75,
L06_000824,240,CASH_OUT,6476.21,C699596717,1100609.42,29853.61,CASHOUT_L06_000412,0.0,0.0,0,0,L06_000412,LEGITIMATE_TRANSFER_CASHOUT,NONE,1,2,CASH_OUT,3,0.5242814191113239,0.07517735926360082,0.005884203680539097,18828.75,1094133.21
L06_000825,301,TRANSFER,10625.5,C1733066571,195188.0,184562.5,C819823781,0.0,10625.5,0,0,L06_000413,LEGITIMATE_TRANSFER_CASHOUT,NONE,1,1,TRANSFER,0,0.2264471395398326,0.05443726048732504,0.2264467554468025,13031.61,
L06_000826,303,CASH_OUT,2406.11,C819823781,10625.5,0.0,CASHOUT_L06_000413,0.0,0.0,0,0,L06_000413,LEGITIMATE_TRANSFER_CASHOUT,NONE,1,2,CASH_OUT,2,0.2264471395398326,0.05443726048732504,0.2264467554468025,13031.61,8219.39
L06_000827,596,TRANSFER,14567.57,C1367597027,206926.0,192358.43,C23408969,0.0,14567.57,0,0,L06_000414,LEGITIMATE_TRANSFER_CASHOUT,NONE,1,1,TRANSFER,0,0.603471084721354,0.07039990141403207,0.6034712721476541,23358.68,
L06_000828,597,CASH_OUT,8791.11,C23408969,14567.57,0.0,CASHOUT_L06_000414,0.0,0.0,0,0,L06_000414,LEGITIMATE_TRANSFER_CASHOUT,NONE,1,2,CASH_OUT,1,0.603471084721354,0.07039990141403207,0.6034712721476541,23358.68,5776.459999999999
L06_000829,255,TRANSFER,41289.62,C1154001595,280384.0,239094.38,C2053561292,240362.13,281651.75,0,0,L06_000415,LEGITIMATE_TRANSFER_CASHOUT,NONE,1,1,TRANSFER,0,0.3752418438289583,0.1472609706687971,0.055009741640163784,56783.21000000001,
L06_000830,257,CASH_OUT,15493.59,C2053561292,281651.75,0.0,CASHOUT_L06_000415,0.0,0.0,0,0,L06_000415,LEGITIMATE_TRANSFER_CASHOUT,NONE,1,2,CASH_OUT,2,0.3752418438289583,0.1472609706687971,0.055009741640163784,56783.21000000001,266158.16
L06_000831,38,TRANSFER,26404.34,C1122503938,684795.0,658390.66,C1158279918,4461.62,30865.96,0,0,L06_000416,LEGITIMATE_TRANSFER_CASHOUT,NONE,1,1,TRANSFER,0,0.5343953748166106,0.03855802101358801,0.4571495589315868,40514.7,
L06_000832,40,CASH_OUT,14110.36,C1158279918,30865.96,455830.93,CASHOUT_L06_000416,0.0,0.0,0,0,L06_000416,LEGITIMATE_TRANSFER_CASHOUT,NONE,1,2,CASH_OUT,2,0.5343953748166106,0.03855802101358801,0.4571495589315868,40514.7,16755.6
L06_000833,130,TRANSFER,17453.04,C1396953585,122722.0,105268.95999999999,C238797189,283538.66,300991.69999999995,0,0,L06_000417,LEGITIMATE_TRANSFER_CASHOUT,NONE,1,1,TRANSFER,0,0.2878940711867819,0.1422160655791138,0.016693583244986494,22477.670000000002,
L06_000834,132,CASH_OUT,5024.63,C238797189,300991.69999999995,0.0,CASHOUT_L06_000417,0.0,0.0,0,0,L06_000417,LEGITIMATE_TRANSFER_CASHOUT,NONE,1,2,CASH_OUT,2,0.2878940711867819,0.1422160655791138,0.016693583244986494,22477.670000000002,295967.06999999995
L06_000835,39,TRANSFER,10596.73,C1076976722,99788.0,89191.27,C151919748,212269.29,222866.02000000002,0,0,L06_000418,LEGITIMATE_TRANSFER_CASHOUT,NONE,1,1,TRANSFER,0,0.417891901290571,0.10619242794724816,0.019869740573282547,15025.02,
L06_000836,43,CASH_OUT,4428.29,C151919748,222866.02000000002,0.0,CASHOUT_L06_000418,0.0,0.0,0,0,L06_000418,LEGITIMATE_TRANSFER_CASHOUT,NONE,1,2,CASH_OUT,4,0.417891901290571,0.10619242794724816,0.019869740573282547,15025.02,218437.73
L06_000837,281,TRANSFER,9791.48,C1543121028,99408.0,89616.52,C1886226061,163100.95,172892.43000000002,0,0,L06_000419,LEGITIMATE_TRANSFER_CASHOUT,NONE,1,1,TRANSFER,0,0.5658368381493677,0.09849790761306937,0.03204524339209067,15331.86,
L06_000838,284,CASH_OUT,5540.38,C1886226061,172892.43000000002,0.0,CASHOUT_L06_000419,0.0,0.0,0,0,L06_000419,LEGITIMATE_TRANSFER_CASHOUT,NONE,1,2,CASH_OUT,3,0.5658368381493677,0.09849790761306937,0.03204524339209067,15331.86,167352.05000000002
L06_000839,18,TRANSFER,37808.53,C1461663121,313925.27,276116.74,C112931567,22673983.77,22711792.3,0,0,L06_000420,LEGITIMATE_TRANSFER_CASHOUT,NONE,1,1,TRANSFER,0,0.44750668677055105,0.12043799468580531,0.000744968506954865,54728.1,
L06_000840,21,CASH_OUT,16919.57,C112931567,22711792.3,159062.22,CASHOUT_L06_000420,0.0,0.0,0,0,L06_000420,LEGITIMATE_TRANSFER_CASHOUT,NONE,1,2,CASH_OUT,3,0.44750668677055105,0.12043799468580531,0.000744968506954865,54728.1,22694872.73
L06_000841,259,TRANSFER,22605.65,C926270968,162163.0,139557.35,C753822398,415045.69,437651.34,0,0,L06_000421,LEGITIMATE_TRANSFER_CASHOUT,NONE,1,1,TRANSFER,0,0.36700350364171436,0.13940078809592818,0.018956528272025853,30902.0,
L06_000842,263,CASH_OUT,8296.35,C753822398,437651.34,0.0,CASHOUT_L06_000421,0.0,0.0,0,0,L06_000421,LEGITIMATE_TRANSFER_CASHOUT,NONE,1,2,CASH_OUT,4,0.36700350364171436,0.13940078809592818,0.018956528272025853,30902.0,429354.99000000005
L06_000843,374,TRANSFER,43623.52,C1375075901,352462.0,308838.48,C137975629,0.0,43623.52,0,0,L06_000422,LEGITIMATE_TRANSFER_CASHOUT,NONE,1,1,TRANSFER,0,0.40810127362549803,0.12376800903359794,0.40810118028072934,61426.33,
L06_000844,377,CASH_OUT,17802.81,C137975629,43623.52,0.0,CASHOUT_L06_000422,0.0,0.0,0,0,L06_000422,LEGITIMATE_TRANSFER_CASHOUT,NONE,1,2,CASH_OUT,3,0.40810127362549803,0.12376800903359794,0.40810118028072934,61426.33,25820.709999999995
L06_000845,273,TRANSFER,11159.55,C228693025,140867.0,129707.45,C303103282,8412.84,19572.39,0,0,L06_000423,LEGITIMATE_TRANSFER_CASHOUT,NONE,1,1,TRANSFER,0,0.3084360207999112,0.07922047037276296,0.17586048510171728,14601.56,
L06_000846,278,CASH_OUT,3442.01,C303103282,19572.39,0.0,CASHOUT_L06_000423,0.0,0.0,0,0,L06_000423,LEGITIMATE_TRANSFER_CASHOUT,NONE,1,2,CASH_OUT,5,0.3084360207999112,0.07922047037276296,0.17586048510171728,14601.56,16130.38
L06_000847,376,TRANSFER,40821.17,C2079847151,317180.83,276359.66000000003,C1460735297,27007660.87,27048482.040000003,0,0,L06_000424,LEGITIMATE_TRANSFER_CASHOUT,NONE,1,1,TRANSFER,0,0.44512807809804245,0.12869999110601985,0.0006717807665926971,58991.82,
L06_000848,380,CASH_OUT,18170.65,C1460735297,27048482.040000003,0.0,CASHOUT_L06_000424,0.0,0.0,0,0,L06_000424,LEGITIMATE_TRANSFER_CASHOUT,NONE,1,2,CASH_OUT,4,0.44512807809804245,0.12869999110601985,0.0006717807665926971,58991.82,27030311.390000004
L06_000849,307,TRANSFER,15929.14,C863524424,144271.0,128341.86,C129852166,1643302.58,1659231.72,0,0,L06_000425,LEGITIMATE_TRANSFER_CASHOUT,NONE,1,1,TRANSFER,0,0.5648908737045408,0.11041123995813434,0.0054231304112242985,24927.37,
L06_000850,312,CASH_OUT,8998.23,C129852166,1659231.72,0.0,CASHOUT_L06_000425,0.0,0.0,0,0,L06_000425,LEGITIMATE_TRANSFER_CASHOUT,NONE,1,2,CASH_OUT,5,0.5648908737045408,0.11041123995813434,0.0054231304112242985,24927.37,1650233.49
L06_000851,278,TRANSFER,117563.31,C191028016,841653.0,724089.69,C1012565110,572911.82,690475.1299999999,0,0,L06_000426,LEGITIMATE_TRANSFER_CASHOUT,NONE,1,1,TRANSFER,0,0.49321372949313635,0.13968144829282375,0.08397672483873533,175547.15,
L06_000852,281,CASH_OUT,57983.84,C1012565110,690475.1299999999,615253.32,CASHOUT_L06_000426,0.0,0.0,0,0,L06_000426,LEGITIMATE_TRANSFER_CASHOUT,NONE,1,2,CASH_OUT,3,0.49321372949313635,0.13968144829282375,0.08397672483873533,175547.15,632491.2899999999
L06_000853,307,TRANSFER,9512.3,C1925919821,105498.0,95985.7,C1462732061,2398118.89,2407631.19,0,0,L06_000427,LEGITIMATE_TRANSFER_CASHOUT,NONE,1,1,TRANSFER,0,0.2530259197291013,0.09016569034484065,0.0009996796893132125,11919.16,
L06_000854,312,CASH_OUT,2406.86,C1462732061,2407631.19,46429.93,CASHOUT_L06_000427,0.0,0.0,0,0,L06_000427,LEGITIMATE_TRANSFER_CASHOUT,NONE,1,2,CASH_OUT,5,0.2530259197291013,0.09016569034484065,0.0009996796893132125,11919.16,2405224.33
L06_000855,323,TRANSFER,9125.58,C1373315992,62725.0,53599.42,C438707118,19869.0,28994.58,0,0,L06_000428,LEGITIMATE_TRANSFER_CASHOUT,NONE,1,1,TRANSFER,0,0.2421161480040699,0.14548553208449583,0.07620217295784246,11335.029999999999,
L06_000856,326,CASH_OUT,2209.45,C438707118,28994.58,188.79,CASHOUT_L06_000428,0.0,0.0,0,0,L06_000428,LEGITIMATE_TRANSFER_CASHOUT,NONE,1,2,CASH_OUT,3,0.2421161480040699,0.14548553208449583,0.07620217295784246,11335.029999999999,26785.13
L06_000857,163,TRANSFER,29164.74,C518015880,206248.0,177083.26,C409345509,1854377.38,1883542.1199999999,0,0,L06_000429,LEGITIMATE_TRANSFER_CASHOUT,NONE,1,1,TRANSFER,0,0.6153049090590657,0.1414061712113572,0.009527373882140741,47109.95,
L06_000858,168,CASH_OUT,17945.21,C409345509,1883542.1199999999,0.0,CASHOUT_L06_000429,0.0,0.0,0,0,L06_000429,LEGITIMATE_TRANSFER_CASHOUT,NONE,1,2,CASH_OUT,5,0.6153049090590657,0.1414061712113572,0.009527373882140741,47109.95,1865596.91
L06_000859,304,TRANSFER,12203.62,C1329408438,132675.0,120471.38,C1503674418,32025.34,44228.96,0,0,L06_000430,LEGITIMATE_TRANSFER_CASHOUT,NONE,1,1,TRANSFER,0,0.5911785620032942,0.09198130770680234,0.16311755917389875,19418.14,
L06_000860,309,CASH_OUT,7214.52,C1503674418,44228.96,0.0,CASHOUT_L06_000430,0.0,0.0,0,0,L06_000430,LEGITIMATE_TRANSFER_CASHOUT,NONE,1,2,CASH_OUT,5,0.5911785620032942,0.09198130770680234,0.16311755917389875,19418.14,37014.44
L06_000861,158,TRANSFER,9515.79,C1252032014,158372.0,148856.21,C1496269072,127927.84,137443.63,0,0,L06_000431,LEGITIMATE_TRANSFER_CASHOUT,NONE,1,1,TRANSFER,0,0.33400431925399404,0.060085052913393784,0.023124462006715044,12694.1,
L06_000862,161,CASH_OUT,3178.31,C1496269072,137443.63,0.0,CASHOUT_L06_000431,0.0,0.0,0,0,L06_000431,LEGITIMATE_TRANSFER_CASHOUT,NONE,1,2,CASH_OUT,3,0.33400431925399404,0.060085052913393784,0.023124462006715044,12694.1,134265.32
L06_000863,135,TRANSFER,41448.93,C717992787,346783.13,305334.2,C1467247427,103482.83,144931.76,0,0,L06_000432,LEGITIMATE_TRANSFER_CASHOUT,NONE,1,1,TRANSFER,0,0.3662831334666598,0.1195240668137461,0.10475302307789541,56630.97,
L06_000864,139,CASH_OUT,15182.04,C1467247427,144931.76,307570.99,CASHOUT_L06_000432,0.0,0.0,0,0,L06_000432,LEGITIMATE_TRANSFER_CASHOUT,NONE,1,2,CASH_OUT,4,0.3662831334666598,0.1195240668137461,0.10475302307789541,56630.97,129749.72
L06_000865,285,TRANSFER,11226.64,C448912320,104971.0,93744.36,C548893907,0.0,11226.64,0,0,L06_000433,LEGITIMATE_TRANSFER_CASHOUT,NONE,1,1,TRANSFER,0,0.4605754070296167,0.10694991950157662,0.46057502511882453,16397.35,
L06_000866,287,CASH_OUT,5170.71,C548893907,11226.64,0.0,CASHOUT_L06_000433,0.0,0.0,0,0,L06_000433,LEGITIMATE_TRANSFER_CASHOUT,NONE,1,2,CASH_OUT,2,0.4605754070296167,0.10694991950157662,0.46057502511882453,16397.35,6055.929999999999
L06_000867,19,TRANSFER,11243.8,C1365617678,232180.0,220936.2,C1874028822,305261.69,316505.49,0,0,L06_000434,LEGITIMATE_TRANSFER_CASHOUT,NONE,1,1,TRANSFER,0,0.24911315286532307,0.048427082436041,0.008849704313185847,14044.779999999999,
L06_000868,23,CASH_OUT,2800.98,C1874028822,316505.49,0.0,CASHOUT_L06_000434,0.0,0.0,0,0,L06_000434,LEGITIMATE_TRANSFER_CASHOUT,NONE,1,2,CASH_OUT,4,0.24911315286532307,0.048427082436041,0.008849704313185847,14044.779999999999,313704.51
L06_000869,44,TRANSFER,13563.74,C92977663,445941.0,432377.26,C585231893,705381.47,718945.21,0,0,L06_000435,LEGITIMATE_TRANSFER_CASHOUT,NONE,1,1,TRANSFER,0,0.44855907163419095,0.03041599673499409,0.008462592024223933,19647.88,
L06_000870,49,CASH_OUT,6084.14,C585231893,718945.21,318302.75,CASHOUT_L06_000435,0.0,0.0,0,0,L06_000435,LEGITIMATE_TRANSFER_CASHOUT,NONE,1,2,CASH_OUT,5,0.44855907163419095,0.03041599673499409,0.008462592024223933,19647.88,712861.07
L06_000871,378,TRANSFER,94529.68,C999858479,803962.0,709432.3200000001,C1262974751,42713.71,137243.38999999998,0,0,L06_000436,LEGITIMATE_TRANSFER_CASHOUT,NONE,1,1,TRANSFER,0,0.4212513044157525,0.11757978610929372,0.29014694259592394,134350.43,
L06_000872,383,CASH_OUT,39820.75,C1262974751,137243.38999999998,747677.37,CASHOUT_L06_000436,0.0,0.0,0,0,L06_000436,LEGITIMATE_TRANSFER_CASHOUT,NONE,1,2,CASH_OUT,5,0.4212513044157525,0.11757978610929372,0.29014694259592394,134350.43,97422.63999999998
L06_000873,276,TRANSFER,9385.55,C281760839,62799.0,53413.45,C549158478,61954.29,71339.84,0,0,L06_000437,LEGITIMATE_TRANSFER_CASHOUT,NONE,1,1,TRANSFER,0,0.33909497063157884,0.14945381295880505,0.04461167841138977,12568.14,
L06_000874,277,CASH_OUT,3182.59,C549158478,71339.84,0.0,CASHOUT_L06_000437,0.0,0.0,0,0,L06_000437,LEGITIMATE_TRANSFER_CASHOUT,NONE,1,2,CASH_OUT,1,0.33909497063157884,0.14945381295880505,0.04461167841138977,12568.14,68157.25
L06_000875,37,TRANSFER,21823.73,C545145282,409040.0,387216.27,C1602038354,3821.58,25645.309999999998,0,0,L06_000438,LEGITIMATE_TRANSFER_CASHOUT,NONE,1,1,TRANSFER,0,0.5140108815511221,0.05335353510659104,0.43741448241413344,33041.36,
L06_000876,40,CASH_OUT,11217.63,C1602038354,25645.309999999998,264835.79,CASHOUT_L06_000438,0.0,0.0,0,0,L06_000438,LEGITIMATE_TRANSFER_CASHOUT,NONE,1,2,CASH_OUT,3,0.5140108815511221,0.05335353510659104,0.43741448241413344,33041.36,14427.679999999998
L06_000877,289,TRANSFER,13413.12,C1156253934,99683.0,86269.88,C1923703983,791074.48,804487.6,0,0,L06_000439,LEGITIMATE_TRANSFER_CASHOUT,NONE,1,1,TRANSFER,0,0.4943979168347423,0.1345577480613545,0.00824303569128971,20044.54,
L06_000878,291,CASH_OUT,6631.42,C1923703983,804487.6,74110.29,CASHOUT_L06_000439,0.0,0.0,0,0,L06_000439,LEGITIMATE_TRANSFER_CASHOUT,NONE,1,2,CASH_OUT,2,0.4943979168347423,0.1345577480613545,0.00824303569128971,20044.54,797856.1799999999
L06_000879,230,TRANSFER,11854.75,C1174569777,93769.1,81914.35,C2074167473,216670.79,228525.54,0,0,L06_000440,LEGITIMATE_TRANSFER_CASHOUT,NONE,1,1,TRANSFER,0,0.6467530859449538,0.12642490969839743,0.03355029814173068,19521.85,
L06_000880,233,CASH_OUT,7667.1,C2074167473,228525.54,0.0,CASHOUT_L06_000440,0.0,0.0,0,0,L06_000440,LEGITIMATE_TRANSFER_CASHOUT,NONE,1,2,CASH_OUT,3,0.6467530859449538,0.12642490969839743,0.03355029814173068,19521.85,220858.44
L06_000881,154,TRANSFER,87663.93,C1898132409,614685.17,527021.24,C1968101532,7520165.58,7607829.51,0,0,L06_000441,LEGITIMATE_TRANSFER_CASHOUT,NONE,1,1,TRANSFER,0,0.6182575976034856,0.14261598339846068,0.007124093662819213,141862.82,
L06_000882,158,CASH_OUT,54198.89,C1968101532,7607829.51,153202.85,CASHOUT_L06_000441,0.0,0.0,0,0,L06_000441,LEGITIMATE_TRANSFER_CASHOUT,NONE,1,2,CASH_OUT,4,0.6182575976034856,0.14261598339846068,0.007124093662819213,141862.82,7553630.62
L06_000883,39,TRANSFER,24457.49,C2035798294,179841.0,155383.51,C476231093,2000260.77,2024718.26,0,0,L06_000442,LEGITIMATE_TRANSFER_CASHOUT,NONE,1,1,TRANSFER,0,0.2660874228472364,0.13599507342597073,0.003214190402965003,30965.32,
L06_000884,43,CASH_OUT,6507.83,C476231093,2024718.26,0.0,CASHOUT_L06_000442,0.0,0.0,0,0,L06_000442,LEGITIMATE_TRANSFER_CASHOUT,NONE,1,2,CASH_OUT,4,0.2660874228472364,0.13599507342597073,0.003214190402965003,30965.32,2018210.43
L06_000885,95,TRANSFER,12353.11,C1008893605,125809.0,113455.89,C522157786,57074.75,69427.86,0,0,L06_000443,LEGITIMATE_TRANSFER_CASHOUT,NONE,1,1,TRANSFER,0,0.5401592305800598,0.09818939821475411,0.09610911239378543,19025.760000000002,
L06_000886,99,CASH_OUT,6672.65,C522157786,69427.86,15016.94,CASHOUT_L06_000443,0.0,0.0,0,0,L06_000443,LEGITIMATE_TRANSFER_CASHOUT,NONE,1,2,CASH_OUT,4,0.5401592305800598,0.09818939821475411,0.09610911239378543,19025.760000000002,62755.21
L06_000887,374,TRANSFER,9665.21,C1327334286,82674.0,73008.79000000001,C564233215,372261.18,381926.39,0,0,L06_000444,LEGITIMATE_TRANSFER_CASHOUT,NONE,1,1,TRANSFER,0,0.46380870210244307,0.11690749207731571,0.011737366459542114,14148.02,
L06_000888,377,CASH_OUT,4482.81,C564233215,381926.39,0.0,CASHOUT_L06_000444,0.0,0.0,0,0,L06_000444,LEGITIMATE_TRANSFER_CASHOUT,NONE,1,2,CASH_OUT,3,0.46380870210244307,0.11690749207731571,0.011737366459542114,14148.02,377443.58
L06_000889,442,TRANSFER,9700.4,C1440675748,99235.0,89534.6,C1407983226,0.0,9700.4,0,0,L06_000445,LEGITIMATE_TRANSFER_CASHOUT,NONE,1,1,TRANSFER,0,0.2877511860643297,0.0977518012797904,0.2877510205764711,12491.7,
L06_000890,447,CASH_OUT,2791.3,C1407983226,9700.4,0.0,CASHOUT_L06_000445,0.0,0.0,0,0,L06_000445,LEGITIMATE_TRANSFER_CASHOUT,NONE,1,2,CASH_OUT,5,0.2877511860643297,0.0977518012797904,0.2877510205764711,12491.7,6909.099999999999
L06_000891,188,TRANSFER,31712.32,C367201259,222759.0,191046.68,C1936988861,289338.35,321050.67,0,0,L06_000446,LEGITIMATE_TRANSFER_CASHOUT,NONE,1,1,TRANSFER,0,0.4204740479679608,0.14236156563820093,0.04153303900596127,45046.53,
L06_000892,192,CASH_OUT,13334.21,C1936988861,321050.67,119681.22,CASHOUT_L06_000446,0.0,0.0,0,0,L06_000446,LEGITIMATE_TRANSFER_CASHOUT,NONE,1,2,CASH_OUT,4,0.4204740479679608,0.14236156563820093,0.04153303900596127,45046.53,307716.45999999996
L06_000893,370,TRANSFER,82168.03,C1049815654,4612466.28,4530298.25,C1048055990,11341387.16,11423555.19,0,0,L06_000447,LEGITIMATE_TRANSFER_CASHOUT,NONE,1,1,TRANSFER,0,0.41749235232012893,0.01781433727901421,0.003002963563394838,116472.54999999999,
L06_000894,374,CASH_OUT,34304.52,C1048055990,11423555.19,3014591.93,CASHOUT_L06_000447,0.0,0.0,0,0,L06_000447,LEGITIMATE_TRANSFER_CASHOUT,NONE,1,2,CASH_OUT,4,0.41749235232012893,0.01781433727901421,0.003002963563394838,116472.54999999999,11389250.67
L06_000895,397,TRANSFER,9005.25,C1377308775,61364.0,52358.75,C965690397,3278.87,12284.119999999999,0,0,L06_000448,LEGITIMATE_TRANSFER_CASHOUT,NONE,1,1,TRANSFER,0,0.5003119782155941,0.14675135258457728,0.36676864113994334,13510.68,
L06_000896,402,CASH_OUT,4505.43,C965690397,12284.119999999999,0.0,CASHOUT_L06_000448,0.0,0.0,0,0,L06_000448,LEGITIMATE_TRANSFER_CASHOUT,NONE,1,2,CASH_OUT,5,0.5003119782155941,0.14675135258457728,0.36676864113994334,13510.68,7778.689999999999
L06_000897,277,TRANSFER,19251.74,C1065652433,161859.0,142607.26,C2116410059,1898856.87,1918108.61,0,0,L06_000449,LEGITIMATE_TRANSFER_CASHOUT,NONE,1,1,TRANSFER,0,0.49963535601538667,0.118941424326111,0.005014757740960247,28870.590000000004,
L06_000898,278,CASH_OUT,9618.85,C2116410059,1918108.61,0.0,CASHOUT_L06_000449,0.0,0.0,0,0,L06_000449,LEGITIMATE_TRANSFER_CASHOUT,NONE,1,2,CASH_OUT,1,0.49963535601538667,0.118941424326111,0.005014757740960247,28870.590000000004,1908489.76
L06_000899,130,TRANSFER,11246.47,C1805575350,79576.0,68329.53,C845029917,50697.27,61943.74,0,0,L06_000450,LEGITIMATE_TRANSFER_CASHOUT,NONE,1,1,TRANSFER,0,0.5505136585424983,0.14132992359505378,0.09995102007079328,17437.809999999998,
L06_000900,135,CASH_OUT,6191.34,C845029917,61943.74,26138.45,CASHOUT_L06_000450,0.0,0.0,0,0,L06_000450,LEGITIMATE_TRANSFER_CASHOUT,NONE,1,2,CASH_OUT,5,0.5505136585424983,0.14132992359505378,0.09995102007079328,17437.809999999998,55752.399999999994
L06_000901,350,TRANSFER,42467.04,C1214307954,313610.75,271143.71,C755452634,3795586.1,3838053.14,0,0,L06_000451,LEGITIMATE_TRANSFER_CASHOUT,NONE,1,1,TRANSFER,0,0.23549504701308752,0.13541321526765265,0.0026056908633630854,52467.82,
L06_000902,351,CASH_OUT,10000.78,C755452634,3838053.14,152233.65,CASHOUT_L06_000451,0.0,0.0,0,0,L06_000451,LEGITIMATE_TRANSFER_CASHOUT,NONE,1,2,CASH_OUT,1,0.23549504701308752,0.13541321526765265,0.0026056908633630854,52467.82,3828052.3600000003
L06_000903,324,TRANSFER,9834.46,C1010295665,69968.0,60133.54,C54098712,2057689.54,2067524.0,0,0,L06_000452,LEGITIMATE_TRANSFER_CASHOUT,NONE,1,1,TRANSFER,0,0.43460554128875145,0.14055654013263205,0.0020672601623971474,14108.57,
L06_000904,328,CASH_OUT,4274.11,C54098712,2067524.0,0.0,CASHOUT_L06_000452,0.0,0.0,0,0,L06_000452,LEGITIMATE_TRANSFER_CASHOUT,NONE,1,2,CASH_OUT,4,0.43460554128875145,0.14055654013263205,0.0020672601623971474,14108.57,2063249.89
L06_000905,187,TRANSFER,21161.84,C718767370,202825.52,181663.68,C1926667555,530899.34,552061.1799999999,0,0,L06_000453,LEGITIMATE_TRANSFER_CASHOUT,NONE,1,1,TRANSFER,0,0.33743474257086026,0.104335194111668,0.012934689593642502,28302.58,
L06_000906,188,CASH_OUT,7140.74,C1926667555,552061.1799999999,22303.25,CASHOUT_L06_000453,0.0,0.0,0,0,L06_000453,LEGITIMATE_TRANSFER_CASHOUT,NONE,1,2,CASH_OUT,1,0.33743474257086026,0.104335194111668,0.012934689593642502,28302.58,544920.44
L06_000907,379,TRANSFER,24045.46,C423757114,212102.14,188056.68000000002,C386794230,1377489.37,1401534.83,0,0,L06_000454,LEGITIMATE_TRANSFER_CASHOUT,NONE,1,1,TRANSFER,0,0.253486779410639,0.11336736159286274,0.0043489536396323445,30140.67,
L06_000908,380,CASH_OUT,6095.21,C386794230,1401534.83,0.0,CASHOUT_L06_000454,0.0,0.0,0,0,L06_000454,LEGITIMATE_TRANSFER_CASHOUT,NONE,1,2,CASH_OUT,1,0.253486779410639,0.11336736159286274,0.0043489536396323445,30140.67,1395439.62
L06_000909,164,TRANSFER,19560.84,C36968544,172913.91,153353.07,C995387255,2108983.57,2128544.4099999997,0,0,L06_000455,LEGITIMATE_TRANSFER_CASHOUT,NONE,1,1,TRANSFER,0,0.4080914770695096,0.11312473357406584,0.003750267066309413,27543.45,
L06_000910,165,CASH_OUT,7982.61,C995387255,2128544.4099999997,0.0,CASHOUT_L06_000455,0.0,0.0,0,0,L06_000455,LEGITIMATE_TRANSFER_CASHOUT,NONE,1,2,CASH_OUT,1,0.4080914770695096,0.11312473357406584,0.003750267066309413,27543.45,2120561.8
L06_000911,136,TRANSFER,13367.11,C588454094,214741.0,201373.89,C939244695,465346.72,478713.82999999996,0,0,L06_000456,LEGITIMATE_TRANSFER_CASHOUT,NONE,1,1,TRANSFER,0,0.5267545345442681,0.062247591284384444,0.014708557720172823,20408.3,
L06_000912,140,CASH_OUT,7041.19,C939244695,478713.82999999996,0.0,CASHOUT_L06_000456,0.0,0.0,0,0,L06_000456,LEGITIMATE_TRANSFER_CASHOUT,NONE,1,2,CASH_OUT,4,0.5267545345442681,0.062247591284384444,0.014708557720172823,20408.3,471672.63999999996
L06_000913,323,TRANSFER,17820.81,C290937167,319131.23,301310.42,C934213749,3108569.59,3126390.4,0,0,L06_000457,LEGITIMATE_TRANSFER_CASHOUT,NONE,1,1,TRANSFER,0,0.28675487613801476,0.055841636056740675,0.001634536748833415,22931.010000000002,
L06_000914,324,CASH_OUT,5110.2,C934213749,3126390.4,0.0,CASHOUT_L06_000457,0.0,0.0,0,0,L06_000457,LEGITIMATE_TRANSFER_CASHOUT,NONE,1,2,CASH_OUT,1,0.28675487613801476,0.055841636056740675,0.001634536748833415,22931.010000000002,3121280.1999999997
L06_000915,18,TRANSFER,8774.77,C765092515,60898.0,52123.229999999996,C1125947131,77141.84,85916.61,0,0,L06_000458,LEGITIMATE_TRANSFER_CASHOUT,NONE,1,1,TRANSFER,0,0.2982256965075642,0.1440896252750501,0.03045813842049867,11391.630000000001,
L06_000916,21,CASH_OUT,2616.86,C1125947131,85916.61,0.0,CASHOUT_L06_000458,0.0,0.0,0,0,L06_000458,LEGITIMATE_TRANSFER_CASHOUT,NONE,1,2,CASH_OUT,3,0.2982256965075642,0.1440896252750501,0.03045813842049867,11391.630000000001,83299.75
L06_000917,21,TRANSFER,10007.76,C1790059443,78094.0,68086.24,C448555696,0.0,10007.76,0,0,L06_000459,LEGITIMATE_TRANSFER_CASHOUT,NONE,1,1,TRANSFER,0,0.46363119578663803,0.1281501779906267,0.4636312221715948,14647.67,
L06_000918,26,CASH_OUT,4639.91,C448555696,10007.76,0.0,CASHOUT_L06_000459,0.0,0.0,0,0,L06_000459,LEGITIMATE_TRANSFER_CASHOUT,NONE,1,2,CASH_OUT,5,0.46363119578663803,0.1281501779906267,0.4636312221715948,14647.67,5367.85
L06_000919,594,TRANSFER,8743.23,C832636910,59846.0,51102.770000000004,C1067601294,145554.39,154297.62000000002,0,0,L06_000460,LEGITIMATE_TRANSFER_CASHOUT,NONE,1,1,TRANSFER,0,0.2803784767411799,0.146095478394546,0.015887542529819963,11194.64,
L06_000920,595,CASH_OUT,2451.41,C1067601294,154297.62000000002,18176.37,CASHOUT_L06_000460,0.0,0.0,0,0,L06_000460,LEGITIMATE_TRANSFER_CASHOUT,NONE,1,2,CASH_OUT,1,0.2803784767411799,0.146095478394546,0.015887542529819963,11194.64,151846.21000000002
L06_000921,18,TRANSFER,14348.98,C1180963417,324707.76,310358.78,C2017149919,10218318.27,10232667.25,0,0,L06_000461,LEGITIMATE_TRANSFER_CASHOUT,NONE,1,1,TRANSFER,0,0.4471257792553974,0.04419044373931808,0.0006269919507057165,20764.78,
L06_000922,21,CASH_OUT,6415.8,C2017149919,10232667.25,0.0,CASHOUT_L06_000461,0.0,0.0,0,0,L06_000461,LEGITIMATE_TRANSFER_CASHOUT,NONE,1,2,CASH_OUT,3,0.4471257792553974,0.04419044373931808,0.0006269919507057165,20764.78,10226251.45
L06_000923,353,TRANSFER,9890.12,C966944215,261504.32,251614.2,C1277716905,2606869.31,2616759.43,0,0,L06_000462,LEGITIMATE_TRANSFER_CASHOUT,NONE,1,1,TRANSFER,0,0.4544740550964872,0.0378201017864638,0.0017176970677812748,14384.920000000002,
L06_000924,355,CASH_OUT,4494.8,C1277716905,2616759.43,78883.4,CASHOUT_L06_000462,0.0,0.0,0,0,L06_000462,LEGITIMATE_TRANSFER_CASHOUT,NONE,1,2,CASH_OUT,2,0.4544740550964872,0.0378201017864638,0.0017176970677812748,14384.920000000002,2612264.6300000004
L06_000925,207,TRANSFER,10692.17,C1164957607,296169.0,285476.83,C232402728,0.0,10692.17,0,0,L06_000463,LEGITIMATE_TRANSFER_CASHOUT,NONE,1,1,TRANSFER,0,0.29870609762039146,0.03610158389298002,0.2987064365792912,13885.99,
L06_000926,209,CASH_OUT,3193.82,C232402728,10692.17,0.0,CASHOUT_L06_000463,0.0,0.0,0,0,L06_000463,LEGITIMATE_TRANSFER_CASHOUT,NONE,1,2,CASH_OUT,2,0.29870609762039146,0.03610158389298002,0.2987064365792912,13885.99,7498.35
L06_000927,235,TRANSFER,55971.79,C1334101500,436458.0,380486.21,C1620133008,0.0,55971.79,0,0,L06_000464,LEGITIMATE_TRANSFER_CASHOUT,NONE,1,1,TRANSFER,0,0.25033202720199754,0.12824095331051327,0.25033199760093433,69983.32,
L06_000928,240,CASH_OUT,14011.53,C1620133008,55971.79,0.0,CASHOUT_L06_000464,0.0,0.0,0,0,L06_000464,LEGITIMATE_TRANSFER_CASHOUT,NONE,1,2,CASH_OUT,5,0.25033202720199754,0.12824095331051327,0.25033199760093433,69983.32,41960.26
L06_000929,141,TRANSFER,10789.82,C1753789017,77940.25,67150.43,C981988827,2891977.4,2902767.2199999997,0,0,L06_000465,LEGITIMATE_TRANSFER_CASHOUT,NONE,1,1,TRANSFER,0,0.36567907828055746,0.13843707198783683,0.0013592581495391147,14735.43,
L06_000930,142,CASH_OUT,3945.61,C981988827,2902767.2199999997,0.0,CASHOUT_L06_000465,0.0,0.0,0,0,L06_000465,LEGITIMATE_TRANSFER_CASHOUT,NONE,1,2,CASH_OUT,1,0.36567907828055746,0.13843707198783683,0.0013592581495391147,14735.43,2898821.61
L06_000931,178,TRANSFER,16004.27,C1889090899,212939.0,196934.73,C1174636796,94576.41,110580.68000000001,0,0,L06_000466,LEGITIMATE_TRANSFER_CASHOUT,NONE,1,1,TRANSFER,0,0.5637930862226015,0.07515894223228249,0.0815974363695358,25027.370000000003,
L06_000932,179,CASH_OUT,9023.1,C1174636796,110580.68000000001,0.0,CASHOUT_L06_000466,0.0,0.0,0,0,L06_000466,LEGITIMATE_TRANSFER_CASHOUT,NONE,1,2,CASH_OUT,1,0.5637930862226015,0.07515894223228249,0.0815974363695358,25027.370000000003,101557.58
L06_000933,284,TRANSFER,47656.02,C903786630,357841.0,310184.98,C1145521438,23998.1,71654.12,0,0,L06_000467,LEGITIMATE_TRANSFER_CASHOUT,NONE,1,1,TRANSFER,0,0.4899280841970729,0.133176522533751,0.3258433709045621,71004.04,
L06_000934,288,CASH_OUT,23348.02,C1145521438,71654.12,28597.81,CASHOUT_L06_000467,0.0,0.0,0,0,L06_000467,LEGITIMATE_TRANSFER_CASHOUT,NONE,1,2,CASH_OUT,4,0.4899280841970729,0.133176522533751,0.3258433709045621,71004.04,48306.09999999999
L06_000935,351,TRANSFER,8827.89,C1375760421,61393.0,52565.11,C801053233,1031667.94,1040495.83,0,0,L06_000468,LEGITIMATE_TRANSFER_CASHOUT,NONE,1,1,TRANSFER,0,0.5458828330681744,0.14379310344827587,0.00463143614905213,13646.88,
L06_000936,355,CASH_OUT,4818.99,C801053233,1040495.83,0.0,CASHOUT_L06_000468,0.0,0.0,0,0,L06_000468,LEGITIMATE_TRANSFER_CASHOUT,NONE,1,2,CASH_OUT,4,0.5458828330681744,0.14379310344827587,0.00463143614905213,13646.88,1035676.84
L06_000937,225,TRANSFER,30615.71,C174231677,798467.0,767851.29,C702817766,0.0,30615.71,0,0,L06_000469,LEGITIMATE_TRANSFER_CASHOUT,NONE,1,1,TRANSFER,0,0.2577436703180283,0.038343112489307635,0.2577438184513768,38506.72,
L06_000938,226,CASH_OUT,7891.01,C702817766,30615.71,412010.06,CASHOUT_L06_000469,0.0,0.0,0,0,L06_000469,LEGITIMATE_TRANSFER_CASHOUT,NONE,1,2,CASH_OUT,1,0.2577436703180283,0.038343112489307635,0.2577438184513768,38506.72,22724.699999999997
L06_000939,373,TRANSFER,8902.07,C136365273,70364.0,61461.93,C430379574,0.0,8902.07,0,0,L06_000470,LEGITIMATE_TRANSFER_CASHOUT,NONE,1,1,TRANSFER,0,0.44839816967380075,0.12651455289636745,0.44839795687969203,12893.74,
L06_000940,376,CASH_OUT,3991.67,C430379574,8902.07,0.0,CASHOUT_L06_000470,0.0,0.0,0,0,L06_000470,LEGITIMATE_TRANSFER_CASHOUT,NONE,1,2,CASH_OUT,3,0.44839816967380075,0.12651455289636745,0.44839795687969203,12893.74,4910.4
L06_000941,37,TRANSFER,50973.44,C1694827909,857531.0,806557.56,C344716138,0.0,50973.44,0,0,L06_000471,LEGITIMATE_TRANSFER_CASHOUT,NONE,1,1,TRANSFER,0,0.590388048842005,0.05944209597087453,0.5903880530723451,81067.55,
L06_000942,38,CASH_OUT,30094.11,C344716138,50973.44,0.0,CASHOUT_L06_000471,0.0,0.0,0,0,L06_000471,LEGITIMATE_TRANSFER_CASHOUT,NONE,1,2,CASH_OUT,1,0.590388048842005,0.05944209597087453,0.5903880530723451,81067.55,20879.33
L06_000943,182,TRANSFER,19375.32,C2094554325,236610.77,217235.44999999998,C1179647291,1928172.53,1947547.85,0,0,L06_000472,LEGITIMATE_TRANSFER_CASHOUT,NONE,1,1,TRANSFER,0,0.4238378289098319,0.08188688959509324,0.004216579325637622,27587.309999999998,
L06_000944,183,CASH_OUT,8211.99,C1179647291,1947547.85,0.0,CASHOUT_L06_000472,0.0,0.0,0,0,L06_000472,LEGITIMATE_TRANSFER_CASHOUT,NONE,1,2,CASH_OUT,1,0.4238378289098319,0.08188688959509324,0.004216579325637622,27587.309999999998,1939335.86
L06_000945,376,TRANSFER,16757.7,C1054392146,142819.0,126061.3,C660332999,213008.7,229766.40000000002,0,0,L06_000473,LEGITIMATE_TRANSFER_CASHOUT,NONE,1,1,TRANSFER,0,0.418886166443039,0.11733522850601111,0.030550898651848134,23777.27,
L06_000946,377,CASH_OUT,7019.57,C660332999,229766.40000000002,0.0,CASHOUT_L06_000473,0.0,0.0,0,0,L06_000473,LEGITIMATE_TRANSFER_CASHOUT,NONE,1,2,CASH_OUT,1,0.418886166443039,0.11733522850601111,0.030550898651848134,23777.27,222746.83000000002
L06_000947,234,TRANSFER,46158.74,C128364183,449416.41,403257.67,C1302031493,1805754.14,1851912.88,0,0,L06_000474,LEGITIMATE_TRANSFER_CASHOUT,NONE,1,1,TRANSFER,0,0.29690229439746724,0.10270817658838938,0.00740026172289487,59863.38,
L06_000948,238,CASH_OUT,13704.64,C1302031493,1851912.88,209308.19,CASHOUT_L06_000474,0.0,0.0,0,0,L06_000474,LEGITIMATE_TRANSFER_CASHOUT,NONE,1,2,CASH_OUT,4,0.29690229439746724,0.10270817658838938,0.00740026172289487,59863.38,1838208.24
L06_000949,14,TRANSFER,9779.02,C441170131,126574.61,116795.59,C211528162,3509012.84,3518791.86,0,0,L06_000475,LEGITIMATE_TRANSFER_CASHOUT,NONE,1,1,TRANSFER,0,0.25636040999455567,0.07725893842374865,0.0007124462314744584,12285.970000000001,
L06_000950,16,CASH_OUT,2506.95,C211528162,3518791.86,0.0,CASHOUT_L06_000475,0.0,0.0,0,0,L06_000475,LEGITIMATE_TRANSFER_CASHOUT,NONE,1,2,CASH_OUT,2,0.25636040999455567,0.07725893842374865,0.0007124462314744584,12285.970000000001,3516284.9099999997
L06_000951,234,TRANSFER,18336.1,C932915373,246812.0,228475.9,C539163412,0.0,18336.1,0,0,L06_000476,LEGITIMATE_TRANSFER_CASHOUT,NONE,1,1,TRANSFER,0,0.5621333412087134,0.07429176863361586,0.5621331689944973,28643.43,
L06_000952,235,CASH_OUT,10307.33,C539163412,18336.1,0.0,CASHOUT_L06_000476,0.0,0.0,0,0,L06_000476,LEGITIMATE_TRANSFER_CASHOUT,NONE,1,2,CASH_OUT,1,0.5621333412087134,0.07429176863361586,0.5621331689944973,28643.43,8028.769999999999
L06_000953,14,TRANSFER,10429.96,C1353160870,104097.0,93667.04000000001,C1190181813,6392145.32,6402575.28,0,0,L06_000477,LEGITIMATE_TRANSFER_CASHOUT,NONE,1,1,TRANSFER,0,0.5422748516498965,0.1001946261659798,0.0008833804762386175,16085.869999999999,
L06_000954,19,CASH_OUT,5655.91,C1190181813,6402575.28,0.0,CASHOUT_L06_000477,0.0,0.0,0,0,L06_000477,LEGITIMATE_TRANSFER_CASHOUT,NONE,1,2,CASH_OUT,5,0.5422748516498965,0.1001946261659798,0.0008833804762386175,16085.869999999999,6396919.37
L06_000955,253,TRANSFER,9793.94,C1292964443,84778.0,74984.06,C6056410,0.0,9793.94,0,0,L06_000478,LEGITIMATE_TRANSFER_CASHOUT,NONE,1,1,TRANSFER,0,0.5103675528764584,0.11552454646252566,0.5103676354970522,14792.45,
L06_000956,255,CASH_OUT,4998.51,C6056410,9793.94,0.0,CASHOUT_L06_000478,0.0,0.0,0,0,L06_000478,LEGITIMATE_TRANSFER_CASHOUT,NONE,1,2,CASH_OUT,2,0.5103675528764584,0.11552454646252566,0.5103676354970522,14792.45,4795.43
L06_000957,187,TRANSFER,14184.7,C117169884,256045.0,241860.3,C1022371679,0.0,14184.7,0,0,L06_000479,LEGITIMATE_TRANSFER_CASHOUT,NONE,1,1,TRANSFER,0,0.5251080125475605,0.055399246226249296,0.5251080389433685,21633.2,
L06_000958,188,CASH_OUT,7448.5,C1022371679,14184.7,193775.06,CASHOUT_L06_000479,0.0,0.0,0,0,L06_000479,LEGITIMATE_TRANSFER_CASHOUT,NONE,1,2,CASH_OUT,1,0.5251080125475605,0.055399246226249296,0.5251080389433685,21633.2,6736.200000000001
L06_000959,15,TRANSFER,10387.89,C649977651,75668.23,65280.34,C721416315,116184.4,126572.29,0,0,L06_000480,LEGITIMATE_TRANSFER_CASHOUT,NONE,1,1,TRANSFER,0,0.5027527076621521,0.13728205351175785,0.04126132188964899,15610.43,
L06_000960,19,CASH_OUT,5222.54,C721416315,126572.29,16402.87,CASHOUT_L06_000480,0.0,0.0,0,0,L06_000480,LEGITIMATE_TRANSFER_CASHOUT,NONE,1,2,CASH_OUT,4,0.5027527076621521,0.13728205351175785,0.04126132188964899,15610.43,121349.75
L06_000961,408,TRANSFER,13130.31,C745272710,123574.39,110444.08,C94763274,1879693.77,1892824.08,0,0,L06_000481,LEGITIMATE_TRANSFER_CASHOUT,NONE,1,1,TRANSFER,0,0.5834836453150773,0.10625429751261568,0.004047560510747518,20791.629999999997,
L06_000962,411,CASH_OUT,7661.32,C94763274,1892824.08,0.0,CASHOUT_L06_000481,0.0,0.0,0,0,L06_000481,LEGITIMATE_TRANSFER_CASHOUT,NONE,1,2,CASH_OUT,3,0.5834836453150773,0.10625429751261568,0.004047560510747518,20791.629999999997,1885162.76
L06_000963,179,TRANSFER,14755.39,C344626655,101151.0,86395.61,C1544099494,75797.64,90553.03,0,0,L06_000482,LEGITIMATE_TRANSFER_CASHOUT,NONE,1,1,TRANSFER,0,0.29281858673941275,0.14587488012970706,0.04771403011031215,19076.04,
L06_000964,182,CASH_OUT,4320.65,C1544099494,90553.03,0.0,CASHOUT_L06_000482,0.0,0.0,0,0,L06_000482,LEGITIMATE_TRANSFER_CASHOUT,NONE,1,2,CASH_OUT,3,0.29281858673941275,0.14587488012970706,0.04771403011031215,19076.04,86232.38
L06_000965,280,TRANSFER,11637.86,C1549259511,80041.0,68403.14,C1678994738,0.0,11637.86,0,0,L06_000483,LEGITIMATE_TRANSFER_CASHOUT,NONE,1,1,TRANSFER,0,0.425661170999426,0.14539873314926102,0.4256615907048203,16591.65,
L06_000966,284,CASH_OUT,4953.79,C1678994738,11637.86,0.0,CASHOUT_L06_000483,0.0,0.0,0,0,L06_000483,LEGITIMATE_TRANSFER_CASHOUT,NONE,1,2,CASH_OUT,4,0.425661170999426,0.14539873314926102,0.4256615907048203,16591.65,6684.070000000001
L06_000967,239,TRANSFER,10519.03,C1167084398,110569.0,100049.97,C1157064632,2350169.51,2360688.5399999996,0,0,L06_000484,LEGITIMATE_TRANSFER_CASHOUT,NONE,1,1,TRANSFER,0,0.4935564978380856,0.0951354357912254,0.0021992481905300397,15710.77,
L06_000968,241,CASH_OUT,5191.74,C1157064632,2360688.5399999996,0.0,CASHOUT_L06_000484,0.0,0.0,0,0,L06_000484,LEGITIMATE_TRANSFER_CASHOUT,NONE,1,2,CASH_OUT,2,0.4935564978380856,0.0951354357912254,0.0021992481905300397,15710.77,2355496.7999999993
L06_000969,161,TRANSFER,10254.37,C516464353,68990.55,58736.18,C875761527,7151191.08,7161445.45,0,0,L06_000485,LEGITIMATE_TRANSFER_CASHOUT,NONE,1,1,TRANSFER,0,0.23208015821650962,0.14863441442342465,0.0003323128014610514,12634.210000000001,
L06_000970,162,CASH_OUT,2379.84,C875761527,7161445.45,0.0,CASHOUT_L06_000485,0.0,0.0,0,0,L06_000485,LEGITIMATE_TRANSFER_CASHOUT,NONE,1,2,CASH_OUT,1,0.23208015821650962,0.14863441442342465,0.0003323128014610514,12634.210000000001,7159065.61
L06_000971,35,TRANSFER,10876.54,C1568326967,104399.0,93522.45999999999,C2058014944,0.0,10876.54,0,0,L06_000486,LEGITIMATE_TRANSFER_CASHOUT,NONE,1,1,TRANSFER,0,0.23503278969304262,0.10418241554037874,0.23503246436826417,13432.880000000001,
L06_000972,39,CASH_OUT,2556.34,C2058014944,10876.54,0.0,CASHOUT_L06_000486,0.0,0.0,0,0,L06_000486,LEGITIMATE_TRANSFER_CASHOUT,NONE,1,2,CASH_OUT,4,0.23503278969304262,0.10418241554037874,0.23503246436826417,13432.880000000001,8320.2
L06_000973,10,TRANSFER,27523.27,C2133475654,763115.88,735592.61,C302870502,5849646.96,5877170.2299999995,0,0,L06_000487,LEGITIMATE_TRANSFER_CASHOUT,NONE,1,1,TRANSFER,0,0.41747030922010564,0.03606696010571815,0.001955048016364842,39013.42,
L06_000974,11,CASH_OUT,11490.15,C302870502,5877170.2299999995,0.0,CASHOUT_L06_000487,0.0,0.0,0,0,L06_000487,LEGITIMATE_TRANSFER_CASHOUT,NONE,1,2,CASH_OUT,1,0.41747030922010564,0.03606696010571815,0.001955048016364842,39013.42,5865680.079999999
L06_000975,350,TRANSFER,24065.09,C1877842844,464397.99,440332.89999999997,C1826005102,543428.57,567493.6599999999,0,0,L06_000488,LEGITIMATE_TRANSFER_CASHOUT,NONE,1,1,TRANSFER,0,0.35250135014897876,0.05181997019410011,0.014948149376682025,32548.07,
L06_000976,351,CASH_OUT,8482.98,C1826005102,567493.6599999999,402228.62,CASHOUT_L06_000488,0.0,0.0,0,0,L06_000488,LEGITIMATE_TRANSFER_CASHOUT,NONE,1,2,CASH_OUT,1,0.35250135014897876,0.05181997019410011,0.014948149376682025,32548.07,559010.6799999999
L06_000977,177,TRANSFER,13681.47,C1045416889,168384.41,154702.94,C2059863886,5984337.43,5998018.899999999,0,0,L06_000489,LEGITIMATE_TRANSFER_CASHOUT,NONE,1,1,TRANSFER,0,0.5979059861005397,0.08125140563784972,0.0013638219779534206,21861.699999999997,
L06_000978,180,CASH_OUT,8180.23,C2059863886,5998018.899999999,0.0,CASHOUT_L06_000489,0.0,0.0,0,0,L06_000489,LEGITIMATE_TRANSFER_CASHOUT,NONE,1,2,CASH_OUT,3,0.5979059861005397,0.08125140563784972,0.0013638219779534206,21861.699999999997,5989838.669999999
L06_000979,185,TRANSFER,12866.04,C2134089857,90119.0,77252.95999999999,C176634708,201597.19,214463.23,0,0,L06_000490,LEGITIMATE_TRANSFER_CASHOUT,NONE,1,1,TRANSFER,0,0.5790901119320067,0.14276722999589433,0.0347406872497444,20316.64,
L06_000980,188,CASH_OUT,7450.6,C176634708,214463.23,0.0,CASHOUT_L06_000490,0.0,0.0,0,0,L06_000490,LEGITIMATE_TRANSFER_CASHOUT,NONE,1,2,CASH_OUT,3,0.5790901119320067,0.14276722999589433,0.0347406872497444,20316.64,207012.63
L06_000981,321,TRANSFER,12868.97,C2121331238,87707.25,74838.28,C506065423,1922212.32,1935081.29,0,0,L06_000491,LEGITIMATE_TRANSFER_CASHOUT,NONE,1,1,TRANSFER,0,0.4425082045477884,0.14672641087253332,0.0029428324429719437,18563.59,
L06_000982,322,CASH_OUT,5694.62,C506065423,1935081.29,0.0,CASHOUT_L06_000491,0.0,0.0,0,0,L06_000491,LEGITIMATE_TRANSFER_CASHOUT,NONE,1,2,CASH_OUT,1,0.4425082045477884,0.14672641087253332,0.0029428324429719437,18563.59,1929386.67
L06_000983,403,TRANSFER,10373.94,C1213082082,79948.0,69574.06,C2033263208,474767.87,485141.81,0,0,L06_000492,LEGITIMATE_TRANSFER_CASHOUT,NONE,1,1,TRANSFER,0,0.2178331885469909,0.12975859308550558,0.004657998864290835,12633.73,
L06_000984,405,CASH_OUT,2259.79,C2033263208,485141.81,0.0,CASHOUT_L06_000492,0.0,0.0,0,0,L06_000492,LEGITIMATE_TRANSFER_CASHOUT,NONE,1,2,CASH_OUT,2,0.2178331885469909,0.12975859308550558,0.004657998864290835,12633.73,482882.02
L06_000985,356,TRANSFER,10939.32,C437511841,278167.0,267227.68,C761467172,1809318.45,1820257.77,0,0,L06_000493,LEGITIMATE_TRANSFER_CASHOUT,NONE,1,1,TRANSFER,0,0.29847882825841465,0.03932644778136875,0.0017937898982296335,14204.48,
L06_000986,361,CASH_OUT,3265.16,C761467172,1820257.77,0.0,CASHOUT_L06_000493,0.0,0.0,0,0,L06_000493,LEGITIMATE_TRANSFER_CASHOUT,NONE,1,2,CASH_OUT,5,0.29847882825841465,0.03932644778136875,0.0017937898982296335,14204.48,1816992.61
L06_000987,20,TRANSFER,22261.5,C2114789582,159011.0,136749.5,C1453075166,345740.92,368002.42,0,0,L06_000494,LEGITIMATE_TRANSFER_CASHOUT,NONE,1,1,TRANSFER,0,0.38826681969118254,0.13999974844507612,0.023487345545173316,30904.9,
L06_000988,23,CASH_OUT,8643.4,C1453075166,368002.42,0.0,CASHOUT_L06_000494,0.0,0.0,0,0,L06_000494,LEGITIMATE_TRANSFER_CASHOUT,NONE,1,2,CASH_OUT,3,0.38826681969118254,0.13999974844507612,0.023487345545173316,30904.9,359359.01999999996
L06_000989,350,TRANSFER,12635.84,C1687855065,106939.0,94303.16,C1954549689,0.0,12635.84,0,0,L06_000495,LEGITIMATE_TRANSFER_CASHOUT,NONE,1,1,TRANSFER,0,0.2939873672635038,0.11815932447470053,0.2939875781902905,16350.62,
L06_000990,352,CASH_OUT,3714.78,C1954549689,12635.84,0.0,CASHOUT_L06_000495,0.0,0.0,0,0,L06_000495,LEGITIMATE_TRANSFER_CASHOUT,NONE,1,2,CASH_OUT,2,0.2939873672635038,0.11815932447470053,0.2939875781902905,16350.62,8921.06
L06_000991,297,TRANSFER,17284.05,C466135087,142565.0,125280.95,C108187121,85919.42,103203.47,0,0,L06_000496,LEGITIMATE_TRANSFER_CASHOUT,NONE,1,1,TRANSFER,0,0.5310982548288906,0.12123627818889629,0.08894594338736866,26463.58,
L06_000992,299,CASH_OUT,9179.53,C108187121,103203.47,0.0,CASHOUT_L06_000496,0.0,0.0,0,0,L06_000496,LEGITIMATE_TRANSFER_CASHOUT,NONE,1,2,CASH_OUT,2,0.5310982548288906,0.12123627818889629,0.08894594338736866,26463.58,94023.94
L06_000993,184,TRANSFER,14116.5,C1673468524,307802.1,293685.6,C2012407230,1105398.16,1119514.66,0,0,L06_000497,LEGITIMATE_TRANSFER_CASHOUT,NONE,1,1,TRANSFER,0,0.2371305386120058,0.045862260199004495,0.002990090366480775,17463.95,
L06_000994,189,CASH_OUT,3347.45,C2012407230,1119514.66,0.0,CASHOUT_L06_000497,0.0,0.0,0,0,L06_000497,LEGITIMATE_TRANSFER_CASHOUT,NONE,1,2,CASH_OUT,5,0.2371305386120058,0.045862260199004495,0.002990090366480775,17463.95,1116167.21
L06_000995,179,TRANSFER,13898.62,C1329350024,182415.0,168516.38,C761008998,221913.28,235811.9,0,0,L06_000498,LEGITIMATE_TRANSFER_CASHOUT,NONE,1,1,TRANSFER,0,0.5118680022534124,0.07619230874653948,0.03016921537886765,21012.88,
L06_000996,180,CASH_OUT,7114.26,C761008998,235811.9,0.0,CASHOUT_L06_000498,0.0,0.0,0,0,L06_000498,LEGITIMATE_TRANSFER_CASHOUT,NONE,1,2,CASH_OUT,1,0.5118680022534124,0.07619230874653948,0.03016921537886765,21012.88,228697.63999999998
L06_000997,571,TRANSFER,34811.01,C351608461,235556.0,200744.99,C263896149,237881.57,272692.58,0,0,L06_000499,LEGITIMATE_TRANSFER_CASHOUT,NONE,1,1,TRANSFER,0,0.24416506121554107,0.14778231078809287,0.031169274939567473,43310.64,
L06_000998,576,CASH_OUT,8499.63,C263896149,272692.58,99219.93,CASHOUT_L06_000499,0.0,0.0,0,0,L06_000499,LEGITIMATE_TRANSFER_CASHOUT,NONE,1,2,CASH_OUT,5,0.24416506121554107,0.14778231078809287,0.031169274939567473,43310.64,264192.95
L06_000999,16,TRANSFER,17871.46,C1238262385,244744.78,226873.32,C1397346038,2325388.14,2343259.6,0,0,L06_000500,LEGITIMATE_TRANSFER_CASHOUT,NONE,1,1,TRANSFER,0,0.356762361863133,0.07302080150596062,0.002720936254779453,24247.32,
L06_001000,20,CASH_OUT,6375.86,C1397346038,2343259.6,0.0,CASHOUT_L06_000500,0.0,0.0,0,0,L06_000500,LEGITIMATE_TRANSFER_CASHOUT,NONE,1,2,CASH_OUT,4,0.356762361863133,0.07302080150596062,0.002720936254779453,24247.32,2336883.74
L06_001001,139,TRANSFER,10169.5,C391229273,99006.0,88836.5,C491361366,734409.82,744579.32,0,0,L06_000501,LEGITIMATE_TRANSFER_CASHOUT,NONE,1,1,TRANSFER,0,0.3233930377025678,0.10271599701028221,0.004416923639512309,13458.25,
L06_001002,143,CASH_OUT,3288.75,C491361366,744579.32,0.0,CASHOUT_L06_000501,0.0,0.0,0,0,L06_000501,LEGITIMATE_TRANSFER_CASHOUT,NONE,1,2,CASH_OUT,4,0.3233930377025678,0.10271599701028221,0.004416923639512309,13458.25,741290.57
L06_001003,399,TRANSFER,17151.36,C622664270,122423.0,105271.64,C1992960279,2485924.47,2503075.83,0,0,L06_000502,LEGITIMATE_TRANSFER_CASHOUT,NONE,1,1,TRANSFER,0,0.44389201459188354,0.14009916437270775,0.003041597824864938,24764.71,
L06_001004,401,CASH_OUT,7613.35,C1992960279,2503075.83,0.0,CASHOUT_L06_000502,0.0,0.0,0,0,L06_000502,LEGITIMATE_TRANSFER_CASHOUT,NONE,1,2,CASH_OUT,2,0.44389201459188354,0.14009916437270775,0.003041597824864938,24764.71,2495462.48
L06_001005,250,TRANSFER,9408.71,C1444103577,100456.0,91047.29000000001,C1319271082,435755.94,445164.65,0,0,L06_000503,LEGITIMATE_TRANSFER_CASHOUT,NONE,1,1,TRANSFER,0,0.5564848933348878,0.09366001035279126,0.011761490944979571,14644.509999999998,
L06_001006,255,CASH_OUT,5235.8,C1319271082,445164.65,0.0,CASHOUT_L06_000503,0.0,0.0,0,0,L06_000503,LEGITIMATE_TRANSFER_CASHOUT,NONE,1,2,CASH_OUT,5,0.5564848933348878,0.09366001035279126,0.011761490944979571,14644.509999999998,439928.85000000003
L06_001007,563,TRANSFER,54113.6,C1689767379,497534.0,443420.4,C1364708194,884736.07,938849.6699999999,0,0,L06_000504,LEGITIMATE_TRANSFER_CASHOUT,NONE,1,1,TRANSFER,0,0.40995820225783497,0.10876362218461452,0.0236292462029624,76297.91,
L06_001008,565,CASH_OUT,22184.31,C1364708194,938849.6699999999,0.0,CASHOUT_L06_000504,0.0,0.0,0,0,L06_000504,LEGITIMATE_TRANSFER_CASHOUT,NONE,1,2,CASH_OUT,2,0.40995820225783497,0.10876362218461452,0.0236292462029624,76297.91,916665.3599999999
L06_001009,349,TRANSFER,9199.93,C1406596521,89726.0,80526.07,C564781068,180561.54,189761.47,0,0,L06_000505,LEGITIMATE_TRANSFER_CASHOUT,NONE,1,1,TRANSFER,0,0.37752276760616515,0.10253360230033659,0.01830287254836295,12673.11,
L06_001010,352,CASH_OUT,3473.18,C564781068,189761.47,0.0,CASHOUT_L06_000505,0.0,0.0,0,0,L06_000505,LEGITIMATE_TRANSFER_CASHOUT,NONE,1,2,CASH_OUT,3,0.37752276760616515,0.10253360230033659,0.01830287254836295,12673.11,186288.29
L06_001011,141,TRANSFER,9093.44,C575304846,151122.74,142029.3,C43632544,3020144.05,3029237.4899999998,0,0,L06_000506,LEGITIMATE_TRANSFER_CASHOUT,NONE,1,1,TRANSFER,0,0.38183154888217075,0.06017254583922976,0.0011462158419279303,12565.6,
L06_001012,145,CASH_OUT,3472.16,C43632544,3029237.4899999998,0.0,CASHOUT_L06_000506,0.0,0.0,0,0,L06_000506,LEGITIMATE_TRANSFER_CASHOUT,NONE,1,2,CASH_OUT,4,0.38183154888217075,0.06017254583922976,0.0011462158419279303,12565.6,3025765.3299999996
L06_001013,348,TRANSFER,16549.16,C1507686926,205775.0,189225.84,C1559435405,0.0,16549.16,0,0,L06_000507,LEGITIMATE_TRANSFER_CASHOUT,NONE,1,1,TRANSFER,0,0.4136619386232479,0.08042356943263274,0.4136620831510482,23394.92,
L06_001014,353,CASH_OUT,6845.76,C1559435405,16549.16,0.0,CASHOUT_L06_000507,0.0,0.0,0,0,L06_000507,LEGITIMATE_TRANSFER_CASHOUT,NONE,1,2,CASH_OUT,5,0.4136619386232479,0.08042356943263274,0.4136620831510482,23394.92,9703.4
L06_001015,134,TRANSFER,9565.66,C1126287908,212778.0,203212.34,C189430171,6774.43,16340.09,0,0,L06_000508,LEGITIMATE_TRANSFER_CASHOUT,NONE,1,1,TRANSFER,0,0.23209221699381688,0.04495605748714623,0.13586950867467681,11785.779999999999,
L06_001016,135,CASH_OUT,2220.12,C189430171,16340.09,99671.51,CASHOUT_L06_000508,0.0,0.0,0,0,L06_000508,LEGITIMATE_TRANSFER_CASHOUT,NONE,1,2,CASH_OUT,1,0.23209221699381688,0.04495605748714623,0.13586950867467681,11785.779999999999,14119.970000000001
L06_001017,300,TRANSFER,17091.15,C817860452,132557.14,115465.99000000002,C1624188037,2225985.05,2243076.1999999997,0,0,L06_000509,LEGITIMATE_TRANSFER_CASHOUT,NONE,1,1,TRANSFER,0,0.623540247704597,0.12893420905128158,0.004751073548014108,27748.170000000002,
L06_001018,305,CASH_OUT,10657.02,C1624188037,2243076.1999999997,0.0,CASHOUT_L06_000509,0.0,0.0,0,0,L06_000509,LEGITIMATE_TRANSFER_CASHOUT,NONE,1,2,CASH_OUT,5,0.623540247704597,0.12893420905128158,0.004751073548014108,27748.170000000002,2232419.1799999997
L06_001019,398,TRANSFER,9842.84,C2007725615,71074.0,61231.16,C1379761417,0.0,9842.84,0,0,L06_000510,LEGITIMATE_TRANSFER_CASHOUT,NONE,1,1,TRANSFER,0,0.253310247232036,0.13848721051298646,0.25331002027870003,12336.130000000001,
L06_001020,403,CASH_OUT,2493.29,C1379761417,9842.84,0.0,CASHOUT_L06_000510,0.0,0.0,0,0,L06_000510,LEGITIMATE_TRANSFER_CASHOUT,NONE,1,2,CASH_OUT,5,0.253310247232036,0.13848721051298646,0.25331002027870003,12336.130000000001,7349.55
L06_001021,8,TRANSFER,12912.04,C2057845447,107310.0,94397.95999999999,C1553217607,51629.53,64541.57,0,0,L06_000511,LEGITIMATE_TRANSFER_CASHOUT,NONE,1,1,TRANSFER,0,0.32154106614741257,0.12032466685304259,0.06432675870760504,17063.79,
L06_001022,13,CASH_OUT,4151.75,C1553217607,64541.57,0.0,CASHOUT_L06_000511,0.0,0.0,0,0,L06_000511,LEGITIMATE_TRANSFER_CASHOUT,NONE,1,2,CASH_OUT,5,0.32154106614741257,0.12032466685304259,0.06432675870760504,17063.79,60389.82
L06_001023,229,TRANSFER,9122.49,C644359144,62199.0,53076.51,C974781443,1017284.89,1026407.38,0,0,L06_000512,LEGITIMATE_TRANSFER_CASHOUT,NONE,1,1,TRANSFER,0,0.47609865263253826,0.14666618434379974,0.0042314680161399465,13465.7,
L06_001024,232,CASH_OUT,4343.21,C974781443,1026407.38,0.0,CASHOUT_L06_000512,0.0,0.0,0,0,L06_000512,LEGITIMATE_TRANSFER_CASHOUT,NONE,1,2,CASH_OUT,3,0.47609865263253826,0.14666618434379974,0.0042314680161399465,13465.7,1022064.17
L06_001025,12,TRANSFER,10322.82,C1642570368,75687.0,65364.18,C70871312,0.0,10322.82,0,0,L06_000513,LEGITIMATE_TRANSFER_CASHOUT,NONE,1,1,TRANSFER,0,0.31721384241686146,0.13638828332474534,0.31721370710716645,13597.36,
L06_001026,16,CASH_OUT,3274.54,C70871312,10322.82,0.0,CASHOUT_L06_000513,0.0,0.0,0,0,L06_000513,LEGITIMATE_TRANSFER_CASHOUT,NONE,1,2,CASH_OUT,4,0.31721384241686146,0.13638828332474534,0.31721370710716645,13597.36,7048.28
L06_001027,211,TRANSFER,16177.22,C650730256,248089.0,231911.78,C673347300,0.0,16177.22,0,0,L06_000514,LEGITIMATE_TRANSFER_CASHOUT,NONE,1,1,TRANSFER,0,0.27901306658892416,0.06520732479070011,0.27901332861888506,20690.879999999997,
L06_001028,212,CASH_OUT,4513.66,C673347300,16177.22,0.0,CASHOUT_L06_000514,0.0,0.0,0,0,L06_000514,LEGITIMATE_TRANSFER_CASHOUT,NONE,1,2,CASH_OUT,1,0.27901306658892416,0.06520732479070011,0.27901332861888506,20690.879999999997,11663.56
L06_001029,251,TRANSFER,18765.54,C765423296,513337.0,494571.46,C185212976,50077.92,68843.45999999999,0,0,L06_000515,LEGITIMATE_TRANSFER_CASHOUT,NONE,1,1,TRANSFER,0,0.3552410265187215,0.03655598563906362,0.09683258220897091,25431.83,
L06_001030,256,CASH_OUT,6666.29,C185212976,68843.45999999999,0.0,CASHOUT_L06_000515,0.0,0.0,0,0,L06_000515,LEGITIMATE_TRANSFER_CASHOUT,NONE,1,2,CASH_OUT,5,0.3552410265187215,0.03655598563906362,0.09683258220897091,25431.83,62177.16999999999
L06_001031,254,TRANSFER,16909.09,C1571878924,301654.59,284745.5,C1285261551,1696839.53,1713748.62,0,0,L06_000516,LEGITIMATE_TRANSFER_CASHOUT,NONE,1,1,TRANSFER,0,0.5965163864661899,0.05605447608140157,0.005885664841556516,26995.64,
L06_001032,259,CASH_OUT,10086.55,C1285261551,1713748.62,211170.63,CASHOUT_L06_000516,0.0,0.0,0,0,L06_000516,LEGITIMATE_TRANSFER_CASHOUT,NONE,1,2,CASH_OUT,5,0.5965163864661899,0.05605447608140157,0.005885664841556516,26995.64,1703662.07
L06_001033,280,TRANSFER,14677.17,C453470930,180973.0,166295.83,C2134969011,0.0,14677.17,0,0,L06_000517,LEGITIMATE_TRANSFER_CASHOUT,NONE,1,1,TRANSFER,0,0.4978889396592758,0.0811014350206937,0.49788889820040244,21984.77,
L06_001034,281,CASH_OUT,7307.6,C2134969011,14677.17,0.0,CASHOUT_L06_000517,0.0,0.0,0,0,L06_000517,LEGITIMATE_TRANSFER_CASHOUT,NONE,1,2,CASH_OUT,1,0.4978889396592758,0.0811014350206937,0.49788889820040244,21984.77,7369.57
L06_001035,42,TRANSFER,9019.45,C346690177,76036.75,67017.3,C1310575604,970382.93,979402.38,0,0,L06_000518,LEGITIMATE_TRANSFER_CASHOUT,NONE,1,1,TRANSFER,0,0.5887276646037645,0.11861961485728942,0.005421673572000101,14329.45,
L06_001036,46,CASH_OUT,5310.0,C1310575604,979402.38,0.0,CASHOUT_L06_000518,0.0,0.0,0,0,L06_000518,LEGITIMATE_TRANSFER_CASHOUT,NONE,1,2,CASH_OUT,4,0.5887276646037645,0.11861961485728942,0.005421673572000101,14329.45,974092.38
L06_001037,326,TRANSFER,10049.04,C151636218,100559.0,90509.95999999999,C1682192799,689465.23,699514.27,0,0,L06_000519,LEGITIMATE_TRANSFER_CASHOUT,NONE,1,1,TRANSFER,0,0.42890856360693674,0.09993178134229658,0.006161589812885447,14359.16,
L06_001038,330,CASH_OUT,4310.12,C1682192799,699514.27,0.0,CASHOUT_L06_000519,0.0,0.0,0,0,L06_000519,LEGITIMATE_TRANSFER_CASHOUT,NONE,1,2,CASH_OUT,4,0.42890856360693674,0.09993178134229658,0.006161589812885447,14359.16,695204.15
L06_001039,9,TRANSFER,33413.26,C444458072,764078.59,730665.33,C1194807938,940560.25,973973.51,0,0,L06_000520,LEGITIMATE_TRANSFER_CASHOUT,NONE,1,1,TRANSFER,0,0.5089834423246531,0.04373013514225023,0.017461255183418695,50420.06,
L06_001040,13,CASH_OUT,17006.8,C1194807938,973973.51,373581.88,CASHOUT_L06_000520,0.0,0.0,0,0,L06_000520,LEGITIMATE_TRANSFER_CASHOUT,NONE,1,2,CASH_OUT,4,0.5089834423246531,0.04373013514225023,0.017461255183418695,50420.06,956966.71
L06_001041,229,TRANSFER,14897.74,C2101543394,100321.0,85423.26,C687587443,15459.74,30357.48,0,0,L06_000521,LEGITIMATE_TRANSFER_CASHOUT,NONE,1,1,TRANSFER,0,0.21246214583899994,0.14850071271219387,0.1042645832262757,18062.95,
L06_001042,232,CASH_OUT,3165.21,C687587443,30357.48,0.0,CASHOUT_L06_000521,0.0,0.0,0,0,L06_000521,LEGITIMATE_TRANSFER_CASHOUT,NONE,1,2,CASH_OUT,3,0.21246214583899994,0.14850071271219387,0.1042645832262757,18062.95,27192.27
L06_001043,347,TRANSFER,9174.99,C648580640,134240.0,125065.01,C993407387,0.0,9174.99,0,0,L06_000522,LEGITIMATE_TRANSFER_CASHOUT,NONE,1,1,TRANSFER,0,0.4064340067018549,0.06834766090584028,0.4064342304460278,12904.02,
L06_001044,350,CASH_OUT,3729.03,C993407387,9174.99,0.0,CASHOUT_L06_000522,0.0,0.0,0,0,L06_000522,LEGITIMATE_TRANSFER_CASHOUT,NONE,1,2,CASH_OUT,3,0.4064340067018549,0.06834766090584028,0.4064342304460278,12904.02,5445.959999999999
L06_001045,143,TRANSFER,14355.39,C2107621337,105178.0,90822.61,C1216496708,262941.48,277296.87,0,0,L06_000523,LEGITIMATE_TRANSFER_CASHOUT,NONE,1,1,TRANSFER,0,0.37487238648949917,0.13648662267774628,0.01940678234125037,19736.829999999998,
L06_001046,144,CASH_OUT,5381.44,C1216496708,277296.87,0.0,CASHOUT_L06_000523,0.0,0.0,0,0,L06_000523,LEGITIMATE_TRANSFER_CASHOUT,NONE,1,2,CASH_OUT,1,0.37487238648949917,0.13648662267774628,0.01940678234125037,19736.829999999998,271915.43
L06_001047,253,TRANSFER,28871.95,C349197646,624809.0,595937.05,C467627703,321562.0,350433.95,0,0,L06_000524,LEGITIMATE_TRANSFER_CASHOUT,NONE,1,1,TRANSFER,0,0.5653433395971592,0.046209241544215914,0.04657813548030948,45194.51,
L06_001048,254,CASH_OUT,16322.56,C467627703,350433.95,0.0,CASHOUT_L06_000524,0.0,0.0,0,0,L06_000524,LEGITIMATE_TRANSFER_CASHOUT,NONE,1,2,CASH_OUT,1,0.5653433395971592,0.046209241544215914,0.04657813548030948,45194.51,334111.39
L06_001049,211,TRANSFER,10362.71,C2013121268,90040.0,79677.29000000001,C500202265,15857.61,26220.32,0,0,L06_000525,LEGITIMATE_TRANSFER_CASHOUT,NONE,1,1,TRANSFER,0,0.2596337755593638,0.1150900710795202,0.10261163860700405,13053.22,
L06_001050,216,CASH_OUT,2690.51,C500202265,26220.32,0.0,CASHOUT_L06_000525,0.0,0.0,0,0,L06_000525,LEGITIMATE_TRANSFER_CASHOUT,NONE,1,2,CASH_OUT,5,0.2596337755593638,0.1150900710795202,0.10261163860700405,13053.22,23529.809999999998
L06_001051,202,TRANSFER,12619.81,C782956658,111380.18,98760.37,C1760264878,4546341.12,4558960.93,0,0,L06_000526,LEGITIMATE_TRANSFER_CASHOUT,NONE,1,1,TRANSFER,0,0.25313197649084584,0.11330391098308515,0.0007007035263186605,15814.289999999999,
L06_001052,204,CASH_OUT,3194.48,C1760264878,4558960.93,0.0,CASHOUT_L06_000526,0.0,0.0,0,0,L06_000526,LEGITIMATE_TRANSFER_CASHOUT,NONE,1,2,CASH_OUT,2,0.25313197649084584,0.11330391098308515,0.0007007035263186605,15814.289999999999,4555766.449999999
L06_001053,326,TRANSFER,11237.46,C1758191218,106880.0,95642.54000000001,C658792429,336505.95,347743.41000000003,0,0,L06_000527,LEGITIMATE_TRANSFER_CASHOUT,NONE,1,1,TRANSFER,0,0.27470824421584294,0.10514090568862275,0.008877292599160973,14324.48,
L06_001054,327,CASH_OUT,3087.02,C658792429,347743.41000000003,0.0,CASHOUT_L06_000527,0.0,0.0,0,0,L06_000527,LEGITIMATE_TRANSFER_CASHOUT,NONE,1,2,CASH_OUT,1,0.27470824421584294,0.10514090568862275,0.008877292599160973,14324.48,344656.39
L06_001055,209,TRANSFER,34713.88,C1449445459,307665.09,272951.21,C1516384232,8206154.56,8240868.4399999995,0,0,L06_000528,LEGITIMATE_TRANSFER_CASHOUT,NONE,1,1,TRANSFER,0,0.3723347857390946,0.11283009066774523,0.001568425718006002,47639.07,
L06_001056,211,CASH_OUT,12925.19,C1516384232,8240868.4399999995,0.0,CASHOUT_L06_000528,0.0,0.0,0,0,L06_000528,LEGITIMATE_TRANSFER_CASHOUT,NONE,1,2,CASH_OUT,2,0.3723347857390946,0.11283009066774523,0.001568425718006002,47639.07,8227943.249999999
L06_001057,371,TRANSFER,13316.7,C1730454759,219101.18,205784.47999999998,C1861538775,1787432.1,1800748.8,0,0,L06_000529,LEGITIMATE_TRANSFER_CASHOUT,NONE,1,1,TRANSFER,0,0.5224611503800956,0.06077876896874768,0.0038636482778719606,20274.16,
L06_001058,372,CASH_OUT,6957.46,C1861538775,1800748.8,0.0,CASHOUT_L06_000529,0.0,0.0,0,0,L06_000529,LEGITIMATE_TRANSFER_CASHOUT,NONE,1,2,CASH_OUT,1,0.5224611503800956,0.06077876896874768,0.0038636482778719606,20274.16,1793791.34
L06_001059,204,TRANSFER,14713.72,C151626026,108415.22,93701.5,C1430523530,3115761.95,3130475.6700000004,0,0,L06_000530,LEGITIMATE_TRANSFER_CASHOUT,NONE,1,1,TRANSFER,0,0.46977226202880157,0.13571636897476202,0.0022080031051638868,21625.82,
L06_001060,205,CASH_OUT,6912.1,C1430523530,3130475.6700000004,0.0,CASHOUT_L06_000530,0.0,0.0,0,0,L06_000530,LEGITIMATE_TRANSFER_CASHOUT,NONE,1,2,CASH_OUT,1,0.46977226202880157,0.13571636897476202,0.0022080031051638868,21625.82,3123563.5700000003
L06_001061,12,TRANSFER,24130.1,C916762773,165254.0,141123.9,C275261157,56979.89,81109.98999999999,0,0,L06_000531,LEGITIMATE_TRANSFER_CASHOUT,NONE,1,1,TRANSFER,0,0.34725009552600594,0.14601825069287278,0.10330638679649697,32509.28,
L06_001062,16,CASH_OUT,8379.18,C275261157,81109.98999999999,0.0,CASHOUT_L06_000531,0.0,0.0,0,0,L06_000531,LEGITIMATE_TRANSFER_CASHOUT,NONE,1,2,CASH_OUT,4,0.34725009552600594,0.14601825069287278,0.10330638679649697,32509.28,72730.81
L06_001063,155,TRANSFER,29704.78,C1098030344,211021.0,181316.22,C1336898097,0.0,29704.78,0,0,L06_000532,LEGITIMATE_TRANSFER_CASHOUT,NONE,1,1,TRANSFER,0,0.3866813590733946,0.14076693788769837,0.3866812008033724,41191.06,
L06_001064,160,CASH_OUT,11486.28,C1336898097,29704.78,0.0,CASHOUT_L06_000532,0.0,0.0,0,0,L06_000532,LEGITIMATE_TRANSFER_CASHOUT,NONE,1,2,CASH_OUT,5,0.3866813590733946,0.14076693788769837,0.3866812008033724,41191.06,18218.5
L06_001065,163,TRANSFER,37763.61,C90445241,478518.0,440754.39,C1143992171,1248500.28,1286263.8900000001,0,0,L06_000533,LEGITIMATE_TRANSFER_CASHOUT,NONE,1,1,TRANSFER,0,0.35694804277651015,0.0789178463506075,0.010479692468082889,51243.26,
L06_001066,166,CASH_OUT,13479.65,C1143992171,1286263.8900000001,0.0,CASHOUT_L06_000533,0.0,0.0,0,0,L06_000533,LEGITIMATE_TRANSFER_CASHOUT,NONE,1,2,CASH_OUT,3,0.35694804277651015,0.0789178463506075,0.010479692468082889,51243.26,1272784.2400000002
L06_001067,258,TRANSFER,10528.85,C277190081,79624.0,69095.15,C1083081395,1043738.56,1054267.4100000001,0,0,L06_000534,LEGITIMATE_TRANSFER_CASHOUT,NONE,1,1,TRANSFER,0,0.40052333949264196,0.13223211594494122,0.003999981370950279,14745.900000000001,
L06_001068,261,CASH_OUT,4217.05,C1083081395,1054267.4100000001,0.0,CASHOUT_L06_000534,0.0,0.0,0,0,L06_000534,LEGITIMATE_TRANSFER_CASHOUT,NONE,1,2,CASH_OUT,3,0.40052333949264196,0.13223211594494122,0.003999981370950279,14745.900000000001,1050050.36
L06_001069,377,TRANSFER,22598.31,C1081513586,190801.0,168202.69,C330098326,0.0,22598.31,0,0,L06_000535,LEGITIMATE_TRANSFER_CASHOUT,NONE,1,1,TRANSFER,0,0.3608670770591571,0.11843915912390397,0.36086725069264025,30753.300000000003,
L06_001070,379,CASH_OUT,8154.99,C330098326,22598.31,0.0,CASHOUT_L06_000535,0.0,0.0,0,0,L06_000535,LEGITIMATE_TRANSFER_CASHOUT,NONE,1,2,CASH_OUT,2,0.3608670770591571,0.11843915912390397,0.36086725069264025,30753.300000000003,14443.320000000002
L06_001071,257,TRANSFER,28747.09,C120377418,437059.15,408312.06,C1563613407,5640783.83,5669530.92,0,0,L06_000536,LEGITIMATE_TRANSFER_CASHOUT,NONE,1,1,TRANSFER,0,0.36746611369588245,0.06577391183779129,0.0018632194001686475,39310.67,
L06_001072,259,CASH_OUT,10563.58,C1563613407,5669530.92,0.0,CASHOUT_L06_000536,0.0,0.0,0,0,L06_000536,LEGITIMATE_TRANSFER_CASHOUT,NONE,1,2,CASH_OUT,2,0.36746611369588245,0.06577391183779129,0.0018632194001686475,39310.67,5658967.34
L06_001073,205,TRANSFER,21575.94,C777084109,182291.0,160715.06,C1654675949,31277.97,52853.91,0,0,L06_000537,LEGITIMATE_TRANSFER_CASHOUT,NONE,1,1,TRANSFER,0,0.5857168380601423,0.11835987514468624,0.23910038065301126,34213.33,
L06_001074,210,CASH_OUT,12637.39,C1654675949,52853.91,0.0,CASHOUT_L06_000537,0.0,0.0,0,0,L06_000537,LEGITIMATE_TRANSFER_CASHOUT,NONE,1,2,CASH_OUT,5,0.5857168380601423,0.11835987514468624,0.23910038065301126,34213.33,40216.520000000004
L06_001075,20,TRANSFER,43733.63,C579185582,490183.33,446449.7,C1469454215,2524847.43,2568581.06,0,0,L06_000538,LEGITIMATE_TRANSFER_CASHOUT,NONE,1,1,TRANSFER,0,0.4859741674083917,0.08921892549875166,0.008274377760926105,64987.03999999999,
L06_001076,24,CASH_OUT,21253.41,C1469454215,2568581.06,47782.96,CASHOUT_L06_000538,0.0,0.0,0,0,L06_000538,LEGITIMATE_TRANSFER_CASHOUT,NONE,1,2,CASH_OUT,4,0.4859741674083917,0.08921892549875166,0.008274377760926105,64987.03999999999,2547327.65
L06_001077,280,TRANSFER,10014.02,C996004011,69845.0,59830.979999999996,C532179048,57499.9,67513.92,0,0,L06_000539,LEGITIMATE_TRANSFER_CASHOUT,NONE,1,1,TRANSFER,0,0.26941644778539026,0.14337490156775717,0.03996124058564515,12711.960000000001,
L06_001078,283,CASH_OUT,2697.94,C532179048,67513.92,0.0,CASHOUT_L06_000539,0.0,0.0,0,0,L06_000539,LEGITIMATE_TRANSFER_CASHOUT,NONE,1,2,CASH_OUT,3,0.26941644778539026,0.14337490156775717,0.03996124058564515,12711.960000000001,64815.979999999996
L06_001079,322,TRANSFER,13664.98,C336759997,233481.0,219816.02,C1979086841,0.0,13664.98,0,0,L06_000540,LEGITIMATE_TRANSFER_CASHOUT,NONE,1,1,TRANSFER,0,0.4027598434834538,0.0585271606683199,0.4027601943069072,19168.69,
L06_001080,324,CASH_OUT,5503.71,C1979086841,13664.98,0.0,CASHOUT_L06_000540,0.0,0.0,0,0,L06_000540,LEGITIMATE_TRANSFER_CASHOUT,NONE,1,2,CASH_OUT,2,0.4027598434834538,0.0585271606683199,0.4027601943069072,19168.69,8161.2699999999995
L06_001081,297,TRANSFER,10168.81,C1455008902,100171.0,90002.19,C840415238,8970.07,19138.879999999997,0,0,L06_000541,LEGITIMATE_TRANSFER_CASHOUT,NONE,1,1,TRANSFER,0,0.5018024136022154,0.10151451018757923,0.2666159148288719,15271.539999999999,
L06_001082,301,CASH_OUT,5102.73,C840415238,19138.879999999997,0.0,CASHOUT_L06_000541,0.0,0.0,0,0,L06_000541,LEGITIMATE_TRANSFER_CASHOUT,NONE,1,2,CASH_OUT,4,0.5018024136022154,0.10151451018757923,0.2666159148288719,15271.539999999999,14036.149999999998
L06_001083,46,TRANSFER,9755.7,C2123777698,84039.53,74283.83,C1115008272,1319722.95,1329478.65,0,0,L06_000542,LEGITIMATE_TRANSFER_CASHOUT,NONE,1,1,TRANSFER,0,0.44943966921725065,0.11608465682756675,0.0032979845144560996,14140.300000000001,
L06_001084,49,CASH_OUT,4384.6,C1115008272,1329478.65,0.0,CASHOUT_L06_000542,0.0,0.0,0,0,L06_000542,LEGITIMATE_TRANSFER_CASHOUT,NONE,1,2,CASH_OUT,3,0.44943966921725065,0.11608465682756675,0.0032979845144560996,14140.300000000001,1325094.0499999998
L06_001085,254,TRANSFER,9514.97,C2018031379,76728.0,67213.03,C1564114757,293976.89,303491.86,0,0,L06_000543,LEGITIMATE_TRANSFER_CASHOUT,NONE,1,1,TRANSFER,0,0.20343402274035047,0.12400909707016994,0.006377996431271666,11450.64,
L06_001086,255,CASH_OUT,1935.67,C1564114757,303491.86,0.0,CASHOUT_L06_000543,0.0,0.0,0,0,L06_000543,LEGITIMATE_TRANSFER_CASHOUT,NONE,1,2,CASH_OUT,1,0.20343402274035047,0.12400909707016994,0.006377996431271666,11450.64,301556.19
L06_001087,545,TRANSFER,10265.36,C1319153605,222857.77,212592.40999999997,C100028684,1086590.52,1096855.8800000001,0,0,L06_000544,LEGITIMATE_TRANSFER_CASHOUT,NONE,1,1,TRANSFER,0,0.6497861731662751,0.04606238319624217,0.006081282073265632,16935.65,
L06_001088,550,CASH_OUT,6670.29,C100028684,1096855.8800000001,0.0,CASHOUT_L06_000544,0.0,0.0,0,0,L06_000544,LEGITIMATE_TRANSFER_CASHOUT,NONE,1,2,CASH_OUT,5,0.6497861731662751,0.04606238319624217,0.006081282073265632,16935.65,1090185.59
L06_001089,18,TRANSFER,9971.28,C1904075765,122847.0,112875.72,C723981394,0.0,9971.28,0,0,L06_000545,LEGITIMATE_TRANSFER_CASHOUT,NONE,1,1,TRANSFER,0,0.5586691150971899,0.08116828249774109,0.5586694988005552,15541.93,
L06_001090,23,CASH_OUT,5570.65,C723981394,9971.28,17154.06,CASHOUT_L06_000545,0.0,0.0,0,0,L06_000545,LEGITIMATE_TRANSFER_CASHOUT,NONE,1,2,CASH_OUT,5,0.5586691150971899,0.08116828249774109,0.5586694988005552,15541.93,4400.630000000001
L06_001091,279,TRANSFER,13167.85,C1609499503,97883.98,84716.12999999999,C1938930727,1691110.37,1704278.2200000002,0,0,L06_000546,LEGITIMATE_TRANSFER_CASHOUT,NONE,1,1,TRANSFER,0,0.2292693348307009,0.13452507754588647,0.0017714126511573912,16186.83,
L06_001092,282,CASH_OUT,3018.98,C1938930727,1704278.2200000002,0.0,CASHOUT_L06_000546,0.0,0.0,0,0,L06_000546,LEGITIMATE_TRANSFER_CASHOUT,NONE,1,2,CASH_OUT,3,0.2292693348307009,0.13452507754588647,0.0017714126511573912,16186.83,1701259.2400000002
L06_001093,209,TRANSFER,10996.86,C73099111,82049.0,71052.14,C141703195,34878.91,45875.770000000004,0,0,L06_000547,LEGITIMATE_TRANSFER_CASHOUT,NONE,1,1,TRANSFER,0,0.6439413687235751,0.134027958902607,0.15435882602079484,18078.190000000002,
L06_001094,210,CASH_OUT,7081.33,C141703195,45875.770000000004,0.0,CASHOUT_L06_000547,0.0,0.0,0,0,L06_000547,LEGITIMATE_TRANSFER_CASHOUT,NONE,1,2,CASH_OUT,1,0.6439413687235751,0.134027958902607,0.15435882602079484,18078.190000000002,38794.44
L06_001095,133,TRANSFER,13896.96,C1799783506,113105.0,99208.04000000001,C1460404003,0.0,13896.96,0,0,L06_000548,LEGITIMATE_TRANSFER_CASHOUT,NONE,1,1,TRANSFER,0,0.5166309160001548,0.1228677777286592,0.5166309754075712,21076.559999999998,
L06_001096,136,CASH_OUT,7179.6,C1460404003,13896.96,0.0,CASHOUT_L06_000548,0.0,0.0,0,0,L06_000548,LEGITIMATE_TRANSFER_CASHOUT,NONE,1,2,CASH_OUT,3,0.5166309160001548,0.1228677777286592,0.5166309754075712,21076.559999999998,6717.359999999999
L06_001097,300,TRANSFER,10365.07,C1965811392,83188.0,72822.93,C1017453895,753838.24,764203.3099999999,0,0,L06_000549,LEGITIMATE_TRANSFER_CASHOUT,NONE,1,1,TRANSFER,0,0.5836790804147954,0.12459813915468577,0.007916571311370007,16414.94,
L06_001098,304,CASH_OUT,6049.87,C1017453895,764203.3099999999,0.0,CASHOUT_L06_000549,0.0,0.0,0,0,L06_000549,LEGITIMATE_TRANSFER_CASHOUT,NONE,1,2,CASH_OUT,4,0.5836790804147954,0.12459813915468577,0.007916571311370007,16414.94,758153.44
L06_001099,330,TRANSFER,20799.18,C1458657020,179783.0,158983.82,C1081860301,857177.36,877976.54,0,0,L06_000550,LEGITIMATE_TRANSFER_CASHOUT,NONE,1,1,TRANSFER,0,0.4853126603276436,0.11569047129038897,0.011497015626408423,30893.29,
L06_001100,332,CASH_OUT,10094.11,C1081860301,877976.54,0.0,CASHOUT_L06_000550,0.0,0.0,0,0,L06_000550,LEGITIMATE_TRANSFER_CASHOUT,NONE,1,2,CASH_OUT,2,0.4853126603276436,0.11569047129038897,0.011497015626408423,30893.29,867882.43
L06_001101,252,TRANSFER,12146.11,C1773570065,104997.0,92850.89,C21379643,162547.33,174693.44,0,0,L06_000551,LEGITIMATE_TRANSFER_CASHOUT,NONE,1,1,TRANSFER,0,0.5339183927922027,0.11568054325361678,0.03712234414755356,18631.14,
L06_001102,255,CASH_OUT,6485.03,C21379643,174693.44,0.0,CASHOUT_L06_000551,0.0,0.0,0,0,L06_000551,LEGITIMATE_TRANSFER_CASHOUT,NONE,1,2,CASH_OUT,3,0.5339183927922027,0.11568054325361678,0.03712234414755356,18631.14,168208.41
L06_001103,589,TRANSFER,10150.92,C62397765,105369.0,95218.08,C1174006496,124164.4,134315.32,0,0,L06_000552,LEGITIMATE_TRANSFER_CASHOUT,NONE,1,1,TRANSFER,0,0.3714654750481192,0.09633687327392307,0.02807364044548306,13921.64,
L06_001104,590,CASH_OUT,3770.72,C1174006496,134315.32,0.0,CASHOUT_L06_000552,0.0,0.0,0,0,L06_000552,LEGITIMATE_TRANSFER_CASHOUT,NONE,1,2,CASH_OUT,1,0.3714654750481192,0.09633687327392307,0.02807364044548306,13921.64,130544.6
L06_001105,405,TRANSFER,69690.73,C707330435,499969.0,430278.27,C1676069015,211873.62,281564.35,0,0,L06_000553,LEGITIMATE_TRANSFER_CASHOUT,NONE,1,1,TRANSFER,0,0.2724625935945027,0.13939010218633555,0.06743794091830163,88678.84999999999,
L06_001106,407,CASH_OUT,18988.12,C1676069015,281564.35,206119.51,CASHOUT_L06_000553,0.0,0.0,0,0,L06_000553,LEGITIMATE_TRANSFER_CASHOUT,NONE,1,2,CASH_OUT,2,0.2724625935945027,0.13939010218633555,0.06743794091830163,88678.84999999999,262576.23
L06_001107,155,TRANSFER,11035.62,C1955890836,91827.0,80791.38,C1897595911,49648.51,60684.130000000005,0,0,L06_000554,LEGITIMATE_TRANSFER_CASHOUT,NONE,1,1,TRANSFER,0,0.5790693522180704,0.12017837890816427,0.1053057858784496,17426.010000000002,
L06_001108,159,CASH_OUT,6390.39,C1897595911,60684.130000000005,0.0,CASHOUT_L06_000554,0.0,0.0,0,0,L06_000554,LEGITIMATE_TRANSFER_CASHOUT,NONE,1,2,CASH_OUT,4,0.5790693522180704,0.12017837890816427,0.1053057858784496,17426.010000000002,54293.740000000005
L06_001109,20,TRANSFER,9575.58,C1350499705,107366.92,97791.34,C881476481,0.0,9575.58,0,0,L06_000555,LEGITIMATE_TRANSFER_CASHOUT,NONE,1,1,TRANSFER,0,0.6331991560304202,0.08918557037866039,0.6331992422391124,15638.83,
L06_001110,22,CASH_OUT,6063.25,C881476481,9575.58,0.0,CASHOUT_L06_000555,0.0,0.0,0,0,L06_000555,LEGITIMATE_TRANSFER_CASHOUT,NONE,1,2,CASH_OUT,2,0.6331991560304202,0.08918557037866039,0.6331992422391124,15638.83,3512.33
L06_001111,138,TRANSFER,8949.52,C2057377506,61845.0,52895.479999999996,C1888204472,127800.79,136750.31,0,0,L06_000556,LEGITIMATE_TRANSFER_CASHOUT,NONE,1,1,TRANSFER,0,0.20350318262932815,0.14470886894655996,0.013318141655401001,10770.78,
L06_001112,142,CASH_OUT,1821.26,C1888204472,136750.31,0.0,CASHOUT_L06_000556,0.0,0.0,0,0,L06_000556,LEGITIMATE_TRANSFER_CASHOUT,NONE,1,2,CASH_OUT,4,0.20350318262932815,0.14470886894655996,0.013318141655401001,10770.78,134929.05
L06_001113,180,TRANSFER,9618.54,C773000012,125450.0,115831.45999999999,C1957858101,268495.74,278114.27999999997,0,0,L06_000557,LEGITIMATE_TRANSFER_CASHOUT,NONE,1,1,TRANSFER,0,0.6200932326527826,0.0766722997210044,0.021445824356807572,15582.93,
L06_001114,184,CASH_OUT,5964.39,C1957858101,278114.27999999997,93236.27,CASHOUT_L06_000557,0.0,0.0,0,0,L06_000557,LEGITIMATE_TRANSFER_CASHOUT,NONE,1,2,CASH_OUT,4,0.6200932326527826,0.0766722997210044,0.021445824356807572,15582.93,272149.88999999996
L06_001115,297,TRANSFER,12762.4,C466135087,142565.0,129802.6,C108187121,85919.42,98681.81999999999,0,0,L06_000558,LEGITIMATE_TRANSFER_CASHOUT,NONE,1,1,TRANSFER,0,0.5801254493665675,0.08951986813032652,0.07502688945137008,20166.19,
L06_001116,298,CASH_OUT,7403.79,C108187121,98681.81999999999,0.0,CASHOUT_L06_000558,0.0,0.0,0,0,L06_000558,LEGITIMATE_TRANSFER_CASHOUT,NONE,1,2,CASH_OUT,1,0.5801254493665675,0.08951986813032652,0.07502688945137008,20166.19,91278.03
L06_001117,304,TRANSFER,10089.3,C367960372,90024.62,79935.31999999999,C755537803,46680715.4,46690804.699999996,0,0,L06_000559,LEGITIMATE_TRANSFER_CASHOUT,NONE,1,1,TRANSFER,0,0.20101145608818471,0.11207267523039809,4.34359615995224e-05,12117.359999999999,
L06_001118,309,CASH_OUT,2028.06,C755537803,46690804.699999996,0.0,CASHOUT_L06_000559,0.0,0.0,0,0,L06_000559,LEGITIMATE_TRANSFER_CASHOUT,NONE,1,2,CASH_OUT,5,0.20101145608818471,0.11207267523039809,4.34359615995224e-05,12117.359999999999,46688776.63999999
L06_001119,251,TRANSFER,30814.47,C1984479530,520278.5,489464.03,C1762829176,4338050.24,4368864.71,0,0,L06_000560,LEGITIMATE_TRANSFER_CASHOUT,NONE,1,1,TRANSFER,0,0.3706178422714107,0.05922687560604561,0.0026140406622937058,42234.86,
L06_001120,256,CASH_OUT,11420.39,C1762829176,4368864.71,0.0,CASHOUT_L06_000560,0.0,0.0,0,0,L06_000560,LEGITIMATE_TRANSFER_CASHOUT,NONE,1,2,CASH_OUT,5,0.3706178422714107,0.05922687560604561,0.0026140406622937058,42234.86,4357444.32
L06_001121,164,TRANSFER,9788.75,C80704073,132204.32,122415.57,C209908449,2228140.69,2237929.44,0,0,L06_000561,LEGITIMATE_TRANSFER_CASHOUT,NONE,1,1,TRANSFER,0,0.5476968656152132,0.07404258801830378,0.002395638532732292,15150.02,
L06_001122,168,CASH_OUT,5361.27,C209908449,2237929.44,0.0,CASHOUT_L06_000561,0.0,0.0,0,0,L06_000561,LEGITIMATE_TRANSFER_CASHOUT,NONE,1,2,CASH_OUT,4,0.5476968656152132,0.07404258801830378,0.002395638532732292,15150.02,2232568.17
L06_001123,163,TRANSFER,22820.99,C1733283787,207110.67,184289.68000000002,C2003968237,1601776.16,1624597.15,0,0,L06_000562,LEGITIMATE_TRANSFER_CASHOUT,NONE,1,1,TRANSFER,0,0.5249715671595131,0.11018741815667923,0.007374363546064328,34801.36,
L06_001124,164,CASH_OUT,11980.37,C2003968237,1624597.15,0.0,CASHOUT_L06_000562,0.0,0.0,0,0,L06_000562,LEGITIMATE_TRANSFER_CASHOUT,NONE,1,2,CASH_OUT,1,0.5249715671595131,0.11018741815667923,0.007374363546064328,34801.36,1612616.7799999998
L06_001125,179,TRANSFER,26598.81,C865742823,196970.23,170371.42,C1248366988,3673943.38,3700542.19,0,0,L06_000563,LEGITIMATE_TRANSFER_CASHOUT,NONE,1,1,TRANSFER,0,0.46401293904683594,0.13503974686936193,0.003335238288419568,38941.0,
L06_001126,180,CASH_OUT,12342.19,C1248366988,3700542.19,0.0,CASHOUT_L06_000563,0.0,0.0,0,0,L06_000563,LEGITIMATE_TRANSFER_CASHOUT,NONE,1,2,CASH_OUT,1,0.46401293904683594,0.13503974686936193,0.003335238288419568,38941.0,3688200.0
L06_001127,231,TRANSFER,9813.67,C1149411750,214105.26,204291.59,C650643785,509247.28,519060.95,0,0,L06_000564,LEGITIMATE_TRANSFER_CASHOUT,NONE,1,1,TRANSFER,0,0.3652243405781758,0.04583572584811788,0.006905142835345252,13397.86,
L06_001128,236,CASH_OUT,3584.19,C650643785,519060.95,0.0,CASHOUT_L06_000564,0.0,0.0,0,0,L06_000564,LEGITIMATE_TRANSFER_CASHOUT,NONE,1,2,CASH_OUT,5,0.3652243405781758,0.04583572584811788,0.006905142835345252,13397.86,515476.76
L06_001129,353,TRANSFER,24199.38,C1528424131,379211.74,355012.36,C1678832427,5756239.1,5780438.4799999995,0,0,L06_000565,LEGITIMATE_TRANSFER_CASHOUT,NONE,1,1,TRANSFER,0,0.6199139844809871,0.06381495467413535,0.002595223537436558,39200.91,
L06_001130,355,CASH_OUT,15001.53,C1678832427,5780438.4799999995,0.0,CASHOUT_L06_000565,0.0,0.0,0,0,L06_000565,LEGITIMATE_TRANSFER_CASHOUT,NONE,1,2,CASH_OUT,2,0.6199139844809871,0.06381495467413535,0.002595223537436558,39200.91,5765436.949999999
L06_001131,306,TRANSFER,9031.03,C1704486636,60567.85,51536.82,C619120762,2642688.24,2651719.27,0,0,L06_000566,LEGITIMATE_TRANSFER_CASHOUT,NONE,1,1,TRANSFER,0,0.2110608273131412,0.14910600260699367,0.0007188166641787839,10937.130000000001,
L06_001132,311,CASH_OUT,1906.1,C619120762,2651719.27,0.0,CASHOUT_L06_000566,0.0,0.0,0,0,L06_000566,LEGITIMATE_TRANSFER_CASHOUT,NONE,1,2,CASH_OUT,5,0.2110608273131412,0.14910600260699367,0.0007188166641787839,10937.130000000001,2649813.17
L06_001133,255,TRANSFER,8942.32,C1898669511,61291.0,52348.68,C258569222,12876.4,21818.72,0,0,L06_000567,LEGITIMATE_TRANSFER_CASHOUT,NONE,1,1,TRANSFER,0,0.5245521249764382,0.1458993979540226,0.21498557202255678,13633.029999999999,
L06_001134,257,CASH_OUT,4690.71,C258569222,21818.72,0.0,CASHOUT_L06_000567,0.0,0.0,0,0,L06_000567,LEGITIMATE_TRANSFER_CASHOUT,NONE,1,2,CASH_OUT,2,0.5245521249764382,0.1458993979540226,0.21498557202255678,13633.029999999999,17128.010000000002
L06_001135,373,TRANSFER,10988.53,C358931154,84235.0,73246.47,C1831814209,0.0,10988.53,0,0,L06_000568,LEGITIMATE_TRANSFER_CASHOUT,NONE,1,1,TRANSFER,0,0.4938427587164164,0.13045088146257494,0.49384312551360365,16415.14,
L06_001136,376,CASH_OUT,5426.61,C1831814209,10988.53,52539.34,CASHOUT_L06_000568,0.0,0.0,0,0,L06_000568,LEGITIMATE_TRANSFER_CASHOUT,NONE,1,2,CASH_OUT,3,0.4938427587164164,0.13045088146257494,0.49384312551360365,16415.14,5561.920000000001
L06_001137,235,TRANSFER,8778.06,C1913145299,147113.0,138334.94,C1084585237,869479.24,878257.3,0,0,L06_000569,LEGITIMATE_TRANSFER_CASHOUT,NONE,1,1,TRANSFER,0,0.4310787585644821,0.059668826004499936,0.004308577907635951,12562.099999999999,
L06_001138,238,CASH_OUT,3784.04,C1084585237,878257.3,0.0,CASHOUT_L06_000569,0.0,0.0,0,0,L06_000569,LEGITIMATE_TRANSFER_CASHOUT,NONE,1,2,CASH_OUT,3,0.4310787585644821,0.059668826004499936,0.004308577907635951,12562.099999999999,874473.26
L06_001139,214,TRANSFER,15612.18,C1145139365,112254.76,96642.57999999999,C1010405367,965092.01,980704.1900000001,0,0,L06_000570,LEGITIMATE_TRANSFER_CASHOUT,NONE,1,1,TRANSFER,0,0.36142161248646354,0.13907811125336692,0.005753600379743457,21254.760000000002,
L06_001140,218,CASH_OUT,5642.58,C1010405367,980704.1900000001,0.0,CASHOUT_L06_000570,0.0,0.0,0,0,L06_000570,LEGITIMATE_TRANSFER_CASHOUT,NONE,1,2,CASH_OUT,4,0.36142161248646354,0.13907811125336692,0.005753600379743457,21254.760000000002,975061.6100000001
L06_001141,133,TRANSFER,37833.86,C2092618536,974458.0,936624.14,C984922302,14056.38,51890.24,0,0,L06_000571,LEGITIMATE_TRANSFER_CASHOUT,NONE,1,1,TRANSFER,0,0.2728407243798239,0.03882554199360055,0.19893182224634154,48156.48,
L06_001142,137,CASH_OUT,10322.62,C984922302,51890.24,0.0,CASHOUT_L06_000571,0.0,0.0,0,0,L06_000571,LEGITIMATE_TRANSFER_CASHOUT,NONE,1,2,CASH_OUT,4,0.2728407243798239,0.03882554199360055,0.19893182224634154,48156.48,41567.619999999995
L06_001143,141,TRANSFER,13949.47,C2027245543,100942.0,86992.53,C22175789,365914.86,379864.32999999996,0,0,L06_000572,LEGITIMATE_TRANSFER_CASHOUT,NONE,1,1,TRANSFER,0,0.2863128337520812,0.13819292266846306,0.010514043263814742,17943.379999999997,
L06_001144,142,CASH_OUT,3993.91,C22175789,379864.32999999996,0.0,CASHOUT_L06_000572,0.0,0.0,0,0,L06_000572,LEGITIMATE_TRANSFER_CASHOUT,NONE,1,2,CASH_OUT,1,0.2863128337520812,0.13819292266846306,0.010514043263814742,17943.379999999997,375870.42
L06_001145,303,TRANSFER,22389.46,C1879192857,201136.0,178746.54,C1998746031,0.0,22389.46,0,0,L06_000573,LEGITIMATE_TRANSFER_CASHOUT,NONE,1,1,TRANSFER,0,0.32847180445728097,0.11131503062604406,0.3284719685066098,29743.77,
L06_001146,304,CASH_OUT,7354.31,C1998746031,22389.46,0.0,CASHOUT_L06_000573,0.0,0.0,0,0,L06_000573,LEGITIMATE_TRANSFER_CASHOUT,NONE,1,2,CASH_OUT,1,0.32847180445728097,0.11131503062604406,0.3284719685066098,29743.77,15035.149999999998
L06_001147,264,TRANSFER,9090.65,C925955900,66453.0,57362.35,C1179261779,911459.2,920549.85,0,0,L06_000574,LEGITIMATE_TRANSFER_CASHOUT,NONE,1,1,TRANSFER,0,0.612359114369754,0.13679818819315906,0.006047190165747135,14657.39,
L06_001148,269,CASH_OUT,5566.74,C1179261779,920549.85,0.0,CASHOUT_L06_000574,0.0,0.0,0,0,L06_000574,LEGITIMATE_TRANSFER_CASHOUT,NONE,1,2,CASH_OUT,5,0.612359114369754,0.13679818819315906,0.006047190165747135,14657.39,914983.11
L06_001149,275,TRANSFER,37042.52,C9681909,250665.48,213622.96000000002,C2005491909,1310250.83,1347293.35,0,0,L06_000575,LEGITIMATE_TRANSFER_CASHOUT,NONE,1,1,TRANSFER,0,0.5433826295861477,0.1477767102195324,0.014939775365179377,57170.78,
L06_001150,276,CASH_OUT,20128.26,C2005491909,1347293.35,238932.23,CASHOUT_L06_000575,0.0,0.0,0,0,L06_000575,LEGITIMATE_TRANSFER_CASHOUT,NONE,1,2,CASH_OUT,1,0.5433826295861477,0.1477767102195324,0.014939775365179377,57170.78,1327165.09
L06_001151,307,TRANSFER,10763.16,C897468521,76364.0,65600.84,C523284687,772677.08,783440.24,0,0,L06_000576,LEGITIMATE_TRANSFER_CASHOUT,NONE,1,1,TRANSFER,0,0.535375696696591,0.14094547168823005,0.007355162149955433,16525.489999999998,
L06_001152,311,CASH_OUT,5762.33,C523284687,783440.24,66850.73,CASHOUT_L06_000576,0.0,0.0,0,0,L06_000576,LEGITIMATE_TRANSFER_CASHOUT,NONE,1,2,CASH_OUT,4,0.535375696696591,0.14094547168823005,0.007355162149955433,16525.489999999998,777677.91
L06_001153,357,TRANSFER,14329.37,C690310161,159806.0,145476.63,C1685158679,1295033.09,1309362.4600000002,0,0,L06_000577,LEGITIMATE_TRANSFER_CASHOUT,NONE,1,1,TRANSFER,0,0.5682694210108624,0.08966728408194936,0.0062190113499970045,22472.31,
L06_001154,361,CASH_OUT,8142.94,C1685158679,1309362.4600000002,0.0,CASHOUT_L06_000577,0.0,0.0,0,0,L06_000577,LEGITIMATE_TRANSFER_CASHOUT,NONE,1,2,CASH_OUT,4,0.5682694210108624,0.08966728408194936,0.0062190113499970045,22472.31,1301219.5200000003
L06_001155,187,TRANSFER,17122.39,C759981546,205083.91,187961.52000000002,C1909287564,1238506.26,1255628.65,0,0,L06_000578,LEGITIMATE_TRANSFER_CASHOUT,NONE,1,1,TRANSFER,0,0.42350297892617084,0.08348967990711705,0.005775099190353772,24373.77,
L06_001156,190,CASH_OUT,7251.38,C1909287564,1255628.65,0.0,CASHOUT_L06_000578,0.0,0.0,0,0,L06_000578,LEGITIMATE_TRANSFER_CASHOUT,NONE,1,2,CASH_OUT,3,0.42350297892617084,0.08348967990711705,0.005775099190353772,24373.77,1248377.27
L06_001157,327,TRANSFER,37924.54,C1074242717,284429.0,246504.46,C841536881,0.0,37924.54,0,0,L06_000579,LEGITIMATE_TRANSFER_CASHOUT,NONE,1,1,TRANSFER,0,0.3605440274836737,0.1333357006493712,0.3605441226182308,51598.01,
L06_001158,329,CASH_OUT,13673.47,C841536881,37924.54,0.0,CASHOUT_L06_000579,0.0,0.0,0,0,L06_000579,LEGITIMATE_TRANSFER_CASHOUT,NONE,1,2,CASH_OUT,2,0.3605440274836737,0.1333357006493712,0.3605441226182308,51598.01,24251.07
L06_001159,332,TRANSFER,9527.12,C1120072770,83748.92,74221.8,C144218388,586595.1,596122.22,0,0,L06_000580,LEGITIMATE_TRANSFER_CASHOUT,NONE,1,1,TRANSFER,0,0.5253372992071468,0.11375812368684875,0.00839584540230693,14532.07,
L06_001160,337,CASH_OUT,5004.95,C144218388,596122.22,0.0,CASHOUT_L06_000580,0.0,0.0,0,0,L06_000580,LEGITIMATE_TRANSFER_CASHOUT,NONE,1,2,CASH_OUT,5,0.5253372992071468,0.11375812368684875,0.00839584540230693,14532.07,591117.27
L06_001161,396,TRANSFER,10157.39,C547053644,82010.0,71852.61,C1230301977,1582796.49,1592953.88,0,0,L06_000581,LEGITIMATE_TRANSFER_CASHOUT,NONE,1,1,TRANSFER,0,0.45528341772775494,0.12385550542616754,0.0029030909545228016,14781.88,
L06_001162,400,CASH_OUT,4624.49,C1230301977,1592953.88,0.0,CASHOUT_L06_000581,0.0,0.0,0,0,L06_000581,LEGITIMATE_TRANSFER_CASHOUT,NONE,1,2,CASH_OUT,4,0.45528341772775494,0.12385550542616754,0.0029030909545228016,14781.88,1588329.39
L06_001163,259,TRANSFER,8865.47,C1784965065,66528.0,57662.53,C803893387,111324.26,120189.73,0,0,L06_000582,LEGITIMATE_TRANSFER_CASHOUT,NONE,1,1,TRANSFER,0,0.5498788421260388,0.1332592291967292,0.040560287472149244,13740.4,
L06_001164,264,CASH_OUT,4874.93,C803893387,120189.73,0.0,CASHOUT_L06_000582,0.0,0.0,0,0,L06_000582,LEGITIMATE_TRANSFER_CASHOUT,NONE,1,2,CASH_OUT,5,0.5498788421260388,0.1332592291967292,0.040560287472149244,13740.4,115314.79999999999
L06_001165,19,TRANSFER,14317.95,C1167622939,129876.0,115558.05,C1725843858,666097.61,680415.5599999999,0,0,L06_000583,LEGITIMATE_TRANSFER_CASHOUT,NONE,1,1,TRANSFER,0,0.24860160900720582,0.11024323200591334,0.005231317755284726,17877.420000000002,
L06_001166,23,CASH_OUT,3559.47,C1725843858,680415.5599999999,99821.69,CASHOUT_L06_000583,0.0,0.0,0,0,L06_000583,LEGITIMATE_TRANSFER_CASHOUT,NONE,1,2,CASH_OUT,4,0.24860160900720582,0.11024323200591334,0.005231317755284726,17877.420000000002,676856.09
L06_001167,232,TRANSFER,12086.98,C87069851,158838.0,146751.02,C2116410059,0.0,12086.98,0,0,L06_000584,LEGITIMATE_TRANSFER_CASHOUT,NONE,1,1,TRANSFER,0,0.4701492699218574,0.07609627419131441,0.4701488709338479,17769.66,
L06_001168,233,CASH_OUT,5682.68,C2116410059,12086.98,0.0,CASHOUT_L06_000584,0.0,0.0,0,0,L06_000584,LEGITIMATE_TRANSFER_CASHOUT,NONE,1,2,CASH_OUT,1,0.4701492699218574,0.07609627419131441,0.4701488709338479,17769.66,6404.299999999999
L06_001169,20,TRANSFER,97455.72,C1889452476,806429.0,708973.28,C1279182255,3813010.06,3910465.7800000003,0,0,L06_000585,LEGITIMATE_TRANSFER_CASHOUT,NONE,1,1,TRANSFER,0,0.2519003919577541,0.12084848139141821,0.0062778020269493315,122004.85,
L06_001170,24,CASH_OUT,24549.13,C1279182255,3910465.7800000003,0.0,CASHOUT_L06_000585,0.0,0.0,0,0,L06_000585,LEGITIMATE_TRANSFER_CASHOUT,NONE,1,2,CASH_OUT,4,0.2519003919577541,0.12084848139141821,0.0062778020269493315,122004.85,3885916.6500000004
L06_001171,369,TRANSFER,14993.93,C1149644320,100011.0,85017.07,C92625872,1506502.98,1521496.91,0,0,L06_000586,LEGITIMATE_TRANSFER_CASHOUT,NONE,1,1,TRANSFER,0,0.22610519366299692,0.14992280849106598,0.002228206957055207,18384.14,
L06_001172,373,CASH_OUT,3390.21,C92625872,1521496.91,0.0,CASHOUT_L06_000586,0.0,0.0,0,0,L06_000586,LEGITIMATE_TRANSFER_CASHOUT,NONE,1,2,CASH_OUT,4,0.22610519366299692,0.14992280849106598,0.002228206957055207,18384.14,1518106.7
L06_001173,188,TRANSFER,11525.79,C249320427,147209.0,135683.21,C1627577618,10434.0,21959.79,0,0,L06_000587,LEGITIMATE_TRANSFER_CASHOUT,NONE,1,1,TRANSFER,0,0.20615064417092469,0.07829541672044509,0.10820003287827434,13901.84,
L06_001174,189,CASH_OUT,2376.05,C1627577618,21959.79,136244.54,CASHOUT_L06_000587,0.0,0.0,0,0,L06_000587,LEGITIMATE_TRANSFER_CASHOUT,NONE,1,2,CASH_OUT,1,0.20615064417092469,0.07829541672044509,0.10820003287827434,13901.84,19583.74
L06_001175,379,TRANSFER,30410.36,C1528967528,212981.0,182570.64,C1408877478,35717.27,66127.63,0,0,L06_000588,LEGITIMATE_TRANSFER_CASHOUT,NONE,1,1,TRANSFER,0,0.44912038871643933,0.14278437982730854,0.20653862840691553,44068.270000000004,
L06_001176,382,CASH_OUT,13657.91,C1408877478,66127.63,0.0,CASHOUT_L06_000588,0.0,0.0,0,0,L06_000588,LEGITIMATE_TRANSFER_CASHOUT,NONE,1,2,CASH_OUT,3,0.44912038871643933,0.14278437982730854,0.20653862840691553,44068.270000000004,52469.72
L06_001177,669,TRANSFER,8738.63,C1046635241,59912.0,51173.37,C1748989668,5297331.44,5306070.07,0,0,L06_000589,LEGITIMATE_TRANSFER_CASHOUT,NONE,1,1,TRANSFER,0,0.5491627530519732,0.14585775804513285,0.0009044226587079352,13537.56,
L06_001178,671,CASH_OUT,4798.93,C1748989668,5306070.07,0.0,CASHOUT_L06_000589,0.0,0.0,0,0,L06_000589,LEGITIMATE_TRANSFER_CASHOUT,NONE,1,2,CASH_OUT,2,0.5491627530519732,0.14585775804513285,0.0009044226587079352,13537.56,5301271.140000001
L06_001179,380,TRANSFER,9880.03,C117264055,85131.0,75250.97,C906480352,52817.86,62697.89,0,0,L06_000590,LEGITIMATE_TRANSFER_CASHOUT,NONE,1,1,TRANSFER,0,0.2890184345749004,0.11605678307549543,0.045543956901898934,12735.54,
L06_001180,383,CASH_OUT,2855.51,C906480352,62697.89,55108.17,CASHOUT_L06_000590,0.0,0.0,0,0,L06_000590,LEGITIMATE_TRANSFER_CASHOUT,NONE,1,2,CASH_OUT,3,0.2890184345749004,0.11605678307549543,0.045543956901898934,12735.54,59842.38
L06_001181,96,TRANSFER,9468.7,C617176141,73089.0,63620.3,C657868649,76897.34,86366.04,0,0,L06_000591,LEGITIMATE_TRANSFER_CASHOUT,NONE,1,1,TRANSFER,0,0.2210547718203066,0.12955027432308555,0.024235220232396902,11561.800000000001,
L06_001182,98,CASH_OUT,2093.1,C657868649,86366.04,29413.69,CASHOUT_L06_000591,0.0,0.0,0,0,L06_000591,LEGITIMATE_TRANSFER_CASHOUT,NONE,1,2,CASH_OUT,2,0.2210547718203066,0.12955027432308555,0.024235220232396902,11561.800000000001,84272.93999999999
L06_001183,211,TRANSFER,54596.1,C1534172036,591250.53,536654.43,C1455826282,3403628.72,3458224.8200000003,0,0,L06_000592,LEGITIMATE_TRANSFER_CASHOUT,NONE,1,1,TRANSFER,0,0.6000965333566118,0.09234004407573215,0.009473915579612316,87359.03,
L06_001184,216,CASH_OUT,32762.93,C1455826282,3458224.8200000003,0.0,CASHOUT_L06_000592,0.0,0.0,0,0,L06_000592,LEGITIMATE_TRANSFER_CASHOUT,NONE,1,2,CASH_OUT,5,0.6000965333566118,0.09234004407573215,0.009473915579612316,87359.03,3425461.89
L06_001185,353,TRANSFER,23539.27,C429897588,236656.0,213116.73,C1256978315,0.0,23539.27,0,0,L06_000593,LEGITIMATE_TRANSFER_CASHOUT,NONE,1,1,TRANSFER,0,0.2110968995121173,0.09946618720843757,0.2110970306215953,28508.34,
L06_001186,357,CASH_OUT,4969.07,C1256978315,23539.27,0.0,CASHOUT_L06_000593,0.0,0.0,0,0,L06_000593,LEGITIMATE_TRANSFER_CASHOUT,NONE,1,2,CASH_OUT,4,0.2110968995121173,0.09946618720843757,0.2110970306215953,28508.34,18570.2
L06_001187,11,TRANSFER,232674.31,C13987727,1972904.2,1740229.89,C2140758958,700475.75,933150.06,0,0,L06_000594,LEGITIMATE_TRANSFER_CASHOUT,NONE,1,1,TRANSFER,0,0.6420432461126895,0.11793492557824146,0.1600889036003491,382061.28,
L06_001188,16,CASH_OUT,149386.97,C2140758958,933150.06,680738.39,CASHOUT_L06_000594,0.0,0.0,0,0,L06_000594,LEGITIMATE_TRANSFER_CASHOUT,NONE,1,2,CASH_OUT,5,0.6420432461126895,0.11793492557824146,0.1600889036003491,382061.28,783763.0900000001
L06_001189,134,TRANSFER,13095.39,C622817781,118141.0,105045.61,C941531460,2453191.35,2466286.74,0,0,L06_000595,LEGITIMATE_TRANSFER_CASHOUT,NONE,1,1,TRANSFER,0,0.3769397680130726,0.1108454304602128,0.002001458273258202,18031.559999999998,
L06_001190,138,CASH_OUT,4936.17,C941531460,2466286.74,0.0,CASHOUT_L06_000595,0.0,0.0,0,0,L06_000595,LEGITIMATE_TRANSFER_CASHOUT,NONE,1,2,CASH_OUT,4,0.3769397680130726,0.1108454304602128,0.002001458273258202,18031.559999999998,2461350.5700000003
L06_001191,253,TRANSFER,38242.14,C875760973,349606.0,311363.86,C1351566968,0.0,38242.14,0,0,L06_000596,LEGITIMATE_TRANSFER_CASHOUT,NONE,1,1,TRANSFER,0,0.48499661839061875,0.10938639497033803,0.4849966555218929,56789.45,
L06_001192,256,CASH_OUT,18547.31,C1351566968,38242.14,0.0,CASHOUT_L06_000596,0.0,0.0,0,0,L06_000596,LEGITIMATE_TRANSFER_CASHOUT,NONE,1,2,CASH_OUT,3,0.48499661839061875,0.10938639497033803,0.4849966555218929,56789.45,19694.829999999998
L06_001193,161,TRANSFER,28175.91,C1307642710,359836.0,331660.09,C948935061,0.0,28175.91,0,0,L06_000597,LEGITIMATE_TRANSFER_CASHOUT,NONE,1,1,TRANSFER,0,0.28035144607197815,0.0783020876176925,0.2803515485391599,36075.07,
L06_001194,164,CASH_OUT,7899.16,C948935061,28175.91,0.0,CASHOUT_L06_000597,0.0,0.0,0,0,L06_000597,LEGITIMATE_TRANSFER_CASHOUT,NONE,1,2,CASH_OUT,3,0.28035144607197815,0.0783020876176925,0.2803515485391599,36075.07,20276.75
L06_001195,206,TRANSFER,100100.43,C2141592008,767895.25,667794.8200000001,C2126536847,4067178.48,4167278.91,0,0,L06_000598,LEGITIMATE_TRANSFER_CASHOUT,NONE,1,1,TRANSFER,0,0.30088180327031155,0.13035688135849258,0.007227354024163456,130218.82999999999,
L06_001196,210,CASH_OUT,30118.4,C2126536847,4167278.91,651303.18,CASHOUT_L06_000598,0.0,0.0,0,0,L06_000598,LEGITIMATE_TRANSFER_CASHOUT,NONE,1,2,CASH_OUT,4,0.30088180327031155,0.13035688135849258,0.007227354024163456,130218.82999999999,4137160.5100000002
L06_001197,351,TRANSFER,11101.69,C1936458739,117168.0,106066.31,C331294868,134124.89,145226.58000000002,0,0,L06_000599,LEGITIMATE_TRANSFER_CASHOUT,NONE,1,1,TRANSFER,0,0.4082809987431715,0.09475018776457736,0.031210608967036195,15634.3,
L06_001198,352,CASH_OUT,4532.61,C331294868,145226.58000000002,0.0,CASHOUT_L06_000599,0.0,0.0,0,0,L06_000599,LEGITIMATE_TRANSFER_CASHOUT,NONE,1,2,CASH_OUT,1,0.4082809987431715,0.09475018776457736,0.031210608967036195,15634.3,140693.97000000003
L06_001199,134,TRANSFER,14965.34,C1126287908,212778.0,197812.66,C189430171,6774.43,21739.77,0,0,L06_000600,LEGITIMATE_TRANSFER_CASHOUT,NONE,1,1,TRANSFER,0,0.5253993899896158,0.07033311714556956,0.3616772394556152,22828.12,
L06_001200,136,CASH_OUT,7862.78,C189430171,21739.77,99671.51,CASHOUT_L06_000600,0.0,0.0,0,0,L06_000600,LEGITIMATE_TRANSFER_CASHOUT,NONE,1,2,CASH_OUT,2,0.5253993899896158,0.07033311714556956,0.3616772394556152,22828.12,13876.990000000002
L06_001201,284,TRANSFER,13088.4,C1450412108,202528.65,189440.25,C2133557550,2167539.51,2180627.9099999997,0,0,L06_000601,LEGITIMATE_TRANSFER_CASHOUT,NONE,1,1,TRANSFER,0,0.4885024492660252,0.06462493084311775,0.0029320545567079353,19482.12,
L06_001202,285,CASH_OUT,6393.72,C2133557550,2180627.9099999997,146313.64,CASHOUT_L06_000601,0.0,0.0,0,0,L06_000601,LEGITIMATE_TRANSFER_CASHOUT,NONE,1,2,CASH_OUT,1,0.4885024492660252,0.06462493084311775,0.0029320545567079353,19482.12,2174234.1899999995
L06_001203,230,TRANSFER,11499.75,C264539268,344567.96,333068.21,C437200444,1685001.55,1696501.3,0,0,L06_000602,LEGITIMATE_TRANSFER_CASHOUT,NONE,1,1,TRANSFER,0,0.6487173206474364,0.033374403122101076,0.00439733821600962,18959.84,
L06_001204,233,CASH_OUT,7460.09,C437200444,1696501.3,0.0,CASHOUT_L06_000602,0.0,0.0,0,0,L06_000602,LEGITIMATE_TRANSFER_CASHOUT,NONE,1,2,CASH_OUT,3,0.6487173206474364,0.033374403122101076,0.00439733821600962,18959.84,1689041.21
L06_001205,184,TRANSFER,9321.34,C2006228914,62526.0,53204.66,C1589088747,0.0,9321.34,0,0,L06_000603,LEGITIMATE_TRANSFER_CASHOUT,NONE,1,1,TRANSFER,0,0.5836113357976744,0.1490794229600486,0.5836113691808259,14761.380000000001,
L06_001206,187,CASH_OUT,5440.04,C1589088747,9321.34,0.0,CASHOUT_L06_000603,0.0,0.0,0,0,L06_000603,LEGITIMATE_TRANSFER_CASHOUT,NONE,1,2,CASH_OUT,3,0.5836113357976744,0.1490794229600486,0.5836113691808259,14761.380000000001,3881.3
L06_001207,45,TRANSFER,14145.55,C402824070,134670.0,120524.45,C243079594,30200.0,44345.55,0,0,L06_000604,LEGITIMATE_TRANSFER_CASHOUT,NONE,1,1,TRANSFER,0,0.21280264517501096,0.10503861290562114,0.0678807681943284,17155.76,
L06_001208,47,CASH_OUT,3010.21,C243079594,44345.55,47756.77,CASHOUT_L06_000604,0.0,0.0,0,0,L06_000604,LEGITIMATE_TRANSFER_CASHOUT,NONE,1,2,CASH_OUT,2,0.21280264517501096,0.10503861290562114,0.0678807681943284,17155.76,41335.340000000004
L06_001209,187,TRANSFER,16445.42,C1602703617,504415.33,487969.91000000003,C1296954353,896871.38,913316.8,0,0,L06_000605,LEGITIMATE_TRANSFER_CASHOUT,NONE,1,1,TRANSFER,0,0.48787446578561255,0.03260293456981174,0.00878479406050562,24468.719999999998,
L06_001210,189,CASH_OUT,8023.3,C1296954353,913316.8,0.0,CASHOUT_L06_000605,0.0,0.0,0,0,L06_000605,LEGITIMATE_TRANSFER_CASHOUT,NONE,1,2,CASH_OUT,2,0.48787446578561255,0.03260293456981174,0.00878479406050562,24468.719999999998,905293.5
L06_001211,403,TRANSFER,14701.82,C1034887578,326164.0,311462.18,C986240027,232177.17,246878.99000000002,0,0,L06_000606,LEGITIMATE_TRANSFER_CASHOUT,NONE,1,1,TRANSFER,0,0.6494005648071774,0.045074931629487,0.038672266117096475,24249.190000000002,
L06_001212,405,CASH_OUT,9547.37,C986240027,246878.99000000002,226380.42,CASHOUT_L06_000606,0.0,0.0,0,0,L06_000606,LEGITIMATE_TRANSFER_CASHOUT,NONE,1,2,CASH_OUT,2,0.6494005648071774,0.045074931629487,0.038672266117096475,24249.190000000002,237331.62000000002
L06_001213,43,TRANSFER,9740.96,C1598579689,65400.0,55659.04,C1741187453,326994.43,336735.39,0,0,L06_000607,LEGITIMATE_TRANSFER_CASHOUT,NONE,1,1,TRANSFER,0,0.5876500765300074,0.14894434250764524,0.016999341827421226,15465.239999999998,
L06_001214,46,CASH_OUT,5724.28,C1741187453,336735.39,0.0,CASHOUT_L06_000607,0.0,0.0,0,0,L06_000607,LEGITIMATE_TRANSFER_CASHOUT,NONE,1,2,CASH_OUT,3,0.5876500765300074,0.14894434250764524,0.016999341827421226,15465.239999999998,331011.11
L06_001215,372,TRANSFER,9170.25,C1599571475,95627.0,86456.75,C1894663125,67464.9,76635.15,0,0,L06_000608,LEGITIMATE_TRANSFER_CASHOUT,NONE,1,1,TRANSFER,0,0.5590496392915606,0.09589603354701078,0.06689645678255997,14296.869999999999,
L06_001216,377,CASH_OUT,5126.62,C1894663125,76635.15,0.0,CASHOUT_L06_000608,0.0,0.0,0,0,L06_000608,LEGITIMATE_TRANSFER_CASHOUT,NONE,1,2,CASH_OUT,5,0.5590496392915606,0.09589603354701078,0.06689645678255997,14296.869999999999,71508.53
L06_001217,401,TRANSFER,10031.14,C393698335,117078.0,107046.86,C906574932,968903.41,978934.55,0,0,L06_000609,LEGITIMATE_TRANSFER_CASHOUT,NONE,1,1,TRANSFER,0,0.3071747389637529,0.08567911990297067,0.0031476159463367597,13112.449999999999,
L06_001218,402,CASH_OUT,3081.31,C906574932,978934.55,0.0,CASHOUT_L06_000609,0.0,0.0,0,0,L06_000609,LEGITIMATE_TRANSFER_CASHOUT,NONE,1,2,CASH_OUT,1,0.3071747389637529,0.08567911990297067,0.0031476159463367597,13112.449999999999,975853.24
L06_001219,136,TRANSFER,59473.82,C430842650,753078.0,693604.18,C136218555,915868.89,975342.71,0,0,L06_000610,LEGITIMATE_TRANSFER_CASHOUT,NONE,1,1,TRANSFER,0,0.6118779067249948,0.07897431607350101,0.03731070076896356,95864.54000000001,
L06_001220,139,CASH_OUT,36390.72,C136218555,975342.71,643982.29,CASHOUT_L06_000610,0.0,0.0,0,0,L06_000610,LEGITIMATE_TRANSFER_CASHOUT,NONE,1,2,CASH_OUT,3,0.6118779067249948,0.07897431607350101,0.03731070076896356,95864.54000000001,938951.99
L06_001221,253,TRANSFER,67025.89,C1791262509,742290.0,675264.11,C727893386,755873.69,822899.58,0,0,L06_000611,LEGITIMATE_TRANSFER_CASHOUT,NONE,1,1,TRANSFER,0,0.353204868262673,0.09029609721267969,0.028768844431783524,90699.76,
L06_001222,256,CASH_OUT,23673.87,C727893386,822899.58,263924.97,CASHOUT_L06_000611,0.0,0.0,0,0,L06_000611,LEGITIMATE_TRANSFER_CASHOUT,NONE,1,2,CASH_OUT,3,0.353204868262673,0.09029609721267969,0.028768844431783524,90699.76,799225.71
L06_001223,356,TRANSFER,20075.05,C1331264385,345734.0,325658.95,C197260978,328823.73,348898.77999999997,0,0,L06_000612,LEGITIMATE_TRANSFER_CASHOUT,NONE,1,1,TRANSFER,0,0.4333073028697608,0.058065015300780363,0.024931786806477226,28773.72,
L06_001224,357,CASH_OUT,8698.67,C197260978,348898.77999999997,323990.49,CASHOUT_L06_000612,0.0,0.0,0,0,L06_000612,LEGITIMATE_TRANSFER_CASHOUT,NONE,1,2,CASH_OUT,1,0.4333073028697608,0.058065015300780363,0.024931786806477226,28773.72,340200.11
L06_001225,371,TRANSFER,13175.53,C150655208,99606.0,86430.47,C2084663078,0.0,13175.53,0,0,L06_000613,LEGITIMATE_TRANSFER_CASHOUT,NONE,1,1,TRANSFER,0,0.4654390232121982,0.13227646928899867,0.465439340960098,19307.940000000002,
L06_001226,376,CASH_OUT,6132.41,C2084663078,13175.53,0.0,CASHOUT_L06_000613,0.0,0.0,0,0,L06_000613,LEGITIMATE_TRANSFER_CASHOUT,NONE,1,2,CASH_OUT,5,0.4654390232121982,0.13227646928899867,0.465439340960098,19307.940000000002,7043.120000000001
L06_001227,400,TRANSFER,9134.15,C590131920,62169.0,53034.85,C809276684,4343209.88,4352344.03,0,0,L06_000614,LEGITIMATE_TRANSFER_CASHOUT,NONE,1,1,TRANSFER,0,0.4915925058322405,0.14692451221669964,0.0010316923407362169,13624.43,
L06_001228,401,CASH_OUT,4490.28,C809276684,4352344.03,0.0,CASHOUT_L06_000614,0.0,0.0,0,0,L06_000614,LEGITIMATE_TRANSFER_CASHOUT,NONE,1,2,CASH_OUT,1,0.4915925058322405,0.14692451221669964,0.0010316923407362169,13624.43,4347853.75
L06_001229,309,TRANSFER,14259.89,C294175243,117926.0,103666.11,C1802219360,2533587.29,2547847.18,0,0,L06_000615,LEGITIMATE_TRANSFER_CASHOUT,NONE,1,1,TRANSFER,0,0.5244927624435745,0.12092235808897105,0.002935501806666442,21739.1,
L06_001230,311,CASH_OUT,7479.21,C1802219360,2547847.18,0.0,CASHOUT_L06_000615,0.0,0.0,0,0,L06_000615,LEGITIMATE_TRANSFER_CASHOUT,NONE,1,2,CASH_OUT,2,0.5244927624435745,0.12092235808897105,0.002935501806666442,21739.1,2540367.97
L06_001231,13,TRANSFER,53978.69,C1547997928,2067577.43,2013598.74,C1874558205,1745537.59,1799516.28,0,0,L06_000616,LEGITIMATE_TRANSFER_CASHOUT,NONE,1,1,TRANSFER,0,0.6378377765663692,0.02610721572831253,0.019132724934280674,88408.34,
L06_001232,18,CASH_OUT,34429.65,C1874558205,1799516.28,1112260.47,CASHOUT_L06_000616,0.0,0.0,0,0,L06_000616,LEGITIMATE_TRANSFER_CASHOUT,NONE,1,2,CASH_OUT,5,0.6378377765663692,0.02610721572831253,0.019132724934280674,88408.34,1765086.6300000001
L06_001233,298,TRANSFER,12131.56,C500617770,98029.0,85897.44,C696214326,0.0,12131.56,0,0,L06_000617,LEGITIMATE_TRANSFER_CASHOUT,NONE,1,1,TRANSFER,0,0.4816407504772123,0.12375480725091555,0.4816404485490737,17974.61,
L06_001234,300,CASH_OUT,5843.05,C696214326,12131.56,0.0,CASHOUT_L06_000617,0.0,0.0,0,0,L06_000617,LEGITIMATE_TRANSFER_CASHOUT,NONE,1,2,CASH_OUT,2,0.4816407504772123,0.12375480725091555,0.4816404485490737,17974.61,6288.509999999999
L06_001235,157,TRANSFER,31022.74,C604604714,350699.0,319676.26,C1172888641,0.0,31022.74,0,0,L06_000618,LEGITIMATE_TRANSFER_CASHOUT,NONE,1,1,TRANSFER,0,0.46110691817203203,0.08845973327554399,0.46110691705503765,45327.54,
L06_001236,158,CASH_OUT,14304.8,C1172888641,31022.74,136845.7,CASHOUT_L06_000618,0.0,0.0,0,0,L06_000618,LEGITIMATE_TRANSFER_CASHOUT,NONE,1,2,CASH_OUT,1,0.46110691817203203,0.08845973327554399,0.46110691705503765,45327.54,16717.940000000002
L06_001237,38,TRANSFER,8700.75,C2035719514,60928.0,52227.25,C1310575604,56004.55,64705.3,0,0,L06_000619,LEGITIMATE_TRANSFER_CASHOUT,NONE,1,1,TRANSFER,0,0.46392279703221967,0.1428038012079832,0.06238252507908935,12737.23,
L06_001238,43,CASH_OUT,4036.48,C1310575604,64705.3,0.0,CASHOUT_L06_000619,0.0,0.0,0,0,L06_000619,LEGITIMATE_TRANSFER_CASHOUT,NONE,1,2,CASH_OUT,5,0.46392279703221967,0.1428038012079832,0.06238252507908935,12737.23,60668.82
L06_001239,346,TRANSFER,10535.52,C303116963,77812.0,67276.48,C934443721,200290.95,210826.47,0,0,L06_000620,LEGITIMATE_TRANSFER_CASHOUT,NONE,1,1,TRANSFER,0,0.3121980264905653,0.13539711098545212,0.015601314199303343,13824.69,
L06_001240,350,CASH_OUT,3289.17,C934443721,210826.47,0.0,CASHOUT_L06_000620,0.0,0.0,0,0,L06_000620,LEGITIMATE_TRANSFER_CASHOUT,NONE,1,2,CASH_OUT,4,0.3121980264905653,0.13539711098545212,0.015601314199303343,13824.69,207537.3
L06_001241,141,TRANSFER,22163.35,C745341382,316844.94,294681.59,C687635495,1317011.15,1339174.5,0,0,L06_000621,LEGITIMATE_TRANSFER_CASHOUT,NONE,1,1,TRANSFER,0,0.23276543827781873,0.06995014659221005,0.003852268692392216,27322.21,
L06_001242,144,CASH_OUT,5158.86,C687635495,1339174.5,0.0,CASHOUT_L06_000621,0.0,0.0,0,0,L06_000621,LEGITIMATE_TRANSFER_CASHOUT,NONE,1,2,CASH_OUT,3,0.23276543827781873,0.06995014659221005,0.003852268692392216,27322.21,1334015.64
L06_001243,139,TRANSFER,49503.54,C1948584495,541670.64,492167.10000000003,C860210648,1437210.47,1486714.01,0,0,L06_000622,LEGITIMATE_TRANSFER_CASHOUT,NONE,1,1,TRANSFER,0,0.49620247211686824,0.09139048038490696,0.016522195818952427,74067.32,
L06_001244,142,CASH_OUT,24563.78,C860210648,1486714.01,0.0,CASHOUT_L06_000622,0.0,0.0,0,0,L06_000622,LEGITIMATE_TRANSFER_CASHOUT,NONE,1,2,CASH_OUT,3,0.49620247211686824,0.09139048038490696,0.016522195818952427,74067.32,1462150.23
L06_001245,351,TRANSFER,11439.57,C1668560728,234039.14,222599.57,C1007125654,3232456.63,3243896.1999999997,0,0,L06_000623,LEGITIMATE_TRANSFER_CASHOUT,NONE,1,1,TRANSFER,0,0.5647310909667035,0.04887887555901974,0.0019915187175224658,17899.85,
L06_001246,355,CASH_OUT,6460.28,C1007125654,3243896.1999999997,0.0,CASHOUT_L06_000623,0.0,0.0,0,0,L06_000623,LEGITIMATE_TRANSFER_CASHOUT,NONE,1,2,CASH_OUT,4,0.5647310909667035,0.04887887555901974,0.0019915187175224658,17899.85,3237435.92
L06_001247,17,TRANSFER,18906.39,C791088866,225703.38,206796.99,C1576408634,7107784.91,7126691.3,0,0,L06_000624,LEGITIMATE_TRANSFER_CASHOUT,NONE,1,1,TRANSFER,0,0.2710970523510655,0.08376653464383209,0.0007191934916557983,24031.86,
L06_001248,19,CASH_OUT,5125.47,C1576408634,7126691.3,0.0,CASHOUT_L06_000624,0.0,0.0,0,0,L06_000624,LEGITIMATE_TRANSFER_CASHOUT,NONE,1,2,CASH_OUT,2,0.2710970523510655,0.08376653464383209,0.0007191934916557983,24031.86,7121565.83
L06_001249,156,TRANSFER,11504.69,C497271042,121074.7,109570.01,C222961707,3565346.37,3576851.06,0,0,L06_000625,LEGITIMATE_TRANSFER_CASHOUT,NONE,1,1,TRANSFER,0,0.2451155798468409,0.09502142066013793,0.0007883973787826659,14324.67,
L06_001250,158,CASH_OUT,2819.98,C222961707,3576851.06,0.0,CASHOUT_L06_000625,0.0,0.0,0,0,L06_000625,LEGITIMATE_TRANSFER_CASHOUT,NONE,1,2,CASH_OUT,2,0.2451155798468409,0.09502142066013793,0.0007883973787826659,14324.67,3574031.08
L06_001251,159,TRANSFER,26820.13,C945103874,238878.0,212057.87,C313701213,23028.44,49848.57,0,0,L06_000626,LEGITIMATE_TRANSFER_CASHOUT,NONE,1,1,TRANSFER,0,0.3331232799091688,0.1122754292986378,0.17923101906433825,35754.54,
L06_001252,161,CASH_OUT,8934.41,C313701213,49848.57,178760.9,CASHOUT_L06_000626,0.0,0.0,0,0,L06_000626,LEGITIMATE_TRANSFER_CASHOUT,NONE,1,2,CASH_OUT,2,0.3331232799091688,0.1122754292986378,0.17923101906433825,35754.54,40914.16
L06_001253,301,TRANSFER,12926.35,C1862410373,90918.0,77991.65,C1465246590,0.0,12926.35,0,0,L06_000627,LEGITIMATE_TRANSFER_CASHOUT,NONE,1,1,TRANSFER,0,0.3847343057076051,0.1421759167601575,0.3847342830729479,17899.56,
L06_001254,302,CASH_OUT,4973.21,C1465246590,12926.35,0.0,CASHOUT_L06_000627,0.0,0.0,0,0,L06_000627,LEGITIMATE_TRANSFER_CASHOUT,NONE,1,2,CASH_OUT,1,0.3847343057076051,0.1421759167601575,0.3847342830729479,17899.56,7953.14
L06_001255,236,TRANSFER,15295.7,C463590695,264692.1,249396.39999999997,C372930044,475413.31,490709.01,0,0,L06_000628,LEGITIMATE_TRANSFER_CASHOUT,NONE,1,1,TRANSFER,0,0.4745825993489394,0.05778676431975115,0.014793023669975001,22554.77,
L06_001256,238,CASH_OUT,7259.07,C372930044,490709.01,65412.11,CASHOUT_L06_000628,0.0,0.0,0,0,L06_000628,LEGITIMATE_TRANSFER_CASHOUT,NONE,1,2,CASH_OUT,2,0.4745825993489394,0.05778676431975115,0.014793023669975001,22554.77,483449.94
L06_001257,550,TRANSFER,15383.23,C324211164,103083.0,87699.77,C64043539,423233.46,438616.69,0,0,L06_000629,LEGITIMATE_TRANSFER_CASHOUT,NONE,1,1,TRANSFER,0,0.38401279549649014,0.1492314930686922,0.013468160548108645,21290.59,
L06_001258,554,CASH_OUT,5907.36,C64043539,438616.69,0.0,CASHOUT_L06_000629,0.0,0.0,0,0,L06_000629,LEGITIMATE_TRANSFER_CASHOUT,NONE,1,2,CASH_OUT,4,0.38401279549649014,0.1492314930686922,0.013468160548108645,21290.59,432709.33
L06_001259,548,TRANSFER,12182.71,C343500301,90727.0,78544.29000000001,C676818153,2274945.08,2287127.79,0,0,L06_000630,LEGITIMATE_TRANSFER_CASHOUT,NONE,1,1,TRANSFER,0,0.4551775157118565,0.13427877037706526,0.002424569376597886,17728.01,
L06_001260,549,CASH_OUT,5545.3,C676818153,2287127.79,29412.62,CASHOUT_L06_000630,0.0,0.0,0,0,L06_000630,LEGITIMATE_TRANSFER_CASHOUT,NONE,1,2,CASH_OUT,1,0.4551775157118565,0.13427877037706526,0.002424569376597886,17728.01,2281582.49
L06_001261,183,TRANSFER,12032.05,C70508575,92330.0,80297.95,C2101924004,1394606.41,1406638.46,0,0,L06_000631,LEGITIMATE_TRANSFER_CASHOUT,NONE,1,1,TRANSFER,0,0.3817961461321648,0.13031571536878586,0.003265792974265754,16625.84,
L06_001262,185,CASH_OUT,4593.79,C2101924004,1406638.46,510.07,CASHOUT_L06_000631,0.0,0.0,0,0,L06_000631,LEGITIMATE_TRANSFER_CASHOUT,NONE,1,2,CASH_OUT,2,0.3817961461321648,0.13031571536878586,0.003265792974265754,16625.84,1402044.67
L06_001263,238,TRANSFER,22120.99,C28204033,203503.0,181382.01,C2107349417,2302777.28,2324898.27,0,0,L06_000632,LEGITIMATE_TRANSFER_CASHOUT,NONE,1,1,TRANSFER,0,0.3971245161203728,0.10870105109015593,0.003778569631780061,30905.780000000002,
L06_001264,241,CASH_OUT,8784.79,C2107349417,2324898.27,0.0,CASHOUT_L06_000632,0.0,0.0,0,0,L06_000632,LEGITIMATE_TRANSFER_CASHOUT,NONE,1,2,CASH_OUT,3,0.3971245161203728,0.10870105109015593,0.003778569631780061,30905.780000000002,2316113.48
L06_001265,184,TRANSFER,13996.36,C782202075,106399.0,92402.64,C1220793211,1958653.35,1972649.7100000002,0,0,L06_000633,LEGITIMATE_TRANSFER_CASHOUT,NONE,1,1,TRANSFER,0,0.5917146811720299,0.13154597317643962,0.0041983378792578435,22278.21,
L06_001266,188,CASH_OUT,8281.85,C1220793211,1972649.7100000002,0.0,CASHOUT_L06_000633,0.0,0.0,0,0,L06_000633,LEGITIMATE_TRANSFER_CASHOUT,NONE,1,2,CASH_OUT,4,0.5917146811720299,0.13154597317643962,0.0041983378792578435,22278.21,1964367.86
L06_001267,358,TRANSFER,8872.97,C434165502,101401.69,92528.72,C1672780296,759909.52,768782.49,0,0,L06_000634,LEGITIMATE_TRANSFER_CASHOUT,NONE,1,1,TRANSFER,0,0.5268681413839793,0.08750317672220255,0.006080900723948591,13547.86,
L06_001268,362,CASH_OUT,4674.89,C1672780296,768782.49,0.0,CASHOUT_L06_000634,0.0,0.0,0,0,L06_000634,LEGITIMATE_TRANSFER_CASHOUT,NONE,1,2,CASH_OUT,4,0.5268681413839793,0.08750317672220255,0.006080900723948591,13547.86,764107.6
L06_001269,207,TRANSFER,35167.01,C1403164334,260149.94,224982.93,C2057457516,1182767.34,1217934.35,0,0,L06_000635,LEGITIMATE_TRANSFER_CASHOUT,NONE,1,1,TRANSFER,0,0.45184922261087224,0.1351797736336207,0.01304683622725642,51057.200000000004,
L06_001270,211,CASH_OUT,15890.19,C2057457516,1217934.35,21200.17,CASHOUT_L06_000635,0.0,0.0,0,0,L06_000635,LEGITIMATE_TRANSFER_CASHOUT,NONE,1,2,CASH_OUT,4,0.45184922261087224,0.1351797736336207,0.01304683622725642,51057.200000000004,1202044.1600000001
L06_001271,326,TRANSFER,9860.29,C93357596,71858.0,61997.71,C959212583,125645.28,135505.57,0,0,L06_000636,LEGITIMATE_TRANSFER_CASHOUT,NONE,1,1,TRANSFER,0,0.49831426252941385,0.1372190987781458,0.03626064965447546,14773.810000000001,
L06_001272,329,CASH_OUT,4913.52,C959212583,135505.57,0.0,CASHOUT_L06_000636,0.0,0.0,0,0,L06_000636,LEGITIMATE_TRANSFER_CASHOUT,NONE,1,2,CASH_OUT,3,0.49831426252941385,0.1372190987781458,0.03626064965447546,14773.810000000001,130592.05
L06_001273,134,TRANSFER,30354.42,C1126287908,212778.0,182423.58000000002,C189430171,6774.43,37128.85,0,0,L06_000637,LEGITIMATE_TRANSFER_CASHOUT,NONE,1,1,TRANSFER,0,0.39167785459218935,0.1426576995742041,0.3202132573457029,42243.57,
L06_001274,136,CASH_OUT,11889.15,C189430171,37128.85,99671.51,CASHOUT_L06_000637,0.0,0.0,0,0,L06_000637,LEGITIMATE_TRANSFER_CASHOUT,NONE,1,2,CASH_OUT,2,0.39167785459218935,0.1426576995742041,0.3202132573457029,42243.57,25239.699999999997
L06_001275,201,TRANSFER,11152.66,C933969181,151322.0,140169.34,C907938643,205352.27,216504.93,0,0,L06_000638,LEGITIMATE_TRANSFER_CASHOUT,NONE,1,1,TRANSFER,0,0.45484771339098695,0.07370151068582229,0.023430228586480688,16225.42,
L06_001276,206,CASH_OUT,5072.76,C907938643,216504.93,0.0,CASHOUT_L06_000638,0.0,0.0,0,0,L06_000638,LEGITIMATE_TRANSFER_CASHOUT,NONE,1,2,CASH_OUT,5,0.45484771339098695,0.07370151068582229,0.023430228586480688,16225.42,211432.16999999998
L06_001277,228,TRANSFER,10021.81,C902478711,114777.0,104755.19,C1127135762,249089.02,259110.83,0,0,L06_000639,LEGITIMATE_TRANSFER_CASHOUT,NONE,1,1,TRANSFER,0,0.4554819124323028,0.08731549003720257,0.017616978804012168,14586.56,
L06_001278,232,CASH_OUT,4564.75,C1127135762,259110.83,0.0,CASHOUT_L06_000639,0.0,0.0,0,0,L06_000639,LEGITIMATE_TRANSFER_CASHOUT,NONE,1,2,CASH_OUT,4,0.4554819124323028,0.08731549003720257,0.017616978804012168,14586.56,254546.08
L06_001279,395,TRANSFER,15071.22,C1255786622,104218.0,89146.78,C334647743,329702.27,344773.49,0,0,L06_000640,LEGITIMATE_TRANSFER_CASHOUT,NONE,1,1,TRANSFER,0,0.6181421223350629,0.14461244698612524,0.02702110304362438,24387.379999999997,
L06_001280,398,CASH_OUT,9316.16,C334647743,344773.49,0.0,CASHOUT_L06_000640,0.0,0.0,0,0,L06_000640,LEGITIMATE_TRANSFER_CASHOUT,NONE,1,2,CASH_OUT,3,0.6181421223350629,0.14461244698612524,0.02702110304362438,24387.379999999997,335457.33
L06_001281,95,TRANSFER,10547.89,C1226772291,90597.0,80049.11,C474343619,282063.92,292611.81,0,0,L06_000641,LEGITIMATE_TRANSFER_CASHOUT,NONE,1,1,TRANSFER,0,0.36976717871074116,0.11642648211309424,0.013329127077953553,14448.15,
L06_001282,97,CASH_OUT,3900.26,C474343619,292611.81,0.0,CASHOUT_L06_000641,0.0,0.0,0,0,L06_000641,LEGITIMATE_TRANSFER_CASHOUT,NONE,1,2,CASH_OUT,2,0.36976717871074116,0.11642648211309424,0.013329127077953553,14448.15,288711.55
L06_001283,16,TRANSFER,10264.82,C80059473,151300.09,141035.27,C1496516324,1252829.83,1263094.6500000001,0,0,L06_000642,LEGITIMATE_TRANSFER_CASHOUT,NONE,1,1,TRANSFER,0,0.20895032586504994,0.0678441103372774,0.001698083354244276,12409.66,
L06_001284,18,CASH_OUT,2144.84,C1496516324,1263094.6500000001,0.0,CASHOUT_L06_000642,0.0,0.0,0,0,L06_000642,LEGITIMATE_TRANSFER_CASHOUT,NONE,1,2,CASH_OUT,2,0.20895032586504994,0.0678441103372774,0.001698083354244276,12409.66,1260949.81
L06_001285,42,TRANSFER,55075.08,C585248374,611193.0,556117.92,C555572816,16478.43,71553.51000000001,0,0,L06_000643,LEGITIMATE_TRANSFER_CASHOUT,NONE,1,1,TRANSFER,0,0.5855116614925798,0.09011078333685105,0.4506711131291811,87322.18,
L06_001286,43,CASH_OUT,32247.1,C555572816,71553.51000000001,558321.93,CASHOUT_L06_000643,0.0,0.0,0,0,L06_000643,LEGITIMATE_TRANSFER_CASHOUT,NONE,1,2,CASH_OUT,1,0.5855116614925798,0.09011078333685105,0.4506711131291811,87322.18,39306.41000000001
L06_001287,231,TRANSFER,17735.37,C1369482708,297381.0,279645.63,C653501370,0.0,17735.37,0,0,L06_000644,LEGITIMATE_TRANSFER_CASHOUT,NONE,1,1,TRANSFER,0,0.43999850129096874,0.05963854449342762,0.43999871443336114,25538.91,
L06_001288,232,CASH_OUT,7803.54,C653501370,17735.37,0.0,CASHOUT_L06_000644,0.0,0.0,0,0,L06_000644,LEGITIMATE_TRANSFER_CASHOUT,NONE,1,2,CASH_OUT,1,0.43999850129096874,0.05963854449342762,0.43999871443336114,25538.91,9931.829999999998
L06_001289,542,TRANSFER,56444.1,C1279410326,475495.0,419050.9,C752020105,0.0,56444.1,0,0,L06_000645,LEGITIMATE_TRANSFER_CASHOUT,NONE,1,1,TRANSFER,0,0.6023090116848534,0.11870598008391255,0.6023090101534084,90440.89,
L06_001290,545,CASH_OUT,33996.79,C752020105,56444.1,0.0,CASHOUT_L06_000645,0.0,0.0,0,0,L06_000645,LEGITIMATE_TRANSFER_CASHOUT,NONE,1,2,CASH_OUT,3,0.6023090116848534,0.11870598008391255,0.6023090101534084,90440.89,22447.309999999998
L06_001291,203,TRANSFER,27664.72,C36961226,284705.83,257041.11000000002,C200243061,6881835.13,6909499.85,0,0,L06_000646,LEGITIMATE_TRANSFER_CASHOUT,NONE,1,1,TRANSFER,0,0.4415001909352969,0.09716948894232338,0.0017677082661779059,39878.7,
L06_001292,206,CASH_OUT,12213.98,C200243061,6909499.85,12396.86,CASHOUT_L06_000646,0.0,0.0,0,0,L06_000646,LEGITIMATE_TRANSFER_CASHOUT,NONE,1,2,CASH_OUT,3,0.4415001909352969,0.09716948894232338,0.0017677082661779059,39878.7,6897285.869999999
L06_001293,141,TRANSFER,15930.55,C575304846,151122.74,135192.19,C43632544,3020144.05,3036074.5999999996,0,0,L06_000647,LEGITIMATE_TRANSFER_CASHOUT,NONE,1,1,TRANSFER,0,0.41468040476126555,0.10541464507591644,0.002175865507389048,22536.64,
L06_001294,146,CASH_OUT,6606.09,C43632544,3036074.5999999996,0.0,CASHOUT_L06_000647,0.0,0.0,0,0,L06_000647,LEGITIMATE_TRANSFER_CASHOUT,NONE,1,2,CASH_OUT,5,0.41468040476126555,0.10541464507591644,0.002175865507389048,22536.64,3029468.51
L06_001295,11,TRANSFER,35549.0,C1508520000,249796.75,214247.75,C774678107,1563434.75,1598983.75,0,0,L06_000648,LEGITIMATE_TRANSFER_CASHOUT,NONE,1,1,TRANSFER,0,0.41814346478128256,0.14231169941162164,0.00929626708213889,50413.58,
L06_001296,13,CASH_OUT,14864.58,C774678107,1598983.75,3361.26,CASHOUT_L06_000648,0.0,0.0,0,0,L06_000648,LEGITIMATE_TRANSFER_CASHOUT,NONE,1,2,CASH_OUT,2,0.41814346478128256,0.14231169941162164,0.00929626708213889,50413.58,1584119.17
L06_001297,189,TRANSFER,11270.28,C474153071,80066.0,68795.72,C2079429474,1309770.52,1321040.8,0,0,L06_000649,LEGITIMATE_TRANSFER_CASHOUT,NONE,1,1,TRANSFER,0,0.3809950739137155,0.1407623710438888,0.003250406800456125,15564.2,
L06_001298,191,CASH_OUT,4293.92,C2079429474,1321040.8,0.0,CASHOUT_L06_000649,0.0,0.0,0,0,L06_000649,LEGITIMATE_TRANSFER_CASHOUT,NONE,1,2,CASH_OUT,2,0.3809950739137155,0.1407623710438888,0.003250406800456125,15564.2,1316746.8800000001
L06_001299,567,TRANSFER,8860.05,C1582526866,59890.0,51029.95,C89879231,0.0,8860.05,0,0,L06_000650,LEGITIMATE_TRANSFER_CASHOUT,NONE,1,1,TRANSFER,0,0.3182962528766168,0.14793872098847888,0.3182961721434981,11680.169999999998,
L06_001300,568,CASH_OUT,2820.12,C89879231,8860.05,0.0,CASHOUT_L06_000650,0.0,0.0,0,0,L06_000650,LEGITIMATE_TRANSFER_CASHOUT,NONE,1,2,CASH_OUT,1,0.3182962528766168,0.14793872098847888,0.3182961721434981,11680.169999999998,6039.929999999999
L06_001301,187,TRANSFER,9140.53,C1602703617,504415.33,495274.8,C1296954353,896871.38,906011.91,0,0,L06_000651,LEGITIMATE_TRANSFER_CASHOUT,NONE,1,1,TRANSFER,0,0.49267689297213557,0.018121039263418105,0.0049704975732603775,13643.86,
L06_001302,192,CASH_OUT,4503.33,C1296954353,906011.91,0.0,CASHOUT_L06_000651,0.0,0.0,0,0,L06_000651,LEGITIMATE_TRANSFER_CASHOUT,NONE,1,2,CASH_OUT,5,0.49267689297213557,0.018121039263418105,0.0049704975732603775,13643.86,901508.5800000001
L06_001303,188,TRANSFER,17704.96,C367201259,222759.0,205054.04,C1936988861,289338.35,307043.31,0,0,L06_000652,LEGITIMATE_TRANSFER_CASHOUT,NONE,1,1,TRANSFER,0,0.531818241545549,0.07948033525020314,0.030666097235598457,27120.78,
L06_001304,193,CASH_OUT,9415.82,C1936988861,307043.31,119681.22,CASHOUT_L06_000652,0.0,0.0,0,0,L06_000652,LEGITIMATE_TRANSFER_CASHOUT,NONE,1,2,CASH_OUT,5,0.531818241545549,0.07948033525020314,0.030666097235598457,27120.78,297627.49
L06_001305,303,TRANSFER,12254.29,C1073298099,106735.0,94480.70999999999,C782860527,0.0,12254.29,0,0,L06_000653,LEGITIMATE_TRANSFER_CASHOUT,NONE,1,1,TRANSFER,0,0.5823880041728644,0.11481041832576007,0.5823878821212816,19391.04,
L06_001306,304,CASH_OUT,7136.75,C782860527,12254.29,0.0,CASHOUT_L06_000653,0.0,0.0,0,0,L06_000653,LEGITIMATE_TRANSFER_CASHOUT,NONE,1,2,CASH_OUT,1,0.5823880041728644,0.11481041832576007,0.5823878821212816,19391.04,5117.540000000001
L06_001307,11,TRANSFER,36775.83,C1508520000,249796.75,213020.91999999998,C774678107,1563434.75,1600210.58,0,0,L06_000654,LEGITIMATE_TRANSFER_CASHOUT,NONE,1,1,TRANSFER,0,0.24180742830782492,0.14722301230900722,0.005557187354679282,45668.5,
L06_001308,14,CASH_OUT,8892.67,C774678107,1600210.58,3361.26,CASHOUT_L06_000654,0.0,0.0,0,0,L06_000654,LEGITIMATE_TRANSFER_CASHOUT,NONE,1,2,CASH_OUT,3,0.24180742830782492,0.14722301230900722,0.005557187354679282,45668.5,1591317.9100000001
L06_001309,141,TRANSFER,18472.09,C1337457323,177912.53,159440.44,C1917849910,10000000.0,10018472.09,0,0,L06_000655,LEGITIMATE_TRANSFER_CASHOUT,NONE,1,1,TRANSFER,0,0.5565104624433379,0.10382680747668531,0.0010260955869968392,28752.0,
L06_001310,146,CASH_OUT,10279.91,C1917849910,10018472.09,0.0,CASHOUT_L06_000655,0.0,0.0,0,0,L06_000655,LEGITIMATE_TRANSFER_CASHOUT,NONE,1,2,CASH_OUT,5,0.5565104624433379,0.10382680747668531,0.0010260955869968392,28752.0,10008192.18
L06_001311,373,TRANSFER,10459.9,C136365273,70364.0,59904.1,C430379574,0.0,10459.9,0,0,L06_000656,LEGITIMATE_TRANSFER_CASHOUT,NONE,1,1,TRANSFER,0,0.30525286108006155,0.14865414132226706,0.3052524402718955,13652.81,
L06_001312,374,CASH_OUT,3192.91,C430379574,10459.9,0.0,CASHOUT_L06_000656,0.0,0.0,0,0,L06_000656,LEGITIMATE_TRANSFER_CASHOUT,NONE,1,2,CASH_OUT,1,0.30525286108006155,0.14865414132226706,0.3052524402718955,13652.81,7266.99
L06_001313,324,TRANSFER,10239.04,C1010295665,69968.0,59728.96,C54098712,2057689.54,2067928.58,0,0,L06_000657,LEGITIMATE_TRANSFER_CASHOUT,NONE,1,1,TRANSFER,0,0.5951886149083703,0.14633889778184314,0.002946987656604659,16333.2,
L06_001314,325,CASH_OUT,6094.16,C54098712,2067928.58,0.0,CASHOUT_L06_000657,0.0,0.0,0,0,L06_000657,LEGITIMATE_TRANSFER_CASHOUT,NONE,1,2,CASH_OUT,1,0.5951886149083703,0.14633889778184314,0.002946987656604659,16333.2,2061834.4200000002
L06_001315,349,TRANSFER,11729.2,C1719340775,90262.0,78532.8,C627961540,0.0,11729.2,0,0,L06_000658,LEGITIMATE_TRANSFER_CASHOUT,NONE,1,1,TRANSFER,0,0.41988736084995126,0.12994615674370166,0.4198871193261262,16654.14,
L06_001316,354,CASH_OUT,4924.94,C627961540,11729.2,0.0,CASHOUT_L06_000658,0.0,0.0,0,0,L06_000658,LEGITIMATE_TRANSFER_CASHOUT,NONE,1,2,CASH_OUT,5,0.41988736084995126,0.12994615674370166,0.4198871193261262,16654.14,6804.260000000001
L06_001317,522,TRANSFER,11347.42,C1781592939,84799.0,73451.58,C751696389,106598.93,117946.34999999999,0,0,L06_000659,LEGITIMATE_TRANSFER_CASHOUT,NONE,1,1,TRANSFER,0,0.5108594206520517,0.13381549310723004,0.04914895628393757,17144.36,
L06_001318,524,CASH_OUT,5796.94,C751696389,117946.34999999999,0.0,CASHOUT_L06_000659,0.0,0.0,0,0,L06_000659,LEGITIMATE_TRANSFER_CASHOUT,NONE,1,2,CASH_OUT,2,0.5108594206520517,0.13381549310723004,0.04914895628393757,17144.36,112149.40999999999
L06_001319,132,TRANSFER,18799.85,C733581590,143150.0,124350.15,C150644850,0.0,18799.85,0,0,L06_000660,LEGITIMATE_TRANSFER_CASHOUT,NONE,1,1,TRANSFER,0,0.5641984837819127,0.13132972406566537,0.5641986505211478,29406.699999999997,
L06_001320,137,CASH_OUT,10606.85,C150644850,18799.85,104029.45,CASHOUT_L06_000660,0.0,0.0,0,0,L06_000660,LEGITIMATE_TRANSFER_CASHOUT,NONE,1,2,CASH_OUT,5,0.5641984837819127,0.13132972406566537,0.5641986505211478,29406.699999999997,8192.999999999998
L06_001321,38,TRANSFER,23076.86,C1683812272,251205.82,228128.96000000002,C576544474,1305779.93,1328856.79,0,0,L06_000661,LEGITIMATE_TRANSFER_CASHOUT,NONE,1,1,TRANSFER,0,0.24195570196674487,0.0918643525058456,0.004201792128405349,28660.440000000002,
L06_001322,39,CASH_OUT,5583.58,C576544474,1328856.79,165573.05,CASHOUT_L06_000661,0.0,0.0,0,0,L06_000661,LEGITIMATE_TRANSFER_CASHOUT,NONE,1,2,CASH_OUT,1,0.24195570196674487,0.0918643525058456,0.004201792128405349,28660.440000000002,1323273.21
L06_001323,18,TRANSFER,19346.88,C1323168191,536362.29,517015.41000000003,C900169551,721334.22,740681.1,0,0,L06_000662,LEGITIMATE_TRANSFER_CASHOUT,NONE,1,1,TRANSFER,0,0.3025494489950581,0.036070544780469185,0.007902712786920039,25200.27,
L06_001324,22,CASH_OUT,5853.39,C900169551,740681.1,176427.35,CASHOUT_L06_000662,0.0,0.0,0,0,L06_000662,LEGITIMATE_TRANSFER_CASHOUT,NONE,1,2,CASH_OUT,4,0.3025494489950581,0.036070544780469185,0.007902712786920039,25200.27,734827.71
L06_001325,141,TRANSFER,55451.71,C744721169,546293.0,490841.29,C1696114576,5943197.88,5998649.59,0,0,L06_000663,LEGITIMATE_TRANSFER_CASHOUT,NONE,1,1,TRANSFER,0,0.5246619195212785,0.1015054375582334,0.004849991579521484,84545.11,
L06_001326,145,CASH_OUT,29093.4,C1696114576,5998649.59,0.0,CASHOUT_L06_000663,0.0,0.0,0,0,L06_000663,LEGITIMATE_TRANSFER_CASHOUT,NONE,1,2,CASH_OUT,4,0.5246619195212785,0.1015054375582334,0.004849991579521484,84545.11,5969556.1899999995
L06_001327,160,TRANSFER,49765.8,C536930591,519106.05,469340.25,C455086893,1026543.17,1076308.97,0,0,L06_000664,LEGITIMATE_TRANSFER_CASHOUT,NONE,1,1,TRANSFER,0,0.4220827179729101,0.09586827200337966,0.019516031720891447,70771.08,
L06_001328,164,CASH_OUT,21005.28,C455086893,1076308.97,0.0,CASHOUT_L06_000664,0.0,0.0,0,0,L06_000664,LEGITIMATE_TRANSFER_CASHOUT,NONE,1,2,CASH_OUT,4,0.4220827179729101,0.09586827200337966,0.019516031720891447,70771.08,1055303.69
L06_001329,208,TRANSFER,29875.26,C708569925,216947.0,187071.74,C1605848961,0.0,29875.26,0,0,L06_000665,LEGITIMATE_TRANSFER_CASHOUT,NONE,1,1,TRANSFER,0,0.24109546417882463,0.1377076428805192,0.2410954749849876,37078.049999999996,
L06_001330,213,CASH_OUT,7202.79,C1605848961,29875.26,0.0,CASHOUT_L06_000665,0.0,0.0,0,0,L06_000665,LEGITIMATE_TRANSFER_CASHOUT,NONE,1,2,CASH_OUT,5,0.24109546417882463,0.1377076428805192,0.2410954749849876,37078.049999999996,22672.469999999998
L06_001331,249,TRANSFER,24796.9,C1513568030,279868.38,255071.48,C896346351,3421503.6,3446300.5,0,0,L06_000666,LEGITIMATE_TRANSFER_CASHOUT,NONE,1,1,TRANSFER,0,0.25077427365315985,0.08860200641458675,0.0018043754454958295,31015.32,
L06_001332,253,CASH_OUT,6218.42,C896346351,3446300.5,0.0,CASHOUT_L06_000666,0.0,0.0,0,0,L06_000666,LEGITIMATE_TRANSFER_CASHOUT,NONE,1,2,CASH_OUT,4,0.25077427365315985,0.08860200641458675,0.0018043754454958295,31015.32,3440082.08
L06_001333,139,TRANSFER,39171.72,C1948584495,541670.64,502498.92000000004,C860210648,1437210.47,1476382.19,0,0,L06_000667,LEGITIMATE_TRANSFER_CASHOUT,NONE,1,1,TRANSFER,0,0.3606172319787924,0.07231649106918552,0.009567983206299719,53297.72,
L06_001334,143,CASH_OUT,14126.0,C860210648,1476382.19,0.0,CASHOUT_L06_000667,0.0,0.0,0,0,L06_000667,LEGITIMATE_TRANSFER_CASHOUT,NONE,1,2,CASH_OUT,4,0.3606172319787924,0.07231649106918552,0.009567983206299719,53297.72,1462256.19
L06_001335,382,TRANSFER,30764.35,C354527917,208522.0,177757.65,C1244323217,2826235.32,2856999.67,0,0,L06_000668,LEGITIMATE_TRANSFER_CASHOUT,NONE,1,1,TRANSFER,0,0.49389160896385975,0.1475352720576246,0.0053182540269596885,45958.6,
L06_001336,387,CASH_OUT,15194.25,C1244323217,2856999.67,0.0,CASHOUT_L06_000668,0.0,0.0,0,0,L06_000668,LEGITIMATE_TRANSFER_CASHOUT,NONE,1,2,CASH_OUT,5,0.49389160896385975,0.1475352720576246,0.0053182540269596885,45958.6,2841805.42
L06_001337,225,TRANSFER,13846.54,C1266460684,103447.54,89601.0,C2010436729,1372697.11,1386543.6500000001,0,0,L06_000669,LEGITIMATE_TRANSFER_CASHOUT,NONE,1,1,TRANSFER,0,0.6228046384400248,0.13385083879229995,0.006219558973134383,22470.230000000003,
L06_001338,229,CASH_OUT,8623.69,C2010436729,1386543.6500000001,0.0,CASHOUT_L06_000669,0.0,0.0,0,0,L06_000669,LEGITIMATE_TRANSFER_CASHOUT,NONE,1,2,CASH_OUT,4,0.6228046384400248,0.13385083879229995,0.006219558973134383,22470.230000000003,1377919.9600000002
L06_001339,208,TRANSFER,14478.27,C1094202189,104247.0,89768.73,C165067065,0.0,14478.27,0,0,L06_000670,LEGITIMATE_TRANSFER_CASHOUT,NONE,1,1,TRANSFER,0,0.3992621539443285,0.13888428443984,0.3992624809455826,20258.9,
L06_001340,211,CASH_OUT,5780.63,C165067065,14478.27,0.0,CASHOUT_L06_000670,0.0,0.0,0,0,L06_000670,LEGITIMATE_TRANSFER_CASHOUT,NONE,1,2,CASH_OUT,3,0.3992621539443285,0.13888428443984,0.3992624809455826,20258.9,8697.64
L06_001341,159,TRANSFER,9035.79,C1867745299,65218.0,56182.21,C469059648,4839014.33,4848050.12,0,0,L06_000671,LEGITIMATE_TRANSFER_CASHOUT,NONE,1,1,TRANSFER,0,0.3768065518455852,0.13854748689012236,0.0007022905943059846,12440.53,
L06_001342,160,CASH_OUT,3404.74,C469059648,4848050.12,0.0,CASHOUT_L06_000671,0.0,0.0,0,0,L06_000671,LEGITIMATE_TRANSFER_CASHOUT,NONE,1,2,CASH_OUT,1,0.3768065518455852,0.13854748689012236,0.0007022905943059846,12440.53,4844645.38
L06_001343,328,TRANSFER,17563.47,C1011013771,147047.0,129483.53,C1425452131,870264.67,887828.14,0,0,L06_000672,LEGITIMATE_TRANSFER_CASHOUT,NONE,1,1,TRANSFER,0,0.3422548975314981,0.11944119907240543,0.006770657213005211,23574.65,
L06_001344,330,CASH_OUT,6011.18,C1425452131,887828.14,0.0,CASHOUT_L06_000672,0.0,0.0,0,0,L06_000672,LEGITIMATE_TRANSFER_CASHOUT,NONE,1,2,CASH_OUT,2,0.3422548975314981,0.11944119907240543,0.006770657213005211,23574.65,881816.96
L06_001345,159,TRANSFER,15976.93,C1491825631,151846.15,135869.22,C1294803326,264100.55,280077.48,0,0,L06_000673,LEGITIMATE_TRANSFER_CASHOUT,NONE,1,1,TRANSFER,0,0.40438710280111656,0.10521788007137488,0.023068116722558343,22437.79,
L06_001346,164,CASH_OUT,6460.86,C1294803326,280077.48,0.0,CASHOUT_L06_000673,0.0,0.0,0,0,L06_000673,LEGITIMATE_TRANSFER_CASHOUT,NONE,1,2,CASH_OUT,5,0.40438710280111656,0.10521788007137488,0.023068116722558343,22437.79,273616.62
L06_001347,325,TRANSFER,10318.05,C731487924,158619.0,148300.95,C1961795196,0.0,10318.05,0,0,L06_000674,LEGITIMATE_TRANSFER_CASHOUT,NONE,1,1,TRANSFER,0,0.5483570004681996,0.06504926900308286,0.5483565208542313,15976.02,
L06_001348,327,CASH_OUT,5657.97,C1961795196,10318.05,0.0,CASHOUT_L06_000674,0.0,0.0,0,0,L06_000674,LEGITIMATE_TRANSFER_CASHOUT,NONE,1,2,CASH_OUT,2,0.5483570004681996,0.06504926900308286,0.5483565208542313,15976.02,4660.079999999999
L06_001349,330,TRANSFER,12410.61,C1557936246,103233.68,90823.06999999999,C2101830255,3198313.9,3210724.51,0,0,L06_000675,LEGITIMATE_TRANSFER_CASHOUT,NONE,1,1,TRANSFER,0,0.4112132446818567,0.12021861470016376,0.00158948859801117,17514.02,
L06_001350,335,CASH_OUT,5103.41,C2101830255,3210724.51,0.0,CASHOUT_L06_000675,0.0,0.0,0,0,L06_000675,LEGITIMATE_TRANSFER_CASHOUT,NONE,1,2,CASH_OUT,5,0.4112132446818567,0.12021861470016376,0.00158948859801117,17514.02,3205621.0999999996
L06_001351,41,TRANSFER,23749.44,C1584745126,201539.49,177790.05,C331175512,1582824.9,1606574.3399999999,0,0,L06_000676,LEGITIMATE_TRANSFER_CASHOUT,NONE,1,1,TRANSFER,0,0.5568062176229309,0.11784013147993974,0.008231078805852209,36973.28,
L06_001352,45,CASH_OUT,13223.84,C331175512,1606574.3399999999,0.0,CASHOUT_L06_000676,0.0,0.0,0,0,L06_000676,LEGITIMATE_TRANSFER_CASHOUT,NONE,1,2,CASH_OUT,4,0.5568062176229309,0.11784013147993974,0.008231078805852209,36973.28,1593350.4999999998
L06_001353,187,TRANSFER,10308.39,C1602703617,504415.33,494106.94,C1296954353,896871.38,907179.77,0,0,L06_000677,LEGITIMATE_TRANSFER_CASHOUT,NONE,1,1,TRANSFER,0,0.5763673522716408,0.02043631386064337,0.006549330349374965,16249.81,
L06_001354,189,CASH_OUT,5941.42,C1296954353,907179.77,0.0,CASHOUT_L06_000677,0.0,0.0,0,0,L06_000677,LEGITIMATE_TRANSFER_CASHOUT,NONE,1,2,CASH_OUT,2,0.5763673522716408,0.02043631386064337,0.006549330349374965,16249.81,901238.35
L06_001355,348,TRANSFER,12823.29,C1612885146,87909.0,75085.70999999999,C1495119408,1265751.43,1278574.72,0,0,L06_000678,LEGITIMATE_TRANSFER_CASHOUT,NONE,1,1,TRANSFER,0,0.22164942878317823,0.14587004743541618,0.002222998746604344,15665.560000000001,
L06_001356,349,CASH_OUT,2842.27,C1495119408,1278574.72,0.0,CASHOUT_L06_000678,0.0,0.0,0,0,L06_000678,LEGITIMATE_TRANSFER_CASHOUT,NONE,1,2,CASH_OUT,1,0.22164942878317823,0.14587004743541618,0.002222998746604344,15665.560000000001,1275732.45
L06_001357,253,TRANSFER,25812.08,C924449177,265342.62,239530.53999999998,C95267474,1099777.65,1125589.73,0,0,L06_000679,LEGITIMATE_TRANSFER_CASHOUT,NONE,1,1,TRANSFER,0,0.5330528212500896,0.09727830380208051,0.012223992128997127,39571.28,
L06_001358,256,CASH_OUT,13759.2,C95267474,1125589.73,0.0,CASHOUT_L06_000679,0.0,0.0,0,0,L06_000679,LEGITIMATE_TRANSFER_CASHOUT,NONE,1,2,CASH_OUT,3,0.5330528212500896,0.09727830380208051,0.012223992128997127,39571.28,1111830.53
L06_001359,228,TRANSFER,20229.81,C392788831,337708.7,317478.89,C1136189635,2318035.73,2338265.54,0,0,L06_000680,LEGITIMATE_TRANSFER_CASHOUT,NONE,1,1,TRANSFER,0,0.5248067657732935,0.05990313545372092,0.004540433846533957,30846.550000000003,
L06_001360,232,CASH_OUT,10616.74,C1136189635,2338265.54,0.0,CASHOUT_L06_000680,0.0,0.0,0,0,L06_000680,LEGITIMATE_TRANSFER_CASHOUT,NONE,1,2,CASH_OUT,4,0.5248067657732935,0.05990313545372092,0.004540433846533957,30846.550000000003,2327648.8
L06_001361,44,TRANSFER,22426.42,C597157610,151741.0,129314.58,C961614744,79108.24,101534.66,0,0,L06_000681,LEGITIMATE_TRANSFER_CASHOUT,NONE,1,1,TRANSFER,0,0.5669891480606795,0.14779407015902096,0.12523349169633305,35141.96,
L06_001362,46,CASH_OUT,12715.54,C961614744,101534.66,0.0,CASHOUT_L06_000681,0.0,0.0,0,0,L06_000681,LEGITIMATE_TRANSFER_CASHOUT,NONE,1,2,CASH_OUT,2,0.5669891480606795,0.14779407015902096,0.12523349169633305,35141.96,88819.12
L06_001363,279,TRANSFER,15382.05,C1129084089,154124.19,138742.14,C614521495,589267.8,604649.8500000001,0,0,L06_000682,LEGITIMATE_TRANSFER_CASHOUT,NONE,1,1,TRANSFER,0,0.4602442709503475,0.09980295760191829,0.011708429266955079,22461.55,
L06_001364,281,CASH_OUT,7079.5,C614521495,604649.8500000001,88500.54,CASHOUT_L06_000682,0.0,0.0,0,0,L06_000682,LEGITIMATE_TRANSFER_CASHOUT,NONE,1,2,CASH_OUT,2,0.4602442709503475,0.09980295760191829,0.011708429266955079,22461.55,597570.3500000001
L06_001365,154,TRANSFER,10660.93,C750139391,79023.73,68362.79999999999,C556303033,1249004.89,1259665.8199999998,0,0,L06_000683,LEGITIMATE_TRANSFER_CASHOUT,NONE,1,1,TRANSFER,0,0.38450499724551745,0.13490795739456998,0.0032541805413121403,14760.11,
L06_001366,155,CASH_OUT,4099.18,C556303033,1259665.8199999998,0.0,CASHOUT_L06_000683,0.0,0.0,0,0,L06_000683,LEGITIMATE_TRANSFER_CASHOUT,NONE,1,2,CASH_OUT,1,0.38450499724551745,0.13490795739456998,0.0032541805413121403,14760.11,1255566.64
L06_001367,9,TRANSFER,24966.81,C1348269554,459652.75,434685.94,C442364016,1122588.64,1147555.45,0,0,L06_000684,LEGITIMATE_TRANSFER_CASHOUT,NONE,1,1,TRANSFER,0,0.22039642231854323,0.054316677100267545,0.004795062408531109,30469.410000000003,
L06_001368,14,CASH_OUT,5502.6,C442364016,1147555.45,0.0,CASHOUT_L06_000684,0.0,0.0,0,0,L06_000684,LEGITIMATE_TRANSFER_CASHOUT,NONE,1,2,CASH_OUT,5,0.22039642231854323,0.054316677100267545,0.004795062408531109,30469.410000000003,1142052.8499999999
L06_001369,346,TRANSFER,10253.98,C1264364526,80895.29,70641.31,C1530475354,936772.86,947026.84,0,0,L06_000685,LEGITIMATE_TRANSFER_CASHOUT,NONE,1,1,TRANSFER,0,0.5122503227282018,0.12675620546016955,0.005546410912704439,15506.58,
L06_001370,348,CASH_OUT,5252.6,C1530475354,947026.84,0.0,CASHOUT_L06_000685,0.0,0.0,0,0,L06_000685,LEGITIMATE_TRANSFER_CASHOUT,NONE,1,2,CASH_OUT,2,0.5122503227282018,0.12675620546016955,0.005546410912704439,15506.58,941774.24
L06_001371,178,TRANSFER,9690.08,C1420504630,65547.0,55856.92,C546075889,133574.83,143264.90999999997,0,0,L06_000686,LEGITIMATE_TRANSFER_CASHOUT,NONE,1,1,TRANSFER,0,0.44614810604427035,0.14783407326040857,0.030176335573030413,14013.29,
L06_001372,182,CASH_OUT,4323.21,C546075889,143264.90999999997,0.0,CASHOUT_L06_000686,0.0,0.0,0,0,L06_000686,LEGITIMATE_TRANSFER_CASHOUT,NONE,1,2,CASH_OUT,4,0.44614810604427035,0.14783407326040857,0.030176335573030413,14013.29,138941.69999999998
L06_001373,43,TRANSFER,9187.81,C886520750,89669.09,80481.28,C832949149,923629.75,932817.56,0,0,L06_000687,LEGITIMATE_TRANSFER_CASHOUT,NONE,1,1,TRANSFER,0,0.6156775913143143,0.1024635133466839,0.006064133269532361,14844.539999999999,
L06_001374,46,CASH_OUT,5656.73,C832949149,932817.56,0.0,CASHOUT_L06_000687,0.0,0.0,0,0,L06_000687,LEGITIMATE_TRANSFER_CASHOUT,NONE,1,2,CASH_OUT,3,0.6156775913143143,0.1024635133466839,0.006064133269532361,14844.539999999999,927160.8300000001
L06_001375,492,TRANSFER,8750.44,C908147174,99587.0,90836.56,C1289280042,9208251.64,9217002.08,0,0,L06_000688,LEGITIMATE_TRANSFER_CASHOUT,NONE,1,1,TRANSFER,0,0.23321603907239585,0.08786729191561148,0.0002214103872698703,10791.18,
L06_001376,493,CASH_OUT,2040.74,C1289280042,9217002.08,0.0,CASHOUT_L06_000688,0.0,0.0,0,0,L06_000688,LEGITIMATE_TRANSFER_CASHOUT,NONE,1,2,CASH_OUT,1,0.23321603907239585,0.08786729191561148,0.0002214103872698703,10791.18,9214961.34
L06_001377,277,TRANSFER,15724.37,C1028236864,151932.0,136207.63,C2033263208,261536.84,277261.21,0,0,L06_000689,LEGITIMATE_TRANSFER_CASHOUT,NONE,1,1,TRANSFER,0,0.5472800677089901,0.10349610351999579,0.03103798760742622,24330.0,
L06_001378,280,CASH_OUT,8605.63,C2033263208,277261.21,0.0,CASHOUT_L06_000689,0.0,0.0,0,0,L06_000689,LEGITIMATE_TRANSFER_CASHOUT,NONE,1,2,CASH_OUT,3,0.5472800677089901,0.10349610351999579,0.03103798760742622,24330.0,268655.58
L06_001379,20,TRANSFER,11974.03,C1561802081,80412.0,68437.97,C984677901,1959448.84,1971422.87,0,0,L06_000690,LEGITIMATE_TRANSFER_CASHOUT,NONE,1,1,TRANSFER,0,0.5475106812786168,0.14890849624434166,0.0033254712115620326,18529.940000000002,
L06_001380,23,CASH_OUT,6555.91,C984677901,1971422.87,0.0,CASHOUT_L06_000690,0.0,0.0,0,0,L06_000690,LEGITIMATE_TRANSFER_CASHOUT,NONE,1,2,CASH_OUT,3,0.5475106812786168,0.14890849624434166,0.0033254712115620326,18529.940000000002,1964866.9600000002
L06_001381,137,TRANSFER,16578.3,C1287943376,328826.0,312247.7,C1653949328,268687.84,285266.14,0,0,L06_000691,LEGITIMATE_TRANSFER_CASHOUT,NONE,1,1,TRANSFER,0,0.3392227074778147,0.050416633721177766,0.019714011624372942,22202.04,
L06_001382,141,CASH_OUT,5623.74,C1653949328,285266.14,46458.29,CASHOUT_L06_000691,0.0,0.0,0,0,L06_000691,LEGITIMATE_TRANSFER_CASHOUT,NONE,1,2,CASH_OUT,4,0.3392227074778147,0.050416633721177766,0.019714011624372942,22202.04,279642.4
L06_001383,17,TRANSFER,9535.69,C1724529465,98141.0,88605.31,C1669516046,795267.97,804803.6599999999,0,0,L06_000692,LEGITIMATE_TRANSFER_CASHOUT,NONE,1,1,TRANSFER,0,0.321690141227811,0.09716316320396165,0.0038115383322188177,12603.23,
L06_001384,22,CASH_OUT,3067.54,C1669516046,804803.6599999999,0.0,CASHOUT_L06_000692,0.0,0.0,0,0,L06_000692,LEGITIMATE_TRANSFER_CASHOUT,NONE,1,2,CASH_OUT,5,0.321690141227811,0.09716316320396165,0.0038115383322188177,12603.23,801736.1199999999
L06_001385,134,TRANSFER,11462.56,C622817781,118141.0,106678.44,C941531460,2453191.35,2464653.91,0,0,L06_000693,LEGITIMATE_TRANSFER_CASHOUT,NONE,1,1,TRANSFER,0,0.5314667142093925,0.09702440304382051,0.002471734459464128,17554.53,
L06_001386,139,CASH_OUT,6091.97,C941531460,2464653.91,0.0,CASHOUT_L06_000693,0.0,0.0,0,0,L06_000693,LEGITIMATE_TRANSFER_CASHOUT,NONE,1,2,CASH_OUT,5,0.5314667142093925,0.09702440304382051,0.002471734459464128,17554.53,2458561.94
L06_001387,235,TRANSFER,10276.97,C1174742370,201741.32,191464.35,C2039853215,1319112.55,1329389.52,0,0,L06_000694,LEGITIMATE_TRANSFER_CASHOUT,NONE,1,1,TRANSFER,0,0.6473750140439702,0.05094132426614438,0.005004590377694568,16930.02,
L06_001388,237,CASH_OUT,6653.05,C2039853215,1329389.52,0.0,CASHOUT_L06_000694,0.0,0.0,0,0,L06_000694,LEGITIMATE_TRANSFER_CASHOUT,NONE,1,2,CASH_OUT,2,0.6473750140439702,0.05094132426614438,0.005004590377694568,16930.02,1322736.47
L06_001389,396,TRANSFER,9297.03,C350976544,62402.0,53104.97,C1344332921,195255.13,204552.16,0,0,L06_000695,LEGITIMATE_TRANSFER_CASHOUT,NONE,1,1,TRANSFER,0,0.2972976092174299,0.14898609018941703,0.013512348146311434,12061.01,
L06_001390,399,CASH_OUT,2763.98,C1344332921,204552.16,0.0,CASHOUT_L06_000695,0.0,0.0,0,0,L06_000695,LEGITIMATE_TRANSFER_CASHOUT,NONE,1,2,CASH_OUT,3,0.2972976092174299,0.14898609018941703,0.013512348146311434,12061.01,201788.18
L06_001391,8,TRANSFER,15023.81,C638994322,100513.0,85489.19,C24404443,137724.93,152748.74,0,0,L06_000696,LEGITIMATE_TRANSFER_CASHOUT,NONE,1,1,TRANSFER,0,0.4710250920769439,0.1494713121685752,0.0463283035918987,22100.4,
L06_001392,9,CASH_OUT,7076.59,C24404443,152748.74,0.0,CASHOUT_L06_000696,0.0,0.0,0,0,L06_000696,LEGITIMATE_TRANSFER_CASHOUT,NONE,1,2,CASH_OUT,1,0.4710250920769439,0.1494713121685752,0.0463283035918987,22100.4,145672.15
L06_001393,331,TRANSFER,21609.7,C1728373812,182363.0,160753.3,C244109855,1057158.35,1078768.05,0,0,L06_000697,LEGITIMATE_TRANSFER_CASHOUT,NONE,1,1,TRANSFER,0,0.4733214435202731,0.11849826993414235,0.009481491410502934,31838.03,
L06_001394,333,CASH_OUT,10228.33,C244109855,1078768.05,112675.55,CASHOUT_L06_000697,0.0,0.0,0,0,L06_000697,LEGITIMATE_TRANSFER_CASHOUT,NONE,1,2,CASH_OUT,2,0.4733214435202731,0.11849826993414235,0.009481491410502934,31838.03,1068539.72
L06_001395,15,TRANSFER,14568.31,C1131389406,100683.0,86114.69,C1415372947,78300.06,92868.37,0,0,L06_000698,LEGITIMATE_TRANSFER_CASHOUT,NONE,1,1,TRANSFER,0,0.5905410812535237,0.14469483428185492,0.09263853774972039,23171.5,
L06_001396,18,CASH_OUT,8603.19,C1415372947,92868.37,0.0,CASHOUT_L06_000698,0.0,0.0,0,0,L06_000698,LEGITIMATE_TRANSFER_CASHOUT,NONE,1,2,CASH_OUT,3,0.5905410812535237,0.14469483428185492,0.09263853774972039,23171.5,84265.18
L06_001397,154,TRANSFER,20123.12,C2121853638,164208.0,144084.88,C1927190290,11517145.75,11537268.87,0,0,L06_000699,LEGITIMATE_TRANSFER_CASHOUT,NONE,1,1,TRANSFER,0,0.6243466025810824,0.12254652635681575,0.0010889752281555349,32686.92,
L06_001398,158,CASH_OUT,12563.8,C1927190290,11537268.87,0.0,CASHOUT_L06_000699,0.0,0.0,0,0,L06_000699,LEGITIMATE_TRANSFER_CASHOUT,NONE,1,2,CASH_OUT,4,0.6243466025810824,0.12254652635681575,0.0010889752281555349,32686.92,11524705.069999998
L06_001399,686,TRANSFER,9904.73,C804121376,94300.99,84396.26000000001,C2063809141,2822388.76,2832293.4899999998,0,0,L06_000700,LEGITIMATE_TRANSFER_CASHOUT,NONE,1,1,TRANSFER,0,0.3852058558881597,0.10503314970500309,0.0013470920345899607,13720.09,
L06_001400,691,CASH_OUT,3815.36,C2063809141,2832293.4899999998,0.0,CASHOUT_L06_000700,0.0,0.0,0,0,L06_000700,LEGITIMATE_TRANSFER_CASHOUT,NONE,1,2,CASH_OUT,5,0.3852058558881597,0.10503314970500309,0.0013470920345899607,13720.09,2828478.13
L06_001401,259,TRANSFER,8826.94,C467825747,59490.0,50663.06,C1324685588,0.0,8826.94,0,0,L06_000701,LEGITIMATE_TRANSFER_CASHOUT,NONE,1,1,TRANSFER,0,0.4035251446141867,0.14837687006219533,0.4035248908455251,12388.83,
L06_001402,262,CASH_OUT,3561.89,C1324685588,8826.94,0.0,CASHOUT_L06_000701,0.0,0.0,0,0,L06_000701,LEGITIMATE_TRANSFER_CASHOUT,NONE,1,2,CASH_OUT,3,0.4035251446141867,0.14837687006219533,0.4035248908455251,12388.83,5265.050000000001
L06_001403,185,TRANSFER,9461.92,C626544182,246315.0,236853.08,C144585985,1729129.03,1738590.95,0,0,L06_000702,LEGITIMATE_TRANSFER_CASHOUT,NONE,1,1,TRANSFER,0,0.456325286548055,0.03841390089925502,0.002483453626627931,13779.630000000001,
L06_001404,186,CASH_OUT,4317.71,C144585985,1738590.95,0.0,CASHOUT_L06_000702,0.0,0.0,0,0,L06_000702,LEGITIMATE_TRANSFER_CASHOUT,NONE,1,2,CASH_OUT,1,0.456325286548055,0.03841390089925502,0.002483453626627931,13779.630000000001,1734273.24
L06_001405,397,TRANSFER,9726.33,C957885145,188094.3,178367.97,C1763996632,1555897.25,1565623.58,0,0,L06_000703,LEGITIMATE_TRANSFER_CASHOUT,NONE,1,1,TRANSFER,0,0.23379949868414285,0.05170986042639251,0.0014524627944093689,12000.34,
L06_001406,402,CASH_OUT,2274.01,C1763996632,1565623.58,0.0,CASHOUT_L06_000703,0.0,0.0,0,0,L06_000703,LEGITIMATE_TRANSFER_CASHOUT,NONE,1,2,CASH_OUT,5,0.23379949868414285,0.05170986042639251,0.0014524627944093689,12000.34,1563349.57
L06_001407,9,TRANSFER,11539.42,C1506022643,118947.0,107407.58,C904776956,164.0,11703.42,0,0,L06_000704,LEGITIMATE_TRANSFER_CASHOUT,NONE,1,1,TRANSFER,0,0.20932844249067567,0.09701312349197541,0.20639522464373664,13954.95,
L06_001408,12,CASH_OUT,2415.53,C904776956,11703.42,0.0,CASHOUT_L06_000704,0.0,0.0,0,0,L06_000704,LEGITIMATE_TRANSFER_CASHOUT,NONE,1,2,CASH_OUT,3,0.20932844249067567,0.09701312349197541,0.20639522464373664,13954.95,9287.89
L06_001409,376,TRANSFER,10157.26,C1060408463,70419.0,60261.74,C1442693092,0.0,10157.26,0,0,L06_000705,LEGITIMATE_TRANSFER_CASHOUT,NONE,1,1,TRANSFER,0,0.3521089899502946,0.1442403328647098,0.35210873798642545,13733.720000000001,
L06_001410,379,CASH_OUT,3576.46,C1442693092,10157.26,0.0,CASHOUT_L06_000705,0.0,0.0,0,0,L06_000705,LEGITIMATE_TRANSFER_CASHOUT,NONE,1,2,CASH_OUT,3,0.3521089899502946,0.1442403328647098,0.35210873798642545,13733.720000000001,6580.8
L06_001411,208,TRANSFER,9037.74,C45439304,62563.0,53525.26,C272415489,1250968.04,1260005.78,0,0,L06_000706,LEGITIMATE_TRANSFER_CASHOUT,NONE,1,1,TRANSFER,0,0.6408324259428773,0.14445822610808304,0.004596550342808745,14829.42,
L06_001412,209,CASH_OUT,5791.68,C272415489,1260005.78,37024.49,CASHOUT_L06_000706,0.0,0.0,0,0,L06_000706,LEGITIMATE_TRANSFER_CASHOUT,NONE,1,2,CASH_OUT,1,0.6408324259428773,0.14445822610808304,0.004596550342808745,14829.42,1254214.1
L06_001413,134,TRANSFER,39376.81,C861624453,400150.71,360773.9,C1895459817,1396996.76,1436373.57,0,0,L06_000707,LEGITIMATE_TRANSFER_CASHOUT,NONE,1,1,TRANSFER,0,0.6450684206548107,0.09840494847553811,0.01768393719469511,64777.55,
L06_001414,137,CASH_OUT,25400.74,C1895459817,1436373.57,0.0,CASHOUT_L06_000707,0.0,0.0,0,0,L06_000707,LEGITIMATE_TRANSFER_CASHOUT,NONE,1,2,CASH_OUT,3,0.6450684206548107,0.09840494847553811,0.01768393719469511,64777.55,1410972.83
L06_001415,371,TRANSFER,25033.9,C1970365228,181261.0,156227.1,C1729301171,0.0,25033.9,0,0,L06_000708,LEGITIMATE_TRANSFER_CASHOUT,NONE,1,1,TRANSFER,0,0.42981723487225787,0.13810968713622898,0.42981716792030006,35793.9,
L06_001416,372,CASH_OUT,10760.0,C1729301171,25033.9,0.0,CASHOUT_L06_000708,0.0,0.0,0,0,L06_000708,LEGITIMATE_TRANSFER_CASHOUT,NONE,1,2,CASH_OUT,1,0.42981723487225787,0.13810968713622898,0.42981716792030006,35793.9,14273.900000000001
L06_001417,39,TRANSFER,15203.76,C739074334,127887.0,112683.24,C1109671075,0.0,15203.76,0,0,L06_000709,LEGITIMATE_TRANSFER_CASHOUT,NONE,1,1,TRANSFER,0,0.3595394825391665,0.11888432757043327,0.3595393507921725,20670.11,
L06_001418,44,CASH_OUT,5466.35,C1109671075,15203.76,6277.57,CASHOUT_L06_000709,0.0,0.0,0,0,L06_000709,LEGITIMATE_TRANSFER_CASHOUT,NONE,1,2,CASH_OUT,5,0.3595394825391665,0.11888432757043327,0.3595393507921725,20670.11,9737.41
L06_001419,35,TRANSFER,10020.36,C1115627294,262299.0,252278.64,C682091885,363719.17,373739.52999999997,0,0,L06_000710,LEGITIMATE_TRANSFER_CASHOUT,NONE,1,1,TRANSFER,0,0.20756779780846826,0.03820205185685039,0.00556510573018594,12100.26,
L06_001420,39,CASH_OUT,2079.9,C682091885,373739.52999999997,0.0,CASHOUT_L06_000710,0.0,0.0,0,0,L06_000710,LEGITIMATE_TRANSFER_CASHOUT,NONE,1,2,CASH_OUT,4,0.20756779780846826,0.03820205185685039,0.00556510573018594,12100.26,371659.62999999995
L06_001421,227,TRANSFER,15055.61,C844814842,149321.69,134266.08000000002,C442915675,24119327.11,24134382.72,0,0,L06_000711,LEGITIMATE_TRANSFER_CASHOUT,NONE,1,1,TRANSFER,0,0.35872913582834787,0.10082667829435898,0.0002237840537568139,20456.5,
L06_001422,231,CASH_OUT,5400.89,C442915675,24134382.72,0.0,CASHOUT_L06_000711,0.0,0.0,0,0,L06_000711,LEGITIMATE_TRANSFER_CASHOUT,NONE,1,2,CASH_OUT,4,0.35872913582834787,0.10082667829435898,0.0002237840537568139,20456.5,24128981.83
L06_001423,596,TRANSFER,12530.22,C2069625150,85474.78,72944.56,C280895991,494042.62,506572.83999999997,0,0,L06_000712,LEGITIMATE_TRANSFER_CASHOUT,NONE,1,1,TRANSFER,0,0.3657853644093233,0.14659552209435345,0.009047800509794406,17113.59,
L06_001424,597,CASH_OUT,4583.37,C280895991,506572.83999999997,0.0,CASHOUT_L06_000712,0.0,0.0,0,0,L06_000712,LEGITIMATE_TRANSFER_CASHOUT,NONE,1,2,CASH_OUT,1,0.3657853644093233,0.14659552209435345,0.009047800509794406,17113.59,501989.47
L06_001425,130,TRANSFER,10683.0,C584582512,101362.87,90679.87,C1857059512,1216649.16,1227332.16,0,0,L06_000713,LEGITIMATE_TRANSFER_CASHOUT,NONE,1,1,TRANSFER,0,0.3103777641303641,0.10539362194460358,0.0027016076886635155,13998.77,
L06_001426,133,CASH_OUT,3315.77,C1857059512,1227332.16,0.0,CASHOUT_L06_000713,0.0,0.0,0,0,L06_000713,LEGITIMATE_TRANSFER_CASHOUT,NONE,1,2,CASH_OUT,3,0.3103777641303641,0.10539362194460358,0.0027016076886635155,13998.77,1224016.39
L06_001427,350,TRANSFER,8761.43,C877013623,65470.0,56708.57,C691462848,0.0,8761.43,0,0,L06_000714,LEGITIMATE_TRANSFER_CASHOUT,NONE,1,1,TRANSFER,0,0.23492554530645865,0.13382358332060487,0.2349251206709407,10819.710000000001,
L06_001428,351,CASH_OUT,2058.28,C691462848,8761.43,0.0,CASHOUT_L06_000714,0.0,0.0,0,0,L06_000714,LEGITIMATE_TRANSFER_CASHOUT,NONE,1,2,CASH_OUT,1,0.23492554530645865,0.13382358332060487,0.2349251206709407,10819.710000000001,6703.15
L06_001429,240,TRANSFER,16989.21,C891480880,279287.0,262297.79,C1471541081,27860.63,44849.84,0,0,L06_000715,LEGITIMATE_TRANSFER_CASHOUT,NONE,1,1,TRANSFER,0,0.38174624667937246,0.060830650907489424,0.1446063129768133,23474.78,
L06_001430,245,CASH_OUT,6485.57,C1471541081,44849.84,188875.39,CASHOUT_L06_000715,0.0,0.0,0,0,L06_000715,LEGITIMATE_TRANSFER_CASHOUT,NONE,1,2,CASH_OUT,5,0.38174624667937246,0.060830650907489424,0.1446063129768133,23474.78,38364.27
L06_001431,300,TRANSFER,20024.66,C1195110804,162064.0,142039.34,C697366726,0.0,20024.66,0,0,L06_000716,LEGITIMATE_TRANSFER_CASHOUT,NONE,1,1,TRANSFER,0,0.4188970209523556,0.12356019844012242,0.41889699999900126,28412.93,
L06_001432,302,CASH_OUT,8388.27,C697366726,20024.66,0.0,CASHOUT_L06_000716,0.0,0.0,0,0,L06_000716,LEGITIMATE_TRANSFER_CASHOUT,NONE,1,2,CASH_OUT,2,0.4188970209523556,0.12356019844012242,0.41889699999900126,28412.93,11636.39
L06_001433,231,TRANSFER,63380.73,C890582255,590514.85,527134.12,C400654029,2672585.82,2735966.55,0,0,L06_000717,LEGITIMATE_TRANSFER_CASHOUT,NONE,1,1,TRANSFER,0,0.58888724578015,0.10733130589349278,0.013642016200819415,100704.83,
L06_001434,233,CASH_OUT,37324.1,C400654029,2735966.55,0.0,CASHOUT_L06_000717,0.0,0.0,0,0,L06_000717,LEGITIMATE_TRANSFER_CASHOUT,NONE,1,2,CASH_OUT,2,0.58888724578015,0.10733130589349278,0.013642016200819415,100704.83,2698642.4499999997
L06_001435,301,TRANSFER,15406.86,C401043438,148642.0,133235.14,C1089300539,94444.79,109851.65,0,0,L06_000718,LEGITIMATE_TRANSFER_CASHOUT,NONE,1,1,TRANSFER,0,0.36983005958983955,0.10365078510784301,0.05186922545086942,21104.78,
L06_001436,302,CASH_OUT,5697.92,C1089300539,109851.65,0.0,CASHOUT_L06_000718,0.0,0.0,0,0,L06_000718,LEGITIMATE_TRANSFER_CASHOUT,NONE,1,2,CASH_OUT,1,0.36983005958983955,0.10365078510784301,0.05186922545086942,21104.78,104153.73
L06_001437,211,TRANSFER,16427.7,C9815192,159499.0,143071.3,C1504769349,1159615.94,1176043.64,0,0,L06_000719,LEGITIMATE_TRANSFER_CASHOUT,NONE,1,1,TRANSFER,0,0.5773768779471186,0.1029956300666462,0.008065151391831005,25912.67,
L06_001438,212,CASH_OUT,9484.97,C1504769349,1176043.64,0.0,CASHOUT_L06_000719,0.0,0.0,0,0,L06_000719,LEGITIMATE_TRANSFER_CASHOUT,NONE,1,2,CASH_OUT,1,0.5773768779471186,0.1029956300666462,0.008065151391831005,25912.67,1166558.67
L06_001439,39,TRANSFER,58050.28,C77045142,883610.39,825560.11,C338391283,2614573.06,2672623.34,0,0,L06_000720,LEGITIMATE_TRANSFER_CASHOUT,NONE,1,1,TRANSFER,0,0.5145010058884683,0.0656966924076119,0.011175136261438172,87917.20999999999,
L06_001440,42,CASH_OUT,29866.93,C338391283,2672623.34,530335.13,CASHOUT_L06_000720,0.0,0.0,0,0,L06_000720,LEGITIMATE_TRANSFER_CASHOUT,NONE,1,2,CASH_OUT,3,0.5145010058884683,0.0656966924076119,0.011175136261438172,87917.20999999999,2642756.4099999997
L06_001441,306,TRANSFER,10657.63,C1163398656,461360.54,450702.91,C387053565,4494116.1,4504773.7299999995,0,0,L06_000721,LEGITIMATE_TRANSFER_CASHOUT,NONE,1,1,TRANSFER,0,0.6087188691707383,0.023100436808054715,0.0014401389256902813,17145.129999999997,
L06_001442,308,CASH_OUT,6487.5,C387053565,4504773.7299999995,105116.68,CASHOUT_L06_000721,0.0,0.0,0,0,L06_000721,LEGITIMATE_TRANSFER_CASHOUT,NONE,1,2,CASH_OUT,2,0.6087188691707383,0.023100436808054715,0.0014401389256902813,17145.129999999997,4498286.2299999995
L06_001443,140,TRANSFER,18872.9,C682544601,166874.87,148001.97,C1279497096,1508436.07,1527308.97,0,0,L06_000722,LEGITIMATE_TRANSFER_CASHOUT,NONE,1,1,TRANSFER,0,0.22713770684443996,0.11309611806738787,0.002806733990438097,23159.65,
L06_001444,144,CASH_OUT,4286.75,C1279497096,1527308.97,0.0,CASHOUT_L06_000722,0.0,0.0,0,0,L06_000722,LEGITIMATE_TRANSFER_CASHOUT,NONE,1,2,CASH_OUT,4,0.22713770684443996,0.11309611806738787,0.002806733990438097,23159.65,1523022.22
L06_001445,203,TRANSFER,12427.1,C1839390068,103368.0,90940.9,C1458981376,11010687.37,11023114.469999999,0,0,L06_000723,LEGITIMATE_TRANSFER_CASHOUT,NONE,1,1,TRANSFER,0,0.2531888141175757,0.12022192554755824,0.00028543657135767734,15573.5,
L06_001446,208,CASH_OUT,3146.4,C1458981376,11023114.469999999,0.0,CASHOUT_L06_000723,0.0,0.0,0,0,L06_000723,LEGITIMATE_TRANSFER_CASHOUT,NONE,1,2,CASH_OUT,5,0.2531888141175757,0.12022192554755824,0.00028543657135767734,15573.5,11019968.069999998
L06_001447,34,TRANSFER,12572.29,C2103662457,171850.0,159277.71,C2121401221,350757.29,363329.57999999996,0,0,L06_000724,LEGITIMATE_TRANSFER_CASHOUT,NONE,1,1,TRANSFER,0,0.33876441806908875,0.0731585103287751,0.011722249534430972,16831.33,
L06_001448,37,CASH_OUT,4259.04,C2121401221,363329.57999999996,0.0,CASHOUT_L06_000724,0.0,0.0,0,0,L06_000724,LEGITIMATE_TRANSFER_CASHOUT,NONE,1,2,CASH_OUT,3,0.33876441806908875,0.0731585103287751,0.011722249534430972,16831.33,359070.54
L06_001449,204,TRANSFER,18392.87,C869151235,154688.0,136295.13,C1659071738,295508.35,313901.22,0,0,L06_000725,LEGITIMATE_TRANSFER_CASHOUT,NONE,1,1,TRANSFER,0,0.26335508053571705,0.11890301768721555,0.015431160159237355,23236.73,
L06_001450,208,CASH_OUT,4843.86,C1659071738,313901.22,78903.67,CASHOUT_L06_000725,0.0,0.0,0,0,L06_000725,LEGITIMATE_TRANSFER_CASHOUT,NONE,1,2,CASH_OUT,4,0.26335508053571705,0.11890301768721555,0.015431160159237355,23236.73,309057.36
L06_001451,11,TRANSFER,24233.34,C1778905357,231026.0,206792.66,C756845508,178645.45,202878.79,0,0,L06_000726,LEGITIMATE_TRANSFER_CASHOUT,NONE,1,1,TRANSFER,0,0.43454093286447787,0.10489442746703834,0.0519047851182472,34763.72,
L06_001452,16,CASH_OUT,10530.38,C756845508,202878.79,0.0,CASHOUT_L06_000726,0.0,0.0,0,0,L06_000726,LEGITIMATE_TRANSFER_CASHOUT,NONE,1,2,CASH_OUT,5,0.43454093286447787,0.10489442746703834,0.0519047851182472,34763.72,192348.41
L06_001453,44,TRANSFER,24679.91,C36813407,408296.81,383616.9,C252944833,1266134.9,1290814.8099999998,0,0,L06_000727,LEGITIMATE_TRANSFER_CASHOUT,NONE,1,1,TRANSFER,0,0.24232372916622455,0.06044600250489344,0.004633143308915088,30660.44,
L06_001454,47,CASH_OUT,5980.53,C252944833,1290814.8099999998,404596.38,CASHOUT_L06_000727,0.0,0.0,0,0,L06_000727,LEGITIMATE_TRANSFER_CASHOUT,NONE,1,2,CASH_OUT,3,0.24232372916622455,0.06044600250489344,0.004633143308915088,30660.44,1284834.2799999998
L06_001455,235,TRANSFER,16558.17,C738890049,133098.0,116539.83,C856682637,607682.66,624240.8300000001,0,0,L06_000728,LEGITIMATE_TRANSFER_CASHOUT,NONE,1,1,TRANSFER,0,0.3006569315019569,0.12440585132759319,0.007975015027453425,21536.5,
L06_001456,238,CASH_OUT,4978.33,C856682637,624240.8300000001,0.0,CASHOUT_L06_000728,0.0,0.0,0,0,L06_000728,LEGITIMATE_TRANSFER_CASHOUT,NONE,1,2,CASH_OUT,3,0.3006569315019569,0.12440585132759319,0.007975015027453425,21536.5,619262.5000000001
L06_001457,283,TRANSFER,10511.04,C272526202,87446.0,76934.95999999999,C1978331561,1923868.36,1934379.4000000001,0,0,L06_000729,LEGITIMATE_TRANSFER_CASHOUT,NONE,1,1,TRANSFER,0,0.3022109558809005,0.12020035221736844,0.0016421545845659853,13687.59,
L06_001458,286,CASH_OUT,3176.55,C1978331561,1934379.4000000001,0.0,CASHOUT_L06_000729,0.0,0.0,0,0,L06_000729,LEGITIMATE_TRANSFER_CASHOUT,NONE,1,2,CASH_OUT,3,0.3022109558809005,0.12020035221736844,0.0016421545845659853,13687.59,1931202.85
L06_001459,158,TRANSFER,48522.04,C1225686778,409390.35,360868.31,C193941275,8559103.26,8607625.299999999,0,0,L06_000730,LEGITIMATE_TRANSFER_CASHOUT,NONE,1,1,TRANSFER,0,0.24564698800993276,0.1185226764626963,0.0013847361594608448,60441.33,
L06_001460,160,CASH_OUT,11919.29,C193941275,8607625.299999999,85688.86,CASHOUT_L06_000730,0.0,0.0,0,0,L06_000730,LEGITIMATE_TRANSFER_CASHOUT,NONE,1,2,CASH_OUT,2,0.24564698800993276,0.1185226764626963,0.0013847361594608448,60441.33,8595706.01
L06_001461,187,TRANSFER,11193.57,C1311088903,80192.0,68998.43,C1896851622,24942.27,36135.84,0,0,L06_000731,LEGITIMATE_TRANSFER_CASHOUT,NONE,1,1,TRANSFER,0,0.41914614110865356,0.13958462190742219,0.1298361958653791,15885.31,
L06_001462,188,CASH_OUT,4691.74,C1896851622,36135.84,0.0,CASHOUT_L06_000731,0.0,0.0,0,0,L06_000731,LEGITIMATE_TRANSFER_CASHOUT,NONE,1,2,CASH_OUT,1,0.41914614110865356,0.13958462190742219,0.1298361958653791,15885.31,31444.1
L06_001463,143,TRANSFER,8950.5,C1663664487,63025.0,54074.5,C680832040,1559664.1,1568614.6,0,0,L06_000732,LEGITIMATE_TRANSFER_CASHOUT,NONE,1,1,TRANSFER,0,0.28981761997241046,0.14201507338357794,0.0016536949228956558,11544.51,
L06_001464,144,CASH_OUT,2594.01,C680832040,1568614.6,0.0,CASHOUT_L06_000732,0.0,0.0,0,0,L06_000732,LEGITIMATE_TRANSFER_CASHOUT,NONE,1,2,CASH_OUT,1,0.28981761997241046,0.14201507338357794,0.0016536949228956558,11544.51,1566020.59
L06_001465,164,TRANSFER,12916.64,C306795964,154906.01,141989.37,C1523830445,2102973.74,2115890.3800000004,0,0,L06_000733,LEGITIMATE_TRANSFER_CASHOUT,NONE,1,1,TRANSFER,0,0.5880460489682733,0.08338372410470064,0.003589779542359845,20512.22,
L06_001466,166,CASH_OUT,7595.58,C1523830445,2115890.3800000004,0.0,CASHOUT_L06_000733,0.0,0.0,0,0,L06_000733,LEGITIMATE_TRANSFER_CASHOUT,NONE,1,2,CASH_OUT,2,0.5880460489682733,0.08338372410470064,0.003589779542359845,20512.22,2108294.8000000003
L06_001467,300,TRANSFER,11644.97,C1965811392,83188.0,71543.03,C1017453895,753838.24,765483.21,0,0,L06_000734,LEGITIMATE_TRANSFER_CASHOUT,NONE,1,1,TRANSFER,0,0.4401179806875347,0.13998377169784101,0.006695326472281476,16770.129999999997,
L06_001468,303,CASH_OUT,5125.16,C1017453895,765483.21,0.0,CASHOUT_L06_000734,0.0,0.0,0,0,L06_000734,LEGITIMATE_TRANSFER_CASHOUT,NONE,1,2,CASH_OUT,3,0.4401179806875347,0.13998377169784101,0.006695326472281476,16770.129999999997,760358.0499999999
L06_001469,35,TRANSFER,167759.41,C1466533718,1809374.19,1641614.78,C914294388,302098.04,469857.44999999995,0,0,L06_000735,LEGITIMATE_TRANSFER_CASHOUT,NONE,1,1,TRANSFER,0,0.39885512941804535,0.09271681387253568,0.14240851134743102,234671.11,
L06_001470,36,CASH_OUT,66911.7,C914294388,469857.44999999995,1666796.46,CASHOUT_L06_000735,0.0,0.0,0,0,L06_000735,LEGITIMATE_TRANSFER_CASHOUT,NONE,1,2,CASH_OUT,1,0.39885512941804535,0.09271681387253568,0.14240851134743102,234671.11,402945.74999999994
L06_001471,346,TRANSFER,9969.29,C515500994,94396.0,84426.70999999999,C1474259371,74017.49,83986.78,0,0,L06_000736,LEGITIMATE_TRANSFER_CASHOUT,NONE,1,1,TRANSFER,0,0.4682621560594077,0.10561136065087505,0.05558303342502236,14637.53,
L06_001472,349,CASH_OUT,4668.24,C1474259371,83986.78,0.0,CASHOUT_L06_000736,0.0,0.0,0,0,L06_000736,LEGITIMATE_TRANSFER_CASHOUT,NONE,1,2,CASH_OUT,3,0.4682621560594077,0.10561136065087505,0.05558303342502236,14637.53,79318.54
L06_001473,260,TRANSFER,8765.56,C739478278,73724.0,64958.44,C1331209915,0.0,8765.56,0,0,L06_000737,LEGITIMATE_TRANSFER_CASHOUT,NONE,1,1,TRANSFER,0,0.6407342129765489,0.1188969670663556,0.6407337352091595,14381.95,
L06_001474,265,CASH_OUT,5616.39,C1331209915,8765.56,0.0,CASHOUT_L06_000737,0.0,0.0,0,0,L06_000737,LEGITIMATE_TRANSFER_CASHOUT,NONE,1,2,CASH_OUT,5,0.6407342129765489,0.1188969670663556,0.6407337352091595,14381.95,3149.169999999999
L06_001475,402,TRANSFER,9205.71,C1569833050,95541.0,86335.29000000001,C1073484131,2236470.72,2245676.43,0,0,L06_000738,LEGITIMATE_TRANSFER_CASHOUT,NONE,1,1,TRANSFER,0,0.5751132480563523,0.09635350268471127,0.0023575658226060643,14500.039999999999,
L06_001476,406,CASH_OUT,5294.33,C1073484131,2245676.43,0.0,CASHOUT_L06_000738,0.0,0.0,0,0,L06_000738,LEGITIMATE_TRANSFER_CASHOUT,NONE,1,2,CASH_OUT,4,0.5751132480563523,0.09635350268471127,0.0023575658226060643,14500.039999999999,2240382.1
L06_001477,330,TRANSFER,28431.68,C1117837302,327174.81,298743.13,C53256105,997834.23,1026265.91,0,0,L06_000739,LEGITIMATE_TRANSFER_CASHOUT,NONE,1,1,TRANSFER,0,0.4520757782426144,0.08690057770645607,0.012524307662134075,41284.95,
L06_001478,334,CASH_OUT,12853.27,C53256105,1026265.91,0.0,CASHOUT_L06_000739,0.0,0.0,0,0,L06_000739,LEGITIMATE_TRANSFER_CASHOUT,NONE,1,2,CASH_OUT,4,0.4520757782426144,0.08690057770645607,0.012524307662134075,41284.95,1013412.64
L06_001479,370,TRANSFER,9197.65,C1001558686,87514.21,78316.56000000001,C1828563450,17687589.81,17696787.459999997,0,0,L06_000740,LEGITIMATE_TRANSFER_CASHOUT,NONE,1,1,TRANSFER,0,0.29815013032060805,0.105098931933454,0.00015495919845329943,11939.93,
L06_001480,374,CASH_OUT,2742.28,C1828563450,17696787.459999997,0.0,CASHOUT_L06_000740,0.0,0.0,0,0,L06_000740,LEGITIMATE_TRANSFER_CASHOUT,NONE,1,2,CASH_OUT,4,0.29815013032060805,0.105098931933454,0.00015495919845329943,11939.93,17694045.179999996
L06_001481,228,TRANSFER,20220.68,C276539703,142239.0,122018.32,C460128307,365143.07,385363.75,0,0,L06_000741,LEGITIMATE_TRANSFER_CASHOUT,NONE,1,1,TRANSFER,0,0.4938976538235988,0.14215988582596897,0.025915644634452516,30207.63,
L06_001482,232,CASH_OUT,9986.95,C460128307,385363.75,0.0,CASHOUT_L06_000741,0.0,0.0,0,0,L06_000741,LEGITIMATE_TRANSFER_CASHOUT,NONE,1,2,CASH_OUT,4,0.4938976538235988,0.14215988582596897,0.025915644634452516,30207.63,375376.8
L06_001483,301,TRANSFER,12987.78,C1727278543,112200.0,99212.22,C1596448788,689311.87,702299.65,0,0,L06_000742,LEGITIMATE_TRANSFER_CASHOUT,NONE,1,1,TRANSFER,0,0.37064940329193485,0.11575561497326203,0.006854495798196681,17801.690000000002,
L06_001484,302,CASH_OUT,4813.91,C1596448788,702299.65,0.0,CASHOUT_L06_000742,0.0,0.0,0,0,L06_000742,LEGITIMATE_TRANSFER_CASHOUT,NONE,1,2,CASH_OUT,1,0.37064940329193485,0.11575561497326203,0.006854495798196681,17801.690000000002,697485.74
L06_001485,304,TRANSFER,13203.5,C367960372,90024.62,76821.12,C755537803,46680715.4,46693918.9,0,0,L06_000743,LEGITIMATE_TRANSFER_CASHOUT,NONE,1,1,TRANSFER,0,0.2642867313082006,0.14666543441116442,7.473157280872393e-05,16693.010000000002,
L06_001486,308,CASH_OUT,3489.51,C755537803,46693918.9,0.0,CASHOUT_L06_000743,0.0,0.0,0,0,L06_000743,LEGITIMATE_TRANSFER_CASHOUT,NONE,1,2,CASH_OUT,4,0.2642867313082006,0.14666543441116442,7.473157280872393e-05,16693.010000000002,46690429.39
L06_001487,329,TRANSFER,28492.61,C209214872,622286.89,593794.28,C576412339,985104.41,1013597.02,0,0,L06_000744,LEGITIMATE_TRANSFER_CASHOUT,NONE,1,1,TRANSFER,0,0.4885272435196003,0.0457869359902472,0.013732696254375334,42412.03,
L06_001488,334,CASH_OUT,13919.42,C576412339,1013597.02,71056.77,CASHOUT_L06_000744,0.0,0.0,0,0,L06_000744,LEGITIMATE_TRANSFER_CASHOUT,NONE,1,2,CASH_OUT,5,0.4885272435196003,0.0457869359902472,0.013732696254375334,42412.03,999677.6
L06_001489,44,TRANSFER,15601.99,C597157610,151741.0,136139.01,C961614744,79108.24,94710.23000000001,0,0,L06_000745,LEGITIMATE_TRANSFER_CASHOUT,NONE,1,1,TRANSFER,0,0.3671474338857148,0.10281987070073348,0.06048163962858077,21330.22,
L06_001490,46,CASH_OUT,5728.23,C961614744,94710.23000000001,0.0,CASHOUT_L06_000745,0.0,0.0,0,0,L06_000745,LEGITIMATE_TRANSFER_CASHOUT,NONE,1,2,CASH_OUT,2,0.3671474338857148,0.10281987070073348,0.06048163962858077,21330.22,88982.00000000001
L06_001491,136,TRANSFER,12733.57,C1390599574,92575.43,79841.85999999999,C8296927,791941.05,804674.62,0,0,L06_000746,LEGITIMATE_TRANSFER_CASHOUT,NONE,1,1,TRANSFER,0,0.5724852275213452,0.13754805135660728,0.009059289082585952,20023.35,
L06_001492,138,CASH_OUT,7289.78,C8296927,804674.62,20545.74,CASHOUT_L06_000746,0.0,0.0,0,0,L06_000746,LEGITIMATE_TRANSFER_CASHOUT,NONE,1,2,CASH_OUT,2,0.5724852275213452,0.13754805135660728,0.009059289082585952,20023.35,797384.84
L06_001493,235,TRANSFER,8901.96,C1558467298,64221.69,55319.73,C1455846898,713483.62,722385.58,0,0,L06_000747,LEGITIMATE_TRANSFER_CASHOUT,NONE,1,1,TRANSFER,0,0.5620169791309368,0.13861298262316046,0.006925733484325643,13905.009999999998,
L06_001494,237,CASH_OUT,5003.05,C1455846898,722385.58,0.0,CASHOUT_L06_000747,0.0,0.0,0,0,L06_000747,LEGITIMATE_TRANSFER_CASHOUT,NONE,1,2,CASH_OUT,2,0.5620169791309368,0.13861298262316046,0.006925733484325643,13905.009999999998,717382.5299999999
L06_001495,184,TRANSFER,14317.6,C530828343,198343.0,184025.4,C1098112405,0.0,14317.6,0,0,L06_000748,LEGITIMATE_TRANSFER_CASHOUT,NONE,1,1,TRANSFER,0,0.3065657721886076,0.07218606151969063,0.3065660445884785,18706.89,
L06_001496,189,CASH_OUT,4389.29,C1098112405,14317.6,0.0,CASHOUT_L06_000748,0.0,0.0,0,0,L06_000748,LEGITIMATE_TRANSFER_CASHOUT,NONE,1,2,CASH_OUT,5,0.3065657721886076,0.07218606151969063,0.3065660445884785,18706.89,9928.310000000001
L06_001497,208,TRANSFER,15203.58,C179773088,324210.64,309007.06,C1612629516,1061092.2,1076295.78,0,0,L06_000749,LEGITIMATE_TRANSFER_CASHOUT,NONE,1,1,TRANSFER,0,0.4452188897808706,0.04689414264750842,0.0062890890457639815,21972.5,
L06_001498,211,CASH_OUT,6768.92,C1612629516,1076295.78,286600.8,CASHOUT_L06_000749,0.0,0.0,0,0,L06_000749,LEGITIMATE_TRANSFER_CASHOUT,NONE,1,2,CASH_OUT,3,0.4452188897808706,0.04689414264750842,0.0062890890457639815,21972.5,1069526.86
L06_001499,44,TRANSFER,52231.9,C92977663,445941.0,393709.1,C585231893,705381.47,757613.37,0,0,L06_000750,LEGITIMATE_TRANSFER_CASHOUT,NONE,1,1,TRANSFER,0,0.29103917806092594,0.11712737783697844,0.020065023403692046,67433.43000000001,
L06_001500,46,CASH_OUT,15201.53,C585231893,757613.37,318302.75,CASHOUT_L06_000750,0.0,0.0,0,0,L06_000750,LEGITIMATE_TRANSFER_CASHOUT,NONE,1,2,CASH_OUT,2,0.29103917806092594,0.11712737783697844,0.020065023403692046,67433.43000000001,742411.84
L06_001501,374,TRANSFER,9198.89,C855654183,67504.0,58305.11,C2109092132,0.0,9198.89,0,0,L06_000751,LEGITIMATE_TRANSFER_CASHOUT,NONE,1,1,TRANSFER,0,0.33580855699521905,0.13627177648731925,0.335808994346057,12287.96,
L06_001502,377,CASH_OUT,3089.07,C2109092132,9198.89,0.0,CASHOUT_L06_000751,0.0,0.0,0,0,L06_000751,LEGITIMATE_TRANSFER_CASHOUT,NONE,1,2,CASH_OUT,3,0.33580855699521905,0.13627177648731925,0.335808994346057,12287.96,6109.82
L06_001503,205,TRANSFER,17981.84,C1551078,368181.97,350200.12999999995,C966995914,10548575.12,10566556.959999999,0,0,L06_000752,LEGITIMATE_TRANSFER_CASHOUT,NONE,1,1,TRANSFER,0,0.5283045623415734,0.0488395452933233,0.0008990525519298389,27481.73,
L06_001504,207,CASH_OUT,9499.89,C966995914,10566556.959999999,0.0,CASHOUT_L06_000752,0.0,0.0,0,0,L06_000752,LEGITIMATE_TRANSFER_CASHOUT,NONE,1,2,CASH_OUT,2,0.5283045623415734,0.0488395452933233,0.0008990525519298389,27481.73,10557057.069999998
L06_001505,184,TRANSFER,9281.39,C815544451,82568.0,73286.61,C643048077,6230901.6,6240182.989999999,0,0,L06_000753,LEGITIMATE_TRANSFER_CASHOUT,NONE,1,1,TRANSFER,0,0.30453124266530246,0.11240904466621451,0.0004529466530916588,12107.859999999999,
L06_001506,189,CASH_OUT,2826.47,C643048077,6240182.989999999,0.0,CASHOUT_L06_000753,0.0,0.0,0,0,L06_000753,LEGITIMATE_TRANSFER_CASHOUT,NONE,1,2,CASH_OUT,5,0.30453124266530246,0.11240904466621451,0.0004529466530916588,12107.859999999999,6237356.52
L06_001507,20,TRANSFER,8939.23,C655606361,61282.0,52342.770000000004,C1158709192,0.0,8939.23,0,0,L06_000754,LEGITIMATE_TRANSFER_CASHOUT,NONE,1,1,TRANSFER,0,0.2520510354998067,0.14587040240201038,0.2520507918467251,11192.369999999999,
L06_001508,25,CASH_OUT,2253.14,C1158709192,8939.23,0.0,CASHOUT_L06_000754,0.0,0.0,0,0,L06_000754,LEGITIMATE_TRANSFER_CASHOUT,NONE,1,2,CASH_OUT,5,0.2520510354998067,0.14587040240201038,0.2520507918467251,11192.369999999999,6686.09
L06_001509,203,TRANSFER,50061.61,C1918815300,661972.0,611910.39,C987443494,0.0,50061.61,0,0,L06_000755,LEGITIMATE_TRANSFER_CASHOUT,NONE,1,1,TRANSFER,0,0.44129237475038097,0.07562496601064697,0.4412924394561022,72153.42,
L06_001510,204,CASH_OUT,22091.81,C987443494,50061.61,465547.18,CASHOUT_L06_000755,0.0,0.0,0,0,L06_000755,LEGITIMATE_TRANSFER_CASHOUT,NONE,1,2,CASH_OUT,1,0.44129237475038097,0.07562496601064697,0.4412924394561022,72153.42,27969.8
L06_001511,186,TRANSFER,11927.37,C2075305649,191669.18,179741.81,C746836932,1009792.26,1021719.63,0,0,L06_000756,LEGITIMATE_TRANSFER_CASHOUT,NONE,1,1,TRANSFER,0,0.5565676147256375,0.06222894051093661,0.006497271663460161,18565.760000000002,
L06_001512,190,CASH_OUT,6638.39,C746836932,1021719.63,0.0,CASHOUT_L06_000756,0.0,0.0,0,0,L06_000756,LEGITIMATE_TRANSFER_CASHOUT,NONE,1,2,CASH_OUT,4,0.5565676147256375,0.06222894051093661,0.006497271663460161,18565.760000000002,1015081.24
L06_001513,256,TRANSFER,13399.4,C1185168227,186513.5,173114.1,C378218735,3026873.57,3040272.9699999997,0,0,L06_000757,LEGITIMATE_TRANSFER_CASHOUT,NONE,1,1,TRANSFER,0,0.2992639745059128,0.07184144847423912,0.0013189473575459904,17409.36,
L06_001514,261,CASH_OUT,4009.96,C378218735,3040272.9699999997,0.0,CASHOUT_L06_000757,0.0,0.0,0,0,L06_000757,LEGITIMATE_TRANSFER_CASHOUT,NONE,1,2,CASH_OUT,5,0.2992639745059128,0.07184144847423912,0.0013189473575459904,17409.36,3036263.01
L06_001515,406,TRANSFER,15530.76,C1409779252,121569.0,106038.24,C1090059801,0.0,15530.76,0,0,L06_000758,LEGITIMATE_TRANSFER_CASHOUT,NONE,1,1,TRANSFER,0,0.37470185297846803,0.12775263430644326,0.37470156000092714,21350.16,
L06_001516,410,CASH_OUT,5819.4,C1090059801,15530.76,0.0,CASHOUT_L06_000758,0.0,0.0,0,0,L06_000758,LEGITIMATE_TRANSFER_CASHOUT,NONE,1,2,CASH_OUT,4,0.37470185297846803,0.12775263430644326,0.37470156000092714,21350.16,9711.36
L06_001517,376,TRANSFER,12765.12,C45373621,101394.0,88628.88,C1616728190,263057.01,275822.13,0,0,L06_000759,LEGITIMATE_TRANSFER_CASHOUT,NONE,1,1,TRANSFER,0,0.4002162765311245,0.12589620687614653,0.01852211785907099,17873.93,
L06_001518,378,CASH_OUT,5108.81,C1616728190,275822.13,0.0,CASHOUT_L06_000759,0.0,0.0,0,0,L06_000759,LEGITIMATE_TRANSFER_CASHOUT,NONE,1,2,CASH_OUT,2,0.4002162765311245,0.12589620687614653,0.01852211785907099,17873.93,270713.32
L06_001519,330,TRANSFER,14801.03,C1878215544,152376.57,137575.54,C879382200,0.0,14801.03,0,0,L06_000760,LEGITIMATE_TRANSFER_CASHOUT,NONE,1,1,TRANSFER,0,0.2048708805288142,0.09713455290403242,0.2048708772294901,17833.33,
L06_001520,333,CASH_OUT,3032.3,C879382200,14801.03,0.0,CASHOUT_L06_000760,0.0,0.0,0,0,L06_000760,LEGITIMATE_TRANSFER_CASHOUT,NONE,1,2,CASH_OUT,3,0.2048708805288142,0.09713455290403242,0.2048708772294901,17833.33,11768.73
L06_001521,280,TRANSFER,14750.73,C1646278631,132340.52,117589.79,C734846466,197055.73,211806.46000000002,0,0,L06_000761,LEGITIMATE_TRANSFER_CASHOUT,NONE,1,1,TRANSFER,0,0.3401033894358362,0.11146042043661307,0.023685632628957586,19767.5,
L06_001522,281,CASH_OUT,5016.77,C734846466,211806.46000000002,0.0,CASHOUT_L06_000761,0.0,0.0,0,0,L06_000761,LEGITIMATE_TRANSFER_CASHOUT,NONE,1,2,CASH_OUT,1,0.3401033894358362,0.11146042043661307,0.023685632628957586,19767.5,206789.69000000003
L06_001523,378,TRANSFER,9367.9,C394277724,74881.0,65513.1,C397063139,756481.33,765849.23,0,0,L06_000762,LEGITIMATE_TRANSFER_CASHOUT,NONE,1,1,TRANSFER,0,0.2462817034370468,0.12510383141250783,0.0030125250631903096,11675.039999999999,
L06_001524,380,CASH_OUT,2307.14,C397063139,765849.23,0.0,CASHOUT_L06_000762,0.0,0.0,0,0,L06_000762,LEGITIMATE_TRANSFER_CASHOUT,NONE,1,2,CASH_OUT,2,0.2462817034370468,0.12510383141250783,0.0030125250631903096,11675.039999999999,763542.09
L06_001525,401,TRANSFER,22044.38,C812985164,152335.0,130290.62,C580477440,0.0,22044.38,0,0,L06_000763,LEGITIMATE_TRANSFER_CASHOUT,NONE,1,1,TRANSFER,0,0.215050273299939,0.14470988282403913,0.2150502758526209,26785.03,
L06_001526,406,CASH_OUT,4740.65,C580477440,22044.38,0.0,CASHOUT_L06_000763,0.0,0.0,0,0,L06_000763,LEGITIMATE_TRANSFER_CASHOUT,NONE,1,2,CASH_OUT,5,0.215050273299939,0.14470988282403913,0.2150502758526209,26785.03,17303.730000000003
L06_001527,276,TRANSFER,10951.62,C1879482804,117352.0,106400.38,C332405538,177870.48,188822.1,0,0,L06_000764,LEGITIMATE_TRANSFER_CASHOUT,NONE,1,1,TRANSFER,0,0.530601202008578,0.09332282364169338,0.030774681565346428,16762.56,
L06_001528,278,CASH_OUT,5810.94,C332405538,188822.1,34831.06,CASHOUT_L06_000764,0.0,0.0,0,0,L06_000764,LEGITIMATE_TRANSFER_CASHOUT,NONE,1,2,CASH_OUT,2,0.530601202008578,0.09332282364169338,0.030774681565346428,16762.56,183011.16
L06_001529,297,TRANSFER,71310.84,C1930661398,882688.93,811378.0900000001,C1842119027,4236763.07,4308073.91,0,0,L06_000765,LEGITIMATE_TRANSFER_CASHOUT,NONE,1,1,TRANSFER,0,0.54987826098662,0.08078818888099117,0.009102044398305134,110523.12,
L06_001530,299,CASH_OUT,39212.28,C1842119027,4308073.91,74098.26,CASHOUT_L06_000765,0.0,0.0,0,0,L06_000765,LEGITIMATE_TRANSFER_CASHOUT,NONE,1,2,CASH_OUT,2,0.54987826098662,0.08078818888099117,0.009102044398305134,110523.12,4268861.63
L06_001531,251,TRANSFER,27305.88,C1795028366,529094.98,501789.1,C66159717,6247467.97,6274773.85,0,0,L06_000766,LEGITIMATE_TRANSFER_CASHOUT,NONE,1,1,TRANSFER,0,0.25999691899413774,0.05160865446124626,0.001131425636957418,34405.32,
L06_001532,256,CASH_OUT,7099.44,C66159717,6274773.85,0.0,CASHOUT_L06_000766,0.0,0.0,0,0,L06_000766,LEGITIMATE_TRANSFER_CASHOUT,NONE,1,2,CASH_OUT,5,0.25999691899413774,0.05160865446124626,0.001131425636957418,34405.32,6267674.409999999
L06_001533,305,TRANSFER,10946.65,C1941620495,166303.0,155356.35,C1808486333,187352.76,198299.41,0,0,L06_000767,LEGITIMATE_TRANSFER_CASHOUT,NONE,1,1,TRANSFER,0,0.27206794044221494,0.06582352693577385,0.015018854569461402,13924.88,
L06_001534,308,CASH_OUT,2978.23,C1808486333,198299.41,0.0,CASHOUT_L06_000767,0.0,0.0,0,0,L06_000767,LEGITIMATE_TRANSFER_CASHOUT,NONE,1,2,CASH_OUT,3,0.27206794044221494,0.06582352693577385,0.015018854569461402,13924.88,195321.18
L06_001535,34,TRANSFER,13112.34,C849618465,105854.0,92741.66,C1159439106,593405.46,606517.7999999999,0,0,L06_000768,LEGITIMATE_TRANSFER_CASHOUT,NONE,1,1,TRANSFER,0,0.272196545972477,0.123871936818637,0.005884625315200973,16681.47,
L06_001536,39,CASH_OUT,3569.13,C1159439106,606517.7999999999,0.0,CASHOUT_L06_000768,0.0,0.0,0,0,L06_000768,LEGITIMATE_TRANSFER_CASHOUT,NONE,1,2,CASH_OUT,5,0.272196545972477,0.123871936818637,0.005884625315200973,16681.47,602948.6699999999
L06_001537,163,TRANSFER,45203.25,C1310171996,503057.0,457853.75,C1655360824,48103.44,93306.69,0,0,L06_000769,LEGITIMATE_TRANSFER_CASHOUT,NONE,1,1,TRANSFER,0,0.23933492847636664,0.08985711360740432,0.11594795614333762,56021.97,
L06_001538,166,CASH_OUT,10818.72,C1655360824,93306.69,162504.9,CASHOUT_L06_000769,0.0,0.0,0,0,L06_000769,LEGITIMATE_TRANSFER_CASHOUT,NONE,1,2,CASH_OUT,3,0.23933492847636664,0.08985711360740432,0.11594795614333762,56021.97,82487.97
L06_001539,17,TRANSFER,51996.29,C1820422148,484431.0,432434.71,C623843443,0.0,51996.29,0,0,L06_000770,LEGITIMATE_TRANSFER_CASHOUT,NONE,1,1,TRANSFER,0,0.3782112790691407,0.10733477007045379,0.37821121468474006,71661.87,
L06_001540,19,CASH_OUT,19665.58,C623843443,51996.29,0.0,CASHOUT_L06_000770,0.0,0.0,0,0,L06_000770,LEGITIMATE_TRANSFER_CASHOUT,NONE,1,2,CASH_OUT,2,0.3782112790691407,0.10733477007045379,0.37821121468474006,71661.87,32330.71
L06_001541,311,TRANSFER,9754.48,C721271831,71927.99,62173.51000000001,C2065342340,3261018.61,3270773.09,0,0,L06_000771,LEGITIMATE_TRANSFER_CASHOUT,NONE,1,1,TRANSFER,0,0.20553177454510338,0.13561452224648568,0.0006129621177725906,11759.34,
L06_001542,312,CASH_OUT,2004.86,C2065342340,3270773.09,0.0,CASHOUT_L06_000771,0.0,0.0,0,0,L06_000771,LEGITIMATE_TRANSFER_CASHOUT,NONE,1,2,CASH_OUT,1,0.20553177454510338,0.13561452224648568,0.0006129621177725906,11759.34,3268768.23
L06_001543,136,TRANSFER,11655.67,C1407018243,81823.0,70167.33,C1767660506,0.0,11655.67,0,0,L06_000772,LEGITIMATE_TRANSFER_CASHOUT,NONE,1,1,TRANSFER,0,0.38397833621818644,0.14244980017843395,0.3839779266228368,16131.19,
L06_001544,141,CASH_OUT,4475.52,C1767660506,11655.67,0.0,CASHOUT_L06_000772,0.0,0.0,0,0,L06_000772,LEGITIMATE_TRANSFER_CASHOUT,NONE,1,2,CASH_OUT,5,0.38397833621818644,0.14244980017843395,0.3839779266228368,16131.19,7180.15
L06_001545,346,TRANSFER,8838.48,C351189353,97289.0,88450.52,C65681049,1063092.12,1071930.6,0,0,L06_000773,LEGITIMATE_TRANSFER_CASHOUT,NONE,1,1,TRANSFER,0,0.6362387025893192,0.09084768062165301,0.005246029920220581,14461.86,
L06_001546,350,CASH_OUT,5623.38,C65681049,1071930.6,0.0,CASHOUT_L06_000773,0.0,0.0,0,0,L06_000773,LEGITIMATE_TRANSFER_CASHOUT,NONE,1,2,CASH_OUT,4,0.6362387025893192,0.09084768062165301,0.005246029920220581,14461.86,1066307.2200000002
L06_001547,307,TRANSFER,10405.52,C897468521,76364.0,65958.48,C523284687,772677.08,783082.6,0,0,L06_000774,LEGITIMATE_TRANSFER_CASHOUT,NONE,1,1,TRANSFER,0,0.2884398710001599,0.13626211303755698,0.003832762980559139,13406.89,
L06_001548,308,CASH_OUT,3001.37,C523284687,783082.6,66850.73,CASHOUT_L06_000774,0.0,0.0,0,0,L06_000774,LEGITIMATE_TRANSFER_CASHOUT,NONE,1,2,CASH_OUT,1,0.2884398710001599,0.13626211303755698,0.003832762980559139,13406.89,780081.23
L06_001549,13,TRANSFER,10836.48,C1595465377,75177.0,64340.520000000004,C1828047633,2318049.89,2328886.37,0,0,L06_000775,LEGITIMATE_TRANSFER_CASHOUT,NONE,1,1,TRANSFER,0,0.4429856463078885,0.14414621493275867,0.002061246981320089,15636.89,
L06_001550,16,CASH_OUT,4800.41,C1828047633,2328886.37,0.0,CASHOUT_L06_000775,0.0,0.0,0,0,L06_000775,LEGITIMATE_TRANSFER_CASHOUT,NONE,1,2,CASH_OUT,3,0.4429856463078885,0.14414621493275867,0.002061246981320089,15636.89,2324085.96
L06_001551,331,TRANSFER,12253.09,C2084860346,120389.0,108135.91,C948905132,21215.09,33468.18,0,0,L06_000776,LEGITIMATE_TRANSFER_CASHOUT,NONE,1,1,TRANSFER,0,0.5055359089963791,0.10177914925782255,0.18508266658061479,18447.47,
L06_001552,334,CASH_OUT,6194.38,C948905132,33468.18,0.0,CASHOUT_L06_000776,0.0,0.0,0,0,L06_000776,LEGITIMATE_TRANSFER_CASHOUT,NONE,1,2,CASH_OUT,3,0.5055359089963791,0.10177914925782255,0.18508266658061479,18447.47,27273.8
L06_001553,283,TRANSFER,9919.62,C975496586,66886.0,56966.38,C408289439,0.0,9919.62,0,0,L06_000777,LEGITIMATE_TRANSFER_CASHOUT,NONE,1,1,TRANSFER,0,0.6324186295367096,0.14830637203600155,0.632418378929838,16192.970000000001,
L06_001554,286,CASH_OUT,6273.35,C408289439,9919.62,0.0,CASHOUT_L06_000777,0.0,0.0,0,0,L06_000777,LEGITIMATE_TRANSFER_CASHOUT,NONE,1,2,CASH_OUT,3,0.6324186295367096,0.14830637203600155,0.632418378929838,16192.970000000001,3646.2700000000004
L06_001555,350,TRANSFER,11065.24,C841443428,101040.0,89974.76,C850401597,0.0,11065.24,0,0,L06_000778,LEGITIMATE_TRANSFER_CASHOUT,NONE,1,1,TRANSFER,0,0.4713955942891078,0.10951346001583531,0.4713960112930221,16281.349999999999,
L06_001556,351,CASH_OUT,5216.11,C850401597,11065.24,0.0,CASHOUT_L06_000778,0.0,0.0,0,0,L06_000778,LEGITIMATE_TRANSFER_CASHOUT,NONE,1,2,CASH_OUT,1,0.4713955942891078,0.10951346001583531,0.4713960112930221,16281.349999999999,5849.13
L06_001557,227,TRANSFER,15714.61,C869549107,280699.7,264985.09,C1768814887,1078572.47,1094287.08,0,0,L06_000779,LEGITIMATE_TRANSFER_CASHOUT,NONE,1,1,TRANSFER,0,0.2068398360342091,0.05598370785576187,0.0029703448568541993,18965.02,
L06_001558,232,CASH_OUT,3250.41,C1768814887,1094287.08,255926.31,CASHOUT_L06_000779,0.0,0.0,0,0,L06_000779,LEGITIMATE_TRANSFER_CASHOUT,NONE,1,2,CASH_OUT,5,0.2068398360342091,0.05598370785576187,0.0029703448568541993,18965.02,1091036.6700000002
L06_001559,286,TRANSFER,9597.3,C787608951,115616.55,106019.25,C177463199,1179599.6,1189196.9000000001,0,0,L06_000780,LEGITIMATE_TRANSFER_CASHOUT,NONE,1,1,TRANSFER,0,0.5122248891714464,0.08300974211736986,0.004133865468367769,14513.279999999999,
L06_001560,287,CASH_OUT,4915.98,C177463199,1189196.9000000001,0.0,CASHOUT_L06_000780,0.0,0.0,0,0,L06_000780,LEGITIMATE_TRANSFER_CASHOUT,NONE,1,2,CASH_OUT,1,0.5122248891714464,0.08300974211736986,0.004133865468367769,14513.279999999999,1184280.9200000002
L06_001561,168,TRANSFER,8723.25,C10526973,78955.59,70232.34,C1116830769,1025073.85,1033797.1,0,0,L06_000781,LEGITIMATE_TRANSFER_CASHOUT,NONE,1,1,TRANSFER,0,0.4829087373972999,0.1104829943009735,0.004074813133060636,12935.779999999999,
L06_001562,172,CASH_OUT,4212.53,C1116830769,1033797.1,0.0,CASHOUT_L06_000781,0.0,0.0,0,0,L06_000781,LEGITIMATE_TRANSFER_CASHOUT,NONE,1,2,CASH_OUT,4,0.4829087373972999,0.1104829943009735,0.004074813133060636,12935.779999999999,1029584.57
L06_001563,305,TRANSFER,21600.3,C2108469196,258709.34,237109.04,C1399516611,1208892.02,1230492.32,0,0,L06_000782,LEGITIMATE_TRANSFER_CASHOUT,NONE,1,1,TRANSFER,0,0.6479493044297202,0.08349254031570719,0.011374227837521162,35596.2,
L06_001564,306,CASH_OUT,13995.9,C1399516611,1230492.32,0.0,CASHOUT_L06_000782,0.0,0.0,0,0,L06_000782,LEGITIMATE_TRANSFER_CASHOUT,NONE,1,2,CASH_OUT,1,0.6479493044297202,0.08349254031570719,0.011374227837521162,35596.2,1216496.4200000002
L06_001565,159,TRANSFER,23603.43,C1339483909,184706.0,161102.57,C967077402,362081.08,385684.51,0,0,L06_000783,LEGITIMATE_TRANSFER_CASHOUT,NONE,1,1,TRANSFER,0,0.3926531536731006,0.12778918930624886,0.02402989946368341,32871.39,
L06_001566,163,CASH_OUT,9267.96,C967077402,385684.51,0.0,CASHOUT_L06_000783,0.0,0.0,0,0,L06_000783,LEGITIMATE_TRANSFER_CASHOUT,NONE,1,2,CASH_OUT,4,0.3926531536731006,0.12778918930624886,0.02402989946368341,32871.39,376416.55
L06_001567,41,TRANSFER,8984.21,C707963612,69387.99,60403.780000000006,C1204196559,1216325.04,1225309.25,0,0,L06_000784,LEGITIMATE_TRANSFER_CASHOUT,NONE,1,1,TRANSFER,0,0.6013536417491554,0.12947788226752208,0.0044092460740013184,14386.899999999998,
L06_001568,46,CASH_OUT,5402.69,C1204196559,1225309.25,0.0,CASHOUT_L06_000784,0.0,0.0,0,0,L06_000784,LEGITIMATE_TRANSFER_CASHOUT,NONE,1,2,CASH_OUT,5,0.6013536417491554,0.12947788226752208,0.0044092460740013184,14386.899999999998,1219906.56
L06_001569,393,TRANSFER,8701.7,C457087064,59048.0,50346.3,C1946156441,443916.1,452617.8,0,0,L06_000785,LEGITIMATE_TRANSFER_CASHOUT,NONE,1,1,TRANSFER,0,0.4951287074926438,0.14736654924806938,0.009518980473149754,13010.16,
L06_001570,395,CASH_OUT,4308.46,C1946156441,452617.8,0.0,CASHOUT_L06_000785,0.0,0.0,0,0,L06_000785,LEGITIMATE_TRANSFER_CASHOUT,NONE,1,2,CASH_OUT,2,0.4951287074926438,0.14736654924806938,0.009518980473149754,13010.16,448309.33999999997
L06_001571,309,TRANSFER,8874.19,C546739890,133958.59,125084.4,C527545634,2113223.2,2122097.39,0,0,L06_000786,LEGITIMATE_TRANSFER_CASHOUT,NONE,1,1,TRANSFER,0,0.27668720330949537,0.06624577042801064,0.0011570486875722512,11329.560000000001,
L06_001572,314,CASH_OUT,2455.37,C527545634,2122097.39,0.0,CASHOUT_L06_000786,0.0,0.0,0,0,L06_000786,LEGITIMATE_TRANSFER_CASHOUT,NONE,1,2,CASH_OUT,5,0.27668720330949537,0.06624577042801064,0.0011570486875722512,11329.560000000001,2119642.02
L06_001573,34,TRANSFER,15103.47,C2147308005,146645.0,131541.53,C52320709,28988.64,44092.11,0,0,L06_000787,LEGITIMATE_TRANSFER_CASHOUT,NONE,1,1,TRANSFER,0,0.38453879372518196,0.10299341948242353,0.1317212988899828,20911.34,
L06_001574,37,CASH_OUT,5807.87,C52320709,44092.11,0.0,CASHOUT_L06_000787,0.0,0.0,0,0,L06_000787,LEGITIMATE_TRANSFER_CASHOUT,NONE,1,2,CASH_OUT,3,0.38453879372518196,0.10299341948242353,0.1317212988899828,20911.34,38284.24
L06_001575,39,TRANSFER,9251.62,C1525637441,62893.0,53641.38,C698374836,434755.31,444006.93,0,0,L06_000788,LEGITIMATE_TRANSFER_CASHOUT,NONE,1,1,TRANSFER,0,0.5438848313002628,0.147100949231234,0.011332751045124453,14283.44,
L06_001576,40,CASH_OUT,5031.82,C698374836,444006.93,0.0,CASHOUT_L06_000788,0.0,0.0,0,0,L06_000788,LEGITIMATE_TRANSFER_CASHOUT,NONE,1,2,CASH_OUT,1,0.5438848313002628,0.147100949231234,0.011332751045124453,14283.44,438975.11
L06_001577,36,TRANSFER,9619.06,C620242906,65931.24,56312.18000000001,C439051693,1535260.59,1544879.6500000001,0,0,L06_000789,LEGITIMATE_TRANSFER_CASHOUT,NONE,1,1,TRANSFER,0,0.6193611989760028,0.14589532974049932,0.0038563974870146032,15576.73,
L06_001578,41,CASH_OUT,5957.67,C439051693,1544879.6500000001,0.0,CASHOUT_L06_000789,0.0,0.0,0,0,L06_000789,LEGITIMATE_TRANSFER_CASHOUT,NONE,1,2,CASH_OUT,5,0.6193611989760028,0.14589532974049932,0.0038563974870146032,15576.73,1538921.9800000002
L06_001579,235,TRANSFER,66701.26,C1244597952,539617.74,472916.48,C886023603,939003.5,1005704.76,0,0,L06_000790,LEGITIMATE_TRANSFER_CASHOUT,NONE,1,1,TRANSFER,0,0.6277231862752337,0.12360835283139504,0.041632426995771604,108571.19,
L06_001580,237,CASH_OUT,41869.93,C886023603,1005704.76,0.0,CASHOUT_L06_000790,0.0,0.0,0,0,L06_000790,LEGITIMATE_TRANSFER_CASHOUT,NONE,1,2,CASH_OUT,2,0.6277231862752337,0.12360835283139504,0.041632426995771604,108571.19,963834.83
L06_001581,349,TRANSFER,19414.3,C466506100,227138.0,207723.7,C520718230,0.0,19414.3,0,0,L06_000791,LEGITIMATE_TRANSFER_CASHOUT,NONE,1,1,TRANSFER,0,0.6231980622720157,0.08547358874340709,0.6231978490082054,31513.25,
L06_001582,352,CASH_OUT,12098.95,C520718230,19414.3,0.0,CASHOUT_L06_000791,0.0,0.0,0,0,L06_000791,LEGITIMATE_TRANSFER_CASHOUT,NONE,1,2,CASH_OUT,3,0.6231980622720157,0.08547358874340709,0.6231978490082054,31513.25,7315.3499999999985
L06_001583,141,TRANSFER,18519.09,C744721169,546293.0,527773.91,C1696114576,5943197.88,5961716.97,0,0,L06_000792,LEGITIMATE_TRANSFER_CASHOUT,NONE,1,1,TRANSFER,0,0.26317813609383045,0.033899555732912555,0.0008175195207229034,23392.91,
L06_001584,146,CASH_OUT,4873.82,C1696114576,5961716.97,0.0,CASHOUT_L06_000792,0.0,0.0,0,0,L06_000792,LEGITIMATE_TRANSFER_CASHOUT,NONE,1,2,CASH_OUT,5,0.26317813609383045,0.033899555732912555,0.0008175195207229034,23392.91,5956843.149999999
L06_001585,373,TRANSFER,30866.53,C18613596,240673.67,209807.14,C1912426875,5919067.12,5949933.65,0,0,L06_000793,LEGITIMATE_TRANSFER_CASHOUT,NONE,1,1,TRANSFER,0,0.4412315210342247,0.12825054772298106,0.002288981827553657,44485.82,
L06_001586,377,CASH_OUT,13619.29,C1912426875,5949933.65,0.0,CASHOUT_L06_000793,0.0,0.0,0,0,L06_000793,LEGITIMATE_TRANSFER_CASHOUT,NONE,1,2,CASH_OUT,4,0.4412315210342247,0.12825054772298106,0.002288981827553657,44485.82,5936314.36
L06_001587,403,TRANSFER,10321.08,C555680234,70156.0,59834.92,C937633230,0.0,10321.08,0,0,L06_000794,LEGITIMATE_TRANSFER_CASHOUT,NONE,1,1,TRANSFER,0,0.45804331174972623,0.1471161411711044,0.45804315052300726,15048.58,
L06_001588,406,CASH_OUT,4727.5,C937633230,10321.08,0.0,CASHOUT_L06_000794,0.0,0.0,0,0,L06_000794,LEGITIMATE_TRANSFER_CASHOUT,NONE,1,2,CASH_OUT,3,0.45804331174972623,0.1471161411711044,0.45804315052300726,15048.58,5593.58
L06_001589,179,TRANSFER,12465.74,C1329350024,182415.0,169949.26,C761008998,221913.28,234379.02,0,0,L06_000795,LEGITIMATE_TRANSFER_CASHOUT,NONE,1,1,TRANSFER,0,0.430291242316171,0.06833725296713537,0.022885580799851455,17829.64,
L06_001590,180,CASH_OUT,5363.9,C761008998,234379.02,0.0,CASHOUT_L06_000795,0.0,0.0,0,0,L06_000795,LEGITIMATE_TRANSFER_CASHOUT,NONE,1,2,CASH_OUT,1,0.430291242316171,0.06833725296713537,0.022885580799851455,17829.64,229015.12
L06_001591,307,TRANSFER,17952.74,C1052919337,185100.0,167147.26,C1059332836,0.0,17952.74,0,0,L06_000796,LEGITIMATE_TRANSFER_CASHOUT,NONE,1,1,TRANSFER,0,0.3661274960455134,0.09698941112911941,0.36612739893743235,24525.730000000003,
L06_001592,308,CASH_OUT,6572.99,C1059332836,17952.74,0.0,CASHOUT_L06_000796,0.0,0.0,0,0,L06_000796,LEGITIMATE_TRANSFER_CASHOUT,NONE,1,2,CASH_OUT,1,0.3661274960455134,0.09698941112911941,0.36612739893743235,24525.730000000003,11379.750000000002
L06_001593,194,TRANSFER,9433.08,C558759737,80084.0,70650.92,C1850201244,960568.91,970001.99,0,0,L06_000797,LEGITIMATE_TRANSFER_CASHOUT,NONE,1,1,TRANSFER,0,0.2389557493337699,0.11778982068827731,0.002323799356329156,11687.17,
L06_001594,198,CASH_OUT,2254.09,C1850201244,970001.99,0.0,CASHOUT_L06_000797,0.0,0.0,0,0,L06_000797,LEGITIMATE_TRANSFER_CASHOUT,NONE,1,2,CASH_OUT,4,0.2389557493337699,0.11778982068827731,0.002323799356329156,11687.17,967747.9
L06_001595,328,TRANSFER,39707.77,C680107574,303489.37,263781.6,C1139984802,936049.63,975757.4,0,0,L06_000798,LEGITIMATE_TRANSFER_CASHOUT,NONE,1,1,TRANSFER,0,0.4195773071526163,0.1308374326257292,0.017074408044458592,56368.25,
L06_001596,331,CASH_OUT,16660.48,C1139984802,975757.4,0.0,CASHOUT_L06_000798,0.0,0.0,0,0,L06_000798,LEGITIMATE_TRANSFER_CASHOUT,NONE,1,2,CASH_OUT,3,0.4195773071526163,0.1308374326257292,0.017074408044458592,56368.25,959096.92
L06_001597,208,TRANSFER,9049.32,C45439304,62563.0,53513.68,C272415489,1250968.04,1260017.36,0,0,L06_000799,LEGITIMATE_TRANSFER_CASHOUT,NONE,1,1,TRANSFER,0,0.4285282320690998,0.14464331953390983,0.0030776480730392475,12927.21,
L06_001598,212,CASH_OUT,3877.89,C272415489,1260017.36,37024.49,CASHOUT_L06_000799,0.0,0.0,0,0,L06_000799,LEGITIMATE_TRANSFER_CASHOUT,NONE,1,2,CASH_OUT,4,0.4285282320690998,0.14464331953390983,0.0030776480730392475,12927.21,1256139.4700000002
L06_001599,306,TRANSFER,13874.55,C849689266,103683.0,89808.45,C1197176532,127272.85,141147.4,0,0,L06_000800,LEGITIMATE_TRANSFER_CASHOUT,NONE,1,1,TRANSFER,0,0.2642474558832509,0.1338170191834727,0.02597504452791904,17540.86,
L06_001600,309,CASH_OUT,3666.31,C1197176532,141147.4,88089.62,CASHOUT_L06_000800,0.0,0.0,0,0,L06_000800,LEGITIMATE_TRANSFER_CASHOUT,NONE,1,2,CASH_OUT,3,0.2642474558832509,0.1338170191834727,0.02597504452791904,17540.86,137481.09
L06_001601,138,TRANSFER,37131.22,C1693347472,594818.0,557686.78,C1520921954,1051305.94,1088437.16,0,0,L06_000801,LEGITIMATE_TRANSFER_CASHOUT,NONE,1,1,TRANSFER,0,0.24739370693410379,0.06242450631958011,0.00843965121514227,46317.25,
L06_001602,141,CASH_OUT,9186.03,C1520921954,1088437.16,580981.22,CASHOUT_L06_000801,0.0,0.0,0,0,L06_000801,LEGITIMATE_TRANSFER_CASHOUT,NONE,1,2,CASH_OUT,3,0.24739370693410379,0.06242450631958011,0.00843965121514227,46317.25,1079251.13
L06_001603,276,TRANSFER,12888.46,C234809833,99424.0,86535.54000000001,C1455920020,1307997.22,1320885.68,0,0,L06_000802,LEGITIMATE_TRANSFER_CASHOUT,NONE,1,1,TRANSFER,0,0.6043107029606163,0.1296312761506276,0.005896520885895288,20677.09,
L06_001604,278,CASH_OUT,7788.63,C1455920020,1320885.68,0.0,CASHOUT_L06_000802,0.0,0.0,0,0,L06_000802,LEGITIMATE_TRANSFER_CASHOUT,NONE,1,2,CASH_OUT,2,0.6043107029606163,0.1296312761506276,0.005896520885895288,20677.09,1313097.05
L06_001605,303,TRANSFER,25385.37,C1879192857,201136.0,175750.63,C1998746031,0.0,25385.37,0,0,L06_000803,LEGITIMATE_TRANSFER_CASHOUT,NONE,1,1,TRANSFER,0,0.2307805371072508,0.12620997732877257,0.23078056376566503,31243.82,
L06_001606,307,CASH_OUT,5858.45,C1998746031,25385.37,0.0,CASHOUT_L06_000803,0.0,0.0,0,0,L06_000803,LEGITIMATE_TRANSFER_CASHOUT,NONE,1,2,CASH_OUT,4,0.2307805371072508,0.12620997732877257,0.23078056376566503,31243.82,19526.92
L06_001607,274,TRANSFER,12615.62,C1753270071,100493.0,87877.38,C1913216838,150009.11,162624.72999999998,0,0,L06_000804,LEGITIMATE_TRANSFER_CASHOUT,NONE,1,1,TRANSFER,0,0.6216919987806508,0.12553730110554964,0.04822778183859245,20458.65,
L06_001608,276,CASH_OUT,7843.03,C1913216838,162624.72999999998,0.0,CASHOUT_L06_000804,0.0,0.0,0,0,L06_000804,LEGITIMATE_TRANSFER_CASHOUT,NONE,1,2,CASH_OUT,2,0.6216919987806508,0.12553730110554964,0.04822778183859245,20458.65,154781.69999999998
L06_001609,13,TRANSFER,11854.65,C1051539349,96122.0,84267.35,C663849932,0.0,11854.65,0,0,L06_000805,LEGITIMATE_TRANSFER_CASHOUT,NONE,1,1,TRANSFER,0,0.24456222757514845,0.12332920663323692,0.2445622603788387,14753.849999999999,
L06_001610,14,CASH_OUT,2899.2,C663849932,11854.65,0.0,CASHOUT_L06_000805,0.0,0.0,0,0,L06_000805,LEGITIMATE_TRANSFER_CASHOUT,NONE,1,2,CASH_OUT,1,0.24456222757514845,0.12332920663323692,0.2445622603788387,14753.849999999999,8955.45
L06_001611,381,TRANSFER,12850.21,C389480584,169603.0,156752.79,C350817510,314025.29,326875.5,0,0,L06_000806,LEGITIMATE_TRANSFER_CASHOUT,NONE,1,1,TRANSFER,0,0.28511374328171535,0.07576640743383077,0.011208457042513128,16513.98,
L06_001612,386,CASH_OUT,3663.77,C350817510,326875.5,24406.53,CASHOUT_L06_000806,0.0,0.0,0,0,L06_000806,LEGITIMATE_TRANSFER_CASHOUT,NONE,1,2,CASH_OUT,5,0.28511374328171535,0.07576640743383077,0.011208457042513128,16513.98,323211.73
L06_001613,185,TRANSFER,25787.85,C1146635853,200933.0,175145.15,C1010702979,0.0,25787.85,0,0,L06_000807,LEGITIMATE_TRANSFER_CASHOUT,NONE,1,1,TRANSFER,0,0.21099653374227353,0.128340541374488,0.21099665152387656,31229.0,
L06_001614,186,CASH_OUT,5441.15,C1010702979,25787.85,0.0,CASHOUT_L06_000807,0.0,0.0,0,0,L06_000807,LEGITIMATE_TRANSFER_CASHOUT,NONE,1,2,CASH_OUT,1,0.21099653374227353,0.128340541374488,0.21099665152387656,31229.0,20346.699999999997
L06_001615,356,TRANSFER,16673.03,C1984957464,205897.0,189223.97,C2080652562,138547.49,155220.52,0,0,L06_000808,LEGITIMATE_TRANSFER_CASHOUT,NONE,1,1,TRANSFER,0,0.5937949994783085,0.08097752759875082,0.06378254627674228,26573.39,
L06_001616,360,CASH_OUT,9900.36,C2080652562,155220.52,0.0,CASHOUT_L06_000808,0.0,0.0,0,0,L06_000808,LEGITIMATE_TRANSFER_CASHOUT,NONE,1,2,CASH_OUT,4,0.5937949994783085,0.08097752759875082,0.06378254627674228,26573.39,145320.15999999997
L06_001617,283,TRANSFER,41487.55,C1670735681,334550.86,293063.31,C1031024954,3506346.6,3547834.15,0,0,L06_000809,LEGITIMATE_TRANSFER_CASHOUT,NONE,1,1,TRANSFER,0,0.3597317271073833,0.1240096946694443,0.00420661997404811,56411.94,
L06_001618,285,CASH_OUT,14924.39,C1031024954,3547834.15,149743.28,CASHOUT_L06_000809,0.0,0.0,0,0,L06_000809,LEGITIMATE_TRANSFER_CASHOUT,NONE,1,2,CASH_OUT,2,0.3597317271073833,0.1240096946694443,0.00420661997404811,56411.94,3532909.76
L06_001619,8,TRANSFER,9887.21,C241339595,79816.0,69928.79000000001,C1581067516,0.0,9887.21,0,0,L06_000810,LEGITIMATE_TRANSFER_CASHOUT,NONE,1,1,TRANSFER,0,0.418686399266905,0.12387503758644883,0.4186863634938472,14026.849999999999,
L06_001620,11,CASH_OUT,4139.64,C1581067516,9887.21,0.0,CASHOUT_L06_000810,0.0,0.0,0,0,L06_000810,LEGITIMATE_TRANSFER_CASHOUT,NONE,1,2,CASH_OUT,3,0.418686399266905,0.12387503758644883,0.4186863634938472,14026.849999999999,5747.569999999999
L06_001621,709,TRANSFER,8879.55,C1882594860,59878.0,50998.45,C540450642,472146.96,481026.51,0,0,L06_000811,LEGITIMATE_TRANSFER_CASHOUT,NONE,1,1,TRANSFER,0,0.2632699950181339,0.14829403119676673,0.004859856892294771,11217.269999999999,
L06_001622,714,CASH_OUT,2337.72,C540450642,481026.51,0.0,CASHOUT_L06_000811,0.0,0.0,0,0,L06_000811,LEGITIMATE_TRANSFER_CASHOUT,NONE,1,2,CASH_OUT,5,0.2632699950181339,0.14829403119676673,0.004859856892294771,11217.269999999999,478688.79000000004
L06_001623,351,TRANSFER,23964.52,C1025940945,266851.0,242886.48,C354856795,42546.01,66510.53,0,0,L06_000812,LEGITIMATE_TRANSFER_CASHOUT,NONE,1,1,TRANSFER,0,0.5213388357374326,0.08980487238196597,0.1878443909558381,36458.15,
L06_001624,356,CASH_OUT,12493.63,C354856795,66510.53,0.0,CASHOUT_L06_000812,0.0,0.0,0,0,L06_000812,LEGITIMATE_TRANSFER_CASHOUT,NONE,1,2,CASH_OUT,5,0.5213388357374326,0.08980487238196597,0.1878443909558381,36458.15,54016.9
L06_001625,403,TRANSFER,9061.67,C1213082082,79948.0,70886.33,C2033263208,474767.87,483829.54,0,0,L06_000813,LEGITIMATE_TRANSFER_CASHOUT,NONE,1,1,TRANSFER,0,0.46994167946936577,0.11334454895682193,0.008801570900362966,13320.130000000001,
L06_001626,407,CASH_OUT,4258.46,C2033263208,483829.54,0.0,CASHOUT_L06_000813,0.0,0.0,0,0,L06_000813,LEGITIMATE_TRANSFER_CASHOUT,NONE,1,2,CASH_OUT,4,0.46994167946936577,0.11334454895682193,0.008801570900362966,13320.130000000001,479571.07999999996
L06_001627,209,TRANSFER,29124.39,C1059818430,280499.0,251374.61,C1830823146,1040944.03,1070068.42,0,0,L06_000814,LEGITIMATE_TRANSFER_CASHOUT,NONE,1,1,TRANSFER,0,0.3272347183811561,0.10383063754237983,0.008906449178268433,38654.9,
L06_001628,210,CASH_OUT,9530.51,C1830823146,1070068.42,0.0,CASHOUT_L06_000814,0.0,0.0,0,0,L06_000814,LEGITIMATE_TRANSFER_CASHOUT,NONE,1,2,CASH_OUT,1,0.3272347183811561,0.10383063754237983,0.008906449178268433,38654.9,1060537.91
L06_001629,157,TRANSFER,19689.28,C2085262728,150304.0,130614.72,C244202060,2803.48,22492.76,0,0,L06_000815,LEGITIMATE_TRANSFER_CASHOUT,NONE,1,1,TRANSFER,0,0.6148442961557172,0.1309963806685118,0.5382105175176368,31795.12,
L06_001630,160,CASH_OUT,12105.84,C244202060,22492.76,106195.21,CASHOUT_L06_000815,0.0,0.0,0,0,L06_000815,LEGITIMATE_TRANSFER_CASHOUT,NONE,1,2,CASH_OUT,3,0.6148442961557172,0.1309963806685118,0.5382105175176368,31795.12,10386.919999999998
L06_001631,225,TRANSFER,8842.3,C1049056677,69452.0,60609.7,C49148547,127455.2,136297.5,0,0,L06_000816,LEGITIMATE_TRANSFER_CASHOUT,NONE,1,1,TRANSFER,0,0.5642696996506265,0.12731526809883084,0.03660698105247712,13831.739999999998,
L06_001632,226,CASH_OUT,4989.44,C49148547,136297.5,0.0,CASHOUT_L06_000816,0.0,0.0,0,0,L06_000816,LEGITIMATE_TRANSFER_CASHOUT,NONE,1,2,CASH_OUT,1,0.5642696996506265,0.12731526809883084,0.03660698105247712,13831.739999999998,131308.06
L06_001633,18,TRANSFER,29215.87,C243940038,844205.38,814989.51,C967364857,833163.05,862378.92,0,0,L06_000817,LEGITIMATE_TRANSFER_CASHOUT,NONE,1,1,TRANSFER,0,0.40674580464846277,0.0346075382746317,0.013779824302755452,41099.3,
L06_001634,23,CASH_OUT,11883.43,C967364857,862378.92,646905.57,CASHOUT_L06_000817,0.0,0.0,0,0,L06_000817,LEGITIMATE_TRANSFER_CASHOUT,NONE,1,2,CASH_OUT,5,0.40674580464846277,0.0346075382746317,0.013779824302755452,41099.3,850495.49
L06_001635,34,TRANSFER,12102.4,C1541743580,88717.56,76615.16,C477490247,917957.88,930060.28,0,0,L06_000818,LEGITIMATE_TRANSFER_CASHOUT,NONE,1,1,TRANSFER,0,0.36680866668686474,0.13641493296253865,0.004773099223203038,16541.67,
L06_001636,36,CASH_OUT,4439.27,C477490247,930060.28,0.0,CASHOUT_L06_000818,0.0,0.0,0,0,L06_000818,LEGITIMATE_TRANSFER_CASHOUT,NONE,1,2,CASH_OUT,2,0.36680866668686474,0.13641493296253865,0.004773099223203038,16541.67,925621.01
L06_001637,337,TRANSFER,29659.8,C1500508293,203390.0,173730.2,C364449717,439059.46,468719.26,0,0,L06_000819,LEGITIMATE_TRANSFER_CASHOUT,NONE,1,1,TRANSFER,0,0.5419381648385816,0.1458272284773096,0.03429297955454188,45733.58,
L06_001638,338,CASH_OUT,16073.78,C364449717,468719.26,40512.09,CASHOUT_L06_000819,0.0,0.0,0,0,L06_000819,LEGITIMATE_TRANSFER_CASHOUT,NONE,1,2,CASH_OUT,1,0.5419381648385816,0.1458272284773096,0.03429297955454188,45733.58,452645.48
L06_001639,303,TRANSFER,15154.03,C1879192857,201136.0,185981.97,C1998746031,0.0,15154.03,0,0,L06_000820,LEGITIMATE_TRANSFER_CASHOUT,NONE,1,1,TRANSFER,0,0.2979382997754743,0.07534220626839552,0.2979385681564574,19669.0,
L06_001640,304,CASH_OUT,4514.97,C1998746031,15154.03,0.0,CASHOUT_L06_000820,0.0,0.0,0,0,L06_000820,LEGITIMATE_TRANSFER_CASHOUT,NONE,1,2,CASH_OUT,1,0.2979382997754743,0.07534220626839552,0.2979385681564574,19669.0,10639.060000000001
L06_001641,351,TRANSFER,14373.83,C1994591616,436988.83,422615.0,C788721286,84623.88,98997.71,0,0,L06_000821,LEGITIMATE_TRANSFER_CASHOUT,NONE,1,1,TRANSFER,0,0.5149236128810066,0.0328929002601737,0.07476354756084762,21775.25,
L06_001642,354,CASH_OUT,7401.42,C788721286,98997.71,378351.07,CASHOUT_L06_000821,0.0,0.0,0,0,L06_000821,LEGITIMATE_TRANSFER_CASHOUT,NONE,1,2,CASH_OUT,3,0.5149236128810066,0.0328929002601737,0.07476354756084762,21775.25,91596.29000000001
L06_001643,284,TRANSFER,12981.96,C189264837,107951.0,94969.04000000001,C901547522,70000.82,82982.78,0,0,L06_000822,LEGITIMATE_TRANSFER_CASHOUT,NONE,1,1,TRANSFER,0,0.49191304097982763,0.12025789478559716,0.07695572503114502,19367.96,
L06_001644,287,CASH_OUT,6386.0,C901547522,82982.78,0.0,CASHOUT_L06_000822,0.0,0.0,0,0,L06_000822,LEGITIMATE_TRANSFER_CASHOUT,NONE,1,2,CASH_OUT,3,0.49191304097982763,0.12025789478559716,0.07695572503114502,19367.96,76596.78
L06_001645,237,TRANSFER,9428.06,C1498534924,67655.28,58227.22,C1423983240,10649092.4,10658520.46,0,0,L06_000823,LEGITIMATE_TRANSFER_CASHOUT,NONE,1,1,TRANSFER,0,0.4587794351871374,0.13935438594001828,0.00040581617460253006,13753.46,
L06_001646,238,CASH_OUT,4325.4,C1423983240,10658520.46,0.0,CASHOUT_L06_000823,0.0,0.0,0,0,L06_000823,LEGITIMATE_TRANSFER_CASHOUT,NONE,1,2,CASH_OUT,1,0.4587794351871374,0.13935438594001828,0.00040581617460253006,13753.46,10654195.06
L06_001647,307,TRANSFER,38308.93,C295711120,269779.25,231470.32,C185944487,279835.49,318144.42,0,0,L06_000824,LEGITIMATE_TRANSFER_CASHOUT,NONE,1,1,TRANSFER,0,0.39063643075170684,0.14200102491203456,0.04703794584861806,53273.79,
L06_001648,312,CASH_OUT,14964.86,C185944487,318144.42,33220.93,CASHOUT_L06_000824,0.0,0.0,0,0,L06_000824,LEGITIMATE_TRANSFER_CASHOUT,NONE,1,2,CASH_OUT,5,0.39063643075170684,0.14200102491203456,0.04703794584861806,53273.79,303179.56
L06_001649,231,TRANSFER,66352.9,C1664571435,649628.0,583275.1,C1036221089,206595.29,272948.19,0,0,L06_000825,LEGITIMATE_TRANSFER_CASHOUT,NONE,1,1,TRANSFER,0,0.4365799210608151,0.10213984003152572,0.10613127714823828,95321.23999999999,
L06_001650,234,CASH_OUT,28968.34,C1036221089,272948.19,0.0,CASHOUT_L06_000825,0.0,0.0,0,0,L06_000825,LEGITIMATE_TRANSFER_CASHOUT,NONE,1,2,CASH_OUT,3,0.4365799210608151,0.10213984003152572,0.10613127714823828,95321.23999999999,243979.85
L06_001651,205,TRANSFER,12585.78,C193813106,87358.55,74772.77,C98640307,652847.01,665432.79,0,0,L06_000826,LEGITIMATE_TRANSFER_CASHOUT,NONE,1,1,TRANSFER,0,0.5922440127771473,0.14407038578364684,0.011201506917024633,20039.63,
L06_001652,209,CASH_OUT,7453.85,C98640307,665432.79,0.0,CASHOUT_L06_000826,0.0,0.0,0,0,L06_000826,LEGITIMATE_TRANSFER_CASHOUT,NONE,1,2,CASH_OUT,4,0.5922440127771473,0.14407038578364684,0.011201506917024633,20039.63,657978.9400000001
L06_001653,37,TRANSFER,17143.05,C417785532,213610.0,196466.95,C1649652022,16186.0,33329.05,0,0,L06_000827,LEGITIMATE_TRANSFER_CASHOUT,NONE,1,1,TRANSFER,0,0.36897298402307677,0.08025396751088432,0.18978398724236062,23468.37,
L06_001654,40,CASH_OUT,6325.32,C1649652022,33329.05,0.0,CASHOUT_L06_000827,0.0,0.0,0,0,L06_000827,LEGITIMATE_TRANSFER_CASHOUT,NONE,1,2,CASH_OUT,3,0.36897298402307677,0.08025396751088432,0.18978398724236062,23468.37,27003.730000000003
L06_001655,182,TRANSFER,12532.69,C1126200677,85160.0,72627.31,C2021483140,0.0,12532.69,0,0,L06_000828,LEGITIMATE_TRANSFER_CASHOUT,NONE,1,1,TRANSFER,0,0.48842165373367274,0.14716639267261625,0.488421879101773,18653.93,
L06_001656,187,CASH_OUT,6121.24,C2021483140,12532.69,0.0,CASHOUT_L06_000828,0.0,0.0,0,0,L06_000828,LEGITIMATE_TRANSFER_CASHOUT,NONE,1,2,CASH_OUT,5,0.48842165373367274,0.14716639267261625,0.488421879101773,18653.93,6411.450000000001
L06_001657,369,TRANSFER,15361.24,C1785053239,155647.0,140285.76,C949358907,105132.13,120493.37000000001,0,0,L06_000829,LEGITIMATE_TRANSFER_CASHOUT,NONE,1,1,TRANSFER,0,0.5222521757772554,0.09869281129735877,0.06657992883757836,23383.68,
L06_001658,373,CASH_OUT,8022.44,C949358907,120493.37000000001,0.0,CASHOUT_L06_000829,0.0,0.0,0,0,L06_000829,LEGITIMATE_TRANSFER_CASHOUT,NONE,1,2,CASH_OUT,4,0.5222521757772554,0.09869281129735877,0.06657992883757836,23383.68,112470.93000000001
L06_001659,180,TRANSFER,14464.7,C1551937366,100578.0,86113.3,C1290441960,5526622.89,5541087.59,0,0,L06_000830,LEGITIMATE_TRANSFER_CASHOUT,NONE,1,1,TRANSFER,0,0.5024650377966012,0.14381574499393507,0.0013116576632205882,21732.71,
L06_001660,184,CASH_OUT,7268.01,C1290441960,5541087.59,0.0,CASHOUT_L06_000830,0.0,0.0,0,0,L06_000830,LEGITIMATE_TRANSFER_CASHOUT,NONE,1,2,CASH_OUT,4,0.5024650377966012,0.14381574499393507,0.0013116576632205882,21732.71,5533819.58
L06_001661,347,TRANSFER,8926.24,C1028136013,59756.0,50829.76,C2121282927,5373337.0,5382263.24,0,0,L06_000831,LEGITIMATE_TRANSFER_CASHOUT,NONE,1,1,TRANSFER,0,0.4327983891991909,0.1493781377602249,0.0007177761153131559,12789.5,
L06_001662,349,CASH_OUT,3863.26,C2121282927,5382263.24,0.0,CASHOUT_L06_000831,0.0,0.0,0,0,L06_000831,LEGITIMATE_TRANSFER_CASHOUT,NONE,1,2,CASH_OUT,2,0.4327983891991909,0.1493781377602249,0.0007177761153131559,12789.5,5378399.98
L06_001663,17,TRANSFER,33623.9,C1820422148,484431.0,450807.1,C623843443,0.0,33623.9,0,0,L06_000832,LEGITIMATE_TRANSFER_CASHOUT,NONE,1,1,TRANSFER,0,0.3198685803305227,0.06940905928811328,0.3198686053670157,44379.130000000005,
L06_001664,22,CASH_OUT,10755.23,C623843443,33623.9,0.0,CASHOUT_L06_000832,0.0,0.0,0,0,L06_000832,LEGITIMATE_TRANSFER_CASHOUT,NONE,1,2,CASH_OUT,5,0.3198685803305227,0.06940905928811328,0.3198686053670157,44379.130000000005,22868.670000000002
L06_001665,138,TRANSFER,10622.28,C1168019153,129397.61,118775.33,C213991548,1603294.1,1613916.3800000001,0,0,L06_000833,LEGITIMATE_TRANSFER_CASHOUT,NONE,1,1,TRANSFER,0,0.3171644813877287,0.08209023335129606,0.0020874749409259975,13991.29,
L06_001666,142,CASH_OUT,3369.01,C213991548,1613916.3800000001,0.0,CASHOUT_L06_000833,0.0,0.0,0,0,L06_000833,LEGITIMATE_TRANSFER_CASHOUT,NONE,1,2,CASH_OUT,4,0.3171644813877287,0.08209023335129606,0.0020874749409259975,13991.29,1610547.37
L06_001667,348,TRANSFER,20152.69,C1507686926,205775.0,185622.31,C1559435405,0.0,20152.69,0,0,L06_000834,LEGITIMATE_TRANSFER_CASHOUT,NONE,1,1,TRANSFER,0,0.2073974332348308,0.09793556068521443,0.20739762284836416,24332.309999999998,
L06_001668,349,CASH_OUT,4179.62,C1559435405,20152.69,0.0,CASHOUT_L06_000834,0.0,0.0,0,0,L06_000834,LEGITIMATE_TRANSFER_CASHOUT,NONE,1,2,CASH_OUT,1,0.2073974332348308,0.09793556068521443,0.20739762284836416,24332.309999999998,15973.07
L06_001669,379,TRANSFER,12054.52,C423757114,212102.14,200047.62000000002,C386794230,1377489.37,1389543.8900000001,0,0,L06_000835,LEGITIMATE_TRANSFER_CASHOUT,NONE,1,1,TRANSFER,0,0.6180757756832316,0.056833561415269074,0.005361910518709847,19505.13,
L06_001670,383,CASH_OUT,7450.61,C386794230,1389543.8900000001,0.0,CASHOUT_L06_000835,0.0,0.0,0,0,L06_000835,LEGITIMATE_TRANSFER_CASHOUT,NONE,1,2,CASH_OUT,4,0.6180757756832316,0.056833561415269074,0.005361910518709847,19505.13,1382093.28
L06_001671,404,TRANSFER,16542.59,C1362632590,532111.72,515569.12999999995,C1056951568,1394124.8,1410667.3900000001,0,0,L06_000836,LEGITIMATE_TRANSFER_CASHOUT,NONE,1,1,TRANSFER,0,0.20733217119700206,0.0310885653862313,0.0024313385453675227,19972.4,
L06_001672,405,CASH_OUT,3429.81,C1056951568,1410667.3900000001,188259.96,CASHOUT_L06_000836,0.0,0.0,0,0,L06_000836,LEGITIMATE_TRANSFER_CASHOUT,NONE,1,2,CASH_OUT,1,0.20733217119700206,0.0310885653862313,0.0024313385453675227,19972.4,1407237.58
L06_001673,332,TRANSFER,39223.42,C501377888,293297.15,254073.73000000004,C1957588960,155636.15,194859.57,0,0,L06_000837,LEGITIMATE_TRANSFER_CASHOUT,NONE,1,1,TRANSFER,0,0.5091182162403719,0.13373270077803345,0.10248077628417224,59192.78,
L06_001674,333,CASH_OUT,19969.36,C1957588960,194859.57,247965.2,CASHOUT_L06_000837,0.0,0.0,0,0,L06_000837,LEGITIMATE_TRANSFER_CASHOUT,NONE,1,2,CASH_OUT,1,0.5091182162403719,0.13373270077803345,0.10248077628417224,59192.78,174890.21000000002
L06_001675,179,TRANSFER,54142.69,C610097967,478400.82,424258.13,C406730404,3696646.14,3750788.83,0,0,L06_000838,LEGITIMATE_TRANSFER_CASHOUT,NONE,1,1,TRANSFER,0,0.6235917151176305,0.11317432524467663,0.009001554481007666,87905.62,
L06_001676,182,CASH_OUT,33762.93,C406730404,3750788.83,0.0,CASHOUT_L06_000838,0.0,0.0,0,0,L06_000838,LEGITIMATE_TRANSFER_CASHOUT,NONE,1,2,CASH_OUT,3,0.6235917151176305,0.11317432524467663,0.009001554481007666,87905.62,3717025.9
L06_001677,133,TRANSFER,91946.07,C1535231134,656422.64,564476.5700000001,C708813800,6172374.27,6264320.34,0,0,L06_000839,LEGITIMATE_TRANSFER_CASHOUT,NONE,1,1,TRANSFER,0,0.5532869318486275,0.14007144848020478,0.008121002317707142,142818.63,
L06_001678,138,CASH_OUT,50872.56,C708813800,6264320.34,0.0,CASHOUT_L06_000839,0.0,0.0,0,0,L06_000839,LEGITIMATE_TRANSFER_CASHOUT,NONE,1,2,CASH_OUT,5,0.5532869318486275,0.14007144848020478,0.008121002317707142,142818.63,6213447.78
L06_001679,19,TRANSFER,35412.03,C865177739,246304.97,210892.94,C1771939633,457646.86,493058.89,0,0,L06_000840,LEGITIMATE_TRANSFER_CASHOUT,NONE,1,1,TRANSFER,0,0.514786639422389,0.14377310372584037,0.036972540947390685,53641.67,
L06_001680,23,CASH_OUT,18229.64,C1771939633,493058.89,0.0,CASHOUT_L06_000840,0.0,0.0,0,0,L06_000840,LEGITIMATE_TRANSFER_CASHOUT,NONE,1,2,CASH_OUT,4,0.514786639422389,0.14377310372584037,0.036972540947390685,53641.67,474829.25
L06_001681,207,TRANSFER,12712.37,C775485015,127322.0,114609.63,C32884824,12134984.25,12147696.62,0,0,L06_000841,LEGITIMATE_TRANSFER_CASHOUT,NONE,1,1,TRANSFER,0,0.3961253817462078,0.09984425315342203,0.0004145386699655659,17748.06,
L06_001682,208,CASH_OUT,5035.69,C32884824,12147696.62,0.0,CASHOUT_L06_000841,0.0,0.0,0,0,L06_000841,LEGITIMATE_TRANSFER_CASHOUT,NONE,1,2,CASH_OUT,1,0.3961253817462078,0.09984425315342203,0.0004145386699655659,17748.06,12142660.93
L06_001683,142,TRANSFER,9363.24,C906568323,93407.0,84043.76,C355159623,101707.92,111071.16,0,0,L06_000842,LEGITIMATE_TRANSFER_CASHOUT,NONE,1,1,TRANSFER,0,0.5629592919612352,0.10024130953782907,0.04745714369058539,14634.36,
L06_001684,146,CASH_OUT,5271.12,C355159623,111071.16,0.0,CASHOUT_L06_000842,0.0,0.0,0,0,L06_000842,LEGITIMATE_TRANSFER_CASHOUT,NONE,1,2,CASH_OUT,4,0.5629592919612352,0.10024130953782907,0.04745714369058539,14634.36,105800.04000000001
L06_001685,232,TRANSFER,8990.5,C1019280292,82038.0,73047.5,C506941138,170556.6,179547.1,0,0,L06_000843,LEGITIMATE_TRANSFER_CASHOUT,NONE,1,1,TRANSFER,0,0.4423748854337937,0.10958945854360175,0.022151123577044685,12967.67,
L06_001686,236,CASH_OUT,3977.17,C506941138,179547.1,0.0,CASHOUT_L06_000843,0.0,0.0,0,0,L06_000843,LEGITIMATE_TRANSFER_CASHOUT,NONE,1,2,CASH_OUT,4,0.4423748854337937,0.10958945854360175,0.022151123577044685,12967.67,175569.93
L06_001687,280,TRANSFER,16448.48,C1229755405,191729.0,175280.52,C1174590893,0.0,16448.48,0,0,L06_000844,LEGITIMATE_TRANSFER_CASHOUT,NONE,1,1,TRANSFER,0,0.3534849811510211,0.08579025603847096,0.3534849420736749,22262.77,
L06_001688,284,CASH_OUT,5814.29,C1174590893,16448.48,0.0,CASHOUT_L06_000844,0.0,0.0,0,0,L06_000844,LEGITIMATE_TRANSFER_CASHOUT,NONE,1,2,CASH_OUT,4,0.3534849811510211,0.08579025603847096,0.3534849420736749,22262.77,10634.189999999999
L06_001689,300,TRANSFER,10620.37,C2014402776,80588.0,69967.63,C1821022288,3436768.0,3447388.37,0,0,L06_000845,LEGITIMATE_TRANSFER_CASHOUT,NONE,1,1,TRANSFER,0,0.29799605227522563,0.1317859979153224,0.0009180369776556391,13785.2,
L06_001690,305,CASH_OUT,3164.83,C1821022288,3447388.37,0.0,CASHOUT_L06_000845,0.0,0.0,0,0,L06_000845,LEGITIMATE_TRANSFER_CASHOUT,NONE,1,2,CASH_OUT,5,0.29799605227522563,0.1317859979153224,0.0009180369776556391,13785.2,3444223.54
L06_001691,204,TRANSFER,12041.62,C1988097712,97279.81,85238.19,C1696026958,2744158.94,2756200.56,0,0,L06_000846,LEGITIMATE_TRANSFER_CASHOUT,NONE,1,1,TRANSFER,0,0.4602770333276256,0.12378334209328741,0.002010913168089625,17584.1,
L06_001692,208,CASH_OUT,5542.48,C1696026958,2756200.56,0.0,CASHOUT_L06_000846,0.0,0.0,0,0,L06_000846,LEGITIMATE_TRANSFER_CASHOUT,NONE,1,2,CASH_OUT,4,0.4602770333276256,0.12378334209328741,0.002010913168089625,17584.1,2750658.08
L06_001693,205,TRANSFER,15399.71,C1227094178,607476.0,592076.29,C511524367,186969.63,202369.34,0,0,L06_000847,LEGITIMATE_TRANSFER_CASHOUT,NONE,1,1,TRANSFER,0,0.43747259861295995,0.025350318366486903,0.033290368985736674,22136.66,
L06_001694,210,CASH_OUT,6736.95,C511524367,202369.34,521397.25,CASHOUT_L06_000847,0.0,0.0,0,0,L06_000847,LEGITIMATE_TRANSFER_CASHOUT,NONE,1,2,CASH_OUT,5,0.43747259861295995,0.025350318366486903,0.033290368985736674,22136.66,195632.38999999998
L06_001695,15,TRANSFER,19587.95,C1176738479,237522.13,217934.18,C847668958,1122381.87,1141969.82,0,0,L06_000848,LEGITIMATE_TRANSFER_CASHOUT,NONE,1,1,TRANSFER,0,0.20145006303853097,0.08246789467575084,0.0034554240671614243,23533.940000000002,
L06_001696,19,CASH_OUT,3945.99,C847668958,1141969.82,0.0,CASHOUT_L06_000848,0.0,0.0,0,0,L06_000848,LEGITIMATE_TRANSFER_CASHOUT,NONE,1,2,CASH_OUT,4,0.20145006303853097,0.08246789467575084,0.0034554240671614243,23533.940000000002,1138023.83
L06_001697,372,TRANSFER,21984.61,C1275668853,181671.0,159686.39,C315037382,299823.27,321807.88,0,0,L06_000849,LEGITIMATE_TRANSFER_CASHOUT,NONE,1,1,TRANSFER,0,0.5801249573084298,0.12101331527871813,0.03963178278915979,34738.43,
L06_001698,377,CASH_OUT,12753.82,C315037382,321807.88,0.0,CASHOUT_L06_000849,0.0,0.0,0,0,L06_000849,LEGITIMATE_TRANSFER_CASHOUT,NONE,1,2,CASH_OUT,5,0.5801249573084298,0.12101331527871813,0.03963178278915979,34738.43,309054.06
L06_001699,397,TRANSFER,135632.67,C1787481961,925775.16,790142.49,C2112620794,722251.51,857884.18,0,0,L06_000850,LEGITIMATE_TRANSFER_CASHOUT,NONE,1,1,TRANSFER,0,0.46568474748235233,0.1465071389472148,0.07362540477200546,198794.74000000002,
L06_001700,399,CASH_OUT,63162.07,C2112620794,857884.18,826496.79,CASHOUT_L06_000850,0.0,0.0,0,0,L06_000850,LEGITIMATE_TRANSFER_CASHOUT,NONE,1,2,CASH_OUT,2,0.46568474748235233,0.1465071389472148,0.07362540477200546,198794.74000000002,794722.1100000001
L06_001701,18,TRANSFER,15875.79,C999811945,127371.0,111495.20999999999,C110753720,230664.65,246540.44,0,0,L06_000851,LEGITIMATE_TRANSFER_CASHOUT,NONE,1,1,TRANSFER,0,0.5898656887771705,0.12464210848623314,0.037983951030508424,25240.370000000003,
L06_001702,22,CASH_OUT,9364.58,C110753720,246540.44,0.0,CASHOUT_L06_000851,0.0,0.0,0,0,L06_000851,LEGITIMATE_TRANSFER_CASHOUT,NONE,1,2,CASH_OUT,4,0.5898656887771705,0.12464210848623314,0.037983951030508424,25240.370000000003,237175.86000000002
L06_001703,21,TRANSFER,37082.94,C1109950131,490137.57,453054.63,C1092417574,332918.11,370001.05,0,0,L06_000852,LEGITIMATE_TRANSFER_CASHOUT,NONE,1,1,TRANSFER,0,0.4755576197618435,0.07565822795424558,0.04766221609371109,54718.01,
L06_001704,22,CASH_OUT,17635.07,C1092417574,370001.05,425666.88,CASHOUT_L06_000852,0.0,0.0,0,0,L06_000852,LEGITIMATE_TRANSFER_CASHOUT,NONE,1,2,CASH_OUT,1,0.4755576197618435,0.07565822795424558,0.04766221609371109,54718.01,352365.98
L06_001705,307,TRANSFER,8829.31,C840710063,61918.0,53088.69,C596134648,369782.11,378611.42,0,0,L06_000853,LEGITIMATE_TRANSFER_CASHOUT,NONE,1,1,TRANSFER,0,0.4044426915230368,0.14259682160276493,0.009431701769587405,12400.259999999998,
L06_001706,310,CASH_OUT,3570.95,C596134648,378611.42,0.0,CASHOUT_L06_000853,0.0,0.0,0,0,L06_000853,LEGITIMATE_TRANSFER_CASHOUT,NONE,1,2,CASH_OUT,3,0.4044426915230368,0.14259682160276493,0.009431701769587405,12400.259999999998,375040.47
L06_001707,143,TRANSFER,8945.73,C2107621337,105178.0,96232.27,C1216496708,262941.48,271887.20999999996,0,0,L06_000854,LEGITIMATE_TRANSFER_CASHOUT,NONE,1,1,TRANSFER,0,0.5961364195895011,0.08505324307364658,0.01961430991917568,14278.61,
L06_001708,147,CASH_OUT,5332.88,C1216496708,271887.20999999996,0.0,CASHOUT_L06_000854,0.0,0.0,0,0,L06_000854,LEGITIMATE_TRANSFER_CASHOUT,NONE,1,2,CASH_OUT,4,0.5961364195895011,0.08505324307364658,0.01961430991917568,14278.61,266554.32999999996
L06_001709,474,TRANSFER,8948.74,C1490938786,145809.0,136860.26,C575588377,190299.15,199247.88999999998,0,0,L06_000855,LEGITIMATE_TRANSFER_CASHOUT,NONE,1,1,TRANSFER,0,0.2735502826525339,0.06137302909971264,0.012285851559080501,11396.67,
L06_001710,475,CASH_OUT,2447.93,C575588377,199247.88999999998,0.0,CASHOUT_L06_000855,0.0,0.0,0,0,L06_000855,LEGITIMATE_TRANSFER_CASHOUT,NONE,1,2,CASH_OUT,1,0.2735502826525339,0.06137302909971264,0.012285851559080501,11396.67,196799.96
L06_001711,238,TRANSFER,13414.87,C962922682,98599.17,85184.3,C1247584170,5678112.71,5691527.58,0,0,L06_000856,LEGITIMATE_TRANSFER_CASHOUT,NONE,1,1,TRANSFER,0,0.3698635147786311,0.1360545935630087,0.000871764202186296,18376.54,
L06_001712,243,CASH_OUT,4961.67,C1247584170,5691527.58,0.0,CASHOUT_L06_000856,0.0,0.0,0,0,L06_000856,LEGITIMATE_TRANSFER_CASHOUT,NONE,1,2,CASH_OUT,5,0.3698635147786311,0.1360545935630087,0.000871764202186296,18376.54,5686565.91
L06_001713,306,TRANSFER,11980.19,C1045405456,102523.36,90543.17,C1830441668,3634430.96,3646411.15,0,0,L06_000857,LEGITIMATE_TRANSFER_CASHOUT,NONE,1,1,TRANSFER,0,0.6076058679783196,0.11685327129348863,0.0019962724170586193,19259.42,
L06_001714,311,CASH_OUT,7279.23,C1830441668,3646411.15,0.0,CASHOUT_L06_000857,0.0,0.0,0,0,L06_000857,LEGITIMATE_TRANSFER_CASHOUT,NONE,1,2,CASH_OUT,5,0.6076058679783196,0.11685327129348863,0.0019962724170586193,19259.42,3639131.92
L06_001715,181,TRANSFER,15077.07,C1152325109,187094.75,172017.68,C1055181815,2104630.65,2119707.7199999997,0,0,L06_000858,LEGITIMATE_TRANSFER_CASHOUT,NONE,1,1,TRANSFER,0,0.22990183530126437,0.08058521150379687,0.001635249033295968,18543.32,
L06_001716,183,CASH_OUT,3466.25,C1055181815,2119707.7199999997,0.0,CASHOUT_L06_000858,0.0,0.0,0,0,L06_000858,LEGITIMATE_TRANSFER_CASHOUT,NONE,1,2,CASH_OUT,2,0.22990183530126437,0.08058521150379687,0.001635249033295968,18543.32,2116241.4699999997
L06_001717,210,TRANSFER,18601.71,C941516754,127093.0,108491.29000000001,C598409349,797877.56,816479.27,0,0,L06_000859,LEGITIMATE_TRANSFER_CASHOUT,NONE,1,1,TRANSFER,0,0.49646305749905545,0.14636297829148734,0.011310832178262162,27836.769999999997,
L06_001718,211,CASH_OUT,9235.06,C598409349,816479.27,114182.51,CASHOUT_L06_000859,0.0,0.0,0,0,L06_000859,LEGITIMATE_TRANSFER_CASHOUT,NONE,1,2,CASH_OUT,1,0.49646305749905545,0.14636297829148734,0.011310832178262162,27836.769999999997,807244.21
L06_001719,686,TRANSFER,13126.15,C1967862361,329191.0,316064.85,C1764417941,0.0,13126.15,0,0,L06_000860,LEGITIMATE_TRANSFER_CASHOUT,NONE,1,1,TRANSFER,0,0.22081923192466568,0.03987396374749006,0.22081950914776993,16024.66,
L06_001720,689,CASH_OUT,2898.51,C1764417941,13126.15,0.0,CASHOUT_L06_000860,0.0,0.0,0,0,L06_000860,LEGITIMATE_TRANSFER_CASHOUT,NONE,1,2,CASH_OUT,3,0.22081923192466568,0.03987396374749006,0.22081950914776993,16024.66,10227.64
L06_001721,136,TRANSFER,15409.87,C1893168127,105891.0,90481.13,C1542685211,0.0,15409.87,0,0,L06_000861,LEGITIMATE_TRANSFER_CASHOUT,NONE,1,1,TRANSFER,0,0.627266144131383,0.1455257765060298,0.6272661612330279,25075.96,
L06_001722,137,CASH_OUT,9666.09,C1542685211,15409.87,0.0,CASHOUT_L06_000861,0.0,0.0,0,0,L06_000861,LEGITIMATE_TRANSFER_CASHOUT,NONE,1,2,CASH_OUT,1,0.627266144131383,0.1455257765060298,0.6272661612330279,25075.96,5743.780000000001
L06_001723,131,TRANSFER,9196.97,C1681581803,62296.0,53099.03,C279766569,793638.47,802835.44,0,0,L06_000862,LEGITIMATE_TRANSFER_CASHOUT,NONE,1,1,TRANSFER,0,0.4315137877373428,0.14763339540259407,0.004943254622640974,13165.59,
L06_001724,133,CASH_OUT,3968.62,C279766569,802835.44,0.0,CASHOUT_L06_000862,0.0,0.0,0,0,L06_000862,LEGITIMATE_TRANSFER_CASHOUT,NONE,1,2,CASH_OUT,2,0.4315137877373428,0.14763339540259407,0.004943254622640974,13165.59,798866.82
L06_001725,43,TRANSFER,8688.97,C906070313,65084.0,56395.03,C595765340,314949.88,323638.85,0,0,L06_000863,LEGITIMATE_TRANSFER_CASHOUT,NONE,1,1,TRANSFER,0,0.2739549570460592,0.13350393337840327,0.007355081134418813,11069.359999999999,
L06_001726,45,CASH_OUT,2380.39,C595765340,323638.85,19399.38,CASHOUT_L06_000863,0.0,0.0,0,0,L06_000863,LEGITIMATE_TRANSFER_CASHOUT,NONE,1,2,CASH_OUT,2,0.2739549570460592,0.13350393337840327,0.007355081134418813,11069.359999999999,321258.45999999996
L06_001727,188,TRANSFER,13920.17,C309238015,370571.61,356651.44,C530376093,10370293.93,10384214.1,0,0,L06_000864,LEGITIMATE_TRANSFER_CASHOUT,NONE,1,1,TRANSFER,0,0.5458183606733635,0.03756404868683815,0.0007316759772894128,21518.05,
L06_001728,193,CASH_OUT,7597.88,C530376093,10384214.1,0.0,CASHOUT_L06_000864,0.0,0.0,0,0,L06_000864,LEGITIMATE_TRANSFER_CASHOUT,NONE,1,2,CASH_OUT,5,0.5458183606733635,0.03756404868683815,0.0007316759772894128,21518.05,10376616.219999999
L06_001729,275,TRANSFER,24145.16,C9681909,250665.48,226520.32,C2005491909,1310250.83,1334395.99,0,0,L06_000865,LEGITIMATE_TRANSFER_CASHOUT,NONE,1,1,TRANSFER,0,0.6110676544442146,0.0963242325987607,0.011056935205568176,38899.49,
L06_001730,277,CASH_OUT,14754.33,C2005491909,1334395.99,238932.23,CASHOUT_L06_000865,0.0,0.0,0,0,L06_000865,LEGITIMATE_TRANSFER_CASHOUT,NONE,1,2,CASH_OUT,2,0.6110676544442146,0.0963242325987607,0.011056935205568176,38899.49,1319641.66
L06_001731,307,TRANSFER,9476.23,C605786437,65876.78,56400.55,C702880350,8947728.77,8957205.0,0,0,L06_000866,LEGITIMATE_TRANSFER_CASHOUT,NONE,1,1,TRANSFER,0,0.42178545139505763,0.14384780191138669,0.00044622625026445194,13473.17,
L06_001732,310,CASH_OUT,3996.94,C702880350,8957205.0,0.0,CASHOUT_L06_000866,0.0,0.0,0,0,L06_000866,LEGITIMATE_TRANSFER_CASHOUT,NONE,1,2,CASH_OUT,3,0.42178545139505763,0.14384780191138669,0.00044622625026445194,13473.17,8953208.06
L06_001733,178,TRANSFER,9103.13,C1335253255,148734.0,139630.87,C1801786279,6859.16,15962.289999999999,0,0,L06_000867,LEGITIMATE_TRANSFER_CASHOUT,NONE,1,1,TRANSFER,0,0.44533971180400755,0.06120409590275256,0.25397295751424137,13157.119999999999,
L06_001734,182,CASH_OUT,4053.99,C1801786279,15962.289999999999,0.0,CASHOUT_L06_000867,0.0,0.0,0,0,L06_000867,LEGITIMATE_TRANSFER_CASHOUT,NONE,1,2,CASH_OUT,4,0.44533971180400755,0.06120409590275256,0.25397295751424137,13157.119999999999,11908.3
L06_001735,210,TRANSFER,12942.16,C1408471615,103067.0,90124.84,C1958810137,104260.25,117202.41,0,0,L06_000868,LEGITIMATE_TRANSFER_CASHOUT,NONE,1,1,TRANSFER,0,0.5338738269046767,0.12557035714632228,0.058953395241616614,19851.64,
L06_001736,213,CASH_OUT,6909.48,C1958810137,117202.41,0.0,CASHOUT_L06_000868,0.0,0.0,0,0,L06_000868,LEGITIMATE_TRANSFER_CASHOUT,NONE,1,2,CASH_OUT,3,0.5338738269046767,0.12557035714632228,0.058953395241616614,19851.64,110292.93000000001
L06_001737,179,TRANSFER,9706.18,C480342288,126608.0,116901.82,C1453684033,110725.94,120432.12,0,0,L06_000869,LEGITIMATE_TRANSFER_CASHOUT,NONE,1,1,TRANSFER,0,0.3530669816793407,0.07666324402881335,0.02845528252761805,13133.11,
L06_001738,182,CASH_OUT,3426.93,C1453684033,120432.12,0.0,CASHOUT_L06_000869,0.0,0.0,0,0,L06_000869,LEGITIMATE_TRANSFER_CASHOUT,NONE,1,2,CASH_OUT,3,0.3530669816793407,0.07666324402881335,0.02845528252761805,13133.11,117005.19
L06_001739,132,TRANSFER,17696.75,C1024706481,213062.57,195365.82,C1942021848,1306480.04,1324176.79,0,0,L06_000870,LEGITIMATE_TRANSFER_CASHOUT,NONE,1,1,TRANSFER,0,0.3574881386660227,0.08305893428395236,0.004777594689603342,24023.13,
L06_001740,134,CASH_OUT,6326.38,C1942021848,1324176.79,76336.54,CASHOUT_L06_000870,0.0,0.0,0,0,L06_000870,LEGITIMATE_TRANSFER_CASHOUT,NONE,1,2,CASH_OUT,2,0.3574881386660227,0.08305893428395236,0.004777594689603342,24023.13,1317850.4100000001
L06_001741,18,TRANSFER,59787.99,C1329221179,561492.0,501704.01,C1426855526,1127137.41,1186925.4,0,0,L06_000871,LEGITIMATE_TRANSFER_CASHOUT,NONE,1,1,TRANSFER,0,0.2654407632608738,0.10648057318715137,0.013370823473825736,75658.16,
L06_001742,23,CASH_OUT,15870.17,C1426855526,1186925.4,172906.85,CASHOUT_L06_000871,0.0,0.0,0,0,L06_000871,LEGITIMATE_TRANSFER_CASHOUT,NONE,1,2,CASH_OUT,5,0.2654407632608738,0.10648057318715137,0.013370823473825736,75658.16,1171055.23
L06_001743,282,TRANSFER,8980.35,C47645291,94934.01,85953.65999999999,C1818417613,4019820.33,4028800.68,0,0,L06_000872,LEGITIMATE_TRANSFER_CASHOUT,NONE,1,1,TRANSFER,0,0.21499802725601158,0.0945957091668202,0.0004792393948861228,10911.11,
L06_001744,285,CASH_OUT,1930.76,C1818417613,4028800.68,0.0,CASHOUT_L06_000872,0.0,0.0,0,0,L06_000872,LEGITIMATE_TRANSFER_CASHOUT,NONE,1,2,CASH_OUT,3,0.21499802725601158,0.0945957091668202,0.0004792393948861228,10911.11,4026869.9200000004
L06_001745,210,TRANSFER,14289.38,C996521231,266007.44,251718.06,C1413597807,2497324.29,2511613.67,0,0,L06_000873,LEGITIMATE_TRANSFER_CASHOUT,NONE,1,1,TRANSFER,0,0.5919286976420324,0.0537179711965951,0.003367671589396948,22747.67,
L06_001746,213,CASH_OUT,8458.29,C1413597807,2511613.67,212193.05,CASHOUT_L06_000873,0.0,0.0,0,0,L06_000873,LEGITIMATE_TRANSFER_CASHOUT,NONE,1,2,CASH_OUT,3,0.5919286976420324,0.0537179711965951,0.003367671589396948,22747.67,2503155.38
L06_001747,228,TRANSFER,12912.13,C902478711,114777.0,101864.87,C1127135762,249089.02,262001.15,0,0,L06_000874,LEGITIMATE_TRANSFER_CASHOUT,NONE,1,1,TRANSFER,0,0.2210942823243779,0.11249753870548977,0.01089613537955845,15766.93,
L06_001748,232,CASH_OUT,2854.8,C1127135762,262001.15,0.0,CASHOUT_L06_000874,0.0,0.0,0,0,L06_000874,LEGITIMATE_TRANSFER_CASHOUT,NONE,1,2,CASH_OUT,4,0.2210942823243779,0.11249753870548977,0.01089613537955845,15766.93,259146.35
L06_001749,184,TRANSFER,14869.7,C525212990,133357.87,118488.17,C38736021,3797980.09,3812849.79,0,0,L06_000875,LEGITIMATE_TRANSFER_CASHOUT,NONE,1,1,TRANSFER,0,0.4066888519225019,0.11150223080197667,0.0015860420244879355,20917.04,
L06_001750,189,CASH_OUT,6047.34,C38736021,3812849.79,85786.66,CASHOUT_L06_000875,0.0,0.0,0,0,L06_000875,LEGITIMATE_TRANSFER_CASHOUT,NONE,1,2,CASH_OUT,5,0.4066888519225019,0.11150223080197667,0.0015860420244879355,20917.04,3806802.45
L06_001751,11,TRANSFER,111881.38,C1838781284,751691.89,639810.51,C1293398294,2906787.67,3018669.05,0,0,L06_000876,LEGITIMATE_TRANSFER_CASHOUT,NONE,1,1,TRANSFER,0,0.6191539977354625,0.14883941344637894,0.02294779548622596,181153.18,
L06_001752,12,CASH_OUT,69271.8,C1293398294,3018669.05,20646.87,CASHOUT_L06_000876,0.0,0.0,0,0,L06_000876,LEGITIMATE_TRANSFER_CASHOUT,NONE,1,2,CASH_OUT,1,0.6191539977354625,0.14883941344637894,0.02294779548622596,181153.18,2949397.25
L06_001753,322,TRANSFER,28909.67,C632115460,246276.0,217366.33000000002,C164686154,394922.73,423832.39999999997,0,0,L06_000877,LEGITIMATE_TRANSFER_CASHOUT,NONE,1,1,TRANSFER,0,0.4876426885373297,0.11738728093683509,0.03326218099418544,43007.259999999995,
L06_001754,324,CASH_OUT,14097.59,C164686154,423832.39999999997,0.0,CASHOUT_L06_000877,0.0,0.0,0,0,L06_000877,LEGITIMATE_TRANSFER_CASHOUT,NONE,1,2,CASH_OUT,2,0.4876426885373297,0.11738728093683509,0.03326218099418544,43007.259999999995,409734.80999999994
L06_001755,374,TRANSFER,9771.43,C430593828,66996.2,57224.77,C1999134241,3547608.37,3557379.8000000003,0,0,L06_000878,LEGITIMATE_TRANSFER_CASHOUT,NONE,1,1,TRANSFER,0,0.4098715673390761,0.14585051092450022,0.0011258370556891338,13776.460000000001,
L06_001756,377,CASH_OUT,4005.03,C1999134241,3557379.8000000003,0.0,CASHOUT_L06_000878,0.0,0.0,0,0,L06_000878,LEGITIMATE_TRANSFER_CASHOUT,NONE,1,2,CASH_OUT,3,0.4098715673390761,0.14585051092450022,0.0011258370556891338,13776.460000000001,3553374.7700000005
L06_001757,403,TRANSFER,43098.66,C511272747,427031.87,383933.20999999996,C2022742901,1074448.5,1117547.16,0,0,L06_000879,LEGITIMATE_TRANSFER_CASHOUT,NONE,1,1,TRANSFER,0,0.3413085750779675,0.10092609715523107,0.013162701787010046,57808.600000000006,
L06_001758,404,CASH_OUT,14709.94,C2022742901,1117547.16,103508.0,CASHOUT_L06_000879,0.0,0.0,0,0,L06_000879,LEGITIMATE_TRANSFER_CASHOUT,NONE,1,2,CASH_OUT,1,0.3413085750779675,0.10092609715523107,0.013162701787010046,57808.600000000006,1102837.22
L06_001759,330,TRANSFER,31747.98,C852589927,219659.83,187911.84999999998,C205091536,1918442.34,1950190.32,0,0,L06_000880,LEGITIMATE_TRANSFER_CASHOUT,NONE,1,1,TRANSFER,0,0.5170283901431906,0.1445324800624675,0.008416927225851474,48162.59,
L06_001760,334,CASH_OUT,16414.61,C205091536,1950190.32,0.0,CASHOUT_L06_000880,0.0,0.0,0,0,L06_000880,LEGITIMATE_TRANSFER_CASHOUT,NONE,1,2,CASH_OUT,4,0.5170283901431906,0.1445324800624675,0.008416927225851474,48162.59,1933775.71
L06_001761,119,TRANSFER,9030.55,C564802034,61612.0,52581.45,C564940555,0.0,9030.55,0,0,L06_000881,LEGITIMATE_TRANSFER_CASHOUT,NONE,1,1,TRANSFER,0,0.39597612542111466,0.14657128481464649,0.39597588186766036,12606.43,
L06_001762,123,CASH_OUT,3575.88,C564940555,9030.55,0.0,CASHOUT_L06_000881,0.0,0.0,0,0,L06_000881,LEGITIMATE_TRANSFER_CASHOUT,NONE,1,2,CASH_OUT,4,0.39597612542111466,0.14657128481464649,0.39597588186766036,12606.43,5454.669999999999
L06_001763,20,TRANSFER,8827.04,C1561802081,80412.0,71584.95999999999,C984677901,1959448.84,1968275.8800000001,0,0,L06_000882,LEGITIMATE_TRANSFER_CASHOUT,NONE,1,1,TRANSFER,0,0.2150777095278316,0.10977267074565986,0.0009645497459431347,10725.54,
L06_001764,25,CASH_OUT,1898.5,C984677901,1968275.8800000001,0.0,CASHOUT_L06_000882,0.0,0.0,0,0,L06_000882,LEGITIMATE_TRANSFER_CASHOUT,NONE,1,2,CASH_OUT,5,0.2150777095278316,0.10977267074565986,0.0009645497459431347,10725.54,1966377.3800000001
L06_001765,35,TRANSFER,27090.71,C2112812273,242442.45,215351.74000000002,C2095595269,88129.23,115219.94,0,0,L06_000883,LEGITIMATE_TRANSFER_CASHOUT,NONE,1,1,TRANSFER,0,0.22596879658203456,0.11174078631856756,0.05313021339882663,33212.369999999995,
L06_001766,38,CASH_OUT,6121.66,C2095595269,115219.94,160455.2,CASHOUT_L06_000883,0.0,0.0,0,0,L06_000883,LEGITIMATE_TRANSFER_CASHOUT,NONE,1,2,CASH_OUT,3,0.22596879658203456,0.11174078631856756,0.05313021339882663,33212.369999999995,109098.28
L06_001767,370,TRANSFER,9040.16,C1001558686,87514.21,78474.05,C1828563450,17687589.81,17696629.97,0,0,L06_000884,LEGITIMATE_TRANSFER_CASHOUT,NONE,1,1,TRANSFER,0,0.29195640131101686,0.10329933847314623,0.0001491430856877435,11679.49,
L06_001768,374,CASH_OUT,2639.33,C1828563450,17696629.97,0.0,CASHOUT_L06_000884,0.0,0.0,0,0,L06_000884,LEGITIMATE_TRANSFER_CASHOUT,NONE,1,2,CASH_OUT,4,0.29195640131101686,0.10329933847314623,0.0001491430856877435,11679.49,17693990.64
L06_001769,21,TRANSFER,70662.54,C504028258,483432.0,412769.46,C2027916459,0.0,70662.54,0,0,L06_000885,LEGITIMATE_TRANSFER_CASHOUT,NONE,1,1,TRANSFER,0,0.6076646093452235,0.14616852008141784,0.607664541919948,113601.66,
L06_001770,26,CASH_OUT,42939.12,C2027916459,70662.54,117591.19,CASHOUT_L06_000885,0.0,0.0,0,0,L06_000885,LEGITIMATE_TRANSFER_CASHOUT,NONE,1,2,CASH_OUT,5,0.6076646093452235,0.14616852008141784,0.607664541919948,113601.66,27723.41999999999
L06_001771,10,TRANSFER,194435.54,C359428829,1539555.79,1345120.25,C1725548614,16761.59,211197.13,0,0,L06_000886,LEGITIMATE_TRANSFER_CASHOUT,NONE,1,1,TRANSFER,0,0.5027121798641287,0.12629327320447414,0.46281457517912294,292180.65,
L06_001772,15,CASH_OUT,97745.11,C1725548614,211197.13,1518057.23,CASHOUT_L06_000886,0.0,0.0,0,0,L06_000886,LEGITIMATE_TRANSFER_CASHOUT,NONE,1,2,CASH_OUT,5,0.5027121798641287,0.12629327320447414,0.46281457517912294,292180.65,113452.02
L06_001773,162,TRANSFER,23125.86,C2116593642,251317.92,228192.06,C791352442,3507448.02,3530573.88,0,0,L06_000887,LEGITIMATE_TRANSFER_CASHOUT,NONE,1,1,TRANSFER,0,0.6144154044250261,0.09201834871146475,0.004024524194349956,37334.74,
L06_001774,167,CASH_OUT,14208.88,C791352442,3530573.88,0.0,CASHOUT_L06_000887,0.0,0.0,0,0,L06_000887,LEGITIMATE_TRANSFER_CASHOUT,NONE,1,2,CASH_OUT,5,0.6144154044250261,0.09201834871146475,0.004024524194349956,37334.74,3516365.0
L06_001775,396,TRANSFER,9554.01,C319328406,73617.0,64062.99,C1114903043,1170947.0,1180501.01,0,0,L06_000888,LEGITIMATE_TRANSFER_CASHOUT,NONE,1,1,TRANSFER,0,0.31335716797052265,0.12977994213293126,0.0025360588213304454,12547.83,
L06_001776,399,CASH_OUT,2993.82,C1114903043,1180501.01,0.0,CASHOUT_L06_000888,0.0,0.0,0,0,L06_000888,LEGITIMATE_TRANSFER_CASHOUT,NONE,1,2,CASH_OUT,3,0.31335716797052265,0.12977994213293126,0.0025360588213304454,12547.83,1177507.19
L06_001777,44,TRANSFER,11024.19,C889917114,132047.0,121022.81,C34835675,0.0,11024.19,0,0,L06_000889,LEGITIMATE_TRANSFER_CASHOUT,NONE,1,1,TRANSFER,0,0.4445342515779646,0.08348686452550987,0.44453424696054766,15924.82,
L06_001778,45,CASH_OUT,4900.63,C34835675,11024.19,0.0,CASHOUT_L06_000889,0.0,0.0,0,0,L06_000889,LEGITIMATE_TRANSFER_CASHOUT,NONE,1,2,CASH_OUT,1,0.4445342515779646,0.08348686452550987,0.44453424696054766,15924.82,6123.56
L06_001779,352,TRANSFER,8914.38,C839089242,79630.0,70715.62,C1378898651,16659.02,25573.4,0,0,L06_000890,LEGITIMATE_TRANSFER_CASHOUT,NONE,1,1,TRANSFER,0,0.6292722534821816,0.11194750722089664,0.21935174830096896,14523.949999999999,
L06_001780,357,CASH_OUT,5609.57,C1378898651,25573.4,0.0,CASHOUT_L06_000890,0.0,0.0,0,0,L06_000890,LEGITIMATE_TRANSFER_CASHOUT,NONE,1,2,CASH_OUT,5,0.6292722534821816,0.11194750722089664,0.21935174830096896,14523.949999999999,19963.83
L06_001781,154,TRANSFER,8855.23,C377776224,69677.0,60821.770000000004,C438740685,1699360.33,1708215.56,0,0,L06_000891,LEGITIMATE_TRANSFER_CASHOUT,NONE,1,1,TRANSFER,0,0.2650028325474881,0.1270897139658711,0.0013737493410960382,11201.89,
L06_001782,158,CASH_OUT,2346.66,C438740685,1708215.56,0.0,CASHOUT_L06_000891,0.0,0.0,0,0,L06_000891,LEGITIMATE_TRANSFER_CASHOUT,NONE,1,2,CASH_OUT,4,0.2650028325474881,0.1270897139658711,0.0013737493410960382,11201.89,1705868.9000000001
L06_001783,227,TRANSFER,36949.81,C1850478629,512199.04,475249.23,C1385209056,4850202.02,4887151.829999999,0,0,L06_000892,LEGITIMATE_TRANSFER_CASHOUT,NONE,1,1,TRANSFER,0,0.5237780357173052,0.07213955340486386,0.003960077499781709,56303.31,
L06_001784,229,CASH_OUT,19353.5,C1385209056,4887151.829999999,249904.52,CASHOUT_L06_000892,0.0,0.0,0,0,L06_000892,LEGITIMATE_TRANSFER_CASHOUT,NONE,1,2,CASH_OUT,2,0.5237780357173052,0.07213955340486386,0.003960077499781709,56303.31,4867798.329999999
L06_001785,251,TRANSFER,12285.81,C1288158562,93014.0,80728.19,C387037089,30643.47,42929.28,0,0,L06_000893,LEGITIMATE_TRANSFER_CASHOUT,NONE,1,1,TRANSFER,0,0.6373038137475162,0.1320856000172017,0.18238810434277025,20115.6,
L06_001786,254,CASH_OUT,7829.79,C387037089,42929.28,0.0,CASHOUT_L06_000893,0.0,0.0,0,0,L06_000893,LEGITIMATE_TRANSFER_CASHOUT,NONE,1,2,CASH_OUT,3,0.6373038137475162,0.1320856000172017,0.18238810434277025,20115.6,35099.49
L06_001787,351,TRANSFER,11081.06,C1474791276,153036.0,141954.94,C672255716,803345.04,814426.1000000001,0,0,L06_000894,LEGITIMATE_TRANSFER_CASHOUT,NONE,1,1,TRANSFER,0,0.6267167691475286,0.0724081915366319,0.00852709656529917,18025.75,
L06_001788,353,CASH_OUT,6944.69,C672255716,814426.1000000001,0.0,CASHOUT_L06_000894,0.0,0.0,0,0,L06_000894,LEGITIMATE_TRANSFER_CASHOUT,NONE,1,2,CASH_OUT,2,0.6267167691475286,0.0724081915366319,0.00852709656529917,18025.75,807481.4100000001
L06_001789,226,TRANSFER,9080.79,C2118684470,60896.0,51815.21,C44646040,0.0,9080.79,0,0,L06_000895,LEGITIMATE_TRANSFER_CASHOUT,NONE,1,1,TRANSFER,0,0.5609267751452913,0.14911964661061483,0.5609269678078669,14174.45,
L06_001790,227,CASH_OUT,5093.66,C44646040,9080.79,0.0,CASHOUT_L06_000895,0.0,0.0,0,0,L06_000895,LEGITIMATE_TRANSFER_CASHOUT,NONE,1,2,CASH_OUT,1,0.5609267751452913,0.14911964661061483,0.5609269678078669,14174.45,3987.130000000001
L06_001791,161,TRANSFER,9867.79,C1360247792,95678.0,85810.20999999999,C1891003389,43942.38,53810.17,0,0,L06_000896,LEGITIMATE_TRANSFER_CASHOUT,NONE,1,1,TRANSFER,0,0.5122532672218486,0.10313541252952613,0.09393781881752093,14922.600000000002,
L06_001792,165,CASH_OUT,5054.81,C1891003389,53810.17,0.0,CASHOUT_L06_000896,0.0,0.0,0,0,L06_000896,LEGITIMATE_TRANSFER_CASHOUT,NONE,1,2,CASH_OUT,4,0.5122532672218486,0.10313541252952613,0.09393781881752093,14922.600000000002,48755.36
L06_001793,11,TRANSFER,9908.73,C543382262,70746.0,60837.270000000004,C398886042,0.0,9908.73,0,0,L06_000897,LEGITIMATE_TRANSFER_CASHOUT,NONE,1,1,TRANSFER,0,0.6055895329632051,0.1400606394707828,0.6055892127447211,15909.349999999999,
L06_001794,14,CASH_OUT,6000.62,C398886042,9908.73,0.0,CASHOUT_L06_000897,0.0,0.0,0,0,L06_000897,LEGITIMATE_TRANSFER_CASHOUT,NONE,1,2,CASH_OUT,3,0.6055895329632051,0.1400606394707828,0.6055892127447211,15909.349999999999,3908.1099999999997
L06_001795,226,TRANSFER,15715.79,C962757790,132461.0,116745.20999999999,C672857960,452697.46,468413.25,0,0,L06_000898,LEGITIMATE_TRANSFER_CASHOUT,NONE,1,1,TRANSFER,0,0.6164487495663673,0.11864465767282446,0.02068254900987536,25403.77,
L06_001796,230,CASH_OUT,9687.98,C672857960,468413.25,0.0,CASHOUT_L06_000898,0.0,0.0,0,0,L06_000898,LEGITIMATE_TRANSFER_CASHOUT,NONE,1,2,CASH_OUT,4,0.6164487495663673,0.11864465767282446,0.02068254900987536,25403.77,458725.27
L06_001797,138,TRANSFER,13180.47,C1168019153,129397.61,116217.14,C213991548,1603294.1,1616474.57,0,0,L06_000899,LEGITIMATE_TRANSFER_CASHOUT,NONE,1,1,TRANSFER,0,0.48744482992866045,0.10186022755752598,0.00397454443097116,19605.22,
L06_001798,141,CASH_OUT,6424.75,C213991548,1616474.57,0.0,CASHOUT_L06_000899,0.0,0.0,0,0,L06_000899,LEGITIMATE_TRANSFER_CASHOUT,NONE,1,2,CASH_OUT,3,0.48744482992866045,0.10186022755752598,0.00397454443097116,19605.22,1610049.82
L06_001799,45,TRANSFER,9877.21,C573739612,213000.99,203123.78,C895269895,425550.24,435427.45,0,0,L06_000900,LEGITIMATE_TRANSFER_CASHOUT,NONE,1,1,TRANSFER,0,0.4990672131580743,0.04637166240401042,0.011320806715332256,14806.599999999999,
L06_001800,47,CASH_OUT,4929.39,C895269895,435427.45,139469.12,CASHOUT_L06_000900,0.0,0.0,0,0,L06_000900,LEGITIMATE_TRANSFER_CASHOUT,NONE,1,2,CASH_OUT,2,0.4990672131580743,0.04637166240401042,0.011320806715332256,14806.599999999999,430498.06
L06_001801,276,TRANSFER,10643.47,C234809833,99424.0,88780.53,C1455920020,1307997.22,1318640.69,0,0,L06_000901,LEGITIMATE_TRANSFER_CASHOUT,NONE,1,1,TRANSFER,0,0.5895059640164847,0.10705131557772771,0.004758225684663197,16917.86,
L06_001802,281,CASH_OUT,6274.39,C1455920020,1318640.69,0.0,CASHOUT_L06_000901,0.0,0.0,0,0,L06_000901,LEGITIMATE_TRANSFER_CASHOUT,NONE,1,2,CASH_OUT,5,0.5895059640164847,0.10705131557772771,0.004758225684663197,16917.86,1312366.3
L06_001803,21,TRANSFER,11538.16,C945875808,81901.42,70363.26,C1310685539,2356708.62,2368246.7800000003,0,0,L06_000902,LEGITIMATE_TRANSFER_CASHOUT,NONE,1,1,TRANSFER,0,0.37073905787009737,0.14087863189673636,0.0018062517961071605,15815.81,
L06_001804,22,CASH_OUT,4277.65,C1310685539,2368246.7800000003,0.0,CASHOUT_L06_000902,0.0,0.0,0,0,L06_000902,LEGITIMATE_TRANSFER_CASHOUT,NONE,1,2,CASH_OUT,1,0.37073905787009737,0.14087863189673636,0.0018062517961071605,15815.81,2363969.1300000004
L06_001805,144,TRANSFER,8742.88,C799380117,61865.0,53122.12,C278741971,26566.34,35309.22,0,0,L06_000903,LEGITIMATE_TRANSFER_CASHOUT,NONE,1,1,TRANSFER,0,0.2136260841342221,0.14132191061181604,0.052895815880384785,10610.59,
L06_001806,145,CASH_OUT,1867.71,C278741971,35309.22,0.0,CASHOUT_L06_000903,0.0,0.0,0,0,L06_000903,LEGITIMATE_TRANSFER_CASHOUT,NONE,1,2,CASH_OUT,1,0.2136260841342221,0.14132191061181604,0.052895815880384785,10610.59,33441.51
L06_001807,231,TRANSFER,69433.48,C953656396,544018.0,474584.52,C157416114,1243083.69,1312517.17,0,0,L06_000904,LEGITIMATE_TRANSFER_CASHOUT,NONE,1,1,TRANSFER,0,0.3647023254937263,0.1276308504498013,0.019293119037825615,94756.03,
L06_001808,234,CASH_OUT,25322.55,C157416114,1312517.17,0.0,CASHOUT_L06_000904,0.0,0.0,0,0,L06_000904,LEGITIMATE_TRANSFER_CASHOUT,NONE,1,2,CASH_OUT,3,0.3647023254937263,0.1276308504498013,0.019293119037825615,94756.03,1287194.6199999999
L06_001809,40,TRANSFER,20586.15,C152191484,139726.0,119139.85,C483930168,80133.23,100719.38,0,0,L06_000905,LEGITIMATE_TRANSFER_CASHOUT,NONE,1,1,TRANSFER,0,0.6361664541514611,0.14733227888868214,0.13002681311183606,33682.37,
L06_001810,44,CASH_OUT,13096.22,C483930168,100719.38,0.0,CASHOUT_L06_000905,0.0,0.0,0,0,L06_000905,LEGITIMATE_TRANSFER_CASHOUT,NONE,1,2,CASH_OUT,4,0.6361664541514611,0.14733227888868214,0.13002681311183606,33682.37,87623.16
L06_001811,132,TRANSFER,11856.03,C955210825,318663.0,306806.97,C917254463,1992681.74,2004537.77,0,0,L06_000906,LEGITIMATE_TRANSFER_CASHOUT,NONE,1,1,TRANSFER,0,0.30356287045255814,0.03720554316001544,0.001795451327414998,15455.080000000002,
L06_001812,135,CASH_OUT,3599.05,C917254463,2004537.77,0.0,CASHOUT_L06_000906,0.0,0.0,0,0,L06_000906,LEGITIMATE_TRANSFER_CASHOUT,NONE,1,2,CASH_OUT,3,0.30356287045255814,0.03720554316001544,0.001795451327414998,15455.080000000002,2000938.72
L06_001813,178,TRANSFER,10677.8,C2081348199,89480.09,78802.29,C1643608995,1100833.86,1111511.6600000001,0,0,L06_000907,LEGITIMATE_TRANSFER_CASHOUT,NONE,1,1,TRANSFER,0,0.4885700806535803,0.11933157420829595,0.004693473031133114,15894.65,
L06_001814,181,CASH_OUT,5216.85,C1643608995,1111511.6600000001,0.0,CASHOUT_L06_000907,0.0,0.0,0,0,L06_000907,LEGITIMATE_TRANSFER_CASHOUT,NONE,1,2,CASH_OUT,3,0.4885700806535803,0.11933157420829595,0.004693473031133114,15894.65,1106294.81
L06_001815,139,TRANSFER,20267.75,C1093653833,138529.5,118261.75,C856409944,42897.01,63164.76,0,0,L06_000908,LEGITIMATE_TRANSFER_CASHOUT,NONE,1,1,TRANSFER,0,0.4810170824411467,0.14630638239508553,0.15434444775852862,30016.879999999997,
L06_001816,143,CASH_OUT,9749.13,C856409944,63164.76,99157.84,CASHOUT_L06_000908,0.0,0.0,0,0,L06_000908,LEGITIMATE_TRANSFER_CASHOUT,NONE,1,2,CASH_OUT,4,0.4810170824411467,0.14630638239508553,0.15434444775852862,30016.879999999997,53415.630000000005
L06_001817,208,TRANSFER,23118.28,C1022618087,161493.0,138374.72,C1008543586,0.0,23118.28,0,0,L06_000909,LEGITIMATE_TRANSFER_CASHOUT,NONE,1,1,TRANSFER,0,0.3639707235423802,0.14315344937551472,0.3639708490424028,31532.659999999996,
L06_001818,213,CASH_OUT,8414.38,C1008543586,23118.28,148667.88,CASHOUT_L06_000909,0.0,0.0,0,0,L06_000909,LEGITIMATE_TRANSFER_CASHOUT,NONE,1,2,CASH_OUT,5,0.3639707235423802,0.14315344937551472,0.3639708490424028,31532.659999999996,14703.9
L06_001819,323,TRANSFER,18355.73,C1541880692,184515.31,166159.58,C970483017,3181483.96,3199839.69,0,0,L06_000910,LEGITIMATE_TRANSFER_CASHOUT,NONE,1,1,TRANSFER,0,0.21510231342955582,0.09948079647157734,0.0012339243157522058,22304.09,
L06_001820,328,CASH_OUT,3948.36,C970483017,3199839.69,0.0,CASHOUT_L06_000910,0.0,0.0,0,0,L06_000910,LEGITIMATE_TRANSFER_CASHOUT,NONE,1,2,CASH_OUT,5,0.21510231342955582,0.09948079647157734,0.0012339243157522058,22304.09,3195891.33
L06_001821,42,TRANSFER,52241.91,C432652488,376229.66,323987.75,C655663418,1503028.31,1555270.22,0,0,L06_000911,LEGITIMATE_TRANSFER_CASHOUT,NONE,1,1,TRANSFER,0,0.20001421821603524,0.13885643678385168,0.006718523807393419,62691.030000000006,
L06_001822,46,CASH_OUT,10449.12,C655663418,1555270.22,0.0,CASHOUT_L06_000911,0.0,0.0,0,0,L06_000911,LEGITIMATE_TRANSFER_CASHOUT,NONE,1,2,CASH_OUT,4,0.20001421821603524,0.13885643678385168,0.006718523807393419,62691.030000000006,1544821.0999999999
L06_001823,274,TRANSFER,15011.75,C689692627,107992.05,92980.3,C1146106437,2555770.6,2570782.35,0,0,L06_000912,LEGITIMATE_TRANSFER_CASHOUT,NONE,1,1,TRANSFER,0,0.2662700704893721,0.13900791771246124,0.0015548496355593851,19008.93,
L06_001824,278,CASH_OUT,3997.18,C1146106437,2570782.35,0.0,CASHOUT_L06_000912,0.0,0.0,0,0,L06_000912,LEGITIMATE_TRANSFER_CASHOUT,NONE,1,2,CASH_OUT,4,0.2662700704893721,0.13900791771246124,0.0015548496355593851,19008.93,2566785.17
L06_001825,41,TRANSFER,9302.51,C1822698346,69549.0,60246.49,C577022771,1822491.73,1831794.24,0,0,L06_000913,LEGITIMATE_TRANSFER_CASHOUT,NONE,1,1,TRANSFER,0,0.46259396481908255,0.13375476282908452,0.002349215815854951,13605.79,
L06_001826,46,CASH_OUT,4303.28,C577022771,1831794.24,0.0,CASHOUT_L06_000913,0.0,0.0,0,0,L06_000913,LEGITIMATE_TRANSFER_CASHOUT,NONE,1,2,CASH_OUT,5,0.46259396481908255,0.13375476282908452,0.002349215815854951,13605.79,1827490.96
L06_001827,132,TRANSFER,12152.43,C1333848450,81397.0,69244.57,C431164172,0.0,12152.43,0,0,L06_000914,LEGITIMATE_TRANSFER_CASHOUT,NONE,1,1,TRANSFER,0,0.3940299706984961,0.1492982542354141,0.39402983600810704,16940.85,
L06_001828,137,CASH_OUT,4788.42,C431164172,12152.43,0.0,CASHOUT_L06_000914,0.0,0.0,0,0,L06_000914,LEGITIMATE_TRANSFER_CASHOUT,NONE,1,2,CASH_OUT,5,0.3940299706984961,0.1492982542354141,0.39402983600810704,16940.85,7364.01
L06_001829,42,TRANSFER,9589.14,C346690177,76036.75,66447.61,C1310575604,970382.93,979972.0700000001,0,0,L06_000915,LEGITIMATE_TRANSFER_CASHOUT,NONE,1,1,TRANSFER,0,0.5756223562861189,0.1261119129894426,0.005632527873983184,15108.86,
L06_001830,44,CASH_OUT,5519.72,C1310575604,979972.0700000001,0.0,CASHOUT_L06_000915,0.0,0.0,0,0,L06_000915,LEGITIMATE_TRANSFER_CASHOUT,NONE,1,2,CASH_OUT,2,0.5756223562861189,0.1261119129894426,0.005632527873983184,15108.86,974452.3500000001
L06_001831,476,TRANSFER,22631.34,C1493503900,344129.0,321497.66,C1535647338,0.0,22631.34,0,0,L06_000916,LEGITIMATE_TRANSFER_CASHOUT,NONE,1,1,TRANSFER,0,0.5565203334360618,0.0657641175256953,0.5565202944235736,35226.14,
L06_001832,478,CASH_OUT,12594.8,C1535647338,22631.34,0.0,CASHOUT_L06_000916,0.0,0.0,0,0,L06_000916,LEGITIMATE_TRANSFER_CASHOUT,NONE,1,2,CASH_OUT,2,0.5565203334360618,0.0657641175256953,0.5565202944235736,35226.14,10036.54
L06_001833,225,TRANSFER,36987.15,C1555307652,264703.0,227715.85,C1742145591,0.0,36987.15,0,0,L06_000917,LEGITIMATE_TRANSFER_CASHOUT,NONE,1,1,TRANSFER,0,0.6057373611652339,0.13973075484599723,0.6057373979882202,59391.65,
L06_001834,226,CASH_OUT,22404.5,C1742145591,36987.15,0.0,CASHOUT_L06_000917,0.0,0.0,0,0,L06_000917,LEGITIMATE_TRANSFER_CASHOUT,NONE,1,2,CASH_OUT,1,0.6057373611652339,0.13973075484599723,0.6057373979882202,59391.65,14582.650000000001
L06_001835,379,TRANSFER,20781.27,C1383178612,142088.0,121306.73,C260469525,426168.63,446949.9,0,0,L06_000918,LEGITIMATE_TRANSFER_CASHOUT,NONE,1,1,TRANSFER,0,0.4972576633170713,0.14625633410280953,0.02312037657911994,31114.92,
L06_001836,380,CASH_OUT,10333.65,C260469525,446949.9,0.0,CASHOUT_L06_000918,0.0,0.0,0,0,L06_000918,LEGITIMATE_TRANSFER_CASHOUT,NONE,1,2,CASH_OUT,1,0.4972576633170713,0.14625633410280953,0.02312037657911994,31114.92,436616.25
L06_001837,281,TRANSFER,10510.03,C518773394,83183.0,72672.97,C1613003979,5519812.09,5530322.12,0,0,L06_000919,LEGITIMATE_TRANSFER_CASHOUT,NONE,1,1,TRANSFER,0,0.415161376842341,0.1263482923193441,0.0007889883998294117,14873.39,
L06_001838,284,CASH_OUT,4363.36,C1613003979,5530322.12,0.0,CASHOUT_L06_000919,0.0,0.0,0,0,L06_000919,LEGITIMATE_TRANSFER_CASHOUT,NONE,1,2,CASH_OUT,3,0.415161376842341,0.1263482923193441,0.0007889883998294117,14873.39,5525958.76
L06_001839,181,TRANSFER,23631.1,C769029427,347104.81,323473.71,C881885056,8665356.65,8688987.75,0,0,L06_000920,LEGITIMATE_TRANSFER_CASHOUT,NONE,1,1,TRANSFER,0,0.26186074976498036,0.06808058926063283,0.0007121727154005943,29819.16,
L06_001840,184,CASH_OUT,6188.06,C881885056,8688987.75,0.0,CASHOUT_L06_000920,0.0,0.0,0,0,L06_000920,LEGITIMATE_TRANSFER_CASHOUT,NONE,1,2,CASH_OUT,3,0.26186074976498036,0.06808058926063283,0.0007121727154005943,29819.16,8682799.69
L06_001841,354,TRANSFER,10755.17,C1690140561,79996.09,69240.92,C2080522614,3229981.78,3240736.9499999997,0,0,L06_000921,LEGITIMATE_TRANSFER_CASHOUT,NONE,1,1,TRANSFER,0,0.6314223207860543,0.13444619605783234,0.0020955264511672263,17546.22,
L06_001842,357,CASH_OUT,6791.05,C2080522614,3240736.9499999997,0.0,CASHOUT_L06_000921,0.0,0.0,0,0,L06_000921,LEGITIMATE_TRANSFER_CASHOUT,NONE,1,2,CASH_OUT,3,0.6314223207860543,0.13444619605783234,0.0020955264511672263,17546.22,3233945.9
L06_001843,188,TRANSFER,9569.26,C1701806586,100979.38,91410.12000000001,C1531514206,10343612.73,10353181.99,0,0,L06_000922,LEGITIMATE_TRANSFER_CASHOUT,NONE,1,1,TRANSFER,0,0.4792872836732254,0.09476449548412755,0.0004429961730055515,14155.68,
L06_001844,189,CASH_OUT,4586.42,C1531514206,10353181.99,0.0,CASHOUT_L06_000922,0.0,0.0,0,0,L06_000922,LEGITIMATE_TRANSFER_CASHOUT,NONE,1,2,CASH_OUT,1,0.4792872836732254,0.09476449548412755,0.0004429961730055515,14155.68,10348595.57
L06_001845,207,TRANSFER,65988.21,C1631444012,724495.36,658507.15,C1579696622,1193008.74,1258996.95,0,0,L06_000923,LEGITIMATE_TRANSFER_CASHOUT,NONE,1,1,TRANSFER,0,0.35266210949925675,0.09108161852133878,0.018484190926753238,89259.75,
L06_001846,210,CASH_OUT,23271.54,C1579696622,1258996.95,49723.9,CASHOUT_L06_000923,0.0,0.0,0,0,L06_000923,LEGITIMATE_TRANSFER_CASHOUT,NONE,1,2,CASH_OUT,3,0.35266210949925675,0.09108161852133878,0.018484190926753238,89259.75,1235725.41
L06_001847,381,TRANSFER,11798.02,C585170678,79917.0,68118.98,C1185037732,0.0,11798.02,0,0,L06_000924,LEGITIMATE_TRANSFER_CASHOUT,NONE,1,1,TRANSFER,0,0.23103455509133422,0.14762841448002303,0.23103452952275041,14523.77,
L06_001848,384,CASH_OUT,2725.75,C1185037732,11798.02,0.0,CASHOUT_L06_000924,0.0,0.0,0,0,L06_000924,LEGITIMATE_TRANSFER_CASHOUT,NONE,1,2,CASH_OUT,3,0.23103455509133422,0.14762841448002303,0.23103452952275041,14523.77,9072.27
L06_001849,167,TRANSFER,10633.31,C2137944341,85260.0,74626.69,C321169149,212253.46,222886.77,0,0,L06_000925,LEGITIMATE_TRANSFER_CASHOUT,NONE,1,1,TRANSFER,0,0.236428931112926,0.12471627961529438,0.011279359470281705,13147.33,
L06_001850,172,CASH_OUT,2514.02,C321169149,222886.77,0.0,CASHOUT_L06_000925,0.0,0.0,0,0,L06_000925,LEGITIMATE_TRANSFER_CASHOUT,NONE,1,2,CASH_OUT,5,0.236428931112926,0.12471627961529438,0.011279359470281705,13147.33,220372.75
L06_001851,21,TRANSFER,10515.68,C945875808,81901.42,71385.73999999999,C1310685539,2356708.62,2367224.3000000003,0,0,L06_000926,LEGITIMATE_TRANSFER_CASHOUT,NONE,1,1,TRANSFER,0,0.5680834272356299,0.12839435506734803,0.0025235377991008282,16489.46,
L06_001852,23,CASH_OUT,5973.78,C1310685539,2367224.3000000003,0.0,CASHOUT_L06_000926,0.0,0.0,0,0,L06_000926,LEGITIMATE_TRANSFER_CASHOUT,NONE,1,2,CASH_OUT,2,0.5680834272356299,0.12839435506734803,0.0025235377991008282,16489.46,2361250.5200000005
L06_001853,306,TRANSFER,32644.94,C1464455053,250993.0,218348.06,C366957890,145945.66,178590.6,0,0,L06_000927,LEGITIMATE_TRANSFER_CASHOUT,NONE,1,1,TRANSFER,0,0.35885045695019646,0.13006314917149084,0.06559499772104467,44359.59,
L06_001854,311,CASH_OUT,11714.65,C366957890,178590.6,0.0,CASHOUT_L06_000927,0.0,0.0,0,0,L06_000927,LEGITIMATE_TRANSFER_CASHOUT,NONE,1,2,CASH_OUT,5,0.35885045695019646,0.13006314917149084,0.06559499772104467,44359.59,166875.95
L06_001855,188,TRANSFER,9970.49,C776562195,70459.0,60488.51,C1070579034,0.0,9970.49,0,0,L06_000928,LEGITIMATE_TRANSFER_CASHOUT,NONE,1,1,TRANSFER,0,0.23965601361430316,0.14150768532054103,0.23965622552151397,12359.98,
L06_001856,192,CASH_OUT,2389.49,C1070579034,9970.49,12373.53,CASHOUT_L06_000928,0.0,0.0,0,0,L06_000928,LEGITIMATE_TRANSFER_CASHOUT,NONE,1,2,CASH_OUT,4,0.23965601361430316,0.14150768532054103,0.23965622552151397,12359.98,7581.0
L06_001857,403,TRANSFER,13808.27,C880069958,159009.0,145200.73,C2067285940,3213475.16,3227283.43,0,0,L06_000929,LEGITIMATE_TRANSFER_CASHOUT,NONE,1,1,TRANSFER,0,0.36853985059807337,0.08683954996258074,0.001576837024196539,18897.17,
L06_001858,404,CASH_OUT,5088.9,C2067285940,3227283.43,0.0,CASHOUT_L06_000929,0.0,0.0,0,0,L06_000929,LEGITIMATE_TRANSFER_CASHOUT,NONE,1,2,CASH_OUT,1,0.36853985059807337,0.08683954996258074,0.001576837024196539,18897.17,3222194.5300000003
L06_001859,15,TRANSFER,10552.45,C104139025,104290.1,93737.65000000001,C1287073460,1338709.39,1349261.8399999999,0,0,L06_000930,LEGITIMATE_TRANSFER_CASHOUT,NONE,1,1,TRANSFER,0,0.33471225090185985,0.1011836214559196,0.00261774986536342,14084.480000000001,
L06_001860,19,CASH_OUT,3532.03,C1287073460,1349261.8399999999,0.0,CASHOUT_L06_000930,0.0,0.0,0,0,L06_000930,LEGITIMATE_TRANSFER_CASHOUT,NONE,1,2,CASH_OUT,4,0.33471225090185985,0.1011836214559196,0.00261774986536342,14084.480000000001,1345729.8099999998
L06_001861,588,TRANSFER,19834.84,C1300088402,200486.0,180651.16,C527664769,156853.14,176687.98,0,0,L06_000931,LEGITIMATE_TRANSFER_CASHOUT,NONE,1,1,TRANSFER,0,0.533471867942212,0.09893379088814182,0.059887095885073786,30416.17,
L06_001862,591,CASH_OUT,10581.33,C527664769,176687.98,0.0,CASHOUT_L06_000931,0.0,0.0,0,0,L06_000931,LEGITIMATE_TRANSFER_CASHOUT,NONE,1,2,CASH_OUT,3,0.533471867942212,0.09893379088814182,0.059887095885073786,30416.17,166106.65000000002
L06_001863,158,TRANSFER,26127.23,C26981687,408135.0,382007.77,C437368215,0.0,26127.23,0,0,L06_000932,LEGITIMATE_TRANSFER_CASHOUT,NONE,1,1,TRANSFER,0,0.584189823419635,0.0640161466181533,0.5841897514585358,41390.49,
L06_001864,162,CASH_OUT,15263.26,C437368215,26127.23,0.0,CASHOUT_L06_000932,0.0,0.0,0,0,L06_000932,LEGITIMATE_TRANSFER_CASHOUT,NONE,1,2,CASH_OUT,4,0.584189823419635,0.0640161466181533,0.5841897514585358,41390.49,10863.97
L06_001865,183,TRANSFER,28612.93,C995504974,219267.0,190654.07,C562736582,939366.96,967979.89,0,0,L06_000933,LEGITIMATE_TRANSFER_CASHOUT,NONE,1,1,TRANSFER,0,0.42268727647017607,0.13049355352150574,0.012494391799813114,40707.25,
L06_001866,188,CASH_OUT,12094.32,C562736582,967979.89,198017.29,CASHOUT_L06_000933,0.0,0.0,0,0,L06_000933,LEGITIMATE_TRANSFER_CASHOUT,NONE,1,2,CASH_OUT,5,0.42268727647017607,0.13049355352150574,0.012494391799813114,40707.25,955885.5700000001
L06_001867,214,TRANSFER,15301.7,C835312298,118727.0,103425.3,C900195455,433261.54,448563.24,0,0,L06_000934,LEGITIMATE_TRANSFER_CASHOUT,NONE,1,1,TRANSFER,0,0.5095621175176838,0.12888138334161564,0.01738254342910489,23098.870000000003,
L06_001868,219,CASH_OUT,7797.17,C900195455,448563.24,0.0,CASHOUT_L06_000934,0.0,0.0,0,0,L06_000934,LEGITIMATE_TRANSFER_CASHOUT,NONE,1,2,CASH_OUT,5,0.5095621175176838,0.12888138334161564,0.01738254342910489,23098.870000000003,440766.07
L06_001869,186,TRANSFER,9776.93,C1236115788,75551.0,65774.07,C791872043,0.0,9776.93,0,0,L06_000935,LEGITIMATE_TRANSFER_CASHOUT,NONE,1,1,TRANSFER,0,0.2503931722340701,0.12940834667972628,0.25039352843888624,12225.01,
L06_001870,190,CASH_OUT,2448.08,C791872043,9776.93,0.0,CASHOUT_L06_000935,0.0,0.0,0,0,L06_000935,LEGITIMATE_TRANSFER_CASHOUT,NONE,1,2,CASH_OUT,4,0.2503931722340701,0.12940834667972628,0.25039352843888624,12225.01,7328.85
L06_001871,305,TRANSFER,8906.41,C283715544,65558.03,56651.619999999995,C1646768211,1225783.41,1234689.8199999998,0,0,L06_000936,LEGITIMATE_TRANSFER_CASHOUT,NONE,1,1,TRANSFER,0,0.4335502941491106,0.1358553635611076,0.003127408955230554,12767.79,
L06_001872,310,CASH_OUT,3861.38,C1646768211,1234689.8199999998,0.0,CASHOUT_L06_000936,0.0,0.0,0,0,L06_000936,LEGITIMATE_TRANSFER_CASHOUT,NONE,1,2,CASH_OUT,5,0.4335502941491106,0.1358553635611076,0.003127408955230554,12767.79,1230828.44
L06_001873,154,TRANSFER,102213.52,C885593726,747695.22,645481.7,C2062859621,1132298.45,1234511.97,0,0,L06_000937,LEGITIMATE_TRANSFER_CASHOUT,NONE,1,1,TRANSFER,0,0.6427558587836777,0.13670479262927482,0.05321806640724593,167911.86,
L06_001874,155,CASH_OUT,65698.34,C2062859621,1234511.97,0.0,CASHOUT_L06_000937,0.0,0.0,0,0,L06_000937,LEGITIMATE_TRANSFER_CASHOUT,NONE,1,2,CASH_OUT,1,0.6427558587836777,0.13670479262927482,0.05321806640724593,167911.86,1168813.63
L06_001875,377,TRANSFER,15255.58,C390623901,105492.0,90236.42,C765163762,10134.92,25390.5,0,0,L06_000938,LEGITIMATE_TRANSFER_CASHOUT,NONE,1,1,TRANSFER,0,0.22709961793149105,0.14461361999014144,0.13645024713967824,18720.12,
L06_001876,378,CASH_OUT,3464.54,C765163762,25390.5,0.0,CASHOUT_L06_000938,0.0,0.0,0,0,L06_000938,LEGITIMATE_TRANSFER_CASHOUT,NONE,1,2,CASH_OUT,1,0.22709961793149105,0.14461361999014144,0.13645024713967824,18720.12,21925.96
L06_001877,182,TRANSFER,8914.83,C439829286,125637.0,116722.17,C1089817117,30699.0,39613.83,0,0,L06_000939,LEGITIMATE_TRANSFER_CASHOUT,NONE,1,1,TRANSFER,0,0.5839947024709683,0.07095704290933404,0.1314240506408999,14121.04,
L06_001878,183,CASH_OUT,5206.21,C1089817117,39613.83,0.0,CASHOUT_L06_000939,0.0,0.0,0,0,L06_000939,LEGITIMATE_TRANSFER_CASHOUT,NONE,1,2,CASH_OUT,1,0.5839947024709683,0.07095704290933404,0.1314240506408999,14121.04,34407.62
L06_001879,259,TRANSFER,10879.61,C963030343,99236.0,88356.39,C1069148690,581349.08,592228.69,0,0,L06_000940,LEGITIMATE_TRANSFER_CASHOUT,NONE,1,1,TRANSFER,0,0.6253181423718828,0.10963370147930188,0.011487488051279651,17682.83,
L06_001880,264,CASH_OUT,6803.22,C1069148690,592228.69,0.0,CASHOUT_L06_000940,0.0,0.0,0,0,L06_000940,LEGITIMATE_TRANSFER_CASHOUT,NONE,1,2,CASH_OUT,5,0.6253181423718828,0.10963370147930188,0.011487488051279651,17682.83,585425.47
L06_001881,399,TRANSFER,9633.21,C852780051,517187.0,507553.79,C881474601,41370.0,51003.21,0,0,L06_000941,LEGITIMATE_TRANSFER_CASHOUT,NONE,1,1,TRANSFER,0,0.6284271192832347,0.018626164230732788,0.11869390181519948,15686.98,
L06_001882,401,CASH_OUT,6053.77,C881474601,51003.21,0.0,CASHOUT_L06_000941,0.0,0.0,0,0,L06_000941,LEGITIMATE_TRANSFER_CASHOUT,NONE,1,2,CASH_OUT,2,0.6284271192832347,0.018626164230732788,0.11869390181519948,15686.98,44949.44
L06_001883,350,TRANSFER,23852.27,C1552469424,228317.0,204464.73,C158900997,0.0,23852.27,0,0,L06_000942,LEGITIMATE_TRANSFER_CASHOUT,NONE,1,1,TRANSFER,0,0.5550226820212751,0.10446996938467132,0.5550226456433706,37090.82,
L06_001884,352,CASH_OUT,13238.55,C158900997,23852.27,96433.42,CASHOUT_L06_000942,0.0,0.0,0,0,L06_000942,LEGITIMATE_TRANSFER_CASHOUT,NONE,1,2,CASH_OUT,2,0.5550226820212751,0.10446996938467132,0.5550226456433706,37090.82,10613.720000000001
L06_001885,373,TRANSFER,19330.9,C490289040,153024.0,133693.1,C1567569461,302210.02,321540.92000000004,0,0,L06_000943,LEGITIMATE_TRANSFER_CASHOUT,NONE,1,1,TRANSFER,0,0.27088896246107774,0.12632593580092014,0.016285734332040846,24567.43,
L06_001886,374,CASH_OUT,5236.53,C1567569461,321540.92000000004,0.0,CASHOUT_L06_000943,0.0,0.0,0,0,L06_000943,LEGITIMATE_TRANSFER_CASHOUT,NONE,1,2,CASH_OUT,1,0.27088896246107774,0.12632593580092014,0.016285734332040846,24567.43,316304.39
L06_001887,354,TRANSFER,14383.39,C2095395001,224768.0,210384.61,C1397522239,0.0,14383.39,0,0,L06_000944,LEGITIMATE_TRANSFER_CASHOUT,NONE,1,1,TRANSFER,0,0.5599026978447157,0.06399216080580865,0.5599027767445645,22436.69,
L06_001888,356,CASH_OUT,8053.3,C1397522239,14383.39,0.0,CASHOUT_L06_000944,0.0,0.0,0,0,L06_000944,LEGITIMATE_TRANSFER_CASHOUT,NONE,1,2,CASH_OUT,2,0.5599026978447157,0.06399216080580865,0.5599027767445645,22436.69,6330.089999999999
L06_001889,371,TRANSFER,11527.31,C150655208,99606.0,88078.69,C2084663078,0.0,11527.31,0,0,L06_000945,LEGITIMATE_TRANSFER_CASHOUT,NONE,1,1,TRANSFER,0,0.30367383269827475,0.11572907254583056,0.30367362376825124,15027.849999999999,
L06_001890,372,CASH_OUT,3500.54,C2084663078,11527.31,0.0,CASHOUT_L06_000945,0.0,0.0,0,0,L06_000945,LEGITIMATE_TRANSFER_CASHOUT,NONE,1,2,CASH_OUT,1,0.30367383269827475,0.11572907254583056,0.30367362376825124,15027.849999999999,8026.7699999999995
L06_001891,181,TRANSFER,8946.52,C255485536,59983.0,51036.479999999996,C1759768854,214202.15,223148.66999999998,0,0,L06_000946,LEGITIMATE_TRANSFER_CASHOUT,NONE,1,1,TRANSFER,0,0.5061049753923703,0.14915092609572714,0.020290867070818754,13474.400000000001,
L06_001892,182,CASH_OUT,4527.88,C1759768854,223148.66999999998,0.0,CASHOUT_L06_000946,0.0,0.0,0,0,L06_000946,LEGITIMATE_TRANSFER_CASHOUT,NONE,1,2,CASH_OUT,1,0.5061049753923703,0.14915092609572714,0.020290867070818754,13474.400000000001,218620.78999999998
L06_001893,403,TRANSFER,8885.18,C1183073006,62233.0,53347.82,C2068346028,0.0,8885.18,0,0,L06_000947,LEGITIMATE_TRANSFER_CASHOUT,NONE,1,1,TRANSFER,0,0.34108183890431654,0.14277280542477463,0.3410814412313538,11915.75,
L06_001894,407,CASH_OUT,3030.57,C2068346028,8885.18,0.0,CASHOUT_L06_000947,0.0,0.0,0,0,L06_000947,LEGITIMATE_TRANSFER_CASHOUT,NONE,1,2,CASH_OUT,4,0.34108183890431654,0.14277280542477463,0.3410814412313538,11915.75,5854.610000000001
L06_001895,259,TRANSFER,9707.87,C81645812,100860.0,91152.13,C600169144,0.0,9707.87,0,0,L06_000948,LEGITIMATE_TRANSFER_CASHOUT,NONE,1,1,TRANSFER,0,0.4891696328877493,0.0962509418996629,0.48917012691764516,14456.670000000002,
L06_001896,261,CASH_OUT,4748.8,C600169144,9707.87,0.0,CASHOUT_L06_000948,0.0,0.0,0,0,L06_000948,LEGITIMATE_TRANSFER_CASHOUT,NONE,1,2,CASH_OUT,2,0.4891696328877493,0.0962509418996629,0.48917012691764516,14456.670000000002,4959.070000000001
L06_001897,164,TRANSFER,34809.99,C252410754,575837.0,541027.01,C33476989,1892809.1,1927619.09,0,0,L06_000949,LEGITIMATE_TRANSFER_CASHOUT,NONE,1,1,TRANSFER,0,0.3175000286568479,0.06045111724324765,0.005733586089355444,45862.159999999996,
L06_001898,166,CASH_OUT,11052.17,C33476989,1927619.09,0.0,CASHOUT_L06_000949,0.0,0.0,0,0,L06_000949,LEGITIMATE_TRANSFER_CASHOUT,NONE,1,2,CASH_OUT,2,0.3175000286568479,0.06045111724324765,0.005733586089355444,45862.159999999996,1916566.9200000002
L06_001899,205,TRANSFER,10067.74,C1942332145,73858.0,63790.26,C53105230,0.0,10067.74,0,0,L06_000950,LEGITIMATE_TRANSFER_CASHOUT,NONE,1,1,TRANSFER,0,0.5102632458418055,0.13631211243196403,0.5102634752188674,15204.939999999999,
L06_001900,210,CASH_OUT,5137.2,C53105230,10067.74,0.0,CASHOUT_L06_000950,0.0,0.0,0,0,L06_000950,LEGITIMATE_TRANSFER_CASHOUT,NONE,1,2,CASH_OUT,5,0.5102632458418055,0.13631211243196403,0.5102634752188674,15204.939999999999,4930.54
L06_001901,10,TRANSFER,17136.75,C456890882,237894.0,220757.25,C1182908789,399992.83,417129.58,0,0,L06_000951,LEGITIMATE_TRANSFER_CASHOUT,NONE,1,1,TRANSFER,0,0.20925008816256277,0.07203523417992888,0.008596537315814428,20722.62,
L06_001902,12,CASH_OUT,3585.87,C1182908789,417129.58,0.0,CASHOUT_L06_000951,0.0,0.0,0,0,L06_000951,LEGITIMATE_TRANSFER_CASHOUT,NONE,1,2,CASH_OUT,2,0.20925008816256277,0.07203523417992888,0.008596537315814428,20722.62,413543.71
L06_001903,137,TRANSFER,9545.76,C1142919906,71333.0,61787.24,C650794918,128314.87,137860.63,0,0,L06_000952,LEGITIMATE_TRANSFER_CASHOUT,NONE,1,1,TRANSFER,0,0.23537787205170865,0.13381969074621844,0.016298054056477183,11792.62,
L06_001904,140,CASH_OUT,2246.86,C650794918,137860.63,0.0,CASHOUT_L06_000952,0.0,0.0,0,0,L06_000952,LEGITIMATE_TRANSFER_CASHOUT,NONE,1,2,CASH_OUT,3,0.23537787205170865,0.13381969074621844,0.016298054056477183,11792.62,135613.77000000002
L06_001905,329,TRANSFER,11928.89,C192305839,96628.0,84699.11,C717035790,299568.21,311497.10000000003,0,0,L06_000953,LEGITIMATE_TRANSFER_CASHOUT,NONE,1,1,TRANSFER,0,0.2955270358860897,0.12345169102123607,0.011317312424417433,15454.199999999999,
L06_001906,333,CASH_OUT,3525.31,C717035790,311497.10000000003,0.0,CASHOUT_L06_000953,0.0,0.0,0,0,L06_000953,LEGITIMATE_TRANSFER_CASHOUT,NONE,1,2,CASH_OUT,4,0.2955270358860897,0.12345169102123607,0.011317312424417433,15454.199999999999,307971.79000000004
L06_001907,187,TRANSFER,23943.05,C1197232420,203290.0,179346.95,C1003528765,4014883.46,4038826.51,0,0,L06_000954,LEGITIMATE_TRANSFER_CASHOUT,NONE,1,1,TRANSFER,0,0.4334909688102042,0.11777780510600619,0.002569830611515918,34322.15,
L06_001908,189,CASH_OUT,10379.1,C1003528765,4038826.51,0.0,CASHOUT_L06_000954,0.0,0.0,0,0,L06_000954,LEGITIMATE_TRANSFER_CASHOUT,NONE,1,2,CASH_OUT,2,0.4334909688102042,0.11777780510600619,0.002569830611515918,34322.15,4028447.4099999997
L06_001909,40,TRANSFER,102487.82,C1980953545,1207841.84,1105354.02,C38219456,1031296.26,1133784.08,0,0,L06_000955,LEGITIMATE_TRANSFER_CASHOUT,NONE,1,1,TRANSFER,0,0.2846890695177372,0.08485202002937736,0.02573431794879321,131664.98,
L06_001910,41,CASH_OUT,29177.16,C38219456,1133784.08,798679.45,CASHOUT_L06_000955,0.0,0.0,0,0,L06_000955,LEGITIMATE_TRANSFER_CASHOUT,NONE,1,2,CASH_OUT,1,0.2846890695177372,0.08485202002937736,0.02573431794879321,131664.98,1104606.9200000002
L06_001911,406,TRANSFER,11678.12,C372746495,81915.0,70236.88,C1559199129,114204.86,125882.98,0,0,L06_000956,LEGITIMATE_TRANSFER_CASHOUT,NONE,1,1,TRANSFER,0,0.4654528600764371,0.1425638771897699,0.04317986434703087,17113.73,
L06_001912,407,CASH_OUT,5435.61,C1559199129,125882.98,0.0,CASHOUT_L06_000956,0.0,0.0,0,0,L06_000956,LEGITIMATE_TRANSFER_CASHOUT,NONE,1,2,CASH_OUT,1,0.4654528600764371,0.1425638771897699,0.04317986434703087,17113.73,120447.37
L06_001913,15,TRANSFER,14701.25,C1131389406,100683.0,85981.75,C1415372947,78300.06,93001.31,0,0,L06_000957,LEGITIMATE_TRANSFER_CASHOUT,NONE,1,1,TRANSFER,0,0.22311408688421697,0.1460152160742131,0.03526896556618396,17981.31,
L06_001914,19,CASH_OUT,3280.06,C1415372947,93001.31,0.0,CASHOUT_L06_000957,0.0,0.0,0,0,L06_000957,LEGITIMATE_TRANSFER_CASHOUT,NONE,1,2,CASH_OUT,4,0.22311408688421697,0.1460152160742131,0.03526896556618396,17981.31,89721.25
L06_001915,182,TRANSFER,10448.06,C1202669298,79889.0,69440.94,C795314539,0.0,10448.06,0,0,L06_000958,LEGITIMATE_TRANSFER_CASHOUT,NONE,1,1,TRANSFER,0,0.28797028423286686,0.13078221031681458,0.28797020690922526,13456.789999999999,
L06_001916,184,CASH_OUT,3008.73,C795314539,10448.06,0.0,CASHOUT_L06_000958,0.0,0.0,0,0,L06_000958,LEGITIMATE_TRANSFER_CASHOUT,NONE,1,2,CASH_OUT,2,0.28797028423286686,0.13078221031681458,0.28797020690922526,13456.789999999999,7439.33
L06_001917,349,TRANSFER,18528.89,C1199128112,232918.0,214389.11,C592245127,2554190.54,2572719.43,0,0,L06_000959,LEGITIMATE_TRANSFER_CASHOUT,NONE,1,1,TRANSFER,0,0.28235971750442723,0.07955112958208468,0.002033571923542397,23760.7,
L06_001918,352,CASH_OUT,5231.81,C592245127,2572719.43,0.0,CASHOUT_L06_000959,0.0,0.0,0,0,L06_000959,LEGITIMATE_TRANSFER_CASHOUT,NONE,1,2,CASH_OUT,3,0.28235971750442723,0.07955112958208468,0.002033571923542397,23760.7,2567487.62
L06_001919,227,TRANSFER,31078.63,C2055272373,497740.0,466661.37,C488560864,0.0,31078.63,0,0,L06_000960,LEGITIMATE_TRANSFER_CASHOUT,NONE,1,1,TRANSFER,0,0.5665115261805918,0.06243948647888456,0.5665114581949076,48685.03,
L06_001920,232,CASH_OUT,17606.4,C488560864,31078.63,0.0,CASHOUT_L06_000960,0.0,0.0,0,0,L06_000960,LEGITIMATE_TRANSFER_CASHOUT,NONE,1,2,CASH_OUT,5,0.5665115261805918,0.06243948647888456,0.5665114581949076,48685.03,13472.23
L06_001921,323,TRANSFER,44182.31,C701140142,327733.0,283550.69,C1935460405,0.0,44182.31,0,0,L06_000961,LEGITIMATE_TRANSFER_CASHOUT,NONE,1,1,TRANSFER,0,0.38606237301939905,0.13481190481275915,0.38606243086882513,61239.44,
L06_001922,328,CASH_OUT,17057.13,C1935460405,44182.31,0.0,CASHOUT_L06_000961,0.0,0.0,0,0,L06_000961,LEGITIMATE_TRANSFER_CASHOUT,NONE,1,2,CASH_OUT,5,0.38606237301939905,0.13481190481275915,0.38606243086882513,61239.44,27125.179999999997
L06_001923,192,TRANSFER,9818.09,C1000063833,79688.32,69870.23000000001,C376115864,1847211.23,1857029.32,0,0,L06_000962,LEGITIMATE_TRANSFER_CASHOUT,NONE,1,1,TRANSFER,0,0.3147355765321463,0.12320613610627001,0.0016640017293857265,12908.19,
L06_001924,195,CASH_OUT,3090.1,C376115864,1857029.32,0.0,CASHOUT_L06_000962,0.0,0.0,0,0,L06_000962,LEGITIMATE_TRANSFER_CASHOUT,NONE,1,2,CASH_OUT,3,0.3147355765321463,0.12320613610627001,0.0016640017293857265,12908.19,1853939.22
L06_001925,356,TRANSFER,18553.3,C1587957934,811758.69,793205.3899999999,C1682835239,891980.98,910534.28,0,0,L06_000963,LEGITIMATE_TRANSFER_CASHOUT,NONE,1,1,TRANSFER,0,0.5263458372566612,0.022855683873245634,0.010724966884278098,28318.75,
L06_001926,361,CASH_OUT,9765.45,C1682835239,910534.28,284384.28,CASHOUT_L06_000963,0.0,0.0,0,0,L06_000963,LEGITIMATE_TRANSFER_CASHOUT,NONE,1,2,CASH_OUT,5,0.5263458372566612,0.022855683873245634,0.010724966884278098,28318.75,900768.8300000001
L06_001927,165,TRANSFER,9356.14,C397349189,64255.0,54898.86,C479713830,185555.47,194911.61,0,0,L06_000964,LEGITIMATE_TRANSFER_CASHOUT,NONE,1,1,TRANSFER,0,0.46562832914829544,0.14560952455061862,0.022351054408713773,13712.619999999999,
L06_001928,166,CASH_OUT,4356.48,C479713830,194911.61,0.0,CASHOUT_L06_000964,0.0,0.0,0,0,L06_000964,LEGITIMATE_TRANSFER_CASHOUT,NONE,1,2,CASH_OUT,1,0.46562832914829544,0.14560952455061862,0.022351054408713773,13712.619999999999,190555.12999999998
L06_001929,157,TRANSFER,10399.13,C1994048534,69406.0,59006.87,C682235594,296063.51,306462.64,0,0,L06_000965,LEGITIMATE_TRANSFER_CASHOUT,NONE,1,1,TRANSFER,0,0.6360458437103429,0.14983041811947093,0.021582793909234742,17013.449999999997,
L06_001930,162,CASH_OUT,6614.32,C682235594,306462.64,0.0,CASHOUT_L06_000965,0.0,0.0,0,0,L06_000965,LEGITIMATE_TRANSFER_CASHOUT,NONE,1,2,CASH_OUT,5,0.6360458437103429,0.14983041811947093,0.021582793909234742,17013.449999999997,299848.32
L06_001931,233,TRANSFER,28810.37,C779574182,258646.03,229835.66,C2086635900,1912344.79,1941155.1600000001,0,0,L06_000966,LEGITIMATE_TRANSFER_CASHOUT,NONE,1,1,TRANSFER,0,0.23430195777401785,0.11138918312413301,0.0034774809036903567,35560.7,
L06_001932,236,CASH_OUT,6750.33,C2086635900,1941155.1600000001,0.0,CASHOUT_L06_000966,0.0,0.0,0,0,L06_000966,LEGITIMATE_TRANSFER_CASHOUT,NONE,1,2,CASH_OUT,3,0.23430195777401785,0.11138918312413301,0.0034774809036903567,35560.7,1934404.83
L06_001933,252,TRANSFER,16189.4,C382083150,186837.0,170647.6,C1974435551,315698.53,331887.93000000005,0,0,L06_000967,LEGITIMATE_TRANSFER_CASHOUT,NONE,1,1,TRANSFER,0,0.39155254917583676,0.0866498605736551,0.019099820834099026,22528.4,
L06_001934,253,CASH_OUT,6339.0,C1974435551,331887.93000000005,0.0,CASHOUT_L06_000967,0.0,0.0,0,0,L06_000967,LEGITIMATE_TRANSFER_CASHOUT,NONE,1,2,CASH_OUT,1,0.39155254917583676,0.0866498605736551,0.019099820834099026,22528.4,325548.93000000005
L06_001935,133,TRANSFER,48286.28,C1873752843,419176.53,370890.25,C1309506129,0.0,48286.28,0,0,L06_000968,LEGITIMATE_TRANSFER_CASHOUT,NONE,1,1,TRANSFER,0,0.2867236074942602,0.11519318603071597,0.28672368217224437,62131.1,
L06_001936,136,CASH_OUT,13844.82,C1309506129,48286.28,0.0,CASHOUT_L06_000968,0.0,0.0,0,0,L06_000968,LEGITIMATE_TRANSFER_CASHOUT,NONE,1,2,CASH_OUT,3,0.2867236074942602,0.11519318603071597,0.28672368217224437,62131.1,34441.46
L06_001937,36,TRANSFER,9987.65,C304435152,73607.0,63619.35,C591183428,4808990.93,4818978.58,0,0,L06_000969,LEGITIMATE_TRANSFER_CASHOUT,NONE,1,1,TRANSFER,0,0.2901267478108585,0.13568886111375275,0.0006013058476802774,12885.33,
L06_001938,38,CASH_OUT,2897.68,C591183428,4818978.58,0.0,CASHOUT_L06_000969,0.0,0.0,0,0,L06_000969,LEGITIMATE_TRANSFER_CASHOUT,NONE,1,2,CASH_OUT,2,0.2901267478108585,0.13568886111375275,0.0006013058476802774,12885.33,4816080.9
L06_001939,140,TRANSFER,49489.59,C963664055,441025.88,391536.29000000004,C250521447,141542.32,191031.91,0,0,L06_000970,LEGITIMATE_TRANSFER_CASHOUT,NONE,1,1,TRANSFER,0,0.5358978319890524,0.11221470721854236,0.13883209354918769,76010.95,
L06_001940,143,CASH_OUT,26521.36,C250521447,191031.91,331887.59,CASHOUT_L06_000970,0.0,0.0,0,0,L06_000970,LEGITIMATE_TRANSFER_CASHOUT,NONE,1,2,CASH_OUT,3,0.5358978319890524,0.11221470721854236,0.13883209354918769,76010.95,164510.55
L06_001941,300,TRANSFER,20324.51,C760225429,499381.0,479056.49,C191795782,409554.36,429878.87,0,0,L06_000971,LEGITIMATE_TRANSFER_CASHOUT,NONE,1,1,TRANSFER,0,0.6345091526003408,0.0406994058644602,0.029999357726049666,33220.6,
L06_001942,301,CASH_OUT,12896.09,C191795782,429878.87,86281.22,CASHOUT_L06_000971,0.0,0.0,0,0,L06_000971,LEGITIMATE_TRANSFER_CASHOUT,NONE,1,2,CASH_OUT,1,0.6345091526003408,0.0406994058644602,0.029999357726049666,33220.6,416982.77999999997
L06_001943,351,TRANSFER,9097.79,C812446148,79744.0,70646.20999999999,C69810765,591986.96,601084.75,0,0,L06_000972,LEGITIMATE_TRANSFER_CASHOUT,NONE,1,1,TRANSFER,0,0.6189707886941955,0.11408745485553773,0.009368512510091132,14729.060000000001,
L06_001944,352,CASH_OUT,5631.27,C69810765,601084.75,0.0,CASHOUT_L06_000972,0.0,0.0,0,0,L06_000972,LEGITIMATE_TRANSFER_CASHOUT,NONE,1,2,CASH_OUT,1,0.6189707886941955,0.11408745485553773,0.009368512510091132,14729.060000000001,595453.48
L06_001945,256,TRANSFER,8996.94,C1451018702,60572.0,51575.06,C2061603102,33251.09,42248.03,0,0,L06_000973,LEGITIMATE_TRANSFER_CASHOUT,NONE,1,1,TRANSFER,0,0.5165527043785733,0.14853298553787228,0.11000252556154691,13644.330000000002,
L06_001946,261,CASH_OUT,4647.39,C2061603102,42248.03,0.0,CASHOUT_L06_000973,0.0,0.0,0,0,L06_000973,LEGITIMATE_TRANSFER_CASHOUT,NONE,1,2,CASH_OUT,5,0.5165527043785733,0.14853298553787228,0.11000252556154691,13644.330000000002,37600.64
L06_001947,372,TRANSFER,9245.73,C1411675982,62041.0,52795.270000000004,C963750324,46856.52,56102.25,0,0,L06_000974,LEGITIMATE_TRANSFER_CASHOUT,NONE,1,1,TRANSFER,0,0.6294886926678545,0.14902612788317401,0.10374058081449496,15065.81,
L06_001948,375,CASH_OUT,5820.08,C963750324,56102.25,0.0,CASHOUT_L06_000974,0.0,0.0,0,0,L06_000974,LEGITIMATE_TRANSFER_CASHOUT,NONE,1,2,CASH_OUT,3,0.6294886926678545,0.14902612788317401,0.10374058081449496,15065.81,50282.17
L06_001949,36,TRANSFER,26340.22,C181752947,558153.53,531813.31,C889274961,1947679.89,1974020.1099999999,0,0,L06_000975,LEGITIMATE_TRANSFER_CASHOUT,NONE,1,1,TRANSFER,0,0.5809003460998181,0.04719171085418021,0.007751207762518692,41641.26,
L06_001950,41,CASH_OUT,15301.04,C889274961,1974020.1099999999,0.0,CASHOUT_L06_000975,0.0,0.0,0,0,L06_000975,LEGITIMATE_TRANSFER_CASHOUT,NONE,1,2,CASH_OUT,5,0.5809003460998181,0.04719171085418021,0.007751207762518692,41641.26,1958719.0699999998
L06_001951,232,TRANSFER,23175.63,C87069851,158838.0,135662.37,C2116410059,0.0,23175.63,0,0,L06_000976,LEGITIMATE_TRANSFER_CASHOUT,NONE,1,1,TRANSFER,0,0.31967262021120557,0.14590733955350735,0.3196724317742387,30584.24,
L06_001952,236,CASH_OUT,7408.61,C2116410059,23175.63,0.0,CASHOUT_L06_000976,0.0,0.0,0,0,L06_000976,LEGITIMATE_TRANSFER_CASHOUT,NONE,1,2,CASH_OUT,4,0.31967262021120557,0.14590733955350735,0.3196724317742387,30584.24,15767.02
L06_001953,397,TRANSFER,102848.68,C1787481961,925775.16,822926.48,C2112620794,722251.51,825100.19,0,0,L06_000977,LEGITIMATE_TRANSFER_CASHOUT,NONE,1,1,TRANSFER,0,0.2518751922790786,0.11109466363301429,0.03139622353013881,128753.70999999999,
L06_001954,399,CASH_OUT,25905.03,C2112620794,825100.19,826496.79,CASHOUT_L06_000977,0.0,0.0,0,0,L06_000977,LEGITIMATE_TRANSFER_CASHOUT,NONE,1,2,CASH_OUT,2,0.2518751922790786,0.11109466363301429,0.03139622353013881,128753.70999999999,799195.1599999999
L06_001955,280,TRANSFER,15178.16,C94236730,104836.0,89657.84,C1512946078,0.0,15178.16,0,0,L06_000978,LEGITIMATE_TRANSFER_CASHOUT,NONE,1,1,TRANSFER,0,0.3524731487008401,0.14478003739173567,0.3524728952653023,20528.05,
L06_001956,282,CASH_OUT,5349.89,C1512946078,15178.16,0.0,CASHOUT_L06_000978,0.0,0.0,0,0,L06_000978,LEGITIMATE_TRANSFER_CASHOUT,NONE,1,2,CASH_OUT,2,0.3524731487008401,0.14478003739173567,0.3524728952653023,20528.05,9828.27
L06_001957,229,TRANSFER,16146.84,C1002557543,171900.79,155753.95,C205151980,880253.46,896400.2999999999,0,0,L06_000979,LEGITIMATE_TRANSFER_CASHOUT,NONE,1,1,TRANSFER,0,0.5584667025431169,0.09393115645367307,0.010059646343268738,25164.309999999998,
L06_001958,231,CASH_OUT,9017.47,C205151980,896400.2999999999,0.0,CASHOUT_L06_000979,0.0,0.0,0,0,L06_000979,LEGITIMATE_TRANSFER_CASHOUT,NONE,1,2,CASH_OUT,2,0.5584667025431169,0.09393115645367307,0.010059646343268738,25164.309999999998,887382.83
L06_001959,182,TRANSFER,15820.86,C210894558,138929.12,123108.26,C4262035,17419.57,33240.43,0,0,L06_000980,LEGITIMATE_TRANSFER_CASHOUT,NONE,1,1,TRANSFER,0,0.6187727864874395,0.113877205873038,0.2945064188399488,25610.38,
L06_001960,186,CASH_OUT,9789.52,C4262035,33240.43,0.0,CASHOUT_L06_000980,0.0,0.0,0,0,L06_000980,LEGITIMATE_TRANSFER_CASHOUT,NONE,1,2,CASH_OUT,4,0.6187727864874395,0.113877205873038,0.2945064188399488,25610.38,23450.91
L06_001961,13,TRANSFER,19873.93,C1339568851,152811.0,132937.07,C1531689751,576572.13,596446.06,0,0,L06_000981,LEGITIMATE_TRANSFER_CASHOUT,NONE,1,1,TRANSFER,0,0.2557834469788952,0.13005562426788647,0.008522849492877863,24957.35,
L06_001962,14,CASH_OUT,5083.42,C1531689751,596446.06,0.0,CASHOUT_L06_000981,0.0,0.0,0,0,L06_000981,LEGITIMATE_TRANSFER_CASHOUT,NONE,1,2,CASH_OUT,1,0.2557834469788952,0.13005562426788647,0.008522849492877863,24957.35,591362.64
L06_001963,17,TRANSFER,22229.21,C1979650324,732961.01,710731.8,C1520396489,192154.05,214383.25999999998,0,0,L06_000982,LEGITIMATE_TRANSFER_CASHOUT,NONE,1,1,TRANSFER,0,0.4918399381370429,0.030327957008245227,0.050998431500668476,33162.42,
L06_001964,22,CASH_OUT,10933.21,C1520396489,214383.25999999998,0.0,CASHOUT_L06_000982,0.0,0.0,0,0,L06_000982,LEGITIMATE_TRANSFER_CASHOUT,NONE,1,2,CASH_OUT,5,0.4918399381370429,0.030327957008245227,0.050998431500668476,33162.42,203450.05
L06_001965,179,TRANSFER,9693.84,C657815805,74513.5,64819.66,C405801618,1995538.65,2005232.49,0,0,L06_000983,LEGITIMATE_TRANSFER_CASHOUT,NONE,1,1,TRANSFER,0,0.6231107654126369,0.13009508344125562,0.003012289113667812,15734.18,
L06_001966,182,CASH_OUT,6040.34,C405801618,2005232.49,0.0,CASHOUT_L06_000983,0.0,0.0,0,0,L06_000983,LEGITIMATE_TRANSFER_CASHOUT,NONE,1,2,CASH_OUT,3,0.6231107654126369,0.13009508344125562,0.003012289113667812,15734.18,1999192.15
L06_001967,305,TRANSFER,9739.77,C1941620495,166303.0,156563.23,C1808486333,187352.76,197092.53,0,0,L06_000984,LEGITIMATE_TRANSFER_CASHOUT,NONE,1,1,TRANSFER,0,0.3876912126377495,0.058566411910789345,0.01915861549902475,13515.79,
L06_001968,308,CASH_OUT,3776.02,C1808486333,197092.53,0.0,CASHOUT_L06_000984,0.0,0.0,0,0,L06_000984,LEGITIMATE_TRANSFER_CASHOUT,NONE,1,2,CASH_OUT,3,0.3876912126377495,0.058566411910789345,0.01915861549902475,13515.79,193316.51
L06_001969,299,TRANSFER,14081.95,C1958505580,188797.0,174715.05,C212350791,0.0,14081.95,0,0,L06_000985,LEGITIMATE_TRANSFER_CASHOUT,NONE,1,1,TRANSFER,0,0.24743742425192558,0.07458778476352909,0.24743732224585374,17566.350000000002,
L06_001970,303,CASH_OUT,3484.4,C212350791,14081.95,0.0,CASHOUT_L06_000985,0.0,0.0,0,0,L06_000985,LEGITIMATE_TRANSFER_CASHOUT,NONE,1,2,CASH_OUT,4,0.24743742425192558,0.07458778476352909,0.24743732224585374,17566.350000000002,10597.550000000001
L06_001971,306,TRANSFER,12728.42,C1045405456,102523.36,89794.94,C1830441668,3634430.96,3647159.38,0,0,L06_000986,LEGITIMATE_TRANSFER_CASHOUT,NONE,1,1,TRANSFER,0,0.4031673753845445,0.12415141290726328,0.0014070347537156439,17860.1,
L06_001972,308,CASH_OUT,5131.68,C1830441668,3647159.38,0.0,CASHOUT_L06_000986,0.0,0.0,0,0,L06_000986,LEGITIMATE_TRANSFER_CASHOUT,NONE,1,2,CASH_OUT,2,0.4031673753845445,0.12415141290726328,0.0014070347537156439,17860.1,3642027.6999999997
L06_001973,12,TRANSFER,137572.46,C1673063465,938763.92,801191.4600000001,C476433594,1438825.23,1576397.69,0,0,L06_000987,LEGITIMATE_TRANSFER_CASHOUT,NONE,1,1,TRANSFER,0,0.39651433424390314,0.1465463862309493,0.034603863191400644,192121.90999999997,
L06_001974,16,CASH_OUT,54549.45,C476433594,1576397.69,261529.02,CASHOUT_L06_000987,0.0,0.0,0,0,L06_000987,LEGITIMATE_TRANSFER_CASHOUT,NONE,1,2,CASH_OUT,4,0.39651433424390314,0.1465463862309493,0.034603863191400644,192121.90999999997,1521848.24
L06_001975,348,TRANSFER,8757.7,C1326013251,64303.0,55545.3,C195546630,1368481.86,1377239.56,0,0,L06_000988,LEGITIMATE_TRANSFER_CASHOUT,NONE,1,1,TRANSFER,0,0.5363435052773913,0.13619426776355692,0.003410546818739363,13454.84,
L06_001976,351,CASH_OUT,4697.14,C195546630,1377239.56,0.0,CASHOUT_L06_000988,0.0,0.0,0,0,L06_000988,LEGITIMATE_TRANSFER_CASHOUT,NONE,1,2,CASH_OUT,3,0.5363435052773913,0.13619426776355692,0.003410546818739363,13454.84,1372542.4200000002
L06_001977,18,TRANSFER,48488.48,C243940038,844205.38,795716.9,C967364857,833163.05,881651.53,0,0,L06_000989,LEGITIMATE_TRANSFER_CASHOUT,NONE,1,1,TRANSFER,0,0.44620878833596656,0.05743682893847467,0.024540296550043986,70124.47,
L06_001978,19,CASH_OUT,21635.99,C967364857,881651.53,646905.57,CASHOUT_L06_000989,0.0,0.0,0,0,L06_000989,LEGITIMATE_TRANSFER_CASHOUT,NONE,1,2,CASH_OUT,1,0.44620878833596656,0.05743682893847467,0.024540296550043986,70124.47,860015.54
L06_001979,181,TRANSFER,26195.72,C986555489,235459.0,209263.28,C535525673,0.0,26195.72,0,0,L06_000990,LEGITIMATE_TRANSFER_CASHOUT,NONE,1,1,TRANSFER,0,0.5853286980687173,0.11125384886540757,0.5853288247087692,41528.83,
L06_001980,185,CASH_OUT,15333.11,C535525673,26195.72,0.0,CASHOUT_L06_000990,0.0,0.0,0,0,L06_000990,LEGITIMATE_TRANSFER_CASHOUT,NONE,1,2,CASH_OUT,4,0.5853286980687173,0.11125384886540757,0.5853288247087692,41528.83,10862.61
L06_001981,10,TRANSFER,48273.19,C1786629758,501456.41,453183.22,C1349183092,725.0,48998.19,0,0,L06_000991,LEGITIMATE_TRANSFER_CASHOUT,NONE,1,1,TRANSFER,0,0.5623680408964166,0.09626597454402867,0.5540469964298681,75420.49,
L06_001982,11,CASH_OUT,27147.3,C1349183092,48998.19,175994.15,CASHOUT_L06_000991,0.0,0.0,0,0,L06_000991,LEGITIMATE_TRANSFER_CASHOUT,NONE,1,2,CASH_OUT,1,0.5623680408964166,0.09626597454402867,0.5540469964298681,75420.49,21850.890000000003
L06_001983,394,TRANSFER,19489.25,C1477304244,156382.0,136892.75,C664839482,400477.53,419966.78,0,0,L06_000992,LEGITIMATE_TRANSFER_CASHOUT,NONE,1,1,TRANSFER,0,0.6284080776817154,0.12462591602614112,0.0291623065995839,31736.45,
L06_001984,396,CASH_OUT,12247.2,C664839482,419966.78,0.0,CASHOUT_L06_000992,0.0,0.0,0,0,L06_000992,LEGITIMATE_TRANSFER_CASHOUT,NONE,1,2,CASH_OUT,2,0.6284080776817154,0.12462591602614112,0.0291623065995839,31736.45,407719.58
L06_001985,321,TRANSFER,22158.22,C453440222,211924.0,189765.78,C381688161,4789429.28,4811587.5,0,0,L06_000993,LEGITIMATE_TRANSFER_CASHOUT,NONE,1,1,TRANSFER,0,0.6330252086889597,0.10455738849776336,0.0029151937899913488,36184.93,
L06_001986,325,CASH_OUT,14026.71,C381688161,4811587.5,0.0,CASHOUT_L06_000993,0.0,0.0,0,0,L06_000993,LEGITIMATE_TRANSFER_CASHOUT,NONE,1,2,CASH_OUT,4,0.6330252086889597,0.10455738849776336,0.0029151937899913488,36184.93,4797560.79
L06_001987,256,TRANSFER,12032.26,C1303738164,155122.0,143089.74,C458436214,270935.51,282967.77,0,0,L06_000994,LEGITIMATE_TRANSFER_CASHOUT,NONE,1,1,TRANSFER,0,0.5645055500894591,0.07756643158288315,0.02400372310952586,18824.54,
L06_001988,260,CASH_OUT,6792.28,C458436214,282967.77,23040.09,CASHOUT_L06_000994,0.0,0.0,0,0,L06_000994,LEGITIMATE_TRANSFER_CASHOUT,NONE,1,2,CASH_OUT,4,0.5645055500894591,0.07756643158288315,0.02400372310952586,18824.54,276175.49
L06_001989,141,TRANSFER,12698.01,C2027245543,100942.0,88243.99,C22175789,365914.86,378612.87,0,0,L06_000995,LEGITIMATE_TRANSFER_CASHOUT,NONE,1,1,TRANSFER,0,0.282814354961307,0.12579511006320462,0.009485097535115486,16289.19,
L06_001990,142,CASH_OUT,3591.18,C22175789,378612.87,0.0,CASHOUT_L06_000995,0.0,0.0,0,0,L06_000995,LEGITIMATE_TRANSFER_CASHOUT,NONE,1,2,CASH_OUT,1,0.282814354961307,0.12579511006320462,0.009485097535115486,16289.19,375021.69
L06_001991,208,TRANSFER,11312.43,C926565867,283468.0,272155.57,C1715716648,1887996.05,1899308.48,0,0,L06_000996,LEGITIMATE_TRANSFER_CASHOUT,NONE,1,1,TRANSFER,0,0.6284945804757125,0.039907255845456985,0.003743362426307916,18422.23,
L06_001992,212,CASH_OUT,7109.8,C1715716648,1899308.48,206129.39,CASHOUT_L06_000996,0.0,0.0,0,0,L06_000996,LEGITIMATE_TRANSFER_CASHOUT,NONE,1,2,CASH_OUT,4,0.6284945804757125,0.039907255845456985,0.003743362426307916,18422.23,1892198.68
L06_001993,10,TRANSFER,19418.62,C1680897507,178691.09,159272.47,C1390295291,1464872.74,1484291.36,0,0,L06_000997,LEGITIMATE_TRANSFER_CASHOUT,NONE,1,1,TRANSFER,0,0.449406410986878,0.10867145082611561,0.005879472342950241,28145.47,
L06_001994,13,CASH_OUT,8726.85,C1390295291,1484291.36,0.0,CASHOUT_L06_000997,0.0,0.0,0,0,L06_000997,LEGITIMATE_TRANSFER_CASHOUT,NONE,1,2,CASH_OUT,3,0.449406410986878,0.10867145082611561,0.005879472342950241,28145.47,1475564.51
L06_001995,564,TRANSFER,8746.17,C1235478270,59700.0,50953.83,C800972774,538702.12,547448.29,0,0,L06_000998,LEGITIMATE_TRANSFER_CASHOUT,NONE,1,1,TRANSFER,0,0.513518976206806,0.14650201005025126,0.008204099057465317,13237.49,
L06_001996,565,CASH_OUT,4491.32,C800972774,547448.29,0.0,CASHOUT_L06_000998,0.0,0.0,0,0,L06_000998,LEGITIMATE_TRANSFER_CASHOUT,NONE,1,2,CASH_OUT,1,0.513518976206806,0.14650201005025126,0.008204099057465317,13237.49,542956.9700000001
L06_001997,212,TRANSFER,17145.82,C1498097692,131092.31,113946.48999999999,C1282950695,270080.51,287226.33,0,0,L06_000999,LEGITIMATE_TRANSFER_CASHOUT,NONE,1,1,TRANSFER,0,0.63330807061635,0.13079195873503183,0.037804995106124145,28004.41,
L06_001998,215,CASH_OUT,10858.59,C1282950695,287226.33,0.0,CASHOUT_L06_000999,0.0,0.0,0,0,L06_000999,LEGITIMATE_TRANSFER_CASHOUT,NONE,1,2,CASH_OUT,3,0.63330807061635,0.13079195873503183,0.037804995106124145,28004.41,276367.74
L06_001999,138,TRANSFER,17185.56,C1168019153,129397.61,112212.05,C213991548,1603294.1,1620479.6600000001,0,0,L06_001000,LEGITIMATE_TRANSFER_CASHOUT,NONE,1,1,TRANSFER,0,0.3071552811937827,0.13281203570916034,0.0032574552648195533,22464.2,
L06_002000,143,CASH_OUT,5278.64,C213991548,1620479.6600000001,0.0,CASHOUT_L06_001000,0.0,0.0,0,0,L06_001000,LEGITIMATE_TRANSFER_CASHOUT,NONE,1,2,CASH_OUT,5,0.3071552811937827,0.13281203570916034,0.0032574552648195533,22464.2,1615201.0200000003
L06_002001,185,TRANSFER,30649.29,C356780134,240192.0,209542.71,C1949344258,21595.6,52244.89,0,0,L06_001001,LEGITIMATE_TRANSFER_CASHOUT,NONE,1,1,TRANSFER,0,0.2936932848375011,0.12760329236610712,0.17229417077919007,39650.78,
L06_002002,186,CASH_OUT,9001.49,C1949344258,52244.89,713.56,CASHOUT_L06_001001,0.0,0.0,0,0,L06_001001,LEGITIMATE_TRANSFER_CASHOUT,NONE,1,2,CASH_OUT,1,0.2936932848375011,0.12760329236610712,0.17229417077919007,39650.78,43243.4
L06_002003,227,TRANSFER,12560.66,C428844364,132621.0,120060.34,C312626283,3352699.14,3365259.8000000003,0,0,L06_001002,LEGITIMATE_TRANSFER_CASHOUT,NONE,1,1,TRANSFER,0,0.3862419499241113,0.09471094321412145,0.0014416271813546162,17412.11,
L06_002004,232,CASH_OUT,4851.45,C312626283,3365259.8000000003,0.0,CASHOUT_L06_001002,0.0,0.0,0,0,L06_001002,LEGITIMATE_TRANSFER_CASHOUT,NONE,1,2,CASH_OUT,5,0.3862419499241113,0.09471094321412145,0.0014416271813546162,17412.11,3360408.35
L06_002005,185,TRANSFER,39516.64,C1347229813,812427.0,772910.36,C1166285790,0.0,39516.64,0,0,L06_001003,LEGITIMATE_TRANSFER_CASHOUT,NONE,1,1,TRANSFER,0,0.631429236826198,0.04864023475339938,0.6314291903360204,64468.6,
L06_002006,190,CASH_OUT,24951.96,C1166285790,39516.64,0.0,CASHOUT_L06_001003,0.0,0.0,0,0,L06_001003,LEGITIMATE_TRANSFER_CASHOUT,NONE,1,2,CASH_OUT,5,0.631429236826198,0.04864023475339938,0.6314291903360204,64468.6,14564.68
L06_002007,261,TRANSFER,13832.41,C322900362,103284.0,89451.59,C249371978,12064.77,25897.18,0,0,L06_001004,LEGITIMATE_TRANSFER_CASHOUT,NONE,1,1,TRANSFER,0,0.5986352953797796,0.13392597110878743,0.31974794166778003,22112.98,
L06_002008,265,CASH_OUT,8280.57,C249371978,25897.18,0.0,CASHOUT_L06_001004,0.0,0.0,0,0,L06_001004,LEGITIMATE_TRANSFER_CASHOUT,NONE,1,2,CASH_OUT,4,0.5986352953797796,0.13392597110878743,0.31974794166778003,22112.98,17616.61
L06_002009,331,TRANSFER,15152.15,C1728373812,182363.0,167210.85,C244109855,1057158.35,1072310.5,0,0,L06_001005,LEGITIMATE_TRANSFER_CASHOUT,NONE,1,1,TRANSFER,0,0.5198741709308456,0.08308785225073069,0.0073460159160989285,23029.36,
L06_002010,334,CASH_OUT,7877.21,C244109855,1072310.5,112675.55,CASHOUT_L06_001005,0.0,0.0,0,0,L06_001005,LEGITIMATE_TRANSFER_CASHOUT,NONE,1,2,CASH_OUT,3,0.5198741709308456,0.08308785225073069,0.0073460159160989285,23029.36,1064433.29
L06_002011,181,TRANSFER,9065.16,C149800323,69736.0,60670.84,C1436420884,1207310.15,1216375.3099999998,0,0,L06_001006,LEGITIMATE_TRANSFER_CASHOUT,NONE,1,1,TRANSFER,0,0.4748915333462244,0.12999254330618332,0.003539179038417017,13370.130000000001,
L06_002012,182,CASH_OUT,4304.97,C1436420884,1216375.3099999998,0.0,CASHOUT_L06_001006,0.0,0.0,0,0,L06_001006,LEGITIMATE_TRANSFER_CASHOUT,NONE,1,2,CASH_OUT,1,0.4748915333462244,0.12999254330618332,0.003539179038417017,13370.130000000001,1212070.3399999999
L06_002013,382,TRANSFER,9182.96,C1811142512,61320.0,52137.04,C1032342164,66490.21,75673.17000000001,0,0,L06_001007,LEGITIMATE_TRANSFER_CASHOUT,NONE,1,1,TRANSFER,0,0.4297313559528735,0.14975472928897585,0.05214807308852001,13129.169999999998,
L06_002014,387,CASH_OUT,3946.21,C1032342164,75673.17000000001,0.0,CASHOUT_L06_001007,0.0,0.0,0,0,L06_001007,LEGITIMATE_TRANSFER_CASHOUT,NONE,1,2,CASH_OUT,5,0.4297313559528735,0.14975472928897585,0.05214807308852001,13129.169999999998,71726.96
L06_002015,13,TRANSFER,12144.2,C181315424,134339.41,122195.21,C375162006,0.0,12144.2,0,0,L06_001008,LEGITIMATE_TRANSFER_CASHOUT,NONE,1,1,TRANSFER,0,0.5092811146113752,0.09039938466307094,0.5092809736335041,18329.010000000002,
L06_002016,18,CASH_OUT,6184.81,C375162006,12144.2,0.0,CASHOUT_L06_001008,0.0,0.0,0,0,L06_001008,LEGITIMATE_TRANSFER_CASHOUT,NONE,1,2,CASH_OUT,5,0.5092811146113752,0.09039938466307094,0.5092809736335041,18329.010000000002,5959.39
L06_002017,283,TRANSFER,20966.11,C995752777,211139.0,190172.89,C416454924,2792946.6,2813912.71,0,0,L06_001009,LEGITIMATE_TRANSFER_CASHOUT,NONE,1,1,TRANSFER,0,0.22504649850207434,0.09930003457437991,0.0016767933074938919,25684.46,
L06_002018,284,CASH_OUT,4718.35,C416454924,2813912.71,0.0,CASHOUT_L06_001009,0.0,0.0,0,0,L06_001009,LEGITIMATE_TRANSFER_CASHOUT,NONE,1,2,CASH_OUT,1,0.22504649850207434,0.09930003457437991,0.0016767933074938919,25684.46,2809194.36
L06_002019,287,TRANSFER,8721.14,C635081499,59256.0,50534.86,C2138341925,146359.4,155080.53999999998,0,0,L06_001010,LEGITIMATE_TRANSFER_CASHOUT,NONE,1,1,TRANSFER,0,0.22490438151474185,0.14717733225327392,0.012647750646212609,10682.56,
L06_002020,292,CASH_OUT,1961.42,C2138341925,155080.53999999998,0.0,CASHOUT_L06_001010,0.0,0.0,0,0,L06_001010,LEGITIMATE_TRANSFER_CASHOUT,NONE,1,2,CASH_OUT,5,0.22490438151474185,0.14717733225327392,0.012647750646212609,10682.56,153119.11999999997
L06_002021,354,TRANSFER,9655.34,C1690140561,79996.09,70340.75,C2080522614,3229981.78,3239637.1199999996,0,0,L06_001011,LEGITIMATE_TRANSFER_CASHOUT,NONE,1,1,TRANSFER,0,0.261911982463453,0.12069764909759965,0.0007805966860881012,12184.19,
L06_002022,359,CASH_OUT,2528.85,C2080522614,3239637.1199999996,0.0,CASHOUT_L06_001011,0.0,0.0,0,0,L06_001011,LEGITIMATE_TRANSFER_CASHOUT,NONE,1,2,CASH_OUT,5,0.261911982463453,0.12069764909759965,0.0007805966860881012,12184.19,3237108.2699999996
L06_002023,345,TRANSFER,9165.97,C661703788,105205.0,96039.03,C737211460,0.0,9165.97,0,0,L06_001012,LEGITIMATE_TRANSFER_CASHOUT,NONE,1,1,TRANSFER,0,0.3789814914529859,0.08712485148044294,0.3789811662049952,12639.699999999999,
L06_002024,349,CASH_OUT,3473.73,C737211460,9165.97,0.0,CASHOUT_L06_001012,0.0,0.0,0,0,L06_001012,LEGITIMATE_TRANSFER_CASHOUT,NONE,1,2,CASH_OUT,4,0.3789814914529859,0.08712485148044294,0.3789811662049952,12639.699999999999,5692.24
L06_002025,373,TRANSFER,31541.79,C18613596,240673.67,209131.88,C1912426875,5919067.12,5950608.91,0,0,L06_001013,LEGITIMATE_TRANSFER_CASHOUT,NONE,1,1,TRANSFER,0,0.5522200945046298,0.13105625555134467,0.0029270970859350256,48959.8,
L06_002026,374,CASH_OUT,17418.01,C1912426875,5950608.91,0.0,CASHOUT_L06_001013,0.0,0.0,0,0,L06_001013,LEGITIMATE_TRANSFER_CASHOUT,NONE,1,2,CASH_OUT,1,0.5522200945046298,0.13105625555134467,0.0029270970859350256,48959.8,5933190.9
L06_002027,284,TRANSFER,9598.23,C1322609587,118486.0,108887.77,C442866235,0.0,9598.23,0,0,L06_001014,LEGITIMATE_TRANSFER_CASHOUT,NONE,1,1,TRANSFER,0,0.2075099793540277,0.0810072920007427,0.20751013468108184,11589.96,
L06_002028,286,CASH_OUT,1991.73,C442866235,9598.23,0.0,CASHOUT_L06_001014,0.0,0.0,0,0,L06_001014,LEGITIMATE_TRANSFER_CASHOUT,NONE,1,2,CASH_OUT,2,0.2075099793540277,0.0810072920007427,0.20751013468108184,11589.96,7606.5
L06_002029,281,TRANSFER,9686.1,C1899403737,78036.0,68349.9,C876249678,0.0,9686.1,0,0,L06_001015,LEGITIMATE_TRANSFER_CASHOUT,NONE,1,1,TRANSFER,0,0.39334795610463635,0.12412348147009074,0.3933481999979352,13496.11,
L06_002030,286,CASH_OUT,3810.01,C876249678,9686.1,0.0,CASHOUT_L06_001015,0.0,0.0,0,0,L06_001015,LEGITIMATE_TRANSFER_CASHOUT,NONE,1,2,CASH_OUT,5,0.39334795610463635,0.12412348147009074,0.3933481999979352,13496.11,5876.09
L06_002031,17,TRANSFER,15861.63,C1600499543,146780.86,130919.22999999998,C662697319,1641208.44,1657070.0699999998,0,0,L06_001016,LEGITIMATE_TRANSFER_CASHOUT,NONE,1,1,TRANSFER,0,0.4483594313135111,0.10806334013848945,0.0042917376451075484,22973.34,
L06_002032,21,CASH_OUT,7111.71,C662697319,1657070.0699999998,0.0,CASHOUT_L06_001016,0.0,0.0,0,0,L06_001016,LEGITIMATE_TRANSFER_CASHOUT,NONE,1,2,CASH_OUT,4,0.4483594313135111,0.10806334013848945,0.0042917376451075484,22973.34,1649958.3599999999
L06_002033,571,TRANSFER,56804.67,C995474110,725355.0,668550.33,C966138930,0.0,56804.67,0,0,L06_001017,LEGITIMATE_TRANSFER_CASHOUT,NONE,1,1,TRANSFER,0,0.3891421719426157,0.07831292263788076,0.3891421251104883,78909.76,
L06_002034,575,CASH_OUT,22105.09,C966138930,56804.67,0.0,CASHOUT_L06_001017,0.0,0.0,0,0,L06_001017,LEGITIMATE_TRANSFER_CASHOUT,NONE,1,2,CASH_OUT,4,0.3891421719426157,0.07831292263788076,0.3891421251104883,78909.76,34699.58
L06_002035,212,TRANSFER,14000.58,C966866625,149844.0,135843.42,C1367935916,552808.48,566809.0599999999,0,0,L06_001018,LEGITIMATE_TRANSFER_CASHOUT,NONE,1,1,TRANSFER,0,0.4730812821307079,0.09343437174661648,0.011685434244823116,20623.989999999998,
L06_002036,217,CASH_OUT,6623.41,C1367935916,566809.0599999999,64172.58,CASHOUT_L06_001018,0.0,0.0,0,0,L06_001018,LEGITIMATE_TRANSFER_CASHOUT,NONE,1,2,CASH_OUT,5,0.4730812821307079,0.09343437174661648,0.011685434244823116,20623.989999999998,560185.6499999999
L06_002037,11,TRANSFER,9311.14,C788003678,77109.0,67797.86,C425934297,0.0,9311.14,0,0,L06_001019,LEGITIMATE_TRANSFER_CASHOUT,NONE,1,1,TRANSFER,0,0.28306460793059635,0.1207529600954493,0.2830641575575064,11946.789999999999,
L06_002038,15,CASH_OUT,2635.65,C425934297,9311.14,26589.72,CASHOUT_L06_001019,0.0,0.0,0,0,L06_001019,LEGITIMATE_TRANSFER_CASHOUT,NONE,1,2,CASH_OUT,4,0.28306460793059635,0.1207529600954493,0.2830641575575064,11946.789999999999,6675.49
L06_002039,249,TRANSFER,8773.14,C1381210228,107825.0,99051.86,C2047509013,0.0,8773.14,0,0,L06_001020,LEGITIMATE_TRANSFER_CASHOUT,NONE,1,1,TRANSFER,0,0.3226205421388817,0.08136461859494551,0.32262109119425886,11603.539999999999,
L06_002040,254,CASH_OUT,2830.4,C2047509013,8773.14,0.0,CASHOUT_L06_001020,0.0,0.0,0,0,L06_001020,LEGITIMATE_TRANSFER_CASHOUT,NONE,1,2,CASH_OUT,5,0.3226205421388817,0.08136461859494551,0.32262109119425886,11603.539999999999,5942.74
L06_002041,1,TRANSFER,9668.01,C1976401987,79114.0,69445.99,C1937962514,517.0,10185.01,0,0,L06_001021,LEGITIMATE_TRANSFER_CASHOUT,NONE,1,1,TRANSFER,0,0.31640291413302096,0.12220352908461209,0.30034236588869323,12727.0,
L06_002042,2,CASH_OUT,3058.99,C1937962514,10185.01,16503.2,CASHOUT_L06_001021,0.0,0.0,0,0,L06_001021,LEGITIMATE_TRANSFER_CASHOUT,NONE,1,2,CASH_OUT,1,0.31640291413302096,0.12220352908461209,0.30034236588869323,12727.0,7126.02
L06_002043,334,TRANSFER,11729.68,C1072863299,92900.0,81170.32,C1212103389,0.0,11729.68,0,0,L06_001022,LEGITIMATE_TRANSFER_CASHOUT,NONE,1,1,TRANSFER,0,0.2699217316406304,0.12626135629709365,0.26992211211218037,14895.78,
L06_002044,338,CASH_OUT,3166.1,C1212103389,11729.68,0.0,CASHOUT_L06_001022,0.0,0.0,0,0,L06_001022,LEGITIMATE_TRANSFER_CASHOUT,NONE,1,2,CASH_OUT,4,0.2699217316406304,0.12626135629709365,0.26992211211218037,14895.78,8563.58
L06_002045,300,TRANSFER,32335.7,C1900304640,304199.7,271864.0,C1871865246,160290.39,192626.09000000003,0,0,L06_001023,LEGITIMATE_TRANSFER_CASHOUT,NONE,1,1,TRANSFER,0,0.2984191362243608,0.10629760647364214,0.05009492743168902,41985.29,
L06_002046,304,CASH_OUT,9649.59,C1871865246,192626.09000000003,153358.25,CASHOUT_L06_001023,0.0,0.0,0,0,L06_001023,LEGITIMATE_TRANSFER_CASHOUT,NONE,1,2,CASH_OUT,4,0.2984191362243608,0.10629760647364214,0.05009492743168902,41985.29,182976.50000000003
L06_002047,327,TRANSFER,13958.82,C1074242717,284429.0,270470.18,C841536881,0.0,13958.82,0,0,L06_001024,LEGITIMATE_TRANSFER_CASHOUT,NONE,1,1,TRANSFER,0,0.33665884892397746,0.0490766412707565,0.3366588293279804,18658.18,
L06_002048,331,CASH_OUT,4699.36,C841536881,13958.82,0.0,CASHOUT_L06_001024,0.0,0.0,0,0,L06_001024,LEGITIMATE_TRANSFER_CASHOUT,NONE,1,2,CASH_OUT,4,0.33665884892397746,0.0490766412707565,0.3366588293279804,18658.18,9259.46
L06_002049,139,TRANSFER,12244.58,C744899653,241606.31,229361.73,C783487,2207157.84,2219402.42,0,0,L06_001025,LEGITIMATE_TRANSFER_CASHOUT,NONE,1,1,TRANSFER,0,0.5895507668044917,0.05067988497485848,0.0032525872437320314,19463.38,
L06_002050,144,CASH_OUT,7218.8,C783487,2219402.42,0.0,CASHOUT_L06_001025,0.0,0.0,0,0,L06_001025,LEGITIMATE_TRANSFER_CASHOUT,NONE,1,2,CASH_OUT,5,0.5895507668044917,0.05067988497485848,0.0032525872437320314,19463.38,2212183.62
L06_002051,326,TRANSFER,12784.75,C106772024,116147.0,103362.25,C2046080828,1777114.62,1789899.37,0,0,L06_001026,LEGITIMATE_TRANSFER_CASHOUT,NONE,1,1,TRANSFER,0,0.3174105779730256,0.11007387190370824,0.002267172148342619,16842.760000000002,
L06_002052,327,CASH_OUT,4058.01,C2046080828,1789899.37,0.0,CASHOUT_L06_001026,0.0,0.0,0,0,L06_001026,LEGITIMATE_TRANSFER_CASHOUT,NONE,1,2,CASH_OUT,1,0.3174105779730256,0.11007387190370824,0.002267172148342619,16842.760000000002,1785841.36
L06_002053,133,TRANSFER,82068.99,C2092618536,974458.0,892389.01,C984922302,14056.38,96125.37000000001,0,0,L06_001027,LEGITIMATE_TRANSFER_CASHOUT,NONE,1,1,TRANSFER,0,0.4119346533357209,0.08422014083726544,0.3516975799416948,115876.05,
L06_002054,138,CASH_OUT,33807.06,C984922302,96125.37000000001,0.0,CASHOUT_L06_001027,0.0,0.0,0,0,L06_001027,LEGITIMATE_TRANSFER_CASHOUT,NONE,1,2,CASH_OUT,5,0.4119346533357209,0.08422014083726544,0.3516975799416948,115876.05,62318.31000000001
L06_002055,38,TRANSFER,13623.84,C1329401655,289228.41,275604.56999999995,C773243031,0.0,13623.84,0,0,L06_001028,LEGITIMATE_TRANSFER_CASHOUT,NONE,1,1,TRANSFER,0,0.47952301531789493,0.04710408635168309,0.47952266027786583,20156.78,
L06_002056,41,CASH_OUT,6532.94,C773243031,13623.84,167145.29,CASHOUT_L06_001028,0.0,0.0,0,0,L06_001028,LEGITIMATE_TRANSFER_CASHOUT,NONE,1,2,CASH_OUT,3,0.47952301531789493,0.04710408635168309,0.47952266027786583,20156.78,7090.900000000001
L06_002057,249,TRANSFER,10769.54,C1576024803,101376.34,90606.79999999999,C793864212,23112488.84,23123258.38,0,0,L06_001029,LEGITIMATE_TRANSFER_CASHOUT,NONE,1,1,TRANSFER,0,0.5772109640185425,0.10623326902509996,0.00026883321968917083,16985.84,
L06_002058,253,CASH_OUT,6216.3,C793864212,23123258.38,0.0,CASHOUT_L06_001029,0.0,0.0,0,0,L06_001029,LEGITIMATE_TRANSFER_CASHOUT,NONE,1,2,CASH_OUT,4,0.5772109640185425,0.10623326902509996,0.00026883321968917083,16985.84,23117042.08
L06_002059,157,TRANSFER,14095.33,C757320371,121296.0,107200.67,C622255724,686738.71,700834.0399999999,0,0,L06_001030,LEGITIMATE_TRANSFER_CASHOUT,NONE,1,1,TRANSFER,0,0.21840221716652597,0.1162060579079277,0.004392552051267373,17173.78,
L06_002060,158,CASH_OUT,3078.45,C622255724,700834.0399999999,0.0,CASHOUT_L06_001030,0.0,0.0,0,0,L06_001030,LEGITIMATE_TRANSFER_CASHOUT,NONE,1,2,CASH_OUT,1,0.21840221716652597,0.1162060579079277,0.004392552051267373,17173.78,697755.59
L06_002061,19,TRANSFER,10933.04,C865177739,246304.97,235371.93,C1771939633,457646.86,468579.89999999997,0,0,L06_001031,LEGITIMATE_TRANSFER_CASHOUT,NONE,1,1,TRANSFER,0,0.45082831657793665,0.04438822326646515,0.010518846412319437,15861.960000000001,
L06_002062,24,CASH_OUT,4928.92,C1771939633,468579.89999999997,0.0,CASHOUT_L06_001031,0.0,0.0,0,0,L06_001031,LEGITIMATE_TRANSFER_CASHOUT,NONE,1,2,CASH_OUT,5,0.45082831657793665,0.04438822326646515,0.010518846412319437,15861.960000000001,463650.98
L06_002063,282,TRANSFER,47752.62,C1363416858,319488.07,271735.45,C689883039,279990.58,327743.2,0,0,L06_001032,LEGITIMATE_TRANSFER_CASHOUT,NONE,1,1,TRANSFER,0,0.3352532915713183,0.14946605048507758,0.048846841063369124,63761.840000000004,
L06_002064,285,CASH_OUT,16009.22,C689883039,327743.2,167474.55,CASHOUT_L06_001032,0.0,0.0,0,0,L06_001032,LEGITIMATE_TRANSFER_CASHOUT,NONE,1,2,CASH_OUT,3,0.3352532915713183,0.14946605048507758,0.048846841063369124,63761.840000000004,311733.98000000004
L06_002065,46,TRANSFER,9132.36,C840802013,62460.0,53327.64,C486819947,38440.08,47572.44,0,0,L06_001033,LEGITIMATE_TRANSFER_CASHOUT,NONE,1,1,TRANSFER,0,0.42332849050135213,0.14621133525456292,0.0812653292536603,12998.35,
L06_002066,47,CASH_OUT,3865.99,C486819947,47572.44,0.0,CASHOUT_L06_001033,0.0,0.0,0,0,L06_001033,LEGITIMATE_TRANSFER_CASHOUT,NONE,1,2,CASH_OUT,1,0.42332849050135213,0.14621133525456292,0.0812653292536603,12998.35,43706.450000000004
L06_002067,15,TRANSFER,24481.66,C836967655,285661.81,261180.15,C175902979,982820.17,1007301.8300000001,0,0,L06_001034,LEGITIMATE_TRANSFER_CASHOUT,NONE,1,1,TRANSFER,0,0.3373764074550618,0.08570155037524967,0.008199657494913913,32741.190000000002,
L06_002068,19,CASH_OUT,8259.53,C175902979,1007301.8300000001,0.0,CASHOUT_L06_001034,0.0,0.0,0,0,L06_001034,LEGITIMATE_TRANSFER_CASHOUT,NONE,1,2,CASH_OUT,4,0.3373764074550618,0.08570155037524967,0.008199657494913913,32741.190000000002,999042.3
L06_002069,182,TRANSFER,9007.38,C1913466809,72089.0,63081.62,C27811596,1601179.71,1610187.0899999999,0,0,L06_001035,LEGITIMATE_TRANSFER_CASHOUT,NONE,1,1,TRANSFER,0,0.22396964845211817,0.12494805032667951,0.001252885464384142,11024.759999999998,
L06_002070,185,CASH_OUT,2017.38,C27811596,1610187.0899999999,0.0,CASHOUT_L06_001035,0.0,0.0,0,0,L06_001035,LEGITIMATE_TRANSFER_CASHOUT,NONE,1,2,CASH_OUT,3,0.22396964845211817,0.12494805032667951,0.001252885464384142,11024.759999999998,1608169.71
L06_002071,261,TRANSFER,8950.18,C490307704,117350.57,108400.39000000001,C1163572928,7353856.59,7362806.77,0,0,L06_001036,LEGITIMATE_TRANSFER_CASHOUT,NONE,1,1,TRANSFER,0,0.2482788022413489,0.07626873904404555,0.00030180610050153467,11172.32,
L06_002072,262,CASH_OUT,2222.14,C1163572928,7362806.77,0.0,CASHOUT_L06_001036,0.0,0.0,0,0,L06_001036,LEGITIMATE_TRANSFER_CASHOUT,NONE,1,2,CASH_OUT,1,0.2482788022413489,0.07626873904404555,0.00030180610050153467,11172.32,7360584.63
L06_002073,38,TRANSFER,24615.29,C1785550754,247906.0,223290.71,C914226248,2084882.33,2109497.62,0,0,L06_001037,LEGITIMATE_TRANSFER_CASHOUT,NONE,1,1,TRANSFER,0,0.4705948849113229,0.09929283680104556,0.005491274268420364,36199.12,
L06_002074,40,CASH_OUT,11583.83,C914226248,2109497.62,0.0,CASHOUT_L06_001037,0.0,0.0,0,0,L06_001037,LEGITIMATE_TRANSFER_CASHOUT,NONE,1,2,CASH_OUT,2,0.4705948849113229,0.09929283680104556,0.005491274268420364,36199.12,2097913.79
L06_002075,400,TRANSFER,11730.23,C430986121,106915.0,95184.77,C1136379970,7367839.08,7379569.3100000005,0,0,L06_001038,LEGITIMATE_TRANSFER_CASHOUT,NONE,1,1,TRANSFER,0,0.37889694735201895,0.10971547490997521,0.0006022776957968567,16174.779999999999,
L06_002076,403,CASH_OUT,4444.55,C1136379970,7379569.3100000005,0.0,CASHOUT_L06_001038,0.0,0.0,0,0,L06_001038,LEGITIMATE_TRANSFER_CASHOUT,NONE,1,2,CASH_OUT,3,0.37889694735201895,0.10971547490997521,0.0006022776957968567,16174.779999999999,7375124.760000001
L06_002077,162,TRANSFER,20230.36,C555486671,213683.1,193452.74,C16015468,4879217.64,4899448.0,0,0,L06_001039,LEGITIMATE_TRANSFER_CASHOUT,NONE,1,1,TRANSFER,0,0.6484360634243236,0.09467459055021198,0.0026774648899222935,33348.46,
L06_002078,163,CASH_OUT,13118.1,C16015468,4899448.0,0.0,CASHOUT_L06_001039,0.0,0.0,0,0,L06_001039,LEGITIMATE_TRANSFER_CASHOUT,NONE,1,2,CASH_OUT,1,0.6484360634243236,0.09467459055021198,0.0026774648899222935,33348.46,4886329.9
L06_002079,130,TRANSFER,10448.52,C37143996,157419.0,146970.48,C106953799,0.0,10448.52,0,0,L06_001040,LEGITIMATE_TRANSFER_CASHOUT,NONE,1,1,TRANSFER,0,0.5030337424965896,0.06637394469536714,0.5030339225076853,15704.48,
L06_002080,131,CASH_OUT,5255.96,C106953799,10448.52,0.0,CASHOUT_L06_001040,0.0,0.0,0,0,L06_001040,LEGITIMATE_TRANSFER_CASHOUT,NONE,1,2,CASH_OUT,1,0.5030337424965896,0.06637394469536714,0.5030339225076853,15704.48,5192.56
L06_002081,350,TRANSFER,57166.8,C1063289379,544227.75,487060.95,C1818424002,1986147.1,2043313.9000000001,0,0,L06_001041,LEGITIMATE_TRANSFER_CASHOUT,NONE,1,1,TRANSFER,0,0.6012563835821961,0.10504205270679418,0.016821644486439406,91538.70000000001,
L06_002082,354,CASH_OUT,34371.9,C1818424002,2043313.9000000001,0.0,CASHOUT_L06_001041,0.0,0.0,0,0,L06_001041,LEGITIMATE_TRANSFER_CASHOUT,NONE,1,2,CASH_OUT,4,0.6012563835821961,0.10504205270679418,0.016821644486439406,91538.70000000001,2008942.0000000002
L06_002083,162,TRANSFER,48186.13,C531814519,400771.14,352585.01,C285888508,491978.19,540164.32,0,0,L06_001042,LEGITIMATE_TRANSFER_CASHOUT,NONE,1,1,TRANSFER,0,0.232970760387109,0.12023353278382269,0.020782490779842698,59412.09,
L06_002084,166,CASH_OUT,11225.96,C285888508,540164.32,0.0,CASHOUT_L06_001042,0.0,0.0,0,0,L06_001042,LEGITIMATE_TRANSFER_CASHOUT,NONE,1,2,CASH_OUT,4,0.232970760387109,0.12023353278382269,0.020782490779842698,59412.09,528938.36
L06_002085,208,TRANSFER,9723.51,C210864995,79868.0,70144.49,C243276584,2166541.42,2176264.9299999997,0,0,L06_001043,LEGITIMATE_TRANSFER_CASHOUT,NONE,1,1,TRANSFER,0,0.40729828143991836,0.12174475384384234,0.0018198014154462345,13683.880000000001,
L06_002086,209,CASH_OUT,3960.37,C243276584,2176264.9299999997,0.0,CASHOUT_L06_001043,0.0,0.0,0,0,L06_001043,LEGITIMATE_TRANSFER_CASHOUT,NONE,1,2,CASH_OUT,1,0.40729828143991836,0.12174475384384234,0.0018198014154462345,13683.880000000001,2172304.5599999996
L06_002087,372,TRANSFER,8822.19,C394099146,63711.0,54888.81,C1589557578,936806.78,945628.97,0,0,L06_001044,LEGITIMATE_TRANSFER_CASHOUT,NONE,1,1,TRANSFER,0,0.4279595305150917,0.13847200640391769,0.003992623026344043,12597.73,
L06_002088,377,CASH_OUT,3775.54,C1589557578,945628.97,0.0,CASHOUT_L06_001044,0.0,0.0,0,0,L06_001044,LEGITIMATE_TRANSFER_CASHOUT,NONE,1,2,CASH_OUT,5,0.4279595305150917,0.13847200640391769,0.003992623026344043,12597.73,941853.4299999999
L06_002089,302,TRANSFER,10518.46,C1404310203,70767.93,60249.469999999994,C2045696864,199441.57,209960.03,0,0,L06_001045,LEGITIMATE_TRANSFER_CASHOUT,NONE,1,1,TRANSFER,0,0.6176790291364439,0.1486331449853062,0.03094412779422826,17015.489999999998,
L06_002090,306,CASH_OUT,6497.03,C2045696864,209960.03,0.0,CASHOUT_L06_001045,0.0,0.0,0,0,L06_001045,LEGITIMATE_TRANSFER_CASHOUT,NONE,1,2,CASH_OUT,4,0.6176790291364439,0.1486331449853062,0.03094412779422826,17015.489999999998,203463.0
L06_002091,379,TRANSFER,15984.24,C423757114,212102.14,196117.90000000002,C386794230,1377489.37,1393473.61,0,0,L06_001046,LEGITIMATE_TRANSFER_CASHOUT,NONE,1,1,TRANSFER,0,0.35336992406539236,0.07536105010538789,0.004053431625447144,21632.59,
L06_002092,384,CASH_OUT,5648.35,C386794230,1393473.61,0.0,CASHOUT_L06_001046,0.0,0.0,0,0,L06_001046,LEGITIMATE_TRANSFER_CASHOUT,NONE,1,2,CASH_OUT,5,0.35336992406539236,0.07536105010538789,0.004053431625447144,21632.59,1387825.26
L06_002093,254,TRANSFER,9118.8,C1246441444,69547.0,60428.2,C306080137,6596.65,15715.449999999999,0,0,L06_001047,LEGITIMATE_TRANSFER_CASHOUT,NONE,1,1,TRANSFER,0,0.6131330375166364,0.13111708628697138,0.35576709543792895,14709.84,
L06_002094,257,CASH_OUT,5591.04,C306080137,15715.449999999999,0.0,CASHOUT_L06_001047,0.0,0.0,0,0,L06_001047,LEGITIMATE_TRANSFER_CASHOUT,NONE,1,2,CASH_OUT,3,0.6131330375166364,0.13111708628697138,0.35576709543792895,14709.84,10124.41
L06_002095,11,TRANSFER,21692.45,C1778905357,231026.0,209333.55,C756845508,178645.45,200337.90000000002,0,0,L06_001048,LEGITIMATE_TRANSFER_CASHOUT,NONE,1,1,TRANSFER,0,0.4351939242624614,0.09389614155982444,0.047122486558958634,31132.870000000003,
L06_002096,14,CASH_OUT,9440.42,C756845508,200337.90000000002,0.0,CASHOUT_L06_001048,0.0,0.0,0,0,L06_001048,LEGITIMATE_TRANSFER_CASHOUT,NONE,1,2,CASH_OUT,3,0.4351939242624614,0.09389614155982444,0.047122486558958634,31132.870000000003,190897.48
L06_002097,182,TRANSFER,11177.6,C1202669298,79889.0,68711.4,C795314539,0.0,11177.6,0,0,L06_001049,LEGITIMATE_TRANSFER_CASHOUT,NONE,1,1,TRANSFER,0,0.6136436433200234,0.13991413085656348,0.6136433581448612,18036.66,
L06_002098,187,CASH_OUT,6859.06,C795314539,11177.6,0.0,CASHOUT_L06_001049,0.0,0.0,0,0,L06_001049,LEGITIMATE_TRANSFER_CASHOUT,NONE,1,2,CASH_OUT,5,0.6136436433200234,0.13991413085656348,0.6136433581448612,18036.66,4318.54
L06_002099,12,TRANSFER,12273.05,C1024972233,88446.26,76173.20999999999,C47074764,0.0,12273.05,0,0,L06_001050,LEGITIMATE_TRANSFER_CASHOUT,NONE,1,1,TRANSFER,0,0.3835348571307522,0.1387627922311243,0.3835346551998078,16980.19,
L06_002100,13,CASH_OUT,4707.14,C47074764,12273.05,0.0,CASHOUT_L06_001050,0.0,0.0,0,0,L06_001050,LEGITIMATE_TRANSFER_CASHOUT,NONE,1,2,CASH_OUT,1,0.3835348571307522,0.1387627922311243,0.3835346551998078,16980.19,7565.909999999999
L06_002101,44,TRANSFER,54867.36,C475329269,494676.48,439809.12,C2041526752,2872467.48,2927334.84,0,0,L06_001051,LEGITIMATE_TRANSFER_CASHOUT,NONE,1,1,TRANSFER,0,0.6318994238324325,0.11091564329074227,0.01184375956117135,89538.01000000001,
L06_002102,45,CASH_OUT,34670.65,C2041526752,2927334.84,394905.18,CASHOUT_L06_001051,0.0,0.0,0,0,L06_001051,LEGITIMATE_TRANSFER_CASHOUT,NONE,1,2,CASH_OUT,1,0.6318994238324325,0.11091564329074227,0.01184375956117135,89538.01000000001,2892664.19
L06_002103,7,TRANSFER,11772.88,C1416807034,120863.0,109090.12,C762570948,0.0,11772.88,0,0,L06_001052,LEGITIMATE_TRANSFER_CASHOUT,NONE,1,1,TRANSFER,0,0.3404687460401754,0.09740681598173137,0.3404689421789741,15781.18,
L06_002104,12,CASH_OUT,4008.3,C762570948,11772.88,0.0,CASHOUT_L06_001052,0.0,0.0,0,0,L06_001052,LEGITIMATE_TRANSFER_CASHOUT,NONE,1,2,CASH_OUT,5,0.3404687460401754,0.09740681598173137,0.3404689421789741,15781.18,7764.579999999999
L06_002105,153,TRANSFER,10772.82,C525540458,114040.0,103267.18,C276485420,262961.22,273734.04,0,0,L06_001053,LEGITIMATE_TRANSFER_CASHOUT,NONE,1,1,TRANSFER,0,0.4213321271595526,0.09446527534198526,0.016581569467940486,15311.759999999998,
L06_002106,158,CASH_OUT,4538.94,C276485420,273734.04,0.0,CASHOUT_L06_001053,0.0,0.0,0,0,L06_001053,LEGITIMATE_TRANSFER_CASHOUT,NONE,1,2,CASH_OUT,5,0.4213321271595526,0.09446527534198526,0.016581569467940486,15311.759999999998,269195.1
L06_002107,398,TRANSFER,14043.33,C847643967,102810.0,88766.67,C107429311,514188.83,528232.16,0,0,L06_001054,LEGITIMATE_TRANSFER_CASHOUT,NONE,1,1,TRANSFER,0,0.4902683001529362,0.13659498103297343,0.013034041698634933,20928.33,
L06_002108,399,CASH_OUT,6885.0,C107429311,528232.16,0.0,CASHOUT_L06_001054,0.0,0.0,0,0,L06_001054,LEGITIMATE_TRANSFER_CASHOUT,NONE,1,2,CASH_OUT,1,0.4902683001529362,0.13659498103297343,0.013034041698634933,20928.33,521347.16000000003
L06_002109,382,TRANSFER,14894.35,C354527917,208522.0,193627.65,C1244323217,2826235.32,2841129.67,0,0,L06_001055,LEGITIMATE_TRANSFER_CASHOUT,NONE,1,1,TRANSFER,0,0.5378267729010845,0.07142819462694584,0.00281950524278605,22904.93,
L06_002110,386,CASH_OUT,8010.58,C1244323217,2841129.67,0.0,CASHOUT_L06_001055,0.0,0.0,0,0,L06_001055,LEGITIMATE_TRANSFER_CASHOUT,NONE,1,2,CASH_OUT,4,0.5378267729010845,0.07142819462694584,0.00281950524278605,22904.93,2833119.09
L06_002111,231,TRANSFER,9507.77,C606961149,63828.0,54320.229999999996,C1565020891,757663.23,767171.0,0,0,L06_001056,LEGITIMATE_TRANSFER_CASHOUT,NONE,1,1,TRANSFER,0,0.3773519185526476,0.14895923419189072,0.004676636629903894,13095.550000000001,
L06_002112,233,CASH_OUT,3587.78,C1565020891,767171.0,0.0,CASHOUT_L06_001056,0.0,0.0,0,0,L06_001056,LEGITIMATE_TRANSFER_CASHOUT,NONE,1,2,CASH_OUT,2,0.3773519185526476,0.14895923419189072,0.004676636629903894,13095.550000000001,763583.22
L06_002113,12,TRANSFER,15624.58,C148737974,140115.0,124490.42,C1752753127,532407.34,548031.9199999999,0,0,L06_001057,LEGITIMATE_TRANSFER_CASHOUT,NONE,1,1,TRANSFER,0,0.40504034510199627,0.11151254326802983,0.011547849256663738,21953.17,
L06_002114,14,CASH_OUT,6328.59,C1752753127,548031.9199999999,0.0,CASHOUT_L06_001057,0.0,0.0,0,0,L06_001057,LEGITIMATE_TRANSFER_CASHOUT,NONE,1,2,CASH_OUT,2,0.40504034510199627,0.11151254326802983,0.011547849256663738,21953.17,541703.33
L06_002115,357,TRANSFER,9658.85,C2081483267,73081.04,63422.189999999995,C1826345381,2160729.46,2170388.31,0,0,L06_001058,LEGITIMATE_TRANSFER_CASHOUT,NONE,1,1,TRANSFER,0,0.42080968129895013,0.13216629101063698,0.0018727247936568547,13723.39,
L06_002116,361,CASH_OUT,4064.54,C1826345381,2170388.31,0.0,CASHOUT_L06_001058,0.0,0.0,0,0,L06_001058,LEGITIMATE_TRANSFER_CASHOUT,NONE,1,2,CASH_OUT,4,0.42080968129895013,0.13216629101063698,0.0018727247936568547,13723.39,2166323.77
L06_002117,236,TRANSFER,9175.31,C1089979017,61417.0,52241.69,C1611065899,11345.88,20521.19,0,0,L06_001059,LEGITIMATE_TRANSFER_CASHOUT,NONE,1,1,TRANSFER,0,0.4493885602972941,0.14939365322304898,0.20092791889749084,13298.59,
L06_002118,241,CASH_OUT,4123.28,C1611065899,20521.19,0.0,CASHOUT_L06_001059,0.0,0.0,0,0,L06_001059,LEGITIMATE_TRANSFER_CASHOUT,NONE,1,2,CASH_OUT,5,0.4493885602972941,0.14939365322304898,0.20092791889749084,13298.59,16397.91
L06_002119,403,TRANSFER,9787.87,C1728709251,98050.0,88262.13,C559199444,0.0,9787.87,0,0,L06_001060,LEGITIMATE_TRANSFER_CASHOUT,NONE,1,1,TRANSFER,0,0.34011507333381696,0.09982529321774605,0.3401148564498711,13116.87,
L06_002120,406,CASH_OUT,3329.0,C559199444,9787.87,0.0,CASHOUT_L06_001060,0.0,0.0,0,0,L06_001060,LEGITIMATE_TRANSFER_CASHOUT,NONE,1,2,CASH_OUT,3,0.34011507333381696,0.09982529321774605,0.3401148564498711,13116.87,6458.870000000001
L06_002121,594,TRANSFER,18082.93,C1397529011,147269.0,129186.07,C1805445027,1723100.71,1741183.64,0,0,L06_001061,LEGITIMATE_TRANSFER_CASHOUT,NONE,1,1,TRANSFER,0,0.34087321975181284,0.12278843476902811,0.0035401148152299435,24246.92,
L06_002122,598,CASH_OUT,6163.99,C1805445027,1741183.64,0.0,CASHOUT_L06_001061,0.0,0.0,0,0,L06_001061,LEGITIMATE_TRANSFER_CASHOUT,NONE,1,2,CASH_OUT,4,0.34087321975181284,0.12278843476902811,0.0035401148152299435,24246.92,1735019.65
L06_002123,11,TRANSFER,17950.53,C1537228086,206820.0,188869.47,C1486919356,366.0,18316.53,0,0,L06_001062,LEGITIMATE_TRANSFER_CASHOUT,NONE,1,1,TRANSFER,0,0.5077358938368168,0.08679300841311284,0.4975904278812635,27064.659999999996,
L06_002124,16,CASH_OUT,9114.13,C1486919356,18316.53,0.0,CASHOUT_L06_001062,0.0,0.0,0,0,L06_001062,LEGITIMATE_TRANSFER_CASHOUT,NONE,1,2,CASH_OUT,5,0.5077358938368168,0.08679300841311284,0.4975904278812635,27064.659999999996,9202.4
L06_002125,18,TRANSFER,20080.52,C197062370,410732.56,390652.04,C2077777540,1557075.89,1577156.41,0,0,L06_001063,LEGITIMATE_TRANSFER_CASHOUT,NONE,1,1,TRANSFER,0,0.25797940409169273,0.04888952558326518,0.0032846203250063194,25260.88,
L06_002126,22,CASH_OUT,5180.36,C2077777540,1577156.41,0.0,CASHOUT_L06_001063,0.0,0.0,0,0,L06_001063,LEGITIMATE_TRANSFER_CASHOUT,NONE,1,2,CASH_OUT,4,0.25797940409169273,0.04888952558326518,0.0032846203250063194,25260.88,1571976.0499999998
L06_002127,331,TRANSFER,24574.86,C1208371086,214713.0,190138.14,C544315612,113296.73,137871.59,0,0,L06_001064,LEGITIMATE_TRANSFER_CASHOUT,NONE,1,1,TRANSFER,0,0.38113111898249796,0.11445445781112462,0.06793451790901954,33941.1,
L06_002128,335,CASH_OUT,9366.24,C544315612,137871.59,210790.77,CASHOUT_L06_001064,0.0,0.0,0,0,L06_001064,LEGITIMATE_TRANSFER_CASHOUT,NONE,1,2,CASH_OUT,4,0.38113111898249796,0.11445445781112462,0.06793451790901954,33941.1,128505.34999999999
L06_002129,525,TRANSFER,33219.2,C630836357,451300.0,418080.8,C2039066151,1537882.12,1571101.32,0,0,L06_001065,LEGITIMATE_TRANSFER_CASHOUT,NONE,1,1,TRANSFER,0,0.3643125772812243,0.07360779968978506,0.007702985062732937,45321.369999999995,
L06_002130,527,CASH_OUT,12102.17,C2039066151,1571101.32,408004.96,CASHOUT_L06_001065,0.0,0.0,0,0,L06_001065,LEGITIMATE_TRANSFER_CASHOUT,NONE,1,2,CASH_OUT,2,0.3643125772812243,0.07360779968978506,0.007702985062732937,45321.369999999995,1558999.1500000001
L06_002131,348,TRANSFER,10020.71,C1612885146,87909.0,77888.29000000001,C1495119408,1265751.43,1275772.14,0,0,L06_001066,LEGITIMATE_TRANSFER_CASHOUT,NONE,1,1,TRANSFER,0,0.5392214721627966,0.11398958013400219,0.0042353801518192746,15424.09,
L06_002132,353,CASH_OUT,5403.38,C1495119408,1275772.14,0.0,CASHOUT_L06_001066,0.0,0.0,0,0,L06_001066,LEGITIMATE_TRANSFER_CASHOUT,NONE,1,2,CASH_OUT,5,0.5392214721627966,0.11398958013400219,0.0042353801518192746,15424.09,1270368.76
L06_002133,305,TRANSFER,17985.21,C1943442922,166216.0,148230.79,C468486298,537608.99,555594.2,0,0,L06_001067,LEGITIMATE_TRANSFER_CASHOUT,NONE,1,1,TRANSFER,0,0.5861082102397301,0.10820384319199114,0.018972984239216322,28526.489999999998,
L06_002134,310,CASH_OUT,10541.28,C468486298,555594.2,0.0,CASHOUT_L06_001067,0.0,0.0,0,0,L06_001067,LEGITIMATE_TRANSFER_CASHOUT,NONE,1,2,CASH_OUT,5,0.5861082102397301,0.10820384319199114,0.018972984239216322,28526.489999999998,545052.9199999999
L06_002135,669,TRANSFER,8796.53,C1046635241,59912.0,51115.47,C1748989668,5297331.44,5306127.970000001,0,0,L06_001068,LEGITIMATE_TRANSFER_CASHOUT,NONE,1,1,TRANSFER,0,0.22068097338753212,0.14682417545733745,0.00036584681164408475,10737.76,
L06_002136,673,CASH_OUT,1941.23,C1748989668,5306127.970000001,0.0,CASHOUT_L06_001068,0.0,0.0,0,0,L06_001068,LEGITIMATE_TRANSFER_CASHOUT,NONE,1,2,CASH_OUT,4,0.22068097338753212,0.14682417545733745,0.00036584681164408475,10737.76,5304186.74
L06_002137,299,TRANSFER,10575.73,C335239453,600865.65,590289.92,C533711997,10260854.37,10271430.1,0,0,L06_001069,LEGITIMATE_TRANSFER_CASHOUT,NONE,1,1,TRANSFER,0,0.5451326565343604,0.017600823079169194,0.0005612830875420163,16340.91,
L06_002138,301,CASH_OUT,5765.18,C533711997,10271430.1,0.0,CASHOUT_L06_001069,0.0,0.0,0,0,L06_001069,LEGITIMATE_TRANSFER_CASHOUT,NONE,1,2,CASH_OUT,2,0.5451326565343604,0.017600823079169194,0.0005612830875420163,16340.91,10265664.92
L06_002139,9,TRANSFER,8906.54,C884690467,69259.78,60353.24,C1750956965,5000581.02,5009487.56,0,0,L06_001070,LEGITIMATE_TRANSFER_CASHOUT,NONE,1,1,TRANSFER,0,0.563913277068441,0.12859613472638812,0.0010026015515247632,13929.060000000001,
L06_002140,14,CASH_OUT,5022.52,C1750956965,5009487.56,0.0,CASHOUT_L06_001070,0.0,0.0,0,0,L06_001070,LEGITIMATE_TRANSFER_CASHOUT,NONE,1,2,CASH_OUT,5,0.563913277068441,0.12859613472638812,0.0010026015515247632,13929.060000000001,5004465.04
L06_002141,370,TRANSFER,9074.67,C1001558686,87514.21,78439.54000000001,C1828563450,17687589.81,17696664.48,0,0,L06_001071,LEGITIMATE_TRANSFER_CASHOUT,NONE,1,1,TRANSFER,0,0.4194169738370067,0.10369367443298637,0.00021507273329962574,12880.74,
L06_002142,372,CASH_OUT,3806.07,C1828563450,17696664.48,0.0,CASHOUT_L06_001071,0.0,0.0,0,0,L06_001071,LEGITIMATE_TRANSFER_CASHOUT,NONE,1,2,CASH_OUT,2,0.4194169738370067,0.10369367443298637,0.00021507273329962574,12880.74,17692858.41
L06_002143,93,TRANSFER,42909.61,C2038644937,286332.0,243422.39,C547089470,365004.85,407914.45999999996,0,0,L06_001072,LEGITIMATE_TRANSFER_CASHOUT,NONE,1,1,TRANSFER,0,0.30664296909530075,0.14985963846164593,0.03225659124709627,56067.54,
L06_002144,95,CASH_OUT,13157.93,C547089470,407914.45999999996,0.0,CASHOUT_L06_001072,0.0,0.0,0,0,L06_001072,LEGITIMATE_TRANSFER_CASHOUT,NONE,1,2,CASH_OUT,2,0.30664296909530075,0.14985963846164593,0.03225659124709627,56067.54,394756.52999999997
L06_002145,135,TRANSFER,8833.77,C1701459238,59758.0,50924.229999999996,C984690571,373802.48,382636.25,0,0,L06_001073,LEGITIMATE_TRANSFER_CASHOUT,NONE,1,1,TRANSFER,0,0.23972814318890198,0.14782573044613273,0.005534499148995946,10951.470000000001,
L06_002146,139,CASH_OUT,2117.7,C984690571,382636.25,0.0,CASHOUT_L06_001073,0.0,0.0,0,0,L06_001073,LEGITIMATE_TRANSFER_CASHOUT,NONE,1,2,CASH_OUT,4,0.23972814318890198,0.14782573044613273,0.005534499148995946,10951.470000000001,380518.55
L06_002147,186,TRANSFER,8793.71,C200559127,146778.0,137984.29,C1012499432,0.0,8793.71,0,0,L06_001074,LEGITIMATE_TRANSFER_CASHOUT,NONE,1,1,TRANSFER,0,0.22506811154718337,0.05991163525868999,0.22506769042872693,10772.89,
L06_002148,189,CASH_OUT,1979.18,C1012499432,8793.71,0.0,CASHOUT_L06_001074,0.0,0.0,0,0,L06_001074,LEGITIMATE_TRANSFER_CASHOUT,NONE,1,2,CASH_OUT,3,0.22506811154718337,0.05991163525868999,0.22506769042872693,10772.89,6814.529999999999
L06_002149,346,TRANSFER,31552.65,C1202493571,352504.0,320951.35,C985814822,734234.2,765786.85,0,0,L06_001075,LEGITIMATE_TRANSFER_CASHOUT,NONE,1,1,TRANSFER,0,0.271216208279331,0.08951004811292922,0.011174898080320916,40110.240000000005,
L06_002150,349,CASH_OUT,8557.59,C985814822,765786.85,94013.36,CASHOUT_L06_001075,0.0,0.0,0,0,L06_001075,LEGITIMATE_TRANSFER_CASHOUT,NONE,1,2,CASH_OUT,3,0.271216208279331,0.08951004811292922,0.011174898080320916,40110.240000000005,757229.26
L06_002151,14,TRANSFER,25721.45,C1714682012,188171.0,162449.55,C76500199,139887.16,165608.61000000002,0,0,L06_001076,LEGITIMATE_TRANSFER_CASHOUT,NONE,1,1,TRANSFER,0,0.32873841913142,0.13669189194934395,0.05105791299135956,34177.08,
L06_002152,17,CASH_OUT,8455.63,C76500199,165608.61000000002,114306.88,CASHOUT_L06_001076,0.0,0.0,0,0,L06_001076,LEGITIMATE_TRANSFER_CASHOUT,NONE,1,2,CASH_OUT,3,0.32873841913142,0.13669189194934395,0.05105791299135956,34177.08,157152.98
L06_002153,327,TRANSFER,11502.05,C728139332,110728.19,99226.14,C1982023489,14122629.09,14134131.14,0,0,L06_001077,LEGITIMATE_TRANSFER_CASHOUT,NONE,1,1,TRANSFER,0,0.577945550958679,0.10387643833065455,0.0004703196775348442,18149.61,
L06_002154,331,CASH_OUT,6647.56,C1982023489,14134131.14,0.0,CASHOUT_L06_001077,0.0,0.0,0,0,L06_001077,LEGITIMATE_TRANSFER_CASHOUT,NONE,1,2,CASH_OUT,4,0.577945550958679,0.10387643833065455,0.0004703196775348442,18149.61,14127483.58
L06_002155,35,TRANSFER,9073.9,C1490082835,99592.0,90518.1,C4906222,0.0,9073.9,0,0,L06_001078,LEGITIMATE_TRANSFER_CASHOUT,NONE,1,1,TRANSFER,0,0.20426057352225102,0.0911107317856856,0.2042605715293314,10927.34,
L06_002156,39,CASH_OUT,1853.44,C4906222,9073.9,0.0,CASHOUT_L06_001078,0.0,0.0,0,0,L06_001078,LEGITIMATE_TRANSFER_CASHOUT,NONE,1,2,CASH_OUT,4,0.20426057352225102,0.0911107317856856,0.2042605715293314,10927.34,7220.459999999999
L06_002157,323,TRANSFER,11641.94,C1541880692,184515.31,172873.37,C970483017,3181483.96,3193125.9,0,0,L06_001079,LEGITIMATE_TRANSFER_CASHOUT,NONE,1,1,TRANSFER,0,0.37016203454168733,0.06309471013543538,0.0013495866229389828,15951.34,
L06_002158,328,CASH_OUT,4309.4,C970483017,3193125.9,0.0,CASHOUT_L06_001079,0.0,0.0,0,0,L06_001079,LEGITIMATE_TRANSFER_CASHOUT,NONE,1,2,CASH_OUT,5,0.37016203454168733,0.06309471013543538,0.0013495866229389828,15951.34,3188816.5
L06_002159,330,TRANSFER,8806.25,C1669487852,59114.0,50307.75,C320264840,0.0,8806.25,0,0,L06_001080,LEGITIMATE_TRANSFER_CASHOUT,NONE,1,1,TRANSFER,0,0.5936551187716922,0.148970633014176,0.5936556422995032,14034.130000000001,
L06_002160,334,CASH_OUT,5227.88,C320264840,8806.25,0.0,CASHOUT_L06_001080,0.0,0.0,0,0,L06_001080,LEGITIMATE_TRANSFER_CASHOUT,NONE,1,2,CASH_OUT,4,0.5936551187716922,0.148970633014176,0.5936556422995032,14034.130000000001,3578.37
L06_002161,285,TRANSFER,12507.26,C331610342,108771.56,96264.3,C1832817436,1209371.47,1221878.73,0,0,L06_001081,LEGITIMATE_TRANSFER_CASHOUT,NONE,1,1,TRANSFER,0,0.39059805043618645,0.11498649095406925,0.0039981954674012535,17392.57,
L06_002162,286,CASH_OUT,4885.31,C1832817436,1221878.73,0.0,CASHOUT_L06_001081,0.0,0.0,0,0,L06_001081,LEGITIMATE_TRANSFER_CASHOUT,NONE,1,2,CASH_OUT,1,0.39059805043618645,0.11498649095406925,0.0039981954674012535,17392.57,1216993.42
L06_002163,514,TRANSFER,10623.41,C837600058,226119.37,215495.96,C260584150,1165279.28,1175902.69,0,0,L06_001082,LEGITIMATE_TRANSFER_CASHOUT,NONE,1,1,TRANSFER,0,0.6342262840695115,0.04698142401511202,0.005729768336527915,17361.059999999998,
L06_002164,519,CASH_OUT,6737.65,C260584150,1175902.69,0.0,CASHOUT_L06_001082,0.0,0.0,0,0,L06_001082,LEGITIMATE_TRANSFER_CASHOUT,NONE,1,2,CASH_OUT,5,0.6342262840695115,0.04698142401511202,0.005729768336527915,17361.059999999998,1169165.04
L06_002165,230,TRANSFER,10951.97,C1025450577,90807.0,79855.03,C108417644,352143.41,363095.37999999995,0,0,L06_001083,LEGITIMATE_TRANSFER_CASHOUT,NONE,1,1,TRANSFER,0,0.5114131991447715,0.12060711178653627,0.01542564380742052,16552.949999999997,
L06_002166,234,CASH_OUT,5600.98,C108417644,363095.37999999995,0.0,CASHOUT_L06_001083,0.0,0.0,0,0,L06_001083,LEGITIMATE_TRANSFER_CASHOUT,NONE,1,2,CASH_OUT,4,0.5114131991447715,0.12060711178653627,0.01542564380742052,16552.949999999997,357494.39999999997
L06_002167,1,TRANSFER,8855.89,C1976401987,79114.0,70258.11,C1937962514,517.0,9372.89,0,0,L06_001084,LEGITIMATE_TRANSFER_CASHOUT,NONE,1,1,TRANSFER,0,0.26439605519265375,0.11193834213919154,0.2498119576779414,11197.349999999999,
L06_002168,2,CASH_OUT,2341.46,C1937962514,9372.89,16503.2,CASHOUT_L06_001084,0.0,0.0,0,0,L06_001084,LEGITIMATE_TRANSFER_CASHOUT,NONE,1,2,CASH_OUT,1,0.26439605519265375,0.11193834213919154,0.2498119576779414,11197.349999999999,7031.429999999999
L06_002169,357,TRANSFER,14237.94,C265525851,124606.0,110368.06,C1827403367,402304.81,416542.75,0,0,L06_001085,LEGITIMATE_TRANSFER_CASHOUT,NONE,1,1,TRANSFER,0,0.31298722363744935,0.11426367911657545,0.010698277667778398,18694.23,
L06_002170,361,CASH_OUT,4456.29,C1827403367,416542.75,0.0,CASHOUT_L06_001085,0.0,0.0,0,0,L06_001085,LEGITIMATE_TRANSFER_CASHOUT,NONE,1,2,CASH_OUT,4,0.31298722363744935,0.11426367911657545,0.010698277667778398,18694.23,412086.46
L06_002171,8,TRANSFER,8749.96,C1057017107,59759.0,51009.04,C1567808902,0.0,8749.96,0,0,L06_001086,LEGITIMATE_TRANSFER_CASHOUT,NONE,1,1,TRANSFER,0,0.4532856610404466,0.146420790173865,0.4532855007337177,12716.189999999999,
L06_002172,11,CASH_OUT,3966.23,C1567808902,8749.96,0.0,CASHOUT_L06_001086,0.0,0.0,0,0,L06_001086,LEGITIMATE_TRANSFER_CASHOUT,NONE,1,2,CASH_OUT,3,0.4532856610404466,0.146420790173865,0.4532855007337177,12716.189999999999,4783.73
L06_002173,352,TRANSFER,11189.49,C1814084982,112913.0,101723.51,C1426554046,4802.09,15991.58,0,0,L06_001087,LEGITIMATE_TRANSFER_CASHOUT,NONE,1,1,TRANSFER,0,0.2635653800814187,0.09909833234437133,0.1844195507886025,14138.65,
L06_002174,355,CASH_OUT,2949.16,C1426554046,15991.58,0.0,CASHOUT_L06_001087,0.0,0.0,0,0,L06_001087,LEGITIMATE_TRANSFER_CASHOUT,NONE,1,2,CASH_OUT,3,0.2635653800814187,0.09909833234437133,0.1844195507886025,14138.65,13042.42
L06_002175,204,TRANSFER,16751.67,C379496752,223657.0,206905.33000000002,C1635564086,784005.93,800757.6000000001,0,0,L06_001088,LEGITIMATE_TRANSFER_CASHOUT,NONE,1,1,TRANSFER,0,0.5897949649305203,0.07489893005808,0.012338378055980984,26631.719999999998,
L06_002176,209,CASH_OUT,9880.05,C1635564086,800757.6000000001,204625.56,CASHOUT_L06_001088,0.0,0.0,0,0,L06_001088,LEGITIMATE_TRANSFER_CASHOUT,NONE,1,2,CASH_OUT,5,0.5897949649305203,0.07489893005808,0.012338378055980984,26631.719999999998,790877.55
L06_002177,18,TRANSFER,29033.73,C1323168191,536362.29,507328.56000000006,C900169551,721334.22,750367.95,0,0,L06_001089,LEGITIMATE_TRANSFER_CASHOUT,NONE,1,1,TRANSFER,0,0.4144630183534156,0.05413081892837768,0.016036679071913987,41067.14,
L06_002178,19,CASH_OUT,12033.41,C900169551,750367.95,176427.35,CASHOUT_L06_001089,0.0,0.0,0,0,L06_001089,LEGITIMATE_TRANSFER_CASHOUT,NONE,1,2,CASH_OUT,1,0.4144630183534156,0.05413081892837768,0.016036679071913987,41067.14,738334.5399999999
L06_002179,41,TRANSFER,11596.88,C1745261445,198667.6,187070.72,C849626741,2186606.77,2198203.65,0,0,L06_001090,LEGITIMATE_TRANSFER_CASHOUT,NONE,1,1,TRANSFER,0,0.2040815921686144,0.05837328281008075,0.0010766563871368333,13963.59,
L06_002180,42,CASH_OUT,2366.71,C849626741,2198203.65,0.0,CASHOUT_L06_001090,0.0,0.0,0,0,L06_001090,LEGITIMATE_TRANSFER_CASHOUT,NONE,1,2,CASH_OUT,1,0.2040815921686144,0.05837328281008075,0.0010766563871368333,13963.59,2195836.94
L06_002181,524,TRANSFER,13072.48,C1898763438,202070.0,188997.52,C1412594082,11794.17,24866.65,0,0,L06_001091,LEGITIMATE_TRANSFER_CASHOUT,NONE,1,1,TRANSFER,0,0.2635716784499966,0.06469282921759786,0.1385606826814227,16518.02,
L06_002182,529,CASH_OUT,3445.54,C1412594082,24866.65,0.0,CASHOUT_L06_001091,0.0,0.0,0,0,L06_001091,LEGITIMATE_TRANSFER_CASHOUT,NONE,1,2,CASH_OUT,5,0.2635716784499966,0.06469282921759786,0.1385606826814227,16518.02,21421.11
L06_002183,163,TRANSFER,8701.93,C1657599730,58429.1,49727.17,C351435248,1424297.77,1432999.7,0,0,L06_001092,LEGITIMATE_TRANSFER_CASHOUT,NONE,1,1,TRANSFER,0,0.24752134122939606,0.14893143998452826,0.0015030777745452424,10855.84,
L06_002184,164,CASH_OUT,2153.91,C351435248,1432999.7,54069.39,CASHOUT_L06_001092,0.0,0.0,0,0,L06_001092,LEGITIMATE_TRANSFER_CASHOUT,NONE,1,2,CASH_OUT,1,0.24752134122939606,0.14893143998452826,0.0015030777745452424,10855.84,1430845.79
L06_002185,373,TRANSFER,27798.42,C18613596,240673.67,212875.25,C1912426875,5919067.12,5946865.54,0,0,L06_001093,LEGITIMATE_TRANSFER_CASHOUT,NONE,1,1,TRANSFER,0,0.6085883626435349,0.11550253918511318,0.0028448247040742747,44716.21,
L06_002186,376,CASH_OUT,16917.79,C1912426875,5946865.54,0.0,CASHOUT_L06_001093,0.0,0.0,0,0,L06_001093,LEGITIMATE_TRANSFER_CASHOUT,NONE,1,2,CASH_OUT,3,0.6085883626435349,0.11550253918511318,0.0028448247040742747,44716.21,5929947.75
L06_002187,306,TRANSFER,9057.96,C395942432,61006.0,51948.04,C168890161,0.0,9057.96,0,0,L06_001094,LEGITIMATE_TRANSFER_CASHOUT,NONE,1,1,TRANSFER,0,0.5974049005896469,0.14847654329082383,0.5974049344444003,14469.23,
L06_002188,311,CASH_OUT,5411.27,C168890161,9057.96,0.0,CASHOUT_L06_001094,0.0,0.0,0,0,L06_001094,LEGITIMATE_TRANSFER_CASHOUT,NONE,1,2,CASH_OUT,5,0.5974049005896469,0.14847654329082383,0.5974049344444003,14469.23,3646.6899999999987
L06_002189,41,TRANSFER,9359.49,C1822698346,69549.0,60189.51,C577022771,1822491.73,1831851.22,0,0,L06_001095,LEGITIMATE_TRANSFER_CASHOUT,NONE,1,1,TRANSFER,0,0.5972696963692133,0.13457404132338352,0.0030516342915665393,14949.630000000001,
L06_002190,46,CASH_OUT,5590.14,C577022771,1831851.22,0.0,CASHOUT_L06_001095,0.0,0.0,0,0,L06_001095,LEGITIMATE_TRANSFER_CASHOUT,NONE,1,2,CASH_OUT,5,0.5972696963692133,0.13457404132338352,0.0030516342915665393,14949.630000000001,1826261.08
L06_002191,137,TRANSFER,21568.25,C714674619,359709.87,338141.62,C1407040247,161811.42,183379.67,0,0,L06_001096,LEGITIMATE_TRANSFER_CASHOUT,NONE,1,1,TRANSFER,0,0.36039943604581226,0.059960128422386634,0.042388504679935345,29341.44,
L06_002192,141,CASH_OUT,7773.19,C1407040247,183379.67,0.0,CASHOUT_L06_001096,0.0,0.0,0,0,L06_001096,LEGITIMATE_TRANSFER_CASHOUT,NONE,1,2,CASH_OUT,4,0.36039943604581226,0.059960128422386634,0.042388504679935345,29341.44,175606.48
L06_002193,21,TRANSFER,9414.19,C1790059443,78094.0,68679.81,C448555696,0.0,9414.19,0,0,L06_001097,LEGITIMATE_TRANSFER_CASHOUT,NONE,1,1,TRANSFER,0,0.2717564428235384,0.12054946602811996,0.2717567841736782,11972.560000000001,
L06_002194,22,CASH_OUT,2558.37,C448555696,9414.19,0.0,CASHOUT_L06_001097,0.0,0.0,0,0,L06_001097,LEGITIMATE_TRANSFER_CASHOUT,NONE,1,2,CASH_OUT,1,0.2717564428235384,0.12054946602811996,0.2717567841736782,11972.560000000001,6855.820000000001
L06_002195,326,TRANSFER,84871.67,C1736441226,610219.0,525347.33,C202033571,2168243.9,2253115.57,0,0,L06_001098,LEGITIMATE_TRANSFER_CASHOUT,NONE,1,1,TRANSFER,0,0.5818174716736331,0.1390839518271309,0.021916239298812357,134251.49,
L06_002196,328,CASH_OUT,49379.82,C202033571,2253115.57,0.0,CASHOUT_L06_001098,0.0,0.0,0,0,L06_001098,LEGITIMATE_TRANSFER_CASHOUT,NONE,1,2,CASH_OUT,2,0.5818174716736331,0.1390839518271309,0.021916239298812357,134251.49,2203735.75
L06_002197,163,TRANSFER,10911.18,C645202626,141932.0,131020.82,C1913037374,0.0,10911.18,0,0,L06_001099,LEGITIMATE_TRANSFER_CASHOUT,NONE,1,1,TRANSFER,0,0.6140798844438776,0.07687610968632867,0.614080236967954,17611.52,
L06_002198,166,CASH_OUT,6700.34,C1913037374,10911.18,0.0,CASHOUT_L06_001099,0.0,0.0,0,0,L06_001099,LEGITIMATE_TRANSFER_CASHOUT,NONE,1,2,CASH_OUT,3,0.6140798844438776,0.07687610968632867,0.614080236967954,17611.52,4210.84
L06_002199,136,TRANSFER,12333.13,C885036451,509026.5,496693.37,C1014133398,1564504.55,1576837.68,0,0,L06_001100,LEGITIMATE_TRANSFER_CASHOUT,NONE,1,1,TRANSFER,0,0.5362521362860758,0.024228856454428207,0.0041942617708120725,18946.8,
L06_002200,141,CASH_OUT,6613.67,C1014133398,1576837.68,0.0,CASHOUT_L06_001100,0.0,0.0,0,0,L06_001100,LEGITIMATE_TRANSFER_CASHOUT,NONE,1,2,CASH_OUT,5,0.5362521362860758,0.024228856454428207,0.0041942617708120725,18946.8,1570224.01
L06_002201,182,TRANSFER,11213.89,C1819483596,82752.0,71538.11,C1177625018,57689.22,68903.11,0,0,L06_001101,LEGITIMATE_TRANSFER_CASHOUT,NONE,1,1,TRANSFER,0,0.4335722330861602,0.13551201179427688,0.07056328807219296,16075.919999999998,
L06_002202,186,CASH_OUT,4862.03,C1177625018,68903.11,0.0,CASHOUT_L06_001101,0.0,0.0,0,0,L06_001101,LEGITIMATE_TRANSFER_CASHOUT,NONE,1,2,CASH_OUT,4,0.4335722330861602,0.13551201179427688,0.07056328807219296,16075.919999999998,64041.08
L06_002203,19,TRANSFER,249282.27,C1323845057,2134217.75,1884935.48,C1506027432,9736596.58,9985878.85,0,0,L06_001102,LEGITIMATE_TRANSFER_CASHOUT,NONE,1,1,TRANSFER,0,0.414135423763466,0.11680264115505552,0.010338260813168187,352518.89,
L06_002204,23,CASH_OUT,103236.62,C1506027432,9985878.85,1036671.38,CASHOUT_L06_001102,0.0,0.0,0,0,L06_001102,LEGITIMATE_TRANSFER_CASHOUT,NONE,1,2,CASH_OUT,4,0.414135423763466,0.11680264115505552,0.010338260813168187,352518.89,9882642.23
L06_002205,158,TRANSFER,57783.15,C1225686778,409390.35,351607.19999999995,C193941275,8559103.26,8616886.41,0,0,L06_001103,LEGITIMATE_TRANSFER_CASHOUT,NONE,1,1,TRANSFER,0,0.22345791180215013,0.14114438701351903,0.0014984646873162158,70695.25,
L06_002206,159,CASH_OUT,12912.1,C193941275,8616886.41,85688.86,CASHOUT_L06_001103,0.0,0.0,0,0,L06_001103,LEGITIMATE_TRANSFER_CASHOUT,NONE,1,2,CASH_OUT,1,0.22345791180215013,0.14114438701351903,0.0014984646873162158,70695.25,8603974.31
L06_002207,136,TRANSFER,9525.05,C1231449636,174302.0,164776.95,C1458190684,5492075.07,5501600.12,0,0,L06_001104,LEGITIMATE_TRANSFER_CASHOUT,NONE,1,1,TRANSFER,0,0.5264690683052309,0.054646819887322,0.0009114875473719454,14539.689999999999,
L06_002208,141,CASH_OUT,5014.64,C1458190684,5501600.12,0.0,CASHOUT_L06_001104,0.0,0.0,0,0,L06_001104,LEGITIMATE_TRANSFER_CASHOUT,NONE,1,2,CASH_OUT,5,0.5264690683052309,0.054646819887322,0.0009114875473719454,14539.689999999999,5496585.48
L06_002209,255,TRANSFER,9158.34,C1754338985,108453.0,99294.66,C461759296,252860.85,262019.19,0,0,L06_001105,LEGITIMATE_TRANSFER_CASHOUT,NONE,1,1,TRANSFER,0,0.5965290570890276,0.0844452435617272,0.020850457556181288,14621.560000000001,
L06_002210,257,CASH_OUT,5463.22,C461759296,262019.19,101338.74,CASHOUT_L06_001105,0.0,0.0,0,0,L06_001105,LEGITIMATE_TRANSFER_CASHOUT,NONE,1,2,CASH_OUT,2,0.5965290570890276,0.0844452435617272,0.020850457556181288,14621.560000000001,256555.97
L06_002211,253,TRANSFER,42339.36,C322337447,306626.99,264287.63,C1641331285,1328852.89,1371192.25,0,0,L06_001106,LEGITIMATE_TRANSFER_CASHOUT,NONE,1,1,TRANSFER,0,0.2859970943692951,0.13808099541400448,0.008830949854041256,54448.29,
L06_002212,257,CASH_OUT,12108.93,C1641331285,1371192.25,0.0,CASHOUT_L06_001106,0.0,0.0,0,0,L06_001106,LEGITIMATE_TRANSFER_CASHOUT,NONE,1,2,CASH_OUT,4,0.2859970943692951,0.13808099541400448,0.008830949854041256,54448.29,1359083.32
L06_002213,393,TRANSFER,23012.84,C1450210083,734199.98,711187.14,C723320758,149424.42,172437.26,0,0,L06_001107,LEGITIMATE_TRANSFER_CASHOUT,NONE,1,1,TRANSFER,0,0.5685071217763797,0.031344103278237626,0.0758708413715226,36095.8,
L06_002214,397,CASH_OUT,13082.96,C723320758,172437.26,643269.93,CASHOUT_L06_001107,0.0,0.0,0,0,L06_001107,LEGITIMATE_TRANSFER_CASHOUT,NONE,1,2,CASH_OUT,4,0.5685071217763797,0.031344103278237626,0.0758708413715226,36095.8,159354.30000000002
L06_002215,131,TRANSFER,9217.8,C151677909,191524.97,182307.17,C718232939,1882531.55,1891749.35,0,0,L06_001108,LEGITIMATE_TRANSFER_CASHOUT,NONE,1,1,TRANSFER,0,0.2840285248203681,0.04812845030076235,0.001383967701640812,11835.919999999998,
L06_002216,136,CASH_OUT,2618.12,C718232939,1891749.35,0.0,CASHOUT_L06_001108,0.0,0.0,0,0,L06_001108,LEGITIMATE_TRANSFER_CASHOUT,NONE,1,2,CASH_OUT,5,0.2840285248203681,0.04812845030076235,0.001383967701640812,11835.919999999998,1889131.23
L06_002217,283,TRANSFER,21004.18,C1620005835,190799.0,169794.82,C670120513,1212174.23,1233178.41,0,0,L06_001109,LEGITIMATE_TRANSFER_CASHOUT,NONE,1,1,TRANSFER,0,0.21060281421486896,0.11008537780596335,0.003587104642871586,25427.72,
L06_002218,288,CASH_OUT,4423.54,C670120513,1233178.41,0.0,CASHOUT_L06_001109,0.0,0.0,0,0,L06_001109,LEGITIMATE_TRANSFER_CASHOUT,NONE,1,2,CASH_OUT,5,0.21060281421486896,0.11008537780596335,0.003587104642871586,25427.72,1228754.8699999999
L06_002219,206,TRANSFER,13191.6,C160948052,162345.0,149153.4,C1725401102,770332.01,783523.61,0,0,L06_001110,LEGITIMATE_TRANSFER_CASHOUT,NONE,1,1,TRANSFER,0,0.2573232401501126,0.08125658320243925,0.004332364662246745,16586.11,
L06_002220,207,CASH_OUT,3394.51,C1725401102,783523.61,0.0,CASHOUT_L06_001110,0.0,0.0,0,0,L06_001110,LEGITIMATE_TRANSFER_CASHOUT,NONE,1,2,CASH_OUT,1,0.2573232401501126,0.08125658320243925,0.004332364662246745,16586.11,780129.1
L06_002221,380,TRANSFER,32634.21,C820096678,247460.0,214825.79,C1200269809,308428.02,341062.23000000004,0,0,L06_001111,LEGITIMATE_TRANSFER_CASHOUT,NONE,1,1,TRANSFER,0,0.625230587140988,0.1318767073466419,0.05982459564637221,53038.119999999995,
L06_002222,381,CASH_OUT,20403.91,C1200269809,341062.23000000004,200997.29,CASHOUT_L06_001111,0.0,0.0,0,0,L06_001111,LEGITIMATE_TRANSFER_CASHOUT,NONE,1,2,CASH_OUT,1,0.625230587140988,0.1318767073466419,0.05982459564637221,53038.119999999995,320658.32000000007
L06_002223,395,TRANSFER,12189.38,C1255786622,104218.0,92028.62,C334647743,329702.27,341891.65,0,0,L06_001112,LEGITIMATE_TRANSFER_CASHOUT,NONE,1,1,TRANSFER,0,0.299562626107453,0.11696040990999634,0.010680225738183427,15840.859999999999,
L06_002224,399,CASH_OUT,3651.48,C334647743,341891.65,0.0,CASHOUT_L06_001112,0.0,0.0,0,0,L06_001112,LEGITIMATE_TRANSFER_CASHOUT,NONE,1,2,CASH_OUT,4,0.299562626107453,0.11696040990999634,0.010680225738183427,15840.859999999999,338240.17000000004
L06_002225,20,TRANSFER,22403.36,C1889785348,195607.61,173204.25,C2100405118,794380.51,816783.87,0,0,L06_001113,LEGITIMATE_TRANSFER_CASHOUT,NONE,1,1,TRANSFER,0,0.5834157434237028,0.1145321493371347,0.016002360575509404,35473.83,
L06_002226,21,CASH_OUT,13070.47,C2100405118,816783.87,0.0,CASHOUT_L06_001113,0.0,0.0,0,0,L06_001113,LEGITIMATE_TRANSFER_CASHOUT,NONE,1,2,CASH_OUT,1,0.5834157434237028,0.1145321493371347,0.016002360575509404,35473.83,803713.4
L06_002227,397,TRANSFER,24992.17,C957885145,188094.3,163102.13,C1763996632,1555897.25,1580889.42,0,0,L06_001114,LEGITIMATE_TRANSFER_CASHOUT,NONE,1,1,TRANSFER,0,0.4313380034866511,0.13287042722719403,0.006818990540147963,35772.24,
L06_002228,399,CASH_OUT,10780.07,C1763996632,1580889.42,0.0,CASHOUT_L06_001114,0.0,0.0,0,0,L06_001114,LEGITIMATE_TRANSFER_CASHOUT,NONE,1,2,CASH_OUT,2,0.4313380034866511,0.13287042722719403,0.006818990540147963,35772.24,1570109.3499999999
L06_002229,249,TRANSFER,15918.39,C698639027,280479.0,264560.61,C202497323,93568.21,109486.6,0,0,L06_001115,LEGITIMATE_TRANSFER_CASHOUT,NONE,1,1,TRANSFER,0,0.5120089401662018,0.05675430246114682,0.07444162116642584,24068.75,
L06_002230,252,CASH_OUT,8150.36,C202497323,109486.6,0.0,CASHOUT_L06_001115,0.0,0.0,0,0,L06_001115,LEGITIMATE_TRANSFER_CASHOUT,NONE,1,2,CASH_OUT,3,0.5120089401662018,0.05675430246114682,0.07444162116642584,24068.75,101336.24
L06_002231,39,TRANSFER,8714.93,C1525637441,62893.0,54178.07,C698374836,434755.31,443470.24,0,0,L06_001116,LEGITIMATE_TRANSFER_CASHOUT,NONE,1,1,TRANSFER,0,0.6080178250937139,0.13856756713783727,0.011948558261767463,14013.76,
L06_002232,44,CASH_OUT,5298.83,C698374836,443470.24,0.0,CASHOUT_L06_001116,0.0,0.0,0,0,L06_001116,LEGITIMATE_TRANSFER_CASHOUT,NONE,1,2,CASH_OUT,5,0.6080178250937139,0.13856756713783727,0.011948558261767463,14013.76,438171.41
L06_002233,207,TRANSFER,15703.63,C48317630,193448.0,177744.37,C1864625432,735265.48,750969.11,0,0,L06_001117,LEGITIMATE_TRANSFER_CASHOUT,NONE,1,1,TRANSFER,0,0.3570495901492984,0.08117752574335221,0.0074663124292822115,21310.6,
L06_002234,209,CASH_OUT,5606.97,C1864625432,750969.11,0.0,CASHOUT_L06_001117,0.0,0.0,0,0,L06_001117,LEGITIMATE_TRANSFER_CASHOUT,NONE,1,2,CASH_OUT,2,0.3570495901492984,0.08117752574335221,0.0074663124292822115,21310.6,745362.14
L06_002235,42,TRANSFER,19446.53,C1565403239,201665.0,182218.47,C1934540454,656744.16,676190.6900000001,0,0,L06_001118,LEGITIMATE_TRANSFER_CASHOUT,NONE,1,1,TRANSFER,0,0.3916391106573417,0.09642987132125058,0.01126312460764581,27062.55,
L06_002236,46,CASH_OUT,7616.02,C1934540454,676190.6900000001,0.0,CASHOUT_L06_001118,0.0,0.0,0,0,L06_001118,LEGITIMATE_TRANSFER_CASHOUT,NONE,1,2,CASH_OUT,4,0.3916391106573417,0.09642987132125058,0.01126312460764581,27062.55,668574.67
L06_002237,16,TRANSFER,19493.36,C1094620317,251129.0,231635.64,C466368912,26649.0,46142.36,0,0,L06_001119,LEGITIMATE_TRANSFER_CASHOUT,NONE,1,1,TRANSFER,0,0.21162644898924077,0.07762289500615221,0.08940396633375493,23618.670000000002,
L06_002238,18,CASH_OUT,4125.31,C466368912,46142.36,206686.38,CASHOUT_L06_001119,0.0,0.0,0,0,L06_001119,LEGITIMATE_TRANSFER_CASHOUT,NONE,1,2,CASH_OUT,2,0.21162644898924077,0.07762289500615221,0.08940396633375493,23618.670000000002,42017.05
L06_002239,129,TRANSFER,42683.04,C2000654285,439661.0,396977.96,C146155357,116120.23,158803.27,0,0,L06_001120,LEGITIMATE_TRANSFER_CASHOUT,NONE,1,1,TRANSFER,0,0.6173579341523276,0.0970817061326795,0.1659330440739665,69033.75,
L06_002240,132,CASH_OUT,26350.71,C146155357,158803.27,40916.84,CASHOUT_L06_001120,0.0,0.0,0,0,L06_001120,LEGITIMATE_TRANSFER_CASHOUT,NONE,1,2,CASH_OUT,3,0.6173579341523276,0.0970817061326795,0.1659330440739665,69033.75,132452.56
L06_002241,612,TRANSFER,12596.25,C339027700,100255.0,87658.75,C2033871703,43157.79,55754.04,0,0,L06_001121,LEGITIMATE_TRANSFER_CASHOUT,NONE,1,1,TRANSFER,0,0.31322718542668404,0.12564211261283725,0.07076599292176854,16541.739999999998,
L06_002242,615,CASH_OUT,3945.49,C2033871703,55754.04,75096.47,CASHOUT_L06_001121,0.0,0.0,0,0,L06_001121,LEGITIMATE_TRANSFER_CASHOUT,NONE,1,2,CASH_OUT,3,0.31322718542668404,0.12564211261283725,0.07076599292176854,16541.739999999998,51808.55
L06_002243,370,TRANSFER,33516.02,C2022850947,468368.0,434851.98,C610784916,127158.43,160674.44999999998,0,0,L06_001122,LEGITIMATE_TRANSFER_CASHOUT,NONE,1,1,TRANSFER,0,0.22982578625866937,0.0715591586103235,0.04794072735273095,41218.869999999995,
L06_002244,374,CASH_OUT,7702.85,C610784916,160674.44999999998,0.0,CASHOUT_L06_001122,0.0,0.0,0,0,L06_001122,LEGITIMATE_TRANSFER_CASHOUT,NONE,1,2,CASH_OUT,4,0.22982578625866937,0.0715591586103235,0.04794072735273095,41218.869999999995,152971.59999999998
L06_002245,228,TRANSFER,12109.83,C1244601830,193644.0,181534.17,C1751376047,639787.05,651896.88,0,0,L06_001123,LEGITIMATE_TRANSFER_CASHOUT,NONE,1,1,TRANSFER,0,0.5762281531998613,0.06253656193840243,0.010704177630057073,19087.85,
L06_002246,232,CASH_OUT,6978.02,C1751376047,651896.88,0.0,CASHOUT_L06_001123,0.0,0.0,0,0,L06_001123,LEGITIMATE_TRANSFER_CASHOUT,NONE,1,2,CASH_OUT,4,0.5762281531998613,0.06253656193840243,0.010704177630057073,19087.85,644918.86
L06_002247,14,TRANSFER,21242.74,C138600455,263930.69,242687.95,C2116520666,2019688.29,2040931.03,0,0,L06_001124,LEGITIMATE_TRANSFER_CASHOUT,NONE,1,1,TRANSFER,0,0.25245809897699995,0.0804860548805446,0.002627673312409778,26605.64,
L06_002248,16,CASH_OUT,5362.9,C2116520666,2040931.03,122961.03,CASHOUT_L06_001124,0.0,0.0,0,0,L06_001124,LEGITIMATE_TRANSFER_CASHOUT,NONE,1,2,CASH_OUT,2,0.25245809897699995,0.0804860548805446,0.002627673312409778,26605.64,2035568.1300000001
L06_002249,237,TRANSFER,8708.32,C1498534924,67655.28,58946.96,C1423983240,10649092.4,10657800.72,0,0,L06_001125,LEGITIMATE_TRANSFER_CASHOUT,NONE,1,1,TRANSFER,0,0.24962195275814808,0.12871604403972609,0.00020396234242968654,10882.11,
L06_002250,240,CASH_OUT,2173.79,C1423983240,10657800.72,0.0,CASHOUT_L06_001125,0.0,0.0,0,0,L06_001125,LEGITIMATE_TRANSFER_CASHOUT,NONE,1,2,CASH_OUT,3,0.24962195275814808,0.12871604403972609,0.00020396234242968654,10882.11,10655626.930000002
L06_002251,331,TRANSFER,8742.15,C2075242275,59169.55,50427.4,C1882242886,4995435.96,5004178.11,0,0,L06_001126,LEGITIMATE_TRANSFER_CASHOUT,NONE,1,1,TRANSFER,0,0.27696403576733397,0.14774744780043111,0.0004838476862287382,11163.41,
L06_002252,336,CASH_OUT,2421.26,C1882242886,5004178.11,0.0,CASHOUT_L06_001126,0.0,0.0,0,0,L06_001126,LEGITIMATE_TRANSFER_CASHOUT,NONE,1,2,CASH_OUT,5,0.27696403576733397,0.14774744780043111,0.0004838476862287382,11163.41,5001756.850000001
L06_002253,393,TRANSFER,22386.7,C1011583839,152069.0,129682.3,C1604898534,211312.5,233699.2,0,0,L06_001127,LEGITIMATE_TRANSFER_CASHOUT,NONE,1,1,TRANSFER,0,0.3069302085209469,0.14721409360224635,0.029401683873971324,29257.85,
L06_002254,394,CASH_OUT,6871.15,C1604898534,233699.2,0.0,CASHOUT_L06_001127,0.0,0.0,0,0,L06_001127,LEGITIMATE_TRANSFER_CASHOUT,NONE,1,2,CASH_OUT,1,0.3069302085209469,0.14721409360224635,0.029401683873971324,29257.85,226828.05000000002
L06_002255,309,TRANSFER,47731.78,C1150613150,449784.0,402052.22,C1121072110,0.0,47731.78,0,0,L06_001128,LEGITIMATE_TRANSFER_CASHOUT,NONE,1,1,TRANSFER,0,0.42791078809616734,0.10612156057129644,0.42791071273688097,68156.72,
L06_002256,310,CASH_OUT,20424.94,C1121072110,47731.78,139112.26,CASHOUT_L06_001128,0.0,0.0,0,0,L06_001128,LEGITIMATE_TRANSFER_CASHOUT,NONE,1,2,CASH_OUT,1,0.42791078809616734,0.10612156057129644,0.42791071273688097,68156.72,27306.84
L06_002257,153,TRANSFER,9116.75,C607108545,63492.0,54375.25,C1068832680,63315.98,72432.73000000001,0,0,L06_001129,LEGITIMATE_TRANSFER_CASHOUT,NONE,1,1,TRANSFER,0,0.5489950168673661,0.14358895608895608,0.06909928702121264,14121.8,
L06_002258,157,CASH_OUT,5005.05,C1068832680,72432.73000000001,0.0,CASHOUT_L06_001129,0.0,0.0,0,0,L06_001129,LEGITIMATE_TRANSFER_CASHOUT,NONE,1,2,CASH_OUT,4,0.5489950168673661,0.14358895608895608,0.06909928702121264,14121.8,67427.68000000001
L06_002259,306,TRANSFER,37995.13,C2058235068,529065.0,491069.87,C107133875,307204.17,345199.3,0,0,L06_001130,LEGITIMATE_TRANSFER_CASHOUT,NONE,1,1,TRANSFER,0,0.2514485920945124,0.07181561811875667,0.027676243839428412,47548.95,
L06_002260,307,CASH_OUT,9553.82,C107133875,345199.3,385045.39,CASHOUT_L06_001130,0.0,0.0,0,0,L06_001130,LEGITIMATE_TRANSFER_CASHOUT,NONE,1,2,CASH_OUT,1,0.2514485920945124,0.07181561811875667,0.027676243839428412,47548.95,335645.48
L06_002261,202,TRANSFER,27275.94,C2087499491,262589.0,235313.06,C2080969386,520988.44,548264.38,0,0,L06_001131,LEGITIMATE_TRANSFER_CASHOUT,NONE,1,1,TRANSFER,0,0.41122992309563733,0.1038731249214552,0.02045852404272552,38492.619999999995,
L06_002262,204,CASH_OUT,11216.68,C2080969386,548264.38,0.0,CASHOUT_L06_001131,0.0,0.0,0,0,L06_001131,LEGITIMATE_TRANSFER_CASHOUT,NONE,1,2,CASH_OUT,2,0.41122992309563733,0.1038731249214552,0.02045852404272552,38492.619999999995,537047.7
L06_002263,396,TRANSFER,10508.95,C878583340,75149.0,64640.05,C1142823139,4145.84,14654.79,0,0,L06_001132,LEGITIMATE_TRANSFER_CASHOUT,NONE,1,1,TRANSFER,0,0.4382184821563717,0.13984151485715046,0.31424674116790485,15114.170000000002,
L06_002264,401,CASH_OUT,4605.22,C1142823139,14654.79,0.0,CASHOUT_L06_001132,0.0,0.0,0,0,L06_001132,LEGITIMATE_TRANSFER_CASHOUT,NONE,1,2,CASH_OUT,5,0.4382184821563717,0.13984151485715046,0.31424674116790485,15114.170000000002,10049.57
L06_002265,322,TRANSFER,27376.64,C1319843142,185285.0,157908.36,C1913414023,531324.87,558701.51,0,0,L06_001133,LEGITIMATE_TRANSFER_CASHOUT,NONE,1,1,TRANSFER,0,0.3216404384072022,0.14775421647731873,0.015760526582432183,36182.07,
L06_002266,325,CASH_OUT,8805.43,C1913414023,558701.51,0.0,CASHOUT_L06_001133,0.0,0.0,0,0,L06_001133,LEGITIMATE_TRANSFER_CASHOUT,NONE,1,2,CASH_OUT,3,0.3216404384072022,0.14775421647731873,0.015760526582432183,36182.07,549896.08
L06_002267,375,TRANSFER,8774.88,C1661892462,78247.0,69472.12,C1251974680,1186284.54,1195059.42,0,0,L06_001134,LEGITIMATE_TRANSFER_CASHOUT,NONE,1,1,TRANSFER,0,0.5506119325515788,0.11214334095875879,0.004042937044921164,13606.43,
L06_002268,379,CASH_OUT,4831.55,C1251974680,1195059.42,0.0,CASHOUT_L06_001134,0.0,0.0,0,0,L06_001134,LEGITIMATE_TRANSFER_CASHOUT,NONE,1,2,CASH_OUT,4,0.5506119325515788,0.11214334095875879,0.004042937044921164,13606.43,1190227.8699999999
L06_002269,37,TRANSFER,51256.75,C985013110,467734.0,416477.25,C1694707641,98059.67,149316.41999999998,0,0,L06_001135,LEGITIMATE_TRANSFER_CASHOUT,NONE,1,1,TRANSFER,0,0.5154094282566566,0.1095852557222695,0.176927694891158,77674.95999999999,
L06_002270,39,CASH_OUT,26418.21,C1694707641,149316.41999999998,64640.63,CASHOUT_L06_001135,0.0,0.0,0,0,L06_001135,LEGITIMATE_TRANSFER_CASHOUT,NONE,1,2,CASH_OUT,2,0.5154094282566566,0.1095852557222695,0.176927694891158,77674.95999999999,122898.20999999999
L06_002271,40,TRANSFER,10686.95,C1752183039,82459.0,71772.05,C171730324,562011.16,572698.11,0,0,L06_001136,LEGITIMATE_TRANSFER_CASHOUT,NONE,1,1,TRANSFER,0,0.36026926184194963,0.12960319674019816,0.006722878830523816,14537.130000000001,
L06_002272,43,CASH_OUT,3850.18,C171730324,572698.11,0.0,CASHOUT_L06_001136,0.0,0.0,0,0,L06_001136,LEGITIMATE_TRANSFER_CASHOUT,NONE,1,2,CASH_OUT,3,0.36026926184194963,0.12960319674019816,0.006722878830523816,14537.130000000001,568847.9299999999
L06_002273,12,TRANSFER,27891.8,C19974836,233185.51,205293.71000000002,C1895565710,3379420.79,3407312.59,0,0,L06_001137,LEGITIMATE_TRANSFER_CASHOUT,NONE,1,1,TRANSFER,0,0.24076862664519913,0.11961206337392061,0.001970899300436653,34607.27,
L06_002274,16,CASH_OUT,6715.47,C1895565710,3407312.59,0.0,CASHOUT_L06_001137,0.0,0.0,0,0,L06_001137,LEGITIMATE_TRANSFER_CASHOUT,NONE,1,2,CASH_OUT,4,0.24076862664519913,0.11961206337392061,0.001970899300436653,34607.27,3400597.1199999996
L06_002275,355,TRANSFER,15452.3,C371152889,105702.0,90249.7,C863136790,122865.11,138317.41,0,0,L06_001138,LEGITIMATE_TRANSFER_CASHOUT,NONE,1,1,TRANSFER,0,0.4243639469293353,0.1461873947512819,0.047408348667026076,22009.699999999997,
L06_002276,358,CASH_OUT,6557.4,C863136790,138317.41,0.0,CASHOUT_L06_001138,0.0,0.0,0,0,L06_001138,LEGITIMATE_TRANSFER_CASHOUT,NONE,1,2,CASH_OUT,3,0.4243639469293353,0.1461873947512819,0.047408348667026076,22009.699999999997,131760.01
L06_002277,259,TRANSFER,11859.65,C1766344097,88613.04,76753.39,C1786951240,2122097.85,2133957.5,0,0,L06_001139,LEGITIMATE_TRANSFER_CASHOUT,NONE,1,1,TRANSFER,0,0.3609317415807666,0.1338363969907815,0.0020059068655303588,16140.17,
L06_002278,262,CASH_OUT,4280.52,C1786951240,2133957.5,0.0,CASHOUT_L06_001139,0.0,0.0,0,0,L06_001139,LEGITIMATE_TRANSFER_CASHOUT,NONE,1,2,CASH_OUT,3,0.3609317415807666,0.1338363969907815,0.0020059068655303588,16140.17,2129676.98
L06_002279,253,TRANSFER,70404.92,C1693681339,530243.49,459838.57,C1444136449,4102503.94,4172908.86,0,0,L06_001140,LEGITIMATE_TRANSFER_CASHOUT,NONE,1,1,TRANSFER,0,0.2543118201009887,0.13277847126421108,0.004290723953170643,88309.72,
L06_002280,257,CASH_OUT,17904.8,C1444136449,4172908.86,277662.23,CASHOUT_L06_001140,0.0,0.0,0,0,L06_001140,LEGITIMATE_TRANSFER_CASHOUT,NONE,1,2,CASH_OUT,4,0.2543118201009887,0.13277847126421108,0.004290723953170643,88309.72,4155004.06
L06_002281,401,TRANSFER,8936.35,C1562786874,59751.0,50814.65,C1244423981,0.0,8936.35,0,0,L06_001141,LEGITIMATE_TRANSFER_CASHOUT,NONE,1,1,TRANSFER,0,0.47328248787291,0.14955984000267777,0.47328271609773565,13165.77,
L06_002282,406,CASH_OUT,4229.42,C1244423981,8936.35,0.0,CASHOUT_L06_001141,0.0,0.0,0,0,L06_001141,LEGITIMATE_TRANSFER_CASHOUT,NONE,1,2,CASH_OUT,5,0.47328248787291,0.14955984000267777,0.47328271609773565,13165.77,4706.93
L06_002283,400,TRANSFER,25633.36,C412741362,254971.2,229337.84000000003,C47747797,0.0,25633.36,0,0,L06_001142,LEGITIMATE_TRANSFER_CASHOUT,NONE,1,1,TRANSFER,0,0.45776934318045615,0.10053433485821144,0.4577694847651654,37367.53,
L06_002284,403,CASH_OUT,11734.17,C47747797,25633.36,80998.13,CASHOUT_L06_001142,0.0,0.0,0,0,L06_001142,LEGITIMATE_TRANSFER_CASHOUT,NONE,1,2,CASH_OUT,3,0.45776934318045615,0.10053433485821144,0.4577694847651654,37367.53,13899.19
L06_002285,17,TRANSFER,72462.59,C1820422148,484431.0,411968.41000000003,C623843443,0.0,72462.59,0,0,L06_001143,LEGITIMATE_TRANSFER_CASHOUT,NONE,1,1,TRANSFER,0,0.6495113093375362,0.1495828920940237,0.6495112857544838,119527.85999999999,
L06_002286,21,CASH_OUT,47065.27,C623843443,72462.59,0.0,CASHOUT_L06_001143,0.0,0.0,0,0,L06_001143,LEGITIMATE_TRANSFER_CASHOUT,NONE,1,2,CASH_OUT,4,0.6495113093375362,0.1495828920940237,0.6495112857544838,119527.85999999999,25397.32
L06_002287,16,TRANSFER,18703.23,C1556721981,240441.18,221737.94999999998,C580303284,1053060.02,1071763.25,0,0,L06_001144,LEGITIMATE_TRANSFER_CASHOUT,NONE,1,1,TRANSFER,0,0.5816934925805957,0.07778713280312466,0.010151075808953143,29582.78,
L06_002288,17,CASH_OUT,10879.55,C580303284,1071763.25,65404.0,CASHOUT_L06_001144,0.0,0.0,0,0,L06_001144,LEGITIMATE_TRANSFER_CASHOUT,NONE,1,2,CASH_OUT,1,0.5816934925805957,0.07778713280312466,0.010151075808953143,29582.78,1060883.7
L06_002289,563,TRANSFER,12171.97,C1185231928,160548.0,148376.03,C1880863697,72704.8,84876.77,0,0,L06_001145,LEGITIMATE_TRANSFER_CASHOUT,NONE,1,1,TRANSFER,0,0.22057474263184976,0.07581514562623015,0.031632094388134704,14856.8,
L06_002290,567,CASH_OUT,2684.83,C1880863697,84876.77,0.0,CASHOUT_L06_001145,0.0,0.0,0,0,L06_001145,LEGITIMATE_TRANSFER_CASHOUT,NONE,1,2,CASH_OUT,4,0.22057474263184976,0.07581514562623015,0.031632094388134704,14856.8,82191.94
L06_002291,307,TRANSFER,110696.18,C941539551,980323.0,869626.8200000001,C1475615812,137292.18,247988.36,0,0,L06_001146,LEGITIMATE_TRANSFER_CASHOUT,NONE,1,1,TRANSFER,0,0.49828351634386747,0.11291806884057601,0.2224220523898783,165854.26,
L06_002292,311,CASH_OUT,55158.08,C1475615812,247988.36,435123.73,CASHOUT_L06_001146,0.0,0.0,0,0,L06_001146,LEGITIMATE_TRANSFER_CASHOUT,NONE,1,2,CASH_OUT,4,0.49828351634386747,0.11291806884057601,0.2224220523898783,165854.26,192830.27999999997
L06_002293,283,TRANSFER,21910.75,C846372200,172641.93,150731.18,C1134504413,1630445.67,1652356.42,0,0,L06_001147,LEGITIMATE_TRANSFER_CASHOUT,NONE,1,1,TRANSFER,0,0.6305537506875807,0.12691441760411276,0.008361337682822692,35726.66,
L06_002294,288,CASH_OUT,13815.91,C1134504413,1652356.42,69499.26,CASHOUT_L06_001147,0.0,0.0,0,0,L06_001147,LEGITIMATE_TRANSFER_CASHOUT,NONE,1,2,CASH_OUT,5,0.6305537506875807,0.12691441760411276,0.008361337682822692,35726.66,1638540.51
L06_002295,186,TRANSFER,9637.58,C490753529,181289.0,171651.42,C1145880796,162079.51,171717.09,0,0,L06_001148,LEGITIMATE_TRANSFER_CASHOUT,NONE,1,1,TRANSFER,0,0.5575238697172635,0.0531614163021474,0.031290886655486655,15010.76,
L06_002296,190,CASH_OUT,5373.18,C1145880796,171717.09,0.0,CASHOUT_L06_001148,0.0,0.0,0,0,L06_001148,LEGITIMATE_TRANSFER_CASHOUT,NONE,1,2,CASH_OUT,4,0.5575238697172635,0.0531614163021474,0.031290886655486655,15010.76,166343.91
L06_002297,33,TRANSFER,8954.48,C1626419608,185574.0,176619.52,C65594254,267081.61,276036.08999999997,0,0,L06_001149,LEGITIMATE_TRANSFER_CASHOUT,NONE,1,1,TRANSFER,0,0.5834557607406128,0.048252880252621595,0.018927017840312116,14179.02,
L06_002298,38,CASH_OUT,5224.54,C65594254,276036.08999999997,0.0,CASHOUT_L06_001149,0.0,0.0,0,0,L06_001149,LEGITIMATE_TRANSFER_CASHOUT,NONE,1,2,CASH_OUT,5,0.5834557607406128,0.048252880252621595,0.018927017840312116,14179.02,270811.55
L06_002299,12,TRANSFER,17852.54,C673319613,212276.0,194423.46,C304524494,40943.09,58795.63,0,0,L06_001150,LEGITIMATE_TRANSFER_CASHOUT,NONE,1,1,TRANSFER,0,0.4844632621569709,0.08410060487290132,0.14710106856581007,26501.440000000002,
L06_002300,17,CASH_OUT,8648.9,C304524494,58795.63,0.0,CASHOUT_L06_001150,0.0,0.0,0,0,L06_001150,LEGITIMATE_TRANSFER_CASHOUT,NONE,1,2,CASH_OUT,5,0.4844632621569709,0.08410060487290132,0.14710106856581007,26501.440000000002,50146.729999999996
L06_002301,229,TRANSFER,11969.97,C76073296,90190.0,78220.03,C2111850572,0.0,11969.97,0,0,L06_001151,LEGITIMATE_TRANSFER_CASHOUT,NONE,1,1,TRANSFER,0,0.29579350187339254,0.1327194810954651,0.2957935567089976,15510.609999999999,
L06_002302,230,CASH_OUT,3540.64,C2111850572,11969.97,0.0,CASHOUT_L06_001151,0.0,0.0,0,0,L06_001151,LEGITIMATE_TRANSFER_CASHOUT,NONE,1,2,CASH_OUT,1,0.29579350187339254,0.1327194810954651,0.2957935567089976,15510.609999999999,8429.33
L06_002303,298,TRANSFER,31368.89,C673287087,644948.07,613579.1799999999,C203712115,1468746.5,1500115.39,0,0,L06_001152,LEGITIMATE_TRANSFER_CASHOUT,NONE,1,1,TRANSFER,0,0.5590454221189809,0.0486378538972913,0.011690187379518853,48905.520000000004,
L06_002304,303,CASH_OUT,17536.63,C203712115,1500115.39,236438.71,CASHOUT_L06_001152,0.0,0.0,0,0,L06_001152,LEGITIMATE_TRANSFER_CASHOUT,NONE,1,2,CASH_OUT,5,0.5590454221189809,0.0486378538972913,0.011690187379518853,48905.520000000004,1482578.76
L06_002305,236,TRANSFER,38471.04,C1056548535,305338.0,266866.96,C1402455878,0.0,38471.04,0,0,L06_001153,LEGITIMATE_TRANSFER_CASHOUT,NONE,1,1,TRANSFER,0,0.640033034921109,0.12599493020849026,0.6400331262164995,63093.78,
L06_002306,240,CASH_OUT,24622.74,C1402455878,38471.04,0.0,CASHOUT_L06_001153,0.0,0.0,0,0,L06_001153,LEGITIMATE_TRANSFER_CASHOUT,NONE,1,2,CASH_OUT,4,0.640033034921109,0.12599493020849026,0.6400331262164995,63093.78,13848.3
L06_002307,11,TRANSFER,11862.39,C89046648,97504.7,85642.31,C1771469594,1692967.22,1704829.6099999999,0,0,L06_001154,LEGITIMATE_TRANSFER_CASHOUT,NONE,1,1,TRANSFER,0,0.20904928767922135,0.12165967384136354,0.0014545852473784758,14342.21,
L06_002308,13,CASH_OUT,2479.82,C1771469594,1704829.6099999999,0.0,CASHOUT_L06_001154,0.0,0.0,0,0,L06_001154,LEGITIMATE_TRANSFER_CASHOUT,NONE,1,2,CASH_OUT,2,0.20904928767922135,0.12165967384136354,0.0014545852473784758,14342.21,1702349.7899999998
L06_002309,182,TRANSFER,10282.03,C1202669298,79889.0,69606.97,C795314539,0.0,10282.03,0,0,L06_001155,LEGITIMATE_TRANSFER_CASHOUT,NONE,1,1,TRANSFER,0,0.3213314722764961,0.1287039517330296,0.3213314880427309,13585.970000000001,
L06_002310,183,CASH_OUT,3303.94,C795314539,10282.03,0.0,CASHOUT_L06_001155,0.0,0.0,0,0,L06_001155,LEGITIMATE_TRANSFER_CASHOUT,NONE,1,2,CASH_OUT,1,0.3213314722764961,0.1287039517330296,0.3213314880427309,13585.970000000001,6978.09
L06_002311,229,TRANSFER,41301.32,C2008907787,279211.0,237909.68,C413695465,0.0,41301.32,0,0,L06_001156,LEGITIMATE_TRANSFER_CASHOUT,NONE,1,1,TRANSFER,0,0.24227948349652528,0.14792153604263442,0.2422794235147932,51307.78,
L06_002312,230,CASH_OUT,10006.46,C413695465,41301.32,0.0,CASHOUT_L06_001156,0.0,0.0,0,0,L06_001156,LEGITIMATE_TRANSFER_CASHOUT,NONE,1,2,CASH_OUT,1,0.24227948349652528,0.14792153604263442,0.2422794235147932,51307.78,31294.86
L06_002313,44,TRANSFER,18195.25,C650035464,215468.02,197272.77,C327581772,1921430.85,1939626.1,0,0,L06_001157,LEGITIMATE_TRANSFER_CASHOUT,NONE,1,1,TRANSFER,0,0.21093059916720458,0.08444524621333598,0.0019786957909052674,22033.18,
L06_002314,47,CASH_OUT,3837.93,C327581772,1939626.1,46785.64,CASHOUT_L06_001157,0.0,0.0,0,0,L06_001157,LEGITIMATE_TRANSFER_CASHOUT,NONE,1,2,CASH_OUT,3,0.21093059916720458,0.08444524621333598,0.0019786957909052674,22033.18,1935788.1700000002
L06_002315,325,TRANSFER,12746.56,C1137005099,90572.0,77825.44,C502283560,2019823.69,2032570.25,0,0,L06_001158,LEGITIMATE_TRANSFER_CASHOUT,NONE,1,1,TRANSFER,0,0.2908354055728522,0.14073400167822284,0.0018238730002074959,16453.71,
L06_002316,329,CASH_OUT,3707.15,C502283560,2032570.25,0.0,CASHOUT_L06_001158,0.0,0.0,0,0,L06_001158,LEGITIMATE_TRANSFER_CASHOUT,NONE,1,2,CASH_OUT,4,0.2908354055728522,0.14073400167822284,0.0018238730002074959,16453.71,2028863.1
L06_002317,142,TRANSFER,10503.81,C906568323,93407.0,82903.19,C355159623,101707.92,112211.73,0,0,L06_001159,LEGITIMATE_TRANSFER_CASHOUT,NONE,1,1,TRANSFER,0,0.4987604646633893,0.11245206462042459,0.04668754327199127,15742.7,
L06_002318,146,CASH_OUT,5238.89,C355159623,112211.73,0.0,CASHOUT_L06_001159,0.0,0.0,0,0,L06_001159,LEGITIMATE_TRANSFER_CASHOUT,NONE,1,2,CASH_OUT,4,0.4987604646633893,0.11245206462042459,0.04668754327199127,15742.7,106972.84
L06_002319,322,TRANSFER,14084.71,C85155193,103895.0,89810.29000000001,C718822243,1184629.44,1198714.15,0,0,L06_001160,LEGITIMATE_TRANSFER_CASHOUT,NONE,1,1,TRANSFER,0,0.40816335264925857,0.1355667741469753,0.004795855625797026,19833.57,
L06_002320,325,CASH_OUT,5748.86,C718822243,1198714.15,0.0,CASHOUT_L06_001160,0.0,0.0,0,0,L06_001160,LEGITIMATE_TRANSFER_CASHOUT,NONE,1,2,CASH_OUT,3,0.40816335264925857,0.1355667741469753,0.004795855625797026,19833.57,1192965.2899999998
L06_002321,353,TRANSFER,24862.75,C1605482410,278045.0,253182.25,C1835670926,5329200.9,5354063.65,0,0,L06_001161,LEGITIMATE_TRANSFER_CASHOUT,NONE,1,1,TRANSFER,0,0.2077970125899557,0.08941987807728964,0.0009649511731150226,30029.16,
L06_002322,356,CASH_OUT,5166.41,C1835670926,5354063.65,0.0,CASHOUT_L06_001161,0.0,0.0,0,0,L06_001161,LEGITIMATE_TRANSFER_CASHOUT,NONE,1,2,CASH_OUT,3,0.2077970125899557,0.08941987807728964,0.0009649511731150226,30029.16,5348897.24
L06_002323,325,TRANSFER,45277.65,C311753289,321492.0,276214.35,C330133641,0.0,45277.65,0,0,L06_001162,LEGITIMATE_TRANSFER_CASHOUT,NONE,1,1,TRANSFER,0,0.5944088219805547,0.14083600836101676,0.5944087204172478,72191.08,
L06_002324,330,CASH_OUT,26913.43,C330133641,45277.65,0.0,CASHOUT_L06_001162,0.0,0.0,0,0,L06_001162,LEGITIMATE_TRANSFER_CASHOUT,NONE,1,2,CASH_OUT,5,0.5944088219805547,0.14083600836101676,0.5944087204172478,72191.08,18364.22
L06_002325,588,TRANSFER,20959.22,C1300088402,200486.0,179526.78,C527664769,156853.14,177812.36000000002,0,0,L06_001163,LEGITIMATE_TRANSFER_CASHOUT,NONE,1,1,TRANSFER,0,0.23606778232766648,0.10454206278742656,0.027825962154711854,25907.02,
L06_002326,591,CASH_OUT,4947.8,C527664769,177812.36000000002,0.0,CASHOUT_L06_001163,0.0,0.0,0,0,L06_001163,LEGITIMATE_TRANSFER_CASHOUT,NONE,1,2,CASH_OUT,3,0.23606778232766648,0.10454206278742656,0.027825962154711854,25907.02,172864.56000000003
L06_002327,402,TRANSFER,18294.75,C1010463624,140683.0,122388.25,C270723751,137770.91,156065.66,0,0,L06_001164,LEGITIMATE_TRANSFER_CASHOUT,NONE,1,1,TRANSFER,0,0.32809030679674145,0.13004236474911682,0.03846028652299295,24297.08,
L06_002328,407,CASH_OUT,6002.33,C270723751,156065.66,0.0,CASHOUT_L06_001164,0.0,0.0,0,0,L06_001164,LEGITIMATE_TRANSFER_CASHOUT,NONE,1,2,CASH_OUT,5,0.32809030679674145,0.13004236474911682,0.03846028652299295,24297.08,150063.33000000002
L06_002329,129,TRANSFER,30321.19,C198022657,212635.0,182313.81,C822258436,44942.68,75263.87,0,0,L06_001165,LEGITIMATE_TRANSFER_CASHOUT,NONE,1,1,TRANSFER,0,0.5477675407057694,0.14259736167611164,0.22067640157222848,46930.149999999994,
L06_002330,130,CASH_OUT,16608.96,C822258436,75263.87,0.0,CASHOUT_L06_001165,0.0,0.0,0,0,L06_001165,LEGITIMATE_TRANSFER_CASHOUT,NONE,1,2,CASH_OUT,1,0.5477675407057694,0.14259736167611164,0.22067640157222848,46930.149999999994,58654.909999999996
L06_002331,330,TRANSFER,10855.5,C863136134,138909.0,128053.5,C1307707479,0.0,10855.5,0,0,L06_001166,LEGITIMATE_TRANSFER_CASHOUT,NONE,1,1,TRANSFER,0,0.512552943965346,0.0781482841284582,0.5125530836902953,16419.52,
L06_002332,335,CASH_OUT,5564.02,C1307707479,10855.5,0.0,CASHOUT_L06_001166,0.0,0.0,0,0,L06_001166,LEGITIMATE_TRANSFER_CASHOUT,NONE,1,2,CASH_OUT,5,0.512552943965346,0.0781482841284582,0.5125530836902953,16419.52,5291.48
L06_002333,159,TRANSFER,15708.88,C1527029736,193619.0,177910.12,C904712035,83543.93,99252.81,0,0,L06_001167,LEGITIMATE_TRANSFER_CASHOUT,NONE,1,1,TRANSFER,0,0.5482107985638579,0.08113294666329234,0.086766107679974,24320.66,
L06_002334,161,CASH_OUT,8611.78,C904712035,99252.81,0.0,CASHOUT_L06_001167,0.0,0.0,0,0,L06_001167,LEGITIMATE_TRANSFER_CASHOUT,NONE,1,2,CASH_OUT,2,0.5482107985638579,0.08113294666329234,0.086766107679974,24320.66,90641.03
L06_002335,251,TRANSFER,70888.34,C765423296,513337.0,442448.66000000003,C185212976,50077.92,120966.26,0,0,L06_001168,LEGITIMATE_TRANSFER_CASHOUT,NONE,1,1,TRANSFER,0,0.5202130899867656,0.13809318245129418,0.30485393199723626,107765.38,
L06_002336,253,CASH_OUT,36877.04,C185212976,120966.26,0.0,CASHOUT_L06_001168,0.0,0.0,0,0,L06_001168,LEGITIMATE_TRANSFER_CASHOUT,NONE,1,2,CASH_OUT,2,0.5202130899867656,0.13809318245129418,0.30485393199723626,107765.38,84089.22
L06_002337,207,TRANSFER,14146.58,C1355722955,125027.0,110880.42,C24208721,0.0,14146.58,0,0,L06_001169,LEGITIMATE_TRANSFER_CASHOUT,NONE,1,1,TRANSFER,0,0.2609014641559387,0.11314819998880242,0.2609012213552675,17837.44,
L06_002338,211,CASH_OUT,3690.86,C24208721,14146.58,0.0,CASHOUT_L06_001169,0.0,0.0,0,0,L06_001169,LEGITIMATE_TRANSFER_CASHOUT,NONE,1,2,CASH_OUT,4,0.2609014641559387,0.11314819998880242,0.2609012213552675,17837.44,10455.72
L06_002339,164,TRANSFER,24774.23,C1099025895,240730.07,215955.84,C1440640323,507702.52,532476.75,0,0,L06_001170,LEGITIMATE_TRANSFER_CASHOUT,NONE,1,1,TRANSFER,0,0.21413422209426425,0.10291290157478042,0.009962895093541643,30079.239999999998,
L06_002340,169,CASH_OUT,5305.01,C1440640323,532476.75,5976.46,CASHOUT_L06_001170,0.0,0.0,0,0,L06_001170,LEGITIMATE_TRANSFER_CASHOUT,NONE,1,2,CASH_OUT,5,0.21413422209426425,0.10291290157478042,0.009962895093541643,30079.239999999998,527171.74
L06_002341,178,TRANSFER,19507.94,C1423470772,135711.0,116203.06,C437391041,2092178.51,2111686.45,0,0,L06_001171,LEGITIMATE_TRANSFER_CASHOUT,NONE,1,1,TRANSFER,0,0.4925020858573174,0.14374619596053378,0.004549775843852197,29115.64,
L06_002342,179,CASH_OUT,9607.7,C437391041,2111686.45,0.0,CASHOUT_L06_001171,0.0,0.0,0,0,L06_001171,LEGITIMATE_TRANSFER_CASHOUT,NONE,1,2,CASH_OUT,1,0.4925020858573174,0.14374619596053378,0.004549775843852197,29115.64,2102078.75
L06_002343,19,TRANSFER,9044.09,C1697113370,78697.0,69652.91,C1272411355,30439.0,39483.09,0,0,L06_001172,LEGITIMATE_TRANSFER_CASHOUT,NONE,1,1,TRANSFER,0,0.2428764143204768,0.11492293225917126,0.055633943543932356,11240.69,
L06_002344,20,CASH_OUT,2196.6,C1272411355,39483.09,0.0,CASHOUT_L06_001172,0.0,0.0,0,0,L06_001172,LEGITIMATE_TRANSFER_CASHOUT,NONE,1,2,CASH_OUT,1,0.2428764143204768,0.11492293225917126,0.055633943543932356,11240.69,37286.49
L06_002345,308,TRANSFER,15416.95,C70241713,138839.17,123422.22000000002,C615510233,28255917.91,28271334.86,0,0,L06_001173,LEGITIMATE_TRANSFER_CASHOUT,NONE,1,1,TRANSFER,0,0.5450522382958647,0.11104179029592297,0.00029722827173219655,23819.99,
L06_002346,311,CASH_OUT,8403.04,C615510233,28271334.86,0.0,CASHOUT_L06_001173,0.0,0.0,0,0,L06_001173,LEGITIMATE_TRANSFER_CASHOUT,NONE,1,2,CASH_OUT,3,0.5450522382958647,0.11104179029592297,0.00029722827173219655,23819.99,28262931.82
L06_002347,380,TRANSFER,26835.29,C820096678,247460.0,220624.71,C1200269809,308428.02,335263.31,0,0,L06_001174,LEGITIMATE_TRANSFER_CASHOUT,NONE,1,1,TRANSFER,0,0.32906402800300344,0.10844294027317547,0.02633908852119846,35665.82,
L06_002348,382,CASH_OUT,8830.53,C1200269809,335263.31,200997.29,CASHOUT_L06_001174,0.0,0.0,0,0,L06_001174,LEGITIMATE_TRANSFER_CASHOUT,NONE,1,2,CASH_OUT,2,0.32906402800300344,0.10844294027317547,0.02633908852119846,35665.82,326432.77999999997
L06_002349,230,TRANSFER,13026.3,C2096597022,139425.0,126398.7,C1957160746,0.0,13026.3,0,0,L06_001175,LEGITIMATE_TRANSFER_CASHOUT,NONE,1,1,TRANSFER,0,0.6152203026737173,0.09342872512103281,0.6152199780444179,21040.34,
L06_002350,234,CASH_OUT,8014.04,C1957160746,13026.3,0.0,CASHOUT_L06_001175,0.0,0.0,0,0,L06_001175,LEGITIMATE_TRANSFER_CASHOUT,NONE,1,2,CASH_OUT,4,0.6152203026737173,0.09342872512103281,0.6152199780444179,21040.34,5012.259999999999
L06_002351,189,TRANSFER,8944.04,C2002224096,67397.0,58452.96,C565395054,0.0,8944.04,0,0,L06_001176,LEGITIMATE_TRANSFER_CASHOUT,NONE,1,1,TRANSFER,0,0.21255957001361656,0.13270679703844387,0.21255942504729405,10845.18,
L06_002352,194,CASH_OUT,1901.14,C565395054,8944.04,0.0,CASHOUT_L06_001176,0.0,0.0,0,0,L06_001176,LEGITIMATE_TRANSFER_CASHOUT,NONE,1,2,CASH_OUT,5,0.21255957001361656,0.13270679703844387,0.21255942504729405,10845.18,7042.900000000001
L06_002353,12,TRANSFER,8983.14,C1642570368,75687.0,66703.86,C70871312,0.0,8983.14,0,0,L06_001177,LEGITIMATE_TRANSFER_CASHOUT,NONE,1,1,TRANSFER,0,0.2067309419402214,0.11868801775734274,0.20673060867358184,10840.23,
L06_002354,16,CASH_OUT,1857.09,C70871312,8983.14,0.0,CASHOUT_L06_001177,0.0,0.0,0,0,L06_001177,LEGITIMATE_TRANSFER_CASHOUT,NONE,1,2,CASH_OUT,4,0.2067309419402214,0.11868801775734274,0.20673060867358184,10840.23,7126.049999999999
L06_002355,351,TRANSFER,35508.75,C1368867131,328272.32,292763.57,C1650105248,6582871.86,6618380.61,0,0,L06_001178,LEGITIMATE_TRANSFER_CASHOUT,NONE,1,1,TRANSFER,0,0.3035242184614364,0.10816857784415085,0.0016284602888681555,46286.520000000004,
L06_002356,352,CASH_OUT,10777.77,C1650105248,6618380.61,0.0,CASHOUT_L06_001178,0.0,0.0,0,0,L06_001178,LEGITIMATE_TRANSFER_CASHOUT,NONE,1,2,CASH_OUT,1,0.3035242184614364,0.10816857784415085,0.0016284602888681555,46286.520000000004,6607602.840000001
L06_002357,207,TRANSFER,49298.48,C1889127370,345090.0,295791.52,C696953719,857549.42,906847.9,0,0,L06_001179,LEGITIMATE_TRANSFER_CASHOUT,NONE,1,1,TRANSFER,0,0.3440538463475926,0.142856877915906,0.018703610605483017,66259.81,
L06_002358,209,CASH_OUT,16961.33,C696953719,906847.9,166411.53,CASHOUT_L06_001179,0.0,0.0,0,0,L06_001179,LEGITIMATE_TRANSFER_CASHOUT,NONE,1,2,CASH_OUT,2,0.3440538463475926,0.142856877915906,0.018703610605483017,66259.81,889886.5700000001
L06_002359,264,TRANSFER,43997.64,C295729527,595428.07,551430.4299999999,C1962660367,1095344.26,1139341.9,0,0,L06_001180,LEGITIMATE_TRANSFER_CASHOUT,NONE,1,1,TRANSFER,0,0.3525864666026732,0.07389245186240548,0.013615728518366612,59510.61,
L06_002360,269,CASH_OUT,15512.97,C1962660367,1139341.9,395589.87,CASHOUT_L06_001180,0.0,0.0,0,0,L06_001180,LEGITIMATE_TRANSFER_CASHOUT,NONE,1,2,CASH_OUT,5,0.3525864666026732,0.07389245186240548,0.013615728518366612,59510.61,1123828.93
L06_002361,136,TRANSFER,13136.6,C845668920,103758.0,90621.4,C270202920,0.0,13136.6,0,0,L06_001181,LEGITIMATE_TRANSFER_CASHOUT,NONE,1,1,TRANSFER,0,0.36052513961370264,0.12660806877541972,0.360524793325518,17872.67,
L06_002362,138,CASH_OUT,4736.07,C270202920,13136.6,0.0,CASHOUT_L06_001181,0.0,0.0,0,0,L06_001181,LEGITIMATE_TRANSFER_CASHOUT,NONE,1,2,CASH_OUT,2,0.36052513961370264,0.12660806877541972,0.360524793325518,17872.67,8400.53
L06_002363,226,TRANSFER,32830.88,C787007291,226808.0,193977.12,C641615589,5474.43,38305.31,0,0,L06_001182,LEGITIMATE_TRANSFER_CASHOUT,NONE,1,1,TRANSFER,0,0.31026662902994906,0.14475186060456421,0.26592475038056085,43017.21,
L06_002364,227,CASH_OUT,10186.33,C641615589,38305.31,0.0,CASHOUT_L06_001182,0.0,0.0,0,0,L06_001182,LEGITIMATE_TRANSFER_CASHOUT,NONE,1,2,CASH_OUT,1,0.31026662902994906,0.14475186060456421,0.26592475038056085,43017.21,28118.979999999996
L06_002365,13,TRANSFER,22474.07,C1934287210,191741.0,169266.93,C1216265073,34103.03,56577.1,0,0,L06_001183,LEGITIMATE_TRANSFER_CASHOUT,NONE,1,1,TRANSFER,0,0.5301240279946979,0.11721056007843915,0.21058060593420308,34388.11,
L06_002366,18,CASH_OUT,11914.04,C1216265073,56577.1,0.0,CASHOUT_L06_001183,0.0,0.0,0,0,L06_001183,LEGITIMATE_TRANSFER_CASHOUT,NONE,1,2,CASH_OUT,5,0.5301240279946979,0.11721056007843915,0.21058060593420308,34388.11,44663.06
L06_002367,140,TRANSFER,9645.48,C1153425954,81849.0,72203.52,C108034902,615139.21,624784.69,0,0,L06_001184,LEGITIMATE_TRANSFER_CASHOUT,NONE,1,1,TRANSFER,0,0.3704755442611636,0.11784481178756001,0.005719426319489359,13218.89,
L06_002368,143,CASH_OUT,3573.41,C108034902,624784.69,79733.25,CASHOUT_L06_001184,0.0,0.0,0,0,L06_001184,LEGITIMATE_TRANSFER_CASHOUT,NONE,1,2,CASH_OUT,3,0.3704755442611636,0.11784481178756001,0.005719426319489359,13218.89,621211.2799999999
L06_002369,136,TRANSFER,11229.04,C845668920,103758.0,92528.95999999999,C270202920,0.0,11229.04,0,0,L06_001185,LEGITIMATE_TRANSFER_CASHOUT,NONE,1,1,TRANSFER,0,0.6183448124319485,0.10822336590913473,0.6183449342063079,18172.46,
L06_002370,141,CASH_OUT,6943.42,C270202920,11229.04,0.0,CASHOUT_L06_001185,0.0,0.0,0,0,L06_001185,LEGITIMATE_TRANSFER_CASHOUT,NONE,1,2,CASH_OUT,5,0.6183448124319485,0.10822336590913473,0.6183449342063079,18172.46,4285.620000000001
L06_002371,331,TRANSFER,26960.05,C2010537018,403777.0,376816.95,C1248118272,0.0,26960.05,0,0,L06_001186,LEGITIMATE_TRANSFER_CASHOUT,NONE,1,1,TRANSFER,0,0.43658609937216064,0.0667696525557424,0.4365859855601158,38730.43,
L06_002372,335,CASH_OUT,11770.38,C1248118272,26960.05,376251.0,CASHOUT_L06_001186,0.0,0.0,0,0,L06_001186,LEGITIMATE_TRANSFER_CASHOUT,NONE,1,2,CASH_OUT,4,0.43658609937216064,0.0667696525557424,0.4365859855601158,38730.43,15189.67
L06_002373,301,TRANSFER,11788.48,C822485172,214845.0,203056.52,C991133566,0.0,11788.48,0,0,L06_001187,LEGITIMATE_TRANSFER_CASHOUT,NONE,1,1,TRANSFER,0,0.35689898502386685,0.05486969675812795,0.3568992779391406,15995.779999999999,
L06_002374,302,CASH_OUT,4207.3,C991133566,11788.48,0.0,CASHOUT_L06_001187,0.0,0.0,0,0,L06_001187,LEGITIMATE_TRANSFER_CASHOUT,NONE,1,2,CASH_OUT,1,0.35689898502386685,0.05486969675812795,0.3568992779391406,15995.779999999999,7581.179999999999
L06_002375,376,TRANSFER,8761.74,C165577361,90031.0,81269.26,C1189528223,0.0,8761.74,0,0,L06_001188,LEGITIMATE_TRANSFER_CASHOUT,NONE,1,1,TRANSFER,0,0.4267660741690079,0.09731914562761715,0.4267656880939174,12500.95,
L06_002376,379,CASH_OUT,3739.21,C1189528223,8761.74,0.0,CASHOUT_L06_001188,0.0,0.0,0,0,L06_001188,LEGITIMATE_TRANSFER_CASHOUT,NONE,1,2,CASH_OUT,3,0.4267660741690079,0.09731914562761715,0.4267656880939174,12500.95,5022.53
L06_002377,12,TRANSFER,13746.2,C148737974,140115.0,126368.8,C1752753127,532407.34,546153.5399999999,0,0,L06_001189,LEGITIMATE_TRANSFER_CASHOUT,NONE,1,1,TRANSFER,0,0.33462180645564865,0.09810655532955073,0.008422137115507848,18345.98,
L06_002378,16,CASH_OUT,4599.78,C1752753127,546153.5399999999,0.0,CASHOUT_L06_001189,0.0,0.0,0,0,L06_001189,LEGITIMATE_TRANSFER_CASHOUT,NONE,1,2,CASH_OUT,4,0.33462180645564865,0.09810655532955073,0.008422137115507848,18345.98,541553.7599999999
L06_002379,187,TRANSFER,10152.8,C1971224928,240682.0,230529.2,C557310500,21869.89,32022.69,0,0,L06_001190,LEGITIMATE_TRANSFER_CASHOUT,NONE,1,1,TRANSFER,0,0.30394788696971353,0.04218346199549613,0.09636667000804743,13238.72,
L06_002380,189,CASH_OUT,3085.92,C557310500,32022.69,0.0,CASHOUT_L06_001190,0.0,0.0,0,0,L06_001190,LEGITIMATE_TRANSFER_CASHOUT,NONE,1,2,CASH_OUT,2,0.30394788696971353,0.04218346199549613,0.09636667000804743,13238.72,28936.769999999997
L06_002381,376,TRANSFER,14259.23,C971750317,112384.0,98124.77,C535110800,28990.71,43249.94,0,0,L06_001191,LEGITIMATE_TRANSFER_CASHOUT,NONE,1,1,TRANSFER,0,0.5248570377433137,0.12687953801252846,0.1730420897693731,21743.29,
L06_002382,379,CASH_OUT,7484.06,C535110800,43249.94,0.0,CASHOUT_L06_001191,0.0,0.0,0,0,L06_001191,LEGITIMATE_TRANSFER_CASHOUT,NONE,1,2,CASH_OUT,3,0.5248570377433137,0.12687953801252846,0.1730420897693731,21743.29,35765.880000000005
L06_002383,394,TRANSFER,64076.92,C1407419821,658988.68,594911.76,C1516993406,1622190.88,1686267.7999999998,0,0,L06_001192,LEGITIMATE_TRANSFER_CASHOUT,NONE,1,1,TRANSFER,0,0.6242705916753655,0.09723523627143336,0.023721819274494835,104078.26,
L06_002384,399,CASH_OUT,40001.34,C1516993406,1686267.7999999998,643675.89,CASHOUT_L06_001192,0.0,0.0,0,0,L06_001192,LEGITIMATE_TRANSFER_CASHOUT,NONE,1,2,CASH_OUT,5,0.6242705916753655,0.09723523627143336,0.023721819274494835,104078.26,1646266.4599999997
L06_002385,41,TRANSFER,12366.24,C1681048523,89436.0,77069.76,C233845017,0.0,12366.24,0,0,L06_001193,LEGITIMATE_TRANSFER_CASHOUT,NONE,1,1,TRANSFER,0,0.28109974913037766,0.13826915336106266,0.2810999948246193,15842.39,
L06_002386,46,CASH_OUT,3476.15,C233845017,12366.24,0.0,CASHOUT_L06_001193,0.0,0.0,0,0,L06_001193,LEGITIMATE_TRANSFER_CASHOUT,NONE,1,2,CASH_OUT,5,0.28109974913037766,0.13826915336106266,0.2810999948246193,15842.39,8890.09
L06_002387,181,TRANSFER,34578.99,C986555489,235459.0,200880.01,C535525673,0.0,34578.99,0,0,L06_001194,LEGITIMATE_TRANSFER_CASHOUT,NONE,1,1,TRANSFER,0,0.3640552022039245,0.14685779689882314,0.36405516760321804,47167.649999999994,
L06_002388,182,CASH_OUT,12588.66,C535525673,34578.99,0.0,CASHOUT_L06_001194,0.0,0.0,0,0,L06_001194,LEGITIMATE_TRANSFER_CASHOUT,NONE,1,2,CASH_OUT,1,0.3640552022039245,0.14685779689882314,0.36405516760321804,47167.649999999994,21990.329999999998
L06_002389,182,TRANSFER,38550.84,C262051066,486277.5,447726.66000000003,C1310033255,3592702.25,3631253.09,0,0,L06_001195,LEGITIMATE_TRANSFER_CASHOUT,NONE,1,1,TRANSFER,0,0.4755829376287958,0.07927744960439255,0.005048978836118526,56884.95999999999,
L06_002390,183,CASH_OUT,18334.12,C1310033255,3631253.09,316895.05,CASHOUT_L06_001195,0.0,0.0,0,0,L06_001195,LEGITIMATE_TRANSFER_CASHOUT,NONE,1,2,CASH_OUT,1,0.4755829376287958,0.07927744960439255,0.005048978836118526,56884.95999999999,3612918.9699999997
L06_002391,161,TRANSFER,9603.92,C42383870,68818.0,59214.08,C1256728724,173201.62,182805.54,0,0,L06_001196,LEGITIMATE_TRANSFER_CASHOUT,NONE,1,1,TRANSFER,0,0.43950598634451854,0.13955534889127844,0.023090000445281908,13824.9,
L06_002392,162,CASH_OUT,4220.98,C1256728724,182805.54,0.0,CASHOUT_L06_001196,0.0,0.0,0,0,L06_001196,LEGITIMATE_TRANSFER_CASHOUT,NONE,1,2,CASH_OUT,1,0.43950598634451854,0.13955534889127844,0.023090000445281908,13824.9,178584.56
L06_002393,335,TRANSFER,10676.29,C762468876,90389.0,79712.70999999999,C2132394050,0.0,10676.29,0,0,L06_001197,LEGITIMATE_TRANSFER_CASHOUT,NONE,1,1,TRANSFER,0,0.4773100804127521,0.11811492548872098,0.4773100018826764,15772.19,
L06_002394,338,CASH_OUT,5095.9,C2132394050,10676.29,27311.41,CASHOUT_L06_001197,0.0,0.0,0,0,L06_001197,LEGITIMATE_TRANSFER_CASHOUT,NONE,1,2,CASH_OUT,3,0.4773100804127521,0.11811492548872098,0.4773100018826764,15772.19,5580.390000000001
L06_002395,187,TRANSFER,15174.38,C952805582,113418.0,98243.62,C382990583,1426017.6,1441191.98,0,0,L06_001198,LEGITIMATE_TRANSFER_CASHOUT,NONE,1,1,TRANSFER,0,0.46005241885580045,0.1337916380116031,0.004843913994025973,22155.39,
L06_002396,190,CASH_OUT,6981.01,C382990583,1441191.98,0.0,CASHOUT_L06_001198,0.0,0.0,0,0,L06_001198,LEGITIMATE_TRANSFER_CASHOUT,NONE,1,2,CASH_OUT,3,0.46005241885580045,0.1337916380116031,0.004843913994025973,22155.39,1434210.97
L06_002397,12,TRANSFER,15944.52,C816784315,141468.41,125523.89,C1669231754,10526294.09,10542238.61,0,0,L06_001199,LEGITIMATE_TRANSFER_CASHOUT,NONE,1,1,TRANSFER,0,0.43754578228496777,0.11270728214164562,0.0006617626728143275,22920.98,
L06_002398,15,CASH_OUT,6976.46,C1669231754,10542238.61,0.0,CASHOUT_L06_001199,0.0,0.0,0,0,L06_001199,LEGITIMATE_TRANSFER_CASHOUT,NONE,1,2,CASH_OUT,3,0.43754578228496777,0.11270728214164562,0.0006617626728143275,22920.98,10535262.149999999
L06_002399,159,TRANSFER,9122.34,C588701717,205597.69,196475.35,C151106958,1864238.2,1873360.54,0,0,L06_001200,LEGITIMATE_TRANSFER_CASHOUT,NONE,1,1,TRANSFER,0,0.5150352697304085,0.044369856490119125,0.0025079689145155156,13820.67,
L06_002400,160,CASH_OUT,4698.33,C151106958,1873360.54,0.0,CASHOUT_L06_001200,0.0,0.0,0,0,L06_001200,LEGITIMATE_TRANSFER_CASHOUT,NONE,1,2,CASH_OUT,1,0.5150352697304085,0.044369856490119125,0.0025079689145155156,13820.67,1868662.21
L06_002401,287,TRANSFER,8767.21,C635081499,59256.0,50488.79,C2138341925,146359.4,155126.61,0,0,L06_001201,LEGITIMATE_TRANSFER_CASHOUT,NONE,1,1,TRANSFER,0,0.47228489855913636,0.1479548062643445,0.026691874463059564,12907.829999999998,
L06_002402,288,CASH_OUT,4140.62,C2138341925,155126.61,0.0,CASHOUT_L06_001201,0.0,0.0,0,0,L06_001201,LEGITIMATE_TRANSFER_CASHOUT,NONE,1,2,CASH_OUT,1,0.47228489855913636,0.1479548062643445,0.026691874463059564,12907.829999999998,150985.99
L06_002403,39,TRANSFER,46121.99,C1618869838,541227.0,495105.01,C1255411299,0.0,46121.99,0,0,L06_001202,LEGITIMATE_TRANSFER_CASHOUT,NONE,1,1,TRANSFER,0,0.6110664854763421,0.08521745958719723,0.6110664349044783,74305.59,
L06_002404,43,CASH_OUT,28183.6,C1255411299,46121.99,284332.33,CASHOUT_L06_001202,0.0,0.0,0,0,L06_001202,LEGITIMATE_TRANSFER_CASHOUT,NONE,1,2,CASH_OUT,4,0.6110664854763421,0.08521745958719723,0.6110664349044783,74305.59,17938.39
L06_002405,381,TRANSFER,10768.84,C236971521,94849.13,84080.29000000001,C456380875,342429.55,353198.39,0,0,L06_001203,LEGITIMATE_TRANSFER_CASHOUT,NONE,1,1,TRANSFER,0,0.35710596530874017,0.1135365184688568,0.010887988475825158,14614.46,
L06_002406,384,CASH_OUT,3845.62,C456380875,353198.39,0.0,CASHOUT_L06_001203,0.0,0.0,0,0,L06_001203,LEGITIMATE_TRANSFER_CASHOUT,NONE,1,2,CASH_OUT,3,0.35710596530874017,0.1135365184688568,0.010887988475825158,14614.46,349352.77
L06_002407,183,TRANSFER,37178.13,C1614042362,328992.0,291813.87,C1590730211,0.0,37178.13,0,0,L06_001204,LEGITIMATE_TRANSFER_CASHOUT,NONE,1,1,TRANSFER,0,0.3244940609693073,0.11300618252115552,0.3244939968739687,49242.21,
L06_002408,187,CASH_OUT,12064.08,C1590730211,37178.13,0.0,CASHOUT_L06_001204,0.0,0.0,0,0,L06_001204,LEGITIMATE_TRANSFER_CASHOUT,NONE,1,2,CASH_OUT,4,0.3244940609693073,0.11300618252115552,0.3244939968739687,49242.21,25114.049999999996
L06_002409,254,TRANSFER,42573.05,C1627051800,332503.0,289929.95,C2130851781,0.0,42573.05,0,0,L06_001205,LEGITIMATE_TRANSFER_CASHOUT,NONE,1,1,TRANSFER,0,0.6196032851188645,0.12803809288938747,0.6196032466548673,68951.45000000001,
L06_002410,256,CASH_OUT,26378.4,C2130851781,42573.05,0.0,CASHOUT_L06_001205,0.0,0.0,0,0,L06_001205,LEGITIMATE_TRANSFER_CASHOUT,NONE,1,2,CASH_OUT,2,0.6196032851188645,0.12803809288938747,0.6196032466548673,68951.45000000001,16194.650000000001
L06_002411,11,TRANSFER,38085.05,C1838781284,751691.89,713606.84,C1293398294,2906787.67,2944872.7199999997,0,0,L06_001206,LEGITIMATE_TRANSFER_CASHOUT,NONE,1,1,TRANSFER,0,0.44544217563802996,0.05066577211575344,0.005760754916429801,55049.740000000005,
L06_002412,16,CASH_OUT,16964.69,C1293398294,2944872.7199999997,20646.87,CASHOUT_L06_001206,0.0,0.0,0,0,L06_001206,LEGITIMATE_TRANSFER_CASHOUT,NONE,1,2,CASH_OUT,5,0.44544217563802996,0.05066577211575344,0.005760754916429801,55049.740000000005,2927908.03
L06_002413,274,TRANSFER,10114.04,C689692627,107992.05,97878.01000000001,C1146106437,2555770.6,2565884.64,0,0,L06_001207,LEGITIMATE_TRANSFER_CASHOUT,NONE,1,1,TRANSFER,0,0.6418579270126192,0.09365541259750139,0.0025300358008300793,16605.82,
L06_002414,276,CASH_OUT,6491.78,C1146106437,2565884.64,0.0,CASHOUT_L06_001207,0.0,0.0,0,0,L06_001207,LEGITIMATE_TRANSFER_CASHOUT,NONE,1,2,CASH_OUT,2,0.6418579270126192,0.09365541259750139,0.0025300358008300793,16605.82,2559392.8600000003
L06_002415,8,TRANSFER,8795.65,C406375259,63547.0,54751.35,C2116873183,10856.0,19651.65,0,0,L06_001208,LEGITIMATE_TRANSFER_CASHOUT,NONE,1,1,TRANSFER,0,0.6307334052569573,0.13841172675342658,0.2823025038609989,14343.36,
L06_002416,11,CASH_OUT,5547.71,C2116873183,19651.65,0.0,CASHOUT_L06_001208,0.0,0.0,0,0,L06_001208,LEGITIMATE_TRANSFER_CASHOUT,NONE,1,2,CASH_OUT,3,0.6307334052569573,0.13841172675342658,0.2823025038609989,14343.36,14103.940000000002
L06_002417,309,TRANSFER,57329.52,C1150613150,449784.0,392454.48,C1121072110,0.0,57329.52,0,0,L06_001209,LEGITIMATE_TRANSFER_CASHOUT,NONE,1,1,TRANSFER,0,0.6142459277668926,0.12746011418814363,0.6142458544917173,92543.94,
L06_002418,311,CASH_OUT,35214.42,C1121072110,57329.52,139112.26,CASHOUT_L06_001209,0.0,0.0,0,0,L06_001209,LEGITIMATE_TRANSFER_CASHOUT,NONE,1,2,CASH_OUT,2,0.6142459277668926,0.12746011418814363,0.6142458544917173,92543.94,22115.1
L06_002419,160,TRANSFER,15107.46,C694122236,105480.0,90372.54000000001,C1478839564,1192676.64,1207784.0999999999,0,0,L06_001210,LEGITIMATE_TRANSFER_CASHOUT,NONE,1,1,TRANSFER,0,0.2981201968306875,0.14322582480091012,0.003729010838940503,19611.3,
L06_002420,164,CASH_OUT,4503.84,C1478839564,1207784.0999999999,0.0,CASHOUT_L06_001210,0.0,0.0,0,0,L06_001210,LEGITIMATE_TRANSFER_CASHOUT,NONE,1,2,CASH_OUT,4,0.2981201968306875,0.14322582480091012,0.003729010838940503,19611.3,1203280.2599999998
L06_002421,284,TRANSFER,18264.99,C123793305,181456.0,163191.01,C1967930146,0.0,18264.99,0,0,L06_001211,LEGITIMATE_TRANSFER_CASHOUT,NONE,1,1,TRANSFER,0,0.3493683745715506,0.10065795564765012,0.3493683818058482,24646.2,
L06_002422,289,CASH_OUT,6381.21,C1967930146,18264.99,157815.85,CASHOUT_L06_001211,0.0,0.0,0,0,L06_001211,LEGITIMATE_TRANSFER_CASHOUT,NONE,1,2,CASH_OUT,5,0.3493683745715506,0.10065795564765012,0.3493683818058482,24646.2,11883.780000000002
L06_002423,396,TRANSFER,11985.99,C2134059800,210302.0,198316.01,C1383421277,0.0,11985.99,0,0,L06_001212,LEGITIMATE_TRANSFER_CASHOUT,NONE,1,1,TRANSFER,0,0.4556468111144637,0.05699417979857538,0.4556469678349473,17447.37,
L06_002424,400,CASH_OUT,5461.38,C1383421277,11985.99,0.0,CASHOUT_L06_001212,0.0,0.0,0,0,L06_001212,LEGITIMATE_TRANSFER_CASHOUT,NONE,1,2,CASH_OUT,4,0.4556468111144637,0.05699417979857538,0.4556469678349473,17447.37,6524.61
L06_002425,228,TRANSFER,14824.26,C439043789,149533.0,134708.74,C51515494,3696524.34,3711348.5999999996,0,0,L06_001213,LEGITIMATE_TRANSFER_CASHOUT,NONE,1,1,TRANSFER,0,0.5067506868311811,0.09913704667197207,0.0020241159776799196,22336.46,
L06_002426,229,CASH_OUT,7512.2,C51515494,3711348.5999999996,0.0,CASHOUT_L06_001213,0.0,0.0,0,0,L06_001213,LEGITIMATE_TRANSFER_CASHOUT,NONE,1,2,CASH_OUT,1,0.5067506868311811,0.09913704667197207,0.0020241159776799196,22336.46,3703836.3999999994
L06_002427,298,TRANSFER,10345.77,C258533880,105054.0,94708.23,C1567802374,429515.28,439861.05000000005,0,0,L06_001214,LEGITIMATE_TRANSFER_CASHOUT,NONE,1,1,TRANSFER,0,0.2665987306538108,0.09848049574504542,0.006270548392498039,13103.94,
L06_002428,300,CASH_OUT,2758.17,C1567802374,439861.05000000005,0.0,CASHOUT_L06_001214,0.0,0.0,0,0,L06_001214,LEGITIMATE_TRANSFER_CASHOUT,NONE,1,2,CASH_OUT,2,0.2665987306538108,0.09848049574504542,0.006270548392498039,13103.94,437102.88000000006
L06_002429,189,TRANSFER,10974.3,C27371425,229258.42,218284.12000000002,C1909691488,354343.64,365317.94,0,0,L06_001215,LEGITIMATE_TRANSFER_CASHOUT,NONE,1,1,TRANSFER,0,0.600747130886644,0.047868688966799994,0.018046691054920544,17567.079999999998,
L06_002430,192,CASH_OUT,6592.78,C1909691488,365317.94,0.0,CASHOUT_L06_001215,0.0,0.0,0,0,L06_001215,LEGITIMATE_TRANSFER_CASHOUT,NONE,1,2,CASH_OUT,3,0.600747130886644,0.047868688966799994,0.018046691054920544,17567.079999999998,358725.16
L06_002431,260,TRANSFER,9068.11,C739478278,73724.0,64655.89,C1331209915,0.0,9068.11,0,0,L06_001216,LEGITIMATE_TRANSFER_CASHOUT,NONE,1,1,TRANSFER,0,0.2257076806502163,0.12300078671802941,0.22570745171816398,11114.85,
L06_002432,261,CASH_OUT,2046.74,C1331209915,9068.11,0.0,CASHOUT_L06_001216,0.0,0.0,0,0,L06_001216,LEGITIMATE_TRANSFER_CASHOUT,NONE,1,2,CASH_OUT,1,0.2257076806502163,0.12300078671802941,0.22570745171816398,11114.85,7021.370000000001
L06_002433,681,TRANSFER,34505.81,C1776000501,261664.99,227159.18,C299245206,1586570.26,1621076.07,0,0,L06_001217,LEGITIMATE_TRANSFER_CASHOUT,NONE,1,1,TRANSFER,0,0.462009403702714,0.13187018255671115,0.009834214627571424,50447.82,
L06_002434,684,CASH_OUT,15942.01,C299245206,1621076.07,0.0,CASHOUT_L06_001217,0.0,0.0,0,0,L06_001217,LEGITIMATE_TRANSFER_CASHOUT,NONE,1,2,CASH_OUT,3,0.462009403702714,0.13187018255671115,0.009834214627571424,50447.82,1605134.06
L06_002435,398,TRANSFER,9807.39,C446618980,94876.0,85068.61,C1810946159,0.0,9807.39,0,0,L06_001218,LEGITIMATE_TRANSFER_CASHOUT,NONE,1,1,TRANSFER,0,0.4213343308506692,0.103370610059446,0.42133432034414864,13939.579999999998,
L06_002436,399,CASH_OUT,4132.19,C1810946159,9807.39,0.0,CASHOUT_L06_001218,0.0,0.0,0,0,L06_001218,LEGITIMATE_TRANSFER_CASHOUT,NONE,1,2,CASH_OUT,1,0.4213343308506692,0.103370610059446,0.42133432034414864,13939.579999999998,5675.2
L06_002437,180,TRANSFER,10675.17,C773000012,125450.0,114774.83,C1957858101,268495.74,279170.91,0,0,L06_001219,LEGITIMATE_TRANSFER_CASHOUT,NONE,1,1,TRANSFER,0,0.38316675907319064,0.08509501793543245,0.014651848933687255,14765.54,
L06_002438,182,CASH_OUT,4090.37,C1957858101,279170.91,93236.27,CASHOUT_L06_001219,0.0,0.0,0,0,L06_001219,LEGITIMATE_TRANSFER_CASHOUT,NONE,1,2,CASH_OUT,2,0.38316675907319064,0.08509501793543245,0.014651848933687255,14765.54,275080.54
L06_002439,20,TRANSFER,21685.25,C1704616837,176594.0,154908.75,C179793233,582351.43,604036.68,0,0,L06_001220,LEGITIMATE_TRANSFER_CASHOUT,NONE,1,1,TRANSFER,0,0.4066856466353858,0.12279720715313092,0.014600239177528092,30504.33,
L06_002440,24,CASH_OUT,8819.08,C179793233,604036.68,0.0,CASHOUT_L06_001220,0.0,0.0,0,0,L06_001220,LEGITIMATE_TRANSFER_CASHOUT,NONE,1,2,CASH_OUT,4,0.4066856466353858,0.12279720715313092,0.014600239177528092,30504.33,595217.6000000001
L06_002441,397,TRANSFER,29350.7,C1477031166,222826.0,193475.3,C2140486338,0.0,29350.7,0,0,L06_001221,LEGITIMATE_TRANSFER_CASHOUT,NONE,1,1,TRANSFER,0,0.44511255280738027,0.131720266037177,0.4451127230355665,42415.07,
L06_002442,400,CASH_OUT,13064.37,C2140486338,29350.7,0.0,CASHOUT_L06_001221,0.0,0.0,0,0,L06_001221,LEGITIMATE_TRANSFER_CASHOUT,NONE,1,2,CASH_OUT,3,0.44511255280738027,0.131720266037177,0.4451127230355665,42415.07,16286.33
L06_002443,329,TRANSFER,13564.69,C180192017,101078.0,87513.31,C326627146,400520.92,414085.61,0,0,L06_001222,LEGITIMATE_TRANSFER_CASHOUT,NONE,1,1,TRANSFER,0,0.37541310362086655,0.13420022161103307,0.012297843433873492,18657.05,
L06_002444,330,CASH_OUT,5092.36,C326627146,414085.61,0.0,CASHOUT_L06_001222,0.0,0.0,0,0,L06_001222,LEGITIMATE_TRANSFER_CASHOUT,NONE,1,2,CASH_OUT,1,0.37541310362086655,0.13420022161103307,0.012297843433873492,18657.05,408993.25
L06_002445,286,TRANSFER,11112.81,C787608951,115616.55,104503.74,C177463199,1179599.6,1190712.4100000001,0,0,L06_001223,LEGITIMATE_TRANSFER_CASHOUT,NONE,1,1,TRANSFER,0,0.44578492177239804,0.09611781358291697,0.004160467261779861,16066.73,
L06_002446,287,CASH_OUT,4953.92,C177463199,1190712.4100000001,0.0,CASHOUT_L06_001223,0.0,0.0,0,0,L06_001223,LEGITIMATE_TRANSFER_CASHOUT,NONE,1,2,CASH_OUT,1,0.44578492177239804,0.09611781358291697,0.004160467261779861,16066.73,1185758.4900000002
L06_002447,326,TRANSFER,9513.74,C2049156948,107710.0,98196.26,C2014736623,39125.04,48638.78,0,0,L06_001224,LEGITIMATE_TRANSFER_CASHOUT,NONE,1,1,TRANSFER,0,0.5430485455570109,0.08832736050505988,0.10622018068709783,14680.16,
L06_002448,327,CASH_OUT,5166.42,C2014736623,48638.78,0.0,CASHOUT_L06_001224,0.0,0.0,0,0,L06_001224,LEGITIMATE_TRANSFER_CASHOUT,NONE,1,2,CASH_OUT,1,0.5430485455570109,0.08832736050505988,0.10622018068709783,14680.16,43472.36
L06_002449,132,TRANSFER,9299.25,C824625832,65320.0,56020.75,C2099819059,271579.31,280878.56,0,0,L06_001225,LEGITIMATE_TRANSFER_CASHOUT,NONE,1,1,TRANSFER,0,0.34181321461069786,0.14236451316595222,0.011316670094007887,12477.86,
L06_002450,134,CASH_OUT,3178.61,C2099819059,280878.56,0.0,CASHOUT_L06_001225,0.0,0.0,0,0,L06_001225,LEGITIMATE_TRANSFER_CASHOUT,NONE,1,2,CASH_OUT,2,0.34181321461069786,0.14236451316595222,0.011316670094007887,12477.86,277699.95
L06_002451,44,TRANSFER,50344.32,C36813407,408296.81,357952.49,C252944833,1266134.9,1316479.22,0,0,L06_001226,LEGITIMATE_TRANSFER_CASHOUT,NONE,1,1,TRANSFER,0,0.4160558778307678,0.12330324109071536,0.015910657518771926,71290.37,
L06_002452,47,CASH_OUT,20946.05,C252944833,1316479.22,404596.38,CASHOUT_L06_001226,0.0,0.0,0,0,L06_001226,LEGITIMATE_TRANSFER_CASHOUT,NONE,1,2,CASH_OUT,3,0.4160558778307678,0.12330324109071536,0.015910657518771926,71290.37,1295533.17
L06_002453,254,TRANSFER,8700.25,C996402162,59361.0,50660.75,C197805041,217598.66,226298.91,0,0,L06_001227,LEGITIMATE_TRANSFER_CASHOUT,NONE,1,1,TRANSFER,0,0.29348639875628807,0.14656508481999966,0.011283350856617028,11253.66,
L06_002454,259,CASH_OUT,2553.41,C197805041,226298.91,0.0,CASHOUT_L06_001227,0.0,0.0,0,0,L06_001227,LEGITIMATE_TRANSFER_CASHOUT,NONE,1,2,CASH_OUT,5,0.29348639875628807,0.14656508481999966,0.011283350856617028,11253.66,223745.5
L06_002455,134,TRANSFER,9092.94,C795477888,64868.0,55775.06,C196646278,324368.53,333461.47000000003,0,0,L06_001228,LEGITIMATE_TRANSFER_CASHOUT,NONE,1,1,TRANSFER,0,0.5472543406482836,0.1401760498242585,0.014922713559680521,14069.09,
L06_002456,135,CASH_OUT,4976.15,C196646278,333461.47000000003,40501.52,CASHOUT_L06_001228,0.0,0.0,0,0,L06_001228,LEGITIMATE_TRANSFER_CASHOUT,NONE,1,2,CASH_OUT,1,0.5472543406482836,0.1401760498242585,0.014922713559680521,14069.09,328485.32
L06_002457,251,TRANSFER,9286.83,C18550960,62304.0,53017.17,C425611141,360719.99,370006.82,0,0,L06_001229,LEGITIMATE_TRANSFER_CASHOUT,NONE,1,1,TRANSFER,0,0.2814836883231947,0.1490567218798151,0.007064977883380636,11900.92,
L06_002458,255,CASH_OUT,2614.09,C425611141,370006.82,0.0,CASHOUT_L06_001229,0.0,0.0,0,0,L06_001229,LEGITIMATE_TRANSFER_CASHOUT,NONE,1,2,CASH_OUT,4,0.2814836883231947,0.1490567218798151,0.007064977883380636,11900.92,367392.73
L06_002459,185,TRANSFER,11119.68,C2134089857,90119.0,78999.32,C176634708,201597.19,212716.87,0,0,L06_001230,LEGITIMATE_TRANSFER_CASHOUT,NONE,1,1,TRANSFER,0,0.6212347061942115,0.12338885251722723,0.03247476328511227,18027.61,
L06_002460,186,CASH_OUT,6907.93,C176634708,212716.87,0.0,CASHOUT_L06_001230,0.0,0.0,0,0,L06_001230,LEGITIMATE_TRANSFER_CASHOUT,NONE,1,2,CASH_OUT,1,0.6212347061942115,0.12338885251722723,0.03247476328511227,18027.61,205808.94
L06_002461,277,TRANSFER,13304.34,C859295634,127998.0,114693.66,C282209878,1047787.49,1061091.83,0,0,L06_001231,LEGITIMATE_TRANSFER_CASHOUT,NONE,1,1,TRANSFER,0,0.3109781319064868,0.10394178034031781,0.0038991535727873803,17441.7,
L06_002462,278,CASH_OUT,4137.36,C282209878,1061091.83,0.0,CASHOUT_L06_001231,0.0,0.0,0,0,L06_001231,LEGITIMATE_TRANSFER_CASHOUT,NONE,1,2,CASH_OUT,1,0.3109781319064868,0.10394178034031781,0.0038991535727873803,17441.7,1056954.47
L06_002463,185,TRANSFER,35968.89,C1320488659,307299.63,271330.74,C1702428662,1549775.09,1585743.98,0,0,L06_001232,LEGITIMATE_TRANSFER_CASHOUT,NONE,1,1,TRANSFER,0,0.3224144359695578,0.11704826979453245,0.007313217105828143,47565.78,
L06_002464,188,CASH_OUT,11596.89,C1702428662,1585743.98,0.0,CASHOUT_L06_001232,0.0,0.0,0,0,L06_001232,LEGITIMATE_TRANSFER_CASHOUT,NONE,1,2,CASH_OUT,3,0.3224144359695578,0.11704826979453245,0.007313217105828143,47565.78,1574147.09
L06_002465,326,TRANSFER,41492.98,C274715250,506154.0,464661.02,C1630094089,78310.31,119803.29000000001,0,0,L06_001233,LEGITIMATE_TRANSFER_CASHOUT,NONE,1,1,TRANSFER,0,0.4073761819457566,0.08197698724103732,0.14109170123792092,58396.23,
L06_002466,328,CASH_OUT,16903.25,C1630094089,119803.29000000001,0.0,CASHOUT_L06_001233,0.0,0.0,0,0,L06_001233,LEGITIMATE_TRANSFER_CASHOUT,NONE,1,2,CASH_OUT,2,0.4073761819457566,0.08197698724103732,0.14109170123792092,58396.23,102900.04000000001
L06_002467,355,TRANSFER,15131.85,C947891476,112358.0,97226.15,C2102686146,53186.32,68318.17,0,0,L06_001234,LEGITIMATE_TRANSFER_CASHOUT,NONE,1,1,TRANSFER,0,0.6168861034481006,0.13467532351946457,0.136634661027952,24466.48,
L06_002468,356,CASH_OUT,9334.63,C2102686146,68318.17,69102.39,CASHOUT_L06_001234,0.0,0.0,0,0,L06_001234,LEGITIMATE_TRANSFER_CASHOUT,NONE,1,2,CASH_OUT,1,0.6168861034481006,0.13467532351946457,0.136634661027952,24466.48,58983.54
L06_002469,401,TRANSFER,33378.32,C2049994932,287494.0,254115.68,C939974487,0.0,33378.32,0,0,L06_001235,LEGITIMATE_TRANSFER_CASHOUT,NONE,1,1,TRANSFER,0,0.5422997482910398,0.11610092732370067,0.5422996124430468,51479.369999999995,
L06_002470,405,CASH_OUT,18101.05,C939974487,33378.32,0.0,CASHOUT_L06_001235,0.0,0.0,0,0,L06_001235,LEGITIMATE_TRANSFER_CASHOUT,NONE,1,2,CASH_OUT,4,0.5422997482910398,0.11610092732370067,0.5422996124430468,51479.369999999995,15277.27
L06_002471,205,TRANSFER,10793.24,C1942332145,73858.0,63064.76,C53105230,0.0,10793.24,0,0,L06_001236,LEGITIMATE_TRANSFER_CASHOUT,NONE,1,1,TRANSFER,0,0.35835198992381867,0.1461350158412088,0.35835207963503085,14661.02,
L06_002472,210,CASH_OUT,3867.78,C53105230,10793.24,0.0,CASHOUT_L06_001236,0.0,0.0,0,0,L06_001236,LEGITIMATE_TRANSFER_CASHOUT,NONE,1,2,CASH_OUT,5,0.35835198992381867,0.1461350158412088,0.35835207963503085,14661.02,6925.459999999999
L06_002473,42,TRANSFER,13163.62,C1957876761,102294.0,89130.38,C652812507,1031240.5,1044404.12,0,0,L06_001237,LEGITIMATE_TRANSFER_CASHOUT,NONE,1,1,TRANSFER,0,0.2911185938107188,0.1286841848006726,0.0036692406000849555,16995.79,
L06_002474,45,CASH_OUT,3832.17,C652812507,1044404.12,31459.69,CASHOUT_L06_001237,0.0,0.0,0,0,L06_001237,LEGITIMATE_TRANSFER_CASHOUT,NONE,1,2,CASH_OUT,3,0.2911185938107188,0.1286841848006726,0.0036692406000849555,16995.79,1040571.95
L06_002475,135,TRANSFER,19408.43,C1484095361,262082.87,242674.44,C1789998035,275926.8,295335.23,0,0,L06_001238,LEGITIMATE_TRANSFER_CASHOUT,NONE,1,1,TRANSFER,0,0.30117781328580456,0.07405455381345603,0.01979238982088253,25253.82,
L06_002476,136,CASH_OUT,5845.39,C1789998035,295335.23,53900.76,CASHOUT_L06_001238,0.0,0.0,0,0,L06_001238,LEGITIMATE_TRANSFER_CASHOUT,NONE,1,2,CASH_OUT,1,0.30117781328580456,0.07405455381345603,0.01979238982088253,25253.82,289489.83999999997
L06_002477,278,TRANSFER,9536.78,C1720599117,92267.0,82730.22,C475979931,3109562.58,3119099.36,0,0,L06_001239,LEGITIMATE_TRANSFER_CASHOUT,NONE,1,1,TRANSFER,0,0.503995221820873,0.10336068150042811,0.0015409864981024521,14343.27,
L06_002478,279,CASH_OUT,4806.49,C475979931,3119099.36,0.0,CASHOUT_L06_001239,0.0,0.0,0,0,L06_001239,LEGITIMATE_TRANSFER_CASHOUT,NONE,1,2,CASH_OUT,1,0.503995221820873,0.10336068150042811,0.0015409864981024521,14343.27,3114292.8699999996
L06_002479,41,TRANSFER,9630.13,C874739273,98049.76,88419.62999999999,C2038730877,211593.19,221223.32,0,0,L06_001240,LEGITIMATE_TRANSFER_CASHOUT,NONE,1,1,TRANSFER,0,0.47299436023295516,0.09821676259074984,0.020590053526002593,14185.13,
L06_002480,45,CASH_OUT,4555.0,C2038730877,221223.32,21153.69,CASHOUT_L06_001240,0.0,0.0,0,0,L06_001240,LEGITIMATE_TRANSFER_CASHOUT,NONE,1,2,CASH_OUT,4,0.47299436023295516,0.09821676259074984,0.020590053526002593,14185.13,216668.32
L06_002481,324,TRANSFER,29518.69,C1301841834,320557.6,291038.91,C1509130568,1313568.27,1343086.96,0,0,L06_001241,LEGITIMATE_TRANSFER_CASHOUT,NONE,1,1,TRANSFER,0,0.5306966712850449,0.09208544735797873,0.011663779387747163,45184.159999999996,
L06_002482,329,CASH_OUT,15665.47,C1509130568,1343086.96,0.0,CASHOUT_L06_001241,0.0,0.0,0,0,L06_001241,LEGITIMATE_TRANSFER_CASHOUT,NONE,1,2,CASH_OUT,5,0.5306966712850449,0.09208544735797873,0.011663779387747163,45184.159999999996,1327421.49
L06_002483,211,TRANSFER,29627.07,C1534172036,591250.53,561623.4600000001,C1455826282,3403628.72,3433255.79,0,0,L06_001242,LEGITIMATE_TRANSFER_CASHOUT,NONE,1,1,TRANSFER,0,0.30286586354333955,0.050109164384173996,0.00261356291195536,38600.1,
L06_002484,215,CASH_OUT,8973.03,C1455826282,3433255.79,0.0,CASHOUT_L06_001242,0.0,0.0,0,0,L06_001242,LEGITIMATE_TRANSFER_CASHOUT,NONE,1,2,CASH_OUT,4,0.30286586354333955,0.050109164384173996,0.00261356291195536,38600.1,3424282.7600000002
L06_002485,349,TRANSFER,9463.63,C2123817381,81217.0,71753.37,C2012802424,800904.32,810367.95,0,0,L06_001243,LEGITIMATE_TRANSFER_CASHOUT,NONE,1,1,TRANSFER,0,0.25033213768685086,0.11652277232599086,0.002923425093502279,11832.68,
L06_002486,351,CASH_OUT,2369.05,C2012802424,810367.95,0.0,CASHOUT_L06_001243,0.0,0.0,0,0,L06_001243,LEGITIMATE_TRANSFER_CASHOUT,NONE,1,2,CASH_OUT,2,0.25033213768685086,0.11652277232599086,0.002923425093502279,11832.68,807998.8999999999
L06_002487,251,TRANSFER,23555.33,C1066379491,175153.23,151597.90000000002,C219543946,9669434.55,9692989.88,0,0,L06_001244,LEGITIMATE_TRANSFER_CASHOUT,NONE,1,1,TRANSFER,0,0.2538879296077185,0.13448413140882415,0.0006169830025655612,29535.74,
L06_002488,254,CASH_OUT,5980.41,C219543946,9692989.88,0.0,CASHOUT_L06_001244,0.0,0.0,0,0,L06_001244,LEGITIMATE_TRANSFER_CASHOUT,NONE,1,2,CASH_OUT,3,0.2538879296077185,0.13448413140882415,0.0006169830025655612,29535.74,9687009.47
L06_002489,94,TRANSFER,23575.19,C2120177836,168908.57,145333.38,C256182096,1324312.73,1347887.92,0,0,L06_001245,LEGITIMATE_TRANSFER_CASHOUT,NONE,1,1,TRANSFER,0,0.2732579831084109,0.13957367586499606,0.0047794107391362336,30017.3,
L06_002490,96,CASH_OUT,6442.11,C256182096,1347887.92,0.0,CASHOUT_L06_001245,0.0,0.0,0,0,L06_001245,LEGITIMATE_TRANSFER_CASHOUT,NONE,1,2,CASH_OUT,2,0.2732579831084109,0.13957367586499606,0.0047794107391362336,30017.3,1341445.8099999998
L06_002491,372,TRANSFER,11554.56,C1626276334,84847.0,73292.44,C581918762,461751.43,473305.99,0,0,L06_001246,LEGITIMATE_TRANSFER_CASHOUT,NONE,1,1,TRANSFER,0,0.5833398763623732,0.13618112602684831,0.014240766316944351,18294.8,
L06_002492,377,CASH_OUT,6740.24,C581918762,473305.99,0.0,CASHOUT_L06_001246,0.0,0.0,0,0,L06_001246,LEGITIMATE_TRANSFER_CASHOUT,NONE,1,2,CASH_OUT,5,0.5833398763623732,0.13618112602684831,0.014240766316944351,18294.8,466565.75
L06_002493,45,TRANSFER,12107.03,C573739612,213000.99,200893.96,C895269895,425550.24,437657.27,0,0,L06_001247,LEGITIMATE_TRANSFER_CASHOUT,NONE,1,1,TRANSFER,0,0.3903244297654908,0.05684025224483699,0.010797649951067875,16832.7,
L06_002494,47,CASH_OUT,4725.67,C895269895,437657.27,139469.12,CASHOUT_L06_001247,0.0,0.0,0,0,L06_001247,LEGITIMATE_TRANSFER_CASHOUT,NONE,1,2,CASH_OUT,2,0.3903244297654908,0.05684025224483699,0.010797649951067875,16832.7,432931.60000000003
L06_002495,13,TRANSFER,15633.71,C1339568851,152811.0,137177.29,C1531689751,576572.13,592205.84,0,0,L06_001248,LEGITIMATE_TRANSFER_CASHOUT,NONE,1,1,TRANSFER,0,0.33520663357327163,0.10230749095287642,0.008849152855365292,20874.23,
L06_002496,17,CASH_OUT,5240.52,C1531689751,592205.84,0.0,CASHOUT_L06_001248,0.0,0.0,0,0,L06_001248,LEGITIMATE_TRANSFER_CASHOUT,NONE,1,2,CASH_OUT,4,0.33520663357327163,0.10230749095287642,0.008849152855365292,20874.23,586965.32
L06_002497,43,TRANSFER,8823.44,C1627828540,62495.0,53671.56,C1970521805,167150.2,175973.64,0,0,L06_001249,LEGITIMATE_TRANSFER_CASHOUT,NONE,1,1,TRANSFER,0,0.4778142665513114,0.14118633490679255,0.023957963249495777,13039.41,
L06_002498,46,CASH_OUT,4215.97,C1970521805,175973.64,0.0,CASHOUT_L06_001249,0.0,0.0,0,0,L06_001249,LEGITIMATE_TRANSFER_CASHOUT,NONE,1,2,CASH_OUT,3,0.4778142665513114,0.14118633490679255,0.023957963249495777,13039.41,171757.67
L06_002499,352,TRANSFER,9033.19,C1975048031,125167.09,116133.9,C1418126774,5274087.0,5283120.19,0,0,L06_001250,LEGITIMATE_TRANSFER_CASHOUT,NONE,1,1,TRANSFER,0,0.21691630789732935,0.07216905018723373,0.0003708887796474681,10992.640000000001,
L06_002500,356,CASH_OUT,1959.45,C1418126774,5283120.19,0.0,CASHOUT_L06_001250,0.0,0.0,0,0,L06_001250,LEGITIMATE_TRANSFER_CASHOUT,NONE,1,2,CASH_OUT,4,0.21691630789732935,0.07216905018723373,0.0003708887796474681,10992.640000000001,5281160.74
L06_002501,136,TRANSFER,14263.35,C104568008,484308.72,470045.37,C438565548,261569.14,275832.49,0,0,L06_001251,LEGITIMATE_TRANSFER_CASHOUT,NONE,1,1,TRANSFER,0,0.4901177371534774,0.029450946082490527,0.025344077487028452,21254.07,
L06_002502,141,CASH_OUT,6990.72,C438565548,275832.49,290203.08,CASHOUT_L06_001251,0.0,0.0,0,0,L06_001251,LEGITIMATE_TRANSFER_CASHOUT,NONE,1,2,CASH_OUT,5,0.4901177371534774,0.029450946082490527,0.025344077487028452,21254.07,268841.77
L06_002503,235,TRANSFER,9408.96,C1318127066,73558.0,64149.04,C768471981,323379.92,332788.88,0,0,L06_001252,LEGITIMATE_TRANSFER_CASHOUT,NONE,1,1,TRANSFER,0,0.5942662372285045,0.12791212376627967,0.0168017332790687,15000.39,
L06_002504,240,CASH_OUT,5591.43,C768471981,332788.88,0.0,CASHOUT_L06_001252,0.0,0.0,0,0,L06_001252,LEGITIMATE_TRANSFER_CASHOUT,NONE,1,2,CASH_OUT,5,0.5942662372285045,0.12791212376627967,0.0168017332790687,15000.39,327197.45
L06_002505,11,TRANSFER,14866.92,C1935857168,107626.0,92759.08,C1267159812,7246708.77,7261575.6899999995,0,0,L06_001253,LEGITIMATE_TRANSFER_CASHOUT,NONE,1,1,TRANSFER,0,0.26153647668570323,0.13813502313567352,0.0005354540344948191,18755.16,
L06_002506,15,CASH_OUT,3888.24,C1267159812,7261575.6899999995,0.0,CASHOUT_L06_001253,0.0,0.0,0,0,L06_001253,LEGITIMATE_TRANSFER_CASHOUT,NONE,1,2,CASH_OUT,4,0.26153647668570323,0.13813502313567352,0.0005354540344948191,18755.16,7257687.449999999
L06_002507,155,TRANSFER,13490.79,C1955890836,91827.0,78336.20999999999,C1897595911,49648.51,63139.3,0,0,L06_001254,LEGITIMATE_TRANSFER_CASHOUT,NONE,1,1,TRANSFER,0,0.5071200519972936,0.14691528635368684,0.10835485980997571,20332.24,
L06_002508,157,CASH_OUT,6841.45,C1897595911,63139.3,0.0,CASHOUT_L06_001254,0.0,0.0,0,0,L06_001254,LEGITIMATE_TRANSFER_CASHOUT,NONE,1,2,CASH_OUT,2,0.5071200519972936,0.14691528635368684,0.10835485980997571,20332.24,56297.850000000006
L06_002509,37,TRANSFER,25853.8,C477090247,553807.76,527953.96,C1378631566,3048951.27,3074805.07,0,0,L06_001255,LEGITIMATE_TRANSFER_CASHOUT,NONE,1,1,TRANSFER,0,0.6306794666188116,0.0466837084406329,0.005302924780204034,42159.259999999995,
L06_002510,40,CASH_OUT,16305.46,C1378631566,3074805.07,0.0,CASHOUT_L06_001255,0.0,0.0,0,0,L06_001255,LEGITIMATE_TRANSFER_CASHOUT,NONE,1,2,CASH_OUT,3,0.6306794666188116,0.0466837084406329,0.005302924780204034,42159.259999999995,3058499.61
L06_002511,522,TRANSFER,32255.04,C668753156,288395.0,256139.96,C1906212244,0.0,32255.04,0,0,L06_001256,LEGITIMATE_TRANSFER_CASHOUT,NONE,1,1,TRANSFER,0,0.6398171228580729,0.11184327051439866,0.639817219262478,52892.37,
L06_002512,526,CASH_OUT,20637.33,C1906212244,32255.04,0.0,CASHOUT_L06_001256,0.0,0.0,0,0,L06_001256,LEGITIMATE_TRANSFER_CASHOUT,NONE,1,2,CASH_OUT,4,0.6398171228580729,0.11184327051439866,0.639817219262478,52892.37,11617.71
L06_002513,522,TRANSFER,11393.75,C1092332442,133361.42,121967.67000000001,C1632506803,3275483.11,3286876.86,0,0,L06_001257,LEGITIMATE_TRANSFER_CASHOUT,NONE,1,1,TRANSFER,0,0.23252316590064862,0.08543512809026778,0.000806026545211067,14043.06,
L06_002514,525,CASH_OUT,2649.31,C1632506803,3286876.86,0.0,CASHOUT_L06_001257,0.0,0.0,0,0,L06_001257,LEGITIMATE_TRANSFER_CASHOUT,NONE,1,2,CASH_OUT,3,0.23252316590064862,0.08543512809026778,0.000806026545211067,14043.06,3284227.55
L06_002515,18,TRANSFER,23342.89,C1032095089,178060.3,154717.40999999997,C183389809,2461366.35,2484709.24,0,0,L06_001258,LEGITIMATE_TRANSFER_CASHOUT,NONE,1,1,TRANSFER,0,0.26772477415577883,0.13109542104556715,0.0025151715538354095,29592.36,
L06_002516,23,CASH_OUT,6249.47,C183389809,2484709.24,136549.39,CASHOUT_L06_001258,0.0,0.0,0,0,L06_001258,LEGITIMATE_TRANSFER_CASHOUT,NONE,1,2,CASH_OUT,5,0.26772477415577883,0.13109542104556715,0.0025151715538354095,29592.36,2478459.77
L06_002517,184,TRANSFER,9645.07,C288697065,64703.0,55057.93,C297544846,0.0,9645.07,0,0,L06_001259,LEGITIMATE_TRANSFER_CASHOUT,NONE,1,1,TRANSFER,0,0.48827287199978725,0.14906681297621438,0.488273283656832,14354.5,
L06_002518,189,CASH_OUT,4709.43,C297544846,9645.07,0.0,CASHOUT_L06_001259,0.0,0.0,0,0,L06_001259,LEGITIMATE_TRANSFER_CASHOUT,NONE,1,2,CASH_OUT,5,0.48827287199978725,0.14906681297621438,0.488273283656832,14354.5,4935.639999999999
L06_002519,227,TRANSFER,10333.43,C162720672,70102.09,59768.659999999996,C1508453488,1207153.08,1217486.51,0,0,L06_001260,LEGITIMATE_TRANSFER_CASHOUT,NONE,1,1,TRANSFER,0,0.4182296249567405,0.14740544825411056,0.0035497313231010667,14655.18,
L06_002520,229,CASH_OUT,4321.75,C1508453488,1217486.51,0.0,CASHOUT_L06_001260,0.0,0.0,0,0,L06_001260,LEGITIMATE_TRANSFER_CASHOUT,NONE,1,2,CASH_OUT,2,0.4182296249567405,0.14740544825411056,0.0035497313231010667,14655.18,1213164.76
L06_002521,255,TRANSFER,9027.38,C316639625,63797.0,54769.62,C428833194,405837.4,414864.78,0,0,L06_001261,LEGITIMATE_TRANSFER_CASHOUT,NONE,1,1,TRANSFER,0,0.5691316882664856,0.1415016380080568,0.01238420383624756,14165.15,
L06_002522,258,CASH_OUT,5137.77,C428833194,414864.78,0.0,CASHOUT_L06_001261,0.0,0.0,0,0,L06_001261,LEGITIMATE_TRANSFER_CASHOUT,NONE,1,2,CASH_OUT,3,0.5691316882664856,0.1415016380080568,0.01238420383624756,14165.15,409727.01
L06_002523,329,TRANSFER,25163.87,C919795371,343951.5,318787.63,C1467923001,289423.71,314587.58,0,0,L06_001262,LEGITIMATE_TRANSFER_CASHOUT,NONE,1,1,TRANSFER,0,0.5352944207622052,0.07316109974807494,0.042818219333388814,38633.95,
L06_002524,331,CASH_OUT,13470.08,C1467923001,314587.58,130252.97,CASHOUT_L06_001262,0.0,0.0,0,0,L06_001262,LEGITIMATE_TRANSFER_CASHOUT,NONE,1,2,CASH_OUT,2,0.5352944207622052,0.07316109974807494,0.042818219333388814,38633.95,301117.5
L06_002525,304,TRANSFER,9412.23,C1198508679,70309.0,60896.770000000004,C1176879193,0.0,9412.23,0,0,L06_001263,LEGITIMATE_TRANSFER_CASHOUT,NONE,1,1,TRANSFER,0,0.20202053234581005,0.13386949039241064,0.20202013762944596,11313.689999999999,
L06_002526,305,CASH_OUT,1901.46,C1176879193,9412.23,0.0,CASHOUT_L06_001263,0.0,0.0,0,0,L06_001263,LEGITIMATE_TRANSFER_CASHOUT,NONE,1,2,CASH_OUT,1,0.20202053234581005,0.13386949039241064,0.20202013762944596,11313.689999999999,7510.7699999999995
L06_002527,189,TRANSFER,9046.5,C474153071,80066.0,71019.5,C2079429474,1309770.52,1318817.02,0,0,L06_001264,LEGITIMATE_TRANSFER_CASHOUT,NONE,1,1,TRANSFER,0,0.373949541747448,0.11298803487123124,0.0025651246144821516,12429.43,
L06_002528,192,CASH_OUT,3382.93,C2079429474,1318817.02,0.0,CASHOUT_L06_001264,0.0,0.0,0,0,L06_001264,LEGITIMATE_TRANSFER_CASHOUT,NONE,1,2,CASH_OUT,3,0.373949541747448,0.11298803487123124,0.0025651246144821516,12429.43,1315434.09
L06_002529,16,TRANSFER,23678.46,C1094620317,251129.0,227450.54,C466368912,26649.0,50327.46,0,0,L06_001265,LEGITIMATE_TRANSFER_CASHOUT,NONE,1,1,TRANSFER,0,0.23763804795690807,0.09428803523288827,0.11180576170543874,29305.36,
L06_002530,21,CASH_OUT,5626.9,C466368912,50327.46,206686.38,CASHOUT_L06_001265,0.0,0.0,0,0,L06_001265,LEGITIMATE_TRANSFER_CASHOUT,NONE,1,2,CASH_OUT,5,0.23763804795690807,0.09428803523288827,0.11180576170543874,29305.36,44700.56
L06_002531,258,TRANSFER,8895.03,C66730997,253304.07,244409.04,C980893409,942273.27,951168.3,0,0,L06_001266,LEGITIMATE_TRANSFER_CASHOUT,NONE,1,1,TRANSFER,0,0.4527427465508091,0.035116016888319244,0.004233908972786414,12922.19,
L06_002532,263,CASH_OUT,4027.16,C980893409,951168.3,0.0,CASHOUT_L06_001266,0.0,0.0,0,0,L06_001266,LEGITIMATE_TRANSFER_CASHOUT,NONE,1,2,CASH_OUT,5,0.4527427465508091,0.035116016888319244,0.004233908972786414,12922.19,947141.14
L06_002533,331,TRANSFER,11166.04,C871719576,97409.24,86243.20000000001,C1429523144,371930.13,383096.17,0,0,L06_001267,LEGITIMATE_TRANSFER_CASHOUT,NONE,1,1,TRANSFER,0,0.36483272021797214,0.11463019319317141,0.010633726774141334,15239.78,
L06_002534,335,CASH_OUT,4073.74,C1429523144,383096.17,0.0,CASHOUT_L06_001267,0.0,0.0,0,0,L06_001267,LEGITIMATE_TRANSFER_CASHOUT,NONE,1,2,CASH_OUT,4,0.36483272021797214,0.11463019319317141,0.010633726774141334,15239.78,379022.43
L06_002535,251,TRANSFER,18797.52,C1172057727,154834.0,136036.48,C1073056896,55615.32,74412.84,0,0,L06_001268,LEGITIMATE_TRANSFER_CASHOUT,NONE,1,1,TRANSFER,0,0.26822744130470355,0.12140434271542426,0.0677572580215995,23839.53,
L06_002536,252,CASH_OUT,5042.01,C1073056896,74412.84,0.0,CASHOUT_L06_001268,0.0,0.0,0,0,L06_001268,LEGITIMATE_TRANSFER_CASHOUT,NONE,1,2,CASH_OUT,1,0.26822744130470355,0.12140434271542426,0.0677572580215995,23839.53,69370.83
L06_002537,10,TRANSFER,62491.7,C2058347000,3181787.79,3119296.09,C1777369261,830245.32,892737.0199999999,0,0,L06_001269,LEGITIMATE_TRANSFER_CASHOUT,NONE,1,1,TRANSFER,0,0.4551286100990556,0.019640436171263324,0.031859057441126395,90933.45999999999,
L06_002538,13,CASH_OUT,28441.76,C1777369261,892737.0199999999,2899046.61,CASHOUT_L06_001269,0.0,0.0,0,0,L06_001269,LEGITIMATE_TRANSFER_CASHOUT,NONE,1,2,CASH_OUT,3,0.4551286100990556,0.019640436171263324,0.031859057441126395,90933.45999999999,864295.2599999999
L06_002539,20,TRANSFER,11430.64,C1972748783,81607.0,70176.36,C328852135,803252.46,814683.1,0,0,L06_001270,LEGITIMATE_TRANSFER_CASHOUT,NONE,1,1,TRANSFER,0,0.5682074466341962,0.14006935679537294,0.007972388282020335,17925.61,
L06_002540,23,CASH_OUT,6494.97,C328852135,814683.1,0.0,CASHOUT_L06_001270,0.0,0.0,0,0,L06_001270,LEGITIMATE_TRANSFER_CASHOUT,NONE,1,2,CASH_OUT,3,0.5682074466341962,0.14006935679537294,0.007972388282020335,17925.61,808188.13
L06_002541,131,TRANSFER,11487.05,C1129965353,134094.0,122606.95,C1987951245,0.0,11487.05,0,0,L06_001271,LEGITIMATE_TRANSFER_CASHOUT,NONE,1,1,TRANSFER,0,0.2576051020203991,0.08566416096171342,0.25760486809058897,14446.169999999998,
L06_002542,134,CASH_OUT,2959.12,C1987951245,11487.05,0.0,CASHOUT_L06_001271,0.0,0.0,0,0,L06_001271,LEGITIMATE_TRANSFER_CASHOUT,NONE,1,2,CASH_OUT,3,0.2576051020203991,0.08566416096171342,0.25760486809058897,14446.169999999998,8527.93
L06_002543,353,TRANSFER,9015.93,C933130839,105876.13,96860.20000000001,C2058782238,1698261.52,1707277.45,0,0,L06_001272,LEGITIMATE_TRANSFER_CASHOUT,NONE,1,1,TRANSFER,0,0.27236565755740194,0.08515545477531149,0.0014383309520078298,11471.560000000001,
L06_002544,356,CASH_OUT,2455.63,C2058782238,1707277.45,0.0,CASHOUT_L06_001272,0.0,0.0,0,0,L06_001272,LEGITIMATE_TRANSFER_CASHOUT,NONE,1,2,CASH_OUT,3,0.27236565755740194,0.08515545477531149,0.0014383309520078298,11471.560000000001,1704821.82
L06_002545,159,TRANSFER,33123.41,C103673914,809475.0,776351.59,C1990292367,0.0,33123.41,0,0,L06_001273,LEGITIMATE_TRANSFER_CASHOUT,NONE,1,1,TRANSFER,0,0.592056067351064,0.04091962074183885,0.5920561922821351,52734.33,
L06_002546,160,CASH_OUT,19610.92,C1990292367,33123.41,77488.06,CASHOUT_L06_001273,0.0,0.0,0,0,L06_001273,LEGITIMATE_TRANSFER_CASHOUT,NONE,1,2,CASH_OUT,1,0.592056067351064,0.04091962074183885,0.5920561922821351,52734.33,13512.490000000005
L06_002547,13,TRANSFER,13318.85,C1051539349,96122.0,82803.15,C663849932,0.0,13318.85,0,0,L06_001274,LEGITIMATE_TRANSFER_CASHOUT,NONE,1,1,TRANSFER,0,0.41975796336203974,0.13856193171178294,0.4197577118144584,18909.54,
L06_002548,18,CASH_OUT,5590.69,C663849932,13318.85,0.0,CASHOUT_L06_001274,0.0,0.0,0,0,L06_001274,LEGITIMATE_TRANSFER_CASHOUT,NONE,1,2,CASH_OUT,5,0.41975796336203974,0.13856193171178294,0.4197577118144584,18909.54,7728.160000000001
L06_002549,162,TRANSFER,10493.24,C846285726,87371.0,76877.76,C944096355,0.0,10493.24,0,0,L06_001275,LEGITIMATE_TRANSFER_CASHOUT,NONE,1,1,TRANSFER,0,0.5480151673668217,0.12009980428288562,0.5480147218590254,16243.689999999999,
L06_002550,166,CASH_OUT,5750.45,C944096355,10493.24,0.0,CASHOUT_L06_001275,0.0,0.0,0,0,L06_001275,LEGITIMATE_TRANSFER_CASHOUT,NONE,1,2,CASH_OUT,4,0.5480151673668217,0.12009980428288562,0.5480147218590254,16243.689999999999,4742.79
L06_002551,157,TRANSFER,9752.96,C1994048534,69406.0,59653.04,C682235594,296063.51,305816.47000000003,0,0,L06_001276,LEGITIMATE_TRANSFER_CASHOUT,NONE,1,1,TRANSFER,0,0.22637693821871183,0.14052041610235425,0.0072195261425913385,11960.81,
L06_002552,158,CASH_OUT,2207.85,C682235594,305816.47000000003,0.0,CASHOUT_L06_001276,0.0,0.0,0,0,L06_001276,LEGITIMATE_TRANSFER_CASHOUT,NONE,1,2,CASH_OUT,1,0.22637693821871183,0.14052041610235425,0.0072195261425913385,11960.81,303608.62000000005
L06_002553,205,TRANSFER,19498.23,C777084109,182291.0,162792.77,C1654675949,31277.97,50776.2,0,0,L06_001277,LEGITIMATE_TRANSFER_CASHOUT,NONE,1,1,TRANSFER,0,0.509120765405297,0.10696211003285955,0.1955039959666143,29425.18,
L06_002554,209,CASH_OUT,9926.95,C1654675949,50776.2,0.0,CASHOUT_L06_001277,0.0,0.0,0,0,L06_001277,LEGITIMATE_TRANSFER_CASHOUT,NONE,1,2,CASH_OUT,4,0.509120765405297,0.10696211003285955,0.1955039959666143,29425.18,40849.25
L06_002555,184,TRANSFER,12357.78,C1452252301,86285.0,73927.22,C1287873278,533606.67,545964.4500000001,0,0,L06_001278,LEGITIMATE_TRANSFER_CASHOUT,NONE,1,1,TRANSFER,0,0.5956827298815126,0.14322049023584632,0.01348314894861744,19719.1,
L06_002556,189,CASH_OUT,7361.32,C1287873278,545964.4500000001,0.0,CASHOUT_L06_001278,0.0,0.0,0,0,L06_001278,LEGITIMATE_TRANSFER_CASHOUT,NONE,1,2,CASH_OUT,5,0.5956827298815126,0.14322049023584632,0.01348314894861744,19719.1,538603.1300000001
L06_002557,571,TRANSFER,52960.39,C906980988,441616.03,388655.64,C1665474568,109570.66,162531.05,0,0,L06_001279,LEGITIMATE_TRANSFER_CASHOUT,NONE,1,1,TRANSFER,0,0.45662889455455563,0.11992406616218165,0.14879150783804082,77143.63,
L06_002558,576,CASH_OUT,24183.24,C1665474568,162531.05,346871.15,CASHOUT_L06_001279,0.0,0.0,0,0,L06_001279,LEGITIMATE_TRANSFER_CASHOUT,NONE,1,2,CASH_OUT,5,0.45662889455455563,0.11992406616218165,0.14879150783804082,77143.63,138347.81
L06_002559,154,TRANSFER,43529.1,C1994101675,310422.64,266893.54000000004,C1918421987,1660747.79,1704276.8900000001,0,0,L06_001280,LEGITIMATE_TRANSFER_CASHOUT,NONE,1,1,TRANSFER,0,0.22299230150870372,0.14022527480598707,0.005695465365372641,53235.75,
L06_002560,158,CASH_OUT,9706.65,C1918421987,1704276.8900000001,0.0,CASHOUT_L06_001280,0.0,0.0,0,0,L06_001280,LEGITIMATE_TRANSFER_CASHOUT,NONE,1,2,CASH_OUT,4,0.22299230150870372,0.14022527480598707,0.005695465365372641,53235.75,1694570.2400000002
L06_002561,525,TRANSFER,9289.89,C2061665244,210177.0,200887.11,C583809434,0.0,9289.89,0,0,L06_001281,LEGITIMATE_TRANSFER_CASHOUT,NONE,1,1,TRANSFER,0,0.3355816841266799,0.04420031687577613,0.33558201442643565,12407.41,
L06_002562,528,CASH_OUT,3117.52,C583809434,9289.89,0.0,CASHOUT_L06_001281,0.0,0.0,0,0,L06_001281,LEGITIMATE_TRANSFER_CASHOUT,NONE,1,2,CASH_OUT,3,0.3355816841266799,0.04420031687577613,0.33558201442643565,12407.41,6172.369999999999
L06_002563,21,TRANSFER,10499.3,C1055103752,123063.0,112563.7,C467702718,0.0,10499.3,0,0,L06_001282,LEGITIMATE_TRANSFER_CASHOUT,NONE,1,1,TRANSFER,0,0.5413402525000027,0.0853164639249815,0.5413398988503996,16182.989999999998,
L06_002564,26,CASH_OUT,5683.69,C467702718,10499.3,0.0,CASHOUT_L06_001282,0.0,0.0,0,0,L06_001282,LEGITIMATE_TRANSFER_CASHOUT,NONE,1,2,CASH_OUT,5,0.5413402525000027,0.0853164639249815,0.5413398988503996,16182.989999999998,4815.61
L06_002565,251,TRANSFER,51623.98,C2003023097,359868.0,308244.02,C1938191546,0.0,51623.98,0,0,L06_001283,LEGITIMATE_TRANSFER_CASHOUT,NONE,1,1,TRANSFER,0,0.629393825190131,0.14345254371047161,0.6293937429853336,84115.79000000001,
L06_002566,253,CASH_OUT,32491.81,C1938191546,51623.98,22879.03,CASHOUT_L06_001283,0.0,0.0,0,0,L06_001283,LEGITIMATE_TRANSFER_CASHOUT,NONE,1,2,CASH_OUT,2,0.629393825190131,0.14345254371047161,0.6293937429853336,84115.79000000001,19132.170000000002
L06_002567,356,TRANSFER,17216.04,C487265498,137288.25,120072.20999999999,C858334459,5948993.64,5966209.68,0,0,L06_001284,LEGITIMATE_TRANSFER_CASHOUT,NONE,1,1,TRANSFER,0,0.4184962755597178,0.12540068068461796,0.0012076092505015682,24420.89,
L06_002568,358,CASH_OUT,7204.85,C858334459,5966209.68,0.0,CASHOUT_L06_001284,0.0,0.0,0,0,L06_001284,LEGITIMATE_TRANSFER_CASHOUT,NONE,1,2,CASH_OUT,2,0.4184962755597178,0.12540068068461796,0.0012076092505015682,24420.89,5959004.83
L06_002569,202,TRANSFER,11924.57,C708778690,280443.43,268518.86,C569447085,199256.71,211181.28,0,0,L06_001285,LEGITIMATE_TRANSFER_CASHOUT,NONE,1,1,TRANSFER,0,0.47626079866849447,0.042520411335719294,0.026892582524360113,17603.78,
L06_002570,203,CASH_OUT,5679.21,C569447085,211181.28,105091.47,CASHOUT_L06_001285,0.0,0.0,0,0,L06_001285,LEGITIMATE_TRANSFER_CASHOUT,NONE,1,2,CASH_OUT,1,0.47626079866849447,0.042520411335719294,0.026892582524360113,17603.78,205502.07
L06_002571,322,TRANSFER,12619.48,C524261807,86055.02,73435.54000000001,C1954106567,4599692.94,4612312.420000001,0,0,L06_001286,LEGITIMATE_TRANSFER_CASHOUT,NONE,1,1,TRANSFER,0,0.27692694851797506,0.14664432127259977,0.0007576828457773898,16114.15,
L06_002572,323,CASH_OUT,3494.67,C1954106567,4612312.420000001,0.0,CASHOUT_L06_001286,0.0,0.0,0,0,L06_001286,LEGITIMATE_TRANSFER_CASHOUT,NONE,1,2,CASH_OUT,1,0.27692694851797506,0.14664432127259977,0.0007576828457773898,16114.15,4608817.750000001
L06_002573,158,TRANSFER,10292.6,C1015890891,91954.0,81661.4,C234655084,531936.17,542228.77,0,0,L06_001287,LEGITIMATE_TRANSFER_CASHOUT,NONE,1,1,TRANSFER,0,0.6321303375404839,0.11193205298301324,0.011999105100970573,16798.86,
L06_002574,163,CASH_OUT,6506.26,C234655084,542228.77,0.0,CASHOUT_L06_001287,0.0,0.0,0,0,L06_001287,LEGITIMATE_TRANSFER_CASHOUT,NONE,1,2,CASH_OUT,5,0.6321303375404839,0.11193205298301324,0.011999105100970573,16798.86,535722.51
L06_002575,236,TRANSFER,12323.91,C1488134947,162296.0,149972.09,C613605217,306900.99,319224.89999999997,0,0,L06_001288,LEGITIMATE_TRANSFER_CASHOUT,NONE,1,1,TRANSFER,0,0.41859510751789253,0.07593477350027111,0.016160174221998346,17482.64,
L06_002576,239,CASH_OUT,5158.73,C613605217,319224.89999999997,0.0,CASHOUT_L06_001288,0.0,0.0,0,0,L06_001288,LEGITIMATE_TRANSFER_CASHOUT,NONE,1,2,CASH_OUT,3,0.41859510751789253,0.07593477350027111,0.016160174221998346,17482.64,314066.17
L06_002577,403,TRANSFER,17742.94,C1576713395,119397.0,101654.06,C1044006420,0.0,17742.94,0,0,L06_001289,LEGITIMATE_TRANSFER_CASHOUT,NONE,1,1,TRANSFER,0,0.38379887876387686,0.1486045713041366,0.3837988518250076,24552.66,
L06_002578,405,CASH_OUT,6809.72,C1044006420,17742.94,0.0,CASHOUT_L06_001289,0.0,0.0,0,0,L06_001289,LEGITIMATE_TRANSFER_CASHOUT,NONE,1,2,CASH_OUT,2,0.38379887876387686,0.1486045713041366,0.3837988518250076,24552.66,10933.219999999998
L06_002579,211,TRANSFER,13959.23,C186958765,96586.71,82627.48000000001,C941250063,2082563.08,2096522.31,0,0,L06_001290,LEGITIMATE_TRANSFER_CASHOUT,NONE,1,1,TRANSFER,0,0.4847320168374123,0.1445253700017321,0.0032274829453162366,20725.72,
L06_002580,216,CASH_OUT,6766.49,C941250063,2096522.31,0.0,CASHOUT_L06_001290,0.0,0.0,0,0,L06_001290,LEGITIMATE_TRANSFER_CASHOUT,NONE,1,2,CASH_OUT,5,0.4847320168374123,0.1445253700017321,0.0032274829453162366,20725.72,2089755.82
L06_002581,545,TRANSFER,14781.2,C341261369,174783.97,160002.77,C305362457,4175702.69,4190483.89,0,0,L06_001291,LEGITIMATE_TRANSFER_CASHOUT,NONE,1,1,TRANSFER,0,0.27004335496750526,0.08456839606057695,0.0009525296134714409,18772.760000000002,
L06_002582,548,CASH_OUT,3991.56,C305362457,4190483.89,0.0,CASHOUT_L06_001291,0.0,0.0,0,0,L06_001291,LEGITIMATE_TRANSFER_CASHOUT,NONE,1,2,CASH_OUT,3,0.27004335496750526,0.08456839606057695,0.0009525296134714409,18772.760000000002,4186492.33
L06_002583,281,TRANSFER,16917.49,C222996040,402535.0,385617.51,C39802756,0.0,16917.49,0,0,L06_001292,LEGITIMATE_TRANSFER_CASHOUT,NONE,1,1,TRANSFER,0,0.23385079771417797,0.04202737650142224,0.23385088449882338,20873.660000000003,
L06_002584,284,CASH_OUT,3956.17,C39802756,16917.49,0.0,CASHOUT_L06_001292,0.0,0.0,0,0,L06_001292,LEGITIMATE_TRANSFER_CASHOUT,NONE,1,2,CASH_OUT,3,0.23385079771417797,0.04202737650142224,0.23385088449882338,20873.660000000003,12961.320000000002
L06_002585,185,TRANSFER,10925.39,C2134089857,90119.0,79193.61,C176634708,201597.19,212522.58000000002,0,0,L06_001293,LEGITIMATE_TRANSFER_CASHOUT,NONE,1,1,TRANSFER,0,0.4694906820736841,0.12123292535425381,0.024135647139235744,16054.759999999998,
L06_002586,190,CASH_OUT,5129.37,C176634708,212522.58000000002,0.0,CASHOUT_L06_001293,0.0,0.0,0,0,L06_001293,LEGITIMATE_TRANSFER_CASHOUT,NONE,1,2,CASH_OUT,5,0.4694906820736841,0.12123292535425381,0.024135647139235744,16054.759999999998,207393.21000000002
L06_002587,282,TRANSFER,13485.29,C47645291,94934.01,81448.72,C1818417613,4019820.33,4033305.62,0,0,L06_001294,LEGITIMATE_TRANSFER_CASHOUT,NONE,1,1,TRANSFER,0,0.6263773277038267,0.14204909283827788,0.0020942821585635254,21932.17,
L06_002588,283,CASH_OUT,8446.88,C1818417613,4033305.62,0.0,CASHOUT_L06_001294,0.0,0.0,0,0,L06_001294,LEGITIMATE_TRANSFER_CASHOUT,NONE,1,2,CASH_OUT,1,0.6263773277038267,0.14204909283827788,0.0020942821585635254,21932.17,4024858.74
L06_002589,16,TRANSFER,10245.76,C197456024,68449.0,58203.24,C1205105027,74985.0,85230.76,0,0,L06_001295,LEGITIMATE_TRANSFER_CASHOUT,NONE,1,1,TRANSFER,0,0.5214115963537623,0.14968458268199683,0.06267995263681798,15588.02,
L06_002590,17,CASH_OUT,5342.26,C1205105027,85230.76,0.0,CASHOUT_L06_001295,0.0,0.0,0,0,L06_001295,LEGITIMATE_TRANSFER_CASHOUT,NONE,1,2,CASH_OUT,1,0.5214115963537623,0.14968458268199683,0.06267995263681798,15588.02,79888.5
L06_002591,379,TRANSFER,31986.35,C2056851500,409410.0,377423.65,C953018341,32101.82,64088.17,0,0,L06_001296,LEGITIMATE_TRANSFER_CASHOUT,NONE,1,1,TRANSFER,0,0.4003280222118557,0.07812791578124618,0.19980333343891707,44791.38,
L06_002592,382,CASH_OUT,12805.03,C953018341,64088.17,251188.52,CASHOUT_L06_001296,0.0,0.0,0,0,L06_001296,LEGITIMATE_TRANSFER_CASHOUT,NONE,1,2,CASH_OUT,3,0.4003280222118557,0.07812791578124618,0.19980333343891707,44791.38,51283.14
L06_002593,357,TRANSFER,9394.83,C276280310,82040.0,72645.17,C1869397719,0.0,9394.83,0,0,L06_001297,LEGITIMATE_TRANSFER_CASHOUT,NONE,1,1,TRANSFER,0,0.5973352090620505,0.11451523647001463,0.5973349171831741,15006.689999999999,
L06_002594,361,CASH_OUT,5611.86,C1869397719,9394.83,0.0,CASHOUT_L06_001297,0.0,0.0,0,0,L06_001297,LEGITIMATE_TRANSFER_CASHOUT,NONE,1,2,CASH_OUT,4,0.5973352090620505,0.11451523647001463,0.5973349171831741,15006.689999999999,3782.9700000000003
L06_002595,210,TRANSFER,34808.25,C996521231,266007.44,231199.19,C1413597807,2497324.29,2532132.54,0,0,L06_001298,LEGITIMATE_TRANSFER_CASHOUT,NONE,1,1,TRANSFER,0,0.46702221688888207,0.13085442271840217,0.006419975946440781,51064.479999999996,
L06_002596,215,CASH_OUT,16256.23,C1413597807,2532132.54,212193.05,CASHOUT_L06_001298,0.0,0.0,0,0,L06_001298,LEGITIMATE_TRANSFER_CASHOUT,NONE,1,2,CASH_OUT,5,0.46702221688888207,0.13085442271840217,0.006419975946440781,51064.479999999996,2515876.31
L06_002597,299,TRANSFER,24671.71,C799998366,239211.35,214539.64,C1063361489,6490332.96,6515004.67,0,0,L06_001299,LEGITIMATE_TRANSFER_CASHOUT,NONE,1,1,TRANSFER,0,0.6436998378592937,0.10313770646752338,0.0024376314069472493,40552.89,
L06_002598,303,CASH_OUT,15881.18,C1063361489,6515004.67,0.0,CASHOUT_L06_001299,0.0,0.0,0,0,L06_001299,LEGITIMATE_TRANSFER_CASHOUT,NONE,1,2,CASH_OUT,4,0.6436998378592937,0.10313770646752338,0.0024376314069472493,40552.89,6499123.49
L06_002599,273,TRANSFER,30165.25,C1466901097,204570.0,174404.75,C1732317274,190263.8,220429.05,0,0,L06_001300,LEGITIMATE_TRANSFER_CASHOUT,NONE,1,1,TRANSFER,0,0.3801435421423449,0.14745686073226769,0.05202181835833345,41632.37,
L06_002600,276,CASH_OUT,11467.12,C1732317274,220429.05,0.0,CASHOUT_L06_001300,0.0,0.0,0,0,L06_001300,LEGITIMATE_TRANSFER_CASHOUT,NONE,1,2,CASH_OUT,3,0.3801435421423449,0.14745686073226769,0.05202181835833345,41632.37,208961.93
L06_002601,351,TRANSFER,9717.79,C1694756641,107668.0,97950.20999999999,C1383862007,3729927.73,3739645.52,0,0,L06_001301,LEGITIMATE_TRANSFER_CASHOUT,NONE,1,1,TRANSFER,0,0.3307699482963219,0.09025699372143998,0.0008595333388711131,12932.140000000001,
L06_002602,355,CASH_OUT,3214.35,C1383862007,3739645.52,0.0,CASHOUT_L06_001301,0.0,0.0,0,0,L06_001301,LEGITIMATE_TRANSFER_CASHOUT,NONE,1,2,CASH_OUT,4,0.3307699482963219,0.09025699372143998,0.0008595333388711131,12932.140000000001,3736431.17
L06_002603,592,TRANSFER,34746.01,C178252307,233946.94,199200.93,C1663099604,1053443.82,1088189.83,0,0,L06_001302,LEGITIMATE_TRANSFER_CASHOUT,NONE,1,1,TRANSFER,0,0.33688967797771907,0.14852089965357101,0.0107569191305528,46451.58,
L06_002604,593,CASH_OUT,11705.57,C1663099604,1088189.83,0.0,CASHOUT_L06_001302,0.0,0.0,0,0,L06_001302,LEGITIMATE_TRANSFER_CASHOUT,NONE,1,2,CASH_OUT,1,0.33688967797771907,0.14852089965357101,0.0107569191305528,46451.58,1076484.26
L06_002605,252,TRANSFER,9779.61,C740444515,67379.85,57600.240000000005,C2008627624,5153879.26,5163658.87,0,0,L06_001303,LEGITIMATE_TRANSFER_CASHOUT,NONE,1,1,TRANSFER,0,0.3167938866674599,0.1451414629151,0.0005999854130565367,12877.73,
L06_002606,256,CASH_OUT,3098.12,C2008627624,5163658.87,0.0,CASHOUT_L06_001303,0.0,0.0,0,0,L06_001303,LEGITIMATE_TRANSFER_CASHOUT,NONE,1,2,CASH_OUT,4,0.3167938866674599,0.1451414629151,0.0005999854130565367,12877.73,5160560.75
L06_002607,11,TRANSFER,11963.66,C168476353,105318.0,93354.34,C1943511242,54598.41,66562.07,0,0,L06_001304,LEGITIMATE_TRANSFER_CASHOUT,NONE,1,1,TRANSFER,0,0.4736876038414172,0.11359558669932965,0.08513917911507259,17630.7,
L06_002608,14,CASH_OUT,5667.04,C1943511242,66562.07,0.0,CASHOUT_L06_001304,0.0,0.0,0,0,L06_001304,LEGITIMATE_TRANSFER_CASHOUT,NONE,1,2,CASH_OUT,3,0.4736876038414172,0.11359558669932965,0.08513917911507259,17630.7,60895.030000000006
L06_002609,39,TRANSFER,40800.98,C1430501506,854274.0,813473.02,C592991487,268452.92,309253.89999999997,0,0,L06_001305,LEGITIMATE_TRANSFER_CASHOUT,NONE,1,1,TRANSFER,0,0.3135203896590941,0.047760999398319515,0.041363876090164106,53592.920000000006,
L06_002610,44,CASH_OUT,12791.94,C592991487,309253.89999999997,418791.94,CASHOUT_L06_001305,0.0,0.0,0,0,L06_001305,LEGITIMATE_TRANSFER_CASHOUT,NONE,1,2,CASH_OUT,5,0.3135203896590941,0.047760999398319515,0.041363876090164106,53592.920000000006,296461.95999999996
L06_002611,13,TRANSFER,42557.09,C1693567430,1534084.39,1491527.2999999998,C483474087,325777.25,368334.33999999997,0,0,L06_001306,LEGITIMATE_TRANSFER_CASHOUT,NONE,1,1,TRANSFER,0,0.3874741365332013,0.027741035810943882,0.04476848398115691,59046.86,
L06_002612,14,CASH_OUT,16489.77,C483474087,368334.33999999997,1080503.01,CASHOUT_L06_001306,0.0,0.0,0,0,L06_001306,LEGITIMATE_TRANSFER_CASHOUT,NONE,1,2,CASH_OUT,1,0.3874741365332013,0.027741035810943882,0.04476848398115691,59046.86,351844.56999999995
L06_002613,375,TRANSFER,9448.95,C1661892462,78247.0,68798.05,C1251974680,1186284.54,1195733.49,0,0,L06_001307,LEGITIMATE_TRANSFER_CASHOUT,NONE,1,1,TRANSFER,0,0.6463765317140647,0.12075798433166768,0.005107810436922696,15556.53,
L06_002614,380,CASH_OUT,6107.58,C1251974680,1195733.49,0.0,CASHOUT_L06_001307,0.0,0.0,0,0,L06_001307,LEGITIMATE_TRANSFER_CASHOUT,NONE,1,2,CASH_OUT,5,0.6463765317140647,0.12075798433166768,0.005107810436922696,15556.53,1189625.91
L06_002615,8,TRANSFER,8697.45,C421568677,59000.0,50302.55,C1304345230,51616.0,60313.45,0,0,L06_001308,LEGITIMATE_TRANSFER_CASHOUT,NONE,1,1,TRANSFER,0,0.21447340730979855,0.14741440677966103,0.030927927352854132,10562.82,
L06_002616,12,CASH_OUT,1865.37,C1304345230,60313.45,0.0,CASHOUT_L06_001308,0.0,0.0,0,0,L06_001308,LEGITIMATE_TRANSFER_CASHOUT,NONE,1,2,CASH_OUT,4,0.21447340730979855,0.14741440677966103,0.030927927352854132,10562.82,58448.079999999994
L06_002617,44,TRANSFER,10759.6,C357539078,76425.0,65665.4,C366636126,179320.82,190080.42,0,0,L06_001309,LEGITIMATE_TRANSFER_CASHOUT,NONE,1,1,TRANSFER,0,0.39965009864419443,0.14078639188747138,0.022622424761056397,15059.68,
L06_002618,49,CASH_OUT,4300.08,C366636126,190080.42,37870.27,CASHOUT_L06_001309,0.0,0.0,0,0,L06_001309,LEGITIMATE_TRANSFER_CASHOUT,NONE,1,2,CASH_OUT,5,0.39965009864419443,0.14078639188747138,0.022622424761056397,15059.68,185780.34000000003
L06_002619,21,TRANSFER,29980.62,C948961538,399260.0,369279.38,C791486868,257603.35,287583.97000000003,0,0,L06_001310,LEGITIMATE_TRANSFER_CASHOUT,NONE,1,1,TRANSFER,0,0.40742786983199375,0.07509046736462455,0.042474342363379984,42195.56,
L06_002620,25,CASH_OUT,12214.94,C791486868,287583.97000000003,140300.9,CASHOUT_L06_001310,0.0,0.0,0,0,L06_001310,LEGITIMATE_TRANSFER_CASHOUT,NONE,1,2,CASH_OUT,4,0.40742786983199375,0.07509046736462455,0.042474342363379984,42195.56,275369.03
L06_002621,356,TRANSFER,42318.87,C1863010246,395026.03,352707.16000000003,C2047192561,384387.22,426706.08999999997,0,0,L06_001311,LEGITIMATE_TRANSFER_CASHOUT,NONE,1,1,TRANSFER,0,0.49282548460044134,0.10712932006025021,0.048876312030137654,63174.69,
L06_002622,359,CASH_OUT,20855.82,C2047192561,426706.08999999997,273345.42,CASHOUT_L06_001311,0.0,0.0,0,0,L06_001311,LEGITIMATE_TRANSFER_CASHOUT,NONE,1,2,CASH_OUT,3,0.49282548460044134,0.10712932006025021,0.048876312030137654,63174.69,405850.26999999996
L06_002623,283,TRANSFER,42356.81,C1047019670,395751.02,353394.21,C363202087,3962627.5,4004984.31,0,0,L06_001312,LEGITIMATE_TRANSFER_CASHOUT,NONE,1,1,TRANSFER,0,0.3965375404089234,0.1070289345053362,0.004193791710509847,59152.88,
L06_002624,285,CASH_OUT,16796.07,C363202087,4004984.31,184927.86,CASHOUT_L06_001312,0.0,0.0,0,0,L06_001312,LEGITIMATE_TRANSFER_CASHOUT,NONE,1,2,CASH_OUT,2,0.3965375404089234,0.1070289345053362,0.004193791710509847,59152.88,3988188.24
L06_002625,204,TRANSFER,9904.45,C1137767800,69834.0,59929.55,C1146263984,411422.52,421326.97000000003,0,0,L06_001313,LEGITIMATE_TRANSFER_CASHOUT,NONE,1,1,TRANSFER,0,0.2968166288736171,0.14182847896440132,0.006977502532059601,12844.26,
L06_002626,205,CASH_OUT,2939.81,C1146263984,421326.97000000003,0.0,CASHOUT_L06_001313,0.0,0.0,0,0,L06_001313,LEGITIMATE_TRANSFER_CASHOUT,NONE,1,2,CASH_OUT,1,0.2968166288736171,0.14182847896440132,0.006977502532059601,12844.26,418387.16000000003
L06_002627,329,TRANSFER,19371.02,C1527703527,156492.59,137121.57,C1103002671,189921.08,209292.09999999998,0,0,L06_001314,LEGITIMATE_TRANSFER_CASHOUT,NONE,1,1,TRANSFER,0,0.4323999712330774,0.12378234649960104,0.04002076523671941,27747.050000000003,
L06_002628,332,CASH_OUT,8376.03,C1103002671,209292.09999999998,150657.19,CASHOUT_L06_001314,0.0,0.0,0,0,L06_001314,LEGITIMATE_TRANSFER_CASHOUT,NONE,1,2,CASH_OUT,3,0.4323999712330774,0.12378234649960104,0.04002076523671941,27747.050000000003,200916.06999999998
L06_002629,141,TRANSFER,8971.83,C1251872259,62858.0,53886.17,C84024472,0.0,8971.83,0,0,L06_001315,LEGITIMATE_TRANSFER_CASHOUT,NONE,1,1,TRANSFER,0,0.2288159160041086,0.1427317127493716,0.22881619468937778,11024.73,
L06_002630,143,CASH_OUT,2052.9,C84024472,8971.83,0.0,CASHOUT_L06_001315,0.0,0.0,0,0,L06_001315,LEGITIMATE_TRANSFER_CASHOUT,NONE,1,2,CASH_OUT,2,0.2288159160041086,0.1427317127493716,0.22881619468937778,11024.73,6918.93
L06_002631,228,TRANSFER,8732.94,C191952951,764233.7,755500.76,C175569291,1444305.71,1453038.65,0,0,L06_001316,LEGITIMATE_TRANSFER_CASHOUT,NONE,1,1,TRANSFER,0,0.6206336242503482,0.011427054315976907,0.0037300866016193035,14152.900000000001,
L06_002632,231,CASH_OUT,5419.96,C175569291,1453038.65,0.0,CASHOUT_L06_001316,0.0,0.0,0,0,L06_001316,LEGITIMATE_TRANSFER_CASHOUT,NONE,1,2,CASH_OUT,3,0.6206336242503482,0.011427054315976907,0.0037300866016193035,14152.900000000001,1447618.69
L06_002633,400,TRANSFER,9950.14,C307381725,70966.0,61015.86,C910496190,0.0,9950.14,0,0,L06_001317,LEGITIMATE_TRANSFER_CASHOUT,NONE,1,1,TRANSFER,0,0.5342236182026379,0.1402099596990108,0.5342236390643751,15265.74,
L06_002634,405,CASH_OUT,5315.6,C910496190,9950.14,0.0,CASHOUT_L06_001317,0.0,0.0,0,0,L06_001317,LEGITIMATE_TRANSFER_CASHOUT,NONE,1,2,CASH_OUT,5,0.5342236182026379,0.1402099596990108,0.5342236390643751,15265.74,4634.539999999999
L06_002635,187,TRANSFER,25491.95,C1197232420,203290.0,177798.05,C1003528765,4014883.46,4040375.41,0,0,L06_001318,LEGITIMATE_TRANSFER_CASHOUT,NONE,1,1,TRANSFER,0,0.4049089685741466,0.12539696984603277,0.00255469330262061,35813.87,
L06_002636,190,CASH_OUT,10321.92,C1003528765,4040375.41,0.0,CASHOUT_L06_001318,0.0,0.0,0,0,L06_001318,LEGITIMATE_TRANSFER_CASHOUT,NONE,1,2,CASH_OUT,3,0.4049089685741466,0.12539696984603277,0.00255469330262061,35813.87,4030053.49
L06_002637,130,TRANSFER,10677.26,C66680740,72170.0,61492.74,C2103896065,0.0,10677.26,0,0,L06_001319,LEGITIMATE_TRANSFER_CASHOUT,NONE,1,1,TRANSFER,0,0.6407358856662948,0.14794596092559237,0.6407355445123561,17518.56,
L06_002638,134,CASH_OUT,6841.3,C2103896065,10677.26,0.0,CASHOUT_L06_001319,0.0,0.0,0,0,L06_001319,LEGITIMATE_TRANSFER_CASHOUT,NONE,1,2,CASH_OUT,4,0.6407358856662948,0.14794596092559237,0.6407355445123561,17518.56,3835.96
L06_002639,259,TRANSFER,16240.13,C1255365917,305110.97,288870.83999999997,C1153049441,1013005.39,1029245.52,0,0,L06_001320,LEGITIMATE_TRANSFER_CASHOUT,NONE,1,1,TRANSFER,0,0.30900685328001976,0.05322696198042306,0.004875717117525078,21258.44,
L06_002640,261,CASH_OUT,5018.31,C1153049441,1029245.52,13696.32,CASHOUT_L06_001320,0.0,0.0,0,0,L06_001320,LEGITIMATE_TRANSFER_CASHOUT,NONE,1,2,CASH_OUT,2,0.30900685328001976,0.05322696198042306,0.004875717117525078,21258.44,1024227.21
L06_002641,18,TRANSFER,16990.82,C999811945,127371.0,110380.18,C110753720,230664.65,247655.47,0,0,L06_001321,LEGITIMATE_TRANSFER_CASHOUT,NONE,1,1,TRANSFER,0,0.5481851812144809,0.1333962990005574,0.03760918343535881,26304.940000000002,
L06_002642,20,CASH_OUT,9314.12,C110753720,247655.47,0.0,CASHOUT_L06_001321,0.0,0.0,0,0,L06_001321,LEGITIMATE_TRANSFER_CASHOUT,NONE,1,2,CASH_OUT,2,0.5481851812144809,0.1333962990005574,0.03760918343535881,26304.940000000002,238341.35
L06_002643,283,TRANSFER,8819.37,C975496586,66886.0,58066.63,C408289439,0.0,8819.37,0,0,L06_001322,LEGITIMATE_TRANSFER_CASHOUT,NONE,1,1,TRANSFER,0,0.5886553750963661,0.13185674132105374,0.5886554255009144,14010.94,
L06_002644,285,CASH_OUT,5191.57,C408289439,8819.37,0.0,CASHOUT_L06_001322,0.0,0.0,0,0,L06_001322,LEGITIMATE_TRANSFER_CASHOUT,NONE,1,2,CASH_OUT,2,0.5886553750963661,0.13185674132105374,0.5886554255009144,14010.94,3627.800000000001
L06_002645,15,TRANSFER,18276.56,C1066116368,182031.73,163755.17,C814408370,739895.88,758172.4400000001,0,0,L06_001323,LEGITIMATE_TRANSFER_CASHOUT,NONE,1,1,TRANSFER,0,0.4530221317836817,0.10040315498841877,0.010920589516548505,26556.25,
L06_002646,18,CASH_OUT,8279.69,C814408370,758172.4400000001,119847.84,CASHOUT_L06_001323,0.0,0.0,0,0,L06_001323,LEGITIMATE_TRANSFER_CASHOUT,NONE,1,2,CASH_OUT,3,0.4530221317836817,0.10040315498841877,0.010920589516548505,26556.25,749892.7500000001
L06_002647,331,TRANSFER,13325.26,C2084860346,120389.0,107063.74,C948905132,21215.09,34540.35,0,0,L06_001324,LEGITIMATE_TRANSFER_CASHOUT,NONE,1,1,TRANSFER,0,0.3407775494416997,0.1106850293631478,0.13146797875528188,17866.21,
L06_002648,333,CASH_OUT,4540.95,C948905132,34540.35,0.0,CASHOUT_L06_001324,0.0,0.0,0,0,L06_001324,LEGITIMATE_TRANSFER_CASHOUT,NONE,1,2,CASH_OUT,2,0.3407775494416997,0.1106850293631478,0.13146797875528188,17866.21,29999.399999999998
L06_002649,180,TRANSFER,15352.22,C1386071512,298265.0,282912.78,C681194231,0.0,15352.22,0,0,L06_001325,LEGITIMATE_TRANSFER_CASHOUT,NONE,1,1,TRANSFER,0,0.43007704101304056,0.051471744924815176,0.4300772135886537,21954.86,
L06_002650,185,CASH_OUT,6602.64,C681194231,15352.22,0.0,CASHOUT_L06_001325,0.0,0.0,0,0,L06_001325,LEGITIMATE_TRANSFER_CASHOUT,NONE,1,2,CASH_OUT,5,0.43007704101304056,0.051471744924815176,0.4300772135886537,21954.86,8749.579999999998
L06_002651,306,TRANSFER,63659.5,C2058235068,529065.0,465405.5,C107133875,307204.17,370863.67,0,0,L06_001326,LEGITIMATE_TRANSFER_CASHOUT,NONE,1,1,TRANSFER,0,0.27944824401789675,0.12032453479251132,0.04796786916335052,81449.04000000001,
L06_002652,309,CASH_OUT,17789.54,C107133875,370863.67,385045.39,CASHOUT_L06_001326,0.0,0.0,0,0,L06_001326,LEGITIMATE_TRANSFER_CASHOUT,NONE,1,2,CASH_OUT,3,0.27944824401789675,0.12032453479251132,0.04796786916335052,81449.04000000001,353074.13
L06_002653,132,TRANSFER,9122.7,C1556529169,63626.8,54504.100000000006,C68380121,2592034.92,2601157.62,0,0,L06_001327,LEGITIMATE_TRANSFER_CASHOUT,NONE,1,1,TRANSFER,0,0.22212571957860272,0.14337826199023054,0.0007790339133696943,11149.09,
L06_002654,136,CASH_OUT,2026.39,C68380121,2601157.62,0.0,CASHOUT_L06_001327,0.0,0.0,0,0,L06_001327,LEGITIMATE_TRANSFER_CASHOUT,NONE,1,2,CASH_OUT,4,0.22212571957860272,0.14337826199023054,0.0007790339133696943,11149.09,2599131.23
L06_002655,228,TRANSFER,14740.3,C2083158477,100301.0,85560.7,C1135466113,0.0,14740.3,0,0,L06_001328,LEGITIMATE_TRANSFER_CASHOUT,NONE,1,1,TRANSFER,0,0.5607497149722258,0.146960648448171,0.5607497812120514,23005.92,
L06_002656,229,CASH_OUT,8265.62,C1135466113,14740.3,0.0,CASHOUT_L06_001328,0.0,0.0,0,0,L06_001328,LEGITIMATE_TRANSFER_CASHOUT,NONE,1,2,CASH_OUT,1,0.5607497149722258,0.146960648448171,0.5607497812120514,23005.92,6474.6799999999985
L06_002657,236,TRANSFER,15825.89,C810301573,117268.0,101442.11,C616693586,0.0,15825.89,0,0,L06_001329,LEGITIMATE_TRANSFER_CASHOUT,NONE,1,1,TRANSFER,0,0.6169794018113062,0.1349548896544667,0.6169795190033547,25590.14,
L06_002658,240,CASH_OUT,9764.25,C616693586,15825.89,67482.15,CASHOUT_L06_001329,0.0,0.0,0,0,L06_001329,LEGITIMATE_TRANSFER_CASHOUT,NONE,1,2,CASH_OUT,4,0.6169794018113062,0.1349548896544667,0.6169795190033547,25590.14,6061.639999999999
L06_002659,210,TRANSFER,53850.75,C1568607821,710821.61,656970.86,C558454830,0.0,53850.75,0,0,L06_001330,LEGITIMATE_TRANSFER_CASHOUT,NONE,1,1,TRANSFER,0,0.5336990549683194,0.07575845928488302,0.5336989735519004,82590.84,
L06_002660,215,CASH_OUT,28740.09,C558454830,53850.75,363869.8,CASHOUT_L06_001330,0.0,0.0,0,0,L06_001330,LEGITIMATE_TRANSFER_CASHOUT,NONE,1,2,CASH_OUT,5,0.5336990549683194,0.07575845928488302,0.5336989735519004,82590.84,25110.66
L06_002661,208,TRANSFER,16167.13,C926565867,283468.0,267300.87,C1715716648,1887996.05,1904163.18,0,0,L06_001331,LEGITIMATE_TRANSFER_CASHOUT,NONE,1,1,TRANSFER,0,0.43297837283878476,0.057033351207190934,0.003676166031106641,23167.15,
L06_002662,213,CASH_OUT,7000.02,C1715716648,1904163.18,206129.39,CASHOUT_L06_001331,0.0,0.0,0,0,L06_001331,LEGITIMATE_TRANSFER_CASHOUT,NONE,1,2,CASH_OUT,5,0.43297837283878476,0.057033351207190934,0.003676166031106641,23167.15,1897163.16
L06_002663,129,TRANSFER,8723.18,C161352780,66862.0,58138.82,C1200264097,474938.96,483662.14,0,0,L06_001332,LEGITIMATE_TRANSFER_CASHOUT,NONE,1,1,TRANSFER,0,0.31186340504194177,0.13046543627172386,0.005624670146809506,11443.62,
L06_002664,134,CASH_OUT,2720.44,C1200264097,483662.14,0.0,CASHOUT_L06_001332,0.0,0.0,0,0,L06_001332,LEGITIMATE_TRANSFER_CASHOUT,NONE,1,2,CASH_OUT,5,0.31186340504194177,0.13046543627172386,0.005624670146809506,11443.62,480941.7
L06_002665,154,TRANSFER,10682.72,C1173549942,121819.0,111136.28,C1474719816,311217.85,321900.56999999995,0,0,L06_001333,LEGITIMATE_TRANSFER_CASHOUT,NONE,1,1,TRANSFER,0,0.540459451268826,0.08769338116385784,0.01793591107962313,16456.3,
L06_002666,159,CASH_OUT,5773.58,C1474719816,321900.56999999995,0.0,CASHOUT_L06_001333,0.0,0.0,0,0,L06_001333,LEGITIMATE_TRANSFER_CASHOUT,NONE,1,2,CASH_OUT,5,0.540459451268826,0.08769338116385784,0.01793591107962313,16456.3,316126.98999999993
L06_002667,254,TRANSFER,9844.53,C218556693,127202.0,117357.47,C1712371040,217276.63,227121.16,0,0,L06_001334,LEGITIMATE_TRANSFER_CASHOUT,NONE,1,1,TRANSFER,0,0.26836245417536625,0.07739288690429397,0.011632117412573976,12486.43,
L06_002668,259,CASH_OUT,2641.9,C1712371040,227121.16,6113.56,CASHOUT_L06_001334,0.0,0.0,0,0,L06_001334,LEGITIMATE_TRANSFER_CASHOUT,NONE,1,2,CASH_OUT,5,0.26836245417536625,0.07739288690429397,0.011632117412573976,12486.43,224479.26
L06_002669,394,TRANSFER,8998.04,C1477304244,156382.0,147383.96,C664839482,400477.53,409475.57,0,0,L06_001335,LEGITIMATE_TRANSFER_CASHOUT,NONE,1,1,TRANSFER,0,0.38362054268293133,0.057538847181900735,0.008429880200178975,12449.87,
L06_002670,399,CASH_OUT,3451.83,C664839482,409475.57,0.0,CASHOUT_L06_001335,0.0,0.0,0,0,L06_001335,LEGITIMATE_TRANSFER_CASHOUT,NONE,1,2,CASH_OUT,5,0.38362054268293133,0.057538847181900735,0.008429880200178975,12449.87,406023.74
L06_002671,228,TRANSFER,28013.96,C392788831,337708.7,309694.74,C1136189635,2318035.73,2346049.69,0,0,L06_001336,LEGITIMATE_TRANSFER_CASHOUT,NONE,1,1,TRANSFER,0,0.33994584011087137,0.08295303022989932,0.004059261847944917,37537.19,
L06_002672,231,CASH_OUT,9523.23,C1136189635,2346049.69,0.0,CASHOUT_L06_001336,0.0,0.0,0,0,L06_001336,LEGITIMATE_TRANSFER_CASHOUT,NONE,1,2,CASH_OUT,3,0.33994584011087137,0.08295303022989932,0.004059261847944917,37537.19,2336526.46
L06_002673,249,TRANSFER,15118.76,C1668895946,151014.74,135895.97999999998,C1643016733,1009682.69,1024801.45,0,0,L06_001337,LEGITIMATE_TRANSFER_CASHOUT,NONE,1,1,TRANSFER,0,0.36577572021231436,0.10011446564752555,0.005396245292197821,20648.84,
L06_002674,254,CASH_OUT,5530.08,C1643016733,1024801.45,0.0,CASHOUT_L06_001337,0.0,0.0,0,0,L06_001337,LEGITIMATE_TRANSFER_CASHOUT,NONE,1,2,CASH_OUT,5,0.36577572021231436,0.10011446564752555,0.005396245292197821,20648.84,1019271.37
L06_002675,399,TRANSFER,23620.48,C1924620935,264735.26,241114.78,C230402848,7397111.37,7420731.850000001,0,0,L06_001338,LEGITIMATE_TRANSFER_CASHOUT,NONE,1,1,TRANSFER,0,0.26982194999353226,0.08922302227515896,0.000858853294907833,29993.8,
L06_002676,400,CASH_OUT,6373.32,C230402848,7420731.850000001,0.0,CASHOUT_L06_001338,0.0,0.0,0,0,L06_001338,LEGITIMATE_TRANSFER_CASHOUT,NONE,1,2,CASH_OUT,1,0.26982194999353226,0.08922302227515896,0.000858853294907833,29993.8,7414358.53
L06_002677,164,TRANSFER,8823.32,C1419451970,77327.0,68503.68,C423093419,2689892.81,2698716.13,0,0,L06_001339,LEGITIMATE_TRANSFER_CASHOUT,NONE,1,1,TRANSFER,0,0.5581604880478859,0.11410399989654325,0.0018248788545240585,13748.15,
L06_002678,168,CASH_OUT,4924.83,C423093419,2698716.13,0.0,CASHOUT_L06_001339,0.0,0.0,0,0,L06_001339,LEGITIMATE_TRANSFER_CASHOUT,NONE,1,2,CASH_OUT,4,0.5581604880478859,0.11410399989654325,0.0018248788545240585,13748.15,2693791.3
L06_002679,566,TRANSFER,23014.64,C1194736468,262604.2,239589.56,C137363632,737079.63,760094.27,0,0,L06_001340,LEGITIMATE_TRANSFER_CASHOUT,NONE,1,1,TRANSFER,0,0.5779971513288771,0.0876400301289926,0.017500987081510298,36317.04,
L06_002680,571,CASH_OUT,13302.4,C137363632,760094.27,113990.76,CASHOUT_L06_001340,0.0,0.0,0,0,L06_001340,LEGITIMATE_TRANSFER_CASHOUT,NONE,1,2,CASH_OUT,5,0.5779971513288771,0.0876400301289926,0.017500987081510298,36317.04,746791.87
L06_002681,190,TRANSFER,9077.19,C1266007508,61796.0,52718.81,C1033827071,754003.01,763080.2,0,0,L06_001341,LEGITIMATE_TRANSFER_CASHOUT,NONE,1,1,TRANSFER,0,0.5471484807820113,0.14688960450514596,0.006508581928871959,14043.76,
L06_002682,195,CASH_OUT,4966.57,C1033827071,763080.2,0.0,CASHOUT_L06_001341,0.0,0.0,0,0,L06_001341,LEGITIMATE_TRANSFER_CASHOUT,NONE,1,2,CASH_OUT,5,0.5471484807820113,0.14688960450514596,0.006508581928871959,14043.76,758113.63
L06_002683,545,TRANSFER,9078.46,C725758209,61915.0,52836.54,C119346292,449534.68,458613.14,0,0,L06_001342,LEGITIMATE_TRANSFER_CASHOUT,NONE,1,1,TRANSFER,0,0.6090853053299747,0.1466277961721715,0.012057133818712653,14608.02,
L06_002684,550,CASH_OUT,5529.56,C119346292,458613.14,0.0,CASHOUT_L06_001342,0.0,0.0,0,0,L06_001342,LEGITIMATE_TRANSFER_CASHOUT,NONE,1,2,CASH_OUT,5,0.6090853053299747,0.1466277961721715,0.012057133818712653,14608.02,453083.58
L06_002685,405,TRANSFER,11295.78,C1397935357,100864.0,89568.22,C1326601229,286146.74,297442.52,0,0,L06_001343,LEGITIMATE_TRANSFER_CASHOUT,NONE,1,1,TRANSFER,0,0.43132263323478315,0.1119902046319797,0.01638007235818201,16167.91,
L06_002686,409,CASH_OUT,4872.13,C1326601229,297442.52,0.0,CASHOUT_L06_001343,0.0,0.0,0,0,L06_001343,LEGITIMATE_TRANSFER_CASHOUT,NONE,1,2,CASH_OUT,4,0.43132263323478315,0.1119902046319797,0.01638007235818201,16167.91,292570.39
L06_002687,130,TRANSFER,8710.54,C673676040,93594.0,84883.45999999999,C1171449411,294550.28,303260.82,0,0,L06_001344,LEGITIMATE_TRANSFER_CASHOUT,NONE,1,1,TRANSFER,0,0.4031433173835415,0.0930672906382888,0.011579471426608949,12222.140000000001,
L06_002688,133,CASH_OUT,3511.6,C1171449411,303260.82,0.0,CASHOUT_L06_001344,0.0,0.0,0,0,L06_001344,LEGITIMATE_TRANSFER_CASHOUT,NONE,1,2,CASH_OUT,3,0.4031433173835415,0.0930672906382888,0.011579471426608949,12222.140000000001,299749.22000000003
L06_002689,156,TRANSFER,20154.67,C741842968,201468.31,181313.64,C1564931235,3339344.21,3359498.88,0,0,L06_001345,LEGITIMATE_TRANSFER_CASHOUT,NONE,1,1,TRANSFER,0,0.5160488199201415,0.10003890934509749,0.003095934950869816,30555.46,
L06_002690,159,CASH_OUT,10400.79,C1564931235,3359498.88,0.0,CASHOUT_L06_001345,0.0,0.0,0,0,L06_001345,LEGITIMATE_TRANSFER_CASHOUT,NONE,1,2,CASH_OUT,3,0.5160488199201415,0.10003890934509749,0.003095934950869816,30555.46,3349098.09
L06_002691,404,TRANSFER,12017.77,C26159532,81698.9,69681.12999999999,C806418780,397470.25,409488.02,0,0,L06_001346,LEGITIMATE_TRANSFER_CASHOUT,NONE,1,1,TRANSFER,0,0.5701625154257262,0.1470983085451579,0.016733285628234007,18869.85,
L06_002692,408,CASH_OUT,6852.08,C806418780,409488.02,0.0,CASHOUT_L06_001346,0.0,0.0,0,0,L06_001346,LEGITIMATE_TRANSFER_CASHOUT,NONE,1,2,CASH_OUT,4,0.5701625154257262,0.1470983085451579,0.016733285628234007,18869.85,402635.94
L06_002693,38,TRANSFER,15936.94,C320628002,167145.29,151208.35,C1438788330,154298.3,170235.24,0,0,L06_001347,LEGITIMATE_TRANSFER_CASHOUT,NONE,1,1,TRANSFER,0,0.25869122868826216,0.09534782583463763,0.024217958631832046,20059.690000000002,
L06_002694,39,CASH_OUT,4122.75,C1438788330,170235.24,77423.92,CASHOUT_L06_001347,0.0,0.0,0,0,L06_001347,LEGITIMATE_TRANSFER_CASHOUT,NONE,1,2,CASH_OUT,1,0.25869122868826216,0.09534782583463763,0.024217958631832046,20059.690000000002,166112.49
L06_002695,211,TRANSFER,44014.49,C993471906,306370.0,262355.51,C582199029,28297.29,72311.78,0,0,L06_001348,LEGITIMATE_TRANSFER_CASHOUT,NONE,1,1,TRANSFER,0,0.25428162433674917,0.14366449064856218,0.15477533536029675,55206.57,
L06_002696,212,CASH_OUT,11192.08,C582199029,72311.78,203617.2,CASHOUT_L06_001348,0.0,0.0,0,0,L06_001348,LEGITIMATE_TRANSFER_CASHOUT,NONE,1,2,CASH_OUT,1,0.25428162433674917,0.14366449064856218,0.15477533536029675,55206.57,61119.7
L06_002697,308,TRANSFER,13406.79,C51902632,99097.0,85690.20999999999,C897016657,29118.45,42525.240000000005,0,0,L06_001349,LEGITIMATE_TRANSFER_CASHOUT,NONE,1,1,TRANSFER,0,0.25564037030005826,0.13528956476987195,0.08059495960516624,16834.11,
L06_002698,313,CASH_OUT,3427.32,C897016657,42525.240000000005,0.0,CASHOUT_L06_001349,0.0,0.0,0,0,L06_001349,LEGITIMATE_TRANSFER_CASHOUT,NONE,1,2,CASH_OUT,5,0.25564037030005826,0.13528956476987195,0.08059495960516624,16834.11,39097.920000000006
L06_002699,186,TRANSFER,9247.27,C1658002102,63721.0,54473.729999999996,C155304283,168276.0,177523.27,0,0,L06_001350,LEGITIMATE_TRANSFER_CASHOUT,NONE,1,1,TRANSFER,0,0.46069918506819213,0.14512123161908946,0.023998036989742247,13507.48,
L06_002700,188,CASH_OUT,4260.21,C155304283,177523.27,0.0,CASHOUT_L06_001350,0.0,0.0,0,0,L06_001350,LEGITIMATE_TRANSFER_CASHOUT,NONE,1,2,CASH_OUT,2,0.46069918506819213,0.14512123161908946,0.023998036989742247,13507.48,173263.06
L06_002701,379,TRANSFER,11135.8,C907140033,132030.59,120894.79,C617856768,563824.91,574960.7100000001,0,0,L06_001351,LEGITIMATE_TRANSFER_CASHOUT,NONE,1,1,TRANSFER,0,0.4544346608194062,0.08434257545921744,0.008801453581062955,16196.289999999999,
L06_002702,380,CASH_OUT,5060.49,C617856768,574960.7100000001,0.0,CASHOUT_L06_001351,0.0,0.0,0,0,L06_001351,LEGITIMATE_TRANSFER_CASHOUT,NONE,1,2,CASH_OUT,1,0.4544346608194062,0.08434257545921744,0.008801453581062955,16196.289999999999,569900.2200000001
L06_002703,608,TRANSFER,25931.28,C1530689529,209671.2,183739.92,C517425420,396905.92,422837.19999999995,0,0,L06_001352,LEGITIMATE_TRANSFER_CASHOUT,NONE,1,1,TRANSFER,0,0.6196614600902937,0.12367592687980036,0.038001883467206767,41999.89,
L06_002704,613,CASH_OUT,16068.61,C517425420,422837.19999999995,139581.9,CASHOUT_L06_001352,0.0,0.0,0,0,L06_001352,LEGITIMATE_TRANSFER_CASHOUT,NONE,1,2,CASH_OUT,5,0.6196614600902937,0.12367592687980036,0.038001883467206767,41999.89,406768.58999999997
L06_002705,141,TRANSFER,8846.46,C1753789017,77940.25,69093.79000000001,C981988827,2891977.4,2900823.86,0,0,L06_001353,LEGITIMATE_TRANSFER_CASHOUT,NONE,1,1,TRANSFER,0,0.45817137874359226,0.11350310013119022,0.0013972547785097162,12899.65,
L06_002706,144,CASH_OUT,4053.19,C981988827,2900823.86,0.0,CASHOUT_L06_001353,0.0,0.0,0,0,L06_001353,LEGITIMATE_TRANSFER_CASHOUT,NONE,1,2,CASH_OUT,3,0.45817137874359226,0.11350310013119022,0.0013972547785097162,12899.65,2896770.67
L06_002707,37,TRANSFER,69392.32,C1694827909,857531.0,788138.6799999999,C344716138,0.0,69392.32,0,0,L06_001354,LEGITIMATE_TRANSFER_CASHOUT,NONE,1,1,TRANSFER,0,0.5925849319246117,0.08092106291201136,0.5925848854743578,110513.16,
L06_002708,41,CASH_OUT,41120.84,C344716138,69392.32,0.0,CASHOUT_L06_001354,0.0,0.0,0,0,L06_001354,LEGITIMATE_TRANSFER_CASHOUT,NONE,1,2,CASH_OUT,4,0.5925849319246117,0.08092106291201136,0.5925848854743578,110513.16,28271.48000000001
L06_002709,353,TRANSFER,41418.41,C549179786,328398.0,286979.58999999997,C21918833,0.0,41418.41,0,0,L06_001355,LEGITIMATE_TRANSFER_CASHOUT,NONE,1,1,TRANSFER,0,0.27461142008302436,0.12612260123386868,0.2746114590106187,52792.380000000005,
L06_002710,356,CASH_OUT,11373.97,C21918833,41418.41,0.0,CASHOUT_L06_001355,0.0,0.0,0,0,L06_001355,LEGITIMATE_TRANSFER_CASHOUT,NONE,1,2,CASH_OUT,3,0.27461142008302436,0.12612260123386868,0.2746114590106187,52792.380000000005,30044.440000000002
L06_002711,181,TRANSFER,27110.05,C1722097137,380418.94,353308.89,C1675149270,3064431.24,3091541.29,0,0,L06_001356,LEGITIMATE_TRANSFER_CASHOUT,NONE,1,1,TRANSFER,0,0.43216450236720794,0.07126367052071592,0.0037896954628737953,38826.05,
L06_002712,182,CASH_OUT,11716.0,C1675149270,3091541.29,0.0,CASHOUT_L06_001356,0.0,0.0,0,0,L06_001356,LEGITIMATE_TRANSFER_CASHOUT,NONE,1,2,CASH_OUT,1,0.43216450236720794,0.07126367052071592,0.0037896954628737953,38826.05,3079825.29
L06_002713,33,TRANSFER,27162.84,C728922231,288972.85,261810.00999999998,C1296472775,0.0,27162.84,0,0,L06_001357,LEGITIMATE_TRANSFER_CASHOUT,NONE,1,1,TRANSFER,0,0.22558561472952618,0.09399789634216503,0.22558576349159368,33290.39,
L06_002714,36,CASH_OUT,6127.55,C1296472775,27162.84,0.0,CASHOUT_L06_001357,0.0,0.0,0,0,L06_001357,LEGITIMATE_TRANSFER_CASHOUT,NONE,1,2,CASH_OUT,3,0.22558561472952618,0.09399789634216503,0.22558576349159368,33290.39,21035.29
L06_002715,378,TRANSFER,19330.44,C1295224708,148927.18,129596.73999999999,C1099468894,1671479.25,1690809.69,0,0,L06_001358,LEGITIMATE_TRANSFER_CASHOUT,NONE,1,1,TRANSFER,0,0.2502061296164368,0.12979793211689095,0.0028605170816119467,24167.03,
L06_002716,383,CASH_OUT,4836.59,C1099468894,1690809.69,0.0,CASHOUT_L06_001358,0.0,0.0,0,0,L06_001358,LEGITIMATE_TRANSFER_CASHOUT,NONE,1,2,CASH_OUT,5,0.2502061296164368,0.12979793211689095,0.0028605170816119467,24167.03,1685973.0999999999
L06_002717,130,TRANSFER,9920.69,C959942644,72261.0,62340.31,C11934221,0.0,9920.69,0,0,L06_001359,LEGITIMATE_TRANSFER_CASHOUT,NONE,1,1,TRANSFER,0,0.4125055179062891,0.13728968599936342,0.41250558176901003,14013.03,
L06_002718,133,CASH_OUT,4092.34,C11934221,9920.69,0.0,CASHOUT_L06_001359,0.0,0.0,0,0,L06_001359,LEGITIMATE_TRANSFER_CASHOUT,NONE,1,2,CASH_OUT,3,0.4125055179062891,0.13728968599936342,0.41250558176901003,14013.03,5828.35
L06_002719,326,TRANSFER,80136.09,C240079371,607621.16,527485.0700000001,C1787718159,5159091.68,5239227.77,0,0,L06_001360,LEGITIMATE_TRANSFER_CASHOUT,NONE,1,1,TRANSFER,0,0.4964969705810217,0.1318849560801997,0.00759412107025078,119923.42,
L06_002720,330,CASH_OUT,39787.33,C1787718159,5239227.77,374547.09,CASHOUT_L06_001360,0.0,0.0,0,0,L06_001360,LEGITIMATE_TRANSFER_CASHOUT,NONE,1,2,CASH_OUT,4,0.4964969705810217,0.1318849560801997,0.00759412107025078,119923.42,5199440.4399999995
L06_002721,211,TRANSFER,10189.15,C9815192,159499.0,149309.85,C1504769349,1159615.94,1169805.0899999999,0,0,L06_001361,LEGITIMATE_TRANSFER_CASHOUT,NONE,1,1,TRANSFER,0,0.4444987508290025,0.0638822186972959,0.0038716364279112524,14718.21,
L06_002722,215,CASH_OUT,4529.06,C1504769349,1169805.0899999999,0.0,CASHOUT_L06_001361,0.0,0.0,0,0,L06_001361,LEGITIMATE_TRANSFER_CASHOUT,NONE,1,2,CASH_OUT,4,0.4444987508290025,0.0638822186972959,0.0038716364279112524,14718.21,1165276.0299999998
L06_002723,283,TRANSFER,9611.44,C975496586,66886.0,57274.56,C408289439,0.0,9611.44,0,0,L06_001362,LEGITIMATE_TRANSFER_CASHOUT,NONE,1,1,TRANSFER,0,0.4805220711840795,0.14369883084651497,0.4805221694147807,14229.95,
L06_002724,288,CASH_OUT,4618.51,C408289439,9611.44,0.0,CASHOUT_L06_001362,0.0,0.0,0,0,L06_001362,LEGITIMATE_TRANSFER_CASHOUT,NONE,1,2,CASH_OUT,5,0.4805220711840795,0.14369883084651497,0.4805221694147807,14229.95,4992.93
L06_002725,210,TRANSFER,16344.01,C941516754,127093.0,110748.99,C598409349,797877.56,814221.5700000001,0,0,L06_001363,LEGITIMATE_TRANSFER_CASHOUT,NONE,1,1,TRANSFER,0,0.2572710248427796,0.12859882133555742,0.0051642454031278,20548.85,
L06_002726,215,CASH_OUT,4204.84,C598409349,814221.5700000001,114182.51,CASHOUT_L06_001363,0.0,0.0,0,0,L06_001363,LEGITIMATE_TRANSFER_CASHOUT,NONE,1,2,CASH_OUT,5,0.2572710248427796,0.12859882133555742,0.0051642454031278,20548.85,810016.7300000001
L06_002727,182,TRANSFER,9290.93,C1202669298,79889.0,70598.07,C795314539,0.0,9290.93,0,0,L06_001364,LEGITIMATE_TRANSFER_CASHOUT,NONE,1,1,TRANSFER,0,0.20173761470637244,0.11629798845898685,0.20173760861399234,11165.26,
L06_002728,186,CASH_OUT,1874.33,C795314539,9290.93,0.0,CASHOUT_L06_001364,0.0,0.0,0,0,L06_001364,LEGITIMATE_TRANSFER_CASHOUT,NONE,1,2,CASH_OUT,4,0.20173761470637244,0.11629798845898685,0.20173760861399234,11165.26,7416.6
L06_002729,404,TRANSFER,34358.34,C2010581409,456700.0,422341.66000000003,C2026374760,669025.16,703383.5,0,0,L06_001365,LEGITIMATE_TRANSFER_CASHOUT,NONE,1,1,TRANSFER,0,0.33590487218284293,0.07523174950733523,0.016408019238438206,45899.469999999994,
L06_002730,406,CASH_OUT,11541.13,C2026374760,703383.5,0.0,CASHOUT_L06_001365,0.0,0.0,0,0,L06_001365,LEGITIMATE_TRANSFER_CASHOUT,NONE,1,2,CASH_OUT,2,0.33590487218284293,0.07523174950733523,0.016408019238438206,45899.469999999994,691842.37
L06_002731,8,TRANSFER,33207.91,C1994472181,221985.0,188777.09,C1149788645,438091.68,471299.58999999997,0,0,L06_001366,LEGITIMATE_TRANSFER_CASHOUT,NONE,1,1,TRANSFER,0,0.4948279967134284,0.1495952879699079,0.03486572097378655,49640.11,
L06_002732,9,CASH_OUT,16432.2,C1149788645,471299.58999999997,221251.38,CASHOUT_L06_001366,0.0,0.0,0,0,L06_001366,LEGITIMATE_TRANSFER_CASHOUT,NONE,1,2,CASH_OUT,1,0.4948279967134284,0.1495952879699079,0.03486572097378655,49640.11,454867.38999999996
L06_002733,12,TRANSFER,9319.21,C43037425,71583.57,62264.36000000001,C346325956,4683819.03,4693138.24,0,0,L06_001367,LEGITIMATE_TRANSFER_CASHOUT,NONE,1,1,TRANSFER,0,0.6341144230235484,0.1301864380331967,0.001259168108374323,15228.66,
L06_002734,17,CASH_OUT,5909.45,C346325956,4693138.24,0.0,CASHOUT_L06_001367,0.0,0.0,0,0,L06_001367,LEGITIMATE_TRANSFER_CASHOUT,NONE,1,2,CASH_OUT,5,0.6341144230235484,0.1301864380331967,0.001259168108374323,15228.66,4687228.79
L06_002735,157,TRANSFER,13392.24,C1291074178,245751.0,232358.76,C332391051,2794101.65,2807493.89,0,0,L06_001368,LEGITIMATE_TRANSFER_CASHOUT,NONE,1,1,TRANSFER,0,0.24720514001054134,0.05449515973485357,0.0011792118272428368,16702.87,
L06_002736,158,CASH_OUT,3310.63,C332391051,2807493.89,0.0,CASHOUT_L06_001368,0.0,0.0,0,0,L06_001368,LEGITIMATE_TRANSFER_CASHOUT,NONE,1,2,CASH_OUT,1,0.24720514001054134,0.05449515973485357,0.0011792118272428368,16702.87,2804183.2600000002
L06_002737,298,TRANSFER,19396.57,C1311533168,166516.32,147119.75,C1180902811,3783748.82,3803145.3899999997,0,0,L06_001369,LEGITIMATE_TRANSFER_CASHOUT,NONE,1,1,TRANSFER,0,0.5322607484741853,0.11648449833625917,0.002714603030203902,29720.6,
L06_002738,303,CASH_OUT,10324.03,C1180902811,3803145.3899999997,0.0,CASHOUT_L06_001369,0.0,0.0,0,0,L06_001369,LEGITIMATE_TRANSFER_CASHOUT,NONE,1,2,CASH_OUT,5,0.5322607484741853,0.11648449833625917,0.002714603030203902,29720.6,3792821.36
L06_002739,323,TRANSFER,18814.18,C2042624277,177637.0,158822.82,C1506162791,46827.82,65642.0,0,0,L06_001370,LEGITIMATE_TRANSFER_CASHOUT,NONE,1,1,TRANSFER,0,0.34634372837643745,0.10591363285801944,0.09926830382986503,25330.35,
L06_002740,325,CASH_OUT,6516.17,C1506162791,65642.0,0.0,CASHOUT_L06_001370,0.0,0.0,0,0,L06_001370,LEGITIMATE_TRANSFER_CASHOUT,NONE,1,2,CASH_OUT,2,0.34634372837643745,0.10591363285801944,0.09926830382986503,25330.35,59125.83
L06_002741,14,TRANSFER,11951.17,C560940121,144365.0,132413.83,C2016464747,535916.23,547867.4,0,0,L06_001371,LEGITIMATE_TRANSFER_CASHOUT,NONE,1,1,TRANSFER,0,0.55091175924331,0.08278440065112735,0.012017579436192041,18535.21,
L06_002742,16,CASH_OUT,6584.04,C2016464747,547867.4,0.0,CASHOUT_L06_001371,0.0,0.0,0,0,L06_001371,LEGITIMATE_TRANSFER_CASHOUT,NONE,1,2,CASH_OUT,2,0.55091175924331,0.08278440065112735,0.012017579436192041,18535.21,541283.36
L06_002743,683,TRANSFER,27367.65,C1145471340,212460.0,185092.35,C987938638,0.0,27367.65,0,0,L06_001372,LEGITIMATE_TRANSFER_CASHOUT,NONE,1,1,TRANSFER,0,0.23040249803179239,0.12881318836486869,0.230402318065307,33673.22,
L06_002744,688,CASH_OUT,6305.57,C987938638,27367.65,0.0,CASHOUT_L06_001372,0.0,0.0,0,0,L06_001372,LEGITIMATE_TRANSFER_CASHOUT,NONE,1,2,CASH_OUT,5,0.23040249803179239,0.12881318836486869,0.230402318065307,33673.22,21062.08
L06_002745,21,TRANSFER,10364.82,C945875808,81901.42,71536.6,C1310685539,2356708.62,2367073.44,0,0,L06_001373,LEGITIMATE_TRANSFER_CASHOUT,NONE,1,1,TRANSFER,0,0.27274928659141934,0.12655238456183054,0.0011943017703751515,13191.82,
L06_002746,23,CASH_OUT,2827.0,C1310685539,2367073.44,0.0,CASHOUT_L06_001373,0.0,0.0,0,0,L06_001373,LEGITIMATE_TRANSFER_CASHOUT,NONE,1,2,CASH_OUT,2,0.27274928659141934,0.12655238456183054,0.0011943017703751515,13191.82,2364246.44
L06_002747,355,TRANSFER,38548.46,C25752981,353172.45,314623.99,C343133473,4039689.65,4078238.11,0,0,L06_001374,LEGITIMATE_TRANSFER_CASHOUT,NONE,1,1,TRANSFER,0,0.2429338917618011,0.10914911398100276,0.002296268571723979,47913.19,
L06_002748,360,CASH_OUT,9364.73,C343133473,4078238.11,0.0,CASHOUT_L06_001374,0.0,0.0,0,0,L06_001374,LEGITIMATE_TRANSFER_CASHOUT,NONE,1,2,CASH_OUT,5,0.2429338917618011,0.10914911398100276,0.002296268571723979,47913.19,4068873.38
L06_002749,334,TRANSFER,15456.4,C1347848014,135542.0,120085.6,C12995553,110086.59,125542.98999999999,0,0,L06_001375,LEGITIMATE_TRANSFER_CASHOUT,NONE,1,1,TRANSFER,0,0.3626171349753733,0.11403402635345501,0.04464414938659658,21061.16,
L06_002750,337,CASH_OUT,5604.76,C12995553,125542.98999999999,0.0,CASHOUT_L06_001375,0.0,0.0,0,0,L06_001375,LEGITIMATE_TRANSFER_CASHOUT,NONE,1,2,CASH_OUT,3,0.3626171349753733,0.11403402635345501,0.04464414938659658,21061.16,119938.23
L06_002751,10,TRANSFER,14042.71,C1347256725,198866.76,184824.05000000002,C1880185595,2672608.83,2686651.54,0,0,L06_001376,LEGITIMATE_TRANSFER_CASHOUT,NONE,1,1,TRANSFER,0,0.2486908093477854,0.07061366112667597,0.0012998671200955222,17535.0,
L06_002752,13,CASH_OUT,3492.29,C1880185595,2686651.54,0.0,CASHOUT_L06_001376,0.0,0.0,0,0,L06_001376,LEGITIMATE_TRANSFER_CASHOUT,NONE,1,2,CASH_OUT,3,0.2486908093477854,0.07061366112667597,0.0012998671200955222,17535.0,2683159.25
L06_002753,11,TRANSFER,11439.52,C168476353,105318.0,93878.48,C1943511242,54598.41,66037.93000000001,0,0,L06_001377,LEGITIMATE_TRANSFER_CASHOUT,NONE,1,1,TRANSFER,0,0.4274723657749579,0.10861884957936915,0.0740495651514213,16329.6,
L06_002754,12,CASH_OUT,4890.08,C1943511242,66037.93000000001,0.0,CASHOUT_L06_001377,0.0,0.0,0,0,L06_001377,LEGITIMATE_TRANSFER_CASHOUT,NONE,1,2,CASH_OUT,1,0.4274723657749579,0.10861884957936915,0.0740495651514213,16329.6,61147.850000000006
L06_002755,157,TRANSFER,10186.44,C1746278976,101619.0,91432.56,C1743304222,6324217.49,6334403.930000001,0,0,L06_001378,LEGITIMATE_TRANSFER_CASHOUT,NONE,1,1,TRANSFER,0,0.5931823078426225,0.10024149027248842,0.0009539050661709222,16228.86,
L06_002756,159,CASH_OUT,6042.42,C1743304222,6334403.930000001,0.0,CASHOUT_L06_001378,0.0,0.0,0,0,L06_001378,LEGITIMATE_TRANSFER_CASHOUT,NONE,1,2,CASH_OUT,2,0.5931823078426225,0.10024149027248842,0.0009539050661709222,16228.86,6328361.510000001
L06_002757,284,TRANSFER,10537.46,C580983558,72812.0,62274.54,C1693620436,14774.26,25311.72,0,0,L06_001379,LEGITIMATE_TRANSFER_CASHOUT,NONE,1,1,TRANSFER,0,0.6055665001500979,0.1447214744822282,0.2521017931614288,16918.59,
L06_002758,288,CASH_OUT,6381.13,C1693620436,25311.72,0.0,CASHOUT_L06_001379,0.0,0.0,0,0,L06_001379,LEGITIMATE_TRANSFER_CASHOUT,NONE,1,2,CASH_OUT,4,0.6055665001500979,0.1447214744822282,0.2521017931614288,16918.59,18930.59
L06_002759,34,TRANSFER,10865.16,C1541743580,88717.56,77852.4,C477490247,917957.88,928823.04,0,0,L06_001380,LEGITIMATE_TRANSFER_CASHOUT,NONE,1,1,TRANSFER,0,0.31355785265787417,0.12246910307271751,0.003667932268346832,14272.02,
L06_002760,38,CASH_OUT,3406.86,C477490247,928823.04,0.0,CASHOUT_L06_001380,0.0,0.0,0,0,L06_001380,LEGITIMATE_TRANSFER_CASHOUT,NONE,1,2,CASH_OUT,4,0.31355785265787417,0.12246910307271751,0.003667932268346832,14272.02,925416.18
L06_002761,402,TRANSFER,16122.14,C1188070840,119780.0,103657.86,C110528781,656296.72,672418.86,0,0,L06_001381,LEGITIMATE_TRANSFER_CASHOUT,NONE,1,1,TRANSFER,0,0.3241525797472345,0.1345979295374854,0.0077719860504805,21348.17,
L06_002762,406,CASH_OUT,5226.03,C110528781,672418.86,0.0,CASHOUT_L06_001381,0.0,0.0,0,0,L06_001381,LEGITIMATE_TRANSFER_CASHOUT,NONE,1,2,CASH_OUT,4,0.3241525797472345,0.1345979295374854,0.0077719860504805,21348.17,667192.83
L06_002763,178,TRANSFER,10567.32,C1769152346,71692.0,61124.68,C1893693864,5325916.15,5336483.470000001,0,0,L06_001382,LEGITIMATE_TRANSFER_CASHOUT,NONE,1,1,TRANSFER,0,0.29359168996678886,0.14739887295653628,0.0005813716124937233,13669.8,
L06_002764,181,CASH_OUT,3102.48,C1893693864,5336483.470000001,0.0,CASHOUT_L06_001382,0.0,0.0,0,0,L06_001382,LEGITIMATE_TRANSFER_CASHOUT,NONE,1,2,CASH_OUT,3,0.29359168996678886,0.14739887295653628,0.0005813716124937233,13669.8,5333380.99
L06_002765,322,TRANSFER,10267.64,C524261807,86055.02,75787.38,C1954106567,4599692.94,4609960.58,0,0,L06_001383,LEGITIMATE_TRANSFER_CASHOUT,NONE,1,1,TRANSFER,0,0.3601088600423258,0.11931482904774177,0.0008020610883401523,13965.109999999999,
L06_002766,325,CASH_OUT,3697.47,C1954106567,4609960.58,0.0,CASHOUT_L06_001383,0.0,0.0,0,0,L06_001383,LEGITIMATE_TRANSFER_CASHOUT,NONE,1,2,CASH_OUT,3,0.3601088600423258,0.11931482904774177,0.0008020610883401523,13965.109999999999,4606263.11
L06_002767,137,TRANSFER,16036.15,C1547560336,286480.75,270444.6,C569246131,1337799.59,1353835.74,0,0,L06_001384,LEGITIMATE_TRANSFER_CASHOUT,NONE,1,1,TRANSFER,0,0.6465973474759639,0.05597636141346321,0.007658927662819716,26405.08,
L06_002768,141,CASH_OUT,10368.93,C569246131,1353835.74,254960.0,CASHOUT_L06_001384,0.0,0.0,0,0,L06_001384,LEGITIMATE_TRANSFER_CASHOUT,NONE,1,2,CASH_OUT,4,0.6465973474759639,0.05597636141346321,0.007658927662819716,26405.08,1343466.81
L06_002769,163,TRANSFER,8763.94,C625637574,107848.0,99084.06,C1092556741,17414.0,26177.940000000002,0,0,L06_001385,LEGITIMATE_TRANSFER_CASHOUT,NONE,1,1,TRANSFER,0,0.24930653321333246,0.08126196127883689,0.08346378668451374,10948.85,
L06_002770,168,CASH_OUT,2184.91,C1092556741,26177.940000000002,10343.39,CASHOUT_L06_001385,0.0,0.0,0,0,L06_001385,LEGITIMATE_TRANSFER_CASHOUT,NONE,1,2,CASH_OUT,5,0.24930653321333246,0.08126196127883689,0.08346378668451374,10948.85,23993.030000000002
L06_002771,402,TRANSFER,59321.52,C1435634536,731260.0,671938.48,C109623558,0.0,59321.52,0,0,L06_001386,LEGITIMATE_TRANSFER_CASHOUT,NONE,1,1,TRANSFER,0,0.43273452686099345,0.08112233678855674,0.4327345287174031,84991.98999999999,
L06_002772,407,CASH_OUT,25670.47,C109623558,59321.52,169571.92,CASHOUT_L06_001386,0.0,0.0,0,0,L06_001386,LEGITIMATE_TRANSFER_CASHOUT,NONE,1,2,CASH_OUT,5,0.43273452686099345,0.08112233678855674,0.4327345287174031,84991.98999999999,33651.049999999996
L06_002773,396,TRANSFER,42017.57,C1576380831,476135.94,434118.37,C481291135,3289902.12,3331919.69,0,0,L06_001387,LEGITIMATE_TRANSFER_CASHOUT,NONE,1,1,TRANSFER,0,0.43114382136458296,0.08824700357633158,0.005436991790159264,60133.19,
L06_002774,399,CASH_OUT,18115.62,C481291135,3331919.69,0.0,CASHOUT_L06_001387,0.0,0.0,0,0,L06_001387,LEGITIMATE_TRANSFER_CASHOUT,NONE,1,2,CASH_OUT,3,0.43114382136458296,0.08824700357633158,0.005436991790159264,60133.19,3313804.07
L06_002775,348,TRANSFER,45960.86,C1483978323,454082.97,408122.11,C752254792,2190606.59,2236567.4499999997,0,0,L06_001388,LEGITIMATE_TRANSFER_CASHOUT,NONE,1,1,TRANSFER,0,0.4127681737618133,0.10121687673069969,0.008482274925354924,64932.04,
L06_002776,351,CASH_OUT,18971.18,C752254792,2236567.4499999997,0.0,CASHOUT_L06_001388,0.0,0.0,0,0,L06_001388,LEGITIMATE_TRANSFER_CASHOUT,NONE,1,2,CASH_OUT,3,0.4127681737618133,0.10121687673069969,0.008482274925354924,64932.04,2217596.2699999996
L06_002777,185,TRANSFER,12258.3,C365737410,83580.0,71321.7,C369772298,0.0,12258.3,0,0,L06_001389,LEGITIMATE_TRANSFER_CASHOUT,NONE,1,1,TRANSFER,0,0.4777731536220916,0.14666547020818377,0.4777734269841658,18114.989999999998,
L06_002778,189,CASH_OUT,5856.69,C369772298,12258.3,0.0,CASHOUT_L06_001389,0.0,0.0,0,0,L06_001389,LEGITIMATE_TRANSFER_CASHOUT,NONE,1,2,CASH_OUT,4,0.4777731536220916,0.14666547020818377,0.4777734269841658,18114.989999999998,6401.61
L06_002779,208,TRANSFER,25558.61,C926565867,283468.0,257909.39,C1715716648,1887996.05,1913554.6600000001,0,0,L06_001390,LEGITIMATE_TRANSFER_CASHOUT,NONE,1,1,TRANSFER,0,0.58238790453394,0.09016400440261335,0.007778732591835135,40443.64,
L06_002780,209,CASH_OUT,14885.03,C1715716648,1913554.6600000001,206129.39,CASHOUT_L06_001390,0.0,0.0,0,0,L06_001390,LEGITIMATE_TRANSFER_CASHOUT,NONE,1,2,CASH_OUT,1,0.58238790453394,0.09016400440261335,0.007778732591835135,40443.64,1898669.6300000001
L06_002781,400,TRANSFER,8783.96,C412741362,254971.2,246187.24000000002,C47747797,0.0,8783.96,0,0,L06_001391,LEGITIMATE_TRANSFER_CASHOUT,NONE,1,1,TRANSFER,0,0.3630247426107789,0.034450792873861824,0.3630241940992446,11972.75,
L06_002782,402,CASH_OUT,3188.79,C47747797,8783.96,80998.13,CASHOUT_L06_001391,0.0,0.0,0,0,L06_001391,LEGITIMATE_TRANSFER_CASHOUT,NONE,1,2,CASH_OUT,2,0.3630247426107789,0.034450792873861824,0.3630241940992446,11972.75,5595.169999999999
L06_002783,307,TRANSFER,13396.71,C1853551838,100146.0,86749.29000000001,C936458006,4156752.59,4170149.3,0,0,L06_001392,LEGITIMATE_TRANSFER_CASHOUT,NONE,1,1,TRANSFER,0,0.3592712432220806,0.13377179318195434,0.001154167310028924,18209.76,
L06_002784,309,CASH_OUT,4813.05,C936458006,4170149.3,0.0,CASHOUT_L06_001392,0.0,0.0,0,0,L06_001392,LEGITIMATE_TRANSFER_CASHOUT,NONE,1,2,CASH_OUT,2,0.3592712432220806,0.13377179318195434,0.001154167310028924,18209.76,4165336.25
L06_002785,405,TRANSFER,8696.07,C1985465968,58078.0,49381.93,C2147286421,1705166.83,1713862.9000000001,0,0,L06_001393,LEGITIMATE_TRANSFER_CASHOUT,NONE,1,1,TRANSFER,0,0.373089590594551,0.1497308791625056,0.0018930394023932717,11940.48,
L06_002786,406,CASH_OUT,3244.41,C2147286421,1713862.9000000001,0.0,CASHOUT_L06_001393,0.0,0.0,0,0,L06_001393,LEGITIMATE_TRANSFER_CASHOUT,NONE,1,2,CASH_OUT,1,0.373089590594551,0.1497308791625056,0.0018930394023932717,11940.48,1710618.4900000002
L06_002787,207,TRANSFER,9011.18,C775485015,127322.0,118310.82,C32884824,12134984.25,12143995.43,0,0,L06_001394,LEGITIMATE_TRANSFER_CASHOUT,NONE,1,1,TRANSFER,0,0.3926452620675897,0.07077472864076907,0.0002913538645822761,12549.380000000001,
L06_002788,209,CASH_OUT,3538.2,C32884824,12143995.43,0.0,CASHOUT_L06_001394,0.0,0.0,0,0,L06_001394,LEGITIMATE_TRANSFER_CASHOUT,NONE,1,2,CASH_OUT,2,0.3926452620675897,0.07077472864076907,0.0002913538645822761,12549.380000000001,12140457.23
L06_002789,179,TRANSFER,16001.88,C480342288,126608.0,110606.12,C1453684033,110725.94,126727.82,0,0,L06_001395,LEGITIMATE_TRANSFER_CASHOUT,NONE,1,1,TRANSFER,0,0.3742042252689557,0.12638916972071274,0.04725063525909307,21989.85,
L06_002790,180,CASH_OUT,5987.97,C1453684033,126727.82,0.0,CASHOUT_L06_001395,0.0,0.0,0,0,L06_001395,LEGITIMATE_TRANSFER_CASHOUT,NONE,1,2,CASH_OUT,1,0.3742042252689557,0.12638916972071274,0.04725063525909307,21989.85,120739.85
L06_002791,40,TRANSFER,20675.67,C29027396,175294.0,154618.33000000002,C160327254,121772.77,142448.44,0,0,L06_001396,LEGITIMATE_TRANSFER_CASHOUT,NONE,1,1,TRANSFER,0,0.3948062929736959,0.11794853218022293,0.05730410245278923,28838.55,
L06_002792,44,CASH_OUT,8162.88,C160327254,142448.44,0.0,CASHOUT_L06_001396,0.0,0.0,0,0,L06_001396,LEGITIMATE_TRANSFER_CASHOUT,NONE,1,2,CASH_OUT,4,0.3948062929736959,0.11794853218022293,0.05730410245278923,28838.55,134285.56
L06_002793,308,TRANSFER,9951.64,C1961896015,72331.0,62379.36,C510280321,1033692.03,1043643.67,0,0,L06_001397,LEGITIMATE_TRANSFER_CASHOUT,NONE,1,1,TRANSFER,0,0.44193407875319823,0.13758471471429953,0.004214053250569709,14349.61,
L06_002794,311,CASH_OUT,4397.97,C510280321,1043643.67,0.0,CASHOUT_L06_001397,0.0,0.0,0,0,L06_001397,LEGITIMATE_TRANSFER_CASHOUT,NONE,1,2,CASH_OUT,3,0.44193407875319823,0.13758471471429953,0.004214053250569709,14349.61,1039245.7000000001
L06_002795,328,TRANSFER,8895.99,C1249619642,101265.0,92369.01,C1592312832,26505.04,35401.03,0,0,L06_001398,LEGITIMATE_TRANSFER_CASHOUT,NONE,1,1,TRANSFER,0,0.35249198744907906,0.08784861501999704,0.0885784961623998,12031.76,
L06_002796,333,CASH_OUT,3135.77,C1592312832,35401.03,0.0,CASHOUT_L06_001398,0.0,0.0,0,0,L06_001398,LEGITIMATE_TRANSFER_CASHOUT,NONE,1,2,CASH_OUT,5,0.35249198744907906,0.08784861501999704,0.0885784961623998,12031.76,32265.26
L06_002797,210,TRANSFER,20782.35,C1915092483,150590.0,129807.65,C2111561670,18460.68,39243.03,0,0,L06_001399,LEGITIMATE_TRANSFER_CASHOUT,NONE,1,1,TRANSFER,0,0.24841728736896174,0.1380061757088784,0.13155711982484533,25945.05,
L06_002798,211,CASH_OUT,5162.7,C2111561670,39243.03,0.0,CASHOUT_L06_001399,0.0,0.0,0,0,L06_001399,LEGITIMATE_TRANSFER_CASHOUT,NONE,1,2,CASH_OUT,1,0.24841728736896174,0.1380061757088784,0.13155711982484533,25945.05,34080.33
L06_002799,161,TRANSFER,36957.41,C2030844956,322290.81,285333.4,C1697274581,2226339.23,2263296.64,0,0,L06_001400,LEGITIMATE_TRANSFER_CASHOUT,NONE,1,1,TRANSFER,0,0.35645599611984435,0.11467100163358677,0.005820575954197502,50131.100000000006,
L06_002800,165,CASH_OUT,13173.69,C1697274581,2263296.64,0.0,CASHOUT_L06_001400,0.0,0.0,0,0,L06_001400,LEGITIMATE_TRANSFER_CASHOUT,NONE,1,2,CASH_OUT,4,0.35645599611984435,0.11467100163358677,0.005820575954197502,50131.100000000006,2250122.95
L06_002801,282,TRANSFER,18508.09,C1363416858,319488.07,300979.98,C689883039,279990.58,298498.67000000004,0,0,L06_001401,LEGITIMATE_TRANSFER_CASHOUT,NONE,1,1,TRANSFER,0,0.2609471398310213,0.05793045730940752,0.016179737082245623,23337.72,
L06_002802,286,CASH_OUT,4829.63,C689883039,298498.67000000004,167474.55,CASHOUT_L06_001401,0.0,0.0,0,0,L06_001401,LEGITIMATE_TRANSFER_CASHOUT,NONE,1,2,CASH_OUT,4,0.2609471398310213,0.05793045730940752,0.016179737082245623,23337.72,293669.04000000004
L06_002803,207,TRANSFER,17015.38,C775485015,127322.0,110306.62,C32884824,12134984.25,12151999.63,0,0,L06_001402,LEGITIMATE_TRANSFER_CASHOUT,NONE,1,1,TRANSFER,0,0.22408897717044465,0.13364053345062127,0.00031377222811847634,20828.34,
L06_002804,208,CASH_OUT,3812.96,C32884824,12151999.63,0.0,CASHOUT_L06_001402,0.0,0.0,0,0,L06_001402,LEGITIMATE_TRANSFER_CASHOUT,NONE,1,2,CASH_OUT,1,0.22408897717044465,0.13364053345062127,0.00031377222811847634,20828.34,12148186.67
L06_002805,358,TRANSFER,8974.81,C176070613,62761.95,53787.14,C1423696633,2988527.41,2997502.22,0,0,L06_001403,LEGITIMATE_TRANSFER_CASHOUT,NONE,1,1,TRANSFER,0,0.597333291853354,0.14299762834010096,0.0017884724035333657,14335.759999999998,
L06_002806,359,CASH_OUT,5360.95,C1423696633,2997502.22,0.0,CASHOUT_L06_001403,0.0,0.0,0,0,L06_001403,LEGITIMATE_TRANSFER_CASHOUT,NONE,1,2,CASH_OUT,1,0.597333291853354,0.14299762834010096,0.0017884724035333657,14335.759999999998,2992141.27
L06_002807,178,TRANSFER,13242.06,C50128409,107708.0,94465.94,C323332855,123225.3,136467.36000000002,0,0,L06_001404,LEGITIMATE_TRANSFER_CASHOUT,NONE,1,1,TRANSFER,0,0.45842151991673524,0.12294407100679615,0.04448279793790984,19312.51,
L06_002808,183,CASH_OUT,6070.45,C323332855,136467.36000000002,0.0,CASHOUT_L06_001404,0.0,0.0,0,0,L06_001404,LEGITIMATE_TRANSFER_CASHOUT,NONE,1,2,CASH_OUT,5,0.45842151991673524,0.12294407100679615,0.04448279793790984,19312.51,130396.91000000002
L06_002809,304,TRANSFER,12738.95,C1898342977,96559.0,83820.05,C1335774197,0.0,12738.95,0,0,L06_001405,LEGITIMATE_TRANSFER_CASHOUT,NONE,1,1,TRANSFER,0,0.4440850816383351,0.13192918319369507,0.44408526605410964,18396.13,
L06_002810,307,CASH_OUT,5657.18,C1335774197,12738.95,0.0,CASHOUT_L06_001405,0.0,0.0,0,0,L06_001405,LEGITIMATE_TRANSFER_CASHOUT,NONE,1,2,CASH_OUT,3,0.4440850816383351,0.13192918319369507,0.44408526605410964,18396.13,7081.77
L06_002811,11,TRANSFER,11353.5,C1712162106,103423.1,92069.6,C777790557,265346.85,276700.35,0,0,L06_001406,LEGITIMATE_TRANSFER_CASHOUT,NONE,1,1,TRANSFER,0,0.6214345862887714,0.10977721611516189,0.02549855827793496,18408.96,
L06_002812,15,CASH_OUT,7055.46,C777790557,276700.35,101530.13,CASHOUT_L06_001406,0.0,0.0,0,0,L06_001406,LEGITIMATE_TRANSFER_CASHOUT,NONE,1,2,CASH_OUT,4,0.6214345862887714,0.10977721611516189,0.02549855827793496,18408.96,269644.88999999996
L06_002813,396,TRANSFER,12194.39,C547053644,82010.0,69815.61,C1230301977,1582796.49,1594990.88,0,0,L06_001407,LEGITIMATE_TRANSFER_CASHOUT,NONE,1,1,TRANSFER,0,0.2197085757268169,0.14869393976344347,0.0016797650905690446,14873.599999999999,
L06_002814,398,CASH_OUT,2679.21,C1230301977,1594990.88,0.0,CASHOUT_L06_001407,0.0,0.0,0,0,L06_001407,LEGITIMATE_TRANSFER_CASHOUT,NONE,1,2,CASH_OUT,2,0.2197085757268169,0.14869393976344347,0.0016797650905690446,14873.599999999999,1592311.67
L06_002815,17,TRANSFER,37134.41,C1911312932,1292650.5,1255516.09,C254533819,3746336.53,3783470.94,0,0,L06_001408,LEGITIMATE_TRANSFER_CASHOUT,NONE,1,1,TRANSFER,0,0.4879750505398157,0.028727339679209502,0.004789430205059272,55255.08,
L06_002816,21,CASH_OUT,18120.67,C254533819,3783470.94,48920.72,CASHOUT_L06_001408,0.0,0.0,0,0,L06_001408,LEGITIMATE_TRANSFER_CASHOUT,NONE,1,2,CASH_OUT,4,0.4879750505398157,0.028727339679209502,0.004789430205059272,55255.08,3765350.27
L06_002817,210,TRANSFER,12359.91,C961261461,150907.48,138547.57,C814710110,1358866.62,1371226.53,0,0,L06_001409,LEGITIMATE_TRANSFER_CASHOUT,NONE,1,1,TRANSFER,0,0.31615546622032964,0.08190389237167037,0.0028497479552120394,16267.56,
L06_002818,213,CASH_OUT,3907.65,C814710110,1371226.53,0.0,CASHOUT_L06_001409,0.0,0.0,0,0,L06_001409,LEGITIMATE_TRANSFER_CASHOUT,NONE,1,2,CASH_OUT,3,0.31615546622032964,0.08190389237167037,0.0028497479552120394,16267.56,1367318.8800000001
L06_002819,212,TRANSFER,10819.98,C755543198,137129.5,126309.52,C1274230157,973901.25,984721.23,0,0,L06_001410,LEGITIMATE_TRANSFER_CASHOUT,NONE,1,1,TRANSFER,0,0.21755240163071882,0.07890337235970378,0.0023904328740835617,13173.89,
L06_002820,216,CASH_OUT,2353.91,C1274230157,984721.23,0.0,CASHOUT_L06_001410,0.0,0.0,0,0,L06_001410,LEGITIMATE_TRANSFER_CASHOUT,NONE,1,2,CASH_OUT,4,0.21755240163071882,0.07890337235970378,0.0023904328740835617,13173.89,982367.32
L06_002821,395,TRANSFER,50530.78,C1166544682,373423.19,322892.41000000003,C1930071816,806688.72,857219.5,0,0,L06_001411,LEGITIMATE_TRANSFER_CASHOUT,NONE,1,1,TRANSFER,0,0.4009388857846966,0.13531773428425803,0.02363426170309938,70790.53,
L06_002822,397,CASH_OUT,20259.75,C1930071816,857219.5,0.0,CASHOUT_L06_001411,0.0,0.0,0,0,L06_001411,LEGITIMATE_TRANSFER_CASHOUT,NONE,1,2,CASH_OUT,2,0.4009388857846966,0.13531773428425803,0.02363426170309938,70790.53,836959.75
L06_002823,355,TRANSFER,9714.68,C947891476,112358.0,102643.32,C2102686146,53186.32,62901.0,0,0,L06_001412,LEGITIMATE_TRANSFER_CASHOUT,NONE,1,1,TRANSFER,0,0.43874176299225187,0.08646184517346339,0.06776108487941368,13976.92,
L06_002824,359,CASH_OUT,4262.24,C2102686146,62901.0,69102.39,CASHOUT_L06_001412,0.0,0.0,0,0,L06_001412,LEGITIMATE_TRANSFER_CASHOUT,NONE,1,2,CASH_OUT,4,0.43874176299225187,0.08646184517346339,0.06776108487941368,13976.92,58638.76
L06_002825,374,TRANSFER,22279.22,C1375075901,352462.0,330182.78,C137975629,0.0,22279.22,0,0,L06_001413,LEGITIMATE_TRANSFER_CASHOUT,NONE,1,1,TRANSFER,0,0.30607526022777853,0.06321027515022896,0.3060753473416035,29098.34,
L06_002826,377,CASH_OUT,6819.12,C137975629,22279.22,0.0,CASHOUT_L06_001413,0.0,0.0,0,0,L06_001413,LEGITIMATE_TRANSFER_CASHOUT,NONE,1,2,CASH_OUT,3,0.30607526022777853,0.06321027515022896,0.3060753473416035,29098.34,15460.100000000002
L06_002827,325,TRANSFER,10117.92,C476543986,130581.0,120463.08,C1254689546,285945.65,296063.57,0,0,L06_001414,LEGITIMATE_TRANSFER_CASHOUT,NONE,1,1,TRANSFER,0,0.4602080120195059,0.07748386059227606,0.015727534461602286,14774.27,
L06_002828,330,CASH_OUT,4656.35,C1254689546,296063.57,0.0,CASHOUT_L06_001414,0.0,0.0,0,0,L06_001414,LEGITIMATE_TRANSFER_CASHOUT,NONE,1,2,CASH_OUT,5,0.4602080120195059,0.07748386059227606,0.015727534461602286,14774.27,291407.22000000003
L06_002829,352,TRANSFER,13431.11,C1037554813,127519.0,114087.89,C1946527355,2460211.11,2473642.2199999997,0,0,L06_001415,LEGITIMATE_TRANSFER_CASHOUT,NONE,1,1,TRANSFER,0,0.6138905747165184,0.10532634352527859,0.003333234666410246,21676.34,
L06_002830,356,CASH_OUT,8245.23,C1946527355,2473642.2199999997,0.0,CASHOUT_L06_001415,0.0,0.0,0,0,L06_001415,LEGITIMATE_TRANSFER_CASHOUT,NONE,1,2,CASH_OUT,4,0.6138905747165184,0.10532634352527859,0.003333234666410246,21676.34,2465396.9899999998
L06_002831,96,TRANSFER,11173.32,C2002124374,396029.21,384855.89,C1908837011,7733841.4,7745014.720000001,0,0,L06_001416,LEGITIMATE_TRANSFER_CASHOUT,NONE,1,1,TRANSFER,0,0.6025735263697676,0.028213373452932927,0.0008693011238072895,17906.07,
L06_002832,101,CASH_OUT,6732.75,C1908837011,7745014.720000001,0.0,CASHOUT_L06_001416,0.0,0.0,0,0,L06_001416,LEGITIMATE_TRANSFER_CASHOUT,NONE,1,2,CASH_OUT,5,0.6025735263697676,0.028213373452932927,0.0008693011238072895,17906.07,7738281.970000001
L06_002833,213,TRANSFER,25006.83,C865779175,169732.0,144725.16999999998,C1973695743,3557520.33,3582527.16,0,0,L06_001417,LEGITIMATE_TRANSFER_CASHOUT,NONE,1,1,TRANSFER,0,0.263539275378276,0.14733126340348315,0.001839561769016707,31597.11,
L06_002834,215,CASH_OUT,6590.28,C1973695743,3582527.16,4236.7,CASHOUT_L06_001417,0.0,0.0,0,0,L06_001417,LEGITIMATE_TRANSFER_CASHOUT,NONE,1,2,CASH_OUT,2,0.263539275378276,0.14733126340348315,0.001839561769016707,31597.11,3575936.8800000004
L06_002835,514,TRANSFER,12403.73,C837600058,226119.37,213715.63999999998,C260584150,1165279.28,1177683.01,0,0,L06_001418,LEGITIMATE_TRANSFER_CASHOUT,NONE,1,1,TRANSFER,0,0.2751155381373885,0.054854787539873294,0.0028976048486935376,15816.189999999999,
L06_002836,516,CASH_OUT,3412.46,C260584150,1177683.01,0.0,CASHOUT_L06_001418,0.0,0.0,0,0,L06_001418,LEGITIMATE_TRANSFER_CASHOUT,NONE,1,2,CASH_OUT,2,0.2751155381373885,0.054854787539873294,0.0028976048486935376,15816.189999999999,1174270.55
L06_002837,160,TRANSFER,41277.65,C358579348,483033.6,441755.94999999995,C950540455,1070347.71,1111625.3599999999,0,0,L06_001419,LEGITIMATE_TRANSFER_CASHOUT,NONE,1,1,TRANSFER,0,0.41184067062081775,0.0854550283872592,0.015292760143579309,58277.47,
L06_002838,165,CASH_OUT,16999.82,C950540455,1111625.3599999999,0.0,CASHOUT_L06_001419,0.0,0.0,0,0,L06_001419,LEGITIMATE_TRANSFER_CASHOUT,NONE,1,2,CASH_OUT,5,0.41184067062081775,0.0854550283872592,0.015292760143579309,58277.47,1094625.5399999998
L06_002839,273,TRANSFER,10159.74,C228693025,140867.0,130707.26,C303103282,8412.84,18572.58,0,0,L06_001420,LEGITIMATE_TRANSFER_CASHOUT,NONE,1,1,TRANSFER,0,0.4846092782047623,0.07212292446066147,0.2650951025651794,15083.24,
L06_002840,275,CASH_OUT,4923.5,C303103282,18572.58,0.0,CASHOUT_L06_001420,0.0,0.0,0,0,L06_001420,LEGITIMATE_TRANSFER_CASHOUT,NONE,1,2,CASH_OUT,2,0.4846092782047623,0.07212292446066147,0.2650951025651794,15083.24,13649.080000000002
L06_002841,186,TRANSFER,10387.8,C1323886222,97765.0,87377.2,C421974391,1395003.07,1405390.87,0,0,L06_001421,LEGITIMATE_TRANSFER_CASHOUT,NONE,1,1,TRANSFER,0,0.4163083466799783,0.10625274893878177,0.00307710124799658,14712.329999999998,
L06_002842,188,CASH_OUT,4324.53,C421974391,1405390.87,0.0,CASHOUT_L06_001421,0.0,0.0,0,0,L06_001421,LEGITIMATE_TRANSFER_CASHOUT,NONE,1,2,CASH_OUT,2,0.4163083466799783,0.10625274893878177,0.00307710124799658,14712.329999999998,1401066.34
L06_002843,16,TRANSFER,12260.04,C960297055,199047.0,186786.96,C1456400374,4275070.18,4287330.22,0,0,L06_001422,LEGITIMATE_TRANSFER_CASHOUT,NONE,1,1,TRANSFER,0,0.34610313515346547,0.06159369395167976,0.0009897161595357588,16503.28,
L06_002844,18,CASH_OUT,4243.24,C1456400374,4287330.22,0.0,CASHOUT_L06_001422,0.0,0.0,0,0,L06_001422,LEGITIMATE_TRANSFER_CASHOUT,NONE,1,2,CASH_OUT,2,0.34610313515346547,0.06159369395167976,0.0009897161595357588,16503.28,4283086.9799999995
L06_002845,178,TRANSFER,11746.24,C1955186563,119441.0,107694.76,C1453654831,0.0,11746.24,0,0,L06_001423,LEGITIMATE_TRANSFER_CASHOUT,NONE,1,1,TRANSFER,0,0.368904591065152,0.09834344990413676,0.3689044323970905,16079.48,
L06_002846,179,CASH_OUT,4333.24,C1453654831,11746.24,81.19,CASHOUT_L06_001423,0.0,0.0,0,0,L06_001423,LEGITIMATE_TRANSFER_CASHOUT,NONE,1,2,CASH_OUT,1,0.368904591065152,0.09834344990413676,0.3689044323970905,16079.48,7413.0
L06_002847,34,TRANSFER,9124.18,C938136946,61236.0,52111.82,C480481739,0.0,9124.18,0,0,L06_001424,LEGITIMATE_TRANSFER_CASHOUT,NONE,1,1,TRANSFER,0,0.20434523568453877,0.1490002612842119,0.20434493839446394,10988.66,
L06_002848,37,CASH_OUT,1864.48,C480481739,9124.18,0.0,CASHOUT_L06_001424,0.0,0.0,0,0,L06_001424,LEGITIMATE_TRANSFER_CASHOUT,NONE,1,2,CASH_OUT,3,0.20434523568453877,0.1490002612842119,0.20434493839446394,10988.66,7259.700000000001
L06_002849,10,TRANSFER,34875.21,C1786629758,501456.41,466581.19999999995,C1349183092,725.0,35600.21,0,0,L06_001425,LEGITIMATE_TRANSFER_CASHOUT,NONE,1,1,TRANSFER,0,0.608769896749219,0.06954783966167667,0.5963723247699944,56106.19,
L06_002850,13,CASH_OUT,21230.98,C1349183092,35600.21,175994.15,CASHOUT_L06_001425,0.0,0.0,0,0,L06_001425,LEGITIMATE_TRANSFER_CASHOUT,NONE,1,2,CASH_OUT,3,0.608769896749219,0.06954783966167667,0.5963723247699944,56106.19,14369.23
L06_002851,563,TRANSFER,60980.74,C1689767379,497534.0,436553.26,C1364708194,884736.07,945716.8099999999,0,0,L06_001426,LEGITIMATE_TRANSFER_CASHOUT,NONE,1,1,TRANSFER,0,0.46358035189978314,0.12256597539062657,0.029892109034204438,89250.20999999999,
L06_002852,566,CASH_OUT,28269.47,C1364708194,945716.8099999999,0.0,CASHOUT_L06_001426,0.0,0.0,0,0,L06_001426,LEGITIMATE_TRANSFER_CASHOUT,NONE,1,2,CASH_OUT,3,0.46358035189978314,0.12256597539062657,0.029892109034204438,89250.20999999999,917447.34
L06_002853,254,TRANSFER,10182.02,C2018031379,76728.0,66545.98,C1564114757,293976.89,304158.91000000003,0,0,L06_001427,LEGITIMATE_TRANSFER_CASHOUT,NONE,1,1,TRANSFER,0,0.24581743024040256,0.1327027942863101,0.00822898793265665,12684.94,
L06_002854,258,CASH_OUT,2502.92,C1564114757,304158.91000000003,0.0,CASHOUT_L06_001427,0.0,0.0,0,0,L06_001427,LEGITIMATE_TRANSFER_CASHOUT,NONE,1,2,CASH_OUT,4,0.24581743024040256,0.1327027942863101,0.00822898793265665,12684.94,301655.99000000005
L06_002855,308,TRANSFER,15172.93,C994075477,121451.0,106278.07,C1714065387,4132692.31,4147865.24,0,0,L06_001428,LEGITIMATE_TRANSFER_CASHOUT,NONE,1,1,TRANSFER,0,0.4384079385091647,0.12493046578455509,0.0016036996418909695,21824.86,
L06_002856,312,CASH_OUT,6651.93,C1714065387,4147865.24,0.0,CASHOUT_L06_001428,0.0,0.0,0,0,L06_001428,LEGITIMATE_TRANSFER_CASHOUT,NONE,1,2,CASH_OUT,4,0.4384079385091647,0.12493046578455509,0.0016036996418909695,21824.86,4141213.31
L06_002857,16,TRANSFER,8964.36,C1440679509,63049.0,54084.64,C698140853,1818892.04,1827856.4000000001,0,0,L06_001429,LEGITIMATE_TRANSFER_CASHOUT,NONE,1,1,TRANSFER,0,0.4597898437473345,0.14218084347095117,0.0022549473798926436,13086.080000000002,
L06_002858,19,CASH_OUT,4121.72,C698140853,1827856.4000000001,0.0,CASHOUT_L06_001429,0.0,0.0,0,0,L06_001429,LEGITIMATE_TRANSFER_CASHOUT,NONE,1,2,CASH_OUT,3,0.4597898437473345,0.14218084347095117,0.0022549473798926436,13086.080000000002,1823734.6800000002
L06_002859,546,TRANSFER,11160.77,C1326986610,132221.0,121060.23,C1305944230,103973.73,115134.5,0,0,L06_001430,LEGITIMATE_TRANSFER_CASHOUT,NONE,1,1,TRANSFER,0,0.2192031250010008,0.0844099651341315,0.0212488871710912,13607.25,
L06_002860,548,CASH_OUT,2446.48,C1305944230,115134.5,0.0,CASHOUT_L06_001430,0.0,0.0,0,0,L06_001430,LEGITIMATE_TRANSFER_CASHOUT,NONE,1,2,CASH_OUT,2,0.2192031250010008,0.0844099651341315,0.0212488871710912,13607.25,112688.02
L06_002861,402,TRANSFER,9681.98,C1058155151,72051.0,62369.020000000004,C1573637167,0.0,9681.98,0,0,L06_001431,LEGITIMATE_TRANSFER_CASHOUT,NONE,1,1,TRANSFER,0,0.5142256441579356,0.13437676090546974,0.5142253960450239,14660.7,
L06_002862,403,CASH_OUT,4978.72,C1573637167,9681.98,0.0,CASHOUT_L06_001431,0.0,0.0,0,0,L06_001431,LEGITIMATE_TRANSFER_CASHOUT,NONE,1,2,CASH_OUT,1,0.5142256441579356,0.13437676090546974,0.5142253960450239,14660.7,4703.259999999999
L06_002863,205,TRANSFER,9161.93,C1714129335,61651.0,52489.07,C2045371290,0.0,9161.93,0,0,L06_001432,LEGITIMATE_TRANSFER_CASHOUT,NONE,1,1,TRANSFER,0,0.2091786023016163,0.14860959270733645,0.20917863375948081,11078.41,
L06_002864,208,CASH_OUT,1916.48,C2045371290,9161.93,0.0,CASHOUT_L06_001432,0.0,0.0,0,0,L06_001432,LEGITIMATE_TRANSFER_CASHOUT,NONE,1,2,CASH_OUT,3,0.2091786023016163,0.14860959270733645,0.20917863375948081,11078.41,7245.450000000001
L06_002865,203,TRANSFER,21834.64,C459241542,170587.83,148753.19,C2070746576,352888.12,374722.76,0,0,L06_001433,LEGITIMATE_TRANSFER_CASHOUT,NONE,1,1,TRANSFER,0,0.2557651724170101,0.12799646961919853,0.014903124646071672,27419.18,
L06_002866,206,CASH_OUT,5584.54,C2070746576,374722.76,0.0,CASHOUT_L06_001433,0.0,0.0,0,0,L06_001433,LEGITIMATE_TRANSFER_CASHOUT,NONE,1,2,CASH_OUT,3,0.2557651724170101,0.12799646961919853,0.014903124646071672,27419.18,369138.22000000003
L06_002867,252,TRANSFER,13199.91,C299835703,148379.0,135179.09,C1189708955,0.0,13199.91,0,0,L06_001434,LEGITIMATE_TRANSFER_CASHOUT,NONE,1,1,TRANSFER,0,0.5447412416361724,0.08896076938111189,0.5447415929351034,20390.45,
L06_002868,255,CASH_OUT,7190.54,C1189708955,13199.91,0.0,CASHOUT_L06_001434,0.0,0.0,0,0,L06_001434,LEGITIMATE_TRANSFER_CASHOUT,NONE,1,2,CASH_OUT,3,0.5447412416361724,0.08896076938111189,0.5447415929351034,20390.45,6009.37
L06_002869,178,TRANSFER,15854.99,C50128409,107708.0,91853.01,C323332855,123225.3,139080.29,0,0,L06_001435,LEGITIMATE_TRANSFER_CASHOUT,NONE,1,1,TRANSFER,0,0.3724067560406807,0.1472034574961934,0.042453966697941166,21759.5,
L06_002870,183,CASH_OUT,5904.51,C323332855,139080.29,0.0,CASHOUT_L06_001435,0.0,0.0,0,0,L06_001435,LEGITIMATE_TRANSFER_CASHOUT,NONE,1,2,CASH_OUT,5,0.3724067560406807,0.1472034574961934,0.042453966697941166,21759.5,133175.78
L06_002871,358,TRANSFER,9250.19,C176070613,62761.95,53511.759999999995,C1423696633,2988527.41,2997777.6,0,0,L06_001436,LEGITIMATE_TRANSFER_CASHOUT,NONE,1,1,TRANSFER,0,0.2322881063731163,0.14738531865246382,0.0007167676481404091,11398.900000000001,
L06_002872,361,CASH_OUT,2148.71,C1423696633,2997777.6,0.0,CASHOUT_L06_001436,0.0,0.0,0,0,L06_001436,LEGITIMATE_TRANSFER_CASHOUT,NONE,1,2,CASH_OUT,3,0.2322881063731163,0.14738531865246382,0.0007167676481404091,11398.900000000001,2995628.89
L06_002873,330,TRANSFER,22954.59,C710501570,228982.2,206027.61000000002,C1591512299,873245.33,896199.9199999999,0,0,L06_001437,LEGITIMATE_TRANSFER_CASHOUT,NONE,1,1,TRANSFER,0,0.4250558172380024,0.10024617634034436,0.010887057432453242,32711.57,
L06_002874,335,CASH_OUT,9756.98,C1591512299,896199.9199999999,0.0,CASHOUT_L06_001437,0.0,0.0,0,0,L06_001437,LEGITIMATE_TRANSFER_CASHOUT,NONE,1,2,CASH_OUT,5,0.4250558172380024,0.10024617634034436,0.010887057432453242,32711.57,886442.94
L06_002875,306,TRANSFER,11783.05,C632131672,293683.58,281900.53,C266352984,10511136.73,10522919.780000001,0,0,L06_001438,LEGITIMATE_TRANSFER_CASHOUT,NONE,1,1,TRANSFER,0,0.3350077946269532,0.04012158255493888,0.00037512497315645213,15730.46,
L06_002876,310,CASH_OUT,3947.41,C266352984,10522919.780000001,0.0,CASHOUT_L06_001438,0.0,0.0,0,0,L06_001438,LEGITIMATE_TRANSFER_CASHOUT,NONE,1,2,CASH_OUT,4,0.3350077946269532,0.04012158255493888,0.00037512497315645213,15730.46,10518972.370000001
L06_002877,299,TRANSFER,10969.91,C1537483042,76019.0,65049.09,C2083480576,0.0,10969.91,0,0,L06_001439,LEGITIMATE_TRANSFER_CASHOUT,NONE,1,1,TRANSFER,0,0.20397252467861232,0.14430484484142123,0.2039725029649286,13207.47,
L06_002878,301,CASH_OUT,2237.56,C2083480576,10969.91,0.0,CASHOUT_L06_001439,0.0,0.0,0,0,L06_001439,LEGITIMATE_TRANSFER_CASHOUT,NONE,1,2,CASH_OUT,2,0.20397252467861232,0.14430484484142123,0.2039725029649286,13207.47,8732.35
L06_002879,260,TRANSFER,20116.19,C1288800491,214836.0,194719.81,C337320218,0.0,20116.19,0,0,L06_001440,LEGITIMATE_TRANSFER_CASHOUT,NONE,1,1,TRANSFER,0,0.5560785470268468,0.09363509840064048,0.5560784621740001,31302.37,
L06_002880,264,CASH_OUT,11186.18,C337320218,20116.19,86365.92,CASHOUT_L06_001440,0.0,0.0,0,0,L06_001440,LEGITIMATE_TRANSFER_CASHOUT,NONE,1,2,CASH_OUT,4,0.5560785470268468,0.09363509840064048,0.5560784621740001,31302.37,8930.009999999998
L06_002881,209,TRANSFER,11419.99,C73099111,82049.0,70629.01,C141703195,34878.91,46298.9,0,0,L06_001441,LEGITIMATE_TRANSFER_CASHOUT,NONE,1,1,TRANSFER,0,0.20434715027758518,0.13918499920779046,0.050403789290890275,13753.63,
L06_002882,211,CASH_OUT,2333.64,C141703195,46298.9,0.0,CASHOUT_L06_001441,0.0,0.0,0,0,L06_001441,LEGITIMATE_TRANSFER_CASHOUT,NONE,1,2,CASH_OUT,2,0.20434715027758518,0.13918499920779046,0.050403789290890275,13753.63,43965.26
L06_002883,347,TRANSFER,15446.9,C1516257828,104113.0,88666.1,C1718789728,47172.36,62619.26,0,0,L06_001442,LEGITIMATE_TRANSFER_CASHOUT,NONE,1,1,TRANSFER,0,0.5628498017867853,0.14836667851276977,0.13884354430250373,24141.18,
L06_002884,350,CASH_OUT,8694.28,C1718789728,62619.26,61924.2,CASHOUT_L06_001442,0.0,0.0,0,0,L06_001442,LEGITIMATE_TRANSFER_CASHOUT,NONE,1,2,CASH_OUT,3,0.5628498017867853,0.14836667851276977,0.13884354430250373,24141.18,53924.98
L06_002885,206,TRANSFER,57765.72,C2141592008,767895.25,710129.53,C2126536847,4067178.48,4124944.2,0,0,L06_001443,LEGITIMATE_TRANSFER_CASHOUT,NONE,1,1,TRANSFER,0,0.4780377492891032,0.07522604157272753,0.0066944396484199704,85379.91,
L06_002886,209,CASH_OUT,27614.19,C2126536847,4124944.2,651303.18,CASHOUT_L06_001443,0.0,0.0,0,0,L06_001443,LEGITIMATE_TRANSFER_CASHOUT,NONE,1,2,CASH_OUT,3,0.4780377492891032,0.07522604157272753,0.0066944396484199704,85379.91,4097330.0100000002
L06_002887,302,TRANSFER,21323.72,C2128689716,252873.0,231549.28,C673861727,0.0,21323.72,0,0,L06_001444,LEGITIMATE_TRANSFER_CASHOUT,NONE,1,1,TRANSFER,0,0.2398288640917341,0.08432580781657197,0.23982869780694924,26437.760000000002,
L06_002888,307,CASH_OUT,5114.04,C673861727,21323.72,0.0,CASHOUT_L06_001444,0.0,0.0,0,0,L06_001444,LEGITIMATE_TRANSFER_CASHOUT,NONE,1,2,CASH_OUT,5,0.2398288640917341,0.08432580781657197,0.23982869780694924,26437.760000000002,16209.68
L06_002889,186,TRANSFER,9390.6,C1236115788,75551.0,66160.4,C791872043,0.0,9390.6,0,0,L06_001445,LEGITIMATE_TRANSFER_CASHOUT,NONE,1,1,TRANSFER,0,0.5089824253892219,0.12429484718931583,0.508982386641961,14170.25,
L06_002890,190,CASH_OUT,4779.65,C791872043,9390.6,0.0,CASHOUT_L06_001445,0.0,0.0,0,0,L06_001445,LEGITIMATE_TRANSFER_CASHOUT,NONE,1,2,CASH_OUT,4,0.5089824253892219,0.12429484718931583,0.508982386641961,14170.25,4610.950000000001
L06_002891,308,TRANSFER,9981.68,C2062300247,106449.0,96467.32,C912097190,12016018.65,12026000.33,0,0,L06_001446,LEGITIMATE_TRANSFER_CASHOUT,NONE,1,1,TRANSFER,0,0.5412772005799313,0.09376959858711684,0.000449264913665606,15384.54,
L06_002892,309,CASH_OUT,5402.86,C912097190,12026000.33,0.0,CASHOUT_L06_001446,0.0,0.0,0,0,L06_001446,LEGITIMATE_TRANSFER_CASHOUT,NONE,1,2,CASH_OUT,1,0.5412772005799313,0.09376959858711684,0.000449264913665606,15384.54,12020597.47
L06_002893,211,TRANSFER,10134.3,C186958765,96586.71,86452.41,C941250063,2082563.08,2092697.3800000001,0,0,L06_001447,LEGITIMATE_TRANSFER_CASHOUT,NONE,1,1,TRANSFER,0,0.5205216979396794,0.10492437313580717,0.0025207275788723927,15409.419999999998,
L06_002894,216,CASH_OUT,5275.12,C941250063,2092697.3800000001,0.0,CASHOUT_L06_001447,0.0,0.0,0,0,L06_001447,LEGITIMATE_TRANSFER_CASHOUT,NONE,1,2,CASH_OUT,5,0.5205216979396794,0.10492437313580717,0.0025207275788723927,15409.419999999998,2087422.26
L06_002895,326,TRANSFER,19310.78,C1956097911,240459.88,221149.1,C305155344,15601253.29,15620564.069999998,0,0,L06_001448,LEGITIMATE_TRANSFER_CASHOUT,NONE,1,1,TRANSFER,0,0.4628741151595041,0.08030770039476023,0.0005722238940888643,28249.239999999998,
L06_002896,328,CASH_OUT,8938.46,C305155344,15620564.069999998,0.0,CASHOUT_L06_001448,0.0,0.0,0,0,L06_001448,LEGITIMATE_TRANSFER_CASHOUT,NONE,1,2,CASH_OUT,2,0.4628741151595041,0.08030770039476023,0.0005722238940888643,28249.239999999998,15611625.609999998
L06_002897,162,TRANSFER,10137.57,C846285726,87371.0,77233.43,C944096355,0.0,10137.57,0,0,L06_001449,LEGITIMATE_TRANSFER_CASHOUT,NONE,1,1,TRANSFER,0,0.42597761764287856,0.1160290027583523,0.4259778230877814,14455.95,
L06_002898,164,CASH_OUT,4318.38,C944096355,10137.57,0.0,CASHOUT_L06_001449,0.0,0.0,0,0,L06_001449,LEGITIMATE_TRANSFER_CASHOUT,NONE,1,2,CASH_OUT,2,0.42597761764287856,0.1160290027583523,0.4259778230877814,14455.95,5819.19
L06_002899,133,TRANSFER,21963.01,C1403584390,235176.0,213212.99,C1916675106,137947.46,159910.47,0,0,L06_001450,LEGITIMATE_TRANSFER_CASHOUT,NONE,1,1,TRANSFER,0,0.2835271704947733,0.09338967411640643,0.038941227550641305,28190.12,
L06_002900,134,CASH_OUT,6227.11,C1916675106,159910.47,0.0,CASHOUT_L06_001450,0.0,0.0,0,0,L06_001450,LEGITIMATE_TRANSFER_CASHOUT,NONE,1,2,CASH_OUT,1,0.2835271704947733,0.09338967411640643,0.038941227550641305,28190.12,153683.36000000002
L06_002901,305,TRANSFER,8989.28,C283715544,65558.03,56568.75,C1646768211,1225783.41,1234772.69,0,0,L06_001451,LEGITIMATE_TRANSFER_CASHOUT,NONE,1,1,TRANSFER,0,0.3174721556361883,0.13711943449185401,0.0023112351148615053,11843.130000000001,
L06_002902,309,CASH_OUT,2853.85,C1646768211,1234772.69,0.0,CASHOUT_L06_001451,0.0,0.0,0,0,L06_001451,LEGITIMATE_TRANSFER_CASHOUT,NONE,1,2,CASH_OUT,4,0.3174721556361883,0.13711943449185401,0.0023112351148615053,11843.130000000001,1231918.8399999999
L06_002903,328,TRANSFER,11127.84,C1555015768,90880.0,79752.16,C1653726371,0.0,11127.84,0,0,L06_001452,LEGITIMATE_TRANSFER_CASHOUT,NONE,1,1,TRANSFER,0,0.3122960059649191,0.12244542253521126,0.31229600713166256,14603.02,
L06_002904,330,CASH_OUT,3475.18,C1653726371,11127.84,0.0,CASHOUT_L06_001452,0.0,0.0,0,0,L06_001452,LEGITIMATE_TRANSFER_CASHOUT,NONE,1,2,CASH_OUT,2,0.3122960059649191,0.12244542253521126,0.31229600713166256,14603.02,7652.66
L06_002905,334,TRANSFER,9027.47,C1303173115,100602.0,91574.53,C1482397739,0.0,9027.47,0,0,L06_001453,LEGITIMATE_TRANSFER_CASHOUT,NONE,1,1,TRANSFER,0,0.43911067322201425,0.08973449832011292,0.43911084722519156,12991.529999999999,
L06_002906,335,CASH_OUT,3964.06,C1482397739,9027.47,0.0,CASHOUT_L06_001453,0.0,0.0,0,0,L06_001453,LEGITIMATE_TRANSFER_CASHOUT,NONE,1,2,CASH_OUT,1,0.43911067322201425,0.08973449832011292,0.43911084722519156,12991.529999999999,5063.41
L06_002907,19,TRANSFER,17936.97,C2024144261,430407.64,412470.67000000004,C1679002071,733262.06,751199.03,0,0,L06_001454,LEGITIMATE_TRANSFER_CASHOUT,NONE,1,1,TRANSFER,0,0.5517248547240584,0.04167437641209157,0.01317396536041853,27833.24,
L06_002908,23,CASH_OUT,9896.27,C1679002071,751199.03,0.0,CASHOUT_L06_001454,0.0,0.0,0,0,L06_001454,LEGITIMATE_TRANSFER_CASHOUT,NONE,1,2,CASH_OUT,4,0.5517248547240584,0.04167437641209157,0.01317396536041853,27833.24,741302.76
L06_002909,186,TRANSFER,12940.96,C713883448,92162.47,79221.51000000001,C1204930654,2030006.7,2042947.66,0,0,L06_001455,LEGITIMATE_TRANSFER_CASHOUT,NONE,1,1,TRANSFER,0,0.2314291942293137,0.14041463949479652,0.00146597979901257,15935.88,
L06_002910,190,CASH_OUT,2994.92,C1204930654,2042947.66,0.0,CASHOUT_L06_001455,0.0,0.0,0,0,L06_001455,LEGITIMATE_TRANSFER_CASHOUT,NONE,1,2,CASH_OUT,4,0.2314291942293137,0.14041463949479652,0.00146597979901257,15935.88,2039952.74
L06_002911,164,TRANSFER,10406.52,C392127478,72324.93,61918.40999999999,C1683536364,543812.73,554219.25,0,0,L06_001456,LEGITIMATE_TRANSFER_CASHOUT,NONE,1,1,TRANSFER,0,0.5376996390551771,0.1438856560248313,0.010096329205454339,16002.1,
L06_002912,167,CASH_OUT,5595.58,C1683536364,554219.25,31709.83,CASHOUT_L06_001456,0.0,0.0,0,0,L06_001456,LEGITIMATE_TRANSFER_CASHOUT,NONE,1,2,CASH_OUT,3,0.5376996390551771,0.1438856560248313,0.010096329205454339,16002.1,548623.67
L06_002913,158,TRANSFER,11950.01,C1015890891,91954.0,80003.99,C234655084,531936.17,543886.18,0,0,L06_001457,LEGITIMATE_TRANSFER_CASHOUT,NONE,1,1,TRANSFER,0,0.4836258122182709,0.1299563912390978,0.010625991636706047,17729.34,
L06_002914,160,CASH_OUT,5779.33,C234655084,543886.18,0.0,CASHOUT_L06_001457,0.0,0.0,0,0,L06_001457,LEGITIMATE_TRANSFER_CASHOUT,NONE,1,2,CASH_OUT,2,0.4836258122182709,0.1299563912390978,0.010625991636706047,17729.34,538106.8500000001
L06_002915,525,TRANSFER,39421.97,C1642818138,444847.0,405425.03,C1882149142,468783.25,508205.22,0,0,L06_001458,LEGITIMATE_TRANSFER_CASHOUT,NONE,1,1,TRANSFER,0,0.42698948486080524,0.08861916569067567,0.03312199351277817,56254.740000000005,
L06_002916,529,CASH_OUT,16832.77,C1882149142,508205.22,303951.22,CASHOUT_L06_001458,0.0,0.0,0,0,L06_001458,LEGITIMATE_TRANSFER_CASHOUT,NONE,1,2,CASH_OUT,4,0.42698948486080524,0.08861916569067567,0.03312199351277817,56254.740000000005,491372.44999999995
L06_002917,542,TRANSFER,40404.51,C1705367844,545060.0,504655.49,C276522288,1930934.98,1971339.49,0,0,L06_001459,LEGITIMATE_TRANSFER_CASHOUT,NONE,1,1,TRANSFER,0,0.5850653456495667,0.07412855465453345,0.01199148098027499,64043.79,
L06_002918,547,CASH_OUT,23639.28,C276522288,1971339.49,0.0,CASHOUT_L06_001459,0.0,0.0,0,0,L06_001459,LEGITIMATE_TRANSFER_CASHOUT,NONE,1,2,CASH_OUT,5,0.5850653456495667,0.07412855465453345,0.01199148098027499,64043.79,1947700.21
L06_002919,286,TRANSFER,16729.49,C1956980402,176790.79,160061.30000000002,C1505029399,798837.46,815566.95,0,0,L06_001460,LEGITIMATE_TRANSFER_CASHOUT,NONE,1,1,TRANSFER,0,0.5542559226319635,0.09462874168954163,0.01136929347124721,26001.910000000003,
L06_002920,288,CASH_OUT,9272.42,C1505029399,815566.95,0.0,CASHOUT_L06_001460,0.0,0.0,0,0,L06_001460,LEGITIMATE_TRANSFER_CASHOUT,NONE,1,2,CASH_OUT,2,0.5542559226319635,0.09462874168954163,0.01136929347124721,26001.910000000003,806294.5299999999
L06_002921,230,TRANSFER,17577.46,C1924213294,564770.0,547192.54,C596119860,44857.23,62434.69,0,0,L06_001461,LEGITIMATE_TRANSFER_CASHOUT,NONE,1,1,TRANSFER,0,0.509776461877727,0.031123218301255376,0.14351925187744186,26538.04,
L06_002922,232,CASH_OUT,8960.58,C596119860,62434.69,0.0,CASHOUT_L06_001461,0.0,0.0,0,0,L06_001461,LEGITIMATE_TRANSFER_CASHOUT,NONE,1,2,CASH_OUT,2,0.509776461877727,0.031123218301255376,0.14351925187744186,26538.04,53474.11
L06_002923,251,TRANSFER,11426.19,C640742684,89784.64,78358.45,C878794063,446228.44,457654.63,0,0,L06_001462,LEGITIMATE_TRANSFER_CASHOUT,NONE,1,1,TRANSFER,0,0.5351883248163138,0.12726219094936506,0.013361953751019628,17541.35,
L06_002924,256,CASH_OUT,6115.16,C878794063,457654.63,0.0,CASHOUT_L06_001462,0.0,0.0,0,0,L06_001462,LEGITIMATE_TRANSFER_CASHOUT,NONE,1,2,CASH_OUT,5,0.5351883248163138,0.12726219094936506,0.013361953751019628,17541.35,451539.47000000003
L06_002925,22,TRANSFER,9667.33,C1656913195,264157.0,254489.67,C392080150,906068.02,915735.35,0,0,L06_001463,LEGITIMATE_TRANSFER_CASHOUT,NONE,1,1,TRANSFER,0,0.24265457369125892,0.03659691017084537,0.0025616789829070157,12013.15,
L06_002926,26,CASH_OUT,2345.82,C392080150,915735.35,225415.7,CASHOUT_L06_001463,0.0,0.0,0,0,L06_001463,LEGITIMATE_TRANSFER_CASHOUT,NONE,1,2,CASH_OUT,4,0.24265457369125892,0.03659691017084537,0.0025616789829070157,12013.15,913389.53
L06_002927,401,TRANSFER,12117.99,C50496021,152141.0,140023.01,C342077848,1609141.46,1621259.45,0,0,L06_001464,LEGITIMATE_TRANSFER_CASHOUT,NONE,1,1,TRANSFER,0,0.4075332092394851,0.07964973281363998,0.003046076308144264,17056.47,
L06_002928,405,CASH_OUT,4938.48,C342077848,1621259.45,0.0,CASHOUT_L06_001464,0.0,0.0,0,0,L06_001464,LEGITIMATE_TRANSFER_CASHOUT,NONE,1,2,CASH_OUT,4,0.4075332092394851,0.07964973281363998,0.003046076308144264,17056.47,1616320.97
L06_002929,36,TRANSFER,8713.72,C1963984632,58872.28,50158.56,C1715093037,264883.63,273597.35,0,0,L06_001465,LEGITIMATE_TRANSFER_CASHOUT,NONE,1,1,TRANSFER,0,0.3394407214981076,0.14801057475606516,0.010810740674206093,11671.509999999998,
L06_002930,39,CASH_OUT,2957.79,C1715093037,273597.35,0.0,CASHOUT_L06_001465,0.0,0.0,0,0,L06_001465,LEGITIMATE_TRANSFER_CASHOUT,NONE,1,2,CASH_OUT,3,0.3394407214981076,0.14801057475606516,0.010810740674206093,11671.509999999998,270639.56
L06_002931,324,TRANSFER,46102.72,C1641149641,448849.77,402747.05000000005,C952343044,1789392.63,1835495.3499999999,0,0,L06_001466,LEGITIMATE_TRANSFER_CASHOUT,NONE,1,1,TRANSFER,0,0.285990807186656,0.10271303024172208,0.007183319750714706,59287.67,
L06_002932,329,CASH_OUT,13184.95,C952343044,1835495.3499999999,0.0,CASHOUT_L06_001466,0.0,0.0,0,0,L06_001466,LEGITIMATE_TRANSFER_CASHOUT,NONE,1,2,CASH_OUT,5,0.285990807186656,0.10271303024172208,0.007183319750714706,59287.67,1822310.4
L06_002933,131,TRANSFER,9232.78,C1681581803,62296.0,53063.22,C279766569,793638.47,802871.25,0,0,L06_001467,LEGITIMATE_TRANSFER_CASHOUT,NONE,1,1,TRANSFER,0,0.2550344289677766,0.1482082316681649,0.0029328239116794877,11587.460000000001,
L06_002934,135,CASH_OUT,2354.68,C279766569,802871.25,0.0,CASHOUT_L06_001467,0.0,0.0,0,0,L06_001467,LEGITIMATE_TRANSFER_CASHOUT,NONE,1,2,CASH_OUT,4,0.2550344289677766,0.1482082316681649,0.0029328239116794877,11587.460000000001,800516.57
L06_002935,202,TRANSFER,15371.02,C34607208,274435.21,259064.19000000003,C2099335355,3595124.35,3610495.37,0,0,L06_001468,LEGITIMATE_TRANSFER_CASHOUT,NONE,1,1,TRANSFER,0,0.2197867885674139,0.056009649782183556,0.0009357026263130203,18749.37,
L06_002936,207,CASH_OUT,3378.35,C2099335355,3610495.37,0.0,CASHOUT_L06_001468,0.0,0.0,0,0,L06_001468,LEGITIMATE_TRANSFER_CASHOUT,NONE,1,2,CASH_OUT,5,0.2197867885674139,0.056009649782183556,0.0009357026263130203,18749.37,3607117.02
L06_002937,688,TRANSFER,16471.68,C11051951,139076.0,122604.32,C1965425030,495051.49,511523.17,0,0,L06_001469,LEGITIMATE_TRANSFER_CASHOUT,NONE,1,1,TRANSFER,0,0.5181535570853005,0.11843653829560816,0.01668518749600336,25006.54,
L06_002938,692,CASH_OUT,8534.86,C1965425030,511523.17,0.0,CASHOUT_L06_001469,0.0,0.0,0,0,L06_001469,LEGITIMATE_TRANSFER_CASHOUT,NONE,1,2,CASH_OUT,4,0.5181535570853005,0.11843653829560816,0.01668518749600336,25006.54,502988.31
L06_002939,22,TRANSFER,9268.48,C391236104,150431.5,141163.02,C1465145016,921999.92,931268.4,0,0,L06_001470,LEGITIMATE_TRANSFER_CASHOUT,NONE,1,1,TRANSFER,0,0.3364507386003497,0.061612627674390005,0.003348540549641757,12386.869999999999,
L06_002940,25,CASH_OUT,3118.39,C1465145016,931268.4,0.0,CASHOUT_L06_001470,0.0,0.0,0,0,L06_001470,LEGITIMATE_TRANSFER_CASHOUT,NONE,1,2,CASH_OUT,3,0.3364507386003497,0.061612627674390005,0.003348540549641757,12386.869999999999,928150.01
L06_002941,20,TRANSFER,18470.07,C1932393170,250011.07,231541.0,C580982163,619612.92,638082.99,0,0,L06_001471,LEGITIMATE_TRANSFER_CASHOUT,NONE,1,1,TRANSFER,0,0.5358014329392528,0.07387700872605361,0.01550940889366131,28366.36,
L06_002942,23,CASH_OUT,9896.29,C580982163,638082.99,0.0,CASHOUT_L06_001471,0.0,0.0,0,0,L06_001471,LEGITIMATE_TRANSFER_CASHOUT,NONE,1,2,CASH_OUT,3,0.5358014329392528,0.07387700872605361,0.01550940889366131,28366.36,628186.7
L06_002943,396,TRANSFER,28595.12,C1329447414,575106.0,546510.88,C914907989,0.0,28595.12,0,0,L06_001472,LEGITIMATE_TRANSFER_CASHOUT,NONE,1,1,TRANSFER,0,0.29065357139781983,0.04972147743198645,0.2906534401674132,36906.39,
L06_002944,399,CASH_OUT,8311.27,C914907989,28595.12,0.0,CASHOUT_L06_001472,0.0,0.0,0,0,L06_001472,LEGITIMATE_TRANSFER_CASHOUT,NONE,1,2,CASH_OUT,3,0.29065357139781983,0.04972147743198645,0.2906534401674132,36906.39,20283.85
L06_002945,304,TRANSFER,68070.2,C2137765044,485407.9,417337.7,C669550273,29315132.57,29383202.77,0,0,L06_001473,LEGITIMATE_TRANSFER_CASHOUT,NONE,1,1,TRANSFER,0,0.2572466542421257,0.14023298755541472,0.0005959469475491764,85581.03,
L06_002946,309,CASH_OUT,17510.83,C669550273,29383202.77,0.0,CASHOUT_L06_001473,0.0,0.0,0,0,L06_001473,LEGITIMATE_TRANSFER_CASHOUT,NONE,1,2,CASH_OUT,5,0.2572466542421257,0.14023298755541472,0.0005959469475491764,85581.03,29365691.94
L06_002947,692,TRANSFER,8975.35,C1193357540,80831.0,71855.65,C548976984,40712.48,49687.83,0,0,L06_001474,LEGITIMATE_TRANSFER_CASHOUT,NONE,1,1,TRANSFER,0,0.35313246415046484,0.11103846296594129,0.06378805433845672,12144.84,
L06_002948,697,CASH_OUT,3169.49,C548976984,49687.83,44883.69,CASHOUT_L06_001474,0.0,0.0,0,0,L06_001474,LEGITIMATE_TRANSFER_CASHOUT,NONE,1,2,CASH_OUT,5,0.35313246415046484,0.11103846296594129,0.06378805433845672,12144.84,46518.340000000004
L06_002949,345,TRANSFER,13442.38,C661703788,105205.0,91762.62,C737211460,0.0,13442.38,0,0,L06_001475,LEGITIMATE_TRANSFER_CASHOUT,NONE,1,1,TRANSFER,0,0.2994722596603745,0.1277732046955943,0.2994722660719307,17468.0,
L06_002950,346,CASH_OUT,4025.62,C737211460,13442.38,0.0,CASHOUT_L06_001475,0.0,0.0,0,0,L06_001475,LEGITIMATE_TRANSFER_CASHOUT,NONE,1,2,CASH_OUT,1,0.2994722596603745,0.1277732046955943,0.2994722660719307,17468.0,9416.759999999998
L06_002951,206,TRANSFER,80046.8,C2141592008,767895.25,687848.45,C2126536847,4067178.48,4147225.28,0,0,L06_001476,LEGITIMATE_TRANSFER_CASHOUT,NONE,1,1,TRANSFER,0,0.3693206937326579,0.10424182204538966,0.007128366077089499,109609.74,
L06_002952,210,CASH_OUT,29562.94,C2126536847,4147225.28,651303.18,CASHOUT_L06_001476,0.0,0.0,0,0,L06_001476,LEGITIMATE_TRANSFER_CASHOUT,NONE,1,2,CASH_OUT,4,0.3693206937326579,0.10424182204538966,0.007128366077089499,109609.74,4117662.34
L06_002953,211,TRANSFER,40776.87,C1534172036,591250.53,550473.66,C1455826282,3403628.72,3444405.5900000003,0,0,L06_001477,LEGITIMATE_TRANSFER_CASHOUT,NONE,1,1,TRANSFER,0,0.23549796424778985,0.06896716016474438,0.0027879614491044882,50379.740000000005,
L06_002954,215,CASH_OUT,9602.87,C1455826282,3444405.5900000003,0.0,CASHOUT_L06_001477,0.0,0.0,0,0,L06_001477,LEGITIMATE_TRANSFER_CASHOUT,NONE,1,2,CASH_OUT,4,0.23549796424778985,0.06896716016474438,0.0027879614491044882,50379.740000000005,3434802.72
L06_002955,159,TRANSFER,8951.43,C1225675628,89230.0,80278.57,C917056763,0.0,8951.43,0,0,L06_001478,LEGITIMATE_TRANSFER_CASHOUT,NONE,1,1,TRANSFER,0,0.44332624846710367,0.10031861481564497,0.4433258149815169,12919.83,
L06_002956,164,CASH_OUT,3968.4,C917056763,8951.43,0.0,CASHOUT_L06_001478,0.0,0.0,0,0,L06_001478,LEGITIMATE_TRANSFER_CASHOUT,NONE,1,2,CASH_OUT,5,0.44332624846710367,0.10031861481564497,0.4433258149815169,12919.83,4983.030000000001
L06_002957,522,TRANSFER,26111.01,C2127205822,217113.95,191002.94,C1134800972,2090232.73,2116343.7399999998,0,0,L06_001479,LEGITIMATE_TRANSFER_CASHOUT,NONE,1,1,TRANSFER,0,0.5632180207361097,0.1202640825244071,0.006948866444540811,40817.2,
L06_002958,524,CASH_OUT,14706.19,C1134800972,2116343.7399999998,79706.28,CASHOUT_L06_001479,0.0,0.0,0,0,L06_001479,LEGITIMATE_TRANSFER_CASHOUT,NONE,1,2,CASH_OUT,2,0.5632180207361097,0.1202640825244071,0.006948866444540811,40817.2,2101637.55
L06_002959,254,TRANSFER,40947.62,C934118484,310239.0,269291.38,C1424791810,0.0,40947.62,0,0,L06_001480,LEGITIMATE_TRANSFER_CASHOUT,NONE,1,1,TRANSFER,0,0.49776593356012844,0.13198733879363975,0.4977659263224578,61329.950000000004,
L06_002960,257,CASH_OUT,20382.33,C1424791810,40947.62,0.0,CASHOUT_L06_001480,0.0,0.0,0,0,L06_001480,LEGITIMATE_TRANSFER_CASHOUT,NONE,1,2,CASH_OUT,3,0.49776593356012844,0.13198733879363975,0.4977659263224578,61329.950000000004,20565.29
L06_002961,302,TRANSFER,25389.35,C1113824151,262372.7,236983.35,C1352489072,3999793.79,4025183.14,0,0,L06_001481,LEGITIMATE_TRANSFER_CASHOUT,NONE,1,1,TRANSFER,0,0.5583766858561491,0.09676826133206694,0.0035220310497474654,39566.17,
L06_002962,306,CASH_OUT,14176.82,C1352489072,4025183.14,99957.84,CASHOUT_L06_001481,0.0,0.0,0,0,L06_001481,LEGITIMATE_TRANSFER_CASHOUT,NONE,1,2,CASH_OUT,4,0.5583766858561491,0.09676826133206694,0.0035220310497474654,39566.17,4011006.3200000003
L06_002963,10,TRANSFER,10300.79,C344874698,90602.0,80301.20999999999,C453595223,11723.15,22023.940000000002,0,0,L06_001482,LEGITIMATE_TRANSFER_CASHOUT,NONE,1,1,TRANSFER,0,0.4142835418709391,0.11369274408953446,0.19376414937563394,14568.240000000002,
L06_002964,12,CASH_OUT,4267.45,C453595223,22023.940000000002,0.0,CASHOUT_L06_001482,0.0,0.0,0,0,L06_001482,LEGITIMATE_TRANSFER_CASHOUT,NONE,1,2,CASH_OUT,2,0.4142835418709391,0.11369274408953446,0.19376414937563394,14568.240000000002,17756.49
L06_002965,275,TRANSFER,13225.73,C1862208408,323899.36,310673.63,C1245689449,13384670.04,13397895.77,0,0,L06_001483,LEGITIMATE_TRANSFER_CASHOUT,NONE,1,1,TRANSFER,0,0.2870159749162071,0.04083283770613193,0.0002833280736889924,17021.73,
L06_002966,277,CASH_OUT,3796.0,C1245689449,13397895.77,0.0,CASHOUT_L06_001483,0.0,0.0,0,0,L06_001483,LEGITIMATE_TRANSFER_CASHOUT,NONE,1,2,CASH_OUT,2,0.2870159749162071,0.04083283770613193,0.0002833280736889924,17021.73,13394099.77
L06_002967,129,TRANSFER,17789.38,C198022657,212635.0,194845.62,C822258436,44942.68,62732.06,0,0,L06_001484,LEGITIMATE_TRANSFER_CASHOUT,NONE,1,1,TRANSFER,0,0.3605125961217148,0.08366157970230677,0.10223321217253188,24202.68,
L06_002968,133,CASH_OUT,6413.3,C822258436,62732.06,0.0,CASHOUT_L06_001484,0.0,0.0,0,0,L06_001484,LEGITIMATE_TRANSFER_CASHOUT,NONE,1,2,CASH_OUT,4,0.3605125961217148,0.08366157970230677,0.10223321217253188,24202.68,56318.759999999995
L06_002969,179,TRANSFER,44554.77,C1029491447,302280.16,257725.38999999998,C91325386,3076112.71,3120667.48,0,0,L06_001485,LEGITIMATE_TRANSFER_CASHOUT,NONE,1,1,TRANSFER,0,0.3296768770776046,0.1473956147171551,0.004706903280832728,59243.45,
L06_002970,184,CASH_OUT,14688.68,C91325386,3120667.48,0.0,CASHOUT_L06_001485,0.0,0.0,0,0,L06_001485,LEGITIMATE_TRANSFER_CASHOUT,NONE,1,2,CASH_OUT,5,0.3296768770776046,0.1473956147171551,0.004706903280832728,59243.45,3105978.8
L06_002971,259,TRANSFER,27454.94,C472012794,190585.0,163130.06,C1824330494,190899.28,218354.22,0,0,L06_001486,LEGITIMATE_TRANSFER_CASHOUT,NONE,1,1,TRANSFER,0,0.24327368467621754,0.14405614292835217,0.03058818831163419,34134.0,
L06_002972,262,CASH_OUT,6679.06,C1824330494,218354.22,184469.54,CASHOUT_L06_001486,0.0,0.0,0,0,L06_001486,LEGITIMATE_TRANSFER_CASHOUT,NONE,1,2,CASH_OUT,3,0.24327368467621754,0.14405614292835217,0.03058818831163419,34134.0,211675.16
L06_002973,14,TRANSFER,11963.08,C1233982893,99291.0,87327.92,C2017174597,1353804.89,1365767.97,0,0,L06_001487,LEGITIMATE_TRANSFER_CASHOUT,NONE,1,1,TRANSFER,0,0.5665073075859282,0.12048503892598524,0.0049621679149497114,18740.25,
L06_002974,16,CASH_OUT,6777.17,C2017174597,1365767.97,0.0,CASHOUT_L06_001487,0.0,0.0,0,0,L06_001487,LEGITIMATE_TRANSFER_CASHOUT,NONE,1,2,CASH_OUT,2,0.5665073075859282,0.12048503892598524,0.0049621679149497114,18740.25,1358990.8
L06_002975,230,TRANSFER,14450.74,C2074110312,107606.0,93155.26,C1210053201,3587327.65,3601778.39,0,0,L06_001488,LEGITIMATE_TRANSFER_CASHOUT,NONE,1,1,TRANSFER,0,0.5381769742261773,0.13429306915971229,0.0021592277919130942,22227.8,
L06_002976,231,CASH_OUT,7777.06,C1210053201,3601778.39,0.0,CASHOUT_L06_001488,0.0,0.0,0,0,L06_001488,LEGITIMATE_TRANSFER_CASHOUT,NONE,1,2,CASH_OUT,1,0.5381769742261773,0.13429306915971229,0.0021592277919130942,22227.8,3594001.33
L06_002977,15,TRANSFER,8830.09,C829485221,87928.0,79097.91,C348803069,0.0,8830.09,0,0,L06_001489,LEGITIMATE_TRANSFER_CASHOUT,NONE,1,1,TRANSFER,0,0.3678634203555933,0.1004240969884451,0.36786374770812075,12078.36,
L06_002978,17,CASH_OUT,3248.27,C348803069,8830.09,0.0,CASHOUT_L06_001489,0.0,0.0,0,0,L06_001489,LEGITIMATE_TRANSFER_CASHOUT,NONE,1,2,CASH_OUT,2,0.3678634203555933,0.1004240969884451,0.36786374770812075,12078.36,5581.82
L06_002979,283,TRANSFER,12475.37,C114632853,167444.77,154969.4,C1941729195,906267.1,918742.47,0,0,L06_001490,LEGITIMATE_TRANSFER_CASHOUT,NONE,1,1,TRANSFER,0,0.4774266048728609,0.07450438732723633,0.006482850411824327,18431.440000000002,
L06_002980,284,CASH_OUT,5956.07,C1941729195,918742.47,0.0,CASHOUT_L06_001490,0.0,0.0,0,0,L06_001490,LEGITIMATE_TRANSFER_CASHOUT,NONE,1,2,CASH_OUT,1,0.4774266048728609,0.07450438732723633,0.006482850411824327,18431.440000000002,912786.4
L06_002981,43,TRANSFER,9008.6,C1598579689,65400.0,56391.4,C1741187453,326994.43,336003.02999999997,0,0,L06_001491,LEGITIMATE_TRANSFER_CASHOUT,NONE,1,1,TRANSFER,0,0.2640496395145592,0.1377461773700306,0.00707945996796517,11387.32,
L06_002982,45,CASH_OUT,2378.72,C1741187453,336003.02999999997,0.0,CASHOUT_L06_001491,0.0,0.0,0,0,L06_001491,LEGITIMATE_TRANSFER_CASHOUT,NONE,1,2,CASH_OUT,2,0.2640496395145592,0.1377461773700306,0.00707945996796517,11387.32,333624.31
L06_002983,178,TRANSFER,94418.49,C1649194561,925823.0,831404.51,C711675960,1029318.02,1123736.51,0,0,L06_001492,LEGITIMATE_TRANSFER_CASHOUT,NONE,1,1,TRANSFER,0,0.6137815928714201,0.10198330566425765,0.05157110184130264,152370.82,
L06_002984,179,CASH_OUT,57952.33,C711675960,1123736.51,392103.11,CASHOUT_L06_001492,0.0,0.0,0,0,L06_001492,LEGITIMATE_TRANSFER_CASHOUT,NONE,1,2,CASH_OUT,1,0.6137815928714201,0.10198330566425765,0.05157110184130264,152370.82,1065784.18
L06_002985,205,TRANSFER,30849.36,C1399724043,297033.84,266184.48000000004,C1564367222,489438.26,520287.62,0,0,L06_001493,LEGITIMATE_TRANSFER_CASHOUT,NONE,1,1,TRANSFER,0,0.2416584619038346,0.1038580654648642,0.014328632305339113,38304.37,
L06_002986,208,CASH_OUT,7455.01,C1564367222,520287.62,0.0,CASHOUT_L06_001493,0.0,0.0,0,0,L06_001493,LEGITIMATE_TRANSFER_CASHOUT,NONE,1,2,CASH_OUT,3,0.2416584619038346,0.1038580654648642,0.014328632305339113,38304.37,512832.61
L06_002987,400,TRANSFER,9760.89,C163963868,85462.0,75701.11,C1731041007,921796.99,931557.88,0,0,L06_001494,LEGITIMATE_TRANSFER_CASHOUT,NONE,1,1,TRANSFER,0,0.45697773746727216,0.11421321757038215,0.004788226363347386,14221.4,
L06_002988,405,CASH_OUT,4460.51,C1731041007,931557.88,0.0,CASHOUT_L06_001494,0.0,0.0,0,0,L06_001494,LEGITIMATE_TRANSFER_CASHOUT,NONE,1,2,CASH_OUT,5,0.45697773746727216,0.11421321757038215,0.004788226363347386,14221.4,927097.37
L06_002989,119,TRANSFER,10517.85,C1146401369,70676.0,60158.15,C1948976804,58286.92,68804.77,0,0,L06_001495,LEGITIMATE_TRANSFER_CASHOUT,NONE,1,1,TRANSFER,0,0.22785908444340902,0.14881784481294924,0.03483174204346588,12914.44,
L06_002990,124,CASH_OUT,2396.59,C1948976804,68804.77,0.0,CASHOUT_L06_001495,0.0,0.0,0,0,L06_001495,LEGITIMATE_TRANSFER_CASHOUT,NONE,1,2,CASH_OUT,5,0.22785908444340902,0.14881784481294924,0.03483174204346588,12914.44,66408.18000000001
L06_002991,328,TRANSFER,13621.06,C2140039420,98386.56,84765.5,C1652213357,668160.5,681781.56,0,0,L06_001496,LEGITIMATE_TRANSFER_CASHOUT,NONE,1,1,TRANSFER,0,0.6398962102132596,0.13844431597161239,0.012784241333837187,22337.12,
L06_002992,331,CASH_OUT,8716.06,C1652213357,681781.56,0.0,CASHOUT_L06_001496,0.0,0.0,0,0,L06_001496,LEGITIMATE_TRANSFER_CASHOUT,NONE,1,2,CASH_OUT,3,0.6398962102132596,0.13844431597161239,0.012784241333837187,22337.12,673065.5
L06_002993,525,TRANSFER,43892.44,C1642818138,444847.0,400954.56,C1882149142,468783.25,512675.69,0,0,L06_001497,LEGITIMATE_TRANSFER_CASHOUT,NONE,1,1,TRANSFER,0,0.4780487449966946,0.09866862089662289,0.040927881717972625,64875.17,
L06_002994,526,CASH_OUT,20982.73,C1882149142,512675.69,303951.22,CASHOUT_L06_001497,0.0,0.0,0,0,L06_001497,LEGITIMATE_TRANSFER_CASHOUT,NONE,1,2,CASH_OUT,1,0.4780487449966946,0.09866862089662289,0.040927881717972625,64875.17,491692.96
L06_002995,254,TRANSFER,44250.14,C1571878924,301654.59,257404.45,C1285261551,1696839.53,1741089.67,0,0,L06_001498,LEGITIMATE_TRANSFER_CASHOUT,NONE,1,1,TRANSFER,0,0.6063119506603601,0.14669141948080416,0.015409539475356258,71079.53,
L06_002996,256,CASH_OUT,26829.39,C1285261551,1741089.67,211170.63,CASHOUT_L06_001498,0.0,0.0,0,0,L06_001498,LEGITIMATE_TRANSFER_CASHOUT,NONE,1,2,CASH_OUT,2,0.6063119506603601,0.14669141948080416,0.015409539475356258,71079.53,1714260.28
L06_002997,355,TRANSFER,15008.5,C1719910502,187121.09,172112.59,C1043419656,411873.29,426881.79,0,0,L06_001499,LEGITIMATE_TRANSFER_CASHOUT,NONE,1,1,TRANSFER,0,0.6499006294055316,0.0802074207669483,0.022849487208156622,24762.53,
L06_002998,358,CASH_OUT,9754.03,C1043419656,426881.79,137864.4,CASHOUT_L06_001499,0.0,0.0,0,0,L06_001499,LEGITIMATE_TRANSFER_CASHOUT,NONE,1,2,CASH_OUT,3,0.6499006294055316,0.0802074207669483,0.022849487208156622,24762.53,417127.75999999995
L06_002999,373,TRANSFER,8921.1,C714899891,63271.0,54349.9,C1410385938,160406.83,169327.93,0,0,L06_001500,LEGITIMATE_TRANSFER_CASHOUT,NONE,1,1,TRANSFER,0,0.3236417481877396,0.14099824564176322,0.01705117401482437,11808.34,
L06_003000,376,CASH_OUT,2887.24,C1410385938,169327.93,0.0,CASHOUT_L06_001500,0.0,0.0,0,0,L06_001500,LEGITIMATE_TRANSFER_CASHOUT,NONE,1,2,CASH_OUT,3,0.3236417481877396,0.14099824564176322,0.01705117401482437,11808.34,166440.69
L06_003001,188,TRANSFER,9422.6,C1525165291,80563.0,71140.4,C1020604494,0.0,9422.6,0,0,L06_001501,LEGITIMATE_TRANSFER_CASHOUT,NONE,1,1,TRANSFER,0,0.26946023092484,0.11695939823492174,0.2694606584169974,11961.62,
L06_003002,189,CASH_OUT,2539.02,C1020604494,9422.6,0.0,CASHOUT_L06_001501,0.0,0.0,0,0,L06_001501,LEGITIMATE_TRANSFER_CASHOUT,NONE,1,2,CASH_OUT,1,0.26946023092484,0.11695939823492174,0.2694606584169974,11961.62,6883.58
L06_003003,235,TRANSFER,11867.7,C738890049,133098.0,121230.3,C856682637,607682.66,619550.36,0,0,L06_001502,LEGITIMATE_TRANSFER_CASHOUT,NONE,1,1,TRANSFER,0,0.29766839111492144,0.08916512644818105,0.005701941646842074,15400.34,
L06_003004,236,CASH_OUT,3532.64,C856682637,619550.36,0.0,CASHOUT_L06_001502,0.0,0.0,0,0,L06_001502,LEGITIMATE_TRANSFER_CASHOUT,NONE,1,2,CASH_OUT,1,0.29766839111492144,0.08916512644818105,0.005701941646842074,15400.34,616017.72
L06_003005,187,TRANSFER,16498.55,C952805582,113418.0,96919.45,C382990583,1426017.6,1442516.1500000001,0,0,L06_001503,LEGITIMATE_TRANSFER_CASHOUT,NONE,1,1,TRANSFER,0,0.2447199715773941,0.14546676894320124,0.0027989426669503834,20536.07,
L06_003006,189,CASH_OUT,4037.52,C382990583,1442516.1500000001,0.0,CASHOUT_L06_001503,0.0,0.0,0,0,L06_001503,LEGITIMATE_TRANSFER_CASHOUT,NONE,1,2,CASH_OUT,2,0.2447199715773941,0.14546676894320124,0.0027989426669503834,20536.07,1438478.6300000001
L06_003007,208,TRANSFER,10730.38,C1418919870,101949.0,91218.62,C1056750831,1028221.32,1038951.7,0,0,L06_001504,LEGITIMATE_TRANSFER_CASHOUT,NONE,1,1,TRANSFER,0,0.6108010294759457,0.10525243013663693,0.006308406829691891,17284.51,
L06_003008,210,CASH_OUT,6554.13,C1056750831,1038951.7,0.0,CASHOUT_L06_001504,0.0,0.0,0,0,L06_001504,LEGITIMATE_TRANSFER_CASHOUT,NONE,1,2,CASH_OUT,2,0.6108010294759457,0.10525243013663693,0.006308406829691891,17284.51,1032397.57
L06_003009,203,TRANSFER,8808.38,C285418791,59776.0,50967.62,C379069836,1191833.66,1200642.0399999998,0,0,L06_001505,LEGITIMATE_TRANSFER_CASHOUT,NONE,1,1,TRANSFER,0,0.4649002524597705,0.1473564641327623,0.0034106918328463665,12903.4,
L06_003010,204,CASH_OUT,4095.02,C379069836,1200642.0399999998,0.0,CASHOUT_L06_001505,0.0,0.0,0,0,L06_001505,LEGITIMATE_TRANSFER_CASHOUT,NONE,1,2,CASH_OUT,1,0.4649002524597705,0.1473564641327623,0.0034106918328463665,12903.4,1196547.0199999998
L06_003011,141,TRANSFER,81219.88,C744721169,546293.0,465073.12,C1696114576,5943197.88,6024417.76,0,0,L06_001506,LEGITIMATE_TRANSFER_CASHOUT,NONE,1,1,TRANSFER,0,0.6411041190087812,0.14867457573133833,0.008643225299833789,133290.28,
L06_003012,144,CASH_OUT,52070.4,C1696114576,6024417.76,0.0,CASHOUT_L06_001506,0.0,0.0,0,0,L06_001506,LEGITIMATE_TRANSFER_CASHOUT,NONE,1,2,CASH_OUT,3,0.6411041190087812,0.14867457573133833,0.008643225299833789,133290.28,5972347.359999999
L06_003013,16,TRANSFER,9419.39,C275285395,84221.0,74801.61,C2140602741,0.0,9419.39,0,0,L06_001507,LEGITIMATE_TRANSFER_CASHOUT,NONE,1,1,TRANSFER,0,0.28869073713784543,0.1118413459825934,0.28869066892866735,12138.68,
L06_003014,18,CASH_OUT,2719.29,C2140602741,9419.39,0.0,CASHOUT_L06_001507,0.0,0.0,0,0,L06_001507,LEGITIMATE_TRANSFER_CASHOUT,NONE,1,2,CASH_OUT,2,0.28869073713784543,0.1118413459825934,0.28869066892866735,12138.68,6700.099999999999
L06_003015,165,TRANSFER,8815.59,C397349189,64255.0,55439.41,C479713830,185555.47,194371.06,0,0,L06_001508,LEGITIMATE_TRANSFER_CASHOUT,NONE,1,1,TRANSFER,0,0.46000482978689805,0.13719694965372345,0.020863239620136868,12870.8,
L06_003016,168,CASH_OUT,4055.21,C479713830,194371.06,0.0,CASHOUT_L06_001508,0.0,0.0,0,0,L06_001508,LEGITIMATE_TRANSFER_CASHOUT,NONE,1,2,CASH_OUT,3,0.46000482978689805,0.13719694965372345,0.020863239620136868,12870.8,190315.85
L06_003017,39,TRANSFER,76998.98,C1618869838,541227.0,464228.02,C1255411299,0.0,76998.98,0,0,L06_001509,LEGITIMATE_TRANSFER_CASHOUT,NONE,1,1,TRANSFER,0,0.5883889604552361,0.14226744046398276,0.5883889630745758,122304.32999999999,
L06_003018,40,CASH_OUT,45305.35,C1255411299,76998.98,284332.33,CASHOUT_L06_001509,0.0,0.0,0,0,L06_001509,LEGITIMATE_TRANSFER_CASHOUT,NONE,1,2,CASH_OUT,1,0.5883889604552361,0.14226744046398276,0.5883889630745758,122304.32999999999,31693.629999999997
L06_003019,207,TRANSFER,27168.11,C189430311,389115.47,361947.36,C646699536,671192.65,698360.76,0,0,L06_001510,LEGITIMATE_TRANSFER_CASHOUT,NONE,1,1,TRANSFER,0,0.5192275487308984,0.06982017445875385,0.020199345106388853,41274.54,
L06_003020,210,CASH_OUT,14106.43,C646699536,698360.76,100246.26,CASHOUT_L06_001510,0.0,0.0,0,0,L06_001510,LEGITIMATE_TRANSFER_CASHOUT,NONE,1,2,CASH_OUT,3,0.5192275487308984,0.06982017445875385,0.020199345106388853,41274.54,684254.33
L06_003021,300,TRANSFER,9000.71,C552251656,61986.0,52985.29,C1639123409,5285270.97,5294271.68,0,0,L06_001511,LEGITIMATE_TRANSFER_CASHOUT,NONE,1,1,TRANSFER,0,0.515949102589323,0.1452055302810312,0.0008771574790056864,13644.619999999999,
L06_003022,303,CASH_OUT,4643.91,C1639123409,5294271.68,0.0,CASHOUT_L06_001511,0.0,0.0,0,0,L06_001511,LEGITIMATE_TRANSFER_CASHOUT,NONE,1,2,CASH_OUT,3,0.515949102589323,0.1452055302810312,0.0008771574790056864,13644.619999999999,5289627.77
L06_003023,159,TRANSFER,10107.36,C103673914,809475.0,799367.64,C1990292367,0.0,10107.36,0,0,L06_001512,LEGITIMATE_TRANSFER_CASHOUT,NONE,1,1,TRANSFER,0,0.62458491928399,0.012486315204299084,0.6245844612242959,16420.260000000002,
L06_003024,164,CASH_OUT,6312.9,C1990292367,10107.36,77488.06,CASHOUT_L06_001512,0.0,0.0,0,0,L06_001512,LEGITIMATE_TRANSFER_CASHOUT,NONE,1,2,CASH_OUT,5,0.62458491928399,0.012486315204299084,0.6245844612242959,16420.260000000002,3794.460000000001
L06_003025,157,TRANSFER,9415.95,C1994048534,69406.0,59990.05,C682235594,296063.51,305479.46,0,0,L06_001513,LEGITIMATE_TRANSFER_CASHOUT,NONE,1,1,TRANSFER,0,0.20076930202632046,0.13566478402443594,0.006188402978059474,11306.380000000001,
L06_003026,161,CASH_OUT,1890.43,C682235594,305479.46,0.0,CASHOUT_L06_001513,0.0,0.0,0,0,L06_001513,LEGITIMATE_TRANSFER_CASHOUT,NONE,1,2,CASH_OUT,4,0.20076930202632046,0.13566478402443594,0.006188402978059474,11306.380000000001,303589.03
L06_003027,42,TRANSFER,11172.76,C1721853210,90531.0,79358.24,C1554609475,80985.14,92157.9,0,0,L06_001514,LEGITIMATE_TRANSFER_CASHOUT,NONE,1,1,TRANSFER,0,0.4098856950895562,0.12341363731760392,0.04969243005754255,15752.310000000001,
L06_003028,43,CASH_OUT,4579.55,C1554609475,92157.9,12166.86,CASHOUT_L06_001514,0.0,0.0,0,0,L06_001514,LEGITIMATE_TRANSFER_CASHOUT,NONE,1,2,CASH_OUT,1,0.4098856950895562,0.12341363731760392,0.04969243005754255,15752.310000000001,87578.34999999999
L06_003029,307,TRANSFER,9462.39,C187356936,70066.0,60603.61,C13198920,598898.07,608360.46,0,0,L06_001515,LEGITIMATE_TRANSFER_CASHOUT,NONE,1,1,TRANSFER,0,0.297241095546227,0.13504966745639824,0.004623262333650021,12275.0,
L06_003030,310,CASH_OUT,2812.61,C13198920,608360.46,10166.66,CASHOUT_L06_001515,0.0,0.0,0,0,L06_001515,LEGITIMATE_TRANSFER_CASHOUT,NONE,1,2,CASH_OUT,3,0.297241095546227,0.13504966745639824,0.004623262333650021,12275.0,605547.85
L06_003031,300,TRANSFER,25995.77,C947213363,407409.88,381414.11,C226970945,1951406.44,1977402.21,0,0,L06_001516,LEGITIMATE_TRANSFER_CASHOUT,NONE,1,1,TRANSFER,0,0.4889002905023589,0.06380741183792597,0.006427291289413498,38705.11,
L06_003032,304,CASH_OUT,12709.34,C226970945,1977402.21,0.0,CASHOUT_L06_001516,0.0,0.0,0,0,L06_001516,LEGITIMATE_TRANSFER_CASHOUT,NONE,1,2,CASH_OUT,4,0.4889002905023589,0.06380741183792597,0.006427291289413498,38705.11,1964692.8699999999
L06_003033,400,TRANSFER,11940.5,C1771822576,109099.0,97158.5,C1163915715,3370909.28,3382849.78,0,0,L06_001517,LEGITIMATE_TRANSFER_CASHOUT,NONE,1,1,TRANSFER,0,0.5012520549785571,0.10944646605376768,0.0017692774995169901,17925.7,
L06_003034,405,CASH_OUT,5985.2,C1163915715,3382849.78,0.0,CASHOUT_L06_001517,0.0,0.0,0,0,L06_001517,LEGITIMATE_TRANSFER_CASHOUT,NONE,1,2,CASH_OUT,5,0.5012520549785571,0.10944646605376768,0.0017692774995169901,17925.7,3376864.5799999996
L06_003035,237,TRANSFER,9684.82,C1498534924,67655.28,57970.46,C1423983240,10649092.4,10658777.22,0,0,L06_001518,LEGITIMATE_TRANSFER_CASHOUT,NONE,1,1,TRANSFER,0,0.4293750689316047,0.14314950732596185,0.000390140436765785,13843.24,
L06_003036,240,CASH_OUT,4158.42,C1423983240,10658777.22,0.0,CASHOUT_L06_001518,0.0,0.0,0,0,L06_001518,LEGITIMATE_TRANSFER_CASHOUT,NONE,1,2,CASH_OUT,3,0.4293750689316047,0.14314950732596185,0.000390140436765785,13843.24,10654618.8
L06_003037,211,TRANSFER,10318.23,C1452896585,78981.0,68662.77,C329858030,122772.65,133090.88,0,0,L06_001519,LEGITIMATE_TRANSFER_CASHOUT,NONE,1,1,TRANSFER,0,0.4123109375815744,0.13064192653929427,0.0319655261126833,14572.55,
L06_003038,216,CASH_OUT,4254.32,C329858030,133090.88,0.0,CASHOUT_L06_001519,0.0,0.0,0,0,L06_001519,LEGITIMATE_TRANSFER_CASHOUT,NONE,1,2,CASH_OUT,5,0.4123109375815744,0.13064192653929427,0.0319655261126833,14572.55,128836.56
L06_003039,274,TRANSFER,50241.09,C1130458051,357060.0,306818.91000000003,C593698803,3712093.36,3762334.4499999997,0,0,L06_001520,LEGITIMATE_TRANSFER_CASHOUT,NONE,1,1,TRANSFER,0,0.5779019839706651,0.14070769618551504,0.00771713158036761,79275.51999999999,
L06_003040,275,CASH_OUT,29034.43,C593698803,3762334.4499999997,0.0,CASHOUT_L06_001520,0.0,0.0,0,0,L06_001520,LEGITIMATE_TRANSFER_CASHOUT,NONE,1,2,CASH_OUT,1,0.5779019839706651,0.14070769618551504,0.00771713158036761,79275.51999999999,3733300.0199999996
L06_003041,131,TRANSFER,17057.23,C1129965353,134094.0,117036.77,C1987951245,0.0,17057.23,0,0,L06_001521,LEGITIMATE_TRANSFER_CASHOUT,NONE,1,1,TRANSFER,0,0.251998539362569,0.12720352886780914,0.2519987125693914,21355.629999999997,
L06_003042,134,CASH_OUT,4298.4,C1987951245,17057.23,0.0,CASHOUT_L06_001521,0.0,0.0,0,0,L06_001521,LEGITIMATE_TRANSFER_CASHOUT,NONE,1,2,CASH_OUT,3,0.251998539362569,0.12720352886780914,0.2519987125693914,21355.629999999997,12758.83
L06_003043,309,TRANSFER,9590.78,C546739890,133958.59,124367.81,C527545634,2113223.2,2122813.98,0,0,L06_001522,LEGITIMATE_TRANSFER_CASHOUT,NONE,1,1,TRANSFER,0,0.6128558798537442,0.07159511010081548,0.0027688577781082827,15468.550000000001,
L06_003044,313,CASH_OUT,5877.77,C527545634,2122813.98,0.0,CASHOUT_L06_001522,0.0,0.0,0,0,L06_001522,LEGITIMATE_TRANSFER_CASHOUT,NONE,1,2,CASH_OUT,4,0.6128558798537442,0.07159511010081548,0.0027688577781082827,15468.550000000001,2116936.21
L06_003045,15,TRANSFER,11999.95,C1853379529,277572.97,265573.01999999996,C514268168,4742347.47,4754347.42,0,0,L06_001523,LEGITIMATE_TRANSFER_CASHOUT,NONE,1,1,TRANSFER,0,0.4875335054677963,0.04323169507463209,0.0012305327068420256,17850.33,
L06_003046,19,CASH_OUT,5850.38,C514268168,4754347.42,0.0,CASHOUT_L06_001523,0.0,0.0,0,0,L06_001523,LEGITIMATE_TRANSFER_CASHOUT,NONE,1,2,CASH_OUT,4,0.4875335054677963,0.04323169507463209,0.0012305327068420256,17850.33,4748497.04
L06_003047,356,TRANSFER,12854.58,C487265498,137288.25,124433.67,C858334459,5948993.64,5961848.22,0,0,L06_001524,LEGITIMATE_TRANSFER_CASHOUT,NONE,1,1,TRANSFER,0,0.4199805858874086,0.09363204789921935,0.0009055363036397461,18253.25,
L06_003048,357,CASH_OUT,5398.67,C858334459,5961848.22,0.0,CASHOUT_L06_001524,0.0,0.0,0,0,L06_001524,LEGITIMATE_TRANSFER_CASHOUT,NONE,1,2,CASH_OUT,1,0.4199805858874086,0.09363204789921935,0.0009055363036397461,18253.25,5956449.55
L06_003049,235,TRANSFER,9258.49,C497601546,74636.0,65377.51,C2084935274,64245.78,73504.27,0,0,L06_001525,LEGITIMATE_TRANSFER_CASHOUT,NONE,1,1,TRANSFER,0,0.4424950142035553,0.1240485824535077,0.055736081726952734,13355.33,
L06_003050,238,CASH_OUT,4096.84,C2084935274,73504.27,0.0,CASHOUT_L06_001525,0.0,0.0,0,0,L06_001525,LEGITIMATE_TRANSFER_CASHOUT,NONE,1,2,CASH_OUT,3,0.4424950142035553,0.1240485824535077,0.055736081726952734,13355.33,69407.43000000001
L06_003051,9,TRANSFER,15836.13,C1161195576,124910.57,109074.44,C1089993541,5748350.64,5764186.77,0,0,L06_001526,LEGITIMATE_TRANSFER_CASHOUT,NONE,1,1,TRANSFER,0,0.3718494883060067,0.12677974329954622,0.0010215942395634763,21724.79,
L06_003052,10,CASH_OUT,5888.66,C1089993541,5764186.77,0.0,CASHOUT_L06_001526,0.0,0.0,0,0,L06_001526,LEGITIMATE_TRANSFER_CASHOUT,NONE,1,2,CASH_OUT,1,0.3718494883060067,0.12677974329954622,0.0010215942395634763,21724.79,5758298.109999999
L06_003053,329,TRANSFER,9375.43,C41512972,100496.0,91120.57,C187505089,1114628.34,1124003.77,0,0,L06_001527,LEGITIMATE_TRANSFER_CASHOUT,NONE,1,1,TRANSFER,0,0.4778046098727616,0.09329157379398186,0.0039854136788171094,13855.05,
L06_003054,332,CASH_OUT,4479.62,C187505089,1124003.77,0.0,CASHOUT_L06_001527,0.0,0.0,0,0,L06_001527,LEGITIMATE_TRANSFER_CASHOUT,NONE,1,2,CASH_OUT,3,0.4778046098727616,0.09329157379398186,0.0039854136788171094,13855.05,1119524.15
L06_003055,132,TRANSFER,9851.68,C95741852,100321.0,90469.32,C1381588594,0.0,9851.68,0,0,L06_001528,LEGITIMATE_TRANSFER_CASHOUT,NONE,1,1,TRANSFER,0,0.6261613237227623,0.09820157295082785,0.6261612232634434,16020.42,
L06_003056,134,CASH_OUT,6168.74,C1381588594,9851.68,0.0,CASHOUT_L06_001528,0.0,0.0,0,0,L06_001528,LEGITIMATE_TRANSFER_CASHOUT,NONE,1,2,CASH_OUT,2,0.6261613237227623,0.09820157295082785,0.6261612232634434,16020.42,3682.9400000000005
L06_003057,326,TRANSFER,14240.8,C1668614437,103779.0,89538.2,C2095806125,61216.8,75457.6,0,0,L06_001529,LEGITIMATE_TRANSFER_CASHOUT,NONE,1,1,TRANSFER,0,0.3096442732304257,0.13722236676013452,0.0584378511906024,18650.379999999997,
L06_003058,330,CASH_OUT,4409.58,C2095806125,75457.6,0.0,CASHOUT_L06_001529,0.0,0.0,0,0,L06_001529,LEGITIMATE_TRANSFER_CASHOUT,NONE,1,2,CASH_OUT,4,0.3096442732304257,0.13722236676013452,0.0584378511906024,18650.379999999997,71048.02
L06_003059,138,TRANSFER,82148.09,C1693347472,594818.0,512669.91000000003,C1520921954,1051305.94,1133454.03,0,0,L06_001530,LEGITIMATE_TRANSFER_CASHOUT,NONE,1,1,TRANSFER,0,0.6298435411871911,0.13810626107481616,0.04564846798418459,133888.53,
L06_003060,141,CASH_OUT,51740.44,C1520921954,1133454.03,580981.22,CASHOUT_L06_001530,0.0,0.0,0,0,L06_001530,LEGITIMATE_TRANSFER_CASHOUT,NONE,1,2,CASH_OUT,3,0.6298435411871911,0.13810626107481616,0.04564846798418459,133888.53,1081713.59
L06_003061,134,TRANSFER,18637.5,C1754699184,171760.23,153122.73,C1097992382,3012384.5,3031022.0,0,0,L06_001531,LEGITIMATE_TRANSFER_CASHOUT,NONE,1,1,TRANSFER,0,0.36429121431754696,0.1085088206973174,0.0022399969383264124,25426.98,
L06_003062,137,CASH_OUT,6789.48,C1097992382,3031022.0,0.0,CASHOUT_L06_001531,0.0,0.0,0,0,L06_001531,LEGITIMATE_TRANSFER_CASHOUT,NONE,1,2,CASH_OUT,3,0.36429121431754696,0.1085088206973174,0.0022399969383264124,25426.98,3024232.52
L06_003063,9,TRANSFER,15891.03,C38870043,168103.26,152212.23,C1437074823,519.91,16410.940000000002,0,0,L06_001532,LEGITIMATE_TRANSFER_CASHOUT,NONE,1,1,TRANSFER,0,0.5194623406248453,0.09453136125973999,0.503005312309959,24145.82,
L06_003064,13,CASH_OUT,8254.79,C1437074823,16410.940000000002,0.0,CASHOUT_L06_001532,0.0,0.0,0,0,L06_001532,LEGITIMATE_TRANSFER_CASHOUT,NONE,1,2,CASH_OUT,4,0.5194623406248453,0.09453136125973999,0.503005312309959,24145.82,8156.1500000000015
L06_003065,8,TRANSFER,8746.12,C421568677,59000.0,50253.88,C1304345230,51616.0,60362.12,0,0,L06_001533,LEGITIMATE_TRANSFER_CASHOUT,NONE,1,1,TRANSFER,0,0.6129406235903684,0.1482393220338983,0.08881149303569855,14106.970000000001,
L06_003066,12,CASH_OUT,5360.85,C1304345230,60362.12,0.0,CASHOUT_L06_001533,0.0,0.0,0,0,L06_001533,LEGITIMATE_TRANSFER_CASHOUT,NONE,1,2,CASH_OUT,4,0.6129406235903684,0.1482393220338983,0.08881149303569855,14106.970000000001,55001.270000000004
L06_003067,131,TRANSFER,10209.75,C632751975,70872.0,60662.25,C473585492,19274.9,29484.65,0,0,L06_001534,LEGITIMATE_TRANSFER_CASHOUT,NONE,1,1,TRANSFER,0,0.6493303262659306,0.14405900778868946,0.22484580959923214,16839.25,
L06_003068,132,CASH_OUT,6629.5,C473585492,29484.65,0.0,CASHOUT_L06_001534,0.0,0.0,0,0,L06_001534,LEGITIMATE_TRANSFER_CASHOUT,NONE,1,2,CASH_OUT,1,0.6493303262659306,0.14405900778868946,0.22484580959923214,16839.25,22855.15
L06_003069,44,TRANSFER,15663.63,C1515942205,178293.0,162629.37,C1781488312,42078.78,57742.409999999996,0,0,L06_001535,LEGITIMATE_TRANSFER_CASHOUT,NONE,1,1,TRANSFER,0,0.44890963699238784,0.08785330887920445,0.12177444619994213,22695.18,
L06_003070,48,CASH_OUT,7031.55,C1781488312,57742.409999999996,0.0,CASHOUT_L06_001535,0.0,0.0,0,0,L06_001535,LEGITIMATE_TRANSFER_CASHOUT,NONE,1,2,CASH_OUT,4,0.44890963699238784,0.08785330887920445,0.12177444619994213,22695.18,50710.85999999999
L06_003071,254,TRANSFER,29290.02,C1571878924,301654.59,272364.57,C1285261551,1696839.53,1726129.55,0,0,L06_001536,LEGITIMATE_TRANSFER_CASHOUT,NONE,1,1,TRANSFER,0,0.3630425957244996,0.09709787608403372,0.006160325567684071,39923.54,
L06_003072,259,CASH_OUT,10633.52,C1285261551,1726129.55,211170.63,CASHOUT_L06_001536,0.0,0.0,0,0,L06_001536,LEGITIMATE_TRANSFER_CASHOUT,NONE,1,2,CASH_OUT,5,0.3630425957244996,0.09709787608403372,0.006160325567684071,39923.54,1715496.03
L06_003073,44,TRANSFER,20330.64,C475329269,494676.48,474345.83999999997,C2041526752,2872467.48,2892798.12,0,0,L06_001537,LEGITIMATE_TRANSFER_CASHOUT,NONE,1,1,TRANSFER,0,0.5663434437666339,0.04109886121935694,0.003980270838948139,31844.760000000002,
L06_003074,45,CASH_OUT,11514.12,C2041526752,2892798.12,394905.18,CASHOUT_L06_001537,0.0,0.0,0,0,L06_001537,LEGITIMATE_TRANSFER_CASHOUT,NONE,1,2,CASH_OUT,1,0.5663434437666339,0.04109886121935694,0.003980270838948139,31844.760000000002,2881284.0
L06_003075,161,TRANSFER,73766.07,C1479865143,499749.0,425982.93,C596766244,2327553.27,2401319.34,0,0,L06_001538,LEGITIMATE_TRANSFER_CASHOUT,NONE,1,1,TRANSFER,0,0.5229905993750752,0.1476062383316425,0.01606573493053198,112345.03,
L06_003076,162,CASH_OUT,38578.96,C596766244,2401319.34,481877.27,CASHOUT_L06_001538,0.0,0.0,0,0,L06_001538,LEGITIMATE_TRANSFER_CASHOUT,NONE,1,2,CASH_OUT,1,0.5229905993750752,0.1476062383316425,0.01606573493053198,112345.03,2362740.38
L06_003077,252,TRANSFER,10981.64,C1457560621,171867.16,160885.52000000002,C72693187,1525382.82,1536364.46,0,0,L06_001539,LEGITIMATE_TRANSFER_CASHOUT,NONE,1,1,TRANSFER,0,0.5001330537871828,0.06389609277304634,0.00357485488827306,16473.92,
L06_003078,256,CASH_OUT,5492.28,C72693187,1536364.46,0.0,CASHOUT_L06_001539,0.0,0.0,0,0,L06_001539,LEGITIMATE_TRANSFER_CASHOUT,NONE,1,2,CASH_OUT,4,0.5001330537871828,0.06389609277304634,0.00357485488827306,16473.92,1530872.18
L06_003079,163,TRANSFER,11984.51,C645202626,141932.0,129947.49,C1913037374,0.0,11984.51,0,0,L06_001540,LEGITIMATE_TRANSFER_CASHOUT,NONE,1,1,TRANSFER,0,0.2040478103779758,0.08443839303328354,0.20404755805619085,14429.92,
L06_003080,165,CASH_OUT,2445.41,C1913037374,11984.51,0.0,CASHOUT_L06_001540,0.0,0.0,0,0,L06_001540,LEGITIMATE_TRANSFER_CASHOUT,NONE,1,2,CASH_OUT,2,0.2040478103779758,0.08443839303328354,0.20404755805619085,14429.92,9539.1
L06_003081,177,TRANSFER,10657.42,C215205877,107738.0,97080.58,C1308823483,394473.11,405130.52999999997,0,0,L06_001541,LEGITIMATE_TRANSFER_CASHOUT,NONE,1,1,TRANSFER,0,0.3329655519084015,0.09891978689041935,0.008759028849294572,14205.970000000001,
L06_003082,182,CASH_OUT,3548.55,C1308823483,405130.52999999997,0.0,CASHOUT_L06_001541,0.0,0.0,0,0,L06_001541,LEGITIMATE_TRANSFER_CASHOUT,NONE,1,2,CASH_OUT,5,0.3329655519084015,0.09891978689041935,0.008759028849294572,14205.970000000001,401581.98
L06_003083,300,TRANSFER,12854.3,C1195110804,162064.0,149209.7,C697366726,0.0,12854.3,0,0,L06_001542,LEGITIMATE_TRANSFER_CASHOUT,NONE,1,1,TRANSFER,0,0.5395551751427072,0.07931619607068811,0.5395548571295209,19789.9,
L06_003084,301,CASH_OUT,6935.6,C697366726,12854.3,0.0,CASHOUT_L06_001542,0.0,0.0,0,0,L06_001542,LEGITIMATE_TRANSFER_CASHOUT,NONE,1,2,CASH_OUT,1,0.5395551751427072,0.07931619607068811,0.5395548571295209,19789.9,5918.699999999999
L06_003085,237,TRANSFER,11368.33,C1678782469,86167.0,74798.67,C115493949,0.0,11368.33,0,0,L06_001543,LEGITIMATE_TRANSFER_CASHOUT,NONE,1,1,TRANSFER,0,0.43430342624470786,0.13193368691030208,0.4343030154824851,16305.630000000001,
L06_003086,239,CASH_OUT,4937.3,C115493949,11368.33,0.0,CASHOUT_L06_001543,0.0,0.0,0,0,L06_001543,LEGITIMATE_TRANSFER_CASHOUT,NONE,1,2,CASH_OUT,2,0.43430342624470786,0.13193368691030208,0.4343030154824851,16305.630000000001,6431.03
L06_003087,10,TRANSFER,43940.82,C986337415,363802.85,319862.02999999997,C1096524110,13356357.09,13400297.91,0,0,L06_001544,LEGITIMATE_TRANSFER_CASHOUT,NONE,1,1,TRANSFER,0,0.2649573092092596,0.12078195649099506,0.0008688194902974363,55583.26,
L06_003088,14,CASH_OUT,11642.44,C1096524110,13400297.91,0.0,CASHOUT_L06_001544,0.0,0.0,0,0,L06_001544,LEGITIMATE_TRANSFER_CASHOUT,NONE,1,2,CASH_OUT,4,0.2649573092092596,0.12078195649099506,0.0008688194902974363,55583.26,13388655.47
L06_003089,187,TRANSFER,12827.17,C811726980,237159.54,224332.37,C1115795619,1184728.54,1197555.71,0,0,L06_001545,LEGITIMATE_TRANSFER_CASHOUT,NONE,1,1,TRANSFER,0,0.22524461627303033,0.054086670938896235,0.0024126226244622893,15716.42,
L06_003090,188,CASH_OUT,2889.25,C1115795619,1197555.71,112122.15,CASHOUT_L06_001545,0.0,0.0,0,0,L06_001545,LEGITIMATE_TRANSFER_CASHOUT,NONE,1,2,CASH_OUT,1,0.22524461627303033,0.054086670938896235,0.0024126226244622893,15716.42,1194666.46
L06_003091,234,TRANSFER,34005.6,C1316798601,266414.51,232408.91,C24559281,2938140.39,2972145.99,0,0,L06_001546,LEGITIMATE_TRANSFER_CASHOUT,NONE,1,1,TRANSFER,0,0.28486087995255593,0.12764169639258763,0.0032592174249152545,43692.47,
L06_003092,237,CASH_OUT,9686.87,C24559281,2972145.99,0.0,CASHOUT_L06_001546,0.0,0.0,0,0,L06_001546,LEGITIMATE_TRANSFER_CASHOUT,NONE,1,2,CASH_OUT,3,0.28486087995255593,0.12764169639258763,0.0032592174249152545,43692.47,2962459.12
L06_003093,192,TRANSFER,16685.37,C48010052,125702.0,109016.63,C58729816,1515339.27,1532024.6400000001,0,0,L06_001547,LEGITIMATE_TRANSFER_CASHOUT,NONE,1,1,TRANSFER,0,0.5644352242113003,0.13273750616537525,0.00614729669099839,26103.18,
L06_003094,195,CASH_OUT,9417.81,C58729816,1532024.6400000001,121985.26,CASHOUT_L06_001547,0.0,0.0,0,0,L06_001547,LEGITIMATE_TRANSFER_CASHOUT,NONE,1,2,CASH_OUT,3,0.5644352242113003,0.13273750616537525,0.00614729669099839,26103.18,1522606.83
L06_003095,209,TRANSFER,20068.5,C889769544,151079.07,131010.57,C656101271,1443579.59,1463648.09,0,0,L06_001548,LEGITIMATE_TRANSFER_CASHOUT,NONE,1,1,TRANSFER,0,0.5744813020759494,0.13283441577976354,0.007876879749147898,31597.48,
L06_003096,210,CASH_OUT,11528.98,C656101271,1463648.09,0.0,CASHOUT_L06_001548,0.0,0.0,0,0,L06_001548,LEGITIMATE_TRANSFER_CASHOUT,NONE,1,2,CASH_OUT,1,0.5744813020759494,0.13283441577976354,0.007876879749147898,31597.48,1452119.11
L06_003097,189,TRANSFER,32905.89,C1102893514,299547.0,266641.11,C1458977072,0.0,32905.89,0,0,L06_001549,LEGITIMATE_TRANSFER_CASHOUT,NONE,1,1,TRANSFER,0,0.39162654360313987,0.1098521767869483,0.39162654467027025,45792.71,
L06_003098,194,CASH_OUT,12886.82,C1458977072,32905.89,0.0,CASHOUT_L06_001549,0.0,0.0,0,0,L06_001549,LEGITIMATE_TRANSFER_CASHOUT,NONE,1,2,CASH_OUT,5,0.39162654360313987,0.1098521767869483,0.39162654467027025,45792.71,20019.07
L06_003099,41,TRANSFER,12239.74,C1048814784,106578.0,94338.26,C1722902981,1808914.01,1821153.75,0,0,L06_001550,LEGITIMATE_TRANSFER_CASHOUT,NONE,1,1,TRANSFER,0,0.3782830207983453,0.11484302576516729,0.0025423937984368427,16869.83,
L06_003100,43,CASH_OUT,4630.09,C1722902981,1821153.75,0.0,CASHOUT_L06_001550,0.0,0.0,0,0,L06_001550,LEGITIMATE_TRANSFER_CASHOUT,NONE,1,2,CASH_OUT,2,0.3782830207983453,0.11484302576516729,0.0025423937984368427,16869.83,1816523.66
L06_003101,249,TRANSFER,9091.99,C1381210228,107825.0,98733.01,C2047509013,0.0,9091.99,0,0,L06_001551,LEGITIMATE_TRANSFER_CASHOUT,NONE,1,1,TRANSFER,0,0.30884771998957594,0.08432172501738928,0.3088476780110845,11900.029999999999,
L06_003102,253,CASH_OUT,2808.04,C2047509013,9091.99,0.0,CASHOUT_L06_001551,0.0,0.0,0,0,L06_001551,LEGITIMATE_TRANSFER_CASHOUT,NONE,1,2,CASH_OUT,4,0.30884771998957594,0.08432172501738928,0.3088476780110845,11900.029999999999,6283.95
L06_003103,166,TRANSFER,10197.33,C1509873761,105057.0,94859.67,C966609426,1924152.66,1934349.99,0,0,L06_001552,LEGITIMATE_TRANSFER_CASHOUT,NONE,1,1,TRANSFER,0,0.5226546454547201,0.09706473628601617,0.0027552821503620453,15527.01,
L06_003104,170,CASH_OUT,5329.68,C966609426,1934349.99,0.0,CASHOUT_L06_001552,0.0,0.0,0,0,L06_001552,LEGITIMATE_TRANSFER_CASHOUT,NONE,1,2,CASH_OUT,4,0.5226546454547201,0.09706473628601617,0.0027552821503620453,15527.01,1929020.31
L06_003105,157,TRANSFER,9540.37,C980396445,102215.0,92674.63,C895544218,123588.64,133129.01,0,0,L06_001553,LEGITIMATE_TRANSFER_CASHOUT,NONE,1,1,TRANSFER,0,0.23112806551608706,0.09333630093430514,0.016563256949030117,11745.420000000002,
L06_003106,162,CASH_OUT,2205.05,C895544218,133129.01,0.0,CASHOUT_L06_001553,0.0,0.0,0,0,L06_001553,LEGITIMATE_TRANSFER_CASHOUT,NONE,1,2,CASH_OUT,5,0.23112806551608706,0.09333630093430514,0.016563256949030117,11745.420000000002,130923.96
L06_003107,525,TRANSFER,11496.6,C309551734,113446.0,101949.4,C1887228437,330118.34,341614.94,0,0,L06_001554,LEGITIMATE_TRANSFER_CASHOUT,NONE,1,1,TRANSFER,0,0.3644231419933637,0.101339844507519,0.012264188445622432,15686.23,
L06_003108,526,CASH_OUT,4189.63,C1887228437,341614.94,29434.45,CASHOUT_L06_001554,0.0,0.0,0,0,L06_001554,LEGITIMATE_TRANSFER_CASHOUT,NONE,1,2,CASH_OUT,1,0.3644231419933637,0.101339844507519,0.012264188445622432,15686.23,337425.31
L06_003109,239,TRANSFER,16761.72,C575855520,120941.0,104179.28,C703236320,0.0,16761.72,0,0,L06_001555,LEGITIMATE_TRANSFER_CASHOUT,NONE,1,1,TRANSFER,0,0.31137464712394997,0.13859419055572553,0.31137436969475685,21980.89,
L06_003110,241,CASH_OUT,5219.17,C703236320,16761.72,0.0,CASHOUT_L06_001555,0.0,0.0,0,0,L06_001555,LEGITIMATE_TRANSFER_CASHOUT,NONE,1,2,CASH_OUT,2,0.31137464712394997,0.13859419055572553,0.31137436969475685,21980.89,11542.550000000001
L06_003111,9,TRANSFER,15153.77,C1348269554,459652.75,444498.98,C442364016,1122588.64,1137742.41,0,0,L06_001556,LEGITIMATE_TRANSFER_CASHOUT,NONE,1,1,TRANSFER,0,0.6135700311014194,0.032967865415794856,0.008172236455525993,24451.67,
L06_003112,14,CASH_OUT,9297.9,C442364016,1137742.41,0.0,CASHOUT_L06_001556,0.0,0.0,0,0,L06_001556,LEGITIMATE_TRANSFER_CASHOUT,NONE,1,2,CASH_OUT,5,0.6135700311014194,0.032967865415794856,0.008172236455525993,24451.67,1128444.51
L06_003113,308,TRANSFER,11178.32,C51902632,99097.0,87918.68,C897016657,29118.45,40296.770000000004,0,0,L06_001557,LEGITIMATE_TRANSFER_CASHOUT,NONE,1,1,TRANSFER,0,0.38331780507755,0.11280180025631452,0.10633234375856923,15463.17,
L06_003114,312,CASH_OUT,4284.85,C897016657,40296.770000000004,0.0,CASHOUT_L06_001557,0.0,0.0,0,0,L06_001557,LEGITIMATE_TRANSFER_CASHOUT,NONE,1,2,CASH_OUT,4,0.38331780507755,0.11280180025631452,0.10633234375856923,15463.17,36011.920000000006
L06_003115,205,TRANSFER,15014.31,C777084109,182291.0,167276.69,C1654675949,31277.97,46292.28,0,0,L06_001558,LEGITIMATE_TRANSFER_CASHOUT,NONE,1,1,TRANSFER,0,0.5417721422493453,0.0823645160759445,0.1757167717813856,23148.64,
L06_003116,206,CASH_OUT,8134.33,C1654675949,46292.28,0.0,CASHOUT_L06_001558,0.0,0.0,0,0,L06_001558,LEGITIMATE_TRANSFER_CASHOUT,NONE,1,2,CASH_OUT,1,0.5417721422493453,0.0823645160759445,0.1757167717813856,23148.64,38157.95
L06_003117,153,TRANSFER,8804.7,C88385881,71022.44,62217.740000000005,C432322181,2037913.89,2046718.5899999999,0,0,L06_001559,LEGITIMATE_TRANSFER_CASHOUT,NONE,1,1,TRANSFER,0,0.5231331415944773,0.12397067743659611,0.0022504461641695453,13410.73,
L06_003118,157,CASH_OUT,4606.03,C432322181,2046718.5899999999,0.0,CASHOUT_L06_001559,0.0,0.0,0,0,L06_001559,LEGITIMATE_TRANSFER_CASHOUT,NONE,1,2,CASH_OUT,4,0.5231331415944773,0.12397067743659611,0.0022504461641695453,13410.73,2042112.5599999998
L06_003119,402,TRANSFER,33235.26,C417103276,262431.0,229195.74,C1033110112,0.0,33235.26,0,0,L06_001560,LEGITIMATE_TRANSFER_CASHOUT,NONE,1,1,TRANSFER,0,0.3197805681026441,0.12664380351406657,0.31978055835880326,43863.25,
L06_003120,407,CASH_OUT,10627.99,C1033110112,33235.26,0.0,CASHOUT_L06_001560,0.0,0.0,0,0,L06_001560,LEGITIMATE_TRANSFER_CASHOUT,NONE,1,2,CASH_OUT,5,0.3197805681026441,0.12664380351406657,0.31978055835880326,43863.25,22607.270000000004
L06_003121,540,TRANSFER,16789.37,C659141796,127414.0,110624.63,C1812038328,2123832.02,2140621.39,0,0,L06_001561,LEGITIMATE_TRANSFER_CASHOUT,NONE,1,1,TRANSFER,0,0.5069541050674469,0.1317702136342945,0.0039761538587634124,25300.809999999998,
L06_003122,545,CASH_OUT,8511.44,C1812038328,2140621.39,0.0,CASHOUT_L06_001561,0.0,0.0,0,0,L06_001561,LEGITIMATE_TRANSFER_CASHOUT,NONE,1,2,CASH_OUT,5,0.5069541050674469,0.1317702136342945,0.0039761538587634124,25300.809999999998,2132109.95
L06_003123,297,TRANSFER,44068.59,C1930661398,882688.93,838620.3400000001,C1842119027,4236763.07,4280831.66,0,0,L06_001562,LEGITIMATE_TRANSFER_CASHOUT,NONE,1,1,TRANSFER,0,0.2920066245281317,0.04992539104347892,0.003006032710942901,56936.909999999996,
L06_003124,300,CASH_OUT,12868.32,C1842119027,4280831.66,74098.26,CASHOUT_L06_001562,0.0,0.0,0,0,L06_001562,LEGITIMATE_TRANSFER_CASHOUT,NONE,1,2,CASH_OUT,3,0.2920066245281317,0.04992539104347892,0.003006032710942901,56936.909999999996,4267963.34
L06_003125,330,TRANSFER,10116.18,C863136134,138909.0,128792.82,C1307707479,0.0,10116.18,0,0,L06_001563,LEGITIMATE_TRANSFER_CASHOUT,NONE,1,1,TRANSFER,0,0.45891992445973895,0.07282595080232382,0.45892026436856603,14758.7,
L06_003126,334,CASH_OUT,4642.52,C1307707479,10116.18,0.0,CASHOUT_L06_001563,0.0,0.0,0,0,L06_001563,LEGITIMATE_TRANSFER_CASHOUT,NONE,1,2,CASH_OUT,4,0.45891992445973895,0.07282595080232382,0.45892026436856603,14758.7,5473.66
L06_003127,325,TRANSFER,36484.3,C230091122,317410.0,280925.7,C1190178947,5903.37,42387.670000000006,0,0,L06_001564,LEGITIMATE_TRANSFER_CASHOUT,NONE,1,1,TRANSFER,0,0.37552533012871664,0.11494376358652847,0.32322559838745557,50185.08,
L06_003128,328,CASH_OUT,13700.78,C1190178947,42387.670000000006,0.0,CASHOUT_L06_001564,0.0,0.0,0,0,L06_001564,LEGITIMATE_TRANSFER_CASHOUT,NONE,1,2,CASH_OUT,3,0.37552533012871664,0.11494376358652847,0.32322559838745557,50185.08,28686.890000000007
L06_003129,283,TRANSFER,22034.37,C846372200,172641.93,150607.56,C1134504413,1630445.67,1652480.04,0,0,L06_001565,LEGITIMATE_TRANSFER_CASHOUT,NONE,1,1,TRANSFER,0,0.5390922231445343,0.1276304661329956,0.00718832283142131,33912.93,
L06_003130,284,CASH_OUT,11878.56,C1134504413,1652480.04,69499.26,CASHOUT_L06_001565,0.0,0.0,0,0,L06_001565,LEGITIMATE_TRANSFER_CASHOUT,NONE,1,2,CASH_OUT,1,0.5390922231445343,0.1276304661329956,0.00718832283142131,33912.93,1640601.48
L06_003131,228,TRANSFER,50212.88,C103499753,341532.16,291319.27999999997,C1444136449,727431.36,777644.24,0,0,L06_001566,LEGITIMATE_TRANSFER_CASHOUT,NONE,1,1,TRANSFER,0,0.565330573934242,0.14702240632331667,0.036503684512599235,78599.76,
L06_003132,232,CASH_OUT,28386.88,C1444136449,777644.24,0.0,CASHOUT_L06_001566,0.0,0.0,0,0,L06_001566,LEGITIMATE_TRANSFER_CASHOUT,NONE,1,2,CASH_OUT,4,0.565330573934242,0.14702240632331667,0.036503684512599235,78599.76,749257.36
L06_003133,181,TRANSFER,10335.63,C559140663,99638.0,89302.37,C1778535558,384700.94,395036.57,0,0,L06_001567,LEGITIMATE_TRANSFER_CASHOUT,NONE,1,1,TRANSFER,0,0.6072230630425328,0.10373180914911981,0.0158872126699561,16611.66,
L06_003134,183,CASH_OUT,6276.03,C1778535558,395036.57,0.0,CASHOUT_L06_001567,0.0,0.0,0,0,L06_001567,LEGITIMATE_TRANSFER_CASHOUT,NONE,1,2,CASH_OUT,2,0.6072230630425328,0.10373180914911981,0.0158872126699561,16611.66,388760.54
L06_003135,348,TRANSFER,12937.04,C1612885146,87909.0,74971.95999999999,C1495119408,1265751.43,1278688.47,0,0,L06_001568,LEGITIMATE_TRANSFER_CASHOUT,NONE,1,1,TRANSFER,0,0.20895136432181458,0.14716399913546965,0.002114048936407474,15640.25,
L06_003136,349,CASH_OUT,2703.21,C1495119408,1278688.47,0.0,CASHOUT_L06_001568,0.0,0.0,0,0,L06_001568,LEGITIMATE_TRANSFER_CASHOUT,NONE,1,2,CASH_OUT,1,0.20895136432181458,0.14716399913546965,0.002114048936407474,15640.25,1275985.26
L06_003137,684,TRANSFER,14281.8,C1286732493,97970.43,83688.62999999999,C1342002319,1950056.39,1964338.19,0,0,L06_001569,LEGITIMATE_TRANSFER_CASHOUT,NONE,1,1,TRANSFER,0,0.5579231164066307,0.14577663893074677,0.004056404360798993,22249.949999999997,
L06_003138,689,CASH_OUT,7968.15,C1342002319,1964338.19,0.0,CASHOUT_L06_001569,0.0,0.0,0,0,L06_001569,LEGITIMATE_TRANSFER_CASHOUT,NONE,1,2,CASH_OUT,5,0.5579231164066307,0.14577663893074677,0.004056404360798993,22249.949999999997,1956370.04
L06_003139,202,TRANSFER,20602.03,C598869712,209179.0,188576.97,C1372058091,1940624.0,1961226.03,0,0,L06_001570,LEGITIMATE_TRANSFER_CASHOUT,NONE,1,1,TRANSFER,0,0.5018954963872664,0.09848995358042632,0.005272247992751758,30942.1,
L06_003140,203,CASH_OUT,10340.07,C1372058091,1961226.03,0.0,CASHOUT_L06_001570,0.0,0.0,0,0,L06_001570,LEGITIMATE_TRANSFER_CASHOUT,NONE,1,2,CASH_OUT,1,0.5018954963872664,0.09848995358042632,0.005272247992751758,30942.1,1950885.96
L06_003141,377,TRANSFER,10305.94,C390623901,105492.0,95186.06,C765163762,10134.92,20440.86,0,0,L06_001571,LEGITIMATE_TRANSFER_CASHOUT,NONE,1,1,TRANSFER,0,0.6073915283267661,0.09769404315019149,0.30623662605193713,16565.68,
L06_003142,382,CASH_OUT,6259.74,C765163762,20440.86,0.0,CASHOUT_L06_001571,0.0,0.0,0,0,L06_001571,LEGITIMATE_TRANSFER_CASHOUT,NONE,1,2,CASH_OUT,5,0.6073915283267661,0.09769404315019149,0.30623662605193713,16565.68,14181.12
L06_003143,185,TRANSFER,18658.91,C249571144,206586.0,187927.09,C695507390,187167.52,205826.43,0,0,L06_001572,LEGITIMATE_TRANSFER_CASHOUT,NONE,1,1,TRANSFER,0,0.3246119801255042,0.09032030244063005,0.029427270346184406,24715.82,
L06_003144,190,CASH_OUT,6056.91,C695507390,205826.43,0.0,CASHOUT_L06_001572,0.0,0.0,0,0,L06_001572,LEGITIMATE_TRANSFER_CASHOUT,NONE,1,2,CASH_OUT,5,0.3246119801255042,0.09032030244063005,0.029427270346184406,24715.82,199769.52
L06_003145,351,TRANSFER,36008.27,C1025940945,266851.0,230842.73,C354856795,42546.01,78554.28,0,0,L06_001573,LEGITIMATE_TRANSFER_CASHOUT,NONE,1,1,TRANSFER,0,0.46436552790802665,0.1349377367894443,0.2128591847573423,52729.27,
L06_003146,353,CASH_OUT,16721.0,C354856795,78554.28,0.0,CASHOUT_L06_001573,0.0,0.0,0,0,L06_001573,LEGITIMATE_TRANSFER_CASHOUT,NONE,1,2,CASH_OUT,2,0.46436552790802665,0.1349377367894443,0.2128591847573423,52729.27,61833.28
L06_003147,298,TRANSFER,11970.9,C258533880,105054.0,93083.1,C1567802374,429515.28,441486.18000000005,0,0,L06_001574,LEGITIMATE_TRANSFER_CASHOUT,NONE,1,1,TRANSFER,0,0.4264625215953167,0.11394996858758352,0.011563532974010646,17076.04,
L06_003148,303,CASH_OUT,5105.14,C1567802374,441486.18000000005,0.0,CASHOUT_L06_001574,0.0,0.0,0,0,L06_001574,LEGITIMATE_TRANSFER_CASHOUT,NONE,1,2,CASH_OUT,5,0.4264625215953167,0.11394996858758352,0.011563532974010646,17076.04,436381.04000000004
L06_003149,137,TRANSFER,44650.62,C168916100,301556.0,256905.38,C999408717,42002.01,86652.63,0,0,L06_001575,LEGITIMATE_TRANSFER_CASHOUT,NONE,1,1,TRANSFER,0,0.3610590509823015,0.14806742362944197,0.18604755562525915,60772.130000000005,
L06_003150,138,CASH_OUT,16121.51,C999408717,86652.63,0.0,CASHOUT_L06_001575,0.0,0.0,0,0,L06_001575,LEGITIMATE_TRANSFER_CASHOUT,NONE,1,2,CASH_OUT,1,0.3610590509823015,0.14806742362944197,0.18604755562525915,60772.130000000005,70531.12000000001
L06_003151,332,TRANSFER,19337.22,C1663804245,165019.95,145682.73,C88018009,0.0,19337.22,0,0,L06_001576,LEGITIMATE_TRANSFER_CASHOUT,NONE,1,1,TRANSFER,0,0.41685197009402175,0.11718110446645996,0.41685206043060996,27397.980000000003,
L06_003152,333,CASH_OUT,8060.76,C88018009,19337.22,58395.04,CASHOUT_L06_001576,0.0,0.0,0,0,L06_001576,LEGITIMATE_TRANSFER_CASHOUT,NONE,1,2,CASH_OUT,1,0.41685197009402175,0.11718110446645996,0.41685206043060996,27397.980000000003,11276.460000000001
L06_003153,349,TRANSFER,12669.0,C1160620834,183522.57,170853.57,C602524469,4620956.91,4633625.91,0,0,L06_001577,LEGITIMATE_TRANSFER_CASHOUT,NONE,1,1,TRANSFER,0,0.40313503798512274,0.06903238113982384,0.0011022296791326426,17776.32,
L06_003154,354,CASH_OUT,5107.32,C602524469,4633625.91,169564.53,CASHOUT_L06_001577,0.0,0.0,0,0,L06_001577,LEGITIMATE_TRANSFER_CASHOUT,NONE,1,2,CASH_OUT,5,0.40313503798512274,0.06903238113982384,0.0011022296791326426,17776.32,4628518.59
L06_003155,401,TRANSFER,33254.08,C2049994932,287494.0,254239.91999999998,C939974487,0.0,33254.08,0,0,L06_001578,LEGITIMATE_TRANSFER_CASHOUT,NONE,1,1,TRANSFER,0,0.3796692096607481,0.11566877917452191,0.37966920149347083,45879.630000000005,
L06_003156,406,CASH_OUT,12625.55,C939974487,33254.08,0.0,CASHOUT_L06_001578,0.0,0.0,0,0,L06_001578,LEGITIMATE_TRANSFER_CASHOUT,NONE,1,2,CASH_OUT,5,0.3796692096607481,0.11566877917452191,0.37966920149347083,45879.630000000005,20628.530000000002
L06_003157,372,TRANSFER,8956.63,C394099146,63711.0,54754.37,C1589557578,936806.78,945763.41,0,0,L06_001579,LEGITIMATE_TRANSFER_CASHOUT,NONE,1,1,TRANSFER,0,0.3667714057710726,0.1405821600665505,0.0034734268266944264,12241.669999999998,
L06_003158,374,CASH_OUT,3285.04,C1589557578,945763.41,0.0,CASHOUT_L06_001579,0.0,0.0,0,0,L06_001579,LEGITIMATE_TRANSFER_CASHOUT,NONE,1,2,CASH_OUT,2,0.3667714057710726,0.1405821600665505,0.0034734268266944264,12241.669999999998,942478.37
L06_003159,225,TRANSFER,31075.46,C79371157,218434.0,187358.54,C597172349,22084.0,53159.46,0,0,L06_001580,LEGITIMATE_TRANSFER_CASHOUT,NONE,1,1,TRANSFER,0,0.4461038159286339,0.14226475731799995,0.26077917270039985,44938.34,
L06_003160,226,CASH_OUT,13862.88,C597172349,53159.46,83729.5,CASHOUT_L06_001580,0.0,0.0,0,0,L06_001580,LEGITIMATE_TRANSFER_CASHOUT,NONE,1,2,CASH_OUT,1,0.4461038159286339,0.14226475731799995,0.26077917270039985,44938.34,39296.58
L06_003161,43,TRANSFER,13487.17,C185960732,136386.0,122898.83,C1691926837,49723.86,63211.03,0,0,L06_001581,LEGITIMATE_TRANSFER_CASHOUT,NONE,1,1,TRANSFER,0,0.30917211139360645,0.09888969542328392,0.06596728450715009,17657.03,
L06_003162,48,CASH_OUT,4169.86,C1691926837,63211.03,0.0,CASHOUT_L06_001581,0.0,0.0,0,0,L06_001581,LEGITIMATE_TRANSFER_CASHOUT,NONE,1,2,CASH_OUT,5,0.30917211139360645,0.09888969542328392,0.06596728450715009,17657.03,59041.17
L06_003163,8,TRANSFER,8756.42,C109908209,72982.0,64225.58,C1915307283,0.0,8756.42,0,0,L06_001582,LEGITIMATE_TRANSFER_CASHOUT,NONE,1,1,TRANSFER,0,0.307599189920748,0.11998054314762545,0.3075994527443864,11449.89,
L06_003164,13,CASH_OUT,2693.47,C1915307283,8756.42,0.0,CASHOUT_L06_001582,0.0,0.0,0,0,L06_001582,LEGITIMATE_TRANSFER_CASHOUT,NONE,1,2,CASH_OUT,5,0.307599189920748,0.11998054314762545,0.3075994527443864,11449.89,6062.950000000001
L06_003165,212,TRANSFER,8836.93,C1865522891,68061.0,59224.07,C13221575,528394.3,537231.2300000001,0,0,L06_001583,LEGITIMATE_TRANSFER_CASHOUT,NONE,1,1,TRANSFER,0,0.4065801240383634,0.12983838027651665,0.006687846497680337,12429.85,
L06_003166,214,CASH_OUT,3592.92,C13221575,537231.2300000001,0.0,CASHOUT_L06_001583,0.0,0.0,0,0,L06_001583,LEGITIMATE_TRANSFER_CASHOUT,NONE,1,2,CASH_OUT,2,0.4065801240383634,0.12983838027651665,0.006687846497680337,12429.85,533638.31
L06_003167,301,TRANSFER,34364.47,C824464891,255793.0,221428.53,C850934011,132896.2,167260.67,0,0,L06_001584,LEGITIMATE_TRANSFER_CASHOUT,NONE,1,1,TRANSFER,0,0.5917994140159657,0.13434484133654948,0.12158787836973269,54701.34,
L06_003168,306,CASH_OUT,20336.87,C850934011,167260.67,0.0,CASHOUT_L06_001584,0.0,0.0,0,0,L06_001584,LEGITIMATE_TRANSFER_CASHOUT,NONE,1,2,CASH_OUT,5,0.5917994140159657,0.13434484133654948,0.12158787836973269,54701.34,146923.80000000002
L06_003169,130,TRANSFER,11194.84,C914583624,80968.0,69773.16,C1613094218,2302339.8,2313534.6399999997,0,0,L06_001585,LEGITIMATE_TRANSFER_CASHOUT,NONE,1,1,TRANSFER,0,0.49863713369552465,0.13826252346606066,0.002412827499310752,16777.0,
L06_003170,132,CASH_OUT,5582.16,C1613094218,2313534.6399999997,0.0,CASHOUT_L06_001585,0.0,0.0,0,0,L06_001585,LEGITIMATE_TRANSFER_CASHOUT,NONE,1,2,CASH_OUT,2,0.49863713369552465,0.13826252346606066,0.002412827499310752,16777.0,2307952.4799999995
L06_003171,8,TRANSFER,24615.66,C1947035762,264308.82,239693.16,C602874477,503854.05,528469.71,0,0,L06_001586,LEGITIMATE_TRANSFER_CASHOUT,NONE,1,1,TRANSFER,0,0.6181095259500767,0.09313219286439249,0.02879099731184215,39830.83,
L06_003172,10,CASH_OUT,15215.17,C602874477,528469.71,0.0,CASHOUT_L06_001586,0.0,0.0,0,0,L06_001586,LEGITIMATE_TRANSFER_CASHOUT,NONE,1,2,CASH_OUT,2,0.6181095259500767,0.09313219286439249,0.02879099731184215,39830.83,513254.54
L06_003173,324,TRANSFER,12330.61,C1746950372,89255.08,76924.47,C421875708,6810438.98,6822769.590000001,0,0,L06_001587,LEGITIMATE_TRANSFER_CASHOUT,NONE,1,1,TRANSFER,0,0.3506187201611366,0.13815023189716485,0.0006336634914854277,16653.95,
L06_003174,326,CASH_OUT,4323.34,C421875708,6822769.590000001,0.0,CASHOUT_L06_001587,0.0,0.0,0,0,L06_001587,LEGITIMATE_TRANSFER_CASHOUT,NONE,1,2,CASH_OUT,2,0.3506187201611366,0.13815023189716485,0.0006336634914854277,16653.95,6818446.250000001
L06_003175,259,TRANSFER,8717.28,C467825747,59490.0,50772.72,C1324685588,0.0,8717.28,0,0,L06_001588,LEGITIMATE_TRANSFER_CASHOUT,NONE,1,1,TRANSFER,0,0.423353757213951,0.14653353504790723,0.4233533854596846,12407.77,
L06_003176,261,CASH_OUT,3690.49,C1324685588,8717.28,0.0,CASHOUT_L06_001588,0.0,0.0,0,0,L06_001588,LEGITIMATE_TRANSFER_CASHOUT,NONE,1,2,CASH_OUT,2,0.423353757213951,0.14653353504790723,0.4233533854596846,12407.77,5026.790000000001
L06_003177,179,TRANSFER,64555.56,C1472973762,540074.3,475518.74000000005,C1810152554,1187304.53,1251860.09,0,0,L06_001589,LEGITIMATE_TRANSFER_CASHOUT,NONE,1,1,TRANSFER,0,0.23359483070726256,0.11953088676872792,0.012045954752020251,79635.41,
L06_003178,183,CASH_OUT,15079.85,C1810152554,1251860.09,245441.52,CASHOUT_L06_001589,0.0,0.0,0,0,L06_001589,LEGITIMATE_TRANSFER_CASHOUT,NONE,1,2,CASH_OUT,4,0.23359483070726256,0.11953088676872792,0.012045954752020251,79635.41,1236780.24
L06_003179,403,TRANSFER,26490.81,C812116794,198656.0,172165.19,C299319362,8250445.84,8276936.649999999,0,0,L06_001590,LEGITIMATE_TRANSFER_CASHOUT,NONE,1,1,TRANSFER,0,0.3910177587747724,0.13335016309600517,0.0012514750852901599,36849.19,
L06_003180,408,CASH_OUT,10358.38,C299319362,8276936.649999999,109101.47,CASHOUT_L06_001590,0.0,0.0,0,0,L06_001590,LEGITIMATE_TRANSFER_CASHOUT,NONE,1,2,CASH_OUT,5,0.3910177587747724,0.13335016309600517,0.0012514750852901599,36849.19,8266578.27
L06_003181,359,TRANSFER,10365.66,C1212859899,317712.0,307346.34,C1346264667,0.0,10365.66,0,0,L06_001591,LEGITIMATE_TRANSFER_CASHOUT,NONE,1,1,TRANSFER,0,0.4366437503587013,0.03262596313642544,0.43664368694323374,14891.76,
L06_003182,362,CASH_OUT,4526.1,C1346264667,10365.66,0.0,CASHOUT_L06_001591,0.0,0.0,0,0,L06_001591,LEGITIMATE_TRANSFER_CASHOUT,NONE,1,2,CASH_OUT,3,0.4366437503587013,0.03262596313642544,0.43664368694323374,14891.76,5839.5599999999995
L06_003183,283,TRANSFER,9743.03,C952061898,78637.0,68893.97,C1071145237,4119513.86,4129256.8899999997,0,0,L06_001592,LEGITIMATE_TRANSFER_CASHOUT,NONE,1,1,TRANSFER,0,0.5725024226355614,0.12389880081895292,0.0013508265890427565,15320.94,
L06_003184,288,CASH_OUT,5577.91,C1071145237,4129256.8899999997,70734.33,CASHOUT_L06_001592,0.0,0.0,0,0,L06_001592,LEGITIMATE_TRANSFER_CASHOUT,NONE,1,2,CASH_OUT,5,0.5725024226355614,0.12389880081895292,0.0013508265890427565,15320.94,4123678.9799999995
L06_003185,164,TRANSFER,15852.82,C2083946923,131230.0,115377.18,C688446131,0.0,15852.82,0,0,L06_001593,LEGITIMATE_TRANSFER_CASHOUT,NONE,1,1,TRANSFER,0,0.21701303690248339,0.12080179836927532,0.21701312447879936,19293.09,
L06_003186,169,CASH_OUT,3440.27,C688446131,15852.82,0.0,CASHOUT_L06_001593,0.0,0.0,0,0,L06_001593,LEGITIMATE_TRANSFER_CASHOUT,NONE,1,2,CASH_OUT,5,0.21701303690248339,0.12080179836927532,0.21701312447879936,19293.09,12412.55
L06_003187,215,TRANSFER,30515.24,C1042231686,337878.0,307362.76,C1247675588,0.0,30515.24,0,0,L06_001594,LEGITIMATE_TRANSFER_CASHOUT,NONE,1,1,TRANSFER,0,0.2721733806178425,0.09031437382723942,0.27217351067859863,38820.68,
L06_003188,218,CASH_OUT,8305.44,C1247675588,30515.24,70303.98,CASHOUT_L06_001594,0.0,0.0,0,0,L06_001594,LEGITIMATE_TRANSFER_CASHOUT,NONE,1,2,CASH_OUT,3,0.2721733806178425,0.09031437382723942,0.27217351067859863,38820.68,22209.800000000003
L06_003189,687,TRANSFER,8848.5,C1809845227,59124.0,50275.5,C2020937433,0.0,8848.5,0,0,L06_001595,LEGITIMATE_TRANSFER_CASHOUT,NONE,1,1,TRANSFER,0,0.31477256426209943,0.14966003653338747,0.3147731253884839,11633.77,
L06_003190,691,CASH_OUT,2785.27,C2020937433,8848.5,0.0,CASHOUT_L06_001595,0.0,0.0,0,0,L06_001595,LEGITIMATE_TRANSFER_CASHOUT,NONE,1,2,CASH_OUT,4,0.31477256426209943,0.14966003653338747,0.3147731253884839,11633.77,6063.23
L06_003191,350,TRANSFER,8819.46,C596438470,60841.0,52021.54,C241255044,2736127.2,2744946.66,0,0,L06_001596,LEGITIMATE_TRANSFER_CASHOUT,NONE,1,1,TRANSFER,0,0.6001122926942072,0.14495915583241561,0.0019281503998332702,14112.13,
L06_003192,353,CASH_OUT,5292.67,C241255044,2744946.66,0.0,CASHOUT_L06_001596,0.0,0.0,0,0,L06_001596,LEGITIMATE_TRANSFER_CASHOUT,NONE,1,2,CASH_OUT,3,0.6001122926942072,0.14495915583241561,0.0019281503998332702,14112.13,2739653.99
L06_003193,160,TRANSFER,9476.21,C1653465329,72764.0,63287.79,C1478284458,0.0,9476.21,0,0,L06_001597,LEGITIMATE_TRANSFER_CASHOUT,NONE,1,1,TRANSFER,0,0.23368431673450904,0.13023212027925896,0.23368414165578857,11690.65,
L06_003194,162,CASH_OUT,2214.44,C1478284458,9476.21,0.0,CASHOUT_L06_001597,0.0,0.0,0,0,L06_001597,LEGITIMATE_TRANSFER_CASHOUT,NONE,1,2,CASH_OUT,2,0.23368431673450904,0.13023212027925896,0.23368414165578857,11690.65,7261.769999999999
L06_003195,129,TRANSFER,8726.46,C161352780,66862.0,58135.54,C1200264097,474938.96,483665.42000000004,0,0,L06_001598,LEGITIMATE_TRANSFER_CASHOUT,NONE,1,1,TRANSFER,0,0.4790705610219645,0.13051449253686698,0.008643557771816723,12907.05,
L06_003196,134,CASH_OUT,4180.59,C1200264097,483665.42000000004,0.0,CASHOUT_L06_001598,0.0,0.0,0,0,L06_001598,LEGITIMATE_TRANSFER_CASHOUT,NONE,1,2,CASH_OUT,5,0.4790705610219645,0.13051449253686698,0.008643557771816723,12907.05,479484.83
L06_003197,160,TRANSFER,16449.01,C1699074730,221116.26,204667.25,C690809878,5219843.66,5236292.67,0,0,L06_001599,LEGITIMATE_TRANSFER_CASHOUT,NONE,1,1,TRANSFER,0,0.41196067415073967,0.07439077524194737,0.0012941121566453619,23225.36,
L06_003198,165,CASH_OUT,6776.35,C690809878,5236292.67,0.0,CASHOUT_L06_001599,0.0,0.0,0,0,L06_001599,LEGITIMATE_TRANSFER_CASHOUT,NONE,1,2,CASH_OUT,5,0.41196067415073967,0.07439077524194737,0.0012941121566453619,23225.36,5229516.32
L06_003199,231,TRANSFER,16437.51,C1799347029,137120.0,120682.49,C1133068088,0.0,16437.51,0,0,L06_001600,LEGITIMATE_TRANSFER_CASHOUT,NONE,1,1,TRANSFER,0,0.5879499521233656,0.11987682322053675,0.5879497563803764,26101.94,
L06_003200,236,CASH_OUT,9664.43,C1133068088,16437.51,0.0,CASHOUT_L06_001600,0.0,0.0,0,0,L06_001600,LEGITIMATE_TRANSFER_CASHOUT,NONE,1,2,CASH_OUT,5,0.5879499521233656,0.11987682322053675,0.5879497563803764,26101.94,6773.079999999998
L06_003201,226,TRANSFER,15162.26,C451317525,102492.0,87329.74,C750091182,8953.66,24115.92,0,0,L06_001601,LEGITIMATE_TRANSFER_CASHOUT,NONE,1,1,TRANSFER,0,0.23722441038211442,0.14793603403192446,0.14914877806859536,18759.12,
L06_003202,229,CASH_OUT,3596.86,C750091182,24115.92,0.0,CASHOUT_L06_001601,0.0,0.0,0,0,L06_001601,LEGITIMATE_TRANSFER_CASHOUT,NONE,1,2,CASH_OUT,3,0.23722441038211442,0.14793603403192446,0.14914877806859536,18759.12,20519.059999999998
L06_003203,158,TRANSFER,9825.39,C1537260180,67566.0,57740.61,C364493028,482176.4,492001.79000000004,0,0,L06_001602,LEGITIMATE_TRANSFER_CASHOUT,NONE,1,1,TRANSFER,0,0.33239038449851466,0.1454191457241808,0.006637923004304516,13091.259999999998,
L06_003204,160,CASH_OUT,3265.87,C364493028,492001.79000000004,0.0,CASHOUT_L06_001602,0.0,0.0,0,0,L06_001602,LEGITIMATE_TRANSFER_CASHOUT,NONE,1,2,CASH_OUT,2,0.33239038449851466,0.1454191457241808,0.006637923004304516,13091.259999999998,488735.92000000004
L06_003205,377,TRANSFER,10662.47,C390623901,105492.0,94829.53,C765163762,10134.92,20797.39,0,0,L06_001603,LEGITIMATE_TRANSFER_CASHOUT,NONE,1,1,TRANSFER,0,0.4039968794289664,0.10107373070943768,0.20712214369206908,14970.07,
L06_003206,381,CASH_OUT,4307.6,C765163762,20797.39,0.0,CASHOUT_L06_001603,0.0,0.0,0,0,L06_001603,LEGITIMATE_TRANSFER_CASHOUT,NONE,1,2,CASH_OUT,4,0.4039968794289664,0.10107373070943768,0.20712214369206908,14970.07,16489.79
L06_003207,154,TRANSFER,8687.24,C354972897,58432.0,49744.76,C450179729,1026728.64,1035415.88,0,0,L06_001604,LEGITIMATE_TRANSFER_CASHOUT,NONE,1,1,TRANSFER,0,0.6230367547347103,0.14867264512595837,0.0052273391827832505,14099.71,
L06_003208,155,CASH_OUT,5412.47,C450179729,1035415.88,0.0,CASHOUT_L06_001604,0.0,0.0,0,0,L06_001604,LEGITIMATE_TRANSFER_CASHOUT,NONE,1,2,CASH_OUT,1,0.6230367547347103,0.14867264512595837,0.0052273391827832505,14099.71,1030003.41
L06_003209,349,TRANSFER,28880.69,C1284042271,344355.85,315475.16,C1031712723,680315.96,709196.6499999999,0,0,L06_001605,LEGITIMATE_TRANSFER_CASHOUT,NONE,1,1,TRANSFER,0,0.42084924216029007,0.0838687363667555,0.017138293024931802,41035.11,
L06_003210,352,CASH_OUT,12154.42,C1031712723,709196.6499999999,0.0,CASHOUT_L06_001605,0.0,0.0,0,0,L06_001605,LEGITIMATE_TRANSFER_CASHOUT,NONE,1,2,CASH_OUT,3,0.42084924216029007,0.0838687363667555,0.017138293024931802,41035.11,697042.2299999999
L06_003211,330,TRANSFER,19136.07,C1524529550,144162.15,125026.07999999999,C1079324597,356119.94,375256.01,0,0,L06_001606,LEGITIMATE_TRANSFER_CASHOUT,NONE,1,1,TRANSFER,0,0.5569982537874623,0.13273990433688732,0.028403968799860128,29794.83,
L06_003212,331,CASH_OUT,10658.76,C1079324597,375256.01,0.0,CASHOUT_L06_001606,0.0,0.0,0,0,L06_001606,LEGITIMATE_TRANSFER_CASHOUT,NONE,1,2,CASH_OUT,1,0.5569982537874623,0.13273990433688732,0.028403968799860128,29794.83,364597.25
L06_003213,207,TRANSFER,47630.21,C1950904465,442004.84,394374.63,C658882371,403814.0,451444.21,0,0,L06_001607,LEGITIMATE_TRANSFER_CASHOUT,NONE,1,1,TRANSFER,0,0.6370358597534034,0.10775947611795382,0.06721129505681334,77972.36,
L06_003214,212,CASH_OUT,30342.15,C658882371,451444.21,171968.32,CASHOUT_L06_001607,0.0,0.0,0,0,L06_001607,LEGITIMATE_TRANSFER_CASHOUT,NONE,1,2,CASH_OUT,5,0.6370358597534034,0.10775947611795382,0.06721129505681334,77972.36,421102.06
L06_003215,356,TRANSFER,10849.31,C474261372,74720.0,63870.69,C847696408,0.0,10849.31,0,0,L06_001608,LEGITIMATE_TRANSFER_CASHOUT,NONE,1,1,TRANSFER,0,0.27224413608136255,0.14519954496788007,0.2722440413261304,13802.97,
L06_003216,358,CASH_OUT,2953.66,C847696408,10849.31,0.0,CASHOUT_L06_001608,0.0,0.0,0,0,L06_001608,LEGITIMATE_TRANSFER_CASHOUT,NONE,1,2,CASH_OUT,2,0.27224413608136255,0.14519954496788007,0.2722440413261304,13802.97,7895.65
L06_003217,129,TRANSFER,8816.77,C956822135,60782.0,51965.229999999996,C248579384,116035.19,124851.96,0,0,L06_001609,LEGITIMATE_TRANSFER_CASHOUT,NONE,1,1,TRANSFER,0,0.3330392850260532,0.14505560856832617,0.023518493422129694,11753.1,
L06_003218,131,CASH_OUT,2936.33,C248579384,124851.96,0.0,CASHOUT_L06_001609,0.0,0.0,0,0,L06_001609,LEGITIMATE_TRANSFER_CASHOUT,NONE,1,2,CASH_OUT,2,0.3330392850260532,0.14505560856832617,0.023518493422129694,11753.1,121915.63
L06_003219,283,TRANSFER,9726.49,C1921527761,65127.37,55400.880000000005,C601177422,278241.85,287968.33999999997,0,0,L06_001610,LEGITIMATE_TRANSFER_CASHOUT,NONE,1,1,TRANSFER,0,0.3086891414008547,0.14934565912918024,0.010426354508276848,12728.95,
L06_003220,286,CASH_OUT,3002.46,C601177422,287968.33999999997,0.0,CASHOUT_L06_001610,0.0,0.0,0,0,L06_001610,LEGITIMATE_TRANSFER_CASHOUT,NONE,1,2,CASH_OUT,3,0.3086891414008547,0.14934565912918024,0.010426354508276848,12728.95,284965.87999999995
L06_003221,329,TRANSFER,8991.85,C2052701719,79204.0,70212.15,C1151119042,2146611.44,2155603.29,0,0,L06_001611,LEGITIMATE_TRANSFER_CASHOUT,NONE,1,1,TRANSFER,0,0.4842487384394141,0.1135277258724307,0.002019986711005623,13346.14,
L06_003222,331,CASH_OUT,4354.29,C1151119042,2155603.29,0.0,CASHOUT_L06_001611,0.0,0.0,0,0,L06_001611,LEGITIMATE_TRANSFER_CASHOUT,NONE,1,2,CASH_OUT,2,0.4842487384394141,0.1135277258724307,0.002019986711005623,13346.14,2151249.0
L06_003223,178,TRANSFER,10406.24,C1740244410,93960.0,83553.76,C1629339780,327512.62,337918.86,0,0,L06_001612,LEGITIMATE_TRANSFER_CASHOUT,NONE,1,1,TRANSFER,0,0.3602526547200663,0.11075180928054491,0.011094024168997256,14155.119999999999,
L06_003224,182,CASH_OUT,3748.88,C1629339780,337918.86,0.0,CASHOUT_L06_001612,0.0,0.0,0,0,L06_001612,LEGITIMATE_TRANSFER_CASHOUT,NONE,1,2,CASH_OUT,4,0.3602526547200663,0.11075180928054491,0.011094024168997256,14155.119999999999,334169.98
L06_003225,164,TRANSFER,11428.6,C2076211188,102053.0,90624.4,C984222169,0.0,11428.6,0,0,L06_001613,LEGITIMATE_TRANSFER_CASHOUT,NONE,1,1,TRANSFER,0,0.2852379972750325,0.1119869087630937,0.28523791190522024,14688.470000000001,
L06_003226,169,CASH_OUT,3259.87,C984222169,11428.6,100173.09,CASHOUT_L06_001613,0.0,0.0,0,0,L06_001613,LEGITIMATE_TRANSFER_CASHOUT,NONE,1,2,CASH_OUT,5,0.2852379972750325,0.1119869087630937,0.28523791190522024,14688.470000000001,8168.7300000000005
L06_003227,279,TRANSFER,28369.35,C1054430065,198074.0,169704.65,C1483387344,114055.24,142424.59,0,0,L06_001614,LEGITIMATE_TRANSFER_CASHOUT,NONE,1,1,TRANSFER,0,0.5258772105023466,0.1432260165392732,0.10474869543243903,43288.14,
L06_003228,281,CASH_OUT,14918.79,C1483387344,142424.59,0.0,CASHOUT_L06_001614,0.0,0.0,0,0,L06_001614,LEGITIMATE_TRANSFER_CASHOUT,NONE,1,2,CASH_OUT,2,0.5258772105023466,0.1432260165392732,0.10474869543243903,43288.14,127505.79999999999
L06_003229,202,TRANSFER,9181.03,C66478679,105202.0,96020.97,C626770650,2742713.5,2751894.53,0,0,L06_001615,LEGITIMATE_TRANSFER_CASHOUT,NONE,1,1,TRANSFER,0,0.42171765477111167,0.08727048915419859,0.0014069579912279562,13052.830000000002,
L06_003230,203,CASH_OUT,3871.8,C626770650,2751894.53,0.0,CASHOUT_L06_001615,0.0,0.0,0,0,L06_001615,LEGITIMATE_TRANSFER_CASHOUT,NONE,1,2,CASH_OUT,1,0.42171765477111167,0.08727048915419859,0.0014069579912279562,13052.830000000002,2748022.73
L06_003231,37,TRANSFER,23665.66,C456653757,264073.7,240408.04,C523294991,5427211.82,5450877.48,0,0,L06_001616,LEGITIMATE_TRANSFER_CASHOUT,NONE,1,1,TRANSFER,0,0.5341577210522359,0.08961763325919998,0.002319112848597727,36306.86,
L06_003232,39,CASH_OUT,12641.2,C523294991,5450877.48,0.0,CASHOUT_L06_001616,0.0,0.0,0,0,L06_001616,LEGITIMATE_TRANSFER_CASHOUT,NONE,1,2,CASH_OUT,2,0.5341577210522359,0.08961763325919998,0.002319112848597727,36306.86,5438236.28
L06_003233,372,TRANSFER,13927.89,C1599571475,95627.0,81699.11,C1894663125,67464.9,81392.79,0,0,L06_001617,LEGITIMATE_TRANSFER_CASHOUT,NONE,1,1,TRANSFER,0,0.3379395328467528,0.14564809102031853,0.05782797223193848,18634.67,
L06_003234,375,CASH_OUT,4706.78,C1894663125,81392.79,0.0,CASHOUT_L06_001617,0.0,0.0,0,0,L06_001617,LEGITIMATE_TRANSFER_CASHOUT,NONE,1,2,CASH_OUT,3,0.3379395328467528,0.14564809102031853,0.05782797223193848,18634.67,76686.01
L06_003235,359,TRANSFER,9820.62,C388439576,72605.0,62784.38,C604911372,162005.26,171825.88,0,0,L06_001618,LEGITIMATE_TRANSFER_CASHOUT,NONE,1,1,TRANSFER,0,0.3723067398797286,0.13526093244266923,0.02127898311942299,13476.900000000001,
L06_003236,361,CASH_OUT,3656.28,C604911372,171825.88,42482.09,CASHOUT_L06_001618,0.0,0.0,0,0,L06_001618,LEGITIMATE_TRANSFER_CASHOUT,NONE,1,2,CASH_OUT,2,0.3723067398797286,0.13526093244266923,0.02127898311942299,13476.900000000001,168169.6
L06_003237,44,TRANSFER,12183.34,C51988451,299929.97,287746.62999999995,C1339919596,300508.62,312691.96,0,0,L06_001619,LEGITIMATE_TRANSFER_CASHOUT,NONE,1,1,TRANSFER,0,0.627266745422272,0.04062061553902066,0.02444002717562677,19825.54,
L06_003238,45,CASH_OUT,7642.2,C1339919596,312691.96,188767.37,CASHOUT_L06_001619,0.0,0.0,0,0,L06_001619,LEGITIMATE_TRANSFER_CASHOUT,NONE,1,2,CASH_OUT,1,0.627266745422272,0.04062061553902066,0.02444002717562677,19825.54,305049.76
L06_003239,321,TRANSFER,12279.51,C226300374,89995.0,77715.49,C725317629,3230383.84,3242663.3499999996,0,0,L06_001620,LEGITIMATE_TRANSFER_CASHOUT,NONE,1,1,TRANSFER,0,0.24509774745630883,0.13644658036557586,0.0009281506203843208,15289.19,
L06_003240,323,CASH_OUT,3009.68,C725317629,3242663.3499999996,0.0,CASHOUT_L06_001620,0.0,0.0,0,0,L06_001620,LEGITIMATE_TRANSFER_CASHOUT,NONE,1,2,CASH_OUT,2,0.24509774745630883,0.13644658036557586,0.0009281506203843208,15289.19,3239653.6699999995
L06_003241,207,TRANSFER,13282.46,C1355722955,125027.0,111744.54000000001,C24208721,0.0,13282.46,0,0,L06_001621,LEGITIMATE_TRANSFER_CASHOUT,NONE,1,1,TRANSFER,0,0.448579991498378,0.106236732865701,0.4485803081658067,19240.71,
L06_003242,211,CASH_OUT,5958.25,C24208721,13282.46,0.0,CASHOUT_L06_001621,0.0,0.0,0,0,L06_001621,LEGITIMATE_TRANSFER_CASHOUT,NONE,1,2,CASH_OUT,4,0.448579991498378,0.106236732865701,0.4485803081658067,19240.71,7324.209999999999
L06_003243,137,TRANSFER,25947.23,C860726793,207100.42,181153.19,C1673882452,951913.88,977861.11,0,0,L06_001622,LEGITIMATE_TRANSFER_CASHOUT,NONE,1,1,TRANSFER,0,0.2415197372822988,0.12528815731035214,0.006408650406395649,32214.0,
L06_003244,142,CASH_OUT,6266.77,C1673882452,977861.11,0.0,CASHOUT_L06_001622,0.0,0.0,0,0,L06_001622,LEGITIMATE_TRANSFER_CASHOUT,NONE,1,2,CASH_OUT,5,0.2415197372822988,0.12528815731035214,0.006408650406395649,32214.0,971594.34
L06_003245,213,TRANSFER,13680.99,C146525515,153957.0,140276.01,C715967854,533041.48,546722.47,0,0,L06_001623,LEGITIMATE_TRANSFER_CASHOUT,NONE,1,1,TRANSFER,0,0.53924253701535,0.0888624096338588,0.013493811585977069,21058.36,
L06_003246,217,CASH_OUT,7377.37,C715967854,546722.47,0.0,CASHOUT_L06_001623,0.0,0.0,0,0,L06_001623,LEGITIMATE_TRANSFER_CASHOUT,NONE,1,2,CASH_OUT,4,0.53924253701535,0.0888624096338588,0.013493811585977069,21058.36,539345.1
L06_003247,163,TRANSFER,21145.36,C518015880,206248.0,185102.64,C409345509,1854377.38,1875522.74,0,0,L06_001624,LEGITIMATE_TRANSFER_CASHOUT,NONE,1,1,TRANSFER,0,0.615033248513241,0.10252395174741089,0.006934120137620939,34150.46,
L06_003248,168,CASH_OUT,13005.1,C409345509,1875522.74,0.0,CASHOUT_L06_001624,0.0,0.0,0,0,L06_001624,LEGITIMATE_TRANSFER_CASHOUT,NONE,1,2,CASH_OUT,5,0.615033248513241,0.10252395174741089,0.006934120137620939,34150.46,1862517.64
L06_003249,326,TRANSFER,9047.7,C371528959,100670.0,91622.3,C128013215,9274.0,18321.7,0,0,L06_001625,LEGITIMATE_TRANSFER_CASHOUT,NONE,1,1,TRANSFER,0,0.31690772908421916,0.08987483858150393,0.1564969407860624,11914.990000000002,
L06_003250,327,CASH_OUT,2867.29,C128013215,18321.7,0.0,CASHOUT_L06_001625,0.0,0.0,0,0,L06_001625,LEGITIMATE_TRANSFER_CASHOUT,NONE,1,2,CASH_OUT,1,0.31690772908421916,0.08987483858150393,0.1564969407860624,11914.990000000002,15454.41
L06_003251,545,TRANSFER,10048.89,C59143336,131388.0,121339.11,C1880479078,22543.25,32592.14,0,0,L06_001626,LEGITIMATE_TRANSFER_CASHOUT,NONE,1,1,TRANSFER,0,0.5443602893599848,0.07648255548451913,0.16783862612274003,15519.11,
L06_003252,549,CASH_OUT,5470.22,C1880479078,32592.14,0.0,CASHOUT_L06_001626,0.0,0.0,0,0,L06_001626,LEGITIMATE_TRANSFER_CASHOUT,NONE,1,2,CASH_OUT,4,0.5443602893599848,0.07648255548451913,0.16783862612274003,15519.11,27121.92
L06_003253,42,TRANSFER,18368.03,C2122984632,200626.0,182257.97,C511576631,31304.0,49672.03,0,0,L06_001627,LEGITIMATE_TRANSFER_CASHOUT,NONE,1,1,TRANSFER,0,0.5118244371171672,0.09155358727183914,0.1892656692307522,27769.239999999998,
L06_003254,46,CASH_OUT,9401.21,C511576631,49672.03,0.0,CASHOUT_L06_001627,0.0,0.0,0,0,L06_001627,LEGITIMATE_TRANSFER_CASHOUT,NONE,1,2,CASH_OUT,4,0.5118244371171672,0.09155358727183914,0.1892656692307522,27769.239999999998,40270.82
L06_003255,233,TRANSFER,14888.05,C1068200380,106235.0,91346.95,C1834185508,77476.3,92364.35,0,0,L06_001628,LEGITIMATE_TRANSFER_CASHOUT,NONE,1,1,TRANSFER,0,0.2863082130812793,0.14014260836824022,0.04614951547864517,19150.62,
L06_003256,235,CASH_OUT,4262.57,C1834185508,92364.35,0.0,CASHOUT_L06_001628,0.0,0.0,0,0,L06_001628,LEGITIMATE_TRANSFER_CASHOUT,NONE,1,2,CASH_OUT,2,0.2863082130812793,0.14014260836824022,0.04614951547864517,19150.62,88101.78
L06_003257,138,TRANSFER,12772.5,C699283885,98681.0,85908.5,C516154704,4821855.1,4834627.6,0,0,L06_001629,LEGITIMATE_TRANSFER_CASHOUT,NONE,1,1,TRANSFER,0,0.4237457521693872,0.12943221086126003,0.0011194843631803203,18184.79,
L06_003258,139,CASH_OUT,5412.29,C516154704,4834627.6,0.0,CASHOUT_L06_001629,0.0,0.0,0,0,L06_001629,LEGITIMATE_TRANSFER_CASHOUT,NONE,1,2,CASH_OUT,1,0.4237457521693872,0.12943221086126003,0.0011194843631803203,18184.79,4829215.31
L06_003259,372,TRANSFER,10776.98,C1436767413,98366.42,87589.44,C1827142412,9310444.0,9321220.98,0,0,L06_001630,LEGITIMATE_TRANSFER_CASHOUT,NONE,1,1,TRANSFER,0,0.25839571959735025,0.10955954277892802,0.0002987516341448221,13561.71,
L06_003260,375,CASH_OUT,2784.73,C1827142412,9321220.98,0.0,CASHOUT_L06_001630,0.0,0.0,0,0,L06_001630,LEGITIMATE_TRANSFER_CASHOUT,NONE,1,2,CASH_OUT,3,0.25839571959735025,0.10955954277892802,0.0002987516341448221,13561.71,9318436.25
L06_003261,328,TRANSFER,13861.96,C1845921160,152596.0,138734.04,C229767326,0.0,13861.96,0,0,L06_001631,LEGITIMATE_TRANSFER_CASHOUT,NONE,1,1,TRANSFER,0,0.5883779651636531,0.09084091326116019,0.5883778340148147,22018.03,
L06_003262,332,CASH_OUT,8156.07,C229767326,13861.96,0.0,CASHOUT_L06_001631,0.0,0.0,0,0,L06_001631,LEGITIMATE_TRANSFER_CASHOUT,NONE,1,2,CASH_OUT,4,0.5883779651636531,0.09084091326116019,0.5883778340148147,22018.03,5705.889999999999
L06_003263,349,TRANSFER,8813.14,C1186693955,180060.0,171246.86,C1524706318,0.0,8813.14,0,0,L06_001632,LEGITIMATE_TRANSFER_CASHOUT,NONE,1,1,TRANSFER,0,0.555065551650297,0.048945573697656335,0.5550655044626547,13705.009999999998,
L06_003264,351,CASH_OUT,4891.87,C1524706318,8813.14,0.0,CASHOUT_L06_001632,0.0,0.0,0,0,L06_001632,LEGITIMATE_TRANSFER_CASHOUT,NONE,1,2,CASH_OUT,2,0.555065551650297,0.048945573697656335,0.5550655044626547,13705.009999999998,3921.2699999999995
L06_003265,301,TRANSFER,30412.38,C824464891,255793.0,225380.62,C850934011,132896.2,163308.58000000002,0,0,L06_001633,LEGITIMATE_TRANSFER_CASHOUT,NONE,1,1,TRANSFER,0,0.34352027083159214,0.11889449672195877,0.06397257265968512,40859.65,
L06_003266,302,CASH_OUT,10447.27,C850934011,163308.58000000002,0.0,CASHOUT_L06_001633,0.0,0.0,0,0,L06_001633,LEGITIMATE_TRANSFER_CASHOUT,NONE,1,2,CASH_OUT,1,0.34352027083159214,0.11889449672195877,0.06397257265968512,40859.65,152861.31000000003
L06_003267,157,TRANSFER,17580.97,C1374817946,140054.12,122473.15,C142776255,1136011.72,1153592.69,0,0,L06_001634,LEGITIMATE_TRANSFER_CASHOUT,NONE,1,1,TRANSFER,0,0.3324246027885158,0.12552983089679906,0.005066216222295931,23425.32,
L06_003268,158,CASH_OUT,5844.35,C142776255,1153592.69,0.0,CASHOUT_L06_001634,0.0,0.0,0,0,L06_001634,LEGITIMATE_TRANSFER_CASHOUT,NONE,1,2,CASH_OUT,1,0.3324246027885158,0.12552983089679906,0.005066216222295931,23425.32,1147748.3399999999
L06_003269,354,TRANSFER,9533.51,C1737907134,100994.0,91460.49,C581544280,0.0,9533.51,0,0,L06_001635,LEGITIMATE_TRANSFER_CASHOUT,NONE,1,1,TRANSFER,0,0.31001489970193774,0.09439679584925838,0.310014884339556,12489.04,
L06_003270,355,CASH_OUT,2955.53,C581544280,9533.51,0.0,CASHOUT_L06_001635,0.0,0.0,0,0,L06_001635,LEGITIMATE_TRANSFER_CASHOUT,NONE,1,2,CASH_OUT,1,0.31001489970193774,0.09439679584925838,0.310014884339556,12489.04,6577.98
L06_003271,322,TRANSFER,10906.27,C1082490763,185704.21,174797.94,C1548705505,1520803.42,1531709.69,0,0,L06_001636,LEGITIMATE_TRANSFER_CASHOUT,NONE,1,1,TRANSFER,0,0.5368683349854124,0.05872925551876288,0.003822676084265028,16761.5,
L06_003272,323,CASH_OUT,5855.23,C1548705505,1531709.69,0.0,CASHOUT_L06_001636,0.0,0.0,0,0,L06_001636,LEGITIMATE_TRANSFER_CASHOUT,NONE,1,2,CASH_OUT,1,0.5368683349854124,0.05872925551876288,0.003822676084265028,16761.5,1525854.46
L06_003273,251,TRANSFER,9437.84,C681817543,101099.0,91661.16,C663770919,9092847.94,9102285.78,0,0,L06_001637,LEGITIMATE_TRANSFER_CASHOUT,NONE,1,1,TRANSFER,0,0.34048236026236234,0.09335245650303169,0.00035303440011306704,12651.26,
L06_003274,252,CASH_OUT,3213.42,C663770919,9102285.78,0.0,CASHOUT_L06_001637,0.0,0.0,0,0,L06_001637,LEGITIMATE_TRANSFER_CASHOUT,NONE,1,2,CASH_OUT,1,0.34048236026236234,0.09335245650303169,0.00035303440011306704,12651.26,9099072.36
L06_003275,228,TRANSFER,10448.68,C83011242,101677.0,91228.32,C1502142347,0.0,10448.68,0,0,L06_001638,LEGITIMATE_TRANSFER_CASHOUT,NONE,1,1,TRANSFER,0,0.530561107041254,0.10276345682897804,0.5305607981103833,15992.34,
L06_003276,233,CASH_OUT,5543.66,C1502142347,10448.68,0.0,CASHOUT_L06_001638,0.0,0.0,0,0,L06_001638,LEGITIMATE_TRANSFER_CASHOUT,NONE,1,2,CASH_OUT,5,0.530561107041254,0.10276345682897804,0.5305607981103833,15992.34,4905.02
L06_003277,354,TRANSFER,9814.5,C1851914200,132022.0,122207.5,C1975397753,65405.85,75220.35,0,0,L06_001639,LEGITIMATE_TRANSFER_CASHOUT,NONE,1,1,TRANSFER,0,0.602768527832396,0.07433988274681493,0.07864720118957169,15730.369999999999,
L06_003278,355,CASH_OUT,5915.87,C1975397753,75220.35,0.0,CASHOUT_L06_001639,0.0,0.0,0,0,L06_001639,LEGITIMATE_TRANSFER_CASHOUT,NONE,1,2,CASH_OUT,1,0.602768527832396,0.07433988274681493,0.07864720118957169,15730.369999999999,69304.48000000001
L06_003279,235,TRANSFER,18883.0,C127600641,264234.0,245351.0,C1460515324,0.0,18883.0,0,0,L06_001640,LEGITIMATE_TRANSFER_CASHOUT,NONE,1,1,TRANSFER,0,0.6483417998418473,0.07146317279381155,0.648341894826034,31125.64,
L06_003280,236,CASH_OUT,12242.64,C1460515324,18883.0,0.0,CASHOUT_L06_001640,0.0,0.0,0,0,L06_001640,LEGITIMATE_TRANSFER_CASHOUT,NONE,1,2,CASH_OUT,1,0.6483417998418473,0.07146317279381155,0.648341894826034,31125.64,6640.360000000001
L06_003281,134,TRANSFER,8728.15,C795477888,64868.0,56139.85,C196646278,324368.53,333096.68000000005,0,0,L06_001641,LEGITIMATE_TRANSFER_CASHOUT,NONE,1,1,TRANSFER,0,0.6109074069930148,0.13455247579700313,0.016007634780388684,14060.24,
L06_003282,137,CASH_OUT,5332.09,C196646278,333096.68000000005,40501.52,CASHOUT_L06_001641,0.0,0.0,0,0,L06_001641,LEGITIMATE_TRANSFER_CASHOUT,NONE,1,2,CASH_OUT,3,0.6109074069930148,0.13455247579700313,0.016007634780388684,14060.24,327764.59
L06_003283,186,TRANSFER,25347.48,C1561864973,623675.85,598328.37,C785186961,8321750.39,8347097.87,0,0,L06_001642,LEGITIMATE_TRANSFER_CASHOUT,NONE,1,1,TRANSFER,0,0.4862423083158765,0.04064207392349728,0.0014765634945166878,37672.5,
L06_003284,189,CASH_OUT,12325.02,C785186961,8347097.87,278466.77,CASHOUT_L06_001642,0.0,0.0,0,0,L06_001642,LEGITIMATE_TRANSFER_CASHOUT,NONE,1,2,CASH_OUT,3,0.4862423083158765,0.04064207392349728,0.0014765634945166878,37672.5,8334772.850000001
L06_003285,211,TRANSFER,11459.43,C437722466,200156.04,188696.61000000002,C430082300,2316008.32,2327467.75,0,0,L06_001643,LEGITIMATE_TRANSFER_CASHOUT,NONE,1,1,TRANSFER,0,0.34147198567729986,0.05725248161384488,0.0016812563783107199,15372.5,
L06_003286,213,CASH_OUT,3913.07,C430082300,2327467.75,0.0,CASHOUT_L06_001643,0.0,0.0,0,0,L06_001643,LEGITIMATE_TRANSFER_CASHOUT,NONE,1,2,CASH_OUT,2,0.34147198567729986,0.05725248161384488,0.0016812563783107199,15372.5,2323554.68
L06_003287,297,TRANSFER,9108.8,C1462091498,65155.0,56046.2,C297865323,0.0,9108.8,0,0,L06_001644,LEGITIMATE_TRANSFER_CASHOUT,NONE,1,1,TRANSFER,0,0.5057246869792188,0.13980201059013123,0.5057252327419639,13715.349999999999,
L06_003288,298,CASH_OUT,4606.55,C297865323,9108.8,0.0,CASHOUT_L06_001644,0.0,0.0,0,0,L06_001644,LEGITIMATE_TRANSFER_CASHOUT,NONE,1,2,CASH_OUT,1,0.5057246869792188,0.13980201059013123,0.5057252327419639,13715.349999999999,4502.249999999999
L06_003289,15,TRANSFER,18577.93,C1188028740,152728.18,134150.25,C1014923261,4577857.62,4596435.55,0,0,L06_001645,LEGITIMATE_TRANSFER_CASHOUT,NONE,1,1,TRANSFER,0,0.3399589587432097,0.12164048573092406,0.0013740495066878508,24893.66,
L06_003290,19,CASH_OUT,6315.73,C1014923261,4596435.55,0.0,CASHOUT_L06_001645,0.0,0.0,0,0,L06_001645,LEGITIMATE_TRANSFER_CASHOUT,NONE,1,2,CASH_OUT,4,0.3399589587432097,0.12164048573092406,0.0013740495066878508,24893.66,4590119.819999999
L06_003291,372,TRANSFER,37005.59,C345975506,331945.0,294939.41000000003,C1988827122,0.0,37005.59,0,0,L06_001646,LEGITIMATE_TRANSFER_CASHOUT,NONE,1,1,TRANSFER,0,0.26796618396266286,0.11148108873457951,0.2679662721226712,46921.84,
L06_003292,376,CASH_OUT,9916.25,C1988827122,37005.59,0.0,CASHOUT_L06_001646,0.0,0.0,0,0,L06_001646,LEGITIMATE_TRANSFER_CASHOUT,NONE,1,2,CASH_OUT,4,0.26796618396266286,0.11148108873457951,0.2679662721226712,46921.84,27089.339999999997
L06_003293,281,TRANSFER,9024.86,C1464031938,105658.0,96633.14,C803490022,354711.27,363736.13,0,0,L06_001647,LEGITIMATE_TRANSFER_CASHOUT,NONE,1,1,TRANSFER,0,0.41603903059138475,0.08541577542637567,0.010322565426755928,12779.550000000001,
L06_003294,285,CASH_OUT,3754.69,C803490022,363736.13,0.0,CASHOUT_L06_001647,0.0,0.0,0,0,L06_001647,LEGITIMATE_TRANSFER_CASHOUT,NONE,1,2,CASH_OUT,4,0.41603903059138475,0.08541577542637567,0.010322565426755928,12779.550000000001,359981.44
L06_003295,350,TRANSFER,9663.9,C1558690361,69391.0,59727.1,C419207866,203414.93,213078.83,0,0,L06_001648,LEGITIMATE_TRANSFER_CASHOUT,NONE,1,1,TRANSFER,0,0.2609003390434353,0.13926734014497558,0.011832756919117681,12185.21,
L06_003296,352,CASH_OUT,2521.31,C419207866,213078.83,0.0,CASHOUT_L06_001648,0.0,0.0,0,0,L06_001648,LEGITIMATE_TRANSFER_CASHOUT,NONE,1,2,CASH_OUT,2,0.2609003390434353,0.13926734014497558,0.011832756919117681,12185.21,210557.52
L06_003297,178,TRANSFER,28497.06,C1889090899,212939.0,184441.94,C1174636796,94576.41,123073.47,0,0,L06_001649,LEGITIMATE_TRANSFER_CASHOUT,NONE,1,1,TRANSFER,0,0.5270501800031999,0.13382734022419568,0.12203588636933695,43516.44,
L06_003298,183,CASH_OUT,15019.38,C1174636796,123073.47,0.0,CASHOUT_L06_001649,0.0,0.0,0,0,L06_001649,LEGITIMATE_TRANSFER_CASHOUT,NONE,1,2,CASH_OUT,5,0.5270501800031999,0.13382734022419568,0.12203588636933695,43516.44,108054.09
L06_003299,20,TRANSFER,44945.25,C1889452476,806429.0,761483.75,C1279182255,3813010.06,3857955.31,0,0,L06_001650,LEGITIMATE_TRANSFER_CASHOUT,NONE,1,1,TRANSFER,0,0.5641487849379831,0.05573367277218453,0.00657234414672367,70301.06,
L06_003300,21,CASH_OUT,25355.81,C1279182255,3857955.31,0.0,CASHOUT_L06_001650,0.0,0.0,0,0,L06_001650,LEGITIMATE_TRANSFER_CASHOUT,NONE,1,2,CASH_OUT,1,0.5641487849379831,0.05573367277218453,0.00657234414672367,70301.06,3832599.5
L06_003301,587,TRANSFER,10292.47,C1310299654,68903.0,58610.53,C1878150959,0.0,10292.47,0,0,L06_001651,LEGITIMATE_TRANSFER_CASHOUT,NONE,1,1,TRANSFER,0,0.6091714332932561,0.14937622454755234,0.6091715594021649,16562.35,
L06_003302,592,CASH_OUT,6269.88,C1878150959,10292.47,0.0,CASHOUT_L06_001651,0.0,0.0,0,0,L06_001651,LEGITIMATE_TRANSFER_CASHOUT,NONE,1,2,CASH_OUT,5,0.6091714332932561,0.14937622454755234,0.6091715594021649,16562.35,4022.5899999999992
L06_003303,209,TRANSFER,13457.58,C1059818430,280499.0,267041.42,C1830823146,1040944.03,1054401.61,0,0,L06_001652,LEGITIMATE_TRANSFER_CASHOUT,NONE,1,1,TRANSFER,0,0.44097790247430385,0.04797728334147359,0.005628310829305353,19392.08,
L06_003304,214,CASH_OUT,5934.5,C1830823146,1054401.61,0.0,CASHOUT_L06_001652,0.0,0.0,0,0,L06_001652,LEGITIMATE_TRANSFER_CASHOUT,NONE,1,2,CASH_OUT,5,0.44097790247430385,0.04797728334147359,0.005628310829305353,19392.08,1048467.1100000001
L06_003305,326,TRANSFER,36834.16,C274715250,506154.0,469319.83999999997,C1630094089,78310.31,115144.47,0,0,L06_001653,LEGITIMATE_TRANSFER_CASHOUT,NONE,1,1,TRANSFER,0,0.5639089052707453,0.07277263441561264,0.1803917287560575,57605.270000000004,
L06_003306,331,CASH_OUT,20771.11,C1630094089,115144.47,0.0,CASHOUT_L06_001653,0.0,0.0,0,0,L06_001653,LEGITIMATE_TRANSFER_CASHOUT,NONE,1,2,CASH_OUT,5,0.5639089052707453,0.07277263441561264,0.1803917287560575,57605.270000000004,94373.36
L06_003307,44,TRANSFER,86539.26,C602371987,902566.0,816026.74,C649265468,7603164.88,7689704.14,0,0,L06_001654,LEGITIMATE_TRANSFER_CASHOUT,NONE,1,1,TRANSFER,0,0.45795171690632036,0.09588136490849422,0.005153748346942254,126170.06,
L06_003308,45,CASH_OUT,39630.8,C649265468,7689704.14,766856.77,CASHOUT_L06_001654,0.0,0.0,0,0,L06_001654,LEGITIMATE_TRANSFER_CASHOUT,NONE,1,2,CASH_OUT,1,0.45795171690632036,0.09588136490849422,0.005153748346942254,126170.06,7650073.34
L06_003309,400,TRANSFER,12894.11,C1771822576,109099.0,96204.89,C1163915715,3370909.28,3383803.3899999997,0,0,L06_001655,LEGITIMATE_TRANSFER_CASHOUT,NONE,1,1,TRANSFER,0,0.48965151995857414,0.11818724277949386,0.0018658353551681975,19207.73,
L06_003310,405,CASH_OUT,6313.62,C1163915715,3383803.3899999997,0.0,CASHOUT_L06_001655,0.0,0.0,0,0,L06_001655,LEGITIMATE_TRANSFER_CASHOUT,NONE,1,2,CASH_OUT,5,0.48965151995857414,0.11818724277949386,0.0018658353551681975,19207.73,3377489.7699999996
L06_003311,277,TRANSFER,16413.24,C1934096821,220731.69,204318.45,C967549667,1083221.53,1099634.77,0,0,L06_001656,LEGITIMATE_TRANSFER_CASHOUT,NONE,1,1,TRANSFER,0,0.6128753691732758,0.07435833069551545,0.009147828237552,26472.510000000002,
L06_003312,279,CASH_OUT,10059.27,C967549667,1099634.77,5667.61,CASHOUT_L06_001656,0.0,0.0,0,0,L06_001656,LEGITIMATE_TRANSFER_CASHOUT,NONE,1,2,CASH_OUT,2,0.6128753691732758,0.07435833069551545,0.009147828237552,26472.510000000002,1089575.5
L06_003313,190,TRANSFER,16775.39,C485235410,113100.0,96324.61,C926850610,0.0,16775.39,0,0,L06_001657,LEGITIMATE_TRANSFER_CASHOUT,NONE,1,1,TRANSFER,0,0.3924997963184609,0.1483235190097259,0.3924999657235987,23359.73,
L06_003314,193,CASH_OUT,6584.34,C926850610,16775.39,0.0,CASHOUT_L06_001657,0.0,0.0,0,0,L06_001657,LEGITIMATE_TRANSFER_CASHOUT,NONE,1,2,CASH_OUT,3,0.3924997963184609,0.1483235190097259,0.3924999657235987,23359.73,10191.05
L06_003315,20,TRANSFER,17537.83,C1040601180,147538.0,130000.17,C713454479,220475.17,238013.0,0,0,L06_001658,LEGITIMATE_TRANSFER_CASHOUT,NONE,1,1,TRANSFER,0,0.6234038187667736,0.11886991825834702,0.04593509598215224,28470.980000000003,
L06_003316,21,CASH_OUT,10933.15,C713454479,238013.0,0.0,CASHOUT_L06_001658,0.0,0.0,0,0,L06_001658,LEGITIMATE_TRANSFER_CASHOUT,NONE,1,2,CASH_OUT,1,0.6234038187667736,0.11886991825834702,0.04593509598215224,28470.980000000003,227079.85
L06_003317,16,TRANSFER,25408.99,C960297055,199047.0,173638.01,C1456400374,4275070.18,4300479.17,0,0,L06_001659,LEGITIMATE_TRANSFER_CASHOUT,NONE,1,1,TRANSFER,0,0.5177075347596949,0.12765321758177717,0.003058828907198265,38563.42,
L06_003318,19,CASH_OUT,13154.43,C1456400374,4300479.17,0.0,CASHOUT_L06_001659,0.0,0.0,0,0,L06_001659,LEGITIMATE_TRANSFER_CASHOUT,NONE,1,2,CASH_OUT,3,0.5177075347596949,0.12765321758177717,0.003058828907198265,38563.42,4287324.74
L06_003319,203,TRANSFER,10167.84,C1962235303,99958.0,89790.16,C1088422617,517362.11,527529.95,0,0,L06_001660,LEGITIMATE_TRANSFER_CASHOUT,NONE,1,1,TRANSFER,0,0.39199733534422687,0.10172112287160608,0.007555533102907238,14153.61,
L06_003320,205,CASH_OUT,3985.77,C1088422617,527529.95,0.0,CASHOUT_L06_001660,0.0,0.0,0,0,L06_001660,LEGITIMATE_TRANSFER_CASHOUT,NONE,1,2,CASH_OUT,2,0.39199733534422687,0.10172112287160608,0.007555533102907238,14153.61,523544.17999999993
L06_003321,394,TRANSFER,13868.34,C1116648800,100792.92,86924.58,C1404176375,506100.94,519969.28,0,0,L06_001661,LEGITIMATE_TRANSFER_CASHOUT,NONE,1,1,TRANSFER,0,0.26901928191071145,0.13759240232349654,0.007175135423385012,17599.19,
L06_003322,399,CASH_OUT,3730.85,C1404176375,519969.28,0.0,CASHOUT_L06_001661,0.0,0.0,0,0,L06_001661,LEGITIMATE_TRANSFER_CASHOUT,NONE,1,2,CASH_OUT,5,0.26901928191071145,0.13759240232349654,0.007175135423385012,17599.19,516238.43000000005
L06_003323,333,TRANSFER,13524.08,C1467280015,117390.0,103865.92,C853932748,0.0,13524.08,0,0,L06_001662,LEGITIMATE_TRANSFER_CASHOUT,NONE,1,1,TRANSFER,0,0.31579851088901484,0.11520640599710368,0.315798191078432,17794.96,
L06_003324,334,CASH_OUT,4270.88,C853932748,13524.08,0.0,CASHOUT_L06_001662,0.0,0.0,0,0,L06_001662,LEGITIMATE_TRANSFER_CASHOUT,NONE,1,2,CASH_OUT,1,0.31579851088901484,0.11520640599710368,0.315798191078432,17794.96,9253.2
L06_003325,158,TRANSFER,10073.97,C1619856612,403958.0,393884.03,C653750060,0.0,10073.97,0,0,L06_001663,LEGITIMATE_TRANSFER_CASHOUT,NONE,1,1,TRANSFER,0,0.2172042542100519,0.02493816188811708,0.21720433950071324,12262.08,
L06_003326,160,CASH_OUT,2188.11,C653750060,10073.97,0.0,CASHOUT_L06_001663,0.0,0.0,0,0,L06_001663,LEGITIMATE_TRANSFER_CASHOUT,NONE,1,2,CASH_OUT,2,0.2172042542100519,0.02493816188811708,0.21720433950071324,12262.08,7885.859999999999
L06_003327,210,TRANSFER,32102.03,C536982697,220146.62,188044.59,C938026316,6031593.1,6063695.13,0,0,L06_001664,LEGITIMATE_TRANSFER_CASHOUT,NONE,1,1,TRANSFER,0,0.2680800351891378,0.1458211350235584,0.0014192517624150409,40707.94,
L06_003328,215,CASH_OUT,8605.91,C938026316,6063695.13,0.0,CASHOUT_L06_001664,0.0,0.0,0,0,L06_001664,LEGITIMATE_TRANSFER_CASHOUT,NONE,1,2,CASH_OUT,5,0.2680800351891378,0.1458211350235584,0.0014192517624150409,40707.94,6055089.22
L06_003329,398,TRANSFER,73445.67,C263220378,649115.0,575669.33,C1947053285,115309.19,188754.86,0,0,L06_001665,LEGITIMATE_TRANSFER_CASHOUT,NONE,1,1,TRANSFER,0,0.34395678180718964,0.11314739298891567,0.13383570627002664,98707.81,
L06_003330,401,CASH_OUT,25262.14,C1947053285,188754.86,0.0,CASHOUT_L06_001665,0.0,0.0,0,0,L06_001665,LEGITIMATE_TRANSFER_CASHOUT,NONE,1,2,CASH_OUT,3,0.34395678180718964,0.11314739298891567,0.13383570627002664,98707.81,163492.71999999997
L06_003331,474,TRANSFER,21377.66,C1490938786,145809.0,124431.34,C575588377,190299.15,211676.81,0,0,L06_001666,LEGITIMATE_TRANSFER_CASHOUT,NONE,1,1,TRANSFER,0,0.25815043979906244,0.14661413218662772,0.02607111284415142,26896.309999999998,
L06_003332,476,CASH_OUT,5518.65,C575588377,211676.81,0.0,CASHOUT_L06_001666,0.0,0.0,0,0,L06_001666,LEGITIMATE_TRANSFER_CASHOUT,NONE,1,2,CASH_OUT,2,0.25815043979906244,0.14661413218662772,0.02607111284415142,26896.309999999998,206158.16
L06_003333,40,TRANSFER,10311.25,C1878919449,77437.0,67125.75,C337313404,173833.3,184144.55,0,0,L06_001667,LEGITIMATE_TRANSFER_CASHOUT,NONE,1,1,TRANSFER,0,0.3139391294902392,0.13315663055128685,0.017579124660490903,13548.35,
L06_003334,44,CASH_OUT,3237.1,C337313404,184144.55,0.0,CASHOUT_L06_001667,0.0,0.0,0,0,L06_001667,LEGITIMATE_TRANSFER_CASHOUT,NONE,1,2,CASH_OUT,4,0.3139391294902392,0.13315663055128685,0.017579124660490903,13548.35,180907.44999999998
L06_003335,42,TRANSFER,9459.83,C718796699,78016.13,68556.3,C230855447,1067217.27,1076677.1,0,0,L06_001668,LEGITIMATE_TRANSFER_CASHOUT,NONE,1,1,TRANSFER,0,0.6392468924981687,0.12125479692468723,0.0056165121372043665,15507.0,
L06_003336,47,CASH_OUT,6047.17,C230855447,1076677.1,0.0,CASHOUT_L06_001668,0.0,0.0,0,0,L06_001668,LEGITIMATE_TRANSFER_CASHOUT,NONE,1,2,CASH_OUT,5,0.6392468924981687,0.12125479692468723,0.0056165121372043665,15507.0,1070629.9300000002
L06_003337,13,TRANSFER,12183.99,C1051539349,96122.0,83938.01,C663849932,0.0,12183.99,0,0,L06_001669,LEGITIMATE_TRANSFER_CASHOUT,NONE,1,1,TRANSFER,0,0.4419686628218359,0.12675547741411955,0.44196851770232903,17568.93,
L06_003338,16,CASH_OUT,5384.94,C663849932,12183.99,0.0,CASHOUT_L06_001669,0.0,0.0,0,0,L06_001669,LEGITIMATE_TRANSFER_CASHOUT,NONE,1,2,CASH_OUT,3,0.4419686628218359,0.12675547741411955,0.44196851770232903,17568.93,6799.05
L06_003339,372,TRANSFER,14446.9,C1436767413,98366.42,83919.52,C1827142412,9310444.0,9324890.9,0,0,L06_001670,LEGITIMATE_TRANSFER_CASHOUT,NONE,1,1,TRANSFER,0,0.4530938447776699,0.14686820970001754,0.0007019706793566882,20992.7,
L06_003340,376,CASH_OUT,6545.8,C1827142412,9324890.9,0.0,CASHOUT_L06_001670,0.0,0.0,0,0,L06_001670,LEGITIMATE_TRANSFER_CASHOUT,NONE,1,2,CASH_OUT,4,0.4530938447776699,0.14686820970001754,0.0007019706793566882,20992.7,9318345.1
L06_003341,134,TRANSFER,30472.58,C1859780302,291295.53,260822.95,C1905415040,0.0,30472.58,0,0,L06_001671,LEGITIMATE_TRANSFER_CASHOUT,NONE,1,1,TRANSFER,0,0.27490791976994744,0.10461053075548396,0.27490780235871065,38849.73,
L06_003342,138,CASH_OUT,8377.15,C1905415040,30472.58,0.0,CASHOUT_L06_001671,0.0,0.0,0,0,L06_001671,LEGITIMATE_TRANSFER_CASHOUT,NONE,1,2,CASH_OUT,4,0.27490791976994744,0.10461053075548396,0.27490780235871065,38849.73,22095.43
L06_003343,41,TRANSFER,10243.69,C707963612,69387.99,59144.3,C1204196559,1216325.04,1226568.73,0,0,L06_001672,LEGITIMATE_TRANSFER_CASHOUT,NONE,1,1,TRANSFER,0,0.5720481960801604,0.14762915023190612,0.004777457517606861,16103.57,
L06_003344,45,CASH_OUT,5859.88,C1204196559,1226568.73,0.0,CASHOUT_L06_001672,0.0,0.0,0,0,L06_001672,LEGITIMATE_TRANSFER_CASHOUT,NONE,1,2,CASH_OUT,4,0.5720481960801604,0.14762915023190612,0.004777457517606861,16103.57,1220708.85
L06_003345,331,TRANSFER,10865.23,C74243589,174582.15,163716.91999999998,C1896018881,9365354.75,9376219.98,0,0,L06_001673,LEGITIMATE_TRANSFER_CASHOUT,NONE,1,1,TRANSFER,0,0.39209827815325504,0.06223562947300168,0.0004543664727456618,15125.47,
L06_003346,334,CASH_OUT,4260.24,C1896018881,9376219.98,0.0,CASHOUT_L06_001673,0.0,0.0,0,0,L06_001673,LEGITIMATE_TRANSFER_CASHOUT,NONE,1,2,CASH_OUT,3,0.39209827815325504,0.06223562947300168,0.0004543664727456618,15125.47,9371959.74
L06_003347,232,TRANSFER,14907.1,C580380552,304340.0,289432.9,C859148229,274841.71,289748.81,0,0,L06_001674,LEGITIMATE_TRANSFER_CASHOUT,NONE,1,1,TRANSFER,0,0.34105582972656245,0.048981730958796085,0.01754675023514333,19991.25,
L06_003348,235,CASH_OUT,5084.15,C859148229,289748.81,0.0,CASHOUT_L06_001674,0.0,0.0,0,0,L06_001674,LEGITIMATE_TRANSFER_CASHOUT,NONE,1,2,CASH_OUT,3,0.34105582972656245,0.048981730958796085,0.01754675023514333,19991.25,284664.66
L06_003349,228,TRANSFER,8908.95,C276539703,142239.0,133330.05,C460128307,365143.07,374052.02,0,0,L06_001675,LEGITIMATE_TRANSFER_CASHOUT,NONE,1,1,TRANSFER,0,0.46262144811359307,0.06263366587222914,0.011018440697098762,13030.420000000002,
L06_003350,229,CASH_OUT,4121.47,C460128307,374052.02,0.0,CASHOUT_L06_001675,0.0,0.0,0,0,L06_001675,LEGITIMATE_TRANSFER_CASHOUT,NONE,1,2,CASH_OUT,1,0.46262144811359307,0.06263366587222914,0.011018440697098762,13030.420000000002,369930.55000000005
L06_003351,373,TRANSFER,20673.94,C1347067741,142612.16,121938.22,C110556224,614051.97,634725.9099999999,0,0,L06_001676,LEGITIMATE_TRANSFER_CASHOUT,NONE,1,1,TRANSFER,0,0.208032268444305,0.144966179602076,0.006775916867802042,24974.79,
L06_003352,374,CASH_OUT,4300.85,C110556224,634725.9099999999,0.0,CASHOUT_L06_001676,0.0,0.0,0,0,L06_001676,LEGITIMATE_TRANSFER_CASHOUT,NONE,1,2,CASH_OUT,1,0.208032268444305,0.144966179602076,0.006775916867802042,24974.79,630425.0599999999
L06_003353,189,TRANSFER,8914.3,C1963247776,79630.0,70715.7,C1074432461,0.0,8914.3,0,0,L06_001677,LEGITIMATE_TRANSFER_CASHOUT,NONE,1,1,TRANSFER,0,0.6166560841704554,0.11194650257440662,0.616656383563488,14411.36,
L06_003354,194,CASH_OUT,5497.06,C1074432461,8914.3,40514.06,CASHOUT_L06_001677,0.0,0.0,0,0,L06_001677,LEGITIMATE_TRANSFER_CASHOUT,NONE,1,2,CASH_OUT,5,0.6166560841704554,0.11194650257440662,0.616656383563488,14411.36,3417.239999999999
L06_003355,153,TRANSFER,9454.84,C1624568502,192475.54,183020.7,C378750309,6856197.47,6865652.31,0,0,L06_001678,LEGITIMATE_TRANSFER_CASHOUT,NONE,1,1,TRANSFER,0,0.5802471248151964,0.04912229366910725,0.0007990704673479163,14940.98,
L06_003356,154,CASH_OUT,5486.14,C378750309,6865652.31,0.0,CASHOUT_L06_001678,0.0,0.0,0,0,L06_001678,LEGITIMATE_TRANSFER_CASHOUT,NONE,1,2,CASH_OUT,1,0.5802471248151964,0.04912229366910725,0.0007990704673479163,14940.98,6860166.17
L06_003357,183,TRANSFER,8809.15,C17124498,75734.0,66924.85,C1751657664,408600.53,417409.68000000005,0,0,L06_001679,LEGITIMATE_TRANSFER_CASHOUT,NONE,1,1,TRANSFER,0,0.2676865433161212,0.11631697784350489,0.005649341912722292,11167.24,
L06_003358,188,CASH_OUT,2358.09,C1751657664,417409.68000000005,0.0,CASHOUT_L06_001679,0.0,0.0,0,0,L06_001679,LEGITIMATE_TRANSFER_CASHOUT,NONE,1,2,CASH_OUT,5,0.2676865433161212,0.11631697784350489,0.005649341912722292,11167.24,415051.59
L06_003359,251,TRANSFER,12806.83,C681817543,101099.0,88292.17,C663770919,9092847.94,9105654.77,0,0,L06_001680,LEGITIMATE_TRANSFER_CASHOUT,NONE,1,1,TRANSFER,0,0.40695735876049527,0.12667612933856912,0.0005723728970234175,18018.66,
L06_003360,256,CASH_OUT,5211.83,C663770919,9105654.77,0.0,CASHOUT_L06_001680,0.0,0.0,0,0,L06_001680,LEGITIMATE_TRANSFER_CASHOUT,NONE,1,2,CASH_OUT,5,0.40695735876049527,0.12667612933856912,0.0005723728970234175,18018.66,9100442.94
L06_003361,284,TRANSFER,8706.03,C1760800755,74142.41,65436.380000000005,C1058665563,760111.5,768817.53,0,0,L06_001681,LEGITIMATE_TRANSFER_CASHOUT,NONE,1,1,TRANSFER,0,0.25068511513966985,0.11742307810064442,0.002838736000205406,10888.5,
L06_003362,286,CASH_OUT,2182.47,C1058665563,768817.53,0.0,CASHOUT_L06_001681,0.0,0.0,0,0,L06_001681,LEGITIMATE_TRANSFER_CASHOUT,NONE,1,2,CASH_OUT,2,0.25068511513966985,0.11742307810064442,0.002838736000205406,10888.5,766635.06
L06_003363,20,TRANSFER,23487.6,C2114789582,159011.0,135523.4,C1453075166,345740.92,369228.51999999996,0,0,L06_001682,LEGITIMATE_TRANSFER_CASHOUT,NONE,1,1,TRANSFER,0,0.4837381040030703,0.14771053574909912,0.0307718645352748,34849.45,
L06_003364,22,CASH_OUT,11361.85,C1453075166,369228.51999999996,0.0,CASHOUT_L06_001682,0.0,0.0,0,0,L06_001682,LEGITIMATE_TRANSFER_CASHOUT,NONE,1,2,CASH_OUT,2,0.4837381040030703,0.14771053574909912,0.0307718645352748,34849.45,357866.67
L06_003365,154,TRANSFER,14859.26,C1898132409,614685.17,599825.91,C1968101532,7520165.58,7535024.84,0,0,L06_001683,LEGITIMATE_TRANSFER_CASHOUT,NONE,1,1,TRANSFER,0,0.2845284644912933,0.02417377338060718,0.000561097022209684,19087.14,
L06_003366,157,CASH_OUT,4227.88,C1968101532,7535024.84,153202.85,CASHOUT_L06_001683,0.0,0.0,0,0,L06_001683,LEGITIMATE_TRANSFER_CASHOUT,NONE,1,2,CASH_OUT,3,0.2845284644912933,0.02417377338060718,0.000561097022209684,19087.14,7530796.96
L06_003367,206,TRANSFER,22397.43,C1064143358,223601.0,201203.57,C2018361352,3607465.77,3629863.2,0,0,L06_001684,LEGITIMATE_TRANSFER_CASHOUT,NONE,1,1,TRANSFER,0,0.5421670628806445,0.1001669491639125,0.003345346458235671,34540.58,
L06_003368,209,CASH_OUT,12143.15,C2018361352,3629863.2,38195.51,CASHOUT_L06_001684,0.0,0.0,0,0,L06_001684,LEGITIMATE_TRANSFER_CASHOUT,NONE,1,2,CASH_OUT,3,0.5421670628806445,0.1001669491639125,0.003345346458235671,34540.58,3617720.0500000003
L06_003369,139,TRANSFER,12970.11,C1093653833,138529.5,125559.39,C856409944,42897.01,55867.12,0,0,L06_001685,LEGITIMATE_TRANSFER_CASHOUT,NONE,1,1,TRANSFER,0,0.21381227609201311,0.09362706138403734,0.04963867834962676,15743.28,
L06_003370,141,CASH_OUT,2773.17,C856409944,55867.12,99157.84,CASHOUT_L06_001685,0.0,0.0,0,0,L06_001685,LEGITIMATE_TRANSFER_CASHOUT,NONE,1,2,CASH_OUT,2,0.21381227609201311,0.09362706138403734,0.04963867834962676,15743.28,53093.950000000004
L06_003371,378,TRANSFER,13905.58,C702058391,103584.0,89678.42,C512868122,353267.01,367172.59,0,0,L06_001686,LEGITIMATE_TRANSFER_CASHOUT,NONE,1,1,TRANSFER,0,0.26827274264780065,0.1342444779116466,0.010160044898776349,17636.07,
L06_003372,382,CASH_OUT,3730.49,C512868122,367172.59,0.0,CASHOUT_L06_001686,0.0,0.0,0,0,L06_001686,LEGITIMATE_TRANSFER_CASHOUT,NONE,1,2,CASH_OUT,4,0.26827274264780065,0.1342444779116466,0.010160044898776349,17636.07,363442.10000000003
L06_003373,14,TRANSFER,14272.51,C847401159,301056.69,286784.18,C735242190,5539715.9,5553988.41,0,0,L06_001687,LEGITIMATE_TRANSFER_CASHOUT,NONE,1,1,TRANSFER,0,0.563259332735564,0.047408047965982754,0.0014474499056435733,22311.63,
L06_003374,15,CASH_OUT,8039.12,C735242190,5553988.41,0.0,CASHOUT_L06_001687,0.0,0.0,0,0,L06_001687,LEGITIMATE_TRANSFER_CASHOUT,NONE,1,2,CASH_OUT,1,0.563259332735564,0.047408047965982754,0.0014474499056435733,22311.63,5545949.29
L06_003375,35,TRANSFER,27147.61,C2112812273,242442.45,215294.84000000003,C2095595269,88129.23,115276.84,0,0,L06_001688,LEGITIMATE_TRANSFER_CASHOUT,NONE,1,1,TRANSFER,0,0.5252050854938246,0.11197548119151576,0.12368538207674673,41405.67,
L06_003376,36,CASH_OUT,14258.06,C2095595269,115276.84,160455.2,CASHOUT_L06_001688,0.0,0.0,0,0,L06_001688,LEGITIMATE_TRANSFER_CASHOUT,NONE,1,2,CASH_OUT,1,0.5252050854938246,0.11197548119151576,0.12368538207674673,41405.67,101018.78
L06_003377,274,TRANSFER,11950.95,C1753270071,100493.0,88542.05,C1913216838,150009.11,161960.06,0,0,L06_001689,LEGITIMATE_TRANSFER_CASHOUT,NONE,1,1,TRANSFER,0,0.3201690509453657,0.11892320858169227,0.023625083863268514,15777.27,
L06_003378,275,CASH_OUT,3826.32,C1913216838,161960.06,0.0,CASHOUT_L06_001689,0.0,0.0,0,0,L06_001689,LEGITIMATE_TRANSFER_CASHOUT,NONE,1,2,CASH_OUT,1,0.3201690509453657,0.11892320858169227,0.023625083863268514,15777.27,158133.74
L06_003379,306,TRANSFER,12411.88,C2035425719,119549.0,107137.12,C20663831,208451.13,220863.01,0,0,L06_001690,LEGITIMATE_TRANSFER_CASHOUT,NONE,1,1,TRANSFER,0,0.4477634147908027,0.10382253301993324,0.025163063747071092,17969.47,
L06_003380,307,CASH_OUT,5557.59,C20663831,220863.01,67795.76,CASHOUT_L06_001690,0.0,0.0,0,0,L06_001690,LEGITIMATE_TRANSFER_CASHOUT,NONE,1,2,CASH_OUT,1,0.4477634147908027,0.10382253301993324,0.025163063747071092,17969.47,215305.42
L06_003381,260,TRANSFER,9410.17,C1513490579,198463.0,189052.83,C1647730329,0.0,9410.17,0,0,L06_001691,LEGITIMATE_TRANSFER_CASHOUT,NONE,1,1,TRANSFER,0,0.30038386291287855,0.04741523608934663,0.30038352123287887,12236.83,
L06_003382,264,CASH_OUT,2826.66,C1647730329,9410.17,0.0,CASHOUT_L06_001691,0.0,0.0,0,0,L06_001691,LEGITIMATE_TRANSFER_CASHOUT,NONE,1,2,CASH_OUT,4,0.30038386291287855,0.04741523608934663,0.30038352123287887,12236.83,6583.51
L06_003383,231,TRANSFER,10925.04,C2111579447,98501.0,87575.95999999999,C27294648,52635.74,63560.78,0,0,L06_001692,LEGITIMATE_TRANSFER_CASHOUT,NONE,1,1,TRANSFER,0,0.3964843787785,0.11091298565496797,0.06814910075049425,15256.650000000001,
L06_003384,234,CASH_OUT,4331.61,C27294648,63560.78,0.0,CASHOUT_L06_001692,0.0,0.0,0,0,L06_001692,LEGITIMATE_TRANSFER_CASHOUT,NONE,1,2,CASH_OUT,3,0.3964843787785,0.11091298565496797,0.06814910075049425,15256.650000000001,59229.17
L06_003385,380,TRANSFER,22858.58,C820096678,247460.0,224601.41999999998,C1200269809,308428.02,331286.60000000003,0,0,L06_001693,LEGITIMATE_TRANSFER_CASHOUT,NONE,1,1,TRANSFER,0,0.501908227190843,0.09237282793178696,0.0346313735599327,34331.490000000005,
L06_003386,382,CASH_OUT,11472.91,C1200269809,331286.60000000003,200997.29,CASHOUT_L06_001693,0.0,0.0,0,0,L06_001693,LEGITIMATE_TRANSFER_CASHOUT,NONE,1,2,CASH_OUT,2,0.501908227190843,0.09237282793178696,0.0346313735599327,34331.490000000005,319813.69000000006
L06_003387,182,TRANSFER,10278.57,C1126200677,85160.0,74881.43,C2021483140,0.0,10278.57,0,0,L06_001694,LEGITIMATE_TRANSFER_CASHOUT,NONE,1,1,TRANSFER,0,0.32121544314913725,0.12069715829027712,0.3212158889806656,13580.21,
L06_003388,183,CASH_OUT,3301.64,C2021483140,10278.57,0.0,CASHOUT_L06_001694,0.0,0.0,0,0,L06_001694,LEGITIMATE_TRANSFER_CASHOUT,NONE,1,2,CASH_OUT,1,0.32121544314913725,0.12069715829027712,0.3212158889806656,13580.21,6976.93
L06_003389,234,TRANSFER,18726.06,C837576423,165741.53,147015.47,C1982715234,3190955.44,3209681.5,0,0,L06_001695,LEGITIMATE_TRANSFER_CASHOUT,NONE,1,1,TRANSFER,0,0.554925762185839,0.11298351113326878,0.003237570456757158,29117.63,
L06_003390,236,CASH_OUT,10391.57,C1982715234,3209681.5,0.0,CASHOUT_L06_001695,0.0,0.0,0,0,L06_001695,LEGITIMATE_TRANSFER_CASHOUT,NONE,1,2,CASH_OUT,2,0.554925762185839,0.11298351113326878,0.003237570456757158,29117.63,3199289.93
L06_003391,19,TRANSFER,13881.96,C78756784,92815.52,78933.56,C184253187,15190121.03,15204002.99,0,0,L06_001696,LEGITIMATE_TRANSFER_CASHOUT,NONE,1,1,TRANSFER,0,0.5490957524659354,0.1495650727378352,0.0005013502039570435,21504.489999999998,
L06_003392,24,CASH_OUT,7622.53,C184253187,15204002.99,0.0,CASHOUT_L06_001696,0.0,0.0,0,0,L06_001696,LEGITIMATE_TRANSFER_CASHOUT,NONE,1,2,CASH_OUT,5,0.5490957524659354,0.1495650727378352,0.0005013502039570435,21504.489999999998,15196380.46
L06_003393,249,TRANSFER,11308.1,C1802732229,80870.0,69561.9,C1766450497,6005441.14,6016749.239999999,0,0,L06_001697,LEGITIMATE_TRANSFER_CASHOUT,NONE,1,1,TRANSFER,0,0.43078004335216014,0.1398305923086435,0.0008096232376804191,16179.400000000001,
L06_003394,250,CASH_OUT,4871.3,C1766450497,6016749.239999999,0.0,CASHOUT_L06_001697,0.0,0.0,0,0,L06_001697,LEGITIMATE_TRANSFER_CASHOUT,NONE,1,2,CASH_OUT,1,0.43078004335216014,0.1398305923086435,0.0008096232376804191,16179.400000000001,6011877.9399999995
L06_003395,163,TRANSFER,63337.32,C1310171996,503057.0,439719.68,C1655360824,48103.44,111440.76000000001,0,0,L06_001698,LEGITIMATE_TRANSFER_CASHOUT,NONE,1,1,TRANSFER,0,0.3220187830568352,0.12590485770002208,0.1830193010169708,83733.13,
L06_003396,167,CASH_OUT,20395.81,C1655360824,111440.76000000001,162504.9,CASHOUT_L06_001698,0.0,0.0,0,0,L06_001698,LEGITIMATE_TRANSFER_CASHOUT,NONE,1,2,CASH_OUT,4,0.3220187830568352,0.12590485770002208,0.1830193010169708,83733.13,91044.95000000001
L06_003397,143,TRANSFER,15140.61,C2107621337,105178.0,90037.39,C1216496708,262941.48,278082.08999999997,0,0,L06_001699,LEGITIMATE_TRANSFER_CASHOUT,NONE,1,1,TRANSFER,0,0.3723457260952262,0.1439522523721691,0.020272934513689826,20778.15,
L06_003398,147,CASH_OUT,5637.54,C1216496708,278082.08999999997,0.0,CASHOUT_L06_001699,0.0,0.0,0,0,L06_001699,LEGITIMATE_TRANSFER_CASHOUT,NONE,1,2,CASH_OUT,4,0.3723457260952262,0.1439522523721691,0.020272934513689826,20778.15,272444.55
L06_003399,667,TRANSFER,18091.77,C1012375503,160580.0,142488.23,C704643341,57398.69,75490.46,0,0,L06_001700,LEGITIMATE_TRANSFER_CASHOUT,NONE,1,1,TRANSFER,0,0.46967369777898665,0.11266515132644166,0.11256031556835128,26589.0,
L06_003400,670,CASH_OUT,8497.23,C704643341,75490.46,0.0,CASHOUT_L06_001700,0.0,0.0,0,0,L06_001700,LEGITIMATE_TRANSFER_CASHOUT,NONE,1,2,CASH_OUT,3,0.46967369777898665,0.11266515132644166,0.11256031556835128,26589.0,66993.23000000001
L06_003401,307,TRANSFER,10429.41,C1075137745,107910.0,97480.59,C1873145218,0.0,10429.41,0,0,L06_001701,LEGITIMATE_TRANSFER_CASHOUT,NONE,1,1,TRANSFER,0,0.3948996059071736,0.09664915207117042,0.3948996156062519,14547.98,
L06_003402,309,CASH_OUT,4118.57,C1873145218,10429.41,0.0,CASHOUT_L06_001701,0.0,0.0,0,0,L06_001701,LEGITIMATE_TRANSFER_CASHOUT,NONE,1,2,CASH_OUT,2,0.3948996059071736,0.09664915207117042,0.3948996156062519,14547.98,6310.84
L06_003403,41,TRANSFER,14754.26,C984329190,203182.96,188428.69999999998,C1858668746,3705176.33,3719930.59,0,0,L06_001702,LEGITIMATE_TRANSFER_CASHOUT,NONE,1,1,TRANSFER,0,0.5771609919338687,0.0726156366655944,0.0022891771214473117,23269.84,
L06_003404,44,CASH_OUT,8515.58,C1858668746,3719930.59,0.0,CASHOUT_L06_001702,0.0,0.0,0,0,L06_001702,LEGITIMATE_TRANSFER_CASHOUT,NONE,1,2,CASH_OUT,3,0.5771609919338687,0.0726156366655944,0.0022891771214473117,23269.84,3711415.01
L06_003405,400,TRANSFER,8693.19,C2014092635,61376.0,52682.81,C383343467,0.0,8693.19,0,0,L06_001703,LEGITIMATE_TRANSFER_CASHOUT,NONE,1,1,TRANSFER,0,0.6010410391724518,0.1416382625130344,0.6010405846415412,13918.150000000001,
L06_003406,403,CASH_OUT,5224.96,C383343467,8693.19,0.0,CASHOUT_L06_001703,0.0,0.0,0,0,L06_001703,LEGITIMATE_TRANSFER_CASHOUT,NONE,1,2,CASH_OUT,3,0.6010410391724518,0.1416382625130344,0.6010405846415412,13918.150000000001,3468.2300000000005
L06_003407,234,TRANSFER,10761.37,C837576423,165741.53,154980.16,C1982715234,3190955.44,3201716.81,0,0,L06_001704,LEGITIMATE_TRANSFER_CASHOUT,NONE,1,1,TRANSFER,0,0.4507198662512776,0.06492862712200136,0.001514924738143846,15611.73,
L06_003408,235,CASH_OUT,4850.36,C1982715234,3201716.81,0.0,CASHOUT_L06_001704,0.0,0.0,0,0,L06_001704,LEGITIMATE_TRANSFER_CASHOUT,NONE,1,2,CASH_OUT,1,0.4507198662512776,0.06492862712200136,0.001514924738143846,15611.73,3196866.45
L06_003409,177,TRANSFER,11886.66,C1106130540,87468.0,75581.34,C1956170677,0.0,11886.66,0,0,L06_001705,LEGITIMATE_TRANSFER_CASHOUT,NONE,1,1,TRANSFER,0,0.2103676346297888,0.13589724242008505,0.21036775679627415,14387.23,
L06_003410,180,CASH_OUT,2500.57,C1956170677,11886.66,0.0,CASHOUT_L06_001705,0.0,0.0,0,0,L06_001705,LEGITIMATE_TRANSFER_CASHOUT,NONE,1,2,CASH_OUT,3,0.2103676346297888,0.13589724242008505,0.21036775679627415,14387.23,9386.09
L06_003411,234,TRANSFER,15647.0,C1316798601,266414.51,250767.51,C24559281,2938140.39,2953787.39,0,0,L06_001706,LEGITIMATE_TRANSFER_CASHOUT,NONE,1,1,TRANSFER,0,0.6266427987145295,0.058731786042734685,0.003319494163051458,25452.08,
L06_003412,237,CASH_OUT,9805.08,C24559281,2953787.39,0.0,CASHOUT_L06_001706,0.0,0.0,0,0,L06_001706,LEGITIMATE_TRANSFER_CASHOUT,NONE,1,2,CASH_OUT,3,0.6266427987145295,0.058731786042734685,0.003319494163051458,25452.08,2943982.31
L06_003413,302,TRANSFER,32041.65,C1524207226,295745.0,263703.35,C902521396,0.0,32041.65,0,0,L06_001707,LEGITIMATE_TRANSFER_CASHOUT,NONE,1,1,TRANSFER,0,0.42219453383416433,0.10834215286818036,0.42219454990613775,45569.46,
L06_003414,306,CASH_OUT,13527.81,C902521396,32041.65,269281.02,CASHOUT_L06_001707,0.0,0.0,0,0,L06_001707,LEGITIMATE_TRANSFER_CASHOUT,NONE,1,2,CASH_OUT,4,0.42219453383416433,0.10834215286818036,0.42219454990613775,45569.46,18513.840000000004
L06_003415,325,TRANSFER,13819.1,C1978566561,110644.44,96825.34,C19562096,1151283.92,1165103.02,0,0,L06_001708,LEGITIMATE_TRANSFER_CASHOUT,NONE,1,1,TRANSFER,0,0.40935065607093074,0.12489647017057523,0.004855244474432827,19475.96,
L06_003416,326,CASH_OUT,5656.86,C19562096,1165103.02,0.0,CASHOUT_L06_001708,0.0,0.0,0,0,L06_001708,LEGITIMATE_TRANSFER_CASHOUT,NONE,1,2,CASH_OUT,1,0.40935065607093074,0.12489647017057523,0.004855244474432827,19475.96,1159446.16
L06_003417,41,TRANSFER,9434.11,C627435369,64053.0,54618.89,C1899552868,0.0,9434.11,0,0,L06_001709,LEGITIMATE_TRANSFER_CASHOUT,NONE,1,1,TRANSFER,0,0.5544791542015564,0.14728599753329275,0.554479436852019,14665.130000000001,
L06_003418,46,CASH_OUT,5231.02,C1899552868,9434.11,0.0,CASHOUT_L06_001709,0.0,0.0,0,0,L06_001709,LEGITIMATE_TRANSFER_CASHOUT,NONE,1,2,CASH_OUT,5,0.5544791542015564,0.14728599753329275,0.554479436852019,14665.130000000001,4203.09
L06_003419,297,TRANSFER,13294.76,C1056943739,141760.0,128465.24,C1791177727,0.0,13294.76,0,0,L06_001710,LEGITIMATE_TRANSFER_CASHOUT,NONE,1,1,TRANSFER,0,0.41643065514713823,0.09378357787810383,0.41643098483913965,18831.11,
L06_003420,298,CASH_OUT,5536.35,C1791177727,13294.76,0.0,CASHOUT_L06_001710,0.0,0.0,0,0,L06_001710,LEGITIMATE_TRANSFER_CASHOUT,NONE,1,2,CASH_OUT,1,0.41643065514713823,0.09378357787810383,0.41643098483913965,18831.11,7758.41
L06_003421,132,TRANSFER,28047.27,C504717824,408692.0,380644.73,C560586004,141719.48,169766.75,0,0,L06_001711,LEGITIMATE_TRANSFER_CASHOUT,NONE,1,1,TRANSFER,0,0.5459255805928048,0.06862691219793879,0.09019269085377436,43358.99,
L06_003422,134,CASH_OUT,15311.72,C560586004,169766.75,281463.81,CASHOUT_L06_001711,0.0,0.0,0,0,L06_001711,LEGITIMATE_TRANSFER_CASHOUT,NONE,1,2,CASH_OUT,2,0.5459255805928048,0.06862691219793879,0.09019269085377436,43358.99,154455.03
L06_003423,182,TRANSFER,11057.36,C1569628087,158487.99,147430.63,C457015333,990253.9,1001311.26,0,0,L06_001712,LEGITIMATE_TRANSFER_CASHOUT,NONE,1,1,TRANSFER,0,0.5601634814393881,0.06976781016656215,0.00618581878326226,17251.29,
L06_003424,186,CASH_OUT,6193.93,C457015333,1001311.26,0.0,CASHOUT_L06_001712,0.0,0.0,0,0,L06_001712,LEGITIMATE_TRANSFER_CASHOUT,NONE,1,2,CASH_OUT,4,0.5601634814393881,0.06976781016656215,0.00618581878326226,17251.29,995117.33
L06_003425,235,TRANSFER,13194.49,C90739865,100294.0,87099.51,C111963514,2457043.16,2470237.6500000004,0,0,L06_001713,LEGITIMATE_TRANSFER_CASHOUT,NONE,1,1,TRANSFER,0,0.27801950415308047,0.1315581191297585,0.0014850109664549885,16862.82,
L06_003426,237,CASH_OUT,3668.33,C111963514,2470237.6500000004,0.0,CASHOUT_L06_001713,0.0,0.0,0,0,L06_001713,LEGITIMATE_TRANSFER_CASHOUT,NONE,1,2,CASH_OUT,2,0.27801950415308047,0.1315581191297585,0.0014850109664549885,16862.82,2466569.3200000003
L06_003427,14,TRANSFER,243079.93,C715967819,1913201.01,1670121.08,C916909945,138979.68,382059.61,0,0,L06_001714,LEGITIMATE_TRANSFER_CASHOUT,NONE,1,1,TRANSFER,0,0.30523177429399134,0.12705404645380153,0.19419932926173486,317275.65,
L06_003428,16,CASH_OUT,74195.72,C916909945,382059.61,1338101.33,CASHOUT_L06_001714,0.0,0.0,0,0,L06_001714,LEGITIMATE_TRANSFER_CASHOUT,NONE,1,2,CASH_OUT,2,0.30523177429399134,0.12705404645380153,0.19419932926173486,317275.65,307863.89
L06_003429,302,TRANSFER,25438.8,C1113824151,262372.7,236933.90000000002,C1352489072,3999793.79,4025232.59,0,0,L06_001715,LEGITIMATE_TRANSFER_CASHOUT,NONE,1,1,TRANSFER,0,0.36936177583035373,0.09695673368456398,0.0023343048606291844,34834.92,
L06_003430,303,CASH_OUT,9396.12,C1352489072,4025232.59,99957.84,CASHOUT_L06_001715,0.0,0.0,0,0,L06_001715,LEGITIMATE_TRANSFER_CASHOUT,NONE,1,2,CASH_OUT,1,0.36936177583035373,0.09695673368456398,0.0023343048606291844,34834.92,4015836.4699999997
L06_003431,249,TRANSFER,21641.96,C1513568030,279868.38,258226.42,C896346351,3421503.6,3443145.56,0,0,L06_001716,LEGITIMATE_TRANSFER_CASHOUT,NONE,1,1,TRANSFER,0,0.44520057845706434,0.07732906446951957,0.0027983162001434525,31276.97,
L06_003432,253,CASH_OUT,9635.01,C896346351,3443145.56,0.0,CASHOUT_L06_001716,0.0,0.0,0,0,L06_001716,LEGITIMATE_TRANSFER_CASHOUT,NONE,1,2,CASH_OUT,4,0.44520057845706434,0.07732906446951957,0.0027983162001434525,31276.97,3433510.5500000003
L06_003433,45,TRANSFER,11377.99,C1078824163,185145.76,173767.77000000002,C1246973714,26763698.96,26775076.95,0,0,L06_001717,LEGITIMATE_TRANSFER_CASHOUT,NONE,1,1,TRANSFER,0,0.4345575586852692,0.06145422935961374,0.00018466389505558453,16322.380000000001,
L06_003434,50,CASH_OUT,4944.39,C1246973714,26775076.95,0.0,CASHOUT_L06_001717,0.0,0.0,0,0,L06_001717,LEGITIMATE_TRANSFER_CASHOUT,NONE,1,2,CASH_OUT,5,0.4345575586852692,0.06145422935961374,0.00018466389505558453,16322.380000000001,26770132.56
L06_003435,8,TRANSFER,12312.08,C507485764,157204.0,144891.92,C475231857,43507.76,55819.840000000004,0,0,L06_001718,LEGITIMATE_TRANSFER_CASHOUT,NONE,1,1,TRANSFER,0,0.34889187490581697,0.07831912673977762,0.07695435888028342,16607.66,
L06_003436,10,CASH_OUT,4295.58,C475231857,55819.840000000004,0.0,CASHOUT_L06_001718,0.0,0.0,0,0,L06_001718,LEGITIMATE_TRANSFER_CASHOUT,NONE,1,2,CASH_OUT,2,0.34889187490581697,0.07831912673977762,0.07695435888028342,16607.66,51524.26
L06_003437,354,TRANSFER,13425.7,C302357367,104021.0,90595.3,C741024584,0.0,13425.7,0,0,L06_001719,LEGITIMATE_TRANSFER_CASHOUT,NONE,1,1,TRANSFER,0,0.28520867014171347,0.12906720758308418,0.28520896489568515,17254.83,
L06_003438,356,CASH_OUT,3829.13,C741024584,13425.7,0.0,CASHOUT_L06_001719,0.0,0.0,0,0,L06_001719,LEGITIMATE_TRANSFER_CASHOUT,NONE,1,2,CASH_OUT,2,0.28520867014171347,0.12906720758308418,0.28520896489568515,17254.83,9596.57
L06_003439,359,TRANSFER,10526.61,C245206358,89360.0,78833.39,C2055298029,157697.35,168223.96000000002,0,0,L06_001720,LEGITIMATE_TRANSFER_CASHOUT,NONE,1,1,TRANSFER,0,0.39404577152591536,0.1178000223813787,0.024657426920636036,14674.580000000002,
L06_003440,362,CASH_OUT,4147.97,C2055298029,168223.96000000002,0.0,CASHOUT_L06_001720,0.0,0.0,0,0,L06_001720,LEGITIMATE_TRANSFER_CASHOUT,NONE,1,2,CASH_OUT,3,0.39404577152591536,0.1178000223813787,0.024657426920636036,14674.580000000002,164075.99000000002
L06_003441,187,TRANSFER,10366.06,C811726980,237159.54,226793.48,C1115795619,1184728.54,1195094.6,0,0,L06_001721,LEGITIMATE_TRANSFER_CASHOUT,NONE,1,1,TRANSFER,0,0.5791974809878084,0.043709226287080835,0.005023870076896004,16370.06,
L06_003442,191,CASH_OUT,6004.0,C1115795619,1195094.6,112122.15,CASHOUT_L06_001721,0.0,0.0,0,0,L06_001721,LEGITIMATE_TRANSFER_CASHOUT,NONE,1,2,CASH_OUT,4,0.5791974809878084,0.043709226287080835,0.005023870076896004,16370.06,1189090.6
L06_003443,119,TRANSFER,12539.57,C137974590,122753.0,110213.43,C1115202779,152373.89,164913.46000000002,0,0,L06_001722,LEGITIMATE_TRANSFER_CASHOUT,NONE,1,1,TRANSFER,0,0.3150615508401673,0.10215285980790693,0.023956443579559845,16490.309999999998,
L06_003444,124,CASH_OUT,3950.74,C1115202779,164913.46000000002,101011.36,CASHOUT_L06_001722,0.0,0.0,0,0,L06_001722,LEGITIMATE_TRANSFER_CASHOUT,NONE,1,2,CASH_OUT,5,0.3150615508401673,0.10215285980790693,0.023956443579559845,16490.309999999998,160962.72000000003
L06_003445,307,TRANSFER,12084.94,C2122579255,87203.0,75118.06,C1429380693,0.0,12084.94,0,0,L06_001723,LEGITIMATE_TRANSFER_CASHOUT,NONE,1,1,TRANSFER,0,0.2969523961222564,0.13858399366994256,0.29695223972977935,15673.59,
L06_003446,309,CASH_OUT,3588.65,C1429380693,12084.94,0.0,CASHOUT_L06_001723,0.0,0.0,0,0,L06_001723,LEGITIMATE_TRANSFER_CASHOUT,NONE,1,2,CASH_OUT,2,0.2969523961222564,0.13858399366994256,0.29695223972977935,15673.59,8496.29
L06_003447,132,TRANSFER,13112.03,C911289267,102034.0,88921.97,C618622080,165641.78,178753.81,0,0,L06_001724,LEGITIMATE_TRANSFER_CASHOUT,NONE,1,1,TRANSFER,0,0.6236792307192506,0.12850647823274594,0.04574839551671654,21289.73,
L06_003448,134,CASH_OUT,8177.7,C618622080,178753.81,0.0,CASHOUT_L06_001724,0.0,0.0,0,0,L06_001724,LEGITIMATE_TRANSFER_CASHOUT,NONE,1,2,CASH_OUT,2,0.6236792307192506,0.12850647823274594,0.04574839551671654,21289.73,170576.11
L06_003449,378,TRANSFER,10027.16,C988075800,189709.0,179681.84,C334761000,30528.31,40555.47,0,0,L06_001725,LEGITIMATE_TRANSFER_CASHOUT,NONE,1,1,TRANSFER,0,0.3800182030416249,0.052855478654149246,0.09395773245877806,13837.66,
L06_003450,383,CASH_OUT,3810.5,C334761000,40555.47,0.0,CASHOUT_L06_001725,0.0,0.0,0,0,L06_001725,LEGITIMATE_TRANSFER_CASHOUT,NONE,1,2,CASH_OUT,5,0.3800182030416249,0.052855478654149246,0.09395773245877806,13837.66,36744.97
L06_003451,393,TRANSFER,45008.94,C334486095,360214.0,315205.06,C927916252,230680.14,275689.08,0,0,L06_001726,LEGITIMATE_TRANSFER_CASHOUT,NONE,1,1,TRANSFER,0,0.3425715889863828,0.12495055716879411,0.05592814920344324,60427.72,
L06_003452,397,CASH_OUT,15418.78,C927916252,275689.08,0.0,CASHOUT_L06_001726,0.0,0.0,0,0,L06_001726,LEGITIMATE_TRANSFER_CASHOUT,NONE,1,2,CASH_OUT,4,0.3425715889863828,0.12495055716879411,0.05592814920344324,60427.72,260270.30000000002
L06_003453,205,TRANSFER,24434.54,C1934812839,411580.0,387145.46,C1623026639,14887.52,39322.06,0,0,L06_001727,LEGITIMATE_TRANSFER_CASHOUT,NONE,1,1,TRANSFER,0,0.5421423611650353,0.05936765634870499,0.33688469017136946,37681.54,
L06_003454,209,CASH_OUT,13247.0,C1623026639,39322.06,0.0,CASHOUT_L06_001727,0.0,0.0,0,0,L06_001727,LEGITIMATE_TRANSFER_CASHOUT,NONE,1,2,CASH_OUT,4,0.5421423611650353,0.05936765634870499,0.33688469017136946,37681.54,26075.059999999998
L06_003455,323,TRANSFER,10439.98,C285219142,69944.0,59504.020000000004,C293922302,0.0,10439.98,0,0,L06_001728,LEGITIMATE_TRANSFER_CASHOUT,NONE,1,1,TRANSFER,0,0.22475203951077935,0.14926198101338212,0.2247523462688626,12786.39,
L06_003456,326,CASH_OUT,2346.41,C293922302,10439.98,0.0,CASHOUT_L06_001728,0.0,0.0,0,0,L06_001728,LEGITIMATE_TRANSFER_CASHOUT,NONE,1,2,CASH_OUT,3,0.22475203951077935,0.14926198101338212,0.2247523462688626,12786.39,8093.57
L06_003457,16,TRANSFER,10761.32,C328376565,112522.0,101760.68,C1241447031,493.0,11254.32,0,0,L06_001729,LEGITIMATE_TRANSFER_CASHOUT,NONE,1,1,TRANSFER,0,0.3599570535164341,0.09563747533815609,0.3441887204202475,14634.93,
L06_003458,18,CASH_OUT,3873.61,C1241447031,11254.32,0.0,CASHOUT_L06_001729,0.0,0.0,0,0,L06_001729,LEGITIMATE_TRANSFER_CASHOUT,NONE,1,2,CASH_OUT,2,0.3599570535164341,0.09563747533815609,0.3441887204202475,14634.93,7380.709999999999
L06_003459,249,TRANSFER,12184.84,C1576024803,101376.34,89191.5,C793864212,23112488.84,23124673.68,0,0,L06_001730,LEGITIMATE_TRANSFER_CASHOUT,NONE,1,1,TRANSFER,0,0.42592242053120016,0.12019412024541427,0.00022442695070281314,17374.64,
L06_003460,252,CASH_OUT,5189.8,C793864212,23124673.68,0.0,CASHOUT_L06_001730,0.0,0.0,0,0,L06_001730,LEGITIMATE_TRANSFER_CASHOUT,NONE,1,2,CASH_OUT,3,0.42592242053120016,0.12019412024541427,0.00022442695070281314,17374.64,23119483.88
L06_003461,306,TRANSFER,10281.67,C1350894447,99520.0,89238.33,C1451303193,138947.1,149228.77000000002,0,0,L06_001731,LEGITIMATE_TRANSFER_CASHOUT,NONE,1,1,TRANSFER,0,0.22649663367570763,0.10331260048231511,0.015605301846286074,12610.43,
L06_003462,308,CASH_OUT,2328.76,C1451303193,149228.77000000002,0.0,CASHOUT_L06_001731,0.0,0.0,0,0,L06_001731,LEGITIMATE_TRANSFER_CASHOUT,NONE,1,2,CASH_OUT,2,0.22649663367570763,0.10331260048231511,0.015605301846286074,12610.43,146900.01
L06_003463,206,TRANSFER,9461.69,C724705242,317219.0,307757.31,C104683083,601386.72,610848.4099999999,0,0,L06_001732,LEGITIMATE_TRANSFER_CASHOUT,NONE,1,1,TRANSFER,0,0.29540350168243357,0.029826996491382925,0.004575636040372112,12256.710000000001,
L06_003464,211,CASH_OUT,2795.02,C104683083,610848.4099999999,217273.18,CASHOUT_L06_001732,0.0,0.0,0,0,L06_001732,LEGITIMATE_TRANSFER_CASHOUT,NONE,1,2,CASH_OUT,5,0.29540350168243357,0.029826996491382925,0.004575636040372112,12256.710000000001,608053.3899999999
L06_003465,402,TRANSFER,20817.92,C417103276,262431.0,241613.08000000002,C1033110112,0.0,20817.92,0,0,L06_001733,LEGITIMATE_TRANSFER_CASHOUT,NONE,1,1,TRANSFER,0,0.41794433775726125,0.07932721362948736,0.4179442518753074,29518.649999999998,
L06_003466,403,CASH_OUT,8700.73,C1033110112,20817.92,0.0,CASHOUT_L06_001733,0.0,0.0,0,0,L06_001733,LEGITIMATE_TRANSFER_CASHOUT,NONE,1,2,CASH_OUT,1,0.41794433775726125,0.07932721362948736,0.4179442518753074,29518.649999999998,12117.189999999999
L06_003467,258,TRANSFER,52197.45,C1991635508,726039.0,673841.55,C1312171922,5609531.87,5661729.32,0,0,L06_001734,LEGITIMATE_TRANSFER_CASHOUT,NONE,1,1,TRANSFER,0,0.43478655305597436,0.07189345200464438,0.004008448429321944,74892.2,
L06_003468,263,CASH_OUT,22694.75,C1312171922,5661729.32,211889.74,CASHOUT_L06_001734,0.0,0.0,0,0,L06_001734,LEGITIMATE_TRANSFER_CASHOUT,NONE,1,2,CASH_OUT,5,0.43478655305597436,0.07189345200464438,0.004008448429321944,74892.2,5639034.57
L06_003469,327,TRANSFER,18985.23,C1280221479,161477.0,142491.77,C105191836,124483.56,143468.79,0,0,L06_001735,LEGITIMATE_TRANSFER_CASHOUT,NONE,1,1,TRANSFER,0,0.4714637002008912,0.11757234776469713,0.06238883035118648,27936.08,
L06_003470,331,CASH_OUT,8950.85,C105191836,143468.79,0.0,CASHOUT_L06_001735,0.0,0.0,0,0,L06_001735,LEGITIMATE_TRANSFER_CASHOUT,NONE,1,2,CASH_OUT,4,0.4714637002008912,0.11757234776469713,0.06238883035118648,27936.08,134517.94
L06_003471,13,TRANSFER,31854.1,C1290775737,266493.0,234638.9,C52620058,0.0,31854.1,0,0,L06_001736,LEGITIMATE_TRANSFER_CASHOUT,NONE,1,1,TRANSFER,0,0.5497485249054308,0.11953071938099687,0.5497483840384755,49365.84,
L06_003472,17,CASH_OUT,17511.74,C52620058,31854.1,0.0,CASHOUT_L06_001736,0.0,0.0,0,0,L06_001736,LEGITIMATE_TRANSFER_CASHOUT,NONE,1,2,CASH_OUT,4,0.5497485249054308,0.11953071938099687,0.5497483840384755,49365.84,14342.359999999997
L06_003473,348,TRANSFER,11074.4,C1612885146,87909.0,76834.6,C1495119408,1265751.43,1276825.8299999998,0,0,L06_001737,LEGITIMATE_TRANSFER_CASHOUT,NONE,1,1,TRANSFER,0,0.20107999968504878,0.12597572489733702,0.0017440436649061215,13301.24,
L06_003474,352,CASH_OUT,2226.84,C1495119408,1276825.8299999998,0.0,CASHOUT_L06_001737,0.0,0.0,0,0,L06_001737,LEGITIMATE_TRANSFER_CASHOUT,NONE,1,2,CASH_OUT,4,0.20107999968504878,0.12597572489733702,0.0017440436649061215,13301.24,1274598.9899999998
L06_003475,207,TRANSFER,12130.98,C775485015,127322.0,115191.02,C32884824,12134984.25,12147115.23,0,0,L06_001738,LEGITIMATE_TRANSFER_CASHOUT,NONE,1,1,TRANSFER,0,0.6294778136263172,0.09527795667677227,0.0006286414391740318,19767.16,
L06_003476,211,CASH_OUT,7636.18,C32884824,12147115.23,0.0,CASHOUT_L06_001738,0.0,0.0,0,0,L06_001738,LEGITIMATE_TRANSFER_CASHOUT,NONE,1,2,CASH_OUT,4,0.6294778136263172,0.09527795667677227,0.0006286414391740318,19767.16,12139479.05
L06_003477,376,TRANSFER,8892.66,C467010157,59593.0,50700.34,C1305928383,1375400.09,1384292.75,0,0,L06_001739,LEGITIMATE_TRANSFER_CASHOUT,NONE,1,1,TRANSFER,0,0.29002253696217617,0.1492232309163828,0.0018630957938629673,11471.73,
L06_003478,379,CASH_OUT,2579.07,C1305928383,1384292.75,0.0,CASHOUT_L06_001739,0.0,0.0,0,0,L06_001739,LEGITIMATE_TRANSFER_CASHOUT,NONE,1,2,CASH_OUT,3,0.29002253696217617,0.1492232309163828,0.0018630957938629673,11471.73,1381713.68
L06_003479,350,TRANSFER,9670.54,C180381430,1003508.09,993837.5499999999,C1539394949,1334018.24,1343688.78,0,0,L06_001740,LEGITIMATE_TRANSFER_CASHOUT,NONE,1,1,TRANSFER,0,0.2884813301289106,0.009636733471675351,0.002076202496831149,12460.310000000001,
L06_003480,354,CASH_OUT,2789.77,C1539394949,1343688.78,997582.59,CASHOUT_L06_001740,0.0,0.0,0,0,L06_001740,LEGITIMATE_TRANSFER_CASHOUT,NONE,1,2,CASH_OUT,4,0.2884813301289106,0.009636733471675351,0.002076202496831149,12460.310000000001,1340899.01
L06_003481,13,TRANSFER,12867.0,C164524266,103726.0,90859.0,C1144705134,0.0,12867.0,0,0,L06_001741,LEGITIMATE_TRANSFER_CASHOUT,NONE,1,1,TRANSFER,0,0.2971689385792077,0.1240479725430461,0.29716872619880313,16690.67,
L06_003482,17,CASH_OUT,3823.67,C1144705134,12867.0,0.0,CASHOUT_L06_001741,0.0,0.0,0,0,L06_001741,LEGITIMATE_TRANSFER_CASHOUT,NONE,1,2,CASH_OUT,4,0.2971689385792077,0.1240479725430461,0.29716872619880313,16690.67,9043.33
L06_003483,350,TRANSFER,9404.11,C1558690361,69391.0,59986.89,C419207866,203414.93,212819.03999999998,0,0,L06_001742,LEGITIMATE_TRANSFER_CASHOUT,NONE,1,1,TRANSFER,0,0.3670365219514443,0.1355234828724186,0.016218708626822113,12855.76,
L06_003484,353,CASH_OUT,3451.65,C419207866,212819.03999999998,0.0,CASHOUT_L06_001742,0.0,0.0,0,0,L06_001742,LEGITIMATE_TRANSFER_CASHOUT,NONE,1,2,CASH_OUT,3,0.3670365219514443,0.1355234828724186,0.016218708626822113,12855.76,209367.38999999998
L06_003485,229,TRANSFER,14516.99,C1930167712,229894.26,215377.27000000002,C1177742084,8747531.69,8762048.68,0,0,L06_001743,LEGITIMATE_TRANSFER_CASHOUT,NONE,1,1,TRANSFER,0,0.35615315236568446,0.06314637868731476,0.000590075470797316,19687.260000000002,
L06_003486,234,CASH_OUT,5170.27,C1177742084,8762048.68,0.0,CASHOUT_L06_001743,0.0,0.0,0,0,L06_001743,LEGITIMATE_TRANSFER_CASHOUT,NONE,1,2,CASH_OUT,5,0.35615315236568446,0.06314637868731476,0.000590075470797316,19687.260000000002,8756878.41
L06_003487,254,TRANSFER,8724.7,C996402162,59361.0,50636.3,C197805041,217598.66,226323.36000000002,0,0,L06_001744,LEGITIMATE_TRANSFER_CASHOUT,NONE,1,1,TRANSFER,0,0.4009726368333031,0.14697697141220667,0.01545739688558883,12223.07,
L06_003488,255,CASH_OUT,3498.37,C197805041,226323.36000000002,0.0,CASHOUT_L06_001744,0.0,0.0,0,0,L06_001744,LEGITIMATE_TRANSFER_CASHOUT,NONE,1,2,CASH_OUT,1,0.4009726368333031,0.14697697141220667,0.01545739688558883,12223.07,222824.99000000002
L06_003489,403,TRANSFER,21912.0,C1773691939,230547.54,208635.54,C251406634,825256.73,847168.73,0,0,L06_001745,LEGITIMATE_TRANSFER_CASHOUT,NONE,1,1,TRANSFER,0,0.3934589504659109,0.09504330430070952,0.01017680385818773,30533.47,
L06_003490,404,CASH_OUT,8621.47,C251406634,847168.73,0.0,CASHOUT_L06_001745,0.0,0.0,0,0,L06_001745,LEGITIMATE_TRANSFER_CASHOUT,NONE,1,2,CASH_OUT,1,0.3934589504659109,0.09504330430070952,0.01017680385818773,30533.47,838547.26
L06_003491,180,TRANSFER,11067.79,C1827609523,190432.0,179364.21,C1474239256,547931.73,558999.52,0,0,L06_001746,LEGITIMATE_TRANSFER_CASHOUT,NONE,1,1,TRANSFER,0,0.48544094637268953,0.05811938119643758,0.009611385712817786,16440.550000000003,
L06_003492,181,CASH_OUT,5372.76,C1474239256,558999.52,0.0,CASHOUT_L06_001746,0.0,0.0,0,0,L06_001746,LEGITIMATE_TRANSFER_CASHOUT,NONE,1,2,CASH_OUT,1,0.48544094637268953,0.05811938119643758,0.009611385712817786,16440.550000000003,553626.76
L06_003493,306,TRANSFER,15210.52,C1793748406,179106.0,163895.48,C189062630,1823232.49,1838443.01,0,0,L06_001747,LEGITIMATE_TRANSFER_CASHOUT,NONE,1,1,TRANSFER,0,0.37903157729674664,0.0849246814735408,0.0031359525253926695,20975.79,
L06_003494,310,CASH_OUT,5765.27,C189062630,1838443.01,0.0,CASHOUT_L06_001747,0.0,0.0,0,0,L06_001747,LEGITIMATE_TRANSFER_CASHOUT,NONE,1,2,CASH_OUT,4,0.37903157729674664,0.0849246814735408,0.0031359525253926695,20975.79,1832677.74
L06_003495,283,TRANSFER,11256.18,C846372200,172641.93,161385.75,C1134504413,1630445.67,1641701.8499999999,0,0,L06_001748,LEGITIMATE_TRANSFER_CASHOUT,NONE,1,1,TRANSFER,0,0.4107061926105101,0.06519957231710743,0.0028159680760547353,15879.16,
L06_003496,285,CASH_OUT,4622.98,C1134504413,1641701.8499999999,69499.26,CASHOUT_L06_001748,0.0,0.0,0,0,L06_001748,LEGITIMATE_TRANSFER_CASHOUT,NONE,1,2,CASH_OUT,2,0.4107061926105101,0.06519957231710743,0.0028159680760547353,15879.16,1637078.8699999999
L06_003497,402,TRANSFER,10999.85,C374285918,86554.0,75554.15,C239062141,0.0,10999.85,0,0,L06_001749,LEGITIMATE_TRANSFER_CASHOUT,NONE,1,1,TRANSFER,0,0.6028040134318695,0.12708655868013033,0.6028036745955626,17630.6,
L06_003498,407,CASH_OUT,6630.75,C239062141,10999.85,0.0,CASHOUT_L06_001749,0.0,0.0,0,0,L06_001749,LEGITIMATE_TRANSFER_CASHOUT,NONE,1,2,CASH_OUT,5,0.6028040134318695,0.12708655868013033,0.6028036745955626,17630.6,4369.1
L06_003499,395,TRANSFER,18469.23,C1847025542,169881.01,151411.78,C1497049395,10352429.52,10370898.75,0,0,L06_001750,LEGITIMATE_TRANSFER_CASHOUT,NONE,1,1,TRANSFER,0,0.3121091762999946,0.10871862605478975,0.0005558264658595765,24233.65,
L06_003500,400,CASH_OUT,5764.42,C1497049395,10370898.75,0.0,CASHOUT_L06_001750,0.0,0.0,0,0,L06_001750,LEGITIMATE_TRANSFER_CASHOUT,NONE,1,2,CASH_OUT,5,0.3121091762999946,0.10871862605478975,0.0005558264658595765,24233.65,10365134.33
