record_id,step,type,amount,nameOrig,oldbalanceOrg,newbalanceOrig,nameDest,oldbalanceDest,newbalanceDest,isFraud,isFlaggedFraud,scenario_id,scenario_type,fraud_reason,severity,is_legitimate_counterexample,transaction_position,transaction_count_in_scenario,combined_scenario_amount,step_gap_from_previous,balance_usage_ratio,behavior_pattern
L05_000001,185,TRANSFER,2103.15,C529501411,42063.0,39959.85,C_LEGIT_493671925,0.0,2103.15,0,0,L05_00001,LEGITIMATE_MULTIPLE_SMALL_TRANSACTIONS,None - repeated small transactions within normal behavioral range,NONE,1,1,7,12688.84,0,0.05,NORMAL_REPEATED_ACTIVITY
L05_000002,218,TRANSFER,1997.99,C529501411,39959.85,37961.86,C_LEGIT_649491157,0.0,1997.99,0,0,L05_00001,LEGITIMATE_MULTIPLE_SMALL_TRANSACTIONS,None - repeated small transactions within normal behavioral range,NONE,1,2,7,12688.84,33,0.05,NORMAL_REPEATED_ACTIVITY
L05_000003,223,TRANSFER,1898.09,C529501411,37961.86,36063.77,C_LEGIT_190433362,0.0,1898.09,0,0,L05_00001,LEGITIMATE_MULTIPLE_SMALL_TRANSACTIONS,None - repeated small transactions within normal behavioral range,NONE,1,3,7,12688.84,5,0.05,NORMAL_REPEATED_ACTIVITY
L05_000004,226,TRANSFER,1803.19,C529501411,36063.77,34260.58,C_LEGIT_955736704,0.0,1803.19,0,0,L05_00001,LEGITIMATE_MULTIPLE_SMALL_TRANSACTIONS,None - repeated small transactions within normal behavioral range,NONE,1,4,7,12688.84,3,0.05,NORMAL_REPEATED_ACTIVITY
L05_000005,230,TRANSFER,1713.03,C529501411,34260.58,32547.55,C_LEGIT_912703666,0.0,1713.03,0,0,L05_00001,LEGITIMATE_MULTIPLE_SMALL_TRANSACTIONS,None - repeated small transactions within normal behavioral range,NONE,1,5,7,12688.84,4,0.05,NORMAL_REPEATED_ACTIVITY
L05_000006,235,TRANSFER,1627.38,C529501411,32547.55,30920.17,C_LEGIT_373862499,0.0,1627.38,0,0,L05_00001,LEGITIMATE_MULTIPLE_SMALL_TRANSACTIONS,None - repeated small transactions within normal behavioral range,NONE,1,6,7,12688.84,5,0.05,NORMAL_REPEATED_ACTIVITY
L05_000007,236,TRANSFER,1546.01,C529501411,30920.17,29374.16,C_LEGIT_382011091,0.0,1546.01,0,0,L05_00001,LEGITIMATE_MULTIPLE_SMALL_TRANSACTIONS,None - repeated small transactions within normal behavioral range,NONE,1,7,7,12688.84,1,0.05,NORMAL_REPEATED_ACTIVITY
L05_000008,55,TRANSFER,204.96,C1720448151,4099.27,3894.31,C_LEGIT_923487388,0.0,204.96,0,0,L05_00002,LEGITIMATE_MULTIPLE_SMALL_TRANSACTIONS,None - repeated small transactions within normal behavioral range,NONE,1,1,7,1236.6,0,0.05,NORMAL_REPEATED_ACTIVITY
L05_000009,72,TRANSFER,194.72,C1720448151,3894.31,3699.59,C_LEGIT_372451263,0.0,194.72,0,0,L05_00002,LEGITIMATE_MULTIPLE_SMALL_TRANSACTIONS,None - repeated small transactions within normal behavioral range,NONE,1,2,7,1236.6,17,0.05,NORMAL_REPEATED_ACTIVITY
L05_000010,79,TRANSFER,184.98,C1720448151,3699.59,3514.61,C_LEGIT_725354182,0.0,184.98,0,0,L05_00002,LEGITIMATE_MULTIPLE_SMALL_TRANSACTIONS,None - repeated small transactions within normal behavioral range,NONE,1,3,7,1236.6,7,0.05,NORMAL_REPEATED_ACTIVITY
L05_000011,91,TRANSFER,175.73,C1720448151,3514.61,3338.88,C_LEGIT_253208407,0.0,175.73,0,0,L05_00002,LEGITIMATE_MULTIPLE_SMALL_TRANSACTIONS,None - repeated small transactions within normal behavioral range,NONE,1,4,7,1236.6,12,0.05,NORMAL_REPEATED_ACTIVITY
L05_000012,105,TRANSFER,166.94,C1720448151,3338.88,3171.94,C_LEGIT_360925009,0.0,166.94,0,0,L05_00002,LEGITIMATE_MULTIPLE_SMALL_TRANSACTIONS,None - repeated small transactions within normal behavioral range,NONE,1,5,7,1236.6,14,0.05,NORMAL_REPEATED_ACTIVITY
L05_000013,123,TRANSFER,158.6,C1720448151,3171.94,3013.34,C_LEGIT_127452418,0.0,158.6,0,0,L05_00002,LEGITIMATE_MULTIPLE_SMALL_TRANSACTIONS,None - repeated small transactions within normal behavioral range,NONE,1,6,7,1236.6,18,0.05,NORMAL_REPEATED_ACTIVITY
L05_000014,130,TRANSFER,150.67,C1720448151,3013.34,2862.67,C_LEGIT_380578582,0.0,150.67,0,0,L05_00002,LEGITIMATE_MULTIPLE_SMALL_TRANSACTIONS,None - repeated small transactions within normal behavioral range,NONE,1,7,7,1236.6,7,0.05,NORMAL_REPEATED_ACTIVITY
L05_000015,296,TRANSFER,10181.05,C170269481,203621.0,193439.95,C_LEGIT_197545144,0.0,10181.05,0,0,L05_00003,LEGITIMATE_MULTIPLE_SMALL_TRANSACTIONS,None - repeated small transactions within normal behavioral range,NONE,1,1,7,61424.87,0,0.05,NORMAL_REPEATED_ACTIVITY
L05_000016,314,TRANSFER,9672.0,C170269481,193439.95,183767.95,C_LEGIT_301575711,0.0,9672.0,0,0,L05_00003,LEGITIMATE_MULTIPLE_SMALL_TRANSACTIONS,None - repeated small transactions within normal behavioral range,NONE,1,2,7,61424.87,18,0.05,NORMAL_REPEATED_ACTIVITY
L05_000017,321,TRANSFER,9188.4,C170269481,183767.95,174579.55,C_LEGIT_555336647,0.0,9188.4,0,0,L05_00003,LEGITIMATE_MULTIPLE_SMALL_TRANSACTIONS,None - repeated small transactions within normal behavioral range,NONE,1,3,7,61424.87,7,0.05,NORMAL_REPEATED_ACTIVITY
L05_000018,324,TRANSFER,8728.98,C170269481,174579.55,165850.57,C_LEGIT_389821458,0.0,8728.98,0,0,L05_00003,LEGITIMATE_MULTIPLE_SMALL_TRANSACTIONS,None - repeated small transactions within normal behavioral range,NONE,1,4,7,61424.87,3,0.05,NORMAL_REPEATED_ACTIVITY
L05_000019,332,TRANSFER,8292.53,C170269481,165850.57,157558.04,C_LEGIT_797745564,0.0,8292.53,0,0,L05_00003,LEGITIMATE_MULTIPLE_SMALL_TRANSACTIONS,None - repeated small transactions within normal behavioral range,NONE,1,5,7,61424.87,8,0.05,NORMAL_REPEATED_ACTIVITY
L05_000020,349,TRANSFER,7877.9,C170269481,157558.04,149680.14,C_LEGIT_105574763,0.0,7877.9,0,0,L05_00003,LEGITIMATE_MULTIPLE_SMALL_TRANSACTIONS,None - repeated small transactions within normal behavioral range,NONE,1,6,7,61424.87,17,0.05,NORMAL_REPEATED_ACTIVITY
L05_000021,363,TRANSFER,7484.01,C170269481,149680.14,142196.13,C_LEGIT_407631196,0.0,7484.01,0,0,L05_00003,LEGITIMATE_MULTIPLE_SMALL_TRANSACTIONS,None - repeated small transactions within normal behavioral range,NONE,1,7,7,61424.87,14,0.05,NORMAL_REPEATED_ACTIVITY
L05_000022,223,TRANSFER,7790.05,C252787064,155801.0,148010.95,C_LEGIT_508164257,0.0,7790.05,0,0,L05_00004,LEGITIMATE_MULTIPLE_SMALL_TRANSACTIONS,None - repeated small transactions within normal behavioral range,NONE,1,1,7,45378.5,0,0.05,NORMAL_REPEATED_ACTIVITY
L05_000023,244,TRANSFER,6516.85,C252787064,148010.95,141494.1,C_LEGIT_994334977,0.0,6516.85,0,0,L05_00004,LEGITIMATE_MULTIPLE_SMALL_TRANSACTIONS,None - repeated small transactions within normal behavioral range,NONE,1,2,7,45378.5,21,0.044,NORMAL_REPEATED_ACTIVITY
L05_000024,267,TRANSFER,6599.29,C252787064,141494.1,134894.81,C_LEGIT_559286010,0.0,6599.29,0,0,L05_00004,LEGITIMATE_MULTIPLE_SMALL_TRANSACTIONS,None - repeated small transactions within normal behavioral range,NONE,1,3,7,45378.5,23,0.0466,NORMAL_REPEATED_ACTIVITY
L05_000025,275,TRANSFER,6453.32,C252787064,134894.81,128441.49,C_LEGIT_358633151,0.0,6453.32,0,0,L05_00004,LEGITIMATE_MULTIPLE_SMALL_TRANSACTIONS,None - repeated small transactions within normal behavioral range,NONE,1,4,7,45378.5,8,0.0478,NORMAL_REPEATED_ACTIVITY
L05_000026,279,TRANSFER,6422.07,C252787064,128441.49,122019.42,C_LEGIT_639409063,0.0,6422.07,0,0,L05_00004,LEGITIMATE_MULTIPLE_SMALL_TRANSACTIONS,None - repeated small transactions within normal behavioral range,NONE,1,5,7,45378.5,4,0.05,NORMAL_REPEATED_ACTIVITY
L05_000027,288,TRANSFER,5785.21,C252787064,122019.42,116234.21,C_LEGIT_764341377,0.0,5785.21,0,0,L05_00004,LEGITIMATE_MULTIPLE_SMALL_TRANSACTIONS,None - repeated small transactions within normal behavioral range,NONE,1,6,7,45378.5,9,0.0474,NORMAL_REPEATED_ACTIVITY
L05_000028,300,TRANSFER,5811.71,C252787064,116234.21,110422.5,C_LEGIT_205249265,0.0,5811.71,0,0,L05_00004,LEGITIMATE_MULTIPLE_SMALL_TRANSACTIONS,None - repeated small transactions within normal behavioral range,NONE,1,7,7,45378.5,12,0.05,NORMAL_REPEATED_ACTIVITY
L05_000029,361,TRANSFER,582.25,C1550697359,11645.0,11062.75,C_LEGIT_334470786,0.0,582.25,0,0,L05_00005,LEGITIMATE_MULTIPLE_SMALL_TRANSACTIONS,None - repeated small transactions within normal behavioral range,NONE,1,1,7,3512.87,0,0.05,NORMAL_REPEATED_ACTIVITY
L05_000030,369,TRANSFER,553.14,C1550697359,11062.75,10509.61,C_LEGIT_949326846,0.0,553.14,0,0,L05_00005,LEGITIMATE_MULTIPLE_SMALL_TRANSACTIONS,None - repeated small transactions within normal behavioral range,NONE,1,2,7,3512.87,8,0.05,NORMAL_REPEATED_ACTIVITY
L05_000031,373,TRANSFER,525.48,C1550697359,10509.61,9984.13,C_LEGIT_877615839,0.0,525.48,0,0,L05_00005,LEGITIMATE_MULTIPLE_SMALL_TRANSACTIONS,None - repeated small transactions within normal behavioral range,NONE,1,3,7,3512.87,4,0.05,NORMAL_REPEATED_ACTIVITY
L05_000032,394,TRANSFER,499.21,C1550697359,9984.13,9484.92,C_LEGIT_215341211,0.0,499.21,0,0,L05_00005,LEGITIMATE_MULTIPLE_SMALL_TRANSACTIONS,None - repeated small transactions within normal behavioral range,NONE,1,4,7,3512.87,21,0.05,NORMAL_REPEATED_ACTIVITY
L05_000033,411,TRANSFER,474.25,C1550697359,9484.92,9010.67,C_LEGIT_269375556,0.0,474.25,0,0,L05_00005,LEGITIMATE_MULTIPLE_SMALL_TRANSACTIONS,None - repeated small transactions within normal behavioral range,NONE,1,5,7,3512.87,17,0.05,NORMAL_REPEATED_ACTIVITY
L05_000034,418,TRANSFER,450.53,C1550697359,9010.67,8560.14,C_LEGIT_853884855,0.0,450.53,0,0,L05_00005,LEGITIMATE_MULTIPLE_SMALL_TRANSACTIONS,None - repeated small transactions within normal behavioral range,NONE,1,6,7,3512.87,7,0.05,NORMAL_REPEATED_ACTIVITY
L05_000035,421,TRANSFER,428.01,C1550697359,8560.14,8132.13,C_LEGIT_238400029,0.0,428.01,0,0,L05_00005,LEGITIMATE_MULTIPLE_SMALL_TRANSACTIONS,None - repeated small transactions within normal behavioral range,NONE,1,7,7,3512.87,3,0.05,NORMAL_REPEATED_ACTIVITY
L05_000036,230,TRANSFER,16210.53,C179773088,324210.64,308000.11,C_LEGIT_322606317,0.0,16210.53,0,0,L05_00006,LEGITIMATE_MULTIPLE_SMALL_TRANSACTIONS,None - repeated small transactions within normal behavioral range,NONE,1,1,7,97802.25,0,0.05,NORMAL_REPEATED_ACTIVITY
L05_000037,269,TRANSFER,15400.01,C179773088,308000.11,292600.1,C_LEGIT_465202146,0.0,15400.01,0,0,L05_00006,LEGITIMATE_MULTIPLE_SMALL_TRANSACTIONS,None - repeated small transactions within normal behavioral range,NONE,1,2,7,97802.25,39,0.05,NORMAL_REPEATED_ACTIVITY
L05_000038,271,TRANSFER,14630.0,C179773088,292600.1,277970.1,C_LEGIT_444423781,0.0,14630.0,0,0,L05_00006,LEGITIMATE_MULTIPLE_SMALL_TRANSACTIONS,None - repeated small transactions within normal behavioral range,NONE,1,3,7,97802.25,2,0.05,NORMAL_REPEATED_ACTIVITY
L05_000039,286,TRANSFER,13898.5,C179773088,277970.1,264071.6,C_LEGIT_270824272,0.0,13898.5,0,0,L05_00006,LEGITIMATE_MULTIPLE_SMALL_TRANSACTIONS,None - repeated small transactions within normal behavioral range,NONE,1,4,7,97802.25,15,0.05,NORMAL_REPEATED_ACTIVITY
L05_000040,288,TRANSFER,13203.58,C179773088,264071.6,250868.02,C_LEGIT_936791776,0.0,13203.58,0,0,L05_00006,LEGITIMATE_MULTIPLE_SMALL_TRANSACTIONS,None - repeated small transactions within normal behavioral range,NONE,1,5,7,97802.25,2,0.05,NORMAL_REPEATED_ACTIVITY
L05_000041,298,TRANSFER,12543.4,C179773088,250868.02,238324.62,C_LEGIT_549622646,0.0,12543.4,0,0,L05_00006,LEGITIMATE_MULTIPLE_SMALL_TRANSACTIONS,None - repeated small transactions within normal behavioral range,NONE,1,6,7,97802.25,10,0.05,NORMAL_REPEATED_ACTIVITY
L05_000042,299,TRANSFER,11916.23,C179773088,238324.62,226408.39,C_LEGIT_809587870,0.0,11916.23,0,0,L05_00006,LEGITIMATE_MULTIPLE_SMALL_TRANSACTIONS,None - repeated small transactions within normal behavioral range,NONE,1,7,7,97802.25,1,0.05,NORMAL_REPEATED_ACTIVITY
L05_000043,16,TRANSFER,496.65,C553866385,9933.0,9436.35,C_LEGIT_275694778,0.0,496.65,0,0,L05_00007,LEGITIMATE_MULTIPLE_SMALL_TRANSACTIONS,None - repeated small transactions within normal behavioral range,NONE,1,1,7,2996.42,0,0.05,NORMAL_REPEATED_ACTIVITY
L05_000044,36,TRANSFER,471.82,C553866385,9436.35,8964.53,C_LEGIT_561408282,0.0,471.82,0,0,L05_00007,LEGITIMATE_MULTIPLE_SMALL_TRANSACTIONS,None - repeated small transactions within normal behavioral range,NONE,1,2,7,2996.42,20,0.05,NORMAL_REPEATED_ACTIVITY
L05_000045,44,TRANSFER,448.23,C553866385,8964.53,8516.3,C_LEGIT_362442616,0.0,448.23,0,0,L05_00007,LEGITIMATE_MULTIPLE_SMALL_TRANSACTIONS,None - repeated small transactions within normal behavioral range,NONE,1,3,7,2996.42,8,0.05,NORMAL_REPEATED_ACTIVITY
L05_000046,66,TRANSFER,425.82,C553866385,8516.3,8090.48,C_LEGIT_804405289,0.0,425.82,0,0,L05_00007,LEGITIMATE_MULTIPLE_SMALL_TRANSACTIONS,None - repeated small transactions within normal behavioral range,NONE,1,4,7,2996.42,22,0.05,NORMAL_REPEATED_ACTIVITY
L05_000047,75,TRANSFER,404.52,C553866385,8090.48,7685.96,C_LEGIT_772478796,0.0,404.52,0,0,L05_00007,LEGITIMATE_MULTIPLE_SMALL_TRANSACTIONS,None - repeated small transactions within normal behavioral range,NONE,1,5,7,2996.42,9,0.05,NORMAL_REPEATED_ACTIVITY
L05_000048,86,TRANSFER,384.3,C553866385,7685.96,7301.66,C_LEGIT_817290644,0.0,384.3,0,0,L05_00007,LEGITIMATE_MULTIPLE_SMALL_TRANSACTIONS,None - repeated small transactions within normal behavioral range,NONE,1,6,7,2996.42,11,0.05,NORMAL_REPEATED_ACTIVITY
L05_000049,88,TRANSFER,365.08,C553866385,7301.66,6936.58,C_LEGIT_830259334,0.0,365.08,0,0,L05_00007,LEGITIMATE_MULTIPLE_SMALL_TRANSACTIONS,None - repeated small transactions within normal behavioral range,NONE,1,7,7,2996.42,2,0.05,NORMAL_REPEATED_ACTIVITY
L05_000050,258,TRANSFER,2512.9,C82976564,50258.0,47745.1,C_LEGIT_270233690,0.0,2512.9,0,0,L05_00008,LEGITIMATE_MULTIPLE_SMALL_TRANSACTIONS,None - repeated small transactions within normal behavioral range,NONE,1,1,7,15160.96,0,0.05,NORMAL_REPEATED_ACTIVITY
L05_000051,259,TRANSFER,2387.26,C82976564,47745.1,45357.84,C_LEGIT_782183727,0.0,2387.26,0,0,L05_00008,LEGITIMATE_MULTIPLE_SMALL_TRANSACTIONS,None - repeated small transactions within normal behavioral range,NONE,1,2,7,15160.96,1,0.05,NORMAL_REPEATED_ACTIVITY
L05_000052,272,TRANSFER,2267.89,C82976564,45357.84,43089.95,C_LEGIT_914738298,0.0,2267.89,0,0,L05_00008,LEGITIMATE_MULTIPLE_SMALL_TRANSACTIONS,None - repeated small transactions within normal behavioral range,NONE,1,3,7,15160.96,13,0.05,NORMAL_REPEATED_ACTIVITY
L05_000053,276,TRANSFER,2154.5,C82976564,43089.95,40935.45,C_LEGIT_310538309,0.0,2154.5,0,0,L05_00008,LEGITIMATE_MULTIPLE_SMALL_TRANSACTIONS,None - repeated small transactions within normal behavioral range,NONE,1,4,7,15160.96,4,0.05,NORMAL_REPEATED_ACTIVITY
L05_000054,296,TRANSFER,2046.77,C82976564,40935.45,38888.68,C_LEGIT_875497650,0.0,2046.77,0,0,L05_00008,LEGITIMATE_MULTIPLE_SMALL_TRANSACTIONS,None - repeated small transactions within normal behavioral range,NONE,1,5,7,15160.96,20,0.05,NORMAL_REPEATED_ACTIVITY
L05_000055,324,TRANSFER,1944.43,C82976564,38888.68,36944.25,C_LEGIT_884148734,0.0,1944.43,0,0,L05_00008,LEGITIMATE_MULTIPLE_SMALL_TRANSACTIONS,None - repeated small transactions within normal behavioral range,NONE,1,6,7,15160.96,28,0.05,NORMAL_REPEATED_ACTIVITY
L05_000056,328,TRANSFER,1847.21,C82976564,36944.25,35097.04,C_LEGIT_390485207,0.0,1847.21,0,0,L05_00008,LEGITIMATE_MULTIPLE_SMALL_TRANSACTIONS,None - repeated small transactions within normal behavioral range,NONE,1,7,7,15160.96,4,0.05,NORMAL_REPEATED_ACTIVITY
L05_000057,258,TRANSFER,1571.65,C460334552,31433.0,29861.35,C_LEGIT_634983432,0.0,1571.65,0,0,L05_00009,LEGITIMATE_MULTIPLE_SMALL_TRANSACTIONS,None - repeated small transactions within normal behavioral range,NONE,1,1,7,9482.16,0,0.05,NORMAL_REPEATED_ACTIVITY
L05_000058,266,TRANSFER,1493.07,C460334552,29861.35,28368.28,C_LEGIT_272731567,0.0,1493.07,0,0,L05_00009,LEGITIMATE_MULTIPLE_SMALL_TRANSACTIONS,None - repeated small transactions within normal behavioral range,NONE,1,2,7,9482.16,8,0.05,NORMAL_REPEATED_ACTIVITY
L05_000059,277,TRANSFER,1418.41,C460334552,28368.28,26949.87,C_LEGIT_962730431,0.0,1418.41,0,0,L05_00009,LEGITIMATE_MULTIPLE_SMALL_TRANSACTIONS,None - repeated small transactions within normal behavioral range,NONE,1,3,7,9482.16,11,0.05,NORMAL_REPEATED_ACTIVITY
L05_000060,301,TRANSFER,1347.49,C460334552,26949.87,25602.38,C_LEGIT_848186252,0.0,1347.49,0,0,L05_00009,LEGITIMATE_MULTIPLE_SMALL_TRANSACTIONS,None - repeated small transactions within normal behavioral range,NONE,1,4,7,9482.16,24,0.05,NORMAL_REPEATED_ACTIVITY
L05_000061,327,TRANSFER,1280.12,C460334552,25602.38,24322.26,C_LEGIT_820068113,0.0,1280.12,0,0,L05_00009,LEGITIMATE_MULTIPLE_SMALL_TRANSACTIONS,None - repeated small transactions within normal behavioral range,NONE,1,5,7,9482.16,26,0.05,NORMAL_REPEATED_ACTIVITY
L05_000062,339,TRANSFER,1216.11,C460334552,24322.26,23106.15,C_LEGIT_759101465,0.0,1216.11,0,0,L05_00009,LEGITIMATE_MULTIPLE_SMALL_TRANSACTIONS,None - repeated small transactions within normal behavioral range,NONE,1,6,7,9482.16,12,0.05,NORMAL_REPEATED_ACTIVITY
L05_000063,348,TRANSFER,1155.31,C460334552,23106.15,21950.84,C_LEGIT_940701824,0.0,1155.31,0,0,L05_00009,LEGITIMATE_MULTIPLE_SMALL_TRANSACTIONS,None - repeated small transactions within normal behavioral range,NONE,1,7,7,9482.16,9,0.05,NORMAL_REPEATED_ACTIVITY
L05_000064,415,TRANSFER,1624.75,C1655769339,32495.0,30870.25,C_LEGIT_686792740,0.0,1624.75,0,0,L05_00010,LEGITIMATE_MULTIPLE_SMALL_TRANSACTIONS,None - repeated small transactions within normal behavioral range,NONE,1,1,7,9802.53,0,0.05,NORMAL_REPEATED_ACTIVITY
L05_000065,416,TRANSFER,1543.51,C1655769339,30870.25,29326.74,C_LEGIT_792404454,0.0,1543.51,0,0,L05_00010,LEGITIMATE_MULTIPLE_SMALL_TRANSACTIONS,None - repeated small transactions within normal behavioral range,NONE,1,2,7,9802.53,1,0.05,NORMAL_REPEATED_ACTIVITY
L05_000066,418,TRANSFER,1466.34,C1655769339,29326.74,27860.4,C_LEGIT_467554883,0.0,1466.34,0,0,L05_00010,LEGITIMATE_MULTIPLE_SMALL_TRANSACTIONS,None - repeated small transactions within normal behavioral range,NONE,1,3,7,9802.53,2,0.05,NORMAL_REPEATED_ACTIVITY
L05_000067,420,TRANSFER,1393.02,C1655769339,27860.4,26467.38,C_LEGIT_469360335,0.0,1393.02,0,0,L05_00010,LEGITIMATE_MULTIPLE_SMALL_TRANSACTIONS,None - repeated small transactions within normal behavioral range,NONE,1,4,7,9802.53,2,0.05,NORMAL_REPEATED_ACTIVITY
L05_000068,423,TRANSFER,1323.37,C1655769339,26467.38,25144.01,C_LEGIT_114954034,0.0,1323.37,0,0,L05_00010,LEGITIMATE_MULTIPLE_SMALL_TRANSACTIONS,None - repeated small transactions within normal behavioral range,NONE,1,5,7,9802.53,3,0.05,NORMAL_REPEATED_ACTIVITY
L05_000069,442,TRANSFER,1257.2,C1655769339,25144.01,23886.81,C_LEGIT_927276232,0.0,1257.2,0,0,L05_00010,LEGITIMATE_MULTIPLE_SMALL_TRANSACTIONS,None - repeated small transactions within normal behavioral range,NONE,1,6,7,9802.53,19,0.05,NORMAL_REPEATED_ACTIVITY
L05_000070,450,TRANSFER,1194.34,C1655769339,23886.81,22692.47,C_LEGIT_563732496,0.0,1194.34,0,0,L05_00010,LEGITIMATE_MULTIPLE_SMALL_TRANSACTIONS,None - repeated small transactions within normal behavioral range,NONE,1,7,7,9802.53,8,0.05,NORMAL_REPEATED_ACTIVITY
L05_000071,228,TRANSFER,3608.35,C1749712283,72167.0,68558.65,C_LEGIT_718424906,0.0,3608.35,0,0,L05_00011,LEGITIMATE_MULTIPLE_SMALL_TRANSACTIONS,None - repeated small transactions within normal behavioral range,NONE,1,1,7,21770.09,0,0.05,NORMAL_REPEATED_ACTIVITY
L05_000072,238,TRANSFER,3427.93,C1749712283,68558.65,65130.72,C_LEGIT_920029990,0.0,3427.93,0,0,L05_00011,LEGITIMATE_MULTIPLE_SMALL_TRANSACTIONS,None - repeated small transactions within normal behavioral range,NONE,1,2,7,21770.09,10,0.05,NORMAL_REPEATED_ACTIVITY
L05_000073,243,TRANSFER,3256.54,C1749712283,65130.72,61874.18,C_LEGIT_348623466,0.0,3256.54,0,0,L05_00011,LEGITIMATE_MULTIPLE_SMALL_TRANSACTIONS,None - repeated small transactions within normal behavioral range,NONE,1,3,7,21770.09,5,0.05,NORMAL_REPEATED_ACTIVITY
L05_000074,274,TRANSFER,3093.71,C1749712283,61874.18,58780.47,C_LEGIT_130229305,0.0,3093.71,0,0,L05_00011,LEGITIMATE_MULTIPLE_SMALL_TRANSACTIONS,None - repeated small transactions within normal behavioral range,NONE,1,4,7,21770.09,31,0.05,NORMAL_REPEATED_ACTIVITY
L05_000075,282,TRANSFER,2939.02,C1749712283,58780.47,55841.45,C_LEGIT_808077299,0.0,2939.02,0,0,L05_00011,LEGITIMATE_MULTIPLE_SMALL_TRANSACTIONS,None - repeated small transactions within normal behavioral range,NONE,1,5,7,21770.09,8,0.05,NORMAL_REPEATED_ACTIVITY
L05_000076,290,TRANSFER,2792.07,C1749712283,55841.45,53049.38,C_LEGIT_659019050,0.0,2792.07,0,0,L05_00011,LEGITIMATE_MULTIPLE_SMALL_TRANSACTIONS,None - repeated small transactions within normal behavioral range,NONE,1,6,7,21770.09,8,0.05,NORMAL_REPEATED_ACTIVITY
L05_000077,302,TRANSFER,2652.47,C1749712283,53049.38,50396.91,C_LEGIT_701901090,0.0,2652.47,0,0,L05_00011,LEGITIMATE_MULTIPLE_SMALL_TRANSACTIONS,None - repeated small transactions within normal behavioral range,NONE,1,7,7,21770.09,12,0.05,NORMAL_REPEATED_ACTIVITY
L05_000078,695,TRANSFER,59164.01,C457433164,2447675.92,2388511.91,C_LEGIT_744472705,0.0,59164.01,0,0,L05_00012,LEGITIMATE_MULTIPLE_SMALL_TRANSACTIONS,None - repeated small transactions within normal behavioral range,NONE,1,1,7,387683.7,0,0.0242,NORMAL_REPEATED_ACTIVITY
L05_000079,696,TRANSFER,53575.2,C457433164,2388511.91,2334936.71,C_LEGIT_567815591,0.0,53575.2,0,0,L05_00012,LEGITIMATE_MULTIPLE_SMALL_TRANSACTIONS,None - repeated small transactions within normal behavioral range,NONE,1,2,7,387683.7,1,0.0224,NORMAL_REPEATED_ACTIVITY
L05_000080,711,TRANSFER,60193.5,C457433164,2334936.71,2274743.21,C_LEGIT_347989919,0.0,60193.5,0,0,L05_00012,LEGITIMATE_MULTIPLE_SMALL_TRANSACTIONS,None - repeated small transactions within normal behavioral range,NONE,1,3,7,387683.7,15,0.0258,NORMAL_REPEATED_ACTIVITY
L05_000081,721,TRANSFER,62785.42,C457433164,2274743.21,2211957.79,C_LEGIT_378064034,0.0,62785.42,0,0,L05_00012,LEGITIMATE_MULTIPLE_SMALL_TRANSACTIONS,None - repeated small transactions within normal behavioral range,NONE,1,4,7,387683.7,10,0.0276,NORMAL_REPEATED_ACTIVITY
L05_000082,728,TRANSFER,65819.37,C457433164,2211957.79,2146138.42,C_LEGIT_833257617,0.0,65819.37,0,0,L05_00012,LEGITIMATE_MULTIPLE_SMALL_TRANSACTIONS,None - repeated small transactions within normal behavioral range,NONE,1,5,7,387683.7,7,0.0298,NORMAL_REPEATED_ACTIVITY
L05_000083,754,TRANSFER,42670.94,C457433164,2146138.42,2103467.48,C_LEGIT_465256515,0.0,42670.94,0,0,L05_00012,LEGITIMATE_MULTIPLE_SMALL_TRANSACTIONS,None - repeated small transactions within normal behavioral range,NONE,1,6,7,387683.7,26,0.0199,NORMAL_REPEATED_ACTIVITY
L05_000084,762,TRANSFER,43475.26,C457433164,2103467.48,2059992.22,C_LEGIT_195465568,0.0,43475.26,0,0,L05_00012,LEGITIMATE_MULTIPLE_SMALL_TRANSACTIONS,None - repeated small transactions within normal behavioral range,NONE,1,7,7,387683.7,8,0.0207,NORMAL_REPEATED_ACTIVITY
L05_000085,413,TRANSFER,19.0,C1460095588,380.0,361.0,C_LEGIT_758191937,0.0,19.0,0,0,L05_00013,LEGITIMATE_MULTIPLE_SMALL_TRANSACTIONS,None - repeated small transactions within normal behavioral range,NONE,1,1,7,114.64,0,0.05,NORMAL_REPEATED_ACTIVITY
L05_000086,432,TRANSFER,18.05,C1460095588,361.0,342.95,C_LEGIT_183901473,0.0,18.05,0,0,L05_00013,LEGITIMATE_MULTIPLE_SMALL_TRANSACTIONS,None - repeated small transactions within normal behavioral range,NONE,1,2,7,114.64,19,0.05,NORMAL_REPEATED_ACTIVITY
L05_000087,434,TRANSFER,17.15,C1460095588,342.95,325.8,C_LEGIT_586514186,0.0,17.15,0,0,L05_00013,LEGITIMATE_MULTIPLE_SMALL_TRANSACTIONS,None - repeated small transactions within normal behavioral range,NONE,1,3,7,114.64,2,0.05,NORMAL_REPEATED_ACTIVITY
L05_000088,478,TRANSFER,16.29,C1460095588,325.8,309.51,C_LEGIT_708619731,0.0,16.29,0,0,L05_00013,LEGITIMATE_MULTIPLE_SMALL_TRANSACTIONS,None - repeated small transactions within normal behavioral range,NONE,1,4,7,114.64,44,0.05,NORMAL_REPEATED_ACTIVITY
L05_000089,483,TRANSFER,15.48,C1460095588,309.51,294.03,C_LEGIT_409936530,0.0,15.48,0,0,L05_00013,LEGITIMATE_MULTIPLE_SMALL_TRANSACTIONS,None - repeated small transactions within normal behavioral range,NONE,1,5,7,114.64,5,0.05,NORMAL_REPEATED_ACTIVITY
L05_000090,485,TRANSFER,14.7,C1460095588,294.03,279.33,C_LEGIT_521477387,0.0,14.7,0,0,L05_00013,LEGITIMATE_MULTIPLE_SMALL_TRANSACTIONS,None - repeated small transactions within normal behavioral range,NONE,1,6,7,114.64,2,0.05,NORMAL_REPEATED_ACTIVITY
L05_000091,488,TRANSFER,13.97,C1460095588,279.33,265.36,C_LEGIT_492452313,0.0,13.97,0,0,L05_00013,LEGITIMATE_MULTIPLE_SMALL_TRANSACTIONS,None - repeated small transactions within normal behavioral range,NONE,1,7,7,114.64,3,0.05,NORMAL_REPEATED_ACTIVITY
L05_000092,295,TRANSFER,2268.95,C1963812502,45379.0,43110.05,C_LEGIT_670619770,0.0,2268.95,0,0,L05_00014,LEGITIMATE_MULTIPLE_SMALL_TRANSACTIONS,None - repeated small transactions within normal behavioral range,NONE,1,1,7,13689.15,0,0.05,NORMAL_REPEATED_ACTIVITY
L05_000093,305,TRANSFER,2155.5,C1963812502,43110.05,40954.55,C_LEGIT_144886378,0.0,2155.5,0,0,L05_00014,LEGITIMATE_MULTIPLE_SMALL_TRANSACTIONS,None - repeated small transactions within normal behavioral range,NONE,1,2,7,13689.15,10,0.05,NORMAL_REPEATED_ACTIVITY
L05_000094,318,TRANSFER,2047.73,C1963812502,40954.55,38906.82,C_LEGIT_676737079,0.0,2047.73,0,0,L05_00014,LEGITIMATE_MULTIPLE_SMALL_TRANSACTIONS,None - repeated small transactions within normal behavioral range,NONE,1,3,7,13689.15,13,0.05,NORMAL_REPEATED_ACTIVITY
L05_000095,336,TRANSFER,1945.34,C1963812502,38906.82,36961.48,C_LEGIT_861097702,0.0,1945.34,0,0,L05_00014,LEGITIMATE_MULTIPLE_SMALL_TRANSACTIONS,None - repeated small transactions within normal behavioral range,NONE,1,4,7,13689.15,18,0.05,NORMAL_REPEATED_ACTIVITY
L05_000096,351,TRANSFER,1848.07,C1963812502,36961.48,35113.41,C_LEGIT_869406515,0.0,1848.07,0,0,L05_00014,LEGITIMATE_MULTIPLE_SMALL_TRANSACTIONS,None - repeated small transactions within normal behavioral range,NONE,1,5,7,13689.15,15,0.05,NORMAL_REPEATED_ACTIVITY
L05_000097,355,TRANSFER,1755.67,C1963812502,35113.41,33357.74,C_LEGIT_779199320,0.0,1755.67,0,0,L05_00014,LEGITIMATE_MULTIPLE_SMALL_TRANSACTIONS,None - repeated small transactions within normal behavioral range,NONE,1,6,7,13689.15,4,0.05,NORMAL_REPEATED_ACTIVITY
L05_000098,364,TRANSFER,1667.89,C1963812502,33357.74,31689.85,C_LEGIT_258489508,0.0,1667.89,0,0,L05_00014,LEGITIMATE_MULTIPLE_SMALL_TRANSACTIONS,None - repeated small transactions within normal behavioral range,NONE,1,7,7,13689.15,9,0.05,NORMAL_REPEATED_ACTIVITY
L05_000099,421,TRANSFER,73596.66,C753453046,6050356.59,5976759.93,C_LEGIT_235576707,0.0,73596.66,0,0,L05_00015,LEGITIMATE_MULTIPLE_SMALL_TRANSACTIONS,None - repeated small transactions within normal behavioral range,NONE,1,1,7,435643.33,0,0.0122,NORMAL_REPEATED_ACTIVITY
L05_000100,442,TRANSFER,53390.24,C753453046,5976759.93,5923369.69,C_LEGIT_902869675,0.0,53390.24,0,0,L05_00015,LEGITIMATE_MULTIPLE_SMALL_TRANSACTIONS,None - repeated small transactions within normal behavioral range,NONE,1,2,7,435643.33,21,0.0089,NORMAL_REPEATED_ACTIVITY
L05_000101,451,TRANSFER,49759.16,C753453046,5923369.69,5873610.53,C_LEGIT_586758868,0.0,49759.16,0,0,L05_00015,LEGITIMATE_MULTIPLE_SMALL_TRANSACTIONS,None - repeated small transactions within normal behavioral range,NONE,1,3,7,435643.33,9,0.0084,NORMAL_REPEATED_ACTIVITY
L05_000102,472,TRANSFER,65511.59,C753453046,5873610.53,5808098.94,C_LEGIT_136612830,0.0,65511.59,0,0,L05_00015,LEGITIMATE_MULTIPLE_SMALL_TRANSACTIONS,None - repeated small transactions within normal behavioral range,NONE,1,4,7,435643.33,21,0.0112,NORMAL_REPEATED_ACTIVITY
L05_000103,477,TRANSFER,46576.76,C753453046,5808098.94,5761522.18,C_LEGIT_188838890,0.0,46576.76,0,0,L05_00015,LEGITIMATE_MULTIPLE_SMALL_TRANSACTIONS,None - repeated small transactions within normal behavioral range,NONE,1,5,7,435643.33,5,0.008,NORMAL_REPEATED_ACTIVITY
L05_000104,478,TRANSFER,75296.6,C753453046,5761522.18,5686225.58,C_LEGIT_803166051,0.0,75296.6,0,0,L05_00015,LEGITIMATE_MULTIPLE_SMALL_TRANSACTIONS,None - repeated small transactions within normal behavioral range,NONE,1,6,7,435643.33,1,0.0131,NORMAL_REPEATED_ACTIVITY
L05_000105,498,TRANSFER,71512.32,C753453046,5686225.58,5614713.26,C_LEGIT_843862958,0.0,71512.32,0,0,L05_00015,LEGITIMATE_MULTIPLE_SMALL_TRANSACTIONS,None - repeated small transactions within normal behavioral range,NONE,1,7,7,435643.33,20,0.0126,NORMAL_REPEATED_ACTIVITY
L05_000106,214,TRANSFER,1183.15,C459342845,23663.0,22479.85,C_LEGIT_468666038,0.0,1183.15,0,0,L05_00016,LEGITIMATE_MULTIPLE_SMALL_TRANSACTIONS,None - repeated small transactions within normal behavioral range,NONE,1,1,7,7138.23,0,0.05,NORMAL_REPEATED_ACTIVITY
L05_000107,224,TRANSFER,1123.99,C459342845,22479.85,21355.86,C_LEGIT_146804044,0.0,1123.99,0,0,L05_00016,LEGITIMATE_MULTIPLE_SMALL_TRANSACTIONS,None - repeated small transactions within normal behavioral range,NONE,1,2,7,7138.23,10,0.05,NORMAL_REPEATED_ACTIVITY
L05_000108,235,TRANSFER,1067.79,C459342845,21355.86,20288.07,C_LEGIT_296360929,0.0,1067.79,0,0,L05_00016,LEGITIMATE_MULTIPLE_SMALL_TRANSACTIONS,None - repeated small transactions within normal behavioral range,NONE,1,3,7,7138.23,11,0.05,NORMAL_REPEATED_ACTIVITY
L05_000109,237,TRANSFER,1014.4,C459342845,20288.07,19273.67,C_LEGIT_730374637,0.0,1014.4,0,0,L05_00016,LEGITIMATE_MULTIPLE_SMALL_TRANSACTIONS,None - repeated small transactions within normal behavioral range,NONE,1,4,7,7138.23,2,0.05,NORMAL_REPEATED_ACTIVITY
L05_000110,270,TRANSFER,963.68,C459342845,19273.67,18309.99,C_LEGIT_649343301,0.0,963.68,0,0,L05_00016,LEGITIMATE_MULTIPLE_SMALL_TRANSACTIONS,None - repeated small transactions within normal behavioral range,NONE,1,5,7,7138.23,33,0.05,NORMAL_REPEATED_ACTIVITY
L05_000111,276,TRANSFER,915.5,C459342845,18309.99,17394.49,C_LEGIT_476830669,0.0,915.5,0,0,L05_00016,LEGITIMATE_MULTIPLE_SMALL_TRANSACTIONS,None - repeated small transactions within normal behavioral range,NONE,1,6,7,7138.23,6,0.05,NORMAL_REPEATED_ACTIVITY
L05_000112,284,TRANSFER,869.72,C459342845,17394.49,16524.77,C_LEGIT_669137408,0.0,869.72,0,0,L05_00016,LEGITIMATE_MULTIPLE_SMALL_TRANSACTIONS,None - repeated small transactions within normal behavioral range,NONE,1,7,7,7138.23,8,0.05,NORMAL_REPEATED_ACTIVITY
L05_000113,370,TRANSFER,124642.25,C356986333,5065565.18,4940922.93,C_LEGIT_322977496,0.0,124642.25,0,0,L05_00017,LEGITIMATE_MULTIPLE_SMALL_TRANSACTIONS,None - repeated small transactions within normal behavioral range,NONE,1,1,7,975423.85,0,0.0246,NORMAL_REPEATED_ACTIVITY
L05_000114,379,TRANSFER,124244.67,C356986333,4940922.93,4816678.26,C_LEGIT_349696577,0.0,124244.67,0,0,L05_00017,LEGITIMATE_MULTIPLE_SMALL_TRANSACTIONS,None - repeated small transactions within normal behavioral range,NONE,1,2,7,975423.85,9,0.0251,NORMAL_REPEATED_ACTIVITY
L05_000115,380,TRANSFER,142497.46,C356986333,4816678.26,4674180.8,C_LEGIT_698949353,0.0,142497.46,0,0,L05_00017,LEGITIMATE_MULTIPLE_SMALL_TRANSACTIONS,None - repeated small transactions within normal behavioral range,NONE,1,3,7,975423.85,1,0.0296,NORMAL_REPEATED_ACTIVITY
L05_000116,406,TRANSFER,173259.43,C356986333,4674180.8,4500921.37,C_LEGIT_176966930,0.0,173259.43,0,0,L05_00017,LEGITIMATE_MULTIPLE_SMALL_TRANSACTIONS,None - repeated small transactions within normal behavioral range,NONE,1,4,7,975423.85,26,0.0371,NORMAL_REPEATED_ACTIVITY
L05_000117,412,TRANSFER,124589.9,C356986333,4500921.37,4376331.47,C_LEGIT_472864426,0.0,124589.9,0,0,L05_00017,LEGITIMATE_MULTIPLE_SMALL_TRANSACTIONS,None - repeated small transactions within normal behavioral range,NONE,1,5,7,975423.85,6,0.0277,NORMAL_REPEATED_ACTIVITY
L05_000118,420,TRANSFER,153064.15,C356986333,4376331.47,4223267.32,C_LEGIT_689679279,0.0,153064.15,0,0,L05_00017,LEGITIMATE_MULTIPLE_SMALL_TRANSACTIONS,None - repeated small transactions within normal behavioral range,NONE,1,6,7,975423.85,8,0.035,NORMAL_REPEATED_ACTIVITY
L05_000119,439,TRANSFER,133125.99,C356986333,4223267.32,4090141.33,C_LEGIT_706781643,0.0,133125.99,0,0,L05_00017,LEGITIMATE_MULTIPLE_SMALL_TRANSACTIONS,None - repeated small transactions within normal behavioral range,NONE,1,7,7,975423.85,19,0.0315,NORMAL_REPEATED_ACTIVITY
L05_000120,387,TRANSFER,1948.45,C1065665874,38969.09,37020.64,C_LEGIT_122575720,0.0,1948.45,0,0,L05_00018,LEGITIMATE_MULTIPLE_SMALL_TRANSACTIONS,None - repeated small transactions within normal behavioral range,NONE,1,1,7,11755.52,0,0.05,NORMAL_REPEATED_ACTIVITY
L05_000121,403,TRANSFER,1851.03,C1065665874,37020.64,35169.61,C_LEGIT_835301252,0.0,1851.03,0,0,L05_00018,LEGITIMATE_MULTIPLE_SMALL_TRANSACTIONS,None - repeated small transactions within normal behavioral range,NONE,1,2,7,11755.52,16,0.05,NORMAL_REPEATED_ACTIVITY
L05_000122,428,TRANSFER,1758.48,C1065665874,35169.61,33411.13,C_LEGIT_320213947,0.0,1758.48,0,0,L05_00018,LEGITIMATE_MULTIPLE_SMALL_TRANSACTIONS,None - repeated small transactions within normal behavioral range,NONE,1,3,7,11755.52,25,0.05,NORMAL_REPEATED_ACTIVITY
L05_000123,443,TRANSFER,1670.56,C1065665874,33411.13,31740.57,C_LEGIT_370622711,0.0,1670.56,0,0,L05_00018,LEGITIMATE_MULTIPLE_SMALL_TRANSACTIONS,None - repeated small transactions within normal behavioral range,NONE,1,4,7,11755.52,15,0.05,NORMAL_REPEATED_ACTIVITY
L05_000124,448,TRANSFER,1587.03,C1065665874,31740.57,30153.54,C_LEGIT_445588434,0.0,1587.03,0,0,L05_00018,LEGITIMATE_MULTIPLE_SMALL_TRANSACTIONS,None - repeated small transactions within normal behavioral range,NONE,1,5,7,11755.52,5,0.05,NORMAL_REPEATED_ACTIVITY
L05_000125,454,TRANSFER,1507.68,C1065665874,30153.54,28645.86,C_LEGIT_771927695,0.0,1507.68,0,0,L05_00018,LEGITIMATE_MULTIPLE_SMALL_TRANSACTIONS,None - repeated small transactions within normal behavioral range,NONE,1,6,7,11755.52,6,0.05,NORMAL_REPEATED_ACTIVITY
L05_000126,459,TRANSFER,1432.29,C1065665874,28645.86,27213.57,C_LEGIT_296712574,0.0,1432.29,0,0,L05_00018,LEGITIMATE_MULTIPLE_SMALL_TRANSACTIONS,None - repeated small transactions within normal behavioral range,NONE,1,7,7,11755.52,5,0.05,NORMAL_REPEATED_ACTIVITY
L05_000127,226,TRANSFER,12.95,C952705497,259.0,246.05,C_LEGIT_560677669,0.0,12.95,0,0,L05_00019,LEGITIMATE_MULTIPLE_SMALL_TRANSACTIONS,None - repeated small transactions within normal behavioral range,NONE,1,1,7,78.13,0,0.05,NORMAL_REPEATED_ACTIVITY
L05_000128,238,TRANSFER,12.3,C952705497,246.05,233.75,C_LEGIT_797865033,0.0,12.3,0,0,L05_00019,LEGITIMATE_MULTIPLE_SMALL_TRANSACTIONS,None - repeated small transactions within normal behavioral range,NONE,1,2,7,78.13,12,0.05,NORMAL_REPEATED_ACTIVITY
L05_000129,251,TRANSFER,11.69,C952705497,233.75,222.06,C_LEGIT_871785902,0.0,11.69,0,0,L05_00019,LEGITIMATE_MULTIPLE_SMALL_TRANSACTIONS,None - repeated small transactions within normal behavioral range,NONE,1,3,7,78.13,13,0.05,NORMAL_REPEATED_ACTIVITY
L05_000130,260,TRANSFER,11.1,C952705497,222.06,210.96,C_LEGIT_332091807,0.0,11.1,0,0,L05_00019,LEGITIMATE_MULTIPLE_SMALL_TRANSACTIONS,None - repeated small transactions within normal behavioral range,NONE,1,4,7,78.13,9,0.05,NORMAL_REPEATED_ACTIVITY
L05_000131,267,TRANSFER,10.55,C952705497,210.96,200.41,C_LEGIT_675189049,0.0,10.55,0,0,L05_00019,LEGITIMATE_MULTIPLE_SMALL_TRANSACTIONS,None - repeated small transactions within normal behavioral range,NONE,1,5,7,78.13,7,0.05,NORMAL_REPEATED_ACTIVITY
L05_000132,308,TRANSFER,10.02,C952705497,200.41,190.39,C_LEGIT_379513092,0.0,10.02,0,0,L05_00019,LEGITIMATE_MULTIPLE_SMALL_TRANSACTIONS,None - repeated small transactions within normal behavioral range,NONE,1,6,7,78.13,41,0.05,NORMAL_REPEATED_ACTIVITY
L05_000133,310,TRANSFER,9.52,C952705497,190.39,180.87,C_LEGIT_203961097,0.0,9.52,0,0,L05_00019,LEGITIMATE_MULTIPLE_SMALL_TRANSACTIONS,None - repeated small transactions within normal behavioral range,NONE,1,7,7,78.13,2,0.05,NORMAL_REPEATED_ACTIVITY
L05_000134,172,TRANSFER,1519.6,C1660954980,30392.0,28872.4,C_LEGIT_494827784,0.0,1519.6,0,0,L05_00020,LEGITIMATE_MULTIPLE_SMALL_TRANSACTIONS,None - repeated small transactions within normal behavioral range,NONE,1,1,7,9168.14,0,0.05,NORMAL_REPEATED_ACTIVITY
L05_000135,206,TRANSFER,1443.62,C1660954980,28872.4,27428.78,C_LEGIT_140567894,0.0,1443.62,0,0,L05_00020,LEGITIMATE_MULTIPLE_SMALL_TRANSACTIONS,None - repeated small transactions within normal behavioral range,NONE,1,2,7,9168.14,34,0.05,NORMAL_REPEATED_ACTIVITY
L05_000136,224,TRANSFER,1371.44,C1660954980,27428.78,26057.34,C_LEGIT_231881183,0.0,1371.44,0,0,L05_00020,LEGITIMATE_MULTIPLE_SMALL_TRANSACTIONS,None - repeated small transactions within normal behavioral range,NONE,1,3,7,9168.14,18,0.05,NORMAL_REPEATED_ACTIVITY
L05_000137,250,TRANSFER,1302.87,C1660954980,26057.34,24754.47,C_LEGIT_284467561,0.0,1302.87,0,0,L05_00020,LEGITIMATE_MULTIPLE_SMALL_TRANSACTIONS,None - repeated small transactions within normal behavioral range,NONE,1,4,7,9168.14,26,0.05,NORMAL_REPEATED_ACTIVITY
L05_000138,251,TRANSFER,1237.72,C1660954980,24754.47,23516.75,C_LEGIT_270773195,0.0,1237.72,0,0,L05_00020,LEGITIMATE_MULTIPLE_SMALL_TRANSACTIONS,None - repeated small transactions within normal behavioral range,NONE,1,5,7,9168.14,1,0.05,NORMAL_REPEATED_ACTIVITY
L05_000139,255,TRANSFER,1175.84,C1660954980,23516.75,22340.91,C_LEGIT_884566593,0.0,1175.84,0,0,L05_00020,LEGITIMATE_MULTIPLE_SMALL_TRANSACTIONS,None - repeated small transactions within normal behavioral range,NONE,1,6,7,9168.14,4,0.05,NORMAL_REPEATED_ACTIVITY
L05_000140,262,TRANSFER,1117.05,C1660954980,22340.91,21223.86,C_LEGIT_641478493,0.0,1117.05,0,0,L05_00020,LEGITIMATE_MULTIPLE_SMALL_TRANSACTIONS,None - repeated small transactions within normal behavioral range,NONE,1,7,7,9168.14,7,0.05,NORMAL_REPEATED_ACTIVITY
L05_000141,170,TRANSFER,1215.15,C188971024,24303.0,23087.85,C_LEGIT_938177104,0.0,1215.15,0,0,L05_00021,LEGITIMATE_MULTIPLE_SMALL_TRANSACTIONS,None - repeated small transactions within normal behavioral range,NONE,1,1,7,7331.31,0,0.05,NORMAL_REPEATED_ACTIVITY
L05_000142,191,TRANSFER,1154.39,C188971024,23087.85,21933.46,C_LEGIT_141629012,0.0,1154.39,0,0,L05_00021,LEGITIMATE_MULTIPLE_SMALL_TRANSACTIONS,None - repeated small transactions within normal behavioral range,NONE,1,2,7,7331.31,21,0.05,NORMAL_REPEATED_ACTIVITY
L05_000143,207,TRANSFER,1096.67,C188971024,21933.46,20836.79,C_LEGIT_235741684,0.0,1096.67,0,0,L05_00021,LEGITIMATE_MULTIPLE_SMALL_TRANSACTIONS,None - repeated small transactions within normal behavioral range,NONE,1,3,7,7331.31,16,0.05,NORMAL_REPEATED_ACTIVITY
L05_000144,225,TRANSFER,1041.84,C188971024,20836.79,19794.95,C_LEGIT_209213172,0.0,1041.84,0,0,L05_00021,LEGITIMATE_MULTIPLE_SMALL_TRANSACTIONS,None - repeated small transactions within normal behavioral range,NONE,1,4,7,7331.31,18,0.05,NORMAL_REPEATED_ACTIVITY
L05_000145,226,TRANSFER,989.75,C188971024,19794.95,18805.2,C_LEGIT_819914324,0.0,989.75,0,0,L05_00021,LEGITIMATE_MULTIPLE_SMALL_TRANSACTIONS,None - repeated small transactions within normal behavioral range,NONE,1,5,7,7331.31,1,0.05,NORMAL_REPEATED_ACTIVITY
L05_000146,249,TRANSFER,940.26,C188971024,18805.2,17864.94,C_LEGIT_413275934,0.0,940.26,0,0,L05_00021,LEGITIMATE_MULTIPLE_SMALL_TRANSACTIONS,None - repeated small transactions within normal behavioral range,NONE,1,6,7,7331.31,23,0.05,NORMAL_REPEATED_ACTIVITY
L05_000147,251,TRANSFER,893.25,C188971024,17864.94,16971.69,C_LEGIT_315477440,0.0,893.25,0,0,L05_00021,LEGITIMATE_MULTIPLE_SMALL_TRANSACTIONS,None - repeated small transactions within normal behavioral range,NONE,1,7,7,7331.31,2,0.05,NORMAL_REPEATED_ACTIVITY
L05_000148,342,TRANSFER,51.25,C1453625649,1025.0,973.75,C_LEGIT_587258983,0.0,51.25,0,0,L05_00022,LEGITIMATE_MULTIPLE_SMALL_TRANSACTIONS,None - repeated small transactions within normal behavioral range,NONE,1,1,7,309.2,0,0.05,NORMAL_REPEATED_ACTIVITY
L05_000149,388,TRANSFER,48.69,C1453625649,973.75,925.06,C_LEGIT_327713938,0.0,48.69,0,0,L05_00022,LEGITIMATE_MULTIPLE_SMALL_TRANSACTIONS,None - repeated small transactions within normal behavioral range,NONE,1,2,7,309.2,46,0.05,NORMAL_REPEATED_ACTIVITY
L05_000150,393,TRANSFER,46.25,C1453625649,925.06,878.81,C_LEGIT_616102382,0.0,46.25,0,0,L05_00022,LEGITIMATE_MULTIPLE_SMALL_TRANSACTIONS,None - repeated small transactions within normal behavioral range,NONE,1,3,7,309.2,5,0.05,NORMAL_REPEATED_ACTIVITY
L05_000151,394,TRANSFER,43.94,C1453625649,878.81,834.87,C_LEGIT_493753472,0.0,43.94,0,0,L05_00022,LEGITIMATE_MULTIPLE_SMALL_TRANSACTIONS,None - repeated small transactions within normal behavioral range,NONE,1,4,7,309.2,1,0.05,NORMAL_REPEATED_ACTIVITY
L05_000152,400,TRANSFER,41.74,C1453625649,834.87,793.13,C_LEGIT_596711300,0.0,41.74,0,0,L05_00022,LEGITIMATE_MULTIPLE_SMALL_TRANSACTIONS,None - repeated small transactions within normal behavioral range,NONE,1,5,7,309.2,6,0.05,NORMAL_REPEATED_ACTIVITY
L05_000153,414,TRANSFER,39.66,C1453625649,793.13,753.47,C_LEGIT_359694567,0.0,39.66,0,0,L05_00022,LEGITIMATE_MULTIPLE_SMALL_TRANSACTIONS,None - repeated small transactions within normal behavioral range,NONE,1,6,7,309.2,14,0.05,NORMAL_REPEATED_ACTIVITY
L05_000154,424,TRANSFER,37.67,C1453625649,753.47,715.8,C_LEGIT_408465127,0.0,37.67,0,0,L05_00022,LEGITIMATE_MULTIPLE_SMALL_TRANSACTIONS,None - repeated small transactions within normal behavioral range,NONE,1,7,7,309.2,10,0.05,NORMAL_REPEATED_ACTIVITY
L05_000155,31,TRANSFER,49680.26,C1026587043,1156507.93,1106827.67,C_LEGIT_694180973,0.0,49680.26,0,0,L05_00023,LEGITIMATE_MULTIPLE_SMALL_TRANSACTIONS,None - repeated small transactions within normal behavioral range,NONE,1,1,7,282026.92,0,0.043,NORMAL_REPEATED_ACTIVITY
L05_000156,52,TRANSFER,44657.22,C1026587043,1106827.67,1062170.45,C_LEGIT_712609854,0.0,44657.22,0,0,L05_00023,LEGITIMATE_MULTIPLE_SMALL_TRANSACTIONS,None - repeated small transactions within normal behavioral range,NONE,1,2,7,282026.92,21,0.0403,NORMAL_REPEATED_ACTIVITY
L05_000157,54,TRANSFER,43962.23,C1026587043,1062170.45,1018208.22,C_LEGIT_120347481,0.0,43962.23,0,0,L05_00023,LEGITIMATE_MULTIPLE_SMALL_TRANSACTIONS,None - repeated small transactions within normal behavioral range,NONE,1,3,7,282026.92,2,0.0414,NORMAL_REPEATED_ACTIVITY
L05_000158,65,TRANSFER,38475.45,C1026587043,1018208.22,979732.77,C_LEGIT_317089629,0.0,38475.45,0,0,L05_00023,LEGITIMATE_MULTIPLE_SMALL_TRANSACTIONS,None - repeated small transactions within normal behavioral range,NONE,1,4,7,282026.92,11,0.0378,NORMAL_REPEATED_ACTIVITY
L05_000159,96,TRANSFER,35347.99,C1026587043,979732.77,944384.78,C_LEGIT_937175834,0.0,35347.99,0,0,L05_00023,LEGITIMATE_MULTIPLE_SMALL_TRANSACTIONS,None - repeated small transactions within normal behavioral range,NONE,1,5,7,282026.92,31,0.0361,NORMAL_REPEATED_ACTIVITY
L05_000160,101,TRANSFER,36058.07,C1026587043,944384.78,908326.71,C_LEGIT_260060606,0.0,36058.07,0,0,L05_00023,LEGITIMATE_MULTIPLE_SMALL_TRANSACTIONS,None - repeated small transactions within normal behavioral range,NONE,1,6,7,282026.92,5,0.0382,NORMAL_REPEATED_ACTIVITY
L05_000161,110,TRANSFER,33845.7,C1026587043,908326.71,874481.01,C_LEGIT_931450942,0.0,33845.7,0,0,L05_00023,LEGITIMATE_MULTIPLE_SMALL_TRANSACTIONS,None - repeated small transactions within normal behavioral range,NONE,1,7,7,282026.92,9,0.0373,NORMAL_REPEATED_ACTIVITY
L05_000162,619,TRANSFER,43.85,C672951658,877.0,833.15,C_LEGIT_327865503,0.0,43.85,0,0,L05_00024,LEGITIMATE_MULTIPLE_SMALL_TRANSACTIONS,None - repeated small transactions within normal behavioral range,NONE,1,1,7,264.56,0,0.05,NORMAL_REPEATED_ACTIVITY
L05_000163,621,TRANSFER,41.66,C672951658,833.15,791.49,C_LEGIT_860166079,0.0,41.66,0,0,L05_00024,LEGITIMATE_MULTIPLE_SMALL_TRANSACTIONS,None - repeated small transactions within normal behavioral range,NONE,1,2,7,264.56,2,0.05,NORMAL_REPEATED_ACTIVITY
L05_000164,661,TRANSFER,39.57,C672951658,791.49,751.92,C_LEGIT_689508704,0.0,39.57,0,0,L05_00024,LEGITIMATE_MULTIPLE_SMALL_TRANSACTIONS,None - repeated small transactions within normal behavioral range,NONE,1,3,7,264.56,40,0.05,NORMAL_REPEATED_ACTIVITY
L05_000165,662,TRANSFER,37.6,C672951658,751.92,714.32,C_LEGIT_187011294,0.0,37.6,0,0,L05_00024,LEGITIMATE_MULTIPLE_SMALL_TRANSACTIONS,None - repeated small transactions within normal behavioral range,NONE,1,4,7,264.56,1,0.05,NORMAL_REPEATED_ACTIVITY
L05_000166,669,TRANSFER,35.72,C672951658,714.32,678.6,C_LEGIT_455368097,0.0,35.72,0,0,L05_00024,LEGITIMATE_MULTIPLE_SMALL_TRANSACTIONS,None - repeated small transactions within normal behavioral range,NONE,1,5,7,264.56,7,0.05,NORMAL_REPEATED_ACTIVITY
L05_000167,670,TRANSFER,33.93,C672951658,678.6,644.67,C_LEGIT_497085401,0.0,33.93,0,0,L05_00024,LEGITIMATE_MULTIPLE_SMALL_TRANSACTIONS,None - repeated small transactions within normal behavioral range,NONE,1,6,7,264.56,1,0.05,NORMAL_REPEATED_ACTIVITY
L05_000168,681,TRANSFER,32.23,C672951658,644.67,612.44,C_LEGIT_947483859,0.0,32.23,0,0,L05_00024,LEGITIMATE_MULTIPLE_SMALL_TRANSACTIONS,None - repeated small transactions within normal behavioral range,NONE,1,7,7,264.56,11,0.05,NORMAL_REPEATED_ACTIVITY
L05_000169,300,TRANSFER,2543.15,C1536367758,50863.0,48319.85,C_LEGIT_560558383,0.0,2543.15,0,0,L05_00025,LEGITIMATE_MULTIPLE_SMALL_TRANSACTIONS,None - repeated small transactions within normal behavioral range,NONE,1,1,7,15343.46,0,0.05,NORMAL_REPEATED_ACTIVITY
L05_000170,308,TRANSFER,2415.99,C1536367758,48319.85,45903.86,C_LEGIT_194322816,0.0,2415.99,0,0,L05_00025,LEGITIMATE_MULTIPLE_SMALL_TRANSACTIONS,None - repeated small transactions within normal behavioral range,NONE,1,2,7,15343.46,8,0.05,NORMAL_REPEATED_ACTIVITY
L05_000171,310,TRANSFER,2295.19,C1536367758,45903.86,43608.67,C_LEGIT_217121359,0.0,2295.19,0,0,L05_00025,LEGITIMATE_MULTIPLE_SMALL_TRANSACTIONS,None - repeated small transactions within normal behavioral range,NONE,1,3,7,15343.46,2,0.05,NORMAL_REPEATED_ACTIVITY
L05_000172,314,TRANSFER,2180.43,C1536367758,43608.67,41428.24,C_LEGIT_652193912,0.0,2180.43,0,0,L05_00025,LEGITIMATE_MULTIPLE_SMALL_TRANSACTIONS,None - repeated small transactions within normal behavioral range,NONE,1,4,7,15343.46,4,0.05,NORMAL_REPEATED_ACTIVITY
L05_000173,337,TRANSFER,2071.41,C1536367758,41428.24,39356.83,C_LEGIT_224165302,0.0,2071.41,0,0,L05_00025,LEGITIMATE_MULTIPLE_SMALL_TRANSACTIONS,None - repeated small transactions within normal behavioral range,NONE,1,5,7,15343.46,23,0.05,NORMAL_REPEATED_ACTIVITY
L05_000174,359,TRANSFER,1967.84,C1536367758,39356.83,37388.99,C_LEGIT_942375974,0.0,1967.84,0,0,L05_00025,LEGITIMATE_MULTIPLE_SMALL_TRANSACTIONS,None - repeated small transactions within normal behavioral range,NONE,1,6,7,15343.46,22,0.05,NORMAL_REPEATED_ACTIVITY
L05_000175,375,TRANSFER,1869.45,C1536367758,37388.99,35519.54,C_LEGIT_886304485,0.0,1869.45,0,0,L05_00025,LEGITIMATE_MULTIPLE_SMALL_TRANSACTIONS,None - repeated small transactions within normal behavioral range,NONE,1,7,7,15343.46,16,0.05,NORMAL_REPEATED_ACTIVITY
L05_000176,385,TRANSFER,2638.43,C671917710,52768.53,50130.1,C_LEGIT_621320029,0.0,2638.43,0,0,L05_00026,LEGITIMATE_MULTIPLE_SMALL_TRANSACTIONS,None - repeated small transactions within normal behavioral range,NONE,1,1,7,15918.3,0,0.05,NORMAL_REPEATED_ACTIVITY
L05_000177,397,TRANSFER,2506.51,C671917710,50130.1,47623.59,C_LEGIT_293319334,0.0,2506.51,0,0,L05_00026,LEGITIMATE_MULTIPLE_SMALL_TRANSACTIONS,None - repeated small transactions within normal behavioral range,NONE,1,2,7,15918.3,12,0.05,NORMAL_REPEATED_ACTIVITY
L05_000178,412,TRANSFER,2381.18,C671917710,47623.59,45242.41,C_LEGIT_110062501,0.0,2381.18,0,0,L05_00026,LEGITIMATE_MULTIPLE_SMALL_TRANSACTIONS,None - repeated small transactions within normal behavioral range,NONE,1,3,7,15918.3,15,0.05,NORMAL_REPEATED_ACTIVITY
L05_000179,418,TRANSFER,2262.12,C671917710,45242.41,42980.29,C_LEGIT_241390720,0.0,2262.12,0,0,L05_00026,LEGITIMATE_MULTIPLE_SMALL_TRANSACTIONS,None - repeated small transactions within normal behavioral range,NONE,1,4,7,15918.3,6,0.05,NORMAL_REPEATED_ACTIVITY
L05_000180,419,TRANSFER,2149.01,C671917710,42980.29,40831.28,C_LEGIT_571957887,0.0,2149.01,0,0,L05_00026,LEGITIMATE_MULTIPLE_SMALL_TRANSACTIONS,None - repeated small transactions within normal behavioral range,NONE,1,5,7,15918.3,1,0.05,NORMAL_REPEATED_ACTIVITY
L05_000181,452,TRANSFER,2041.56,C671917710,40831.28,38789.72,C_LEGIT_775101604,0.0,2041.56,0,0,L05_00026,LEGITIMATE_MULTIPLE_SMALL_TRANSACTIONS,None - repeated small transactions within normal behavioral range,NONE,1,6,7,15918.3,33,0.05,NORMAL_REPEATED_ACTIVITY
L05_000182,462,TRANSFER,1939.49,C671917710,38789.72,36850.23,C_LEGIT_990310612,0.0,1939.49,0,0,L05_00026,LEGITIMATE_MULTIPLE_SMALL_TRANSACTIONS,None - repeated small transactions within normal behavioral range,NONE,1,7,7,15918.3,10,0.05,NORMAL_REPEATED_ACTIVITY
L05_000183,314,TRANSFER,145100.57,C2116203755,3941248.69,3796148.12,C_LEGIT_626328285,0.0,145100.57,0,0,L05_00027,LEGITIMATE_MULTIPLE_SMALL_TRANSACTIONS,None - repeated small transactions within normal behavioral range,NONE,1,1,7,1037066.21,0,0.0368,NORMAL_REPEATED_ACTIVITY
L05_000184,319,TRANSFER,162387.18,C2116203755,3796148.12,3633760.94,C_LEGIT_747138213,0.0,162387.18,0,0,L05_00027,LEGITIMATE_MULTIPLE_SMALL_TRANSACTIONS,None - repeated small transactions within normal behavioral range,NONE,1,2,7,1037066.21,5,0.0428,NORMAL_REPEATED_ACTIVITY
L05_000185,321,TRANSFER,148721.09,C2116203755,3633760.94,3485039.85,C_LEGIT_656448199,0.0,148721.09,0,0,L05_00027,LEGITIMATE_MULTIPLE_SMALL_TRANSACTIONS,None - repeated small transactions within normal behavioral range,NONE,1,3,7,1037066.21,2,0.0409,NORMAL_REPEATED_ACTIVITY
L05_000186,326,TRANSFER,157340.77,C2116203755,3485039.85,3327699.08,C_LEGIT_620315234,0.0,157340.77,0,0,L05_00027,LEGITIMATE_MULTIPLE_SMALL_TRANSACTIONS,None - repeated small transactions within normal behavioral range,NONE,1,4,7,1037066.21,5,0.0451,NORMAL_REPEATED_ACTIVITY
L05_000187,340,TRANSFER,122268.75,C2116203755,3327699.08,3205430.33,C_LEGIT_643286767,0.0,122268.75,0,0,L05_00027,LEGITIMATE_MULTIPLE_SMALL_TRANSACTIONS,None - repeated small transactions within normal behavioral range,NONE,1,5,7,1037066.21,14,0.0367,NORMAL_REPEATED_ACTIVITY
L05_000188,361,TRANSFER,157668.19,C2116203755,3205430.33,3047762.14,C_LEGIT_745069264,0.0,157668.19,0,0,L05_00027,LEGITIMATE_MULTIPLE_SMALL_TRANSACTIONS,None - repeated small transactions within normal behavioral range,NONE,1,6,7,1037066.21,21,0.0492,NORMAL_REPEATED_ACTIVITY
L05_000189,375,TRANSFER,143579.66,C2116203755,3047762.14,2904182.48,C_LEGIT_643215093,0.0,143579.66,0,0,L05_00027,LEGITIMATE_MULTIPLE_SMALL_TRANSACTIONS,None - repeated small transactions within normal behavioral range,NONE,1,7,7,1037066.21,14,0.0471,NORMAL_REPEATED_ACTIVITY
L05_000190,245,TRANSFER,452.6,C789222229,9052.0,8599.4,C_LEGIT_370542787,0.0,452.6,0,0,L05_00028,LEGITIMATE_MULTIPLE_SMALL_TRANSACTIONS,None - repeated small transactions within normal behavioral range,NONE,1,1,7,2730.65,0,0.05,NORMAL_REPEATED_ACTIVITY
L05_000191,257,TRANSFER,429.97,C789222229,8599.4,8169.43,C_LEGIT_220465270,0.0,429.97,0,0,L05_00028,LEGITIMATE_MULTIPLE_SMALL_TRANSACTIONS,None - repeated small transactions within normal behavioral range,NONE,1,2,7,2730.65,12,0.05,NORMAL_REPEATED_ACTIVITY
L05_000192,276,TRANSFER,408.47,C789222229,8169.43,7760.96,C_LEGIT_986305075,0.0,408.47,0,0,L05_00028,LEGITIMATE_MULTIPLE_SMALL_TRANSACTIONS,None - repeated small transactions within normal behavioral range,NONE,1,3,7,2730.65,19,0.05,NORMAL_REPEATED_ACTIVITY
L05_000193,283,TRANSFER,388.05,C789222229,7760.96,7372.91,C_LEGIT_963370866,0.0,388.05,0,0,L05_00028,LEGITIMATE_MULTIPLE_SMALL_TRANSACTIONS,None - repeated small transactions within normal behavioral range,NONE,1,4,7,2730.65,7,0.05,NORMAL_REPEATED_ACTIVITY
L05_000194,305,TRANSFER,368.65,C789222229,7372.91,7004.26,C_LEGIT_388594853,0.0,368.65,0,0,L05_00028,LEGITIMATE_MULTIPLE_SMALL_TRANSACTIONS,None - repeated small transactions within normal behavioral range,NONE,1,5,7,2730.65,22,0.05,NORMAL_REPEATED_ACTIVITY
L05_000195,314,TRANSFER,350.21,C789222229,7004.26,6654.05,C_LEGIT_382971756,0.0,350.21,0,0,L05_00028,LEGITIMATE_MULTIPLE_SMALL_TRANSACTIONS,None - repeated small transactions within normal behavioral range,NONE,1,6,7,2730.65,9,0.05,NORMAL_REPEATED_ACTIVITY
L05_000196,332,TRANSFER,332.7,C789222229,6654.05,6321.35,C_LEGIT_874430421,0.0,332.7,0,0,L05_00028,LEGITIMATE_MULTIPLE_SMALL_TRANSACTIONS,None - repeated small transactions within normal behavioral range,NONE,1,7,7,2730.65,18,0.05,NORMAL_REPEATED_ACTIVITY
L05_000197,263,TRANSFER,107166.2,C742967150,7673925.8,7566759.6,C_LEGIT_947676469,0.0,107166.2,0,0,L05_00029,LEGITIMATE_MULTIPLE_SMALL_TRANSACTIONS,None - repeated small transactions within normal behavioral range,NONE,1,1,7,880689.65,0,0.014,NORMAL_REPEATED_ACTIVITY
L05_000198,294,TRANSFER,107600.46,C742967150,7566759.6,7459159.14,C_LEGIT_716239750,0.0,107600.46,0,0,L05_00029,LEGITIMATE_MULTIPLE_SMALL_TRANSACTIONS,None - repeated small transactions within normal behavioral range,NONE,1,2,7,880689.65,31,0.0142,NORMAL_REPEATED_ACTIVITY
L05_000199,301,TRANSFER,116499.55,C742967150,7459159.14,7342659.59,C_LEGIT_851982076,0.0,116499.55,0,0,L05_00029,LEGITIMATE_MULTIPLE_SMALL_TRANSACTIONS,None - repeated small transactions within normal behavioral range,NONE,1,3,7,880689.65,7,0.0156,NORMAL_REPEATED_ACTIVITY
L05_000200,321,TRANSFER,146720.97,C742967150,7342659.59,7195938.62,C_LEGIT_861695845,0.0,146720.97,0,0,L05_00029,LEGITIMATE_MULTIPLE_SMALL_TRANSACTIONS,None - repeated small transactions within normal behavioral range,NONE,1,4,7,880689.65,20,0.02,NORMAL_REPEATED_ACTIVITY
L05_000201,328,TRANSFER,151767.47,C742967150,7195938.62,7044171.15,C_LEGIT_982949649,0.0,151767.47,0,0,L05_00029,LEGITIMATE_MULTIPLE_SMALL_TRANSACTIONS,None - repeated small transactions within normal behavioral range,NONE,1,5,7,880689.65,7,0.0211,NORMAL_REPEATED_ACTIVITY
L05_000202,329,TRANSFER,102816.92,C742967150,7044171.15,6941354.23,C_LEGIT_687653979,0.0,102816.92,0,0,L05_00029,LEGITIMATE_MULTIPLE_SMALL_TRANSACTIONS,None - repeated small transactions within normal behavioral range,NONE,1,6,7,880689.65,1,0.0146,NORMAL_REPEATED_ACTIVITY
L05_000203,350,TRANSFER,148118.08,C742967150,6941354.23,6793236.15,C_LEGIT_308476820,0.0,148118.08,0,0,L05_00029,LEGITIMATE_MULTIPLE_SMALL_TRANSACTIONS,None - repeated small transactions within normal behavioral range,NONE,1,7,7,880689.65,21,0.0213,NORMAL_REPEATED_ACTIVITY
L05_000204,207,TRANSFER,2602.75,C1217381215,52055.0,49452.25,C_LEGIT_662165093,0.0,2602.75,0,0,L05_00030,LEGITIMATE_MULTIPLE_SMALL_TRANSACTIONS,None - repeated small transactions within normal behavioral range,NONE,1,1,7,15703.05,0,0.05,NORMAL_REPEATED_ACTIVITY
L05_000205,214,TRANSFER,2472.61,C1217381215,49452.25,46979.64,C_LEGIT_375228943,0.0,2472.61,0,0,L05_00030,LEGITIMATE_MULTIPLE_SMALL_TRANSACTIONS,None - repeated small transactions within normal behavioral range,NONE,1,2,7,15703.05,7,0.05,NORMAL_REPEATED_ACTIVITY
L05_000206,221,TRANSFER,2348.98,C1217381215,46979.64,44630.66,C_LEGIT_302959330,0.0,2348.98,0,0,L05_00030,LEGITIMATE_MULTIPLE_SMALL_TRANSACTIONS,None - repeated small transactions within normal behavioral range,NONE,1,3,7,15703.05,7,0.05,NORMAL_REPEATED_ACTIVITY
L05_000207,229,TRANSFER,2231.53,C1217381215,44630.66,42399.13,C_LEGIT_819628004,0.0,2231.53,0,0,L05_00030,LEGITIMATE_MULTIPLE_SMALL_TRANSACTIONS,None - repeated small transactions within normal behavioral range,NONE,1,4,7,15703.05,8,0.05,NORMAL_REPEATED_ACTIVITY
L05_000208,254,TRANSFER,2119.96,C1217381215,42399.13,40279.17,C_LEGIT_336546000,0.0,2119.96,0,0,L05_00030,LEGITIMATE_MULTIPLE_SMALL_TRANSACTIONS,None - repeated small transactions within normal behavioral range,NONE,1,5,7,15703.05,25,0.05,NORMAL_REPEATED_ACTIVITY
L05_000209,258,TRANSFER,2013.96,C1217381215,40279.17,38265.21,C_LEGIT_562227417,0.0,2013.96,0,0,L05_00030,LEGITIMATE_MULTIPLE_SMALL_TRANSACTIONS,None - repeated small transactions within normal behavioral range,NONE,1,6,7,15703.05,4,0.05,NORMAL_REPEATED_ACTIVITY
L05_000210,275,TRANSFER,1913.26,C1217381215,38265.21,36351.95,C_LEGIT_541171156,0.0,1913.26,0,0,L05_00030,LEGITIMATE_MULTIPLE_SMALL_TRANSACTIONS,None - repeated small transactions within normal behavioral range,NONE,1,7,7,15703.05,17,0.05,NORMAL_REPEATED_ACTIVITY
L05_000211,66,TRANSFER,8348.95,C1788289696,166979.07,158630.12,C_LEGIT_299836069,0.0,8348.95,0,0,L05_00031,LEGITIMATE_MULTIPLE_SMALL_TRANSACTIONS,None - repeated small transactions within normal behavioral range,NONE,1,1,7,50371.36,0,0.05,NORMAL_REPEATED_ACTIVITY
L05_000212,68,TRANSFER,7931.51,C1788289696,158630.12,150698.61,C_LEGIT_301848995,0.0,7931.51,0,0,L05_00031,LEGITIMATE_MULTIPLE_SMALL_TRANSACTIONS,None - repeated small transactions within normal behavioral range,NONE,1,2,7,50371.36,2,0.05,NORMAL_REPEATED_ACTIVITY
L05_000213,78,TRANSFER,7534.93,C1788289696,150698.61,143163.68,C_LEGIT_596464588,0.0,7534.93,0,0,L05_00031,LEGITIMATE_MULTIPLE_SMALL_TRANSACTIONS,None - repeated small transactions within normal behavioral range,NONE,1,3,7,50371.36,10,0.05,NORMAL_REPEATED_ACTIVITY
L05_000214,84,TRANSFER,7158.18,C1788289696,143163.68,136005.5,C_LEGIT_633924744,0.0,7158.18,0,0,L05_00031,LEGITIMATE_MULTIPLE_SMALL_TRANSACTIONS,None - repeated small transactions within normal behavioral range,NONE,1,4,7,50371.36,6,0.05,NORMAL_REPEATED_ACTIVITY
L05_000215,92,TRANSFER,6800.28,C1788289696,136005.5,129205.22,C_LEGIT_598451043,0.0,6800.28,0,0,L05_00031,LEGITIMATE_MULTIPLE_SMALL_TRANSACTIONS,None - repeated small transactions within normal behavioral range,NONE,1,5,7,50371.36,8,0.05,NORMAL_REPEATED_ACTIVITY
L05_000216,98,TRANSFER,6460.26,C1788289696,129205.22,122744.96,C_LEGIT_835015304,0.0,6460.26,0,0,L05_00031,LEGITIMATE_MULTIPLE_SMALL_TRANSACTIONS,None - repeated small transactions within normal behavioral range,NONE,1,6,7,50371.36,6,0.05,NORMAL_REPEATED_ACTIVITY
L05_000217,121,TRANSFER,6137.25,C1788289696,122744.96,116607.71,C_LEGIT_304332099,0.0,6137.25,0,0,L05_00031,LEGITIMATE_MULTIPLE_SMALL_TRANSACTIONS,None - repeated small transactions within normal behavioral range,NONE,1,7,7,50371.36,23,0.05,NORMAL_REPEATED_ACTIVITY
L05_000218,318,TRANSFER,127007.9,C1061499092,2540158.09,2413150.19,C_LEGIT_572377273,0.0,127007.9,0,0,L05_00032,LEGITIMATE_MULTIPLE_SMALL_TRANSACTIONS,None - repeated small transactions within normal behavioral range,NONE,1,1,7,766270.95,0,0.05,NORMAL_REPEATED_ACTIVITY
L05_000219,333,TRANSFER,120657.51,C1061499092,2413150.19,2292492.68,C_LEGIT_645021420,0.0,120657.51,0,0,L05_00032,LEGITIMATE_MULTIPLE_SMALL_TRANSACTIONS,None - repeated small transactions within normal behavioral range,NONE,1,2,7,766270.95,15,0.05,NORMAL_REPEATED_ACTIVITY
L05_000220,362,TRANSFER,114624.63,C1061499092,2292492.68,2177868.05,C_LEGIT_358174621,0.0,114624.63,0,0,L05_00032,LEGITIMATE_MULTIPLE_SMALL_TRANSACTIONS,None - repeated small transactions within normal behavioral range,NONE,1,3,7,766270.95,29,0.05,NORMAL_REPEATED_ACTIVITY
L05_000221,378,TRANSFER,108893.4,C1061499092,2177868.05,2068974.65,C_LEGIT_452767018,0.0,108893.4,0,0,L05_00032,LEGITIMATE_MULTIPLE_SMALL_TRANSACTIONS,None - repeated small transactions within normal behavioral range,NONE,1,4,7,766270.95,16,0.05,NORMAL_REPEATED_ACTIVITY
L05_000222,383,TRANSFER,103448.73,C1061499092,2068974.65,1965525.92,C_LEGIT_682087650,0.0,103448.73,0,0,L05_00032,LEGITIMATE_MULTIPLE_SMALL_TRANSACTIONS,None - repeated small transactions within normal behavioral range,NONE,1,5,7,766270.95,5,0.05,NORMAL_REPEATED_ACTIVITY
L05_000223,386,TRANSFER,98276.3,C1061499092,1965525.92,1867249.62,C_LEGIT_693489530,0.0,98276.3,0,0,L05_00032,LEGITIMATE_MULTIPLE_SMALL_TRANSACTIONS,None - repeated small transactions within normal behavioral range,NONE,1,6,7,766270.95,3,0.05,NORMAL_REPEATED_ACTIVITY
L05_000224,405,TRANSFER,93362.48,C1061499092,1867249.62,1773887.14,C_LEGIT_932743789,0.0,93362.48,0,0,L05_00032,LEGITIMATE_MULTIPLE_SMALL_TRANSACTIONS,None - repeated small transactions within normal behavioral range,NONE,1,7,7,766270.95,19,0.05,NORMAL_REPEATED_ACTIVITY
L05_000225,269,TRANSFER,5625.95,C1077608802,112519.0,106893.05,C_LEGIT_580835644,0.0,5625.95,0,0,L05_00033,LEGITIMATE_MULTIPLE_SMALL_TRANSACTIONS,None - repeated small transactions within normal behavioral range,NONE,1,1,7,33942.78,0,0.05,NORMAL_REPEATED_ACTIVITY
L05_000226,274,TRANSFER,5344.65,C1077608802,106893.05,101548.4,C_LEGIT_259439494,0.0,5344.65,0,0,L05_00033,LEGITIMATE_MULTIPLE_SMALL_TRANSACTIONS,None - repeated small transactions within normal behavioral range,NONE,1,2,7,33942.78,5,0.05,NORMAL_REPEATED_ACTIVITY
L05_000227,284,TRANSFER,5077.42,C1077608802,101548.4,96470.98,C_LEGIT_379879403,0.0,5077.42,0,0,L05_00033,LEGITIMATE_MULTIPLE_SMALL_TRANSACTIONS,None - repeated small transactions within normal behavioral range,NONE,1,3,7,33942.78,10,0.05,NORMAL_REPEATED_ACTIVITY
L05_000228,298,TRANSFER,4823.55,C1077608802,96470.98,91647.43,C_LEGIT_973624913,0.0,4823.55,0,0,L05_00033,LEGITIMATE_MULTIPLE_SMALL_TRANSACTIONS,None - repeated small transactions within normal behavioral range,NONE,1,4,7,33942.78,14,0.05,NORMAL_REPEATED_ACTIVITY
L05_000229,310,TRANSFER,4582.37,C1077608802,91647.43,87065.06,C_LEGIT_897493286,0.0,4582.37,0,0,L05_00033,LEGITIMATE_MULTIPLE_SMALL_TRANSACTIONS,None - repeated small transactions within normal behavioral range,NONE,1,5,7,33942.78,12,0.05,NORMAL_REPEATED_ACTIVITY
L05_000230,311,TRANSFER,4353.25,C1077608802,87065.06,82711.81,C_LEGIT_116670175,0.0,4353.25,0,0,L05_00033,LEGITIMATE_MULTIPLE_SMALL_TRANSACTIONS,None - repeated small transactions within normal behavioral range,NONE,1,6,7,33942.78,1,0.05,NORMAL_REPEATED_ACTIVITY
L05_000231,337,TRANSFER,4135.59,C1077608802,82711.81,78576.22,C_LEGIT_615087850,0.0,4135.59,0,0,L05_00033,LEGITIMATE_MULTIPLE_SMALL_TRANSACTIONS,None - repeated small transactions within normal behavioral range,NONE,1,7,7,33942.78,26,0.05,NORMAL_REPEATED_ACTIVITY
L05_000232,286,TRANSFER,2592.85,C723011712,51857.0,49264.15,C_LEGIT_963614631,0.0,2592.85,0,0,L05_00034,LEGITIMATE_MULTIPLE_SMALL_TRANSACTIONS,None - repeated small transactions within normal behavioral range,NONE,1,1,7,15643.32,0,0.05,NORMAL_REPEATED_ACTIVITY
L05_000233,288,TRANSFER,2463.21,C723011712,49264.15,46800.94,C_LEGIT_605633993,0.0,2463.21,0,0,L05_00034,LEGITIMATE_MULTIPLE_SMALL_TRANSACTIONS,None - repeated small transactions within normal behavioral range,NONE,1,2,7,15643.32,2,0.05,NORMAL_REPEATED_ACTIVITY
L05_000234,297,TRANSFER,2340.05,C723011712,46800.94,44460.89,C_LEGIT_119502875,0.0,2340.05,0,0,L05_00034,LEGITIMATE_MULTIPLE_SMALL_TRANSACTIONS,None - repeated small transactions within normal behavioral range,NONE,1,3,7,15643.32,9,0.05,NORMAL_REPEATED_ACTIVITY
L05_000235,334,TRANSFER,2223.04,C723011712,44460.89,42237.85,C_LEGIT_800466629,0.0,2223.04,0,0,L05_00034,LEGITIMATE_MULTIPLE_SMALL_TRANSACTIONS,None - repeated small transactions within normal behavioral range,NONE,1,4,7,15643.32,37,0.05,NORMAL_REPEATED_ACTIVITY
L05_000236,346,TRANSFER,2111.89,C723011712,42237.85,40125.96,C_LEGIT_263942532,0.0,2111.89,0,0,L05_00034,LEGITIMATE_MULTIPLE_SMALL_TRANSACTIONS,None - repeated small transactions within normal behavioral range,NONE,1,5,7,15643.32,12,0.05,NORMAL_REPEATED_ACTIVITY
L05_000237,363,TRANSFER,2006.3,C723011712,40125.96,38119.66,C_LEGIT_745451650,0.0,2006.3,0,0,L05_00034,LEGITIMATE_MULTIPLE_SMALL_TRANSACTIONS,None - repeated small transactions within normal behavioral range,NONE,1,6,7,15643.32,17,0.05,NORMAL_REPEATED_ACTIVITY
L05_000238,372,TRANSFER,1905.98,C723011712,38119.66,36213.68,C_LEGIT_322582174,0.0,1905.98,0,0,L05_00034,LEGITIMATE_MULTIPLE_SMALL_TRANSACTIONS,None - repeated small transactions within normal behavioral range,NONE,1,7,7,15643.32,9,0.05,NORMAL_REPEATED_ACTIVITY
L05_000239,383,TRANSFER,1194.55,C501527577,23891.0,22696.45,C_LEGIT_513126746,0.0,1194.55,0,0,L05_00035,LEGITIMATE_MULTIPLE_SMALL_TRANSACTIONS,None - repeated small transactions within normal behavioral range,NONE,1,1,7,7207.02,0,0.05,NORMAL_REPEATED_ACTIVITY
L05_000240,407,TRANSFER,1134.82,C501527577,22696.45,21561.63,C_LEGIT_879329088,0.0,1134.82,0,0,L05_00035,LEGITIMATE_MULTIPLE_SMALL_TRANSACTIONS,None - repeated small transactions within normal behavioral range,NONE,1,2,7,7207.02,24,0.05,NORMAL_REPEATED_ACTIVITY
L05_000241,431,TRANSFER,1078.08,C501527577,21561.63,20483.55,C_LEGIT_817618116,0.0,1078.08,0,0,L05_00035,LEGITIMATE_MULTIPLE_SMALL_TRANSACTIONS,None - repeated small transactions within normal behavioral range,NONE,1,3,7,7207.02,24,0.05,NORMAL_REPEATED_ACTIVITY
L05_000242,439,TRANSFER,1024.18,C501527577,20483.55,19459.37,C_LEGIT_493650243,0.0,1024.18,0,0,L05_00035,LEGITIMATE_MULTIPLE_SMALL_TRANSACTIONS,None - repeated small transactions within normal behavioral range,NONE,1,4,7,7207.02,8,0.05,NORMAL_REPEATED_ACTIVITY
L05_000243,446,TRANSFER,972.97,C501527577,19459.37,18486.4,C_LEGIT_166353417,0.0,972.97,0,0,L05_00035,LEGITIMATE_MULTIPLE_SMALL_TRANSACTIONS,None - repeated small transactions within normal behavioral range,NONE,1,5,7,7207.02,7,0.05,NORMAL_REPEATED_ACTIVITY
L05_000244,462,TRANSFER,924.32,C501527577,18486.4,17562.08,C_LEGIT_445922802,0.0,924.32,0,0,L05_00035,LEGITIMATE_MULTIPLE_SMALL_TRANSACTIONS,None - repeated small transactions within normal behavioral range,NONE,1,6,7,7207.02,16,0.05,NORMAL_REPEATED_ACTIVITY
L05_000245,466,TRANSFER,878.1,C501527577,17562.08,16683.98,C_LEGIT_813852396,0.0,878.1,0,0,L05_00035,LEGITIMATE_MULTIPLE_SMALL_TRANSACTIONS,None - repeated small transactions within normal behavioral range,NONE,1,7,7,7207.02,4,0.05,NORMAL_REPEATED_ACTIVITY
L05_000246,178,TRANSFER,3635.9,C942206457,72718.0,69082.1,C_LEGIT_824585741,0.0,3635.9,0,0,L05_00036,LEGITIMATE_MULTIPLE_SMALL_TRANSACTIONS,None - repeated small transactions within normal behavioral range,NONE,1,1,7,21936.31,0,0.05,NORMAL_REPEATED_ACTIVITY
L05_000247,179,TRANSFER,3454.11,C942206457,69082.1,65627.99,C_LEGIT_245298981,0.0,3454.11,0,0,L05_00036,LEGITIMATE_MULTIPLE_SMALL_TRANSACTIONS,None - repeated small transactions within normal behavioral range,NONE,1,2,7,21936.31,1,0.05,NORMAL_REPEATED_ACTIVITY
L05_000248,200,TRANSFER,3281.4,C942206457,65627.99,62346.59,C_LEGIT_139458007,0.0,3281.4,0,0,L05_00036,LEGITIMATE_MULTIPLE_SMALL_TRANSACTIONS,None - repeated small transactions within normal behavioral range,NONE,1,3,7,21936.31,21,0.05,NORMAL_REPEATED_ACTIVITY
L05_000249,216,TRANSFER,3117.33,C942206457,62346.59,59229.26,C_LEGIT_783551429,0.0,3117.33,0,0,L05_00036,LEGITIMATE_MULTIPLE_SMALL_TRANSACTIONS,None - repeated small transactions within normal behavioral range,NONE,1,4,7,21936.31,16,0.05,NORMAL_REPEATED_ACTIVITY
L05_000250,224,TRANSFER,2961.46,C942206457,59229.26,56267.8,C_LEGIT_893714346,0.0,2961.46,0,0,L05_00036,LEGITIMATE_MULTIPLE_SMALL_TRANSACTIONS,None - repeated small transactions within normal behavioral range,NONE,1,5,7,21936.31,8,0.05,NORMAL_REPEATED_ACTIVITY
L05_000251,234,TRANSFER,2813.39,C942206457,56267.8,53454.41,C_LEGIT_822196222,0.0,2813.39,0,0,L05_00036,LEGITIMATE_MULTIPLE_SMALL_TRANSACTIONS,None - repeated small transactions within normal behavioral range,NONE,1,6,7,21936.31,10,0.05,NORMAL_REPEATED_ACTIVITY
L05_000252,259,TRANSFER,2672.72,C942206457,53454.41,50781.69,C_LEGIT_276887116,0.0,2672.72,0,0,L05_00036,LEGITIMATE_MULTIPLE_SMALL_TRANSACTIONS,None - repeated small transactions within normal behavioral range,NONE,1,7,7,21936.31,25,0.05,NORMAL_REPEATED_ACTIVITY
L05_000253,170,TRANSFER,5399.38,C446266583,107987.54,102588.16,C_LEGIT_443302166,0.0,5399.38,0,0,L05_00037,LEGITIMATE_MULTIPLE_SMALL_TRANSACTIONS,None - repeated small transactions within normal behavioral range,NONE,1,1,7,32575.82,0,0.05,NORMAL_REPEATED_ACTIVITY
L05_000254,198,TRANSFER,5129.41,C446266583,102588.16,97458.75,C_LEGIT_309384301,0.0,5129.41,0,0,L05_00037,LEGITIMATE_MULTIPLE_SMALL_TRANSACTIONS,None - repeated small transactions within normal behavioral range,NONE,1,2,7,32575.82,28,0.05,NORMAL_REPEATED_ACTIVITY
L05_000255,211,TRANSFER,4872.94,C446266583,97458.75,92585.81,C_LEGIT_102265206,0.0,4872.94,0,0,L05_00037,LEGITIMATE_MULTIPLE_SMALL_TRANSACTIONS,None - repeated small transactions within normal behavioral range,NONE,1,3,7,32575.82,13,0.05,NORMAL_REPEATED_ACTIVITY
L05_000256,216,TRANSFER,4629.29,C446266583,92585.81,87956.52,C_LEGIT_760426501,0.0,4629.29,0,0,L05_00037,LEGITIMATE_MULTIPLE_SMALL_TRANSACTIONS,None - repeated small transactions within normal behavioral range,NONE,1,4,7,32575.82,5,0.05,NORMAL_REPEATED_ACTIVITY
L05_000257,217,TRANSFER,4397.83,C446266583,87956.52,83558.69,C_LEGIT_739718174,0.0,4397.83,0,0,L05_00037,LEGITIMATE_MULTIPLE_SMALL_TRANSACTIONS,None - repeated small transactions within normal behavioral range,NONE,1,5,7,32575.82,1,0.05,NORMAL_REPEATED_ACTIVITY
L05_000258,219,TRANSFER,4177.93,C446266583,83558.69,79380.76,C_LEGIT_710851011,0.0,4177.93,0,0,L05_00037,LEGITIMATE_MULTIPLE_SMALL_TRANSACTIONS,None - repeated small transactions within normal behavioral range,NONE,1,6,7,32575.82,2,0.05,NORMAL_REPEATED_ACTIVITY
L05_000259,226,TRANSFER,3969.04,C446266583,79380.76,75411.72,C_LEGIT_725377189,0.0,3969.04,0,0,L05_00037,LEGITIMATE_MULTIPLE_SMALL_TRANSACTIONS,None - repeated small transactions within normal behavioral range,NONE,1,7,7,32575.82,7,0.05,NORMAL_REPEATED_ACTIVITY
L05_000260,356,TRANSFER,547.3,C293940741,10946.0,10398.7,C_LEGIT_894660489,0.0,547.3,0,0,L05_00038,LEGITIMATE_MULTIPLE_SMALL_TRANSACTIONS,None - repeated small transactions within normal behavioral range,NONE,1,1,7,3302.01,0,0.05,NORMAL_REPEATED_ACTIVITY
L05_000261,368,TRANSFER,519.94,C293940741,10398.7,9878.76,C_LEGIT_350086854,0.0,519.94,0,0,L05_00038,LEGITIMATE_MULTIPLE_SMALL_TRANSACTIONS,None - repeated small transactions within normal behavioral range,NONE,1,2,7,3302.01,12,0.05,NORMAL_REPEATED_ACTIVITY
L05_000262,377,TRANSFER,493.94,C293940741,9878.76,9384.82,C_LEGIT_656824404,0.0,493.94,0,0,L05_00038,LEGITIMATE_MULTIPLE_SMALL_TRANSACTIONS,None - repeated small transactions within normal behavioral range,NONE,1,3,7,3302.01,9,0.05,NORMAL_REPEATED_ACTIVITY
L05_000263,399,TRANSFER,469.24,C293940741,9384.82,8915.58,C_LEGIT_197680025,0.0,469.24,0,0,L05_00038,LEGITIMATE_MULTIPLE_SMALL_TRANSACTIONS,None - repeated small transactions within normal behavioral range,NONE,1,4,7,3302.01,22,0.05,NORMAL_REPEATED_ACTIVITY
L05_000264,414,TRANSFER,445.78,C293940741,8915.58,8469.8,C_LEGIT_619956562,0.0,445.78,0,0,L05_00038,LEGITIMATE_MULTIPLE_SMALL_TRANSACTIONS,None - repeated small transactions within normal behavioral range,NONE,1,5,7,3302.01,15,0.05,NORMAL_REPEATED_ACTIVITY
L05_000265,421,TRANSFER,423.49,C293940741,8469.8,8046.31,C_LEGIT_240005494,0.0,423.49,0,0,L05_00038,LEGITIMATE_MULTIPLE_SMALL_TRANSACTIONS,None - repeated small transactions within normal behavioral range,NONE,1,6,7,3302.01,7,0.05,NORMAL_REPEATED_ACTIVITY
L05_000266,447,TRANSFER,402.32,C293940741,8046.31,7643.99,C_LEGIT_232772966,0.0,402.32,0,0,L05_00038,LEGITIMATE_MULTIPLE_SMALL_TRANSACTIONS,None - repeated small transactions within normal behavioral range,NONE,1,7,7,3302.01,26,0.05,NORMAL_REPEATED_ACTIVITY
L05_000267,259,TRANSFER,6735.78,C866275539,161620.71,154884.93,C_LEGIT_355221879,0.0,6735.78,0,0,L05_00039,LEGITIMATE_MULTIPLE_SMALL_TRANSACTIONS,None - repeated small transactions within normal behavioral range,NONE,1,1,7,45564.1,0,0.0417,NORMAL_REPEATED_ACTIVITY
L05_000268,266,TRANSFER,7336.82,C866275539,154884.93,147548.11,C_LEGIT_250197084,0.0,7336.82,0,0,L05_00039,LEGITIMATE_MULTIPLE_SMALL_TRANSACTIONS,None - repeated small transactions within normal behavioral range,NONE,1,2,7,45564.1,7,0.0474,NORMAL_REPEATED_ACTIVITY
L05_000269,287,TRANSFER,6821.29,C866275539,147548.11,140726.82,C_LEGIT_267776970,0.0,6821.29,0,0,L05_00039,LEGITIMATE_MULTIPLE_SMALL_TRANSACTIONS,None - repeated small transactions within normal behavioral range,NONE,1,3,7,45564.1,21,0.0462,NORMAL_REPEATED_ACTIVITY
L05_000270,289,TRANSFER,7036.34,C866275539,140726.82,133690.48,C_LEGIT_870216059,0.0,7036.34,0,0,L05_00039,LEGITIMATE_MULTIPLE_SMALL_TRANSACTIONS,None - repeated small transactions within normal behavioral range,NONE,1,4,7,45564.1,2,0.05,NORMAL_REPEATED_ACTIVITY
L05_000271,291,TRANSFER,6534.77,C866275539,133690.48,127155.71,C_LEGIT_527670671,0.0,6534.77,0,0,L05_00039,LEGITIMATE_MULTIPLE_SMALL_TRANSACTIONS,None - repeated small transactions within normal behavioral range,NONE,1,5,7,45564.1,2,0.0489,NORMAL_REPEATED_ACTIVITY
L05_000272,328,TRANSFER,4990.86,C866275539,127155.71,122164.85,C_LEGIT_709167008,0.0,4990.86,0,0,L05_00039,LEGITIMATE_MULTIPLE_SMALL_TRANSACTIONS,None - repeated small transactions within normal behavioral range,NONE,1,6,7,45564.1,37,0.0392,NORMAL_REPEATED_ACTIVITY
L05_000273,334,TRANSFER,6108.24,C866275539,122164.85,116056.61,C_LEGIT_692750370,0.0,6108.24,0,0,L05_00039,LEGITIMATE_MULTIPLE_SMALL_TRANSACTIONS,None - repeated small transactions within normal behavioral range,NONE,1,7,7,45564.1,6,0.05,NORMAL_REPEATED_ACTIVITY
L05_000274,172,TRANSFER,299.11,C511825771,6721278.7,6720979.59,C_LEGIT_919667305,0.0,299.11,0,0,L05_00040,LEGITIMATE_MULTIPLE_SMALL_TRANSACTIONS,None - repeated small transactions within normal behavioral range,NONE,1,1,7,2000.1,0,0.0,NORMAL_REPEATED_ACTIVITY
L05_000275,192,TRANSFER,285.73,C511825771,6720979.59,6720693.86,C_LEGIT_891120136,0.0,285.73,0,0,L05_00040,LEGITIMATE_MULTIPLE_SMALL_TRANSACTIONS,None - repeated small transactions within normal behavioral range,NONE,1,2,7,2000.1,20,0.0,NORMAL_REPEATED_ACTIVITY
L05_000276,209,TRANSFER,330.22,C511825771,6720693.86,6720363.64,C_LEGIT_501134466,0.0,330.22,0,0,L05_00040,LEGITIMATE_MULTIPLE_SMALL_TRANSACTIONS,None - repeated small transactions within normal behavioral range,NONE,1,3,7,2000.1,17,0.0,NORMAL_REPEATED_ACTIVITY
L05_000277,227,TRANSFER,317.35,C511825771,6720363.64,6720046.29,C_LEGIT_987758800,0.0,317.35,0,0,L05_00040,LEGITIMATE_MULTIPLE_SMALL_TRANSACTIONS,None - repeated small transactions within normal behavioral range,NONE,1,4,7,2000.1,18,0.0,NORMAL_REPEATED_ACTIVITY
L05_000278,233,TRANSFER,242.41,C511825771,6720046.29,6719803.88,C_LEGIT_948810369,0.0,242.41,0,0,L05_00040,LEGITIMATE_MULTIPLE_SMALL_TRANSACTIONS,None - repeated small transactions within normal behavioral range,NONE,1,5,7,2000.1,6,0.0,NORMAL_REPEATED_ACTIVITY
L05_000279,238,TRANSFER,218.87,C511825771,6719803.88,6719585.01,C_LEGIT_481497275,0.0,218.87,0,0,L05_00040,LEGITIMATE_MULTIPLE_SMALL_TRANSACTIONS,None - repeated small transactions within normal behavioral range,NONE,1,6,7,2000.1,5,0.0,NORMAL_REPEATED_ACTIVITY
L05_000280,252,TRANSFER,306.41,C511825771,6719585.01,6719278.6,C_LEGIT_127572872,0.0,306.41,0,0,L05_00040,LEGITIMATE_MULTIPLE_SMALL_TRANSACTIONS,None - repeated small transactions within normal behavioral range,NONE,1,7,7,2000.1,14,0.0,NORMAL_REPEATED_ACTIVITY
L05_000281,397,TRANSFER,193.35,C547159098,3867.0,3673.65,C_LEGIT_972422373,0.0,193.35,0,0,L05_00041,LEGITIMATE_MULTIPLE_SMALL_TRANSACTIONS,None - repeated small transactions within normal behavioral range,NONE,1,1,7,1166.53,0,0.05,NORMAL_REPEATED_ACTIVITY
L05_000282,415,TRANSFER,183.68,C547159098,3673.65,3489.97,C_LEGIT_624787922,0.0,183.68,0,0,L05_00041,LEGITIMATE_MULTIPLE_SMALL_TRANSACTIONS,None - repeated small transactions within normal behavioral range,NONE,1,2,7,1166.53,18,0.05,NORMAL_REPEATED_ACTIVITY
L05_000283,426,TRANSFER,174.5,C547159098,3489.97,3315.47,C_LEGIT_738966855,0.0,174.5,0,0,L05_00041,LEGITIMATE_MULTIPLE_SMALL_TRANSACTIONS,None - repeated small transactions within normal behavioral range,NONE,1,3,7,1166.53,11,0.05,NORMAL_REPEATED_ACTIVITY
L05_000284,441,TRANSFER,165.77,C547159098,3315.47,3149.7,C_LEGIT_530781586,0.0,165.77,0,0,L05_00041,LEGITIMATE_MULTIPLE_SMALL_TRANSACTIONS,None - repeated small transactions within normal behavioral range,NONE,1,4,7,1166.53,15,0.05,NORMAL_REPEATED_ACTIVITY
L05_000285,460,TRANSFER,157.49,C547159098,3149.7,2992.21,C_LEGIT_762351904,0.0,157.49,0,0,L05_00041,LEGITIMATE_MULTIPLE_SMALL_TRANSACTIONS,None - repeated small transactions within normal behavioral range,NONE,1,5,7,1166.53,19,0.05,NORMAL_REPEATED_ACTIVITY
L05_000286,470,TRANSFER,149.61,C547159098,2992.21,2842.6,C_LEGIT_964411845,0.0,149.61,0,0,L05_00041,LEGITIMATE_MULTIPLE_SMALL_TRANSACTIONS,None - repeated small transactions within normal behavioral range,NONE,1,6,7,1166.53,10,0.05,NORMAL_REPEATED_ACTIVITY
L05_000287,476,TRANSFER,142.13,C547159098,2842.6,2700.47,C_LEGIT_670113838,0.0,142.13,0,0,L05_00041,LEGITIMATE_MULTIPLE_SMALL_TRANSACTIONS,None - repeated small transactions within normal behavioral range,NONE,1,7,7,1166.53,6,0.05,NORMAL_REPEATED_ACTIVITY
L05_000288,145,TRANSFER,36.55,C716136095,731.0,694.45,C_LEGIT_460548316,0.0,36.55,0,0,L05_00042,LEGITIMATE_MULTIPLE_SMALL_TRANSACTIONS,None - repeated small transactions within normal behavioral range,NONE,1,1,7,220.52,0,0.05,NORMAL_REPEATED_ACTIVITY
L05_000289,165,TRANSFER,34.72,C716136095,694.45,659.73,C_LEGIT_745439077,0.0,34.72,0,0,L05_00042,LEGITIMATE_MULTIPLE_SMALL_TRANSACTIONS,None - repeated small transactions within normal behavioral range,NONE,1,2,7,220.52,20,0.05,NORMAL_REPEATED_ACTIVITY
L05_000290,172,TRANSFER,32.99,C716136095,659.73,626.74,C_LEGIT_913302218,0.0,32.99,0,0,L05_00042,LEGITIMATE_MULTIPLE_SMALL_TRANSACTIONS,None - repeated small transactions within normal behavioral range,NONE,1,3,7,220.52,7,0.05,NORMAL_REPEATED_ACTIVITY
L05_000291,179,TRANSFER,31.34,C716136095,626.74,595.4,C_LEGIT_157375306,0.0,31.34,0,0,L05_00042,LEGITIMATE_MULTIPLE_SMALL_TRANSACTIONS,None - repeated small transactions within normal behavioral range,NONE,1,4,7,220.52,7,0.05,NORMAL_REPEATED_ACTIVITY
L05_000292,215,TRANSFER,29.77,C716136095,595.4,565.63,C_LEGIT_161270165,0.0,29.77,0,0,L05_00042,LEGITIMATE_MULTIPLE_SMALL_TRANSACTIONS,None - repeated small transactions within normal behavioral range,NONE,1,5,7,220.52,36,0.05,NORMAL_REPEATED_ACTIVITY
L05_000293,222,TRANSFER,28.28,C716136095,565.63,537.35,C_LEGIT_572619728,0.0,28.28,0,0,L05_00042,LEGITIMATE_MULTIPLE_SMALL_TRANSACTIONS,None - repeated small transactions within normal behavioral range,NONE,1,6,7,220.52,7,0.05,NORMAL_REPEATED_ACTIVITY
L05_000294,229,TRANSFER,26.87,C716136095,537.35,510.48,C_LEGIT_484783040,0.0,26.87,0,0,L05_00042,LEGITIMATE_MULTIPLE_SMALL_TRANSACTIONS,None - repeated small transactions within normal behavioral range,NONE,1,7,7,220.52,7,0.05,NORMAL_REPEATED_ACTIVITY
L05_000295,267,TRANSFER,1143.85,C2018161199,22877.0,21733.15,C_LEGIT_116005641,0.0,1143.85,0,0,L05_00043,LEGITIMATE_MULTIPLE_SMALL_TRANSACTIONS,None - repeated small transactions within normal behavioral range,NONE,1,1,7,6901.14,0,0.05,NORMAL_REPEATED_ACTIVITY
L05_000296,276,TRANSFER,1086.66,C2018161199,21733.15,20646.49,C_LEGIT_900503871,0.0,1086.66,0,0,L05_00043,LEGITIMATE_MULTIPLE_SMALL_TRANSACTIONS,None - repeated small transactions within normal behavioral range,NONE,1,2,7,6901.14,9,0.05,NORMAL_REPEATED_ACTIVITY
L05_000297,278,TRANSFER,1032.32,C2018161199,20646.49,19614.17,C_LEGIT_393112636,0.0,1032.32,0,0,L05_00043,LEGITIMATE_MULTIPLE_SMALL_TRANSACTIONS,None - repeated small transactions within normal behavioral range,NONE,1,3,7,6901.14,2,0.05,NORMAL_REPEATED_ACTIVITY
L05_000298,293,TRANSFER,980.71,C2018161199,19614.17,18633.46,C_LEGIT_214175149,0.0,980.71,0,0,L05_00043,LEGITIMATE_MULTIPLE_SMALL_TRANSACTIONS,None - repeated small transactions within normal behavioral range,NONE,1,4,7,6901.14,15,0.05,NORMAL_REPEATED_ACTIVITY
L05_000299,327,TRANSFER,931.67,C2018161199,18633.46,17701.79,C_LEGIT_784203598,0.0,931.67,0,0,L05_00043,LEGITIMATE_MULTIPLE_SMALL_TRANSACTIONS,None - repeated small transactions within normal behavioral range,NONE,1,5,7,6901.14,34,0.05,NORMAL_REPEATED_ACTIVITY
L05_000300,332,TRANSFER,885.09,C2018161199,17701.79,16816.7,C_LEGIT_273994533,0.0,885.09,0,0,L05_00043,LEGITIMATE_MULTIPLE_SMALL_TRANSACTIONS,None - repeated small transactions within normal behavioral range,NONE,1,6,7,6901.14,5,0.05,NORMAL_REPEATED_ACTIVITY
L05_000301,333,TRANSFER,840.84,C2018161199,16816.7,15975.86,C_LEGIT_598679505,0.0,840.84,0,0,L05_00043,LEGITIMATE_MULTIPLE_SMALL_TRANSACTIONS,None - repeated small transactions within normal behavioral range,NONE,1,7,7,6901.14,1,0.05,NORMAL_REPEATED_ACTIVITY
L05_000302,42,TRANSFER,1162.95,C1174441392,23259.0,22096.05,C_LEGIT_142076904,0.0,1162.95,0,0,L05_00044,LEGITIMATE_MULTIPLE_SMALL_TRANSACTIONS,None - repeated small transactions within normal behavioral range,NONE,1,1,7,7016.37,0,0.05,NORMAL_REPEATED_ACTIVITY
L05_000303,53,TRANSFER,1104.8,C1174441392,22096.05,20991.25,C_LEGIT_697615669,0.0,1104.8,0,0,L05_00044,LEGITIMATE_MULTIPLE_SMALL_TRANSACTIONS,None - repeated small transactions within normal behavioral range,NONE,1,2,7,7016.37,11,0.05,NORMAL_REPEATED_ACTIVITY
L05_000304,55,TRANSFER,1049.56,C1174441392,20991.25,19941.69,C_LEGIT_135704832,0.0,1049.56,0,0,L05_00044,LEGITIMATE_MULTIPLE_SMALL_TRANSACTIONS,None - repeated small transactions within normal behavioral range,NONE,1,3,7,7016.37,2,0.05,NORMAL_REPEATED_ACTIVITY
L05_000305,61,TRANSFER,997.08,C1174441392,19941.69,18944.61,C_LEGIT_527995288,0.0,997.08,0,0,L05_00044,LEGITIMATE_MULTIPLE_SMALL_TRANSACTIONS,None - repeated small transactions within normal behavioral range,NONE,1,4,7,7016.37,6,0.05,NORMAL_REPEATED_ACTIVITY
L05_000306,85,TRANSFER,947.23,C1174441392,18944.61,17997.38,C_LEGIT_946840862,0.0,947.23,0,0,L05_00044,LEGITIMATE_MULTIPLE_SMALL_TRANSACTIONS,None - repeated small transactions within normal behavioral range,NONE,1,5,7,7016.37,24,0.05,NORMAL_REPEATED_ACTIVITY
L05_000307,95,TRANSFER,899.87,C1174441392,17997.38,17097.51,C_LEGIT_747755723,0.0,899.87,0,0,L05_00044,LEGITIMATE_MULTIPLE_SMALL_TRANSACTIONS,None - repeated small transactions within normal behavioral range,NONE,1,6,7,7016.37,10,0.05,NORMAL_REPEATED_ACTIVITY
L05_000308,109,TRANSFER,854.88,C1174441392,17097.51,16242.63,C_LEGIT_993621589,0.0,854.88,0,0,L05_00044,LEGITIMATE_MULTIPLE_SMALL_TRANSACTIONS,None - repeated small transactions within normal behavioral range,NONE,1,7,7,7016.37,14,0.05,NORMAL_REPEATED_ACTIVITY
L05_000309,185,TRANSFER,125137.65,C1461767238,4783474.93,4658337.28,C_LEGIT_318021680,0.0,125137.65,0,0,L05_00045,LEGITIMATE_MULTIPLE_SMALL_TRANSACTIONS,None - repeated small transactions within normal behavioral range,NONE,1,1,7,974333.66,0,0.0262,NORMAL_REPEATED_ACTIVITY
L05_000310,189,TRANSFER,152800.8,C1461767238,4658337.28,4505536.48,C_LEGIT_684569498,0.0,152800.8,0,0,L05_00045,LEGITIMATE_MULTIPLE_SMALL_TRANSACTIONS,None - repeated small transactions within normal behavioral range,NONE,1,2,7,974333.66,4,0.0328,NORMAL_REPEATED_ACTIVITY
L05_000311,195,TRANSFER,103187.22,C1461767238,4505536.48,4402349.26,C_LEGIT_548457311,0.0,103187.22,0,0,L05_00045,LEGITIMATE_MULTIPLE_SMALL_TRANSACTIONS,None - repeated small transactions within normal behavioral range,NONE,1,3,7,974333.66,6,0.0229,NORMAL_REPEATED_ACTIVITY
L05_000312,203,TRANSFER,142965.88,C1461767238,4402349.26,4259383.38,C_LEGIT_599696312,0.0,142965.88,0,0,L05_00045,LEGITIMATE_MULTIPLE_SMALL_TRANSACTIONS,None - repeated small transactions within normal behavioral range,NONE,1,4,7,974333.66,8,0.0325,NORMAL_REPEATED_ACTIVITY
L05_000313,204,TRANSFER,159871.51,C1461767238,4259383.38,4099511.87,C_LEGIT_281037780,0.0,159871.51,0,0,L05_00045,LEGITIMATE_MULTIPLE_SMALL_TRANSACTIONS,None - repeated small transactions within normal behavioral range,NONE,1,5,7,974333.66,1,0.0375,NORMAL_REPEATED_ACTIVITY
L05_000314,206,TRANSFER,141407.92,C1461767238,4099511.87,3958103.95,C_LEGIT_915464257,0.0,141407.92,0,0,L05_00045,LEGITIMATE_MULTIPLE_SMALL_TRANSACTIONS,None - repeated small transactions within normal behavioral range,NONE,1,6,7,974333.66,2,0.0345,NORMAL_REPEATED_ACTIVITY
L05_000315,261,TRANSFER,148962.68,C1461767238,3958103.95,3809141.27,C_LEGIT_376354258,0.0,148962.68,0,0,L05_00045,LEGITIMATE_MULTIPLE_SMALL_TRANSACTIONS,None - repeated small transactions within normal behavioral range,NONE,1,7,7,974333.66,55,0.0376,NORMAL_REPEATED_ACTIVITY
L05_000316,352,TRANSFER,11509.23,C399443338,230184.53,218675.3,C_LEGIT_701097555,0.0,11509.23,0,0,L05_00046,LEGITIMATE_MULTIPLE_SMALL_TRANSACTIONS,None - repeated small transactions within normal behavioral range,NONE,1,1,7,69438.09,0,0.05,NORMAL_REPEATED_ACTIVITY
L05_000317,369,TRANSFER,10933.76,C399443338,218675.3,207741.54,C_LEGIT_226028154,0.0,10933.76,0,0,L05_00046,LEGITIMATE_MULTIPLE_SMALL_TRANSACTIONS,None - repeated small transactions within normal behavioral range,NONE,1,2,7,69438.09,17,0.05,NORMAL_REPEATED_ACTIVITY
L05_000318,384,TRANSFER,10387.08,C399443338,207741.54,197354.46,C_LEGIT_562272158,0.0,10387.08,0,0,L05_00046,LEGITIMATE_MULTIPLE_SMALL_TRANSACTIONS,None - repeated small transactions within normal behavioral range,NONE,1,3,7,69438.09,15,0.05,NORMAL_REPEATED_ACTIVITY
L05_000319,393,TRANSFER,9867.72,C399443338,197354.46,187486.74,C_LEGIT_335891785,0.0,9867.72,0,0,L05_00046,LEGITIMATE_MULTIPLE_SMALL_TRANSACTIONS,None - repeated small transactions within normal behavioral range,NONE,1,4,7,69438.09,9,0.05,NORMAL_REPEATED_ACTIVITY
L05_000320,405,TRANSFER,9374.34,C399443338,187486.74,178112.4,C_LEGIT_280096843,0.0,9374.34,0,0,L05_00046,LEGITIMATE_MULTIPLE_SMALL_TRANSACTIONS,None - repeated small transactions within normal behavioral range,NONE,1,5,7,69438.09,12,0.05,NORMAL_REPEATED_ACTIVITY
L05_000321,417,TRANSFER,8905.62,C399443338,178112.4,169206.78,C_LEGIT_430248061,0.0,8905.62,0,0,L05_00046,LEGITIMATE_MULTIPLE_SMALL_TRANSACTIONS,None - repeated small transactions within normal behavioral range,NONE,1,6,7,69438.09,12,0.05,NORMAL_REPEATED_ACTIVITY
L05_000322,429,TRANSFER,8460.34,C399443338,169206.78,160746.44,C_LEGIT_390366419,0.0,8460.34,0,0,L05_00046,LEGITIMATE_MULTIPLE_SMALL_TRANSACTIONS,None - repeated small transactions within normal behavioral range,NONE,1,7,7,69438.09,12,0.05,NORMAL_REPEATED_ACTIVITY
L05_000323,43,TRANSFER,30047.4,C890348673,600948.0,570900.6,C_LEGIT_796321459,0.0,30047.4,0,0,L05_00047,LEGITIMATE_MULTIPLE_SMALL_TRANSACTIONS,None - repeated small transactions within normal behavioral range,NONE,1,1,7,181283.6,0,0.05,NORMAL_REPEATED_ACTIVITY
L05_000324,45,TRANSFER,28545.03,C890348673,570900.6,542355.57,C_LEGIT_716233079,0.0,28545.03,0,0,L05_00047,LEGITIMATE_MULTIPLE_SMALL_TRANSACTIONS,None - repeated small transactions within normal behavioral range,NONE,1,2,7,181283.6,2,0.05,NORMAL_REPEATED_ACTIVITY
L05_000325,59,TRANSFER,27117.78,C890348673,542355.57,515237.79,C_LEGIT_818540169,0.0,27117.78,0,0,L05_00047,LEGITIMATE_MULTIPLE_SMALL_TRANSACTIONS,None - repeated small transactions within normal behavioral range,NONE,1,3,7,181283.6,14,0.05,NORMAL_REPEATED_ACTIVITY
L05_000326,62,TRANSFER,25761.89,C890348673,515237.79,489475.9,C_LEGIT_630757948,0.0,25761.89,0,0,L05_00047,LEGITIMATE_MULTIPLE_SMALL_TRANSACTIONS,None - repeated small transactions within normal behavioral range,NONE,1,4,7,181283.6,3,0.05,NORMAL_REPEATED_ACTIVITY
L05_000327,66,TRANSFER,24473.79,C890348673,489475.9,465002.11,C_LEGIT_154178049,0.0,24473.79,0,0,L05_00047,LEGITIMATE_MULTIPLE_SMALL_TRANSACTIONS,None - repeated small transactions within normal behavioral range,NONE,1,5,7,181283.6,4,0.05,NORMAL_REPEATED_ACTIVITY
L05_000328,89,TRANSFER,23250.11,C890348673,465002.11,441752.0,C_LEGIT_593040038,0.0,23250.11,0,0,L05_00047,LEGITIMATE_MULTIPLE_SMALL_TRANSACTIONS,None - repeated small transactions within normal behavioral range,NONE,1,6,7,181283.6,23,0.05,NORMAL_REPEATED_ACTIVITY
L05_000329,116,TRANSFER,22087.6,C890348673,441752.0,419664.4,C_LEGIT_512358701,0.0,22087.6,0,0,L05_00047,LEGITIMATE_MULTIPLE_SMALL_TRANSACTIONS,None - repeated small transactions within normal behavioral range,NONE,1,7,7,181283.6,27,0.05,NORMAL_REPEATED_ACTIVITY
L05_000330,319,TRANSFER,105393.63,C1401593693,2107872.64,2002479.01,C_LEGIT_496858103,0.0,105393.63,0,0,L05_00048,LEGITIMATE_MULTIPLE_SMALL_TRANSACTIONS,None - repeated small transactions within normal behavioral range,NONE,1,1,7,635866.55,0,0.05,NORMAL_REPEATED_ACTIVITY
L05_000331,335,TRANSFER,100123.95,C1401593693,2002479.01,1902355.06,C_LEGIT_973456787,0.0,100123.95,0,0,L05_00048,LEGITIMATE_MULTIPLE_SMALL_TRANSACTIONS,None - repeated small transactions within normal behavioral range,NONE,1,2,7,635866.55,16,0.05,NORMAL_REPEATED_ACTIVITY
L05_000332,353,TRANSFER,95117.75,C1401593693,1902355.06,1807237.31,C_LEGIT_661325865,0.0,95117.75,0,0,L05_00048,LEGITIMATE_MULTIPLE_SMALL_TRANSACTIONS,None - repeated small transactions within normal behavioral range,NONE,1,3,7,635866.55,18,0.05,NORMAL_REPEATED_ACTIVITY
L05_000333,380,TRANSFER,90361.87,C1401593693,1807237.31,1716875.44,C_LEGIT_270099179,0.0,90361.87,0,0,L05_00048,LEGITIMATE_MULTIPLE_SMALL_TRANSACTIONS,None - repeated small transactions within normal behavioral range,NONE,1,4,7,635866.55,27,0.05,NORMAL_REPEATED_ACTIVITY
L05_000334,381,TRANSFER,85843.77,C1401593693,1716875.44,1631031.67,C_LEGIT_338686370,0.0,85843.77,0,0,L05_00048,LEGITIMATE_MULTIPLE_SMALL_TRANSACTIONS,None - repeated small transactions within normal behavioral range,NONE,1,5,7,635866.55,1,0.05,NORMAL_REPEATED_ACTIVITY
L05_000335,393,TRANSFER,81551.58,C1401593693,1631031.67,1549480.09,C_LEGIT_976501925,0.0,81551.58,0,0,L05_00048,LEGITIMATE_MULTIPLE_SMALL_TRANSACTIONS,None - repeated small transactions within normal behavioral range,NONE,1,6,7,635866.55,12,0.05,NORMAL_REPEATED_ACTIVITY
L05_000336,394,TRANSFER,77474.0,C1401593693,1549480.09,1472006.09,C_LEGIT_828708894,0.0,77474.0,0,0,L05_00048,LEGITIMATE_MULTIPLE_SMALL_TRANSACTIONS,None - repeated small transactions within normal behavioral range,NONE,1,7,7,635866.55,1,0.05,NORMAL_REPEATED_ACTIVITY
L05_000337,147,TRANSFER,657.95,C941641900,13159.0,12501.05,C_LEGIT_526460610,0.0,657.95,0,0,L05_00049,LEGITIMATE_MULTIPLE_SMALL_TRANSACTIONS,None - repeated small transactions within normal behavioral range,NONE,1,1,7,3969.57,0,0.05,NORMAL_REPEATED_ACTIVITY
L05_000338,160,TRANSFER,625.05,C941641900,12501.05,11876.0,C_LEGIT_639151755,0.0,625.05,0,0,L05_00049,LEGITIMATE_MULTIPLE_SMALL_TRANSACTIONS,None - repeated small transactions within normal behavioral range,NONE,1,2,7,3969.57,13,0.05,NORMAL_REPEATED_ACTIVITY
L05_000339,204,TRANSFER,593.8,C941641900,11876.0,11282.2,C_LEGIT_598008609,0.0,593.8,0,0,L05_00049,LEGITIMATE_MULTIPLE_SMALL_TRANSACTIONS,None - repeated small transactions within normal behavioral range,NONE,1,3,7,3969.57,44,0.05,NORMAL_REPEATED_ACTIVITY
L05_000340,209,TRANSFER,564.11,C941641900,11282.2,10718.09,C_LEGIT_165618735,0.0,564.11,0,0,L05_00049,LEGITIMATE_MULTIPLE_SMALL_TRANSACTIONS,None - repeated small transactions within normal behavioral range,NONE,1,4,7,3969.57,5,0.05,NORMAL_REPEATED_ACTIVITY
L05_000341,214,TRANSFER,535.9,C941641900,10718.09,10182.19,C_LEGIT_468722148,0.0,535.9,0,0,L05_00049,LEGITIMATE_MULTIPLE_SMALL_TRANSACTIONS,None - repeated small transactions within normal behavioral range,NONE,1,5,7,3969.57,5,0.05,NORMAL_REPEATED_ACTIVITY
L05_000342,225,TRANSFER,509.11,C941641900,10182.19,9673.08,C_LEGIT_338542106,0.0,509.11,0,0,L05_00049,LEGITIMATE_MULTIPLE_SMALL_TRANSACTIONS,None - repeated small transactions within normal behavioral range,NONE,1,6,7,3969.57,11,0.05,NORMAL_REPEATED_ACTIVITY
L05_000343,229,TRANSFER,483.65,C941641900,9673.08,9189.43,C_LEGIT_388741641,0.0,483.65,0,0,L05_00049,LEGITIMATE_MULTIPLE_SMALL_TRANSACTIONS,None - repeated small transactions within normal behavioral range,NONE,1,7,7,3969.57,4,0.05,NORMAL_REPEATED_ACTIVITY
L05_000344,50,TRANSFER,476.55,C1518654009,9531.0,9054.45,C_LEGIT_289397558,0.0,476.55,0,0,L05_00050,LEGITIMATE_MULTIPLE_SMALL_TRANSACTIONS,None - repeated small transactions within normal behavioral range,NONE,1,1,7,2875.15,0,0.05,NORMAL_REPEATED_ACTIVITY
L05_000345,81,TRANSFER,452.72,C1518654009,9054.45,8601.73,C_LEGIT_458682738,0.0,452.72,0,0,L05_00050,LEGITIMATE_MULTIPLE_SMALL_TRANSACTIONS,None - repeated small transactions within normal behavioral range,NONE,1,2,7,2875.15,31,0.05,NORMAL_REPEATED_ACTIVITY
L05_000346,83,TRANSFER,430.09,C1518654009,8601.73,8171.64,C_LEGIT_530272218,0.0,430.09,0,0,L05_00050,LEGITIMATE_MULTIPLE_SMALL_TRANSACTIONS,None - repeated small transactions within normal behavioral range,NONE,1,3,7,2875.15,2,0.05,NORMAL_REPEATED_ACTIVITY
L05_000347,87,TRANSFER,408.58,C1518654009,8171.64,7763.06,C_LEGIT_227459872,0.0,408.58,0,0,L05_00050,LEGITIMATE_MULTIPLE_SMALL_TRANSACTIONS,None - repeated small transactions within normal behavioral range,NONE,1,4,7,2875.15,4,0.05,NORMAL_REPEATED_ACTIVITY
L05_000348,91,TRANSFER,388.15,C1518654009,7763.06,7374.91,C_LEGIT_374720115,0.0,388.15,0,0,L05_00050,LEGITIMATE_MULTIPLE_SMALL_TRANSACTIONS,None - repeated small transactions within normal behavioral range,NONE,1,5,7,2875.15,4,0.05,NORMAL_REPEATED_ACTIVITY
L05_000349,93,TRANSFER,368.75,C1518654009,7374.91,7006.16,C_LEGIT_234954646,0.0,368.75,0,0,L05_00050,LEGITIMATE_MULTIPLE_SMALL_TRANSACTIONS,None - repeated small transactions within normal behavioral range,NONE,1,6,7,2875.15,2,0.05,NORMAL_REPEATED_ACTIVITY
L05_000350,125,TRANSFER,350.31,C1518654009,7006.16,6655.85,C_LEGIT_409233020,0.0,350.31,0,0,L05_00050,LEGITIMATE_MULTIPLE_SMALL_TRANSACTIONS,None - repeated small transactions within normal behavioral range,NONE,1,7,7,2875.15,32,0.05,NORMAL_REPEATED_ACTIVITY
L05_000351,49,TRANSFER,16.4,C1229273253,328.0,311.6,C_LEGIT_433477609,0.0,16.4,0,0,L05_00051,LEGITIMATE_MULTIPLE_SMALL_TRANSACTIONS,None - repeated small transactions within normal behavioral range,NONE,1,1,7,98.95,0,0.05,NORMAL_REPEATED_ACTIVITY
L05_000352,91,TRANSFER,15.58,C1229273253,311.6,296.02,C_LEGIT_742608427,0.0,15.58,0,0,L05_00051,LEGITIMATE_MULTIPLE_SMALL_TRANSACTIONS,None - repeated small transactions within normal behavioral range,NONE,1,2,7,98.95,42,0.05,NORMAL_REPEATED_ACTIVITY
L05_000353,101,TRANSFER,14.8,C1229273253,296.02,281.22,C_LEGIT_359926062,0.0,14.8,0,0,L05_00051,LEGITIMATE_MULTIPLE_SMALL_TRANSACTIONS,None - repeated small transactions within normal behavioral range,NONE,1,3,7,98.95,10,0.05,NORMAL_REPEATED_ACTIVITY
L05_000354,102,TRANSFER,14.06,C1229273253,281.22,267.16,C_LEGIT_305596017,0.0,14.06,0,0,L05_00051,LEGITIMATE_MULTIPLE_SMALL_TRANSACTIONS,None - repeated small transactions within normal behavioral range,NONE,1,4,7,98.95,1,0.05,NORMAL_REPEATED_ACTIVITY
L05_000355,123,TRANSFER,13.36,C1229273253,267.16,253.8,C_LEGIT_471648471,0.0,13.36,0,0,L05_00051,LEGITIMATE_MULTIPLE_SMALL_TRANSACTIONS,None - repeated small transactions within normal behavioral range,NONE,1,5,7,98.95,21,0.05,NORMAL_REPEATED_ACTIVITY
L05_000356,130,TRANSFER,12.69,C1229273253,253.8,241.11,C_LEGIT_357739995,0.0,12.69,0,0,L05_00051,LEGITIMATE_MULTIPLE_SMALL_TRANSACTIONS,None - repeated small transactions within normal behavioral range,NONE,1,6,7,98.95,7,0.05,NORMAL_REPEATED_ACTIVITY
L05_000357,139,TRANSFER,12.06,C1229273253,241.11,229.05,C_LEGIT_265297530,0.0,12.06,0,0,L05_00051,LEGITIMATE_MULTIPLE_SMALL_TRANSACTIONS,None - repeated small transactions within normal behavioral range,NONE,1,7,7,98.95,9,0.05,NORMAL_REPEATED_ACTIVITY
L05_000358,707,TRANSFER,577.25,C632306749,11545.0,10967.75,C_LEGIT_955552400,0.0,577.25,0,0,L05_00052,LEGITIMATE_MULTIPLE_SMALL_TRANSACTIONS,None - repeated small transactions within normal behavioral range,NONE,1,1,7,3482.7,0,0.05,NORMAL_REPEATED_ACTIVITY
L05_000359,712,TRANSFER,548.39,C632306749,10967.75,10419.36,C_LEGIT_210179425,0.0,548.39,0,0,L05_00052,LEGITIMATE_MULTIPLE_SMALL_TRANSACTIONS,None - repeated small transactions within normal behavioral range,NONE,1,2,7,3482.7,5,0.05,NORMAL_REPEATED_ACTIVITY
L05_000360,713,TRANSFER,520.97,C632306749,10419.36,9898.39,C_LEGIT_532711592,0.0,520.97,0,0,L05_00052,LEGITIMATE_MULTIPLE_SMALL_TRANSACTIONS,None - repeated small transactions within normal behavioral range,NONE,1,3,7,3482.7,1,0.05,NORMAL_REPEATED_ACTIVITY
L05_000361,721,TRANSFER,494.92,C632306749,9898.39,9403.47,C_LEGIT_282048837,0.0,494.92,0,0,L05_00052,LEGITIMATE_MULTIPLE_SMALL_TRANSACTIONS,None - repeated small transactions within normal behavioral range,NONE,1,4,7,3482.7,8,0.05,NORMAL_REPEATED_ACTIVITY
L05_000362,748,TRANSFER,470.17,C632306749,9403.47,8933.3,C_LEGIT_708216289,0.0,470.17,0,0,L05_00052,LEGITIMATE_MULTIPLE_SMALL_TRANSACTIONS,None - repeated small transactions within normal behavioral range,NONE,1,5,7,3482.7,27,0.05,NORMAL_REPEATED_ACTIVITY
L05_000363,772,TRANSFER,446.67,C632306749,8933.3,8486.63,C_LEGIT_335818182,0.0,446.67,0,0,L05_00052,LEGITIMATE_MULTIPLE_SMALL_TRANSACTIONS,None - repeated small transactions within normal behavioral range,NONE,1,6,7,3482.7,24,0.05,NORMAL_REPEATED_ACTIVITY
L05_000364,773,TRANSFER,424.33,C632306749,8486.63,8062.3,C_LEGIT_422379071,0.0,424.33,0,0,L05_00052,LEGITIMATE_MULTIPLE_SMALL_TRANSACTIONS,None - repeated small transactions within normal behavioral range,NONE,1,7,7,3482.7,1,0.05,NORMAL_REPEATED_ACTIVITY
L05_000365,28,TRANSFER,2347.2,C748395497,46944.0,44596.8,C_LEGIT_130119153,0.0,2347.2,0,0,L05_00053,LEGITIMATE_MULTIPLE_SMALL_TRANSACTIONS,None - repeated small transactions within normal behavioral range,NONE,1,1,7,14161.26,0,0.05,NORMAL_REPEATED_ACTIVITY
L05_000366,33,TRANSFER,2229.84,C748395497,44596.8,42366.96,C_LEGIT_710710109,0.0,2229.84,0,0,L05_00053,LEGITIMATE_MULTIPLE_SMALL_TRANSACTIONS,None - repeated small transactions within normal behavioral range,NONE,1,2,7,14161.26,5,0.05,NORMAL_REPEATED_ACTIVITY
L05_000367,64,TRANSFER,2118.35,C748395497,42366.96,40248.61,C_LEGIT_791475489,0.0,2118.35,0,0,L05_00053,LEGITIMATE_MULTIPLE_SMALL_TRANSACTIONS,None - repeated small transactions within normal behavioral range,NONE,1,3,7,14161.26,31,0.05,NORMAL_REPEATED_ACTIVITY
L05_000368,68,TRANSFER,2012.43,C748395497,40248.61,38236.18,C_LEGIT_840493918,0.0,2012.43,0,0,L05_00053,LEGITIMATE_MULTIPLE_SMALL_TRANSACTIONS,None - repeated small transactions within normal behavioral range,NONE,1,4,7,14161.26,4,0.05,NORMAL_REPEATED_ACTIVITY
L05_000369,72,TRANSFER,1911.81,C748395497,38236.18,36324.37,C_LEGIT_225650569,0.0,1911.81,0,0,L05_00053,LEGITIMATE_MULTIPLE_SMALL_TRANSACTIONS,None - repeated small transactions within normal behavioral range,NONE,1,5,7,14161.26,4,0.05,NORMAL_REPEATED_ACTIVITY
L05_000370,100,TRANSFER,1816.22,C748395497,36324.37,34508.15,C_LEGIT_590919867,0.0,1816.22,0,0,L05_00053,LEGITIMATE_MULTIPLE_SMALL_TRANSACTIONS,None - repeated small transactions within normal behavioral range,NONE,1,6,7,14161.26,28,0.05,NORMAL_REPEATED_ACTIVITY
L05_000371,105,TRANSFER,1725.41,C748395497,34508.15,32782.74,C_LEGIT_140258216,0.0,1725.41,0,0,L05_00053,LEGITIMATE_MULTIPLE_SMALL_TRANSACTIONS,None - repeated small transactions within normal behavioral range,NONE,1,7,7,14161.26,5,0.05,NORMAL_REPEATED_ACTIVITY
L05_000372,286,TRANSFER,586.5,C2098159214,11730.0,11143.5,C_LEGIT_361479883,0.0,586.5,0,0,L05_00054,LEGITIMATE_MULTIPLE_SMALL_TRANSACTIONS,None - repeated small transactions within normal behavioral range,NONE,1,1,7,3538.51,0,0.05,NORMAL_REPEATED_ACTIVITY
L05_000373,291,TRANSFER,557.18,C2098159214,11143.5,10586.32,C_LEGIT_789533935,0.0,557.18,0,0,L05_00054,LEGITIMATE_MULTIPLE_SMALL_TRANSACTIONS,None - repeated small transactions within normal behavioral range,NONE,1,2,7,3538.51,5,0.05,NORMAL_REPEATED_ACTIVITY
L05_000374,342,TRANSFER,529.32,C2098159214,10586.32,10057.0,C_LEGIT_610622337,0.0,529.32,0,0,L05_00054,LEGITIMATE_MULTIPLE_SMALL_TRANSACTIONS,None - repeated small transactions within normal behavioral range,NONE,1,3,7,3538.51,51,0.05,NORMAL_REPEATED_ACTIVITY
L05_000375,344,TRANSFER,502.85,C2098159214,10057.0,9554.15,C_LEGIT_914418893,0.0,502.85,0,0,L05_00054,LEGITIMATE_MULTIPLE_SMALL_TRANSACTIONS,None - repeated small transactions within normal behavioral range,NONE,1,4,7,3538.51,2,0.05,NORMAL_REPEATED_ACTIVITY
L05_000376,354,TRANSFER,477.71,C2098159214,9554.15,9076.44,C_LEGIT_415365591,0.0,477.71,0,0,L05_00054,LEGITIMATE_MULTIPLE_SMALL_TRANSACTIONS,None - repeated small transactions within normal behavioral range,NONE,1,5,7,3538.51,10,0.05,NORMAL_REPEATED_ACTIVITY
L05_000377,362,TRANSFER,453.82,C2098159214,9076.44,8622.62,C_LEGIT_575339713,0.0,453.82,0,0,L05_00054,LEGITIMATE_MULTIPLE_SMALL_TRANSACTIONS,None - repeated small transactions within normal behavioral range,NONE,1,6,7,3538.51,8,0.05,NORMAL_REPEATED_ACTIVITY
L05_000378,376,TRANSFER,431.13,C2098159214,8622.62,8191.49,C_LEGIT_673252585,0.0,431.13,0,0,L05_00054,LEGITIMATE_MULTIPLE_SMALL_TRANSACTIONS,None - repeated small transactions within normal behavioral range,NONE,1,7,7,3538.51,14,0.05,NORMAL_REPEATED_ACTIVITY
L05_000379,274,TRANSFER,207.7,C2024660724,4154.0,3946.3,C_LEGIT_886398388,0.0,207.7,0,0,L05_00055,LEGITIMATE_MULTIPLE_SMALL_TRANSACTIONS,None - repeated small transactions within normal behavioral range,NONE,1,1,7,1253.11,0,0.05,NORMAL_REPEATED_ACTIVITY
L05_000380,287,TRANSFER,197.32,C2024660724,3946.3,3748.98,C_LEGIT_534327110,0.0,197.32,0,0,L05_00055,LEGITIMATE_MULTIPLE_SMALL_TRANSACTIONS,None - repeated small transactions within normal behavioral range,NONE,1,2,7,1253.11,13,0.05,NORMAL_REPEATED_ACTIVITY
L05_000381,298,TRANSFER,187.45,C2024660724,3748.98,3561.53,C_LEGIT_754887454,0.0,187.45,0,0,L05_00055,LEGITIMATE_MULTIPLE_SMALL_TRANSACTIONS,None - repeated small transactions within normal behavioral range,NONE,1,3,7,1253.11,11,0.05,NORMAL_REPEATED_ACTIVITY
L05_000382,299,TRANSFER,178.08,C2024660724,3561.53,3383.45,C_LEGIT_634074501,0.0,178.08,0,0,L05_00055,LEGITIMATE_MULTIPLE_SMALL_TRANSACTIONS,None - repeated small transactions within normal behavioral range,NONE,1,4,7,1253.11,1,0.05,NORMAL_REPEATED_ACTIVITY
L05_000383,304,TRANSFER,169.17,C2024660724,3383.45,3214.28,C_LEGIT_600352712,0.0,169.17,0,0,L05_00055,LEGITIMATE_MULTIPLE_SMALL_TRANSACTIONS,None - repeated small transactions within normal behavioral range,NONE,1,5,7,1253.11,5,0.05,NORMAL_REPEATED_ACTIVITY
L05_000384,331,TRANSFER,160.71,C2024660724,3214.28,3053.57,C_LEGIT_419356651,0.0,160.71,0,0,L05_00055,LEGITIMATE_MULTIPLE_SMALL_TRANSACTIONS,None - repeated small transactions within normal behavioral range,NONE,1,6,7,1253.11,27,0.05,NORMAL_REPEATED_ACTIVITY
L05_000385,335,TRANSFER,152.68,C2024660724,3053.57,2900.89,C_LEGIT_861754824,0.0,152.68,0,0,L05_00055,LEGITIMATE_MULTIPLE_SMALL_TRANSACTIONS,None - repeated small transactions within normal behavioral range,NONE,1,7,7,1253.11,4,0.05,NORMAL_REPEATED_ACTIVITY
L05_000386,399,TRANSFER,996.15,C170382546,19923.0,18926.85,C_LEGIT_154046790,0.0,996.15,0,0,L05_00056,LEGITIMATE_MULTIPLE_SMALL_TRANSACTIONS,None - repeated small transactions within normal behavioral range,NONE,1,1,7,6010.02,0,0.05,NORMAL_REPEATED_ACTIVITY
L05_000387,410,TRANSFER,946.34,C170382546,18926.85,17980.51,C_LEGIT_774159329,0.0,946.34,0,0,L05_00056,LEGITIMATE_MULTIPLE_SMALL_TRANSACTIONS,None - repeated small transactions within normal behavioral range,NONE,1,2,7,6010.02,11,0.05,NORMAL_REPEATED_ACTIVITY
L05_000388,415,TRANSFER,899.03,C170382546,17980.51,17081.48,C_LEGIT_783239029,0.0,899.03,0,0,L05_00056,LEGITIMATE_MULTIPLE_SMALL_TRANSACTIONS,None - repeated small transactions within normal behavioral range,NONE,1,3,7,6010.02,5,0.05,NORMAL_REPEATED_ACTIVITY
L05_000389,423,TRANSFER,854.07,C170382546,17081.48,16227.41,C_LEGIT_111284234,0.0,854.07,0,0,L05_00056,LEGITIMATE_MULTIPLE_SMALL_TRANSACTIONS,None - repeated small transactions within normal behavioral range,NONE,1,4,7,6010.02,8,0.05,NORMAL_REPEATED_ACTIVITY
L05_000390,431,TRANSFER,811.37,C170382546,16227.41,15416.04,C_LEGIT_844883484,0.0,811.37,0,0,L05_00056,LEGITIMATE_MULTIPLE_SMALL_TRANSACTIONS,None - repeated small transactions within normal behavioral range,NONE,1,5,7,6010.02,8,0.05,NORMAL_REPEATED_ACTIVITY
L05_000391,434,TRANSFER,770.8,C170382546,15416.04,14645.24,C_LEGIT_126165704,0.0,770.8,0,0,L05_00056,LEGITIMATE_MULTIPLE_SMALL_TRANSACTIONS,None - repeated small transactions within normal behavioral range,NONE,1,6,7,6010.02,3,0.05,NORMAL_REPEATED_ACTIVITY
L05_000392,445,TRANSFER,732.26,C170382546,14645.24,13912.98,C_LEGIT_126403279,0.0,732.26,0,0,L05_00056,LEGITIMATE_MULTIPLE_SMALL_TRANSACTIONS,None - repeated small transactions within normal behavioral range,NONE,1,7,7,6010.02,11,0.05,NORMAL_REPEATED_ACTIVITY
L05_000393,199,TRANSFER,97648.15,C1910485505,10217980.15,10120332.0,C_LEGIT_386759431,0.0,97648.15,0,0,L05_00057,LEGITIMATE_MULTIPLE_SMALL_TRANSACTIONS,None - repeated small transactions within normal behavioral range,NONE,1,1,7,784162.64,0,0.0096,NORMAL_REPEATED_ACTIVITY
L05_000394,213,TRANSFER,93456.45,C1910485505,10120332.0,10026875.55,C_LEGIT_813032623,0.0,93456.45,0,0,L05_00057,LEGITIMATE_MULTIPLE_SMALL_TRANSACTIONS,None - repeated small transactions within normal behavioral range,NONE,1,2,7,784162.64,14,0.0092,NORMAL_REPEATED_ACTIVITY
L05_000395,217,TRANSFER,100450.74,C1910485505,10026875.55,9926424.81,C_LEGIT_161931860,0.0,100450.74,0,0,L05_00057,LEGITIMATE_MULTIPLE_SMALL_TRANSACTIONS,None - repeated small transactions within normal behavioral range,NONE,1,3,7,784162.64,4,0.01,NORMAL_REPEATED_ACTIVITY
L05_000396,245,TRANSFER,110761.78,C1910485505,9926424.81,9815663.03,C_LEGIT_221030214,0.0,110761.78,0,0,L05_00057,LEGITIMATE_MULTIPLE_SMALL_TRANSACTIONS,None - repeated small transactions within normal behavioral range,NONE,1,4,7,784162.64,28,0.0112,NORMAL_REPEATED_ACTIVITY
L05_000397,270,TRANSFER,130920.01,C1910485505,9815663.03,9684743.02,C_LEGIT_152112935,0.0,130920.01,0,0,L05_00057,LEGITIMATE_MULTIPLE_SMALL_TRANSACTIONS,None - repeated small transactions within normal behavioral range,NONE,1,5,7,784162.64,25,0.0133,NORMAL_REPEATED_ACTIVITY
L05_000398,276,TRANSFER,126433.22,C1910485505,9684743.02,9558309.8,C_LEGIT_897272052,0.0,126433.22,0,0,L05_00057,LEGITIMATE_MULTIPLE_SMALL_TRANSACTIONS,None - repeated small transactions within normal behavioral range,NONE,1,6,7,784162.64,6,0.0131,NORMAL_REPEATED_ACTIVITY
L05_000399,284,TRANSFER,124492.29,C1910485505,9558309.8,9433817.51,C_LEGIT_818702883,0.0,124492.29,0,0,L05_00057,LEGITIMATE_MULTIPLE_SMALL_TRANSACTIONS,None - repeated small transactions within normal behavioral range,NONE,1,7,7,784162.64,8,0.013,NORMAL_REPEATED_ACTIVITY
L05_000400,596,TRANSFER,149691.84,C370370775,6472857.36,6323165.52,C_LEGIT_589640967,0.0,149691.84,0,0,L05_00058,LEGITIMATE_MULTIPLE_SMALL_TRANSACTIONS,None - repeated small transactions within normal behavioral range,NONE,1,1,7,970634.17,0,0.0231,NORMAL_REPEATED_ACTIVITY
L05_000401,604,TRANSFER,169960.21,C370370775,6323165.52,6153205.31,C_LEGIT_661103584,0.0,169960.21,0,0,L05_00058,LEGITIMATE_MULTIPLE_SMALL_TRANSACTIONS,None - repeated small transactions within normal behavioral range,NONE,1,2,7,970634.17,8,0.0269,NORMAL_REPEATED_ACTIVITY
L05_000402,613,TRANSFER,121343.42,C370370775,6153205.31,6031861.89,C_LEGIT_442652812,0.0,121343.42,0,0,L05_00058,LEGITIMATE_MULTIPLE_SMALL_TRANSACTIONS,None - repeated small transactions within normal behavioral range,NONE,1,3,7,970634.17,9,0.0197,NORMAL_REPEATED_ACTIVITY
L05_000403,635,TRANSFER,116026.75,C370370775,6031861.89,5915835.14,C_LEGIT_697049108,0.0,116026.75,0,0,L05_00058,LEGITIMATE_MULTIPLE_SMALL_TRANSACTIONS,None - repeated small transactions within normal behavioral range,NONE,1,4,7,970634.17,22,0.0192,NORMAL_REPEATED_ACTIVITY
L05_000404,640,TRANSFER,118946.27,C370370775,5915835.14,5796888.87,C_LEGIT_683391043,0.0,118946.27,0,0,L05_00058,LEGITIMATE_MULTIPLE_SMALL_TRANSACTIONS,None - repeated small transactions within normal behavioral range,NONE,1,5,7,970634.17,5,0.0201,NORMAL_REPEATED_ACTIVITY
L05_000405,671,TRANSFER,122906.57,C370370775,5796888.87,5673982.3,C_LEGIT_791477108,0.0,122906.57,0,0,L05_00058,LEGITIMATE_MULTIPLE_SMALL_TRANSACTIONS,None - repeated small transactions within normal behavioral range,NONE,1,6,7,970634.17,31,0.0212,NORMAL_REPEATED_ACTIVITY
L05_000406,684,TRANSFER,171759.11,C370370775,5673982.3,5502223.19,C_LEGIT_991031134,0.0,171759.11,0,0,L05_00058,LEGITIMATE_MULTIPLE_SMALL_TRANSACTIONS,None - repeated small transactions within normal behavioral range,NONE,1,7,7,970634.17,13,0.0303,NORMAL_REPEATED_ACTIVITY
L05_000407,34,TRANSFER,3144.55,C524894561,62891.0,59746.45,C_LEGIT_968556816,0.0,3144.55,0,0,L05_00059,LEGITIMATE_MULTIPLE_SMALL_TRANSACTIONS,None - repeated small transactions within normal behavioral range,NONE,1,1,7,18971.87,0,0.05,NORMAL_REPEATED_ACTIVITY
L05_000408,46,TRANSFER,2987.32,C524894561,59746.45,56759.13,C_LEGIT_392402020,0.0,2987.32,0,0,L05_00059,LEGITIMATE_MULTIPLE_SMALL_TRANSACTIONS,None - repeated small transactions within normal behavioral range,NONE,1,2,7,18971.87,12,0.05,NORMAL_REPEATED_ACTIVITY
L05_000409,58,TRANSFER,2837.96,C524894561,56759.13,53921.17,C_LEGIT_548896580,0.0,2837.96,0,0,L05_00059,LEGITIMATE_MULTIPLE_SMALL_TRANSACTIONS,None - repeated small transactions within normal behavioral range,NONE,1,3,7,18971.87,12,0.05,NORMAL_REPEATED_ACTIVITY
L05_000410,101,TRANSFER,2696.06,C524894561,53921.17,51225.11,C_LEGIT_915989387,0.0,2696.06,0,0,L05_00059,LEGITIMATE_MULTIPLE_SMALL_TRANSACTIONS,None - repeated small transactions within normal behavioral range,NONE,1,4,7,18971.87,43,0.05,NORMAL_REPEATED_ACTIVITY
L05_000411,102,TRANSFER,2561.26,C524894561,51225.11,48663.85,C_LEGIT_484633454,0.0,2561.26,0,0,L05_00059,LEGITIMATE_MULTIPLE_SMALL_TRANSACTIONS,None - repeated small transactions within normal behavioral range,NONE,1,5,7,18971.87,1,0.05,NORMAL_REPEATED_ACTIVITY
L05_000412,112,TRANSFER,2433.19,C524894561,48663.85,46230.66,C_LEGIT_430289109,0.0,2433.19,0,0,L05_00059,LEGITIMATE_MULTIPLE_SMALL_TRANSACTIONS,None - repeated small transactions within normal behavioral range,NONE,1,6,7,18971.87,10,0.05,NORMAL_REPEATED_ACTIVITY
L05_000413,113,TRANSFER,2311.53,C524894561,46230.66,43919.13,C_LEGIT_462261067,0.0,2311.53,0,0,L05_00059,LEGITIMATE_MULTIPLE_SMALL_TRANSACTIONS,None - repeated small transactions within normal behavioral range,NONE,1,7,7,18971.87,1,0.05,NORMAL_REPEATED_ACTIVITY
L05_000414,295,TRANSFER,1510.15,C1885634948,30203.0,28692.85,C_LEGIT_219677071,0.0,1510.15,0,0,L05_00060,LEGITIMATE_MULTIPLE_SMALL_TRANSACTIONS,None - repeated small transactions within normal behavioral range,NONE,1,1,7,9111.13,0,0.05,NORMAL_REPEATED_ACTIVITY
L05_000415,325,TRANSFER,1434.64,C1885634948,28692.85,27258.21,C_LEGIT_808011057,0.0,1434.64,0,0,L05_00060,LEGITIMATE_MULTIPLE_SMALL_TRANSACTIONS,None - repeated small transactions within normal behavioral range,NONE,1,2,7,9111.13,30,0.05,NORMAL_REPEATED_ACTIVITY
L05_000416,343,TRANSFER,1362.91,C1885634948,27258.21,25895.3,C_LEGIT_494965024,0.0,1362.91,0,0,L05_00060,LEGITIMATE_MULTIPLE_SMALL_TRANSACTIONS,None - repeated small transactions within normal behavioral range,NONE,1,3,7,9111.13,18,0.05,NORMAL_REPEATED_ACTIVITY
L05_000417,348,TRANSFER,1294.77,C1885634948,25895.3,24600.53,C_LEGIT_189558656,0.0,1294.77,0,0,L05_00060,LEGITIMATE_MULTIPLE_SMALL_TRANSACTIONS,None - repeated small transactions within normal behavioral range,NONE,1,4,7,9111.13,5,0.05,NORMAL_REPEATED_ACTIVITY
L05_000418,352,TRANSFER,1230.03,C1885634948,24600.53,23370.5,C_LEGIT_983699523,0.0,1230.03,0,0,L05_00060,LEGITIMATE_MULTIPLE_SMALL_TRANSACTIONS,None - repeated small transactions within normal behavioral range,NONE,1,5,7,9111.13,4,0.05,NORMAL_REPEATED_ACTIVITY
L05_000419,354,TRANSFER,1168.53,C1885634948,23370.5,22201.97,C_LEGIT_862267452,0.0,1168.53,0,0,L05_00060,LEGITIMATE_MULTIPLE_SMALL_TRANSACTIONS,None - repeated small transactions within normal behavioral range,NONE,1,6,7,9111.13,2,0.05,NORMAL_REPEATED_ACTIVITY
L05_000420,371,TRANSFER,1110.1,C1885634948,22201.97,21091.87,C_LEGIT_616368534,0.0,1110.1,0,0,L05_00060,LEGITIMATE_MULTIPLE_SMALL_TRANSACTIONS,None - repeated small transactions within normal behavioral range,NONE,1,7,7,9111.13,17,0.05,NORMAL_REPEATED_ACTIVITY
L05_000421,302,TRANSFER,670.8,C77802566,13416.0,12745.2,C_LEGIT_594435553,0.0,670.8,0,0,L05_00061,LEGITIMATE_MULTIPLE_SMALL_TRANSACTIONS,None - repeated small transactions within normal behavioral range,NONE,1,1,7,4047.11,0,0.05,NORMAL_REPEATED_ACTIVITY
L05_000422,304,TRANSFER,637.26,C77802566,12745.2,12107.94,C_LEGIT_470250391,0.0,637.26,0,0,L05_00061,LEGITIMATE_MULTIPLE_SMALL_TRANSACTIONS,None - repeated small transactions within normal behavioral range,NONE,1,2,7,4047.11,2,0.05,NORMAL_REPEATED_ACTIVITY
L05_000423,327,TRANSFER,605.4,C77802566,12107.94,11502.54,C_LEGIT_345666170,0.0,605.4,0,0,L05_00061,LEGITIMATE_MULTIPLE_SMALL_TRANSACTIONS,None - repeated small transactions within normal behavioral range,NONE,1,3,7,4047.11,23,0.05,NORMAL_REPEATED_ACTIVITY
L05_000424,349,TRANSFER,575.13,C77802566,11502.54,10927.41,C_LEGIT_576739134,0.0,575.13,0,0,L05_00061,LEGITIMATE_MULTIPLE_SMALL_TRANSACTIONS,None - repeated small transactions within normal behavioral range,NONE,1,4,7,4047.11,22,0.05,NORMAL_REPEATED_ACTIVITY
L05_000425,355,TRANSFER,546.37,C77802566,10927.41,10381.04,C_LEGIT_120495543,0.0,546.37,0,0,L05_00061,LEGITIMATE_MULTIPLE_SMALL_TRANSACTIONS,None - repeated small transactions within normal behavioral range,NONE,1,5,7,4047.11,6,0.05,NORMAL_REPEATED_ACTIVITY
L05_000426,359,TRANSFER,519.05,C77802566,10381.04,9861.99,C_LEGIT_782792819,0.0,519.05,0,0,L05_00061,LEGITIMATE_MULTIPLE_SMALL_TRANSACTIONS,None - repeated small transactions within normal behavioral range,NONE,1,6,7,4047.11,4,0.05,NORMAL_REPEATED_ACTIVITY
L05_000427,376,TRANSFER,493.1,C77802566,9861.99,9368.89,C_LEGIT_690493913,0.0,493.1,0,0,L05_00061,LEGITIMATE_MULTIPLE_SMALL_TRANSACTIONS,None - repeated small transactions within normal behavioral range,NONE,1,7,7,4047.11,17,0.05,NORMAL_REPEATED_ACTIVITY
L05_000428,377,TRANSFER,4955.75,C870830615,99115.0,94159.25,C_LEGIT_182992125,0.0,4955.75,0,0,L05_00062,LEGITIMATE_MULTIPLE_SMALL_TRANSACTIONS,None - repeated small transactions within normal behavioral range,NONE,1,1,7,29899.29,0,0.05,NORMAL_REPEATED_ACTIVITY
L05_000429,385,TRANSFER,4707.96,C870830615,94159.25,89451.29,C_LEGIT_434457151,0.0,4707.96,0,0,L05_00062,LEGITIMATE_MULTIPLE_SMALL_TRANSACTIONS,None - repeated small transactions within normal behavioral range,NONE,1,2,7,29899.29,8,0.05,NORMAL_REPEATED_ACTIVITY
L05_000430,400,TRANSFER,4472.56,C870830615,89451.29,84978.73,C_LEGIT_891740032,0.0,4472.56,0,0,L05_00062,LEGITIMATE_MULTIPLE_SMALL_TRANSACTIONS,None - repeated small transactions within normal behavioral range,NONE,1,3,7,29899.29,15,0.05,NORMAL_REPEATED_ACTIVITY
L05_000431,403,TRANSFER,4248.94,C870830615,84978.73,80729.79,C_LEGIT_432620126,0.0,4248.94,0,0,L05_00062,LEGITIMATE_MULTIPLE_SMALL_TRANSACTIONS,None - repeated small transactions within normal behavioral range,NONE,1,4,7,29899.29,3,0.05,NORMAL_REPEATED_ACTIVITY
L05_000432,420,TRANSFER,4036.49,C870830615,80729.79,76693.3,C_LEGIT_280925519,0.0,4036.49,0,0,L05_00062,LEGITIMATE_MULTIPLE_SMALL_TRANSACTIONS,None - repeated small transactions within normal behavioral range,NONE,1,5,7,29899.29,17,0.05,NORMAL_REPEATED_ACTIVITY
L05_000433,429,TRANSFER,3834.66,C870830615,76693.3,72858.64,C_LEGIT_956182741,0.0,3834.66,0,0,L05_00062,LEGITIMATE_MULTIPLE_SMALL_TRANSACTIONS,None - repeated small transactions within normal behavioral range,NONE,1,6,7,29899.29,9,0.05,NORMAL_REPEATED_ACTIVITY
L05_000434,449,TRANSFER,3642.93,C870830615,72858.64,69215.71,C_LEGIT_484740282,0.0,3642.93,0,0,L05_00062,LEGITIMATE_MULTIPLE_SMALL_TRANSACTIONS,None - repeated small transactions within normal behavioral range,NONE,1,7,7,29899.29,20,0.05,NORMAL_REPEATED_ACTIVITY
L05_000435,189,TRANSFER,6084.85,C457764025,326780.08,320695.23,C_LEGIT_609709678,0.0,6084.85,0,0,L05_00063,LEGITIMATE_MULTIPLE_SMALL_TRANSACTIONS,None - repeated small transactions within normal behavioral range,NONE,1,1,7,49475.38,0,0.0186,NORMAL_REPEATED_ACTIVITY
L05_000436,195,TRANSFER,8468.09,C457764025,320695.23,312227.14,C_LEGIT_998630389,0.0,8468.09,0,0,L05_00063,LEGITIMATE_MULTIPLE_SMALL_TRANSACTIONS,None - repeated small transactions within normal behavioral range,NONE,1,2,7,49475.38,6,0.0264,NORMAL_REPEATED_ACTIVITY
L05_000437,201,TRANSFER,6697.1,C457764025,312227.14,305530.04,C_LEGIT_544600676,0.0,6697.1,0,0,L05_00063,LEGITIMATE_MULTIPLE_SMALL_TRANSACTIONS,None - repeated small transactions within normal behavioral range,NONE,1,3,7,49475.38,6,0.0214,NORMAL_REPEATED_ACTIVITY
L05_000438,217,TRANSFER,6683.77,C457764025,305530.04,298846.27,C_LEGIT_939852840,0.0,6683.77,0,0,L05_00063,LEGITIMATE_MULTIPLE_SMALL_TRANSACTIONS,None - repeated small transactions within normal behavioral range,NONE,1,4,7,49475.38,16,0.0219,NORMAL_REPEATED_ACTIVITY
L05_000439,229,TRANSFER,7539.28,C457764025,298846.27,291306.99,C_LEGIT_391205395,0.0,7539.28,0,0,L05_00063,LEGITIMATE_MULTIPLE_SMALL_TRANSACTIONS,None - repeated small transactions within normal behavioral range,NONE,1,5,7,49475.38,12,0.0252,NORMAL_REPEATED_ACTIVITY
L05_000440,235,TRANSFER,7892.68,C457764025,291306.99,283414.31,C_LEGIT_163593783,0.0,7892.68,0,0,L05_00063,LEGITIMATE_MULTIPLE_SMALL_TRANSACTIONS,None - repeated small transactions within normal behavioral range,NONE,1,6,7,49475.38,6,0.0271,NORMAL_REPEATED_ACTIVITY
L05_000441,266,TRANSFER,6109.61,C457764025,283414.31,277304.7,C_LEGIT_108045720,0.0,6109.61,0,0,L05_00063,LEGITIMATE_MULTIPLE_SMALL_TRANSACTIONS,None - repeated small transactions within normal behavioral range,NONE,1,7,7,49475.38,31,0.0216,NORMAL_REPEATED_ACTIVITY
L05_000442,142,TRANSFER,75584.05,C10483464,17562797.63,17487213.58,C_LEGIT_133540115,0.0,75584.05,0,0,L05_00064,LEGITIMATE_MULTIPLE_SMALL_TRANSACTIONS,None - repeated small transactions within normal behavioral range,NONE,1,1,7,473854.4,0,0.0043,NORMAL_REPEATED_ACTIVITY
L05_000443,151,TRANSFER,71148.64,C10483464,17487213.58,17416064.94,C_LEGIT_532223399,0.0,71148.64,0,0,L05_00064,LEGITIMATE_MULTIPLE_SMALL_TRANSACTIONS,None - repeated small transactions within normal behavioral range,NONE,1,2,7,473854.4,9,0.0041,NORMAL_REPEATED_ACTIVITY
L05_000444,155,TRANSFER,69207.25,C10483464,17416064.94,17346857.69,C_LEGIT_385003206,0.0,69207.25,0,0,L05_00064,LEGITIMATE_MULTIPLE_SMALL_TRANSACTIONS,None - repeated small transactions within normal behavioral range,NONE,1,3,7,473854.4,4,0.004,NORMAL_REPEATED_ACTIVITY
L05_000445,160,TRANSFER,51216.39,C10483464,17346857.69,17295641.3,C_LEGIT_691688984,0.0,51216.39,0,0,L05_00064,LEGITIMATE_MULTIPLE_SMALL_TRANSACTIONS,None - repeated small transactions within normal behavioral range,NONE,1,4,7,473854.4,5,0.003,NORMAL_REPEATED_ACTIVITY
L05_000446,188,TRANSFER,68960.13,C10483464,17295641.3,17226681.17,C_LEGIT_289936403,0.0,68960.13,0,0,L05_00064,LEGITIMATE_MULTIPLE_SMALL_TRANSACTIONS,None - repeated small transactions within normal behavioral range,NONE,1,5,7,473854.4,28,0.004,NORMAL_REPEATED_ACTIVITY
L05_000447,218,TRANSFER,73421.12,C10483464,17226681.17,17153260.05,C_LEGIT_935138431,0.0,73421.12,0,0,L05_00064,LEGITIMATE_MULTIPLE_SMALL_TRANSACTIONS,None - repeated small transactions within normal behavioral range,NONE,1,6,7,473854.4,30,0.0043,NORMAL_REPEATED_ACTIVITY
L05_000448,219,TRANSFER,64316.82,C10483464,17153260.05,17088943.23,C_LEGIT_471908200,0.0,64316.82,0,0,L05_00064,LEGITIMATE_MULTIPLE_SMALL_TRANSACTIONS,None - repeated small transactions within normal behavioral range,NONE,1,7,7,473854.4,1,0.0037,NORMAL_REPEATED_ACTIVITY
L05_000449,425,TRANSFER,5096.3,C535509060,101926.0,96829.7,C_LEGIT_349666974,0.0,5096.3,0,0,L05_00065,LEGITIMATE_MULTIPLE_SMALL_TRANSACTIONS,None - repeated small transactions within normal behavioral range,NONE,1,1,7,30747.27,0,0.05,NORMAL_REPEATED_ACTIVITY
L05_000450,427,TRANSFER,4841.48,C535509060,96829.7,91988.22,C_LEGIT_413014985,0.0,4841.48,0,0,L05_00065,LEGITIMATE_MULTIPLE_SMALL_TRANSACTIONS,None - repeated small transactions within normal behavioral range,NONE,1,2,7,30747.27,2,0.05,NORMAL_REPEATED_ACTIVITY
L05_000451,462,TRANSFER,4599.41,C535509060,91988.22,87388.81,C_LEGIT_464412024,0.0,4599.41,0,0,L05_00065,LEGITIMATE_MULTIPLE_SMALL_TRANSACTIONS,None - repeated small transactions within normal behavioral range,NONE,1,3,7,30747.27,35,0.05,NORMAL_REPEATED_ACTIVITY
L05_000452,481,TRANSFER,4369.44,C535509060,87388.81,83019.37,C_LEGIT_926741847,0.0,4369.44,0,0,L05_00065,LEGITIMATE_MULTIPLE_SMALL_TRANSACTIONS,None - repeated small transactions within normal behavioral range,NONE,1,4,7,30747.27,19,0.05,NORMAL_REPEATED_ACTIVITY
L05_000453,489,TRANSFER,4150.97,C535509060,83019.37,78868.4,C_LEGIT_735138896,0.0,4150.97,0,0,L05_00065,LEGITIMATE_MULTIPLE_SMALL_TRANSACTIONS,None - repeated small transactions within normal behavioral range,NONE,1,5,7,30747.27,8,0.05,NORMAL_REPEATED_ACTIVITY
L05_000454,496,TRANSFER,3943.42,C535509060,78868.4,74924.98,C_LEGIT_744931232,0.0,3943.42,0,0,L05_00065,LEGITIMATE_MULTIPLE_SMALL_TRANSACTIONS,None - repeated small transactions within normal behavioral range,NONE,1,6,7,30747.27,7,0.05,NORMAL_REPEATED_ACTIVITY
L05_000455,498,TRANSFER,3746.25,C535509060,74924.98,71178.73,C_LEGIT_737385820,0.0,3746.25,0,0,L05_00065,LEGITIMATE_MULTIPLE_SMALL_TRANSACTIONS,None - repeated small transactions within normal behavioral range,NONE,1,7,7,30747.27,2,0.05,NORMAL_REPEATED_ACTIVITY
L05_000456,224,TRANSFER,20773.24,C673429806,3293858.04,3273084.8,C_LEGIT_326355194,0.0,20773.24,0,0,L05_00066,LEGITIMATE_MULTIPLE_SMALL_TRANSACTIONS,None - repeated small transactions within normal behavioral range,NONE,1,1,7,136194.21,0,0.0063,NORMAL_REPEATED_ACTIVITY
L05_000457,228,TRANSFER,23197.3,C673429806,3273084.8,3249887.5,C_LEGIT_804594117,0.0,23197.3,0,0,L05_00066,LEGITIMATE_MULTIPLE_SMALL_TRANSACTIONS,None - repeated small transactions within normal behavioral range,NONE,1,2,7,136194.21,4,0.0071,NORMAL_REPEATED_ACTIVITY
L05_000458,242,TRANSFER,20514.27,C673429806,3249887.5,3229373.23,C_LEGIT_430041218,0.0,20514.27,0,0,L05_00066,LEGITIMATE_MULTIPLE_SMALL_TRANSACTIONS,None - repeated small transactions within normal behavioral range,NONE,1,3,7,136194.21,14,0.0063,NORMAL_REPEATED_ACTIVITY
L05_000459,262,TRANSFER,24630.95,C673429806,3229373.23,3204742.28,C_LEGIT_206275810,0.0,24630.95,0,0,L05_00066,LEGITIMATE_MULTIPLE_SMALL_TRANSACTIONS,None - repeated small transactions within normal behavioral range,NONE,1,4,7,136194.21,20,0.0076,NORMAL_REPEATED_ACTIVITY
L05_000460,277,TRANSFER,15346.66,C673429806,3204742.28,3189395.62,C_LEGIT_363642314,0.0,15346.66,0,0,L05_00066,LEGITIMATE_MULTIPLE_SMALL_TRANSACTIONS,None - repeated small transactions within normal behavioral range,NONE,1,5,7,136194.21,15,0.0048,NORMAL_REPEATED_ACTIVITY
L05_000461,288,TRANSFER,15542.63,C673429806,3189395.62,3173852.99,C_LEGIT_295785609,0.0,15542.63,0,0,L05_00066,LEGITIMATE_MULTIPLE_SMALL_TRANSACTIONS,None - repeated small transactions within normal behavioral range,NONE,1,6,7,136194.21,11,0.0049,NORMAL_REPEATED_ACTIVITY
L05_000462,297,TRANSFER,16189.16,C673429806,3173852.99,3157663.83,C_LEGIT_431639968,0.0,16189.16,0,0,L05_00066,LEGITIMATE_MULTIPLE_SMALL_TRANSACTIONS,None - repeated small transactions within normal behavioral range,NONE,1,7,7,136194.21,9,0.0051,NORMAL_REPEATED_ACTIVITY
L05_000463,251,TRANSFER,460.25,C1825866031,9205.0,8744.75,C_LEGIT_560451601,0.0,460.25,0,0,L05_00067,LEGITIMATE_MULTIPLE_SMALL_TRANSACTIONS,None - repeated small transactions within normal behavioral range,NONE,1,1,7,2776.82,0,0.05,NORMAL_REPEATED_ACTIVITY
L05_000464,267,TRANSFER,437.24,C1825866031,8744.75,8307.51,C_LEGIT_161506025,0.0,437.24,0,0,L05_00067,LEGITIMATE_MULTIPLE_SMALL_TRANSACTIONS,None - repeated small transactions within normal behavioral range,NONE,1,2,7,2776.82,16,0.05,NORMAL_REPEATED_ACTIVITY
L05_000465,270,TRANSFER,415.38,C1825866031,8307.51,7892.13,C_LEGIT_454609234,0.0,415.38,0,0,L05_00067,LEGITIMATE_MULTIPLE_SMALL_TRANSACTIONS,None - repeated small transactions within normal behavioral range,NONE,1,3,7,2776.82,3,0.05,NORMAL_REPEATED_ACTIVITY
L05_000466,285,TRANSFER,394.61,C1825866031,7892.13,7497.52,C_LEGIT_336927887,0.0,394.61,0,0,L05_00067,LEGITIMATE_MULTIPLE_SMALL_TRANSACTIONS,None - repeated small transactions within normal behavioral range,NONE,1,4,7,2776.82,15,0.05,NORMAL_REPEATED_ACTIVITY
L05_000467,312,TRANSFER,374.88,C1825866031,7497.52,7122.64,C_LEGIT_229903130,0.0,374.88,0,0,L05_00067,LEGITIMATE_MULTIPLE_SMALL_TRANSACTIONS,None - repeated small transactions within normal behavioral range,NONE,1,5,7,2776.82,27,0.05,NORMAL_REPEATED_ACTIVITY
L05_000468,321,TRANSFER,356.13,C1825866031,7122.64,6766.51,C_LEGIT_214793212,0.0,356.13,0,0,L05_00067,LEGITIMATE_MULTIPLE_SMALL_TRANSACTIONS,None - repeated small transactions within normal behavioral range,NONE,1,6,7,2776.82,9,0.05,NORMAL_REPEATED_ACTIVITY
L05_000469,334,TRANSFER,338.33,C1825866031,6766.51,6428.18,C_LEGIT_286160731,0.0,338.33,0,0,L05_00067,LEGITIMATE_MULTIPLE_SMALL_TRANSACTIONS,None - repeated small transactions within normal behavioral range,NONE,1,7,7,2776.82,13,0.05,NORMAL_REPEATED_ACTIVITY
L05_000470,281,TRANSFER,106248.68,C1988166993,5212897.92,5106649.24,C_LEGIT_780425389,0.0,106248.68,0,0,L05_00068,LEGITIMATE_MULTIPLE_SMALL_TRANSACTIONS,None - repeated small transactions within normal behavioral range,NONE,1,1,7,748715.41,0,0.0204,NORMAL_REPEATED_ACTIVITY
L05_000471,302,TRANSFER,88172.69,C1988166993,5106649.24,5018476.55,C_LEGIT_342014114,0.0,88172.69,0,0,L05_00068,LEGITIMATE_MULTIPLE_SMALL_TRANSACTIONS,None - repeated small transactions within normal behavioral range,NONE,1,2,7,748715.41,21,0.0173,NORMAL_REPEATED_ACTIVITY
L05_000472,318,TRANSFER,103559.56,C1988166993,5018476.55,4914916.99,C_LEGIT_536980108,0.0,103559.56,0,0,L05_00068,LEGITIMATE_MULTIPLE_SMALL_TRANSACTIONS,None - repeated small transactions within normal behavioral range,NONE,1,3,7,748715.41,16,0.0206,NORMAL_REPEATED_ACTIVITY
L05_000473,324,TRANSFER,98992.32,C1988166993,4914916.99,4815924.67,C_LEGIT_343095762,0.0,98992.32,0,0,L05_00068,LEGITIMATE_MULTIPLE_SMALL_TRANSACTIONS,None - repeated small transactions within normal behavioral range,NONE,1,4,7,748715.41,6,0.0201,NORMAL_REPEATED_ACTIVITY
L05_000474,327,TRANSFER,114223.96,C1988166993,4815924.67,4701700.71,C_LEGIT_881778106,0.0,114223.96,0,0,L05_00068,LEGITIMATE_MULTIPLE_SMALL_TRANSACTIONS,None - repeated small transactions within normal behavioral range,NONE,1,5,7,748715.41,3,0.0237,NORMAL_REPEATED_ACTIVITY
L05_000475,350,TRANSFER,115217.16,C1988166993,4701700.71,4586483.55,C_LEGIT_728917784,0.0,115217.16,0,0,L05_00068,LEGITIMATE_MULTIPLE_SMALL_TRANSACTIONS,None - repeated small transactions within normal behavioral range,NONE,1,6,7,748715.41,23,0.0245,NORMAL_REPEATED_ACTIVITY
L05_000476,371,TRANSFER,122301.04,C1988166993,4586483.55,4464182.51,C_LEGIT_936834127,0.0,122301.04,0,0,L05_00068,LEGITIMATE_MULTIPLE_SMALL_TRANSACTIONS,None - repeated small transactions within normal behavioral range,NONE,1,7,7,748715.41,21,0.0267,NORMAL_REPEATED_ACTIVITY
L05_000477,179,TRANSFER,7116.54,C1554959684,142330.8,135214.26,C_LEGIT_617818538,0.0,7116.54,0,0,L05_00069,LEGITIMATE_MULTIPLE_SMALL_TRANSACTIONS,None - repeated small transactions within normal behavioral range,NONE,1,1,7,42935.89,0,0.05,NORMAL_REPEATED_ACTIVITY
L05_000478,185,TRANSFER,6760.71,C1554959684,135214.26,128453.55,C_LEGIT_905621275,0.0,6760.71,0,0,L05_00069,LEGITIMATE_MULTIPLE_SMALL_TRANSACTIONS,None - repeated small transactions within normal behavioral range,NONE,1,2,7,42935.89,6,0.05,NORMAL_REPEATED_ACTIVITY
L05_000479,198,TRANSFER,6422.68,C1554959684,128453.55,122030.87,C_LEGIT_637862033,0.0,6422.68,0,0,L05_00069,LEGITIMATE_MULTIPLE_SMALL_TRANSACTIONS,None - repeated small transactions within normal behavioral range,NONE,1,3,7,42935.89,13,0.05,NORMAL_REPEATED_ACTIVITY
L05_000480,204,TRANSFER,6101.54,C1554959684,122030.87,115929.33,C_LEGIT_261700439,0.0,6101.54,0,0,L05_00069,LEGITIMATE_MULTIPLE_SMALL_TRANSACTIONS,None - repeated small transactions within normal behavioral range,NONE,1,4,7,42935.89,6,0.05,NORMAL_REPEATED_ACTIVITY
L05_000481,206,TRANSFER,5796.47,C1554959684,115929.33,110132.86,C_LEGIT_654706178,0.0,5796.47,0,0,L05_00069,LEGITIMATE_MULTIPLE_SMALL_TRANSACTIONS,None - repeated small transactions within normal behavioral range,NONE,1,5,7,42935.89,2,0.05,NORMAL_REPEATED_ACTIVITY
L05_000482,219,TRANSFER,5506.64,C1554959684,110132.86,104626.22,C_LEGIT_856397863,0.0,5506.64,0,0,L05_00069,LEGITIMATE_MULTIPLE_SMALL_TRANSACTIONS,None - repeated small transactions within normal behavioral range,NONE,1,6,7,42935.89,13,0.05,NORMAL_REPEATED_ACTIVITY
L05_000483,255,TRANSFER,5231.31,C1554959684,104626.22,99394.91,C_LEGIT_904814849,0.0,5231.31,0,0,L05_00069,LEGITIMATE_MULTIPLE_SMALL_TRANSACTIONS,None - repeated small transactions within normal behavioral range,NONE,1,7,7,42935.89,36,0.05,NORMAL_REPEATED_ACTIVITY
L05_000484,20,TRANSFER,56241.87,C1133691946,1124837.43,1068595.56,C_LEGIT_605990520,0.0,56241.87,0,0,L05_00070,LEGITIMATE_MULTIPLE_SMALL_TRANSACTIONS,None - repeated small transactions within normal behavioral range,NONE,1,1,7,339321.5,0,0.05,NORMAL_REPEATED_ACTIVITY
L05_000485,41,TRANSFER,53429.78,C1133691946,1068595.56,1015165.78,C_LEGIT_765517303,0.0,53429.78,0,0,L05_00070,LEGITIMATE_MULTIPLE_SMALL_TRANSACTIONS,None - repeated small transactions within normal behavioral range,NONE,1,2,7,339321.5,21,0.05,NORMAL_REPEATED_ACTIVITY
L05_000486,43,TRANSFER,50758.29,C1133691946,1015165.78,964407.49,C_LEGIT_962998958,0.0,50758.29,0,0,L05_00070,LEGITIMATE_MULTIPLE_SMALL_TRANSACTIONS,None - repeated small transactions within normal behavioral range,NONE,1,3,7,339321.5,2,0.05,NORMAL_REPEATED_ACTIVITY
L05_000487,59,TRANSFER,48220.37,C1133691946,964407.49,916187.12,C_LEGIT_549222251,0.0,48220.37,0,0,L05_00070,LEGITIMATE_MULTIPLE_SMALL_TRANSACTIONS,None - repeated small transactions within normal behavioral range,NONE,1,4,7,339321.5,16,0.05,NORMAL_REPEATED_ACTIVITY
L05_000488,78,TRANSFER,45809.36,C1133691946,916187.12,870377.76,C_LEGIT_694106481,0.0,45809.36,0,0,L05_00070,LEGITIMATE_MULTIPLE_SMALL_TRANSACTIONS,None - repeated small transactions within normal behavioral range,NONE,1,5,7,339321.5,19,0.05,NORMAL_REPEATED_ACTIVITY
L05_000489,89,TRANSFER,43518.89,C1133691946,870377.76,826858.87,C_LEGIT_953039237,0.0,43518.89,0,0,L05_00070,LEGITIMATE_MULTIPLE_SMALL_TRANSACTIONS,None - repeated small transactions within normal behavioral range,NONE,1,6,7,339321.5,11,0.05,NORMAL_REPEATED_ACTIVITY
L05_000490,106,TRANSFER,41342.94,C1133691946,826858.87,785515.93,C_LEGIT_965101440,0.0,41342.94,0,0,L05_00070,LEGITIMATE_MULTIPLE_SMALL_TRANSACTIONS,None - repeated small transactions within normal behavioral range,NONE,1,7,7,339321.5,17,0.05,NORMAL_REPEATED_ACTIVITY
L05_000491,388,TRANSFER,1022.3,C1744986697,20446.0,19423.7,C_LEGIT_400662233,0.0,1022.3,0,0,L05_00071,LEGITIMATE_MULTIPLE_SMALL_TRANSACTIONS,None - repeated small transactions within normal behavioral range,NONE,1,1,7,6167.8,0,0.05,NORMAL_REPEATED_ACTIVITY
L05_000492,400,TRANSFER,971.19,C1744986697,19423.7,18452.51,C_LEGIT_825985570,0.0,971.19,0,0,L05_00071,LEGITIMATE_MULTIPLE_SMALL_TRANSACTIONS,None - repeated small transactions within normal behavioral range,NONE,1,2,7,6167.8,12,0.05,NORMAL_REPEATED_ACTIVITY
L05_000493,421,TRANSFER,922.63,C1744986697,18452.51,17529.88,C_LEGIT_284266088,0.0,922.63,0,0,L05_00071,LEGITIMATE_MULTIPLE_SMALL_TRANSACTIONS,None - repeated small transactions within normal behavioral range,NONE,1,3,7,6167.8,21,0.05,NORMAL_REPEATED_ACTIVITY
L05_000494,439,TRANSFER,876.49,C1744986697,17529.88,16653.39,C_LEGIT_819016774,0.0,876.49,0,0,L05_00071,LEGITIMATE_MULTIPLE_SMALL_TRANSACTIONS,None - repeated small transactions within normal behavioral range,NONE,1,4,7,6167.8,18,0.05,NORMAL_REPEATED_ACTIVITY
L05_000495,441,TRANSFER,832.67,C1744986697,16653.39,15820.72,C_LEGIT_293184512,0.0,832.67,0,0,L05_00071,LEGITIMATE_MULTIPLE_SMALL_TRANSACTIONS,None - repeated small transactions within normal behavioral range,NONE,1,5,7,6167.8,2,0.05,NORMAL_REPEATED_ACTIVITY
L05_000496,445,TRANSFER,791.04,C1744986697,15820.72,15029.68,C_LEGIT_272636729,0.0,791.04,0,0,L05_00071,LEGITIMATE_MULTIPLE_SMALL_TRANSACTIONS,None - repeated small transactions within normal behavioral range,NONE,1,6,7,6167.8,4,0.05,NORMAL_REPEATED_ACTIVITY
L05_000497,473,TRANSFER,751.48,C1744986697,15029.68,14278.2,C_LEGIT_305510512,0.0,751.48,0,0,L05_00071,LEGITIMATE_MULTIPLE_SMALL_TRANSACTIONS,None - repeated small transactions within normal behavioral range,NONE,1,7,7,6167.8,28,0.05,NORMAL_REPEATED_ACTIVITY
L05_000498,196,TRANSFER,38494.53,C1217893724,769890.5,731395.97,C_LEGIT_281816423,0.0,38494.53,0,0,L05_00072,LEGITIMATE_MULTIPLE_SMALL_TRANSACTIONS,None - repeated small transactions within normal behavioral range,NONE,1,1,7,232247.25,0,0.05,NORMAL_REPEATED_ACTIVITY
L05_000499,200,TRANSFER,36569.8,C1217893724,731395.97,694826.17,C_LEGIT_829416943,0.0,36569.8,0,0,L05_00072,LEGITIMATE_MULTIPLE_SMALL_TRANSACTIONS,None - repeated small transactions within normal behavioral range,NONE,1,2,7,232247.25,4,0.05,NORMAL_REPEATED_ACTIVITY
L05_000500,213,TRANSFER,34741.31,C1217893724,694826.17,660084.86,C_LEGIT_890953506,0.0,34741.31,0,0,L05_00072,LEGITIMATE_MULTIPLE_SMALL_TRANSACTIONS,None - repeated small transactions within normal behavioral range,NONE,1,3,7,232247.25,13,0.05,NORMAL_REPEATED_ACTIVITY
L05_000501,231,TRANSFER,33004.24,C1217893724,660084.86,627080.62,C_LEGIT_405098308,0.0,33004.24,0,0,L05_00072,LEGITIMATE_MULTIPLE_SMALL_TRANSACTIONS,None - repeated small transactions within normal behavioral range,NONE,1,4,7,232247.25,18,0.05,NORMAL_REPEATED_ACTIVITY
L05_000502,246,TRANSFER,31354.03,C1217893724,627080.62,595726.59,C_LEGIT_431595965,0.0,31354.03,0,0,L05_00072,LEGITIMATE_MULTIPLE_SMALL_TRANSACTIONS,None - repeated small transactions within normal behavioral range,NONE,1,5,7,232247.25,15,0.05,NORMAL_REPEATED_ACTIVITY
L05_000503,256,TRANSFER,29786.33,C1217893724,595726.59,565940.26,C_LEGIT_994368925,0.0,29786.33,0,0,L05_00072,LEGITIMATE_MULTIPLE_SMALL_TRANSACTIONS,None - repeated small transactions within normal behavioral range,NONE,1,6,7,232247.25,10,0.05,NORMAL_REPEATED_ACTIVITY
L05_000504,268,TRANSFER,28297.01,C1217893724,565940.26,537643.25,C_LEGIT_927261831,0.0,28297.01,0,0,L05_00072,LEGITIMATE_MULTIPLE_SMALL_TRANSACTIONS,None - repeated small transactions within normal behavioral range,NONE,1,7,7,232247.25,12,0.05,NORMAL_REPEATED_ACTIVITY
L05_000505,261,TRANSFER,1744.2,C1252306507,34884.0,33139.8,C_LEGIT_293946743,0.0,1744.2,0,0,L05_00073,LEGITIMATE_MULTIPLE_SMALL_TRANSACTIONS,None - repeated small transactions within normal behavioral range,NONE,1,1,7,10523.2,0,0.05,NORMAL_REPEATED_ACTIVITY
L05_000506,295,TRANSFER,1656.99,C1252306507,33139.8,31482.81,C_LEGIT_131807589,0.0,1656.99,0,0,L05_00073,LEGITIMATE_MULTIPLE_SMALL_TRANSACTIONS,None - repeated small transactions within normal behavioral range,NONE,1,2,7,10523.2,34,0.05,NORMAL_REPEATED_ACTIVITY
L05_000507,306,TRANSFER,1574.14,C1252306507,31482.81,29908.67,C_LEGIT_594459788,0.0,1574.14,0,0,L05_00073,LEGITIMATE_MULTIPLE_SMALL_TRANSACTIONS,None - repeated small transactions within normal behavioral range,NONE,1,3,7,10523.2,11,0.05,NORMAL_REPEATED_ACTIVITY
L05_000508,320,TRANSFER,1495.43,C1252306507,29908.67,28413.24,C_LEGIT_749207177,0.0,1495.43,0,0,L05_00073,LEGITIMATE_MULTIPLE_SMALL_TRANSACTIONS,None - repeated small transactions within normal behavioral range,NONE,1,4,7,10523.2,14,0.05,NORMAL_REPEATED_ACTIVITY
L05_000509,326,TRANSFER,1420.66,C1252306507,28413.24,26992.58,C_LEGIT_184937214,0.0,1420.66,0,0,L05_00073,LEGITIMATE_MULTIPLE_SMALL_TRANSACTIONS,None - repeated small transactions within normal behavioral range,NONE,1,5,7,10523.2,6,0.05,NORMAL_REPEATED_ACTIVITY
L05_000510,332,TRANSFER,1349.63,C1252306507,26992.58,25642.95,C_LEGIT_827060163,0.0,1349.63,0,0,L05_00073,LEGITIMATE_MULTIPLE_SMALL_TRANSACTIONS,None - repeated small transactions within normal behavioral range,NONE,1,6,7,10523.2,6,0.05,NORMAL_REPEATED_ACTIVITY
L05_000511,344,TRANSFER,1282.15,C1252306507,25642.95,24360.8,C_LEGIT_445118307,0.0,1282.15,0,0,L05_00073,LEGITIMATE_MULTIPLE_SMALL_TRANSACTIONS,None - repeated small transactions within normal behavioral range,NONE,1,7,7,10523.2,12,0.05,NORMAL_REPEATED_ACTIVITY
L05_000512,305,TRANSFER,57412.22,C1774850851,17608297.14,17550884.92,C_LEGIT_461357374,0.0,57412.22,0,0,L05_00074,LEGITIMATE_MULTIPLE_SMALL_TRANSACTIONS,None - repeated small transactions within normal behavioral range,NONE,1,1,7,489258.08,0,0.0033,NORMAL_REPEATED_ACTIVITY
L05_000513,315,TRANSFER,73319.45,C1774850851,17550884.92,17477565.47,C_LEGIT_781433047,0.0,73319.45,0,0,L05_00074,LEGITIMATE_MULTIPLE_SMALL_TRANSACTIONS,None - repeated small transactions within normal behavioral range,NONE,1,2,7,489258.08,10,0.0042,NORMAL_REPEATED_ACTIVITY
L05_000514,333,TRANSFER,68724.31,C1774850851,17477565.47,17408841.16,C_LEGIT_904560105,0.0,68724.31,0,0,L05_00074,LEGITIMATE_MULTIPLE_SMALL_TRANSACTIONS,None - repeated small transactions within normal behavioral range,NONE,1,3,7,489258.08,18,0.0039,NORMAL_REPEATED_ACTIVITY
L05_000515,350,TRANSFER,60066.34,C1774850851,17408841.16,17348774.82,C_LEGIT_279438511,0.0,60066.34,0,0,L05_00074,LEGITIMATE_MULTIPLE_SMALL_TRANSACTIONS,None - repeated small transactions within normal behavioral range,NONE,1,4,7,489258.08,17,0.0035,NORMAL_REPEATED_ACTIVITY
L05_000516,357,TRANSFER,69519.62,C1774850851,17348774.82,17279255.2,C_LEGIT_856807788,0.0,69519.62,0,0,L05_00074,LEGITIMATE_MULTIPLE_SMALL_TRANSACTIONS,None - repeated small transactions within normal behavioral range,NONE,1,5,7,489258.08,7,0.004,NORMAL_REPEATED_ACTIVITY
L05_000517,367,TRANSFER,63800.72,C1774850851,17279255.2,17215454.48,C_LEGIT_259779397,0.0,63800.72,0,0,L05_00074,LEGITIMATE_MULTIPLE_SMALL_TRANSACTIONS,None - repeated small transactions within normal behavioral range,NONE,1,6,7,489258.08,10,0.0037,NORMAL_REPEATED_ACTIVITY
L05_000518,378,TRANSFER,96415.42,C1774850851,17215454.48,17119039.06,C_LEGIT_673642812,0.0,96415.42,0,0,L05_00074,LEGITIMATE_MULTIPLE_SMALL_TRANSACTIONS,None - repeated small transactions within normal behavioral range,NONE,1,7,7,489258.08,11,0.0056,NORMAL_REPEATED_ACTIVITY
L05_000519,395,TRANSFER,43251.23,C1749808792,1116370.51,1073119.28,C_LEGIT_504589710,0.0,43251.23,0,0,L05_00075,LEGITIMATE_MULTIPLE_SMALL_TRANSACTIONS,None - repeated small transactions within normal behavioral range,NONE,1,1,7,266059.61,0,0.0387,NORMAL_REPEATED_ACTIVITY
L05_000520,401,TRANSFER,29000.16,C1749808792,1073119.28,1044119.12,C_LEGIT_566152859,0.0,29000.16,0,0,L05_00075,LEGITIMATE_MULTIPLE_SMALL_TRANSACTIONS,None - repeated small transactions within normal behavioral range,NONE,1,2,7,266059.61,6,0.027,NORMAL_REPEATED_ACTIVITY
L05_000521,405,TRANSFER,44118.08,C1749808792,1044119.12,1000001.04,C_LEGIT_360074948,0.0,44118.08,0,0,L05_00075,LEGITIMATE_MULTIPLE_SMALL_TRANSACTIONS,None - repeated small transactions within normal behavioral range,NONE,1,3,7,266059.61,4,0.0423,NORMAL_REPEATED_ACTIVITY
L05_000522,408,TRANSFER,36568.86,C1749808792,1000001.04,963432.18,C_LEGIT_522484524,0.0,36568.86,0,0,L05_00075,LEGITIMATE_MULTIPLE_SMALL_TRANSACTIONS,None - repeated small transactions within normal behavioral range,NONE,1,4,7,266059.61,3,0.0366,NORMAL_REPEATED_ACTIVITY
L05_000523,422,TRANSFER,32984.25,C1749808792,963432.18,930447.93,C_LEGIT_352837646,0.0,32984.25,0,0,L05_00075,LEGITIMATE_MULTIPLE_SMALL_TRANSACTIONS,None - repeated small transactions within normal behavioral range,NONE,1,5,7,266059.61,14,0.0342,NORMAL_REPEATED_ACTIVITY
L05_000524,424,TRANSFER,35383.82,C1749808792,930447.93,895064.11,C_LEGIT_114022788,0.0,35383.82,0,0,L05_00075,LEGITIMATE_MULTIPLE_SMALL_TRANSACTIONS,None - repeated small transactions within normal behavioral range,NONE,1,6,7,266059.61,2,0.038,NORMAL_REPEATED_ACTIVITY
L05_000525,450,TRANSFER,44753.21,C1749808792,895064.11,850310.9,C_LEGIT_810532921,0.0,44753.21,0,0,L05_00075,LEGITIMATE_MULTIPLE_SMALL_TRANSACTIONS,None - repeated small transactions within normal behavioral range,NONE,1,7,7,266059.61,26,0.05,NORMAL_REPEATED_ACTIVITY
L05_000526,693,TRANSFER,3009.75,C1014449987,60195.0,57185.25,C_LEGIT_539990156,0.0,3009.75,0,0,L05_00076,LEGITIMATE_MULTIPLE_SMALL_TRANSACTIONS,None - repeated small transactions within normal behavioral range,NONE,1,1,7,18158.58,0,0.05,NORMAL_REPEATED_ACTIVITY
L05_000527,708,TRANSFER,2859.26,C1014449987,57185.25,54325.99,C_LEGIT_645710859,0.0,2859.26,0,0,L05_00076,LEGITIMATE_MULTIPLE_SMALL_TRANSACTIONS,None - repeated small transactions within normal behavioral range,NONE,1,2,7,18158.58,15,0.05,NORMAL_REPEATED_ACTIVITY
L05_000528,718,TRANSFER,2716.3,C1014449987,54325.99,51609.69,C_LEGIT_517880034,0.0,2716.3,0,0,L05_00076,LEGITIMATE_MULTIPLE_SMALL_TRANSACTIONS,None - repeated small transactions within normal behavioral range,NONE,1,3,7,18158.58,10,0.05,NORMAL_REPEATED_ACTIVITY
L05_000529,734,TRANSFER,2580.48,C1014449987,51609.69,49029.21,C_LEGIT_279045146,0.0,2580.48,0,0,L05_00076,LEGITIMATE_MULTIPLE_SMALL_TRANSACTIONS,None - repeated small transactions within normal behavioral range,NONE,1,4,7,18158.58,16,0.05,NORMAL_REPEATED_ACTIVITY
L05_000530,749,TRANSFER,2451.46,C1014449987,49029.21,46577.75,C_LEGIT_751988498,0.0,2451.46,0,0,L05_00076,LEGITIMATE_MULTIPLE_SMALL_TRANSACTIONS,None - repeated small transactions within normal behavioral range,NONE,1,5,7,18158.58,15,0.05,NORMAL_REPEATED_ACTIVITY
L05_000531,759,TRANSFER,2328.89,C1014449987,46577.75,44248.86,C_LEGIT_350520341,0.0,2328.89,0,0,L05_00076,LEGITIMATE_MULTIPLE_SMALL_TRANSACTIONS,None - repeated small transactions within normal behavioral range,NONE,1,6,7,18158.58,10,0.05,NORMAL_REPEATED_ACTIVITY
L05_000532,760,TRANSFER,2212.44,C1014449987,44248.86,42036.42,C_LEGIT_858263448,0.0,2212.44,0,0,L05_00076,LEGITIMATE_MULTIPLE_SMALL_TRANSACTIONS,None - repeated small transactions within normal behavioral range,NONE,1,7,7,18158.58,1,0.05,NORMAL_REPEATED_ACTIVITY
L05_000533,380,TRANSFER,5021.29,C828572071,100425.75,95404.46,C_LEGIT_496543124,0.0,5021.29,0,0,L05_00077,LEGITIMATE_MULTIPLE_SMALL_TRANSACTIONS,None - repeated small transactions within normal behavioral range,NONE,1,1,7,30294.71,0,0.05,NORMAL_REPEATED_ACTIVITY
L05_000534,388,TRANSFER,4770.22,C828572071,95404.46,90634.24,C_LEGIT_332675384,0.0,4770.22,0,0,L05_00077,LEGITIMATE_MULTIPLE_SMALL_TRANSACTIONS,None - repeated small transactions within normal behavioral range,NONE,1,2,7,30294.71,8,0.05,NORMAL_REPEATED_ACTIVITY
L05_000535,395,TRANSFER,4531.71,C828572071,90634.24,86102.53,C_LEGIT_116561197,0.0,4531.71,0,0,L05_00077,LEGITIMATE_MULTIPLE_SMALL_TRANSACTIONS,None - repeated small transactions within normal behavioral range,NONE,1,3,7,30294.71,7,0.05,NORMAL_REPEATED_ACTIVITY
L05_000536,415,TRANSFER,4305.13,C828572071,86102.53,81797.4,C_LEGIT_249761041,0.0,4305.13,0,0,L05_00077,LEGITIMATE_MULTIPLE_SMALL_TRANSACTIONS,None - repeated small transactions within normal behavioral range,NONE,1,4,7,30294.71,20,0.05,NORMAL_REPEATED_ACTIVITY
L05_000537,416,TRANSFER,4089.87,C828572071,81797.4,77707.53,C_LEGIT_221520700,0.0,4089.87,0,0,L05_00077,LEGITIMATE_MULTIPLE_SMALL_TRANSACTIONS,None - repeated small transactions within normal behavioral range,NONE,1,5,7,30294.71,1,0.05,NORMAL_REPEATED_ACTIVITY
L05_000538,447,TRANSFER,3885.38,C828572071,77707.53,73822.15,C_LEGIT_184830882,0.0,3885.38,0,0,L05_00077,LEGITIMATE_MULTIPLE_SMALL_TRANSACTIONS,None - repeated small transactions within normal behavioral range,NONE,1,6,7,30294.71,31,0.05,NORMAL_REPEATED_ACTIVITY
L05_000539,449,TRANSFER,3691.11,C828572071,73822.15,70131.04,C_LEGIT_690217477,0.0,3691.11,0,0,L05_00077,LEGITIMATE_MULTIPLE_SMALL_TRANSACTIONS,None - repeated small transactions within normal behavioral range,NONE,1,7,7,30294.71,2,0.05,NORMAL_REPEATED_ACTIVITY
L05_000540,380,TRANSFER,582.05,C2145567359,11641.0,11058.95,C_LEGIT_617743719,0.0,582.05,0,0,L05_00078,LEGITIMATE_MULTIPLE_SMALL_TRANSACTIONS,None - repeated small transactions within normal behavioral range,NONE,1,1,7,3511.66,0,0.05,NORMAL_REPEATED_ACTIVITY
L05_000541,391,TRANSFER,552.95,C2145567359,11058.95,10506.0,C_LEGIT_729623788,0.0,552.95,0,0,L05_00078,LEGITIMATE_MULTIPLE_SMALL_TRANSACTIONS,None - repeated small transactions within normal behavioral range,NONE,1,2,7,3511.66,11,0.05,NORMAL_REPEATED_ACTIVITY
L05_000542,398,TRANSFER,525.3,C2145567359,10506.0,9980.7,C_LEGIT_397596947,0.0,525.3,0,0,L05_00078,LEGITIMATE_MULTIPLE_SMALL_TRANSACTIONS,None - repeated small transactions within normal behavioral range,NONE,1,3,7,3511.66,7,0.05,NORMAL_REPEATED_ACTIVITY
L05_000543,442,TRANSFER,499.04,C2145567359,9980.7,9481.66,C_LEGIT_704686588,0.0,499.04,0,0,L05_00078,LEGITIMATE_MULTIPLE_SMALL_TRANSACTIONS,None - repeated small transactions within normal behavioral range,NONE,1,4,7,3511.66,44,0.05,NORMAL_REPEATED_ACTIVITY
L05_000544,452,TRANSFER,474.08,C2145567359,9481.66,9007.58,C_LEGIT_259455110,0.0,474.08,0,0,L05_00078,LEGITIMATE_MULTIPLE_SMALL_TRANSACTIONS,None - repeated small transactions within normal behavioral range,NONE,1,5,7,3511.66,10,0.05,NORMAL_REPEATED_ACTIVITY
L05_000545,465,TRANSFER,450.38,C2145567359,9007.58,8557.2,C_LEGIT_299105029,0.0,450.38,0,0,L05_00078,LEGITIMATE_MULTIPLE_SMALL_TRANSACTIONS,None - repeated small transactions within normal behavioral range,NONE,1,6,7,3511.66,13,0.05,NORMAL_REPEATED_ACTIVITY
L05_000546,470,TRANSFER,427.86,C2145567359,8557.2,8129.34,C_LEGIT_995018460,0.0,427.86,0,0,L05_00078,LEGITIMATE_MULTIPLE_SMALL_TRANSACTIONS,None - repeated small transactions within normal behavioral range,NONE,1,7,7,3511.66,5,0.05,NORMAL_REPEATED_ACTIVITY
L05_000547,219,TRANSFER,8621.7,C920167525,172434.0,163812.3,C_LEGIT_562938584,0.0,8621.7,0,0,L05_00079,LEGITIMATE_MULTIPLE_SMALL_TRANSACTIONS,None - repeated small transactions within normal behavioral range,NONE,1,1,7,52016.9,0,0.05,NORMAL_REPEATED_ACTIVITY
L05_000548,223,TRANSFER,8190.61,C920167525,163812.3,155621.69,C_LEGIT_663219678,0.0,8190.61,0,0,L05_00079,LEGITIMATE_MULTIPLE_SMALL_TRANSACTIONS,None - repeated small transactions within normal behavioral range,NONE,1,2,7,52016.9,4,0.05,NORMAL_REPEATED_ACTIVITY
L05_000549,254,TRANSFER,7781.08,C920167525,155621.69,147840.61,C_LEGIT_843070426,0.0,7781.08,0,0,L05_00079,LEGITIMATE_MULTIPLE_SMALL_TRANSACTIONS,None - repeated small transactions within normal behavioral range,NONE,1,3,7,52016.9,31,0.05,NORMAL_REPEATED_ACTIVITY
L05_000550,296,TRANSFER,7392.03,C920167525,147840.61,140448.58,C_LEGIT_380253349,0.0,7392.03,0,0,L05_00079,LEGITIMATE_MULTIPLE_SMALL_TRANSACTIONS,None - repeated small transactions within normal behavioral range,NONE,1,4,7,52016.9,42,0.05,NORMAL_REPEATED_ACTIVITY
L05_000551,303,TRANSFER,7022.43,C920167525,140448.58,133426.15,C_LEGIT_979788211,0.0,7022.43,0,0,L05_00079,LEGITIMATE_MULTIPLE_SMALL_TRANSACTIONS,None - repeated small transactions within normal behavioral range,NONE,1,5,7,52016.9,7,0.05,NORMAL_REPEATED_ACTIVITY
L05_000552,309,TRANSFER,6671.31,C920167525,133426.15,126754.84,C_LEGIT_898495561,0.0,6671.31,0,0,L05_00079,LEGITIMATE_MULTIPLE_SMALL_TRANSACTIONS,None - repeated small transactions within normal behavioral range,NONE,1,6,7,52016.9,6,0.05,NORMAL_REPEATED_ACTIVITY
L05_000553,310,TRANSFER,6337.74,C920167525,126754.84,120417.1,C_LEGIT_160390070,0.0,6337.74,0,0,L05_00079,LEGITIMATE_MULTIPLE_SMALL_TRANSACTIONS,None - repeated small transactions within normal behavioral range,NONE,1,7,7,52016.9,1,0.05,NORMAL_REPEATED_ACTIVITY
L05_000554,369,TRANSFER,2542.8,C425497746,204077.0,201534.2,C_LEGIT_319152914,0.0,2542.8,0,0,L05_00080,LEGITIMATE_MULTIPLE_SMALL_TRANSACTIONS,None - repeated small transactions within normal behavioral range,NONE,1,1,7,17428.91,0,0.0125,NORMAL_REPEATED_ACTIVITY
L05_000555,373,TRANSFER,2067.96,C425497746,201534.2,199466.24,C_LEGIT_931147885,0.0,2067.96,0,0,L05_00080,LEGITIMATE_MULTIPLE_SMALL_TRANSACTIONS,None - repeated small transactions within normal behavioral range,NONE,1,2,7,17428.91,4,0.0103,NORMAL_REPEATED_ACTIVITY
L05_000556,387,TRANSFER,2556.83,C425497746,199466.24,196909.41,C_LEGIT_351394832,0.0,2556.83,0,0,L05_00080,LEGITIMATE_MULTIPLE_SMALL_TRANSACTIONS,None - repeated small transactions within normal behavioral range,NONE,1,3,7,17428.91,14,0.0128,NORMAL_REPEATED_ACTIVITY
L05_000557,408,TRANSFER,2306.14,C425497746,196909.41,194603.27,C_LEGIT_533541165,0.0,2306.14,0,0,L05_00080,LEGITIMATE_MULTIPLE_SMALL_TRANSACTIONS,None - repeated small transactions within normal behavioral range,NONE,1,4,7,17428.91,21,0.0117,NORMAL_REPEATED_ACTIVITY
L05_000558,416,TRANSFER,2485.11,C425497746,194603.27,192118.16,C_LEGIT_567647768,0.0,2485.11,0,0,L05_00080,LEGITIMATE_MULTIPLE_SMALL_TRANSACTIONS,None - repeated small transactions within normal behavioral range,NONE,1,5,7,17428.91,8,0.0128,NORMAL_REPEATED_ACTIVITY
L05_000559,419,TRANSFER,2303.77,C425497746,192118.16,189814.39,C_LEGIT_788359222,0.0,2303.77,0,0,L05_00080,LEGITIMATE_MULTIPLE_SMALL_TRANSACTIONS,None - repeated small transactions within normal behavioral range,NONE,1,6,7,17428.91,3,0.012,NORMAL_REPEATED_ACTIVITY
L05_000560,438,TRANSFER,3166.3,C425497746,189814.39,186648.09,C_LEGIT_777832199,0.0,3166.3,0,0,L05_00080,LEGITIMATE_MULTIPLE_SMALL_TRANSACTIONS,None - repeated small transactions within normal behavioral range,NONE,1,7,7,17428.91,19,0.0167,NORMAL_REPEATED_ACTIVITY
L05_000561,203,TRANSFER,12355.15,C927755190,247103.0,234747.85,C_LEGIT_926559453,0.0,12355.15,0,0,L05_00081,LEGITIMATE_MULTIPLE_SMALL_TRANSACTIONS,None - repeated small transactions within normal behavioral range,NONE,1,1,7,74541.76,0,0.05,NORMAL_REPEATED_ACTIVITY
L05_000562,204,TRANSFER,11737.39,C927755190,234747.85,223010.46,C_LEGIT_719837794,0.0,11737.39,0,0,L05_00081,LEGITIMATE_MULTIPLE_SMALL_TRANSACTIONS,None - repeated small transactions within normal behavioral range,NONE,1,2,7,74541.76,1,0.05,NORMAL_REPEATED_ACTIVITY
L05_000563,208,TRANSFER,11150.52,C927755190,223010.46,211859.94,C_LEGIT_639440332,0.0,11150.52,0,0,L05_00081,LEGITIMATE_MULTIPLE_SMALL_TRANSACTIONS,None - repeated small transactions within normal behavioral range,NONE,1,3,7,74541.76,4,0.05,NORMAL_REPEATED_ACTIVITY
L05_000564,235,TRANSFER,10593.0,C927755190,211859.94,201266.94,C_LEGIT_329947063,0.0,10593.0,0,0,L05_00081,LEGITIMATE_MULTIPLE_SMALL_TRANSACTIONS,None - repeated small transactions within normal behavioral range,NONE,1,4,7,74541.76,27,0.05,NORMAL_REPEATED_ACTIVITY
L05_000565,254,TRANSFER,10063.35,C927755190,201266.94,191203.59,C_LEGIT_634855778,0.0,10063.35,0,0,L05_00081,LEGITIMATE_MULTIPLE_SMALL_TRANSACTIONS,None - repeated small transactions within normal behavioral range,NONE,1,5,7,74541.76,19,0.05,NORMAL_REPEATED_ACTIVITY
L05_000566,279,TRANSFER,9560.18,C927755190,191203.59,181643.41,C_LEGIT_597668675,0.0,9560.18,0,0,L05_00081,LEGITIMATE_MULTIPLE_SMALL_TRANSACTIONS,None - repeated small transactions within normal behavioral range,NONE,1,6,7,74541.76,25,0.05,NORMAL_REPEATED_ACTIVITY
L05_000567,281,TRANSFER,9082.17,C927755190,181643.41,172561.24,C_LEGIT_165505011,0.0,9082.17,0,0,L05_00081,LEGITIMATE_MULTIPLE_SMALL_TRANSACTIONS,None - repeated small transactions within normal behavioral range,NONE,1,7,7,74541.76,2,0.05,NORMAL_REPEATED_ACTIVITY
L05_000568,254,TRANSFER,4.6,C1909520055,92.0,87.4,C_LEGIT_395325087,0.0,4.6,0,0,L05_00082,LEGITIMATE_MULTIPLE_SMALL_TRANSACTIONS,None - repeated small transactions within normal behavioral range,NONE,1,1,7,27.75,0,0.05,NORMAL_REPEATED_ACTIVITY
L05_000569,261,TRANSFER,4.37,C1909520055,87.4,83.03,C_LEGIT_937540839,0.0,4.37,0,0,L05_00082,LEGITIMATE_MULTIPLE_SMALL_TRANSACTIONS,None - repeated small transactions within normal behavioral range,NONE,1,2,7,27.75,7,0.05,NORMAL_REPEATED_ACTIVITY
L05_000570,269,TRANSFER,4.15,C1909520055,83.03,78.88,C_LEGIT_553913869,0.0,4.15,0,0,L05_00082,LEGITIMATE_MULTIPLE_SMALL_TRANSACTIONS,None - repeated small transactions within normal behavioral range,NONE,1,3,7,27.75,8,0.05,NORMAL_REPEATED_ACTIVITY
L05_000571,270,TRANSFER,3.94,C1909520055,78.88,74.94,C_LEGIT_758995645,0.0,3.94,0,0,L05_00082,LEGITIMATE_MULTIPLE_SMALL_TRANSACTIONS,None - repeated small transactions within normal behavioral range,NONE,1,4,7,27.75,1,0.0499,NORMAL_REPEATED_ACTIVITY
L05_000572,290,TRANSFER,3.75,C1909520055,74.94,71.19,C_LEGIT_803528015,0.0,3.75,0,0,L05_00082,LEGITIMATE_MULTIPLE_SMALL_TRANSACTIONS,None - repeated small transactions within normal behavioral range,NONE,1,5,7,27.75,20,0.05,NORMAL_REPEATED_ACTIVITY
L05_000573,305,TRANSFER,3.56,C1909520055,71.19,67.63,C_LEGIT_109828478,0.0,3.56,0,0,L05_00082,LEGITIMATE_MULTIPLE_SMALL_TRANSACTIONS,None - repeated small transactions within normal behavioral range,NONE,1,6,7,27.75,15,0.05,NORMAL_REPEATED_ACTIVITY
L05_000574,315,TRANSFER,3.38,C1909520055,67.63,64.25,C_LEGIT_621268462,0.0,3.38,0,0,L05_00082,LEGITIMATE_MULTIPLE_SMALL_TRANSACTIONS,None - repeated small transactions within normal behavioral range,NONE,1,7,7,27.75,10,0.05,NORMAL_REPEATED_ACTIVITY
L05_000575,408,TRANSFER,252.45,C1914700640,5049.0,4796.55,C_LEGIT_399443080,0.0,252.45,0,0,L05_00083,LEGITIMATE_MULTIPLE_SMALL_TRANSACTIONS,None - repeated small transactions within normal behavioral range,NONE,1,1,7,1523.09,0,0.05,NORMAL_REPEATED_ACTIVITY
L05_000576,414,TRANSFER,239.83,C1914700640,4796.55,4556.72,C_LEGIT_222972409,0.0,239.83,0,0,L05_00083,LEGITIMATE_MULTIPLE_SMALL_TRANSACTIONS,None - repeated small transactions within normal behavioral range,NONE,1,2,7,1523.09,6,0.05,NORMAL_REPEATED_ACTIVITY
L05_000577,417,TRANSFER,227.84,C1914700640,4556.72,4328.88,C_LEGIT_266399149,0.0,227.84,0,0,L05_00083,LEGITIMATE_MULTIPLE_SMALL_TRANSACTIONS,None - repeated small transactions within normal behavioral range,NONE,1,3,7,1523.09,3,0.05,NORMAL_REPEATED_ACTIVITY
L05_000578,439,TRANSFER,216.44,C1914700640,4328.88,4112.44,C_LEGIT_605981672,0.0,216.44,0,0,L05_00083,LEGITIMATE_MULTIPLE_SMALL_TRANSACTIONS,None - repeated small transactions within normal behavioral range,NONE,1,4,7,1523.09,22,0.05,NORMAL_REPEATED_ACTIVITY
L05_000579,444,TRANSFER,205.62,C1914700640,4112.44,3906.82,C_LEGIT_554435820,0.0,205.62,0,0,L05_00083,LEGITIMATE_MULTIPLE_SMALL_TRANSACTIONS,None - repeated small transactions within normal behavioral range,NONE,1,5,7,1523.09,5,0.05,NORMAL_REPEATED_ACTIVITY
L05_000580,445,TRANSFER,195.34,C1914700640,3906.82,3711.48,C_LEGIT_522702588,0.0,195.34,0,0,L05_00083,LEGITIMATE_MULTIPLE_SMALL_TRANSACTIONS,None - repeated small transactions within normal behavioral range,NONE,1,6,7,1523.09,1,0.05,NORMAL_REPEATED_ACTIVITY
L05_000581,468,TRANSFER,185.57,C1914700640,3711.48,3525.91,C_LEGIT_839524413,0.0,185.57,0,0,L05_00083,LEGITIMATE_MULTIPLE_SMALL_TRANSACTIONS,None - repeated small transactions within normal behavioral range,NONE,1,7,7,1523.09,23,0.05,NORMAL_REPEATED_ACTIVITY
L05_000582,358,TRANSFER,5855.07,C1613862547,117101.47,111246.4,C_LEGIT_704764774,0.0,5855.07,0,0,L05_00084,LEGITIMATE_MULTIPLE_SMALL_TRANSACTIONS,None - repeated small transactions within normal behavioral range,NONE,1,1,7,35325.13,0,0.05,NORMAL_REPEATED_ACTIVITY
L05_000583,359,TRANSFER,5562.32,C1613862547,111246.4,105684.08,C_LEGIT_589557993,0.0,5562.32,0,0,L05_00084,LEGITIMATE_MULTIPLE_SMALL_TRANSACTIONS,None - repeated small transactions within normal behavioral range,NONE,1,2,7,35325.13,1,0.05,NORMAL_REPEATED_ACTIVITY
L05_000584,362,TRANSFER,5284.2,C1613862547,105684.08,100399.88,C_LEGIT_377221863,0.0,5284.2,0,0,L05_00084,LEGITIMATE_MULTIPLE_SMALL_TRANSACTIONS,None - repeated small transactions within normal behavioral range,NONE,1,3,7,35325.13,3,0.05,NORMAL_REPEATED_ACTIVITY
L05_000585,376,TRANSFER,5019.99,C1613862547,100399.88,95379.89,C_LEGIT_264242974,0.0,5019.99,0,0,L05_00084,LEGITIMATE_MULTIPLE_SMALL_TRANSACTIONS,None - repeated small transactions within normal behavioral range,NONE,1,4,7,35325.13,14,0.05,NORMAL_REPEATED_ACTIVITY
L05_000586,385,TRANSFER,4768.99,C1613862547,95379.89,90610.9,C_LEGIT_399484714,0.0,4768.99,0,0,L05_00084,LEGITIMATE_MULTIPLE_SMALL_TRANSACTIONS,None - repeated small transactions within normal behavioral range,NONE,1,5,7,35325.13,9,0.05,NORMAL_REPEATED_ACTIVITY
L05_000587,396,TRANSFER,4530.54,C1613862547,90610.9,86080.36,C_LEGIT_630632402,0.0,4530.54,0,0,L05_00084,LEGITIMATE_MULTIPLE_SMALL_TRANSACTIONS,None - repeated small transactions within normal behavioral range,NONE,1,6,7,35325.13,11,0.05,NORMAL_REPEATED_ACTIVITY
L05_000588,444,TRANSFER,4304.02,C1613862547,86080.36,81776.34,C_LEGIT_563807119,0.0,4304.02,0,0,L05_00084,LEGITIMATE_MULTIPLE_SMALL_TRANSACTIONS,None - repeated small transactions within normal behavioral range,NONE,1,7,7,35325.13,48,0.05,NORMAL_REPEATED_ACTIVITY
L05_000589,157,TRANSFER,6147.15,C1666119410,147871.0,141723.85,C_LEGIT_108455158,0.0,6147.15,0,0,L05_00085,LEGITIMATE_MULTIPLE_SMALL_TRANSACTIONS,None - repeated small transactions within normal behavioral range,NONE,1,1,7,37601.5,0,0.0416,NORMAL_REPEATED_ACTIVITY
L05_000590,168,TRANSFER,4413.7,C1666119410,141723.85,137310.15,C_LEGIT_983527754,0.0,4413.7,0,0,L05_00085,LEGITIMATE_MULTIPLE_SMALL_TRANSACTIONS,None - repeated small transactions within normal behavioral range,NONE,1,2,7,37601.5,11,0.0311,NORMAL_REPEATED_ACTIVITY
L05_000591,171,TRANSFER,4128.47,C1666119410,137310.15,133181.68,C_LEGIT_248104789,0.0,4128.47,0,0,L05_00085,LEGITIMATE_MULTIPLE_SMALL_TRANSACTIONS,None - repeated small transactions within normal behavioral range,NONE,1,3,7,37601.5,3,0.0301,NORMAL_REPEATED_ACTIVITY
L05_000592,176,TRANSFER,6537.78,C1666119410,133181.68,126643.9,C_LEGIT_900059061,0.0,6537.78,0,0,L05_00085,LEGITIMATE_MULTIPLE_SMALL_TRANSACTIONS,None - repeated small transactions within normal behavioral range,NONE,1,4,7,37601.5,5,0.0491,NORMAL_REPEATED_ACTIVITY
L05_000593,198,TRANSFER,5595.24,C1666119410,126643.9,121048.66,C_LEGIT_767092431,0.0,5595.24,0,0,L05_00085,LEGITIMATE_MULTIPLE_SMALL_TRANSACTIONS,None - repeated small transactions within normal behavioral range,NONE,1,5,7,37601.5,22,0.0442,NORMAL_REPEATED_ACTIVITY
L05_000594,202,TRANSFER,5344.6,C1666119410,121048.66,115704.06,C_LEGIT_608355160,0.0,5344.6,0,0,L05_00085,LEGITIMATE_MULTIPLE_SMALL_TRANSACTIONS,None - repeated small transactions within normal behavioral range,NONE,1,6,7,37601.5,4,0.0442,NORMAL_REPEATED_ACTIVITY
L05_000595,240,TRANSFER,5434.56,C1666119410,115704.06,110269.5,C_LEGIT_434405270,0.0,5434.56,0,0,L05_00085,LEGITIMATE_MULTIPLE_SMALL_TRANSACTIONS,None - repeated small transactions within normal behavioral range,NONE,1,7,7,37601.5,38,0.047,NORMAL_REPEATED_ACTIVITY
L05_000596,39,TRANSFER,50.25,C1291638583,1005.0,954.75,C_LEGIT_594944298,0.0,50.25,0,0,L05_00086,LEGITIMATE_MULTIPLE_SMALL_TRANSACTIONS,None - repeated small transactions within normal behavioral range,NONE,1,1,7,303.17,0,0.05,NORMAL_REPEATED_ACTIVITY
L05_000597,49,TRANSFER,47.74,C1291638583,954.75,907.01,C_LEGIT_729544086,0.0,47.74,0,0,L05_00086,LEGITIMATE_MULTIPLE_SMALL_TRANSACTIONS,None - repeated small transactions within normal behavioral range,NONE,1,2,7,303.17,10,0.05,NORMAL_REPEATED_ACTIVITY
L05_000598,50,TRANSFER,45.35,C1291638583,907.01,861.66,C_LEGIT_366323666,0.0,45.35,0,0,L05_00086,LEGITIMATE_MULTIPLE_SMALL_TRANSACTIONS,None - repeated small transactions within normal behavioral range,NONE,1,3,7,303.17,1,0.05,NORMAL_REPEATED_ACTIVITY
L05_000599,75,TRANSFER,43.08,C1291638583,861.66,818.58,C_LEGIT_352201631,0.0,43.08,0,0,L05_00086,LEGITIMATE_MULTIPLE_SMALL_TRANSACTIONS,None - repeated small transactions within normal behavioral range,NONE,1,4,7,303.17,25,0.05,NORMAL_REPEATED_ACTIVITY
L05_000600,107,TRANSFER,40.93,C1291638583,818.58,777.65,C_LEGIT_791096295,0.0,40.93,0,0,L05_00086,LEGITIMATE_MULTIPLE_SMALL_TRANSACTIONS,None - repeated small transactions within normal behavioral range,NONE,1,5,7,303.17,32,0.05,NORMAL_REPEATED_ACTIVITY
L05_000601,112,TRANSFER,38.88,C1291638583,777.65,738.77,C_LEGIT_193257891,0.0,38.88,0,0,L05_00086,LEGITIMATE_MULTIPLE_SMALL_TRANSACTIONS,None - repeated small transactions within normal behavioral range,NONE,1,6,7,303.17,5,0.05,NORMAL_REPEATED_ACTIVITY
L05_000602,114,TRANSFER,36.94,C1291638583,738.77,701.83,C_LEGIT_869430330,0.0,36.94,0,0,L05_00086,LEGITIMATE_MULTIPLE_SMALL_TRANSACTIONS,None - repeated small transactions within normal behavioral range,NONE,1,7,7,303.17,2,0.05,NORMAL_REPEATED_ACTIVITY
L05_000603,58,TRANSFER,73135.39,C1309732974,23603552.49,23530417.1,C_LEGIT_826555181,0.0,73135.39,0,0,L05_00087,LEGITIMATE_MULTIPLE_SMALL_TRANSACTIONS,None - repeated small transactions within normal behavioral range,NONE,1,1,7,476323.01,0,0.0031,NORMAL_REPEATED_ACTIVITY
L05_000604,63,TRANSFER,70021.3,C1309732974,23530417.1,23460395.8,C_LEGIT_971510847,0.0,70021.3,0,0,L05_00087,LEGITIMATE_MULTIPLE_SMALL_TRANSACTIONS,None - repeated small transactions within normal behavioral range,NONE,1,2,7,476323.01,5,0.003,NORMAL_REPEATED_ACTIVITY
L05_000605,69,TRANSFER,59909.16,C1309732974,23460395.8,23400486.64,C_LEGIT_307739744,0.0,59909.16,0,0,L05_00087,LEGITIMATE_MULTIPLE_SMALL_TRANSACTIONS,None - repeated small transactions within normal behavioral range,NONE,1,3,7,476323.01,6,0.0026,NORMAL_REPEATED_ACTIVITY
L05_000606,80,TRANSFER,55299.12,C1309732974,23400486.64,23345187.52,C_LEGIT_217367325,0.0,55299.12,0,0,L05_00087,LEGITIMATE_MULTIPLE_SMALL_TRANSACTIONS,None - repeated small transactions within normal behavioral range,NONE,1,4,7,476323.01,11,0.0024,NORMAL_REPEATED_ACTIVITY
L05_000607,100,TRANSFER,81371.46,C1309732974,23345187.52,23263816.06,C_LEGIT_625920076,0.0,81371.46,0,0,L05_00087,LEGITIMATE_MULTIPLE_SMALL_TRANSACTIONS,None - repeated small transactions within normal behavioral range,NONE,1,5,7,476323.01,20,0.0035,NORMAL_REPEATED_ACTIVITY
L05_000608,121,TRANSFER,81804.95,C1309732974,23263816.06,23182011.11,C_LEGIT_382984864,0.0,81804.95,0,0,L05_00087,LEGITIMATE_MULTIPLE_SMALL_TRANSACTIONS,None - repeated small transactions within normal behavioral range,NONE,1,6,7,476323.01,21,0.0035,NORMAL_REPEATED_ACTIVITY
L05_000609,123,TRANSFER,54781.63,C1309732974,23182011.11,23127229.48,C_LEGIT_481394350,0.0,54781.63,0,0,L05_00087,LEGITIMATE_MULTIPLE_SMALL_TRANSACTIONS,None - repeated small transactions within normal behavioral range,NONE,1,7,7,476323.01,2,0.0024,NORMAL_REPEATED_ACTIVITY
L05_000610,183,TRANSFER,139.75,C1463435664,2795.0,2655.25,C_LEGIT_887841030,0.0,139.75,0,0,L05_00088,LEGITIMATE_MULTIPLE_SMALL_TRANSACTIONS,None - repeated small transactions within normal behavioral range,NONE,1,1,7,843.15,0,0.05,NORMAL_REPEATED_ACTIVITY
L05_000611,194,TRANSFER,132.76,C1463435664,2655.25,2522.49,C_LEGIT_114414648,0.0,132.76,0,0,L05_00088,LEGITIMATE_MULTIPLE_SMALL_TRANSACTIONS,None - repeated small transactions within normal behavioral range,NONE,1,2,7,843.15,11,0.05,NORMAL_REPEATED_ACTIVITY
L05_000612,195,TRANSFER,126.12,C1463435664,2522.49,2396.37,C_LEGIT_306541241,0.0,126.12,0,0,L05_00088,LEGITIMATE_MULTIPLE_SMALL_TRANSACTIONS,None - repeated small transactions within normal behavioral range,NONE,1,3,7,843.15,1,0.05,NORMAL_REPEATED_ACTIVITY
L05_000613,221,TRANSFER,119.82,C1463435664,2396.37,2276.55,C_LEGIT_779693842,0.0,119.82,0,0,L05_00088,LEGITIMATE_MULTIPLE_SMALL_TRANSACTIONS,None - repeated small transactions within normal behavioral range,NONE,1,4,7,843.15,26,0.05,NORMAL_REPEATED_ACTIVITY
L05_000614,226,TRANSFER,113.83,C1463435664,2276.55,2162.72,C_LEGIT_648599926,0.0,113.83,0,0,L05_00088,LEGITIMATE_MULTIPLE_SMALL_TRANSACTIONS,None - repeated small transactions within normal behavioral range,NONE,1,5,7,843.15,5,0.05,NORMAL_REPEATED_ACTIVITY
L05_000615,242,TRANSFER,108.14,C1463435664,2162.72,2054.58,C_LEGIT_412420616,0.0,108.14,0,0,L05_00088,LEGITIMATE_MULTIPLE_SMALL_TRANSACTIONS,None - repeated small transactions within normal behavioral range,NONE,1,6,7,843.15,16,0.05,NORMAL_REPEATED_ACTIVITY
L05_000616,255,TRANSFER,102.73,C1463435664,2054.58,1951.85,C_LEGIT_828853459,0.0,102.73,0,0,L05_00088,LEGITIMATE_MULTIPLE_SMALL_TRANSACTIONS,None - repeated small transactions within normal behavioral range,NONE,1,7,7,843.15,13,0.05,NORMAL_REPEATED_ACTIVITY
L05_000617,33,TRANSFER,71.6,C2017205082,1432.0,1360.4,C_LEGIT_344955645,0.0,71.6,0,0,L05_00089,LEGITIMATE_MULTIPLE_SMALL_TRANSACTIONS,None - repeated small transactions within normal behavioral range,NONE,1,1,7,431.98,0,0.05,NORMAL_REPEATED_ACTIVITY
L05_000618,38,TRANSFER,68.02,C2017205082,1360.4,1292.38,C_LEGIT_854540443,0.0,68.02,0,0,L05_00089,LEGITIMATE_MULTIPLE_SMALL_TRANSACTIONS,None - repeated small transactions within normal behavioral range,NONE,1,2,7,431.98,5,0.05,NORMAL_REPEATED_ACTIVITY
L05_000619,40,TRANSFER,64.62,C2017205082,1292.38,1227.76,C_LEGIT_868983375,0.0,64.62,0,0,L05_00089,LEGITIMATE_MULTIPLE_SMALL_TRANSACTIONS,None - repeated small transactions within normal behavioral range,NONE,1,3,7,431.98,2,0.05,NORMAL_REPEATED_ACTIVITY
L05_000620,57,TRANSFER,61.39,C2017205082,1227.76,1166.37,C_LEGIT_764919453,0.0,61.39,0,0,L05_00089,LEGITIMATE_MULTIPLE_SMALL_TRANSACTIONS,None - repeated small transactions within normal behavioral range,NONE,1,4,7,431.98,17,0.05,NORMAL_REPEATED_ACTIVITY
L05_000621,65,TRANSFER,58.32,C2017205082,1166.37,1108.05,C_LEGIT_155599606,0.0,58.32,0,0,L05_00089,LEGITIMATE_MULTIPLE_SMALL_TRANSACTIONS,None - repeated small transactions within normal behavioral range,NONE,1,5,7,431.98,8,0.05,NORMAL_REPEATED_ACTIVITY
L05_000622,84,TRANSFER,55.4,C2017205082,1108.05,1052.65,C_LEGIT_441592809,0.0,55.4,0,0,L05_00089,LEGITIMATE_MULTIPLE_SMALL_TRANSACTIONS,None - repeated small transactions within normal behavioral range,NONE,1,6,7,431.98,19,0.05,NORMAL_REPEATED_ACTIVITY
L05_000623,107,TRANSFER,52.63,C2017205082,1052.65,1000.02,C_LEGIT_978861329,0.0,52.63,0,0,L05_00089,LEGITIMATE_MULTIPLE_SMALL_TRANSACTIONS,None - repeated small transactions within normal behavioral range,NONE,1,7,7,431.98,23,0.05,NORMAL_REPEATED_ACTIVITY
L05_000624,221,TRANSFER,30981.25,C1765053650,16657617.12,16626635.87,C_LEGIT_152873445,0.0,30981.25,0,0,L05_00090,LEGITIMATE_MULTIPLE_SMALL_TRANSACTIONS,None - repeated small transactions within normal behavioral range,NONE,1,1,7,273674.69,0,0.0019,NORMAL_REPEATED_ACTIVITY
L05_000625,223,TRANSFER,46657.33,C1765053650,16626635.87,16579978.54,C_LEGIT_829759402,0.0,46657.33,0,0,L05_00090,LEGITIMATE_MULTIPLE_SMALL_TRANSACTIONS,None - repeated small transactions within normal behavioral range,NONE,1,2,7,273674.69,2,0.0028,NORMAL_REPEATED_ACTIVITY
L05_000626,247,TRANSFER,43059.13,C1765053650,16579978.54,16536919.41,C_LEGIT_218332281,0.0,43059.13,0,0,L05_00090,LEGITIMATE_MULTIPLE_SMALL_TRANSACTIONS,None - repeated small transactions within normal behavioral range,NONE,1,3,7,273674.69,24,0.0026,NORMAL_REPEATED_ACTIVITY
L05_000627,267,TRANSFER,31183.65,C1765053650,16536919.41,16505735.76,C_LEGIT_547349988,0.0,31183.65,0,0,L05_00090,LEGITIMATE_MULTIPLE_SMALL_TRANSACTIONS,None - repeated small transactions within normal behavioral range,NONE,1,4,7,273674.69,20,0.0019,NORMAL_REPEATED_ACTIVITY
L05_000628,298,TRANSFER,43501.08,C1765053650,16505735.76,16462234.68,C_LEGIT_142934126,0.0,43501.08,0,0,L05_00090,LEGITIMATE_MULTIPLE_SMALL_TRANSACTIONS,None - repeated small transactions within normal behavioral range,NONE,1,5,7,273674.69,31,0.0026,NORMAL_REPEATED_ACTIVITY
L05_000629,306,TRANSFER,41171.7,C1765053650,16462234.68,16421062.98,C_LEGIT_722606572,0.0,41171.7,0,0,L05_00090,LEGITIMATE_MULTIPLE_SMALL_TRANSACTIONS,None - repeated small transactions within normal behavioral range,NONE,1,6,7,273674.69,8,0.0025,NORMAL_REPEATED_ACTIVITY
L05_000630,309,TRANSFER,37120.55,C1765053650,16421062.98,16383942.43,C_LEGIT_667492245,0.0,37120.55,0,0,L05_00090,LEGITIMATE_MULTIPLE_SMALL_TRANSACTIONS,None - repeated small transactions within normal behavioral range,NONE,1,7,7,273674.69,3,0.0023,NORMAL_REPEATED_ACTIVITY
L05_000631,281,TRANSFER,323.53,C458633914,99749.13,99425.6,C_LEGIT_996046374,0.0,323.53,0,0,L05_00091,LEGITIMATE_MULTIPLE_SMALL_TRANSACTIONS,None - repeated small transactions within normal behavioral range,NONE,1,1,7,1980.51,0,0.0032,NORMAL_REPEATED_ACTIVITY
L05_000632,293,TRANSFER,331.44,C458633914,99425.6,99094.16,C_LEGIT_127484705,0.0,331.44,0,0,L05_00091,LEGITIMATE_MULTIPLE_SMALL_TRANSACTIONS,None - repeated small transactions within normal behavioral range,NONE,1,2,7,1980.51,12,0.0033,NORMAL_REPEATED_ACTIVITY
L05_000633,294,TRANSFER,308.0,C458633914,99094.16,98786.16,C_LEGIT_821152005,0.0,308.0,0,0,L05_00091,LEGITIMATE_MULTIPLE_SMALL_TRANSACTIONS,None - repeated small transactions within normal behavioral range,NONE,1,3,7,1980.51,1,0.0031,NORMAL_REPEATED_ACTIVITY
L05_000634,319,TRANSFER,234.51,C458633914,98786.16,98551.65,C_LEGIT_759977524,0.0,234.51,0,0,L05_00091,LEGITIMATE_MULTIPLE_SMALL_TRANSACTIONS,None - repeated small transactions within normal behavioral range,NONE,1,4,7,1980.51,25,0.0024,NORMAL_REPEATED_ACTIVITY
L05_000635,326,TRANSFER,215.43,C458633914,98551.65,98336.22,C_LEGIT_712706371,0.0,215.43,0,0,L05_00091,LEGITIMATE_MULTIPLE_SMALL_TRANSACTIONS,None - repeated small transactions within normal behavioral range,NONE,1,5,7,1980.51,7,0.0022,NORMAL_REPEATED_ACTIVITY
L05_000636,348,TRANSFER,279.04,C458633914,98336.22,98057.18,C_LEGIT_537371894,0.0,279.04,0,0,L05_00091,LEGITIMATE_MULTIPLE_SMALL_TRANSACTIONS,None - repeated small transactions within normal behavioral range,NONE,1,6,7,1980.51,22,0.0028,NORMAL_REPEATED_ACTIVITY
L05_000637,352,TRANSFER,288.56,C458633914,98057.18,97768.62,C_LEGIT_226639617,0.0,288.56,0,0,L05_00091,LEGITIMATE_MULTIPLE_SMALL_TRANSACTIONS,None - repeated small transactions within normal behavioral range,NONE,1,7,7,1980.51,4,0.0029,NORMAL_REPEATED_ACTIVITY
L05_000638,233,TRANSFER,951.95,C455797588,19039.0,18087.05,C_LEGIT_198176857,0.0,951.95,0,0,L05_00092,LEGITIMATE_MULTIPLE_SMALL_TRANSACTIONS,None - repeated small transactions within normal behavioral range,NONE,1,1,7,5743.36,0,0.05,NORMAL_REPEATED_ACTIVITY
L05_000639,262,TRANSFER,904.35,C455797588,18087.05,17182.7,C_LEGIT_761175229,0.0,904.35,0,0,L05_00092,LEGITIMATE_MULTIPLE_SMALL_TRANSACTIONS,None - repeated small transactions within normal behavioral range,NONE,1,2,7,5743.36,29,0.05,NORMAL_REPEATED_ACTIVITY
L05_000640,264,TRANSFER,859.14,C455797588,17182.7,16323.56,C_LEGIT_274963237,0.0,859.14,0,0,L05_00092,LEGITIMATE_MULTIPLE_SMALL_TRANSACTIONS,None - repeated small transactions within normal behavioral range,NONE,1,3,7,5743.36,2,0.05,NORMAL_REPEATED_ACTIVITY
L05_000641,266,TRANSFER,816.18,C455797588,16323.56,15507.38,C_LEGIT_929873359,0.0,816.18,0,0,L05_00092,LEGITIMATE_MULTIPLE_SMALL_TRANSACTIONS,None - repeated small transactions within normal behavioral range,NONE,1,4,7,5743.36,2,0.05,NORMAL_REPEATED_ACTIVITY
L05_000642,268,TRANSFER,775.37,C455797588,15507.38,14732.01,C_LEGIT_397057493,0.0,775.37,0,0,L05_00092,LEGITIMATE_MULTIPLE_SMALL_TRANSACTIONS,None - repeated small transactions within normal behavioral range,NONE,1,5,7,5743.36,2,0.05,NORMAL_REPEATED_ACTIVITY
L05_000643,269,TRANSFER,736.6,C455797588,14732.01,13995.41,C_LEGIT_315773157,0.0,736.6,0,0,L05_00092,LEGITIMATE_MULTIPLE_SMALL_TRANSACTIONS,None - repeated small transactions within normal behavioral range,NONE,1,6,7,5743.36,1,0.05,NORMAL_REPEATED_ACTIVITY
L05_000644,303,TRANSFER,699.77,C455797588,13995.41,13295.64,C_LEGIT_796438747,0.0,699.77,0,0,L05_00092,LEGITIMATE_MULTIPLE_SMALL_TRANSACTIONS,None - repeated small transactions within normal behavioral range,NONE,1,7,7,5743.36,34,0.05,NORMAL_REPEATED_ACTIVITY
L05_000645,55,TRANSFER,77.95,C88194190,1559.0,1481.05,C_LEGIT_707749288,0.0,77.95,0,0,L05_00093,LEGITIMATE_MULTIPLE_SMALL_TRANSACTIONS,None - repeated small transactions within normal behavioral range,NONE,1,1,7,470.29,0,0.05,NORMAL_REPEATED_ACTIVITY
L05_000646,69,TRANSFER,74.05,C88194190,1481.05,1407.0,C_LEGIT_109698411,0.0,74.05,0,0,L05_00093,LEGITIMATE_MULTIPLE_SMALL_TRANSACTIONS,None - repeated small transactions within normal behavioral range,NONE,1,2,7,470.29,14,0.05,NORMAL_REPEATED_ACTIVITY
L05_000647,74,TRANSFER,70.35,C88194190,1407.0,1336.65,C_LEGIT_192511881,0.0,70.35,0,0,L05_00093,LEGITIMATE_MULTIPLE_SMALL_TRANSACTIONS,None - repeated small transactions within normal behavioral range,NONE,1,3,7,470.29,5,0.05,NORMAL_REPEATED_ACTIVITY
L05_000648,79,TRANSFER,66.83,C88194190,1336.65,1269.82,C_LEGIT_496637363,0.0,66.83,0,0,L05_00093,LEGITIMATE_MULTIPLE_SMALL_TRANSACTIONS,None - repeated small transactions within normal behavioral range,NONE,1,4,7,470.29,5,0.05,NORMAL_REPEATED_ACTIVITY
L05_000649,94,TRANSFER,63.49,C88194190,1269.82,1206.33,C_LEGIT_151951082,0.0,63.49,0,0,L05_00093,LEGITIMATE_MULTIPLE_SMALL_TRANSACTIONS,None - repeated small transactions within normal behavioral range,NONE,1,5,7,470.29,15,0.05,NORMAL_REPEATED_ACTIVITY
L05_000650,119,TRANSFER,60.32,C88194190,1206.33,1146.01,C_LEGIT_321853220,0.0,60.32,0,0,L05_00093,LEGITIMATE_MULTIPLE_SMALL_TRANSACTIONS,None - repeated small transactions within normal behavioral range,NONE,1,6,7,470.29,25,0.05,NORMAL_REPEATED_ACTIVITY
L05_000651,143,TRANSFER,57.3,C88194190,1146.01,1088.71,C_LEGIT_149448601,0.0,57.3,0,0,L05_00093,LEGITIMATE_MULTIPLE_SMALL_TRANSACTIONS,None - repeated small transactions within normal behavioral range,NONE,1,7,7,470.29,24,0.05,NORMAL_REPEATED_ACTIVITY
L05_000652,195,TRANSFER,79431.31,C1512335736,2998393.89,2918962.58,C_LEGIT_178643914,0.0,79431.31,0,0,L05_00094,LEGITIMATE_MULTIPLE_SMALL_TRANSACTIONS,None - repeated small transactions within normal behavioral range,NONE,1,1,7,475947.77,0,0.0265,NORMAL_REPEATED_ACTIVITY
L05_000653,203,TRANSFER,61151.63,C1512335736,2918962.58,2857810.95,C_LEGIT_637915762,0.0,61151.63,0,0,L05_00094,LEGITIMATE_MULTIPLE_SMALL_TRANSACTIONS,None - repeated small transactions within normal behavioral range,NONE,1,2,7,475947.77,8,0.0209,NORMAL_REPEATED_ACTIVITY
L05_000654,205,TRANSFER,66911.4,C1512335736,2857810.95,2790899.55,C_LEGIT_329344758,0.0,66911.4,0,0,L05_00094,LEGITIMATE_MULTIPLE_SMALL_TRANSACTIONS,None - repeated small transactions within normal behavioral range,NONE,1,3,7,475947.77,2,0.0234,NORMAL_REPEATED_ACTIVITY
L05_000655,210,TRANSFER,80794.94,C1512335736,2790899.55,2710104.61,C_LEGIT_989267507,0.0,80794.94,0,0,L05_00094,LEGITIMATE_MULTIPLE_SMALL_TRANSACTIONS,None - repeated small transactions within normal behavioral range,NONE,1,4,7,475947.77,5,0.0289,NORMAL_REPEATED_ACTIVITY
L05_000656,241,TRANSFER,70326.94,C1512335736,2710104.61,2639777.67,C_LEGIT_464061207,0.0,70326.94,0,0,L05_00094,LEGITIMATE_MULTIPLE_SMALL_TRANSACTIONS,None - repeated small transactions within normal behavioral range,NONE,1,5,7,475947.77,31,0.0259,NORMAL_REPEATED_ACTIVITY
L05_000657,258,TRANSFER,64746.2,C1512335736,2639777.67,2575031.47,C_LEGIT_152382786,0.0,64746.2,0,0,L05_00094,LEGITIMATE_MULTIPLE_SMALL_TRANSACTIONS,None - repeated small transactions within normal behavioral range,NONE,1,6,7,475947.77,17,0.0245,NORMAL_REPEATED_ACTIVITY
L05_000658,285,TRANSFER,52585.35,C1512335736,2575031.47,2522446.12,C_LEGIT_180380216,0.0,52585.35,0,0,L05_00094,LEGITIMATE_MULTIPLE_SMALL_TRANSACTIONS,None - repeated small transactions within normal behavioral range,NONE,1,7,7,475947.77,27,0.0204,NORMAL_REPEATED_ACTIVITY
L05_000659,36,TRANSFER,1065.1,C1116913950,21302.0,20236.9,C_LEGIT_455788334,0.0,1065.1,0,0,L05_00095,LEGITIMATE_MULTIPLE_SMALL_TRANSACTIONS,None - repeated small transactions within normal behavioral range,NONE,1,1,7,6426.02,0,0.05,NORMAL_REPEATED_ACTIVITY
L05_000660,47,TRANSFER,1011.85,C1116913950,20236.9,19225.05,C_LEGIT_135108521,0.0,1011.85,0,0,L05_00095,LEGITIMATE_MULTIPLE_SMALL_TRANSACTIONS,None - repeated small transactions within normal behavioral range,NONE,1,2,7,6426.02,11,0.05,NORMAL_REPEATED_ACTIVITY
L05_000661,56,TRANSFER,961.25,C1116913950,19225.05,18263.8,C_LEGIT_421241292,0.0,961.25,0,0,L05_00095,LEGITIMATE_MULTIPLE_SMALL_TRANSACTIONS,None - repeated small transactions within normal behavioral range,NONE,1,3,7,6426.02,9,0.05,NORMAL_REPEATED_ACTIVITY
L05_000662,57,TRANSFER,913.19,C1116913950,18263.8,17350.61,C_LEGIT_317076274,0.0,913.19,0,0,L05_00095,LEGITIMATE_MULTIPLE_SMALL_TRANSACTIONS,None - repeated small transactions within normal behavioral range,NONE,1,4,7,6426.02,1,0.05,NORMAL_REPEATED_ACTIVITY
L05_000663,78,TRANSFER,867.53,C1116913950,17350.61,16483.08,C_LEGIT_902796341,0.0,867.53,0,0,L05_00095,LEGITIMATE_MULTIPLE_SMALL_TRANSACTIONS,None - repeated small transactions within normal behavioral range,NONE,1,5,7,6426.02,21,0.05,NORMAL_REPEATED_ACTIVITY
L05_000664,89,TRANSFER,824.15,C1116913950,16483.08,15658.93,C_LEGIT_311893404,0.0,824.15,0,0,L05_00095,LEGITIMATE_MULTIPLE_SMALL_TRANSACTIONS,None - repeated small transactions within normal behavioral range,NONE,1,6,7,6426.02,11,0.05,NORMAL_REPEATED_ACTIVITY
L05_000665,99,TRANSFER,782.95,C1116913950,15658.93,14875.98,C_LEGIT_667873528,0.0,782.95,0,0,L05_00095,LEGITIMATE_MULTIPLE_SMALL_TRANSACTIONS,None - repeated small transactions within normal behavioral range,NONE,1,7,7,6426.02,10,0.05,NORMAL_REPEATED_ACTIVITY
L05_000666,61,TRANSFER,835.0,C1136477563,16700.0,15865.0,C_LEGIT_597674270,0.0,835.0,0,0,L05_00096,LEGITIMATE_MULTIPLE_SMALL_TRANSACTIONS,None - repeated small transactions within normal behavioral range,NONE,1,1,7,5037.77,0,0.05,NORMAL_REPEATED_ACTIVITY
L05_000667,62,TRANSFER,793.25,C1136477563,15865.0,15071.75,C_LEGIT_372374951,0.0,793.25,0,0,L05_00096,LEGITIMATE_MULTIPLE_SMALL_TRANSACTIONS,None - repeated small transactions within normal behavioral range,NONE,1,2,7,5037.77,1,0.05,NORMAL_REPEATED_ACTIVITY
L05_000668,95,TRANSFER,753.59,C1136477563,15071.75,14318.16,C_LEGIT_471476995,0.0,753.59,0,0,L05_00096,LEGITIMATE_MULTIPLE_SMALL_TRANSACTIONS,None - repeated small transactions within normal behavioral range,NONE,1,3,7,5037.77,33,0.05,NORMAL_REPEATED_ACTIVITY
L05_000669,103,TRANSFER,715.91,C1136477563,14318.16,13602.25,C_LEGIT_950534790,0.0,715.91,0,0,L05_00096,LEGITIMATE_MULTIPLE_SMALL_TRANSACTIONS,None - repeated small transactions within normal behavioral range,NONE,1,4,7,5037.77,8,0.05,NORMAL_REPEATED_ACTIVITY
L05_000670,126,TRANSFER,680.11,C1136477563,13602.25,12922.14,C_LEGIT_751796840,0.0,680.11,0,0,L05_00096,LEGITIMATE_MULTIPLE_SMALL_TRANSACTIONS,None - repeated small transactions within normal behavioral range,NONE,1,5,7,5037.77,23,0.05,NORMAL_REPEATED_ACTIVITY
L05_000671,127,TRANSFER,646.11,C1136477563,12922.14,12276.03,C_LEGIT_927330980,0.0,646.11,0,0,L05_00096,LEGITIMATE_MULTIPLE_SMALL_TRANSACTIONS,None - repeated small transactions within normal behavioral range,NONE,1,6,7,5037.77,1,0.05,NORMAL_REPEATED_ACTIVITY
L05_000672,141,TRANSFER,613.8,C1136477563,12276.03,11662.23,C_LEGIT_985443049,0.0,613.8,0,0,L05_00096,LEGITIMATE_MULTIPLE_SMALL_TRANSACTIONS,None - repeated small transactions within normal behavioral range,NONE,1,7,7,5037.77,14,0.05,NORMAL_REPEATED_ACTIVITY
L05_000673,356,TRANSFER,29.9,C634251637,598.0,568.1,C_LEGIT_570113994,0.0,29.9,0,0,L05_00097,LEGITIMATE_MULTIPLE_SMALL_TRANSACTIONS,None - repeated small transactions within normal behavioral range,NONE,1,1,7,180.4,0,0.05,NORMAL_REPEATED_ACTIVITY
L05_000674,394,TRANSFER,28.41,C634251637,568.1,539.69,C_LEGIT_973875607,0.0,28.41,0,0,L05_00097,LEGITIMATE_MULTIPLE_SMALL_TRANSACTIONS,None - repeated small transactions within normal behavioral range,NONE,1,2,7,180.4,38,0.05,NORMAL_REPEATED_ACTIVITY
L05_000675,397,TRANSFER,26.98,C634251637,539.69,512.71,C_LEGIT_629230790,0.0,26.98,0,0,L05_00097,LEGITIMATE_MULTIPLE_SMALL_TRANSACTIONS,None - repeated small transactions within normal behavioral range,NONE,1,3,7,180.4,3,0.05,NORMAL_REPEATED_ACTIVITY
L05_000676,400,TRANSFER,25.64,C634251637,512.71,487.07,C_LEGIT_534536114,0.0,25.64,0,0,L05_00097,LEGITIMATE_MULTIPLE_SMALL_TRANSACTIONS,None - repeated small transactions within normal behavioral range,NONE,1,4,7,180.4,3,0.05,NORMAL_REPEATED_ACTIVITY
L05_000677,424,TRANSFER,24.35,C634251637,487.07,462.72,C_LEGIT_120647355,0.0,24.35,0,0,L05_00097,LEGITIMATE_MULTIPLE_SMALL_TRANSACTIONS,None - repeated small transactions within normal behavioral range,NONE,1,5,7,180.4,24,0.05,NORMAL_REPEATED_ACTIVITY
L05_000678,428,TRANSFER,23.14,C634251637,462.72,439.58,C_LEGIT_712899063,0.0,23.14,0,0,L05_00097,LEGITIMATE_MULTIPLE_SMALL_TRANSACTIONS,None - repeated small transactions within normal behavioral range,NONE,1,6,7,180.4,4,0.05,NORMAL_REPEATED_ACTIVITY
L05_000679,435,TRANSFER,21.98,C634251637,439.58,417.6,C_LEGIT_375645423,0.0,21.98,0,0,L05_00097,LEGITIMATE_MULTIPLE_SMALL_TRANSACTIONS,None - repeated small transactions within normal behavioral range,NONE,1,7,7,180.4,7,0.05,NORMAL_REPEATED_ACTIVITY
L05_000680,188,TRANSFER,402.5,C172572929,8050.0,7647.5,C_LEGIT_979999566,0.0,402.5,0,0,L05_00098,LEGITIMATE_MULTIPLE_SMALL_TRANSACTIONS,None - repeated small transactions within normal behavioral range,NONE,1,1,7,2428.39,0,0.05,NORMAL_REPEATED_ACTIVITY
L05_000681,200,TRANSFER,382.38,C172572929,7647.5,7265.12,C_LEGIT_756095364,0.0,382.38,0,0,L05_00098,LEGITIMATE_MULTIPLE_SMALL_TRANSACTIONS,None - repeated small transactions within normal behavioral range,NONE,1,2,7,2428.39,12,0.05,NORMAL_REPEATED_ACTIVITY
L05_000682,213,TRANSFER,363.26,C172572929,7265.12,6901.86,C_LEGIT_880349269,0.0,363.26,0,0,L05_00098,LEGITIMATE_MULTIPLE_SMALL_TRANSACTIONS,None - repeated small transactions within normal behavioral range,NONE,1,3,7,2428.39,13,0.05,NORMAL_REPEATED_ACTIVITY
L05_000683,227,TRANSFER,345.09,C172572929,6901.86,6556.77,C_LEGIT_990257719,0.0,345.09,0,0,L05_00098,LEGITIMATE_MULTIPLE_SMALL_TRANSACTIONS,None - repeated small transactions within normal behavioral range,NONE,1,4,7,2428.39,14,0.05,NORMAL_REPEATED_ACTIVITY
L05_000684,256,TRANSFER,327.84,C172572929,6556.77,6228.93,C_LEGIT_635432359,0.0,327.84,0,0,L05_00098,LEGITIMATE_MULTIPLE_SMALL_TRANSACTIONS,None - repeated small transactions within normal behavioral range,NONE,1,5,7,2428.39,29,0.05,NORMAL_REPEATED_ACTIVITY
L05_000685,265,TRANSFER,311.45,C172572929,6228.93,5917.48,C_LEGIT_472324313,0.0,311.45,0,0,L05_00098,LEGITIMATE_MULTIPLE_SMALL_TRANSACTIONS,None - repeated small transactions within normal behavioral range,NONE,1,6,7,2428.39,9,0.05,NORMAL_REPEATED_ACTIVITY
L05_000686,271,TRANSFER,295.87,C172572929,5917.48,5621.61,C_LEGIT_873849019,0.0,295.87,0,0,L05_00098,LEGITIMATE_MULTIPLE_SMALL_TRANSACTIONS,None - repeated small transactions within normal behavioral range,NONE,1,7,7,2428.39,6,0.05,NORMAL_REPEATED_ACTIVITY
L05_000687,186,TRANSFER,493.12,C1964814619,9862.47,9369.35,C_LEGIT_701046221,0.0,493.12,0,0,L05_00099,LEGITIMATE_MULTIPLE_SMALL_TRANSACTIONS,None - repeated small transactions within normal behavioral range,NONE,1,1,7,2975.13,0,0.05,NORMAL_REPEATED_ACTIVITY
L05_000688,188,TRANSFER,468.47,C1964814619,9369.35,8900.88,C_LEGIT_364496402,0.0,468.47,0,0,L05_00099,LEGITIMATE_MULTIPLE_SMALL_TRANSACTIONS,None - repeated small transactions within normal behavioral range,NONE,1,2,7,2975.13,2,0.05,NORMAL_REPEATED_ACTIVITY
L05_000689,203,TRANSFER,445.04,C1964814619,8900.88,8455.84,C_LEGIT_927282476,0.0,445.04,0,0,L05_00099,LEGITIMATE_MULTIPLE_SMALL_TRANSACTIONS,None - repeated small transactions within normal behavioral range,NONE,1,3,7,2975.13,15,0.05,NORMAL_REPEATED_ACTIVITY
L05_000690,236,TRANSFER,422.79,C1964814619,8455.84,8033.05,C_LEGIT_185030659,0.0,422.79,0,0,L05_00099,LEGITIMATE_MULTIPLE_SMALL_TRANSACTIONS,None - repeated small transactions within normal behavioral range,NONE,1,4,7,2975.13,33,0.05,NORMAL_REPEATED_ACTIVITY
L05_000691,246,TRANSFER,401.65,C1964814619,8033.05,7631.4,C_LEGIT_433281244,0.0,401.65,0,0,L05_00099,LEGITIMATE_MULTIPLE_SMALL_TRANSACTIONS,None - repeated small transactions within normal behavioral range,NONE,1,5,7,2975.13,10,0.05,NORMAL_REPEATED_ACTIVITY
L05_000692,253,TRANSFER,381.57,C1964814619,7631.4,7249.83,C_LEGIT_939771637,0.0,381.57,0,0,L05_00099,LEGITIMATE_MULTIPLE_SMALL_TRANSACTIONS,None - repeated small transactions within normal behavioral range,NONE,1,6,7,2975.13,7,0.05,NORMAL_REPEATED_ACTIVITY
L05_000693,261,TRANSFER,362.49,C1964814619,7249.83,6887.34,C_LEGIT_677613646,0.0,362.49,0,0,L05_00099,LEGITIMATE_MULTIPLE_SMALL_TRANSACTIONS,None - repeated small transactions within normal behavioral range,NONE,1,7,7,2975.13,8,0.05,NORMAL_REPEATED_ACTIVITY
L05_000694,652,TRANSFER,28983.87,C2091714954,579677.43,550693.56,C_LEGIT_249159526,0.0,28983.87,0,0,L05_00100,LEGITIMATE_MULTIPLE_SMALL_TRANSACTIONS,None - repeated small transactions within normal behavioral range,NONE,1,1,7,174867.06,0,0.05,NORMAL_REPEATED_ACTIVITY
L05_000695,654,TRANSFER,27534.68,C2091714954,550693.56,523158.88,C_LEGIT_102590596,0.0,27534.68,0,0,L05_00100,LEGITIMATE_MULTIPLE_SMALL_TRANSACTIONS,None - repeated small transactions within normal behavioral range,NONE,1,2,7,174867.06,2,0.05,NORMAL_REPEATED_ACTIVITY
L05_000696,668,TRANSFER,26157.94,C2091714954,523158.88,497000.94,C_LEGIT_446991111,0.0,26157.94,0,0,L05_00100,LEGITIMATE_MULTIPLE_SMALL_TRANSACTIONS,None - repeated small transactions within normal behavioral range,NONE,1,3,7,174867.06,14,0.05,NORMAL_REPEATED_ACTIVITY
L05_000697,674,TRANSFER,24850.05,C2091714954,497000.94,472150.89,C_LEGIT_915993525,0.0,24850.05,0,0,L05_00100,LEGITIMATE_MULTIPLE_SMALL_TRANSACTIONS,None - repeated small transactions within normal behavioral range,NONE,1,4,7,174867.06,6,0.05,NORMAL_REPEATED_ACTIVITY
L05_000698,690,TRANSFER,23607.54,C2091714954,472150.89,448543.35,C_LEGIT_658410664,0.0,23607.54,0,0,L05_00100,LEGITIMATE_MULTIPLE_SMALL_TRANSACTIONS,None - repeated small transactions within normal behavioral range,NONE,1,5,7,174867.06,16,0.05,NORMAL_REPEATED_ACTIVITY
L05_000699,703,TRANSFER,22427.17,C2091714954,448543.35,426116.18,C_LEGIT_232582214,0.0,22427.17,0,0,L05_00100,LEGITIMATE_MULTIPLE_SMALL_TRANSACTIONS,None - repeated small transactions within normal behavioral range,NONE,1,6,7,174867.06,13,0.05,NORMAL_REPEATED_ACTIVITY
L05_000700,707,TRANSFER,21305.81,C2091714954,426116.18,404810.37,C_LEGIT_187062026,0.0,21305.81,0,0,L05_00100,LEGITIMATE_MULTIPLE_SMALL_TRANSACTIONS,None - repeated small transactions within normal behavioral range,NONE,1,7,7,174867.06,4,0.05,NORMAL_REPEATED_ACTIVITY
L05_000701,295,TRANSFER,1565.22,C15839868,205858.0,204292.78,C_LEGIT_678931929,0.0,1565.22,0,0,L05_00101,LEGITIMATE_MULTIPLE_SMALL_TRANSACTIONS,None - repeated small transactions within normal behavioral range,NONE,1,1,7,14263.96,0,0.0076,NORMAL_REPEATED_ACTIVITY
L05_000702,304,TRANSFER,2265.72,C15839868,204292.78,202027.06,C_LEGIT_499984331,0.0,2265.72,0,0,L05_00101,LEGITIMATE_MULTIPLE_SMALL_TRANSACTIONS,None - repeated small transactions within normal behavioral range,NONE,1,2,7,14263.96,9,0.0111,NORMAL_REPEATED_ACTIVITY
L05_000703,331,TRANSFER,2449.59,C15839868,202027.06,199577.47,C_LEGIT_802777877,0.0,2449.59,0,0,L05_00101,LEGITIMATE_MULTIPLE_SMALL_TRANSACTIONS,None - repeated small transactions within normal behavioral range,NONE,1,3,7,14263.96,27,0.0121,NORMAL_REPEATED_ACTIVITY
L05_000704,350,TRANSFER,1818.44,C15839868,199577.47,197759.03,C_LEGIT_442341144,0.0,1818.44,0,0,L05_00101,LEGITIMATE_MULTIPLE_SMALL_TRANSACTIONS,None - repeated small transactions within normal behavioral range,NONE,1,4,7,14263.96,19,0.0091,NORMAL_REPEATED_ACTIVITY
L05_000705,366,TRANSFER,2466.67,C15839868,197759.03,195292.36,C_LEGIT_316512470,0.0,2466.67,0,0,L05_00101,LEGITIMATE_MULTIPLE_SMALL_TRANSACTIONS,None - repeated small transactions within normal behavioral range,NONE,1,5,7,14263.96,16,0.0125,NORMAL_REPEATED_ACTIVITY
L05_000706,375,TRANSFER,2093.63,C15839868,195292.36,193198.73,C_LEGIT_105257127,0.0,2093.63,0,0,L05_00101,LEGITIMATE_MULTIPLE_SMALL_TRANSACTIONS,None - repeated small transactions within normal behavioral range,NONE,1,6,7,14263.96,9,0.0107,NORMAL_REPEATED_ACTIVITY
L05_000707,377,TRANSFER,1604.69,C15839868,193198.73,191594.04,C_LEGIT_203288973,0.0,1604.69,0,0,L05_00101,LEGITIMATE_MULTIPLE_SMALL_TRANSACTIONS,None - repeated small transactions within normal behavioral range,NONE,1,7,7,14263.96,2,0.0083,NORMAL_REPEATED_ACTIVITY
L05_000708,425,TRANSFER,6.95,C36113906,139.0,132.05,C_LEGIT_800493537,0.0,6.95,0,0,L05_00102,LEGITIMATE_MULTIPLE_SMALL_TRANSACTIONS,None - repeated small transactions within normal behavioral range,NONE,1,1,7,41.93,0,0.05,NORMAL_REPEATED_ACTIVITY
L05_000709,448,TRANSFER,6.6,C36113906,132.05,125.45,C_LEGIT_323202414,0.0,6.6,0,0,L05_00102,LEGITIMATE_MULTIPLE_SMALL_TRANSACTIONS,None - repeated small transactions within normal behavioral range,NONE,1,2,7,41.93,23,0.05,NORMAL_REPEATED_ACTIVITY
L05_000710,456,TRANSFER,6.27,C36113906,125.45,119.18,C_LEGIT_358581387,0.0,6.27,0,0,L05_00102,LEGITIMATE_MULTIPLE_SMALL_TRANSACTIONS,None - repeated small transactions within normal behavioral range,NONE,1,3,7,41.93,8,0.05,NORMAL_REPEATED_ACTIVITY
L05_000711,465,TRANSFER,5.96,C36113906,119.18,113.22,C_LEGIT_446083527,0.0,5.96,0,0,L05_00102,LEGITIMATE_MULTIPLE_SMALL_TRANSACTIONS,None - repeated small transactions within normal behavioral range,NONE,1,4,7,41.93,9,0.05,NORMAL_REPEATED_ACTIVITY
L05_000712,475,TRANSFER,5.66,C36113906,113.22,107.56,C_LEGIT_211363024,0.0,5.66,0,0,L05_00102,LEGITIMATE_MULTIPLE_SMALL_TRANSACTIONS,None - repeated small transactions within normal behavioral range,NONE,1,5,7,41.93,10,0.05,NORMAL_REPEATED_ACTIVITY
L05_000713,484,TRANSFER,5.38,C36113906,107.56,102.18,C_LEGIT_429848559,0.0,5.38,0,0,L05_00102,LEGITIMATE_MULTIPLE_SMALL_TRANSACTIONS,None - repeated small transactions within normal behavioral range,NONE,1,6,7,41.93,9,0.05,NORMAL_REPEATED_ACTIVITY
L05_000714,499,TRANSFER,5.11,C36113906,102.18,97.07,C_LEGIT_858582480,0.0,5.11,0,0,L05_00102,LEGITIMATE_MULTIPLE_SMALL_TRANSACTIONS,None - repeated small transactions within normal behavioral range,NONE,1,7,7,41.93,15,0.05,NORMAL_REPEATED_ACTIVITY
L05_000715,320,TRANSFER,495.05,C1395639649,9901.0,9405.95,C_LEGIT_919462671,0.0,495.05,0,0,L05_00103,LEGITIMATE_MULTIPLE_SMALL_TRANSACTIONS,None - repeated small transactions within normal behavioral range,NONE,1,1,7,2986.76,0,0.05,NORMAL_REPEATED_ACTIVITY
L05_000716,328,TRANSFER,470.3,C1395639649,9405.95,8935.65,C_LEGIT_864110571,0.0,470.3,0,0,L05_00103,LEGITIMATE_MULTIPLE_SMALL_TRANSACTIONS,None - repeated small transactions within normal behavioral range,NONE,1,2,7,2986.76,8,0.05,NORMAL_REPEATED_ACTIVITY
L05_000717,329,TRANSFER,446.78,C1395639649,8935.65,8488.87,C_LEGIT_914269256,0.0,446.78,0,0,L05_00103,LEGITIMATE_MULTIPLE_SMALL_TRANSACTIONS,None - repeated small transactions within normal behavioral range,NONE,1,3,7,2986.76,1,0.05,NORMAL_REPEATED_ACTIVITY
L05_000718,340,TRANSFER,424.44,C1395639649,8488.87,8064.43,C_LEGIT_402447595,0.0,424.44,0,0,L05_00103,LEGITIMATE_MULTIPLE_SMALL_TRANSACTIONS,None - repeated small transactions within normal behavioral range,NONE,1,4,7,2986.76,11,0.05,NORMAL_REPEATED_ACTIVITY
L05_000719,347,TRANSFER,403.22,C1395639649,8064.43,7661.21,C_LEGIT_230365075,0.0,403.22,0,0,L05_00103,LEGITIMATE_MULTIPLE_SMALL_TRANSACTIONS,None - repeated small transactions within normal behavioral range,NONE,1,5,7,2986.76,7,0.05,NORMAL_REPEATED_ACTIVITY
L05_000720,351,TRANSFER,383.06,C1395639649,7661.21,7278.15,C_LEGIT_236314667,0.0,383.06,0,0,L05_00103,LEGITIMATE_MULTIPLE_SMALL_TRANSACTIONS,None - repeated small transactions within normal behavioral range,NONE,1,6,7,2986.76,4,0.05,NORMAL_REPEATED_ACTIVITY
L05_000721,367,TRANSFER,363.91,C1395639649,7278.15,6914.24,C_LEGIT_480331113,0.0,363.91,0,0,L05_00103,LEGITIMATE_MULTIPLE_SMALL_TRANSACTIONS,None - repeated small transactions within normal behavioral range,NONE,1,7,7,2986.76,16,0.05,NORMAL_REPEATED_ACTIVITY
L05_000722,177,TRANSFER,2890.36,C1117713000,149311.0,146420.64,C_LEGIT_499175129,0.0,2890.36,0,0,L05_00104,LEGITIMATE_MULTIPLE_SMALL_TRANSACTIONS,None - repeated small transactions within normal behavioral range,NONE,1,1,7,23420.77,0,0.0194,NORMAL_REPEATED_ACTIVITY
L05_000723,181,TRANSFER,3772.68,C1117713000,146420.64,142647.96,C_LEGIT_882388509,0.0,3772.68,0,0,L05_00104,LEGITIMATE_MULTIPLE_SMALL_TRANSACTIONS,None - repeated small transactions within normal behavioral range,NONE,1,2,7,23420.77,4,0.0258,NORMAL_REPEATED_ACTIVITY
L05_000724,213,TRANSFER,4534.67,C1117713000,142647.96,138113.29,C_LEGIT_796864657,0.0,4534.67,0,0,L05_00104,LEGITIMATE_MULTIPLE_SMALL_TRANSACTIONS,None - repeated small transactions within normal behavioral range,NONE,1,3,7,23420.77,32,0.0318,NORMAL_REPEATED_ACTIVITY
L05_000725,215,TRANSFER,2792.94,C1117713000,138113.29,135320.35,C_LEGIT_323822447,0.0,2792.94,0,0,L05_00104,LEGITIMATE_MULTIPLE_SMALL_TRANSACTIONS,None - repeated small transactions within normal behavioral range,NONE,1,4,7,23420.77,2,0.0202,NORMAL_REPEATED_ACTIVITY
L05_000726,249,TRANSFER,3215.99,C1117713000,135320.35,132104.36,C_LEGIT_687450808,0.0,3215.99,0,0,L05_00104,LEGITIMATE_MULTIPLE_SMALL_TRANSACTIONS,None - repeated small transactions within normal behavioral range,NONE,1,5,7,23420.77,34,0.0238,NORMAL_REPEATED_ACTIVITY
L05_000727,254,TRANSFER,3103.57,C1117713000,132104.36,129000.79,C_LEGIT_380637808,0.0,3103.57,0,0,L05_00104,LEGITIMATE_MULTIPLE_SMALL_TRANSACTIONS,None - repeated small transactions within normal behavioral range,NONE,1,6,7,23420.77,5,0.0235,NORMAL_REPEATED_ACTIVITY
L05_000728,255,TRANSFER,3110.56,C1117713000,129000.79,125890.23,C_LEGIT_955257448,0.0,3110.56,0,0,L05_00104,LEGITIMATE_MULTIPLE_SMALL_TRANSACTIONS,None - repeated small transactions within normal behavioral range,NONE,1,7,7,23420.77,1,0.0241,NORMAL_REPEATED_ACTIVITY
L05_000729,227,TRANSFER,91090.95,C1879865488,19175286.33,19084195.38,C_LEGIT_983730646,0.0,91090.95,0,0,L05_00105,LEGITIMATE_MULTIPLE_SMALL_TRANSACTIONS,None - repeated small transactions within normal behavioral range,NONE,1,1,7,705592.96,0,0.0048,NORMAL_REPEATED_ACTIVITY
L05_000730,237,TRANSFER,84779.92,C1879865488,19084195.38,18999415.46,C_LEGIT_805183992,0.0,84779.92,0,0,L05_00105,LEGITIMATE_MULTIPLE_SMALL_TRANSACTIONS,None - repeated small transactions within normal behavioral range,NONE,1,2,7,705592.96,10,0.0044,NORMAL_REPEATED_ACTIVITY
L05_000731,252,TRANSFER,117410.54,C1879865488,18999415.46,18882004.92,C_LEGIT_921733010,0.0,117410.54,0,0,L05_00105,LEGITIMATE_MULTIPLE_SMALL_TRANSACTIONS,None - repeated small transactions within normal behavioral range,NONE,1,3,7,705592.96,15,0.0062,NORMAL_REPEATED_ACTIVITY
L05_000732,260,TRANSFER,90333.6,C1879865488,18882004.92,18791671.32,C_LEGIT_929026176,0.0,90333.6,0,0,L05_00105,LEGITIMATE_MULTIPLE_SMALL_TRANSACTIONS,None - repeated small transactions within normal behavioral range,NONE,1,4,7,705592.96,8,0.0048,NORMAL_REPEATED_ACTIVITY
L05_000733,270,TRANSFER,110996.76,C1879865488,18791671.32,18680674.56,C_LEGIT_800822481,0.0,110996.76,0,0,L05_00105,LEGITIMATE_MULTIPLE_SMALL_TRANSACTIONS,None - repeated small transactions within normal behavioral range,NONE,1,5,7,705592.96,10,0.0059,NORMAL_REPEATED_ACTIVITY
L05_000734,297,TRANSFER,124608.08,C1879865488,18680674.56,18556066.48,C_LEGIT_662385105,0.0,124608.08,0,0,L05_00105,LEGITIMATE_MULTIPLE_SMALL_TRANSACTIONS,None - repeated small transactions within normal behavioral range,NONE,1,6,7,705592.96,27,0.0067,NORMAL_REPEATED_ACTIVITY
L05_000735,313,TRANSFER,86373.11,C1879865488,18556066.48,18469693.37,C_LEGIT_586521718,0.0,86373.11,0,0,L05_00105,LEGITIMATE_MULTIPLE_SMALL_TRANSACTIONS,None - repeated small transactions within normal behavioral range,NONE,1,7,7,705592.96,16,0.0047,NORMAL_REPEATED_ACTIVITY
L05_000736,22,TRANSFER,4559.36,C1753059814,8023577.18,8019017.82,C_LEGIT_879355276,0.0,4559.36,0,0,L05_00106,LEGITIMATE_MULTIPLE_SMALL_TRANSACTIONS,None - repeated small transactions within normal behavioral range,NONE,1,1,7,31902.05,0,0.0006,NORMAL_REPEATED_ACTIVITY
L05_000737,26,TRANSFER,5134.45,C1753059814,8019017.82,8013883.37,C_LEGIT_698464139,0.0,5134.45,0,0,L05_00106,LEGITIMATE_MULTIPLE_SMALL_TRANSACTIONS,None - repeated small transactions within normal behavioral range,NONE,1,2,7,31902.05,4,0.0006,NORMAL_REPEATED_ACTIVITY
L05_000738,35,TRANSFER,3908.92,C1753059814,8013883.37,8009974.45,C_LEGIT_382056852,0.0,3908.92,0,0,L05_00106,LEGITIMATE_MULTIPLE_SMALL_TRANSACTIONS,None - repeated small transactions within normal behavioral range,NONE,1,3,7,31902.05,9,0.0005,NORMAL_REPEATED_ACTIVITY
L05_000739,37,TRANSFER,5560.4,C1753059814,8009974.45,8004414.05,C_LEGIT_824337966,0.0,5560.4,0,0,L05_00106,LEGITIMATE_MULTIPLE_SMALL_TRANSACTIONS,None - repeated small transactions within normal behavioral range,NONE,1,4,7,31902.05,2,0.0007,NORMAL_REPEATED_ACTIVITY
L05_000740,90,TRANSFER,4093.46,C1753059814,8004414.05,8000320.59,C_LEGIT_153973265,0.0,4093.46,0,0,L05_00106,LEGITIMATE_MULTIPLE_SMALL_TRANSACTIONS,None - repeated small transactions within normal behavioral range,NONE,1,5,7,31902.05,53,0.0005,NORMAL_REPEATED_ACTIVITY
L05_000741,93,TRANSFER,3692.52,C1753059814,8000320.59,7996628.07,C_LEGIT_195970462,0.0,3692.52,0,0,L05_00106,LEGITIMATE_MULTIPLE_SMALL_TRANSACTIONS,None - repeated small transactions within normal behavioral range,NONE,1,6,7,31902.05,3,0.0005,NORMAL_REPEATED_ACTIVITY
L05_000742,95,TRANSFER,4952.94,C1753059814,7996628.07,7991675.13,C_LEGIT_772929542,0.0,4952.94,0,0,L05_00106,LEGITIMATE_MULTIPLE_SMALL_TRANSACTIONS,None - repeated small transactions within normal behavioral range,NONE,1,7,7,31902.05,2,0.0006,NORMAL_REPEATED_ACTIVITY
L05_000743,214,TRANSFER,5036.25,C936194930,100725.0,95688.75,C_LEGIT_682124631,0.0,5036.25,0,0,L05_00107,LEGITIMATE_MULTIPLE_SMALL_TRANSACTIONS,None - repeated small transactions within normal behavioral range,NONE,1,1,7,30384.98,0,0.05,NORMAL_REPEATED_ACTIVITY
L05_000744,217,TRANSFER,4784.44,C936194930,95688.75,90904.31,C_LEGIT_250483493,0.0,4784.44,0,0,L05_00107,LEGITIMATE_MULTIPLE_SMALL_TRANSACTIONS,None - repeated small transactions within normal behavioral range,NONE,1,2,7,30384.98,3,0.05,NORMAL_REPEATED_ACTIVITY
L05_000745,226,TRANSFER,4545.22,C936194930,90904.31,86359.09,C_LEGIT_244954472,0.0,4545.22,0,0,L05_00107,LEGITIMATE_MULTIPLE_SMALL_TRANSACTIONS,None - repeated small transactions within normal behavioral range,NONE,1,3,7,30384.98,9,0.05,NORMAL_REPEATED_ACTIVITY
L05_000746,244,TRANSFER,4317.95,C936194930,86359.09,82041.14,C_LEGIT_488078520,0.0,4317.95,0,0,L05_00107,LEGITIMATE_MULTIPLE_SMALL_TRANSACTIONS,None - repeated small transactions within normal behavioral range,NONE,1,4,7,30384.98,18,0.05,NORMAL_REPEATED_ACTIVITY
L05_000747,258,TRANSFER,4102.06,C936194930,82041.14,77939.08,C_LEGIT_452501963,0.0,4102.06,0,0,L05_00107,LEGITIMATE_MULTIPLE_SMALL_TRANSACTIONS,None - repeated small transactions within normal behavioral range,NONE,1,5,7,30384.98,14,0.05,NORMAL_REPEATED_ACTIVITY
L05_000748,269,TRANSFER,3896.95,C936194930,77939.08,74042.13,C_LEGIT_276422263,0.0,3896.95,0,0,L05_00107,LEGITIMATE_MULTIPLE_SMALL_TRANSACTIONS,None - repeated small transactions within normal behavioral range,NONE,1,6,7,30384.98,11,0.05,NORMAL_REPEATED_ACTIVITY
L05_000749,301,TRANSFER,3702.11,C936194930,74042.13,70340.02,C_LEGIT_970141461,0.0,3702.11,0,0,L05_00107,LEGITIMATE_MULTIPLE_SMALL_TRANSACTIONS,None - repeated small transactions within normal behavioral range,NONE,1,7,7,30384.98,32,0.05,NORMAL_REPEATED_ACTIVITY
L05_000750,314,TRANSFER,3529.74,C1526907,70594.7,67064.96,C_LEGIT_541211089,0.0,3529.74,0,0,L05_00108,LEGITIMATE_MULTIPLE_SMALL_TRANSACTIONS,None - repeated small transactions within normal behavioral range,NONE,1,1,7,21295.8,0,0.05,NORMAL_REPEATED_ACTIVITY
L05_000751,317,TRANSFER,3353.25,C1526907,67064.96,63711.71,C_LEGIT_228305137,0.0,3353.25,0,0,L05_00108,LEGITIMATE_MULTIPLE_SMALL_TRANSACTIONS,None - repeated small transactions within normal behavioral range,NONE,1,2,7,21295.8,3,0.05,NORMAL_REPEATED_ACTIVITY
L05_000752,325,TRANSFER,3185.59,C1526907,63711.71,60526.12,C_LEGIT_771907645,0.0,3185.59,0,0,L05_00108,LEGITIMATE_MULTIPLE_SMALL_TRANSACTIONS,None - repeated small transactions within normal behavioral range,NONE,1,3,7,21295.8,8,0.05,NORMAL_REPEATED_ACTIVITY
L05_000753,337,TRANSFER,3026.31,C1526907,60526.12,57499.81,C_LEGIT_221957778,0.0,3026.31,0,0,L05_00108,LEGITIMATE_MULTIPLE_SMALL_TRANSACTIONS,None - repeated small transactions within normal behavioral range,NONE,1,4,7,21295.8,12,0.05,NORMAL_REPEATED_ACTIVITY
L05_000754,343,TRANSFER,2874.99,C1526907,57499.81,54624.82,C_LEGIT_106161313,0.0,2874.99,0,0,L05_00108,LEGITIMATE_MULTIPLE_SMALL_TRANSACTIONS,None - repeated small transactions within normal behavioral range,NONE,1,5,7,21295.8,6,0.05,NORMAL_REPEATED_ACTIVITY
L05_000755,371,TRANSFER,2731.24,C1526907,54624.82,51893.58,C_LEGIT_208182185,0.0,2731.24,0,0,L05_00108,LEGITIMATE_MULTIPLE_SMALL_TRANSACTIONS,None - repeated small transactions within normal behavioral range,NONE,1,6,7,21295.8,28,0.05,NORMAL_REPEATED_ACTIVITY
L05_000756,386,TRANSFER,2594.68,C1526907,51893.58,49298.9,C_LEGIT_567189028,0.0,2594.68,0,0,L05_00108,LEGITIMATE_MULTIPLE_SMALL_TRANSACTIONS,None - repeated small transactions within normal behavioral range,NONE,1,7,7,21295.8,15,0.05,NORMAL_REPEATED_ACTIVITY
L05_000757,26,TRANSFER,4668.03,C135260171,93360.61,88692.58,C_LEGIT_722842976,0.0,4668.03,0,0,L05_00109,LEGITIMATE_MULTIPLE_SMALL_TRANSACTIONS,None - repeated small transactions within normal behavioral range,NONE,1,1,7,28163.41,0,0.05,NORMAL_REPEATED_ACTIVITY
L05_000758,32,TRANSFER,4434.63,C135260171,88692.58,84257.95,C_LEGIT_690468762,0.0,4434.63,0,0,L05_00109,LEGITIMATE_MULTIPLE_SMALL_TRANSACTIONS,None - repeated small transactions within normal behavioral range,NONE,1,2,7,28163.41,6,0.05,NORMAL_REPEATED_ACTIVITY
L05_000759,67,TRANSFER,4212.9,C135260171,84257.95,80045.05,C_LEGIT_971432487,0.0,4212.9,0,0,L05_00109,LEGITIMATE_MULTIPLE_SMALL_TRANSACTIONS,None - repeated small transactions within normal behavioral range,NONE,1,3,7,28163.41,35,0.05,NORMAL_REPEATED_ACTIVITY
L05_000760,69,TRANSFER,4002.25,C135260171,80045.05,76042.8,C_LEGIT_659146444,0.0,4002.25,0,0,L05_00109,LEGITIMATE_MULTIPLE_SMALL_TRANSACTIONS,None - repeated small transactions within normal behavioral range,NONE,1,4,7,28163.41,2,0.05,NORMAL_REPEATED_ACTIVITY
L05_000761,75,TRANSFER,3802.14,C135260171,76042.8,72240.66,C_LEGIT_797934733,0.0,3802.14,0,0,L05_00109,LEGITIMATE_MULTIPLE_SMALL_TRANSACTIONS,None - repeated small transactions within normal behavioral range,NONE,1,5,7,28163.41,6,0.05,NORMAL_REPEATED_ACTIVITY
L05_000762,94,TRANSFER,3612.03,C135260171,72240.66,68628.63,C_LEGIT_407929206,0.0,3612.03,0,0,L05_00109,LEGITIMATE_MULTIPLE_SMALL_TRANSACTIONS,None - repeated small transactions within normal behavioral range,NONE,1,6,7,28163.41,19,0.05,NORMAL_REPEATED_ACTIVITY
L05_000763,101,TRANSFER,3431.43,C135260171,68628.63,65197.2,C_LEGIT_303165135,0.0,3431.43,0,0,L05_00109,LEGITIMATE_MULTIPLE_SMALL_TRANSACTIONS,None - repeated small transactions within normal behavioral range,NONE,1,7,7,28163.41,7,0.05,NORMAL_REPEATED_ACTIVITY
L05_000764,363,TRANSFER,4543.0,C1781609550,103944.0,99401.0,C_LEGIT_689013646,0.0,4543.0,0,0,L05_00110,LEGITIMATE_MULTIPLE_SMALL_TRANSACTIONS,None - repeated small transactions within normal behavioral range,NONE,1,1,7,30425.2,0,0.0437,NORMAL_REPEATED_ACTIVITY
L05_000765,384,TRANSFER,4970.05,C1781609550,99401.0,94430.95,C_LEGIT_405664392,0.0,4970.05,0,0,L05_00110,LEGITIMATE_MULTIPLE_SMALL_TRANSACTIONS,None - repeated small transactions within normal behavioral range,NONE,1,2,7,30425.2,21,0.05,NORMAL_REPEATED_ACTIVITY
L05_000766,405,TRANSFER,4385.27,C1781609550,94430.95,90045.68,C_LEGIT_965527906,0.0,4385.27,0,0,L05_00110,LEGITIMATE_MULTIPLE_SMALL_TRANSACTIONS,None - repeated small transactions within normal behavioral range,NONE,1,3,7,30425.2,21,0.0464,NORMAL_REPEATED_ACTIVITY
L05_000767,418,TRANSFER,4296.97,C1781609550,90045.68,85748.71,C_LEGIT_297576853,0.0,4296.97,0,0,L05_00110,LEGITIMATE_MULTIPLE_SMALL_TRANSACTIONS,None - repeated small transactions within normal behavioral range,NONE,1,4,7,30425.2,13,0.0477,NORMAL_REPEATED_ACTIVITY
L05_000768,427,TRANSFER,4287.44,C1781609550,85748.71,81461.27,C_LEGIT_804441310,0.0,4287.44,0,0,L05_00110,LEGITIMATE_MULTIPLE_SMALL_TRANSACTIONS,None - repeated small transactions within normal behavioral range,NONE,1,5,7,30425.2,9,0.05,NORMAL_REPEATED_ACTIVITY
L05_000769,442,TRANSFER,4073.06,C1781609550,81461.27,77388.21,C_LEGIT_334552571,0.0,4073.06,0,0,L05_00110,LEGITIMATE_MULTIPLE_SMALL_TRANSACTIONS,None - repeated small transactions within normal behavioral range,NONE,1,6,7,30425.2,15,0.05,NORMAL_REPEATED_ACTIVITY
L05_000770,443,TRANSFER,3869.41,C1781609550,77388.21,73518.8,C_LEGIT_489245080,0.0,3869.41,0,0,L05_00110,LEGITIMATE_MULTIPLE_SMALL_TRANSACTIONS,None - repeated small transactions within normal behavioral range,NONE,1,7,7,30425.2,1,0.05,NORMAL_REPEATED_ACTIVITY
L05_000771,54,TRANSFER,2564.53,C2078056904,346752.79,344188.26,C_LEGIT_702365645,0.0,2564.53,0,0,L05_00111,LEGITIMATE_MULTIPLE_SMALL_TRANSACTIONS,None - repeated small transactions within normal behavioral range,NONE,1,1,7,23341.24,0,0.0074,NORMAL_REPEATED_ACTIVITY
L05_000772,62,TRANSFER,4067.95,C2078056904,344188.26,340120.31,C_LEGIT_531541104,0.0,4067.95,0,0,L05_00111,LEGITIMATE_MULTIPLE_SMALL_TRANSACTIONS,None - repeated small transactions within normal behavioral range,NONE,1,2,7,23341.24,8,0.0118,NORMAL_REPEATED_ACTIVITY
L05_000773,86,TRANSFER,3459.79,C2078056904,340120.31,336660.52,C_LEGIT_743030231,0.0,3459.79,0,0,L05_00111,LEGITIMATE_MULTIPLE_SMALL_TRANSACTIONS,None - repeated small transactions within normal behavioral range,NONE,1,3,7,23341.24,24,0.0102,NORMAL_REPEATED_ACTIVITY
L05_000774,111,TRANSFER,3751.01,C2078056904,336660.52,332909.51,C_LEGIT_225397841,0.0,3751.01,0,0,L05_00111,LEGITIMATE_MULTIPLE_SMALL_TRANSACTIONS,None - repeated small transactions within normal behavioral range,NONE,1,4,7,23341.24,25,0.0111,NORMAL_REPEATED_ACTIVITY
L05_000775,112,TRANSFER,3098.67,C2078056904,332909.51,329810.84,C_LEGIT_702569431,0.0,3098.67,0,0,L05_00111,LEGITIMATE_MULTIPLE_SMALL_TRANSACTIONS,None - repeated small transactions within normal behavioral range,NONE,1,5,7,23341.24,1,0.0093,NORMAL_REPEATED_ACTIVITY
L05_000776,121,TRANSFER,2938.01,C2078056904,329810.84,326872.83,C_LEGIT_529775988,0.0,2938.01,0,0,L05_00111,LEGITIMATE_MULTIPLE_SMALL_TRANSACTIONS,None - repeated small transactions within normal behavioral range,NONE,1,6,7,23341.24,9,0.0089,NORMAL_REPEATED_ACTIVITY
L05_000777,137,TRANSFER,3461.28,C2078056904,326872.83,323411.55,C_LEGIT_354161961,0.0,3461.28,0,0,L05_00111,LEGITIMATE_MULTIPLE_SMALL_TRANSACTIONS,None - repeated small transactions within normal behavioral range,NONE,1,7,7,23341.24,16,0.0106,NORMAL_REPEATED_ACTIVITY
L05_000778,417,TRANSFER,5976.95,C524386274,119539.0,113562.05,C_LEGIT_572744809,0.0,5976.95,0,0,L05_00112,LEGITIMATE_MULTIPLE_SMALL_TRANSACTIONS,None - repeated small transactions within normal behavioral range,NONE,1,1,7,36060.46,0,0.05,NORMAL_REPEATED_ACTIVITY
L05_000779,432,TRANSFER,5678.1,C524386274,113562.05,107883.95,C_LEGIT_951063615,0.0,5678.1,0,0,L05_00112,LEGITIMATE_MULTIPLE_SMALL_TRANSACTIONS,None - repeated small transactions within normal behavioral range,NONE,1,2,7,36060.46,15,0.05,NORMAL_REPEATED_ACTIVITY
L05_000780,433,TRANSFER,5394.2,C524386274,107883.95,102489.75,C_LEGIT_298567866,0.0,5394.2,0,0,L05_00112,LEGITIMATE_MULTIPLE_SMALL_TRANSACTIONS,None - repeated small transactions within normal behavioral range,NONE,1,3,7,36060.46,1,0.05,NORMAL_REPEATED_ACTIVITY
L05_000781,455,TRANSFER,5124.49,C524386274,102489.75,97365.26,C_LEGIT_181776817,0.0,5124.49,0,0,L05_00112,LEGITIMATE_MULTIPLE_SMALL_TRANSACTIONS,None - repeated small transactions within normal behavioral range,NONE,1,4,7,36060.46,22,0.05,NORMAL_REPEATED_ACTIVITY
L05_000782,467,TRANSFER,4868.26,C524386274,97365.26,92497.0,C_LEGIT_441180656,0.0,4868.26,0,0,L05_00112,LEGITIMATE_MULTIPLE_SMALL_TRANSACTIONS,None - repeated small transactions within normal behavioral range,NONE,1,5,7,36060.46,12,0.05,NORMAL_REPEATED_ACTIVITY
L05_000783,471,TRANSFER,4624.85,C524386274,92497.0,87872.15,C_LEGIT_563752651,0.0,4624.85,0,0,L05_00112,LEGITIMATE_MULTIPLE_SMALL_TRANSACTIONS,None - repeated small transactions within normal behavioral range,NONE,1,6,7,36060.46,4,0.05,NORMAL_REPEATED_ACTIVITY
L05_000784,501,TRANSFER,4393.61,C524386274,87872.15,83478.54,C_LEGIT_557237553,0.0,4393.61,0,0,L05_00112,LEGITIMATE_MULTIPLE_SMALL_TRANSACTIONS,None - repeated small transactions within normal behavioral range,NONE,1,7,7,36060.46,30,0.05,NORMAL_REPEATED_ACTIVITY
L05_000785,324,TRANSFER,2477.4,C1508438897,49548.0,47070.6,C_LEGIT_893874741,0.0,2477.4,0,0,L05_00113,LEGITIMATE_MULTIPLE_SMALL_TRANSACTIONS,None - repeated small transactions within normal behavioral range,NONE,1,1,7,14946.79,0,0.05,NORMAL_REPEATED_ACTIVITY
L05_000786,326,TRANSFER,2353.53,C1508438897,47070.6,44717.07,C_LEGIT_523052016,0.0,2353.53,0,0,L05_00113,LEGITIMATE_MULTIPLE_SMALL_TRANSACTIONS,None - repeated small transactions within normal behavioral range,NONE,1,2,7,14946.79,2,0.05,NORMAL_REPEATED_ACTIVITY
L05_000787,332,TRANSFER,2235.85,C1508438897,44717.07,42481.22,C_LEGIT_743846028,0.0,2235.85,0,0,L05_00113,LEGITIMATE_MULTIPLE_SMALL_TRANSACTIONS,None - repeated small transactions within normal behavioral range,NONE,1,3,7,14946.79,6,0.05,NORMAL_REPEATED_ACTIVITY
L05_000788,337,TRANSFER,2124.06,C1508438897,42481.22,40357.16,C_LEGIT_226944978,0.0,2124.06,0,0,L05_00113,LEGITIMATE_MULTIPLE_SMALL_TRANSACTIONS,None - repeated small transactions within normal behavioral range,NONE,1,4,7,14946.79,5,0.05,NORMAL_REPEATED_ACTIVITY
L05_000789,365,TRANSFER,2017.86,C1508438897,40357.16,38339.3,C_LEGIT_314217386,0.0,2017.86,0,0,L05_00113,LEGITIMATE_MULTIPLE_SMALL_TRANSACTIONS,None - repeated small transactions within normal behavioral range,NONE,1,5,7,14946.79,28,0.05,NORMAL_REPEATED_ACTIVITY
L05_000790,384,TRANSFER,1916.97,C1508438897,38339.3,36422.33,C_LEGIT_597265823,0.0,1916.97,0,0,L05_00113,LEGITIMATE_MULTIPLE_SMALL_TRANSACTIONS,None - repeated small transactions within normal behavioral range,NONE,1,6,7,14946.79,19,0.05,NORMAL_REPEATED_ACTIVITY
L05_000791,385,TRANSFER,1821.12,C1508438897,36422.33,34601.21,C_LEGIT_958560439,0.0,1821.12,0,0,L05_00113,LEGITIMATE_MULTIPLE_SMALL_TRANSACTIONS,None - repeated small transactions within normal behavioral range,NONE,1,7,7,14946.79,1,0.05,NORMAL_REPEATED_ACTIVITY
L05_000792,327,TRANSFER,33.85,C980110508,677.0,643.15,C_LEGIT_383789775,0.0,33.85,0,0,L05_00114,LEGITIMATE_MULTIPLE_SMALL_TRANSACTIONS,None - repeated small transactions within normal behavioral range,NONE,1,1,7,204.22,0,0.05,NORMAL_REPEATED_ACTIVITY
L05_000793,333,TRANSFER,32.16,C980110508,643.15,610.99,C_LEGIT_542790150,0.0,32.16,0,0,L05_00114,LEGITIMATE_MULTIPLE_SMALL_TRANSACTIONS,None - repeated small transactions within normal behavioral range,NONE,1,2,7,204.22,6,0.05,NORMAL_REPEATED_ACTIVITY
L05_000794,337,TRANSFER,30.55,C980110508,610.99,580.44,C_LEGIT_978607047,0.0,30.55,0,0,L05_00114,LEGITIMATE_MULTIPLE_SMALL_TRANSACTIONS,None - repeated small transactions within normal behavioral range,NONE,1,3,7,204.22,4,0.05,NORMAL_REPEATED_ACTIVITY
L05_000795,339,TRANSFER,29.02,C980110508,580.44,551.42,C_LEGIT_648077961,0.0,29.02,0,0,L05_00114,LEGITIMATE_MULTIPLE_SMALL_TRANSACTIONS,None - repeated small transactions within normal behavioral range,NONE,1,4,7,204.22,2,0.05,NORMAL_REPEATED_ACTIVITY
L05_000796,353,TRANSFER,27.57,C980110508,551.42,523.85,C_LEGIT_226041684,0.0,27.57,0,0,L05_00114,LEGITIMATE_MULTIPLE_SMALL_TRANSACTIONS,None - repeated small transactions within normal behavioral range,NONE,1,5,7,204.22,14,0.05,NORMAL_REPEATED_ACTIVITY
L05_000797,360,TRANSFER,26.19,C980110508,523.85,497.66,C_LEGIT_899797101,0.0,26.19,0,0,L05_00114,LEGITIMATE_MULTIPLE_SMALL_TRANSACTIONS,None - repeated small transactions within normal behavioral range,NONE,1,6,7,204.22,7,0.05,NORMAL_REPEATED_ACTIVITY
L05_000798,414,TRANSFER,24.88,C980110508,497.66,472.78,C_LEGIT_533828602,0.0,24.88,0,0,L05_00114,LEGITIMATE_MULTIPLE_SMALL_TRANSACTIONS,None - repeated small transactions within normal behavioral range,NONE,1,7,7,204.22,54,0.05,NORMAL_REPEATED_ACTIVITY
L05_000799,698,TRANSFER,3801.28,C1380566604,144042.0,140240.72,C_LEGIT_895121724,0.0,3801.28,0,0,L05_00115,LEGITIMATE_MULTIPLE_SMALL_TRANSACTIONS,None - repeated small transactions within normal behavioral range,NONE,1,1,7,25252.1,0,0.0264,NORMAL_REPEATED_ACTIVITY
L05_000800,708,TRANSFER,3344.5,C1380566604,140240.72,136896.22,C_LEGIT_834938250,0.0,3344.5,0,0,L05_00115,LEGITIMATE_MULTIPLE_SMALL_TRANSACTIONS,None - repeated small transactions within normal behavioral range,NONE,1,2,7,25252.1,10,0.0238,NORMAL_REPEATED_ACTIVITY
L05_000801,711,TRANSFER,3901.66,C1380566604,136896.22,132994.56,C_LEGIT_723395485,0.0,3901.66,0,0,L05_00115,LEGITIMATE_MULTIPLE_SMALL_TRANSACTIONS,None - repeated small transactions within normal behavioral range,NONE,1,3,7,25252.1,3,0.0285,NORMAL_REPEATED_ACTIVITY
L05_000802,721,TRANSFER,3812.81,C1380566604,132994.56,129181.75,C_LEGIT_256815352,0.0,3812.81,0,0,L05_00115,LEGITIMATE_MULTIPLE_SMALL_TRANSACTIONS,None - repeated small transactions within normal behavioral range,NONE,1,4,7,25252.1,10,0.0287,NORMAL_REPEATED_ACTIVITY
L05_000803,737,TRANSFER,3673.72,C1380566604,129181.75,125508.03,C_LEGIT_800799841,0.0,3673.72,0,0,L05_00115,LEGITIMATE_MULTIPLE_SMALL_TRANSACTIONS,None - repeated small transactions within normal behavioral range,NONE,1,5,7,25252.1,16,0.0284,NORMAL_REPEATED_ACTIVITY
L05_000804,752,TRANSFER,3656.94,C1380566604,125508.03,121851.09,C_LEGIT_528154036,0.0,3656.94,0,0,L05_00115,LEGITIMATE_MULTIPLE_SMALL_TRANSACTIONS,None - repeated small transactions within normal behavioral range,NONE,1,6,7,25252.1,15,0.0291,NORMAL_REPEATED_ACTIVITY
L05_000805,768,TRANSFER,3061.19,C1380566604,121851.09,118789.9,C_LEGIT_872493070,0.0,3061.19,0,0,L05_00115,LEGITIMATE_MULTIPLE_SMALL_TRANSACTIONS,None - repeated small transactions within normal behavioral range,NONE,1,7,7,25252.1,16,0.0251,NORMAL_REPEATED_ACTIVITY
L05_000806,381,TRANSFER,8429.05,C1118790602,168581.0,160151.95,C_LEGIT_709819199,0.0,8429.05,0,0,L05_00116,LEGITIMATE_MULTIPLE_SMALL_TRANSACTIONS,None - repeated small transactions within normal behavioral range,NONE,1,1,7,50854.61,0,0.05,NORMAL_REPEATED_ACTIVITY
L05_000807,402,TRANSFER,8007.6,C1118790602,160151.95,152144.35,C_LEGIT_573629058,0.0,8007.6,0,0,L05_00116,LEGITIMATE_MULTIPLE_SMALL_TRANSACTIONS,None - repeated small transactions within normal behavioral range,NONE,1,2,7,50854.61,21,0.05,NORMAL_REPEATED_ACTIVITY
L05_000808,406,TRANSFER,7607.22,C1118790602,152144.35,144537.13,C_LEGIT_316740349,0.0,7607.22,0,0,L05_00116,LEGITIMATE_MULTIPLE_SMALL_TRANSACTIONS,None - repeated small transactions within normal behavioral range,NONE,1,3,7,50854.61,4,0.05,NORMAL_REPEATED_ACTIVITY
L05_000809,412,TRANSFER,7226.86,C1118790602,144537.13,137310.27,C_LEGIT_117100516,0.0,7226.86,0,0,L05_00116,LEGITIMATE_MULTIPLE_SMALL_TRANSACTIONS,None - repeated small transactions within normal behavioral range,NONE,1,4,7,50854.61,6,0.05,NORMAL_REPEATED_ACTIVITY
L05_000810,444,TRANSFER,6865.51,C1118790602,137310.27,130444.76,C_LEGIT_989779096,0.0,6865.51,0,0,L05_00116,LEGITIMATE_MULTIPLE_SMALL_TRANSACTIONS,None - repeated small transactions within normal behavioral range,NONE,1,5,7,50854.61,32,0.05,NORMAL_REPEATED_ACTIVITY
L05_000811,449,TRANSFER,6522.24,C1118790602,130444.76,123922.52,C_LEGIT_766941402,0.0,6522.24,0,0,L05_00116,LEGITIMATE_MULTIPLE_SMALL_TRANSACTIONS,None - repeated small transactions within normal behavioral range,NONE,1,6,7,50854.61,5,0.05,NORMAL_REPEATED_ACTIVITY
L05_000812,464,TRANSFER,6196.13,C1118790602,123922.52,117726.39,C_LEGIT_520928899,0.0,6196.13,0,0,L05_00116,LEGITIMATE_MULTIPLE_SMALL_TRANSACTIONS,None - repeated small transactions within normal behavioral range,NONE,1,7,7,50854.61,15,0.05,NORMAL_REPEATED_ACTIVITY
L05_000813,565,TRANSFER,1813.02,C968753100,48652.49,46839.47,C_LEGIT_850256803,0.0,1813.02,0,0,L05_00117,LEGITIMATE_MULTIPLE_SMALL_TRANSACTIONS,None - repeated small transactions within normal behavioral range,NONE,1,1,7,10611.5,0,0.0373,NORMAL_REPEATED_ACTIVITY
L05_000814,573,TRANSFER,1366.29,C968753100,46839.47,45473.18,C_LEGIT_153670014,0.0,1366.29,0,0,L05_00117,LEGITIMATE_MULTIPLE_SMALL_TRANSACTIONS,None - repeated small transactions within normal behavioral range,NONE,1,2,7,10611.5,8,0.0292,NORMAL_REPEATED_ACTIVITY
L05_000815,578,TRANSFER,1386.43,C968753100,45473.18,44086.75,C_LEGIT_167123595,0.0,1386.43,0,0,L05_00117,LEGITIMATE_MULTIPLE_SMALL_TRANSACTIONS,None - repeated small transactions within normal behavioral range,NONE,1,3,7,10611.5,5,0.0305,NORMAL_REPEATED_ACTIVITY
L05_000816,596,TRANSFER,1633.99,C968753100,44086.75,42452.76,C_LEGIT_526602069,0.0,1633.99,0,0,L05_00117,LEGITIMATE_MULTIPLE_SMALL_TRANSACTIONS,None - repeated small transactions within normal behavioral range,NONE,1,4,7,10611.5,18,0.0371,NORMAL_REPEATED_ACTIVITY
L05_000817,612,TRANSFER,1210.68,C968753100,42452.76,41242.08,C_LEGIT_513860868,0.0,1210.68,0,0,L05_00117,LEGITIMATE_MULTIPLE_SMALL_TRANSACTIONS,None - repeated small transactions within normal behavioral range,NONE,1,5,7,10611.5,16,0.0285,NORMAL_REPEATED_ACTIVITY
L05_000818,638,TRANSFER,1885.31,C968753100,41242.08,39356.77,C_LEGIT_391834045,0.0,1885.31,0,0,L05_00117,LEGITIMATE_MULTIPLE_SMALL_TRANSACTIONS,None - repeated small transactions within normal behavioral range,NONE,1,6,7,10611.5,26,0.0457,NORMAL_REPEATED_ACTIVITY
L05_000819,650,TRANSFER,1315.78,C968753100,39356.77,38040.99,C_LEGIT_271047333,0.0,1315.78,0,0,L05_00117,LEGITIMATE_MULTIPLE_SMALL_TRANSACTIONS,None - repeated small transactions within normal behavioral range,NONE,1,7,7,10611.5,12,0.0334,NORMAL_REPEATED_ACTIVITY
L05_000820,167,TRANSFER,4337.29,C332634631,408591.35,404254.06,C_LEGIT_326195875,0.0,4337.29,0,0,L05_00118,LEGITIMATE_MULTIPLE_SMALL_TRANSACTIONS,None - repeated small transactions within normal behavioral range,NONE,1,1,7,30528.74,0,0.0106,NORMAL_REPEATED_ACTIVITY
L05_000821,170,TRANSFER,4199.4,C332634631,404254.06,400054.66,C_LEGIT_583152108,0.0,4199.4,0,0,L05_00118,LEGITIMATE_MULTIPLE_SMALL_TRANSACTIONS,None - repeated small transactions within normal behavioral range,NONE,1,2,7,30528.74,3,0.0104,NORMAL_REPEATED_ACTIVITY
L05_000822,195,TRANSFER,4925.05,C332634631,400054.66,395129.61,C_LEGIT_989073528,0.0,4925.05,0,0,L05_00118,LEGITIMATE_MULTIPLE_SMALL_TRANSACTIONS,None - repeated small transactions within normal behavioral range,NONE,1,3,7,30528.74,25,0.0123,NORMAL_REPEATED_ACTIVITY
L05_000823,201,TRANSFER,4385.68,C332634631,395129.61,390743.93,C_LEGIT_682446857,0.0,4385.68,0,0,L05_00118,LEGITIMATE_MULTIPLE_SMALL_TRANSACTIONS,None - repeated small transactions within normal behavioral range,NONE,1,4,7,30528.74,6,0.0111,NORMAL_REPEATED_ACTIVITY
L05_000824,204,TRANSFER,3630.91,C332634631,390743.93,387113.02,C_LEGIT_305180246,0.0,3630.91,0,0,L05_00118,LEGITIMATE_MULTIPLE_SMALL_TRANSACTIONS,None - repeated small transactions within normal behavioral range,NONE,1,5,7,30528.74,3,0.0093,NORMAL_REPEATED_ACTIVITY
L05_000825,237,TRANSFER,5081.77,C332634631,387113.02,382031.25,C_LEGIT_635959121,0.0,5081.77,0,0,L05_00118,LEGITIMATE_MULTIPLE_SMALL_TRANSACTIONS,None - repeated small transactions within normal behavioral range,NONE,1,6,7,30528.74,33,0.0131,NORMAL_REPEATED_ACTIVITY
L05_000826,247,TRANSFER,3968.64,C332634631,382031.25,378062.61,C_LEGIT_212468284,0.0,3968.64,0,0,L05_00118,LEGITIMATE_MULTIPLE_SMALL_TRANSACTIONS,None - repeated small transactions within normal behavioral range,NONE,1,7,7,30528.74,10,0.0104,NORMAL_REPEATED_ACTIVITY
L05_000827,252,TRANSFER,19017.0,C620359974,380340.0,361323.0,C_LEGIT_381647764,0.0,19017.0,0,0,L05_00119,LEGITIMATE_MULTIPLE_SMALL_TRANSACTIONS,None - repeated small transactions within normal behavioral range,NONE,1,1,7,107951.33,0,0.05,NORMAL_REPEATED_ACTIVITY
L05_000828,258,TRANSFER,14784.94,C620359974,361323.0,346538.06,C_LEGIT_707845230,0.0,14784.94,0,0,L05_00119,LEGITIMATE_MULTIPLE_SMALL_TRANSACTIONS,None - repeated small transactions within normal behavioral range,NONE,1,2,7,107951.33,6,0.0409,NORMAL_REPEATED_ACTIVITY
L05_000829,282,TRANSFER,16398.45,C620359974,346538.06,330139.61,C_LEGIT_827415264,0.0,16398.45,0,0,L05_00119,LEGITIMATE_MULTIPLE_SMALL_TRANSACTIONS,None - repeated small transactions within normal behavioral range,NONE,1,3,7,107951.33,24,0.0473,NORMAL_REPEATED_ACTIVITY
L05_000830,292,TRANSFER,14108.21,C620359974,330139.61,316031.4,C_LEGIT_739811024,0.0,14108.21,0,0,L05_00119,LEGITIMATE_MULTIPLE_SMALL_TRANSACTIONS,None - repeated small transactions within normal behavioral range,NONE,1,4,7,107951.33,10,0.0427,NORMAL_REPEATED_ACTIVITY
L05_000831,298,TRANSFER,14215.69,C620359974,316031.4,301815.71,C_LEGIT_443592689,0.0,14215.69,0,0,L05_00119,LEGITIMATE_MULTIPLE_SMALL_TRANSACTIONS,None - repeated small transactions within normal behavioral range,NONE,1,5,7,107951.33,6,0.045,NORMAL_REPEATED_ACTIVITY
L05_000832,319,TRANSFER,15090.79,C620359974,301815.71,286724.92,C_LEGIT_751556245,0.0,15090.79,0,0,L05_00119,LEGITIMATE_MULTIPLE_SMALL_TRANSACTIONS,None - repeated small transactions within normal behavioral range,NONE,1,6,7,107951.33,21,0.05,NORMAL_REPEATED_ACTIVITY
L05_000833,334,TRANSFER,14336.25,C620359974,286724.92,272388.67,C_LEGIT_229319213,0.0,14336.25,0,0,L05_00119,LEGITIMATE_MULTIPLE_SMALL_TRANSACTIONS,None - repeated small transactions within normal behavioral range,NONE,1,7,7,107951.33,15,0.05,NORMAL_REPEATED_ACTIVITY
L05_000834,618,TRANSFER,650.91,C668412601,13018.24,12367.33,C_LEGIT_419297348,0.0,650.91,0,0,L05_00120,LEGITIMATE_MULTIPLE_SMALL_TRANSACTIONS,None - repeated small transactions within normal behavioral range,NONE,1,1,7,3927.12,0,0.05,NORMAL_REPEATED_ACTIVITY
L05_000835,627,TRANSFER,618.37,C668412601,12367.33,11748.96,C_LEGIT_808807536,0.0,618.37,0,0,L05_00120,LEGITIMATE_MULTIPLE_SMALL_TRANSACTIONS,None - repeated small transactions within normal behavioral range,NONE,1,2,7,3927.12,9,0.05,NORMAL_REPEATED_ACTIVITY
L05_000836,653,TRANSFER,587.45,C668412601,11748.96,11161.51,C_LEGIT_333787816,0.0,587.45,0,0,L05_00120,LEGITIMATE_MULTIPLE_SMALL_TRANSACTIONS,None - repeated small transactions within normal behavioral range,NONE,1,3,7,3927.12,26,0.05,NORMAL_REPEATED_ACTIVITY
L05_000837,656,TRANSFER,558.08,C668412601,11161.51,10603.43,C_LEGIT_684149962,0.0,558.08,0,0,L05_00120,LEGITIMATE_MULTIPLE_SMALL_TRANSACTIONS,None - repeated small transactions within normal behavioral range,NONE,1,4,7,3927.12,3,0.05,NORMAL_REPEATED_ACTIVITY
L05_000838,679,TRANSFER,530.17,C668412601,10603.43,10073.26,C_LEGIT_211508351,0.0,530.17,0,0,L05_00120,LEGITIMATE_MULTIPLE_SMALL_TRANSACTIONS,None - repeated small transactions within normal behavioral range,NONE,1,5,7,3927.12,23,0.05,NORMAL_REPEATED_ACTIVITY
L05_000839,682,TRANSFER,503.66,C668412601,10073.26,9569.6,C_LEGIT_715904120,0.0,503.66,0,0,L05_00120,LEGITIMATE_MULTIPLE_SMALL_TRANSACTIONS,None - repeated small transactions within normal behavioral range,NONE,1,6,7,3927.12,3,0.05,NORMAL_REPEATED_ACTIVITY
L05_000840,700,TRANSFER,478.48,C668412601,9569.6,9091.12,C_LEGIT_719064612,0.0,478.48,0,0,L05_00120,LEGITIMATE_MULTIPLE_SMALL_TRANSACTIONS,None - repeated small transactions within normal behavioral range,NONE,1,7,7,3927.12,18,0.05,NORMAL_REPEATED_ACTIVITY
L05_000841,362,TRANSFER,5.1,C1836708380,102.0,96.9,C_LEGIT_915812761,0.0,5.1,0,0,L05_00121,LEGITIMATE_MULTIPLE_SMALL_TRANSACTIONS,None - repeated small transactions within normal behavioral range,NONE,1,1,7,30.77,0,0.05,NORMAL_REPEATED_ACTIVITY
L05_000842,366,TRANSFER,4.85,C1836708380,96.9,92.05,C_LEGIT_499199651,0.0,4.85,0,0,L05_00121,LEGITIMATE_MULTIPLE_SMALL_TRANSACTIONS,None - repeated small transactions within normal behavioral range,NONE,1,2,7,30.77,4,0.0501,NORMAL_REPEATED_ACTIVITY
L05_000843,367,TRANSFER,4.6,C1836708380,92.05,87.45,C_LEGIT_817671310,0.0,4.6,0,0,L05_00121,LEGITIMATE_MULTIPLE_SMALL_TRANSACTIONS,None - repeated small transactions within normal behavioral range,NONE,1,3,7,30.77,1,0.05,NORMAL_REPEATED_ACTIVITY
L05_000844,376,TRANSFER,4.37,C1836708380,87.45,83.08,C_LEGIT_991239756,0.0,4.37,0,0,L05_00121,LEGITIMATE_MULTIPLE_SMALL_TRANSACTIONS,None - repeated small transactions within normal behavioral range,NONE,1,4,7,30.77,9,0.05,NORMAL_REPEATED_ACTIVITY
L05_000845,428,TRANSFER,4.15,C1836708380,83.08,78.93,C_LEGIT_518368859,0.0,4.15,0,0,L05_00121,LEGITIMATE_MULTIPLE_SMALL_TRANSACTIONS,None - repeated small transactions within normal behavioral range,NONE,1,5,7,30.77,52,0.05,NORMAL_REPEATED_ACTIVITY
L05_000846,429,TRANSFER,3.95,C1836708380,78.93,74.98,C_LEGIT_647010859,0.0,3.95,0,0,L05_00121,LEGITIMATE_MULTIPLE_SMALL_TRANSACTIONS,None - repeated small transactions within normal behavioral range,NONE,1,6,7,30.77,1,0.05,NORMAL_REPEATED_ACTIVITY
L05_000847,437,TRANSFER,3.75,C1836708380,74.98,71.23,C_LEGIT_450660984,0.0,3.75,0,0,L05_00121,LEGITIMATE_MULTIPLE_SMALL_TRANSACTIONS,None - repeated small transactions within normal behavioral range,NONE,1,7,7,30.77,8,0.05,NORMAL_REPEATED_ACTIVITY
L05_000848,174,TRANSFER,50.75,C1607145366,1015.0,964.25,C_LEGIT_978577212,0.0,50.75,0,0,L05_00122,LEGITIMATE_MULTIPLE_SMALL_TRANSACTIONS,None - repeated small transactions within normal behavioral range,NONE,1,1,7,306.19,0,0.05,NORMAL_REPEATED_ACTIVITY
L05_000849,177,TRANSFER,48.21,C1607145366,964.25,916.04,C_LEGIT_518984569,0.0,48.21,0,0,L05_00122,LEGITIMATE_MULTIPLE_SMALL_TRANSACTIONS,None - repeated small transactions within normal behavioral range,NONE,1,2,7,306.19,3,0.05,NORMAL_REPEATED_ACTIVITY
L05_000850,188,TRANSFER,45.8,C1607145366,916.04,870.24,C_LEGIT_846312891,0.0,45.8,0,0,L05_00122,LEGITIMATE_MULTIPLE_SMALL_TRANSACTIONS,None - repeated small transactions within normal behavioral range,NONE,1,3,7,306.19,11,0.05,NORMAL_REPEATED_ACTIVITY
L05_000851,193,TRANSFER,43.51,C1607145366,870.24,826.73,C_LEGIT_850160390,0.0,43.51,0,0,L05_00122,LEGITIMATE_MULTIPLE_SMALL_TRANSACTIONS,None - repeated small transactions within normal behavioral range,NONE,1,4,7,306.19,5,0.05,NORMAL_REPEATED_ACTIVITY
L05_000852,201,TRANSFER,41.34,C1607145366,826.73,785.39,C_LEGIT_924937976,0.0,41.34,0,0,L05_00122,LEGITIMATE_MULTIPLE_SMALL_TRANSACTIONS,None - repeated small transactions within normal behavioral range,NONE,1,5,7,306.19,8,0.05,NORMAL_REPEATED_ACTIVITY
L05_000853,221,TRANSFER,39.27,C1607145366,785.39,746.12,C_LEGIT_787451806,0.0,39.27,0,0,L05_00122,LEGITIMATE_MULTIPLE_SMALL_TRANSACTIONS,None - repeated small transactions within normal behavioral range,NONE,1,6,7,306.19,20,0.05,NORMAL_REPEATED_ACTIVITY
L05_000854,224,TRANSFER,37.31,C1607145366,746.12,708.81,C_LEGIT_591744047,0.0,37.31,0,0,L05_00122,LEGITIMATE_MULTIPLE_SMALL_TRANSACTIONS,None - repeated small transactions within normal behavioral range,NONE,1,7,7,306.19,3,0.05,NORMAL_REPEATED_ACTIVITY
L05_000855,149,TRANSFER,16637.6,C1645977188,332752.0,316114.4,C_LEGIT_354352865,0.0,16637.6,0,0,L05_00123,LEGITIMATE_MULTIPLE_SMALL_TRANSACTIONS,None - repeated small transactions within normal behavioral range,NONE,1,1,7,100378.87,0,0.05,NORMAL_REPEATED_ACTIVITY
L05_000856,171,TRANSFER,15805.72,C1645977188,316114.4,300308.68,C_LEGIT_779860559,0.0,15805.72,0,0,L05_00123,LEGITIMATE_MULTIPLE_SMALL_TRANSACTIONS,None - repeated small transactions within normal behavioral range,NONE,1,2,7,100378.87,22,0.05,NORMAL_REPEATED_ACTIVITY
L05_000857,203,TRANSFER,15015.43,C1645977188,300308.68,285293.25,C_LEGIT_302945965,0.0,15015.43,0,0,L05_00123,LEGITIMATE_MULTIPLE_SMALL_TRANSACTIONS,None - repeated small transactions within normal behavioral range,NONE,1,3,7,100378.87,32,0.05,NORMAL_REPEATED_ACTIVITY
L05_000858,211,TRANSFER,14264.66,C1645977188,285293.25,271028.59,C_LEGIT_472335181,0.0,14264.66,0,0,L05_00123,LEGITIMATE_MULTIPLE_SMALL_TRANSACTIONS,None - repeated small transactions within normal behavioral range,NONE,1,4,7,100378.87,8,0.05,NORMAL_REPEATED_ACTIVITY
L05_000859,213,TRANSFER,13551.43,C1645977188,271028.59,257477.16,C_LEGIT_989461985,0.0,13551.43,0,0,L05_00123,LEGITIMATE_MULTIPLE_SMALL_TRANSACTIONS,None - repeated small transactions within normal behavioral range,NONE,1,5,7,100378.87,2,0.05,NORMAL_REPEATED_ACTIVITY
L05_000860,233,TRANSFER,12873.86,C1645977188,257477.16,244603.3,C_LEGIT_143205944,0.0,12873.86,0,0,L05_00123,LEGITIMATE_MULTIPLE_SMALL_TRANSACTIONS,None - repeated small transactions within normal behavioral range,NONE,1,6,7,100378.87,20,0.05,NORMAL_REPEATED_ACTIVITY
L05_000861,234,TRANSFER,12230.17,C1645977188,244603.3,232373.13,C_LEGIT_225459794,0.0,12230.17,0,0,L05_00123,LEGITIMATE_MULTIPLE_SMALL_TRANSACTIONS,None - repeated small transactions within normal behavioral range,NONE,1,7,7,100378.87,1,0.05,NORMAL_REPEATED_ACTIVITY
L05_000862,221,TRANSFER,1360.0,C2040280102,27200.0,25840.0,C_LEGIT_683022286,0.0,1360.0,0,0,L05_00124,LEGITIMATE_MULTIPLE_SMALL_TRANSACTIONS,None - repeated small transactions within normal behavioral range,NONE,1,1,7,8205.23,0,0.05,NORMAL_REPEATED_ACTIVITY
L05_000863,229,TRANSFER,1292.0,C2040280102,25840.0,24548.0,C_LEGIT_675607222,0.0,1292.0,0,0,L05_00124,LEGITIMATE_MULTIPLE_SMALL_TRANSACTIONS,None - repeated small transactions within normal behavioral range,NONE,1,2,7,8205.23,8,0.05,NORMAL_REPEATED_ACTIVITY
L05_000864,249,TRANSFER,1227.4,C2040280102,24548.0,23320.6,C_LEGIT_922592253,0.0,1227.4,0,0,L05_00124,LEGITIMATE_MULTIPLE_SMALL_TRANSACTIONS,None - repeated small transactions within normal behavioral range,NONE,1,3,7,8205.23,20,0.05,NORMAL_REPEATED_ACTIVITY
L05_000865,256,TRANSFER,1166.03,C2040280102,23320.6,22154.57,C_LEGIT_136146702,0.0,1166.03,0,0,L05_00124,LEGITIMATE_MULTIPLE_SMALL_TRANSACTIONS,None - repeated small transactions within normal behavioral range,NONE,1,4,7,8205.23,7,0.05,NORMAL_REPEATED_ACTIVITY
L05_000866,263,TRANSFER,1107.73,C2040280102,22154.57,21046.84,C_LEGIT_924939561,0.0,1107.73,0,0,L05_00124,LEGITIMATE_MULTIPLE_SMALL_TRANSACTIONS,None - repeated small transactions within normal behavioral range,NONE,1,5,7,8205.23,7,0.05,NORMAL_REPEATED_ACTIVITY
L05_000867,271,TRANSFER,1052.34,C2040280102,21046.84,19994.5,C_LEGIT_514835255,0.0,1052.34,0,0,L05_00124,LEGITIMATE_MULTIPLE_SMALL_TRANSACTIONS,None - repeated small transactions within normal behavioral range,NONE,1,6,7,8205.23,8,0.05,NORMAL_REPEATED_ACTIVITY
L05_000868,285,TRANSFER,999.73,C2040280102,19994.5,18994.77,C_LEGIT_289632125,0.0,999.73,0,0,L05_00124,LEGITIMATE_MULTIPLE_SMALL_TRANSACTIONS,None - repeated small transactions within normal behavioral range,NONE,1,7,7,8205.23,14,0.05,NORMAL_REPEATED_ACTIVITY
L05_000869,207,TRANSFER,35.1,C104671018,702.0,666.9,C_LEGIT_630027808,0.0,35.1,0,0,L05_00125,LEGITIMATE_MULTIPLE_SMALL_TRANSACTIONS,None - repeated small transactions within normal behavioral range,NONE,1,1,7,211.76,0,0.05,NORMAL_REPEATED_ACTIVITY
L05_000870,211,TRANSFER,33.34,C104671018,666.9,633.56,C_LEGIT_197464910,0.0,33.34,0,0,L05_00125,LEGITIMATE_MULTIPLE_SMALL_TRANSACTIONS,None - repeated small transactions within normal behavioral range,NONE,1,2,7,211.76,4,0.05,NORMAL_REPEATED_ACTIVITY
L05_000871,220,TRANSFER,31.68,C104671018,633.56,601.88,C_LEGIT_525329831,0.0,31.68,0,0,L05_00125,LEGITIMATE_MULTIPLE_SMALL_TRANSACTIONS,None - repeated small transactions within normal behavioral range,NONE,1,3,7,211.76,9,0.05,NORMAL_REPEATED_ACTIVITY
L05_000872,232,TRANSFER,30.09,C104671018,601.88,571.79,C_LEGIT_527567011,0.0,30.09,0,0,L05_00125,LEGITIMATE_MULTIPLE_SMALL_TRANSACTIONS,None - repeated small transactions within normal behavioral range,NONE,1,4,7,211.76,12,0.05,NORMAL_REPEATED_ACTIVITY
L05_000873,257,TRANSFER,28.59,C104671018,571.79,543.2,C_LEGIT_531806277,0.0,28.59,0,0,L05_00125,LEGITIMATE_MULTIPLE_SMALL_TRANSACTIONS,None - repeated small transactions within normal behavioral range,NONE,1,5,7,211.76,25,0.05,NORMAL_REPEATED_ACTIVITY
L05_000874,270,TRANSFER,27.16,C104671018,543.2,516.04,C_LEGIT_107155227,0.0,27.16,0,0,L05_00125,LEGITIMATE_MULTIPLE_SMALL_TRANSACTIONS,None - repeated small transactions within normal behavioral range,NONE,1,6,7,211.76,13,0.05,NORMAL_REPEATED_ACTIVITY
L05_000875,282,TRANSFER,25.8,C104671018,516.04,490.24,C_LEGIT_262362494,0.0,25.8,0,0,L05_00125,LEGITIMATE_MULTIPLE_SMALL_TRANSACTIONS,None - repeated small transactions within normal behavioral range,NONE,1,7,7,211.76,12,0.05,NORMAL_REPEATED_ACTIVITY
L05_000876,192,TRANSFER,613.55,C18828946,12271.0,11657.45,C_LEGIT_704513631,0.0,613.55,0,0,L05_00126,LEGITIMATE_MULTIPLE_SMALL_TRANSACTIONS,None - repeated small transactions within normal behavioral range,NONE,1,1,7,3701.7,0,0.05,NORMAL_REPEATED_ACTIVITY
L05_000877,207,TRANSFER,582.87,C18828946,11657.45,11074.58,C_LEGIT_751731801,0.0,582.87,0,0,L05_00126,LEGITIMATE_MULTIPLE_SMALL_TRANSACTIONS,None - repeated small transactions within normal behavioral range,NONE,1,2,7,3701.7,15,0.05,NORMAL_REPEATED_ACTIVITY
L05_000878,222,TRANSFER,553.73,C18828946,11074.58,10520.85,C_LEGIT_124462763,0.0,553.73,0,0,L05_00126,LEGITIMATE_MULTIPLE_SMALL_TRANSACTIONS,None - repeated small transactions within normal behavioral range,NONE,1,3,7,3701.7,15,0.05,NORMAL_REPEATED_ACTIVITY
L05_000879,245,TRANSFER,526.04,C18828946,10520.85,9994.81,C_LEGIT_587976018,0.0,526.04,0,0,L05_00126,LEGITIMATE_MULTIPLE_SMALL_TRANSACTIONS,None - repeated small transactions within normal behavioral range,NONE,1,4,7,3701.7,23,0.05,NORMAL_REPEATED_ACTIVITY
L05_000880,248,TRANSFER,499.74,C18828946,9994.81,9495.07,C_LEGIT_558308052,0.0,499.74,0,0,L05_00126,LEGITIMATE_MULTIPLE_SMALL_TRANSACTIONS,None - repeated small transactions within normal behavioral range,NONE,1,5,7,3701.7,3,0.05,NORMAL_REPEATED_ACTIVITY
L05_000881,254,TRANSFER,474.75,C18828946,9495.07,9020.32,C_LEGIT_864446102,0.0,474.75,0,0,L05_00126,LEGITIMATE_MULTIPLE_SMALL_TRANSACTIONS,None - repeated small transactions within normal behavioral range,NONE,1,6,7,3701.7,6,0.05,NORMAL_REPEATED_ACTIVITY
L05_000882,262,TRANSFER,451.02,C18828946,9020.32,8569.3,C_LEGIT_915184379,0.0,451.02,0,0,L05_00126,LEGITIMATE_MULTIPLE_SMALL_TRANSACTIONS,None - repeated small transactions within normal behavioral range,NONE,1,7,7,3701.7,8,0.05,NORMAL_REPEATED_ACTIVITY
L05_000883,313,TRANSFER,82551.36,C1734502831,3284241.4,3201690.04,C_LEGIT_999498363,0.0,82551.36,0,0,L05_00127,LEGITIMATE_MULTIPLE_SMALL_TRANSACTIONS,None - repeated small transactions within normal behavioral range,NONE,1,1,7,498262.25,0,0.0251,NORMAL_REPEATED_ACTIVITY
L05_000884,338,TRANSFER,55070.47,C1734502831,3201690.04,3146619.57,C_LEGIT_969341904,0.0,55070.47,0,0,L05_00127,LEGITIMATE_MULTIPLE_SMALL_TRANSACTIONS,None - repeated small transactions within normal behavioral range,NONE,1,2,7,498262.25,25,0.0172,NORMAL_REPEATED_ACTIVITY
L05_000885,343,TRANSFER,73049.41,C1734502831,3146619.57,3073570.16,C_LEGIT_950999185,0.0,73049.41,0,0,L05_00127,LEGITIMATE_MULTIPLE_SMALL_TRANSACTIONS,None - repeated small transactions within normal behavioral range,NONE,1,3,7,498262.25,5,0.0232,NORMAL_REPEATED_ACTIVITY
L05_000886,347,TRANSFER,74179.85,C1734502831,3073570.16,2999390.31,C_LEGIT_127644183,0.0,74179.85,0,0,L05_00127,LEGITIMATE_MULTIPLE_SMALL_TRANSACTIONS,None - repeated small transactions within normal behavioral range,NONE,1,4,7,498262.25,4,0.0241,NORMAL_REPEATED_ACTIVITY
L05_000887,349,TRANSFER,76780.75,C1734502831,2999390.31,2922609.56,C_LEGIT_943814909,0.0,76780.75,0,0,L05_00127,LEGITIMATE_MULTIPLE_SMALL_TRANSACTIONS,None - repeated small transactions within normal behavioral range,NONE,1,5,7,498262.25,2,0.0256,NORMAL_REPEATED_ACTIVITY
L05_000888,387,TRANSFER,70562.45,C1734502831,2922609.56,2852047.11,C_LEGIT_157956169,0.0,70562.45,0,0,L05_00127,LEGITIMATE_MULTIPLE_SMALL_TRANSACTIONS,None - repeated small transactions within normal behavioral range,NONE,1,6,7,498262.25,38,0.0241,NORMAL_REPEATED_ACTIVITY
L05_000889,390,TRANSFER,66067.96,C1734502831,2852047.11,2785979.15,C_LEGIT_685256886,0.0,66067.96,0,0,L05_00127,LEGITIMATE_MULTIPLE_SMALL_TRANSACTIONS,None - repeated small transactions within normal behavioral range,NONE,1,7,7,498262.25,3,0.0232,NORMAL_REPEATED_ACTIVITY
L05_000890,47,TRANSFER,626.2,C1188841002,12524.0,11897.8,C_LEGIT_875001265,0.0,626.2,0,0,L05_00128,LEGITIMATE_MULTIPLE_SMALL_TRANSACTIONS,None - repeated small transactions within normal behavioral range,NONE,1,1,7,3778.02,0,0.05,NORMAL_REPEATED_ACTIVITY
L05_000891,65,TRANSFER,594.89,C1188841002,11897.8,11302.91,C_LEGIT_535789099,0.0,594.89,0,0,L05_00128,LEGITIMATE_MULTIPLE_SMALL_TRANSACTIONS,None - repeated small transactions within normal behavioral range,NONE,1,2,7,3778.02,18,0.05,NORMAL_REPEATED_ACTIVITY
L05_000892,75,TRANSFER,565.15,C1188841002,11302.91,10737.76,C_LEGIT_511660326,0.0,565.15,0,0,L05_00128,LEGITIMATE_MULTIPLE_SMALL_TRANSACTIONS,None - repeated small transactions within normal behavioral range,NONE,1,3,7,3778.02,10,0.05,NORMAL_REPEATED_ACTIVITY
L05_000893,85,TRANSFER,536.89,C1188841002,10737.76,10200.87,C_LEGIT_787975959,0.0,536.89,0,0,L05_00128,LEGITIMATE_MULTIPLE_SMALL_TRANSACTIONS,None - repeated small transactions within normal behavioral range,NONE,1,4,7,3778.02,10,0.05,NORMAL_REPEATED_ACTIVITY
L05_000894,94,TRANSFER,510.04,C1188841002,10200.87,9690.83,C_LEGIT_467106019,0.0,510.04,0,0,L05_00128,LEGITIMATE_MULTIPLE_SMALL_TRANSACTIONS,None - repeated small transactions within normal behavioral range,NONE,1,5,7,3778.02,9,0.05,NORMAL_REPEATED_ACTIVITY
L05_000895,103,TRANSFER,484.54,C1188841002,9690.83,9206.29,C_LEGIT_936221262,0.0,484.54,0,0,L05_00128,LEGITIMATE_MULTIPLE_SMALL_TRANSACTIONS,None - repeated small transactions within normal behavioral range,NONE,1,6,7,3778.02,9,0.05,NORMAL_REPEATED_ACTIVITY
L05_000896,115,TRANSFER,460.31,C1188841002,9206.29,8745.98,C_LEGIT_671391791,0.0,460.31,0,0,L05_00128,LEGITIMATE_MULTIPLE_SMALL_TRANSACTIONS,None - repeated small transactions within normal behavioral range,NONE,1,7,7,3778.02,12,0.05,NORMAL_REPEATED_ACTIVITY
L05_000897,191,TRANSFER,320.55,C106752271,6411.0,6090.45,C_LEGIT_717043183,0.0,320.55,0,0,L05_00129,LEGITIMATE_MULTIPLE_SMALL_TRANSACTIONS,None - repeated small transactions within normal behavioral range,NONE,1,1,7,1933.96,0,0.05,NORMAL_REPEATED_ACTIVITY
L05_000898,192,TRANSFER,304.52,C106752271,6090.45,5785.93,C_LEGIT_893143359,0.0,304.52,0,0,L05_00129,LEGITIMATE_MULTIPLE_SMALL_TRANSACTIONS,None - repeated small transactions within normal behavioral range,NONE,1,2,7,1933.96,1,0.05,NORMAL_REPEATED_ACTIVITY
L05_000899,208,TRANSFER,289.3,C106752271,5785.93,5496.63,C_LEGIT_827108284,0.0,289.3,0,0,L05_00129,LEGITIMATE_MULTIPLE_SMALL_TRANSACTIONS,None - repeated small transactions within normal behavioral range,NONE,1,3,7,1933.96,16,0.05,NORMAL_REPEATED_ACTIVITY
L05_000900,209,TRANSFER,274.83,C106752271,5496.63,5221.8,C_LEGIT_785527746,0.0,274.83,0,0,L05_00129,LEGITIMATE_MULTIPLE_SMALL_TRANSACTIONS,None - repeated small transactions within normal behavioral range,NONE,1,4,7,1933.96,1,0.05,NORMAL_REPEATED_ACTIVITY
L05_000901,228,TRANSFER,261.09,C106752271,5221.8,4960.71,C_LEGIT_397741733,0.0,261.09,0,0,L05_00129,LEGITIMATE_MULTIPLE_SMALL_TRANSACTIONS,None - repeated small transactions within normal behavioral range,NONE,1,5,7,1933.96,19,0.05,NORMAL_REPEATED_ACTIVITY
L05_000902,238,TRANSFER,248.04,C106752271,4960.71,4712.67,C_LEGIT_570612455,0.0,248.04,0,0,L05_00129,LEGITIMATE_MULTIPLE_SMALL_TRANSACTIONS,None - repeated small transactions within normal behavioral range,NONE,1,6,7,1933.96,10,0.05,NORMAL_REPEATED_ACTIVITY
L05_000903,244,TRANSFER,235.63,C106752271,4712.67,4477.04,C_LEGIT_658638101,0.0,235.63,0,0,L05_00129,LEGITIMATE_MULTIPLE_SMALL_TRANSACTIONS,None - repeated small transactions within normal behavioral range,NONE,1,7,7,1933.96,6,0.05,NORMAL_REPEATED_ACTIVITY
L05_000904,317,TRANSFER,177506.31,C973024336,9922886.23,9745379.92,C_LEGIT_299239842,0.0,177506.31,0,0,L05_00130,LEGITIMATE_MULTIPLE_SMALL_TRANSACTIONS,None - repeated small transactions within normal behavioral range,NONE,1,1,7,1260036.38,0,0.0179,NORMAL_REPEATED_ACTIVITY
L05_000905,339,TRANSFER,140705.14,C973024336,9745379.92,9604674.78,C_LEGIT_416440221,0.0,140705.14,0,0,L05_00130,LEGITIMATE_MULTIPLE_SMALL_TRANSACTIONS,None - repeated small transactions within normal behavioral range,NONE,1,2,7,1260036.38,22,0.0144,NORMAL_REPEATED_ACTIVITY
L05_000906,350,TRANSFER,204675.06,C973024336,9604674.78,9399999.72,C_LEGIT_451678996,0.0,204675.06,0,0,L05_00130,LEGITIMATE_MULTIPLE_SMALL_TRANSACTIONS,None - repeated small transactions within normal behavioral range,NONE,1,3,7,1260036.38,11,0.0213,NORMAL_REPEATED_ACTIVITY
L05_000907,354,TRANSFER,204675.06,C973024336,9399999.72,9195324.66,C_LEGIT_816094494,0.0,204675.06,0,0,L05_00130,LEGITIMATE_MULTIPLE_SMALL_TRANSACTIONS,None - repeated small transactions within normal behavioral range,NONE,1,4,7,1260036.38,4,0.0218,NORMAL_REPEATED_ACTIVITY
L05_000908,355,TRANSFER,145826.59,C973024336,9195324.66,9049498.07,C_LEGIT_342892012,0.0,145826.59,0,0,L05_00130,LEGITIMATE_MULTIPLE_SMALL_TRANSACTIONS,None - repeated small transactions within normal behavioral range,NONE,1,5,7,1260036.38,1,0.0159,NORMAL_REPEATED_ACTIVITY
L05_000909,381,TRANSFER,204675.06,C973024336,9049498.07,8844823.01,C_LEGIT_185233803,0.0,204675.06,0,0,L05_00130,LEGITIMATE_MULTIPLE_SMALL_TRANSACTIONS,None - repeated small transactions within normal behavioral range,NONE,1,6,7,1260036.38,26,0.0226,NORMAL_REPEATED_ACTIVITY
L05_000910,389,TRANSFER,181973.16,C973024336,8844823.01,8662849.85,C_LEGIT_671022873,0.0,181973.16,0,0,L05_00130,LEGITIMATE_MULTIPLE_SMALL_TRANSACTIONS,None - repeated small transactions within normal behavioral range,NONE,1,7,7,1260036.38,8,0.0206,NORMAL_REPEATED_ACTIVITY
L05_000911,395,TRANSFER,8733.82,C939232730,1372523.86,1363790.04,C_LEGIT_970839696,0.0,8733.82,0,0,L05_00131,LEGITIMATE_MULTIPLE_SMALL_TRANSACTIONS,None - repeated small transactions within normal behavioral range,NONE,1,1,7,53143.7,0,0.0064,NORMAL_REPEATED_ACTIVITY
L05_000912,405,TRANSFER,6925.22,C939232730,1363790.04,1356864.82,C_LEGIT_929231363,0.0,6925.22,0,0,L05_00131,LEGITIMATE_MULTIPLE_SMALL_TRANSACTIONS,None - repeated small transactions within normal behavioral range,NONE,1,2,7,53143.7,10,0.0051,NORMAL_REPEATED_ACTIVITY
L05_000913,410,TRANSFER,7597.59,C939232730,1356864.82,1349267.23,C_LEGIT_817860720,0.0,7597.59,0,0,L05_00131,LEGITIMATE_MULTIPLE_SMALL_TRANSACTIONS,None - repeated small transactions within normal behavioral range,NONE,1,3,7,53143.7,5,0.0056,NORMAL_REPEATED_ACTIVITY
L05_000914,434,TRANSFER,9012.59,C939232730,1349267.23,1340254.64,C_LEGIT_321947323,0.0,9012.59,0,0,L05_00131,LEGITIMATE_MULTIPLE_SMALL_TRANSACTIONS,None - repeated small transactions within normal behavioral range,NONE,1,4,7,53143.7,24,0.0067,NORMAL_REPEATED_ACTIVITY
L05_000915,449,TRANSFER,7476.39,C939232730,1340254.64,1332778.25,C_LEGIT_363751391,0.0,7476.39,0,0,L05_00131,LEGITIMATE_MULTIPLE_SMALL_TRANSACTIONS,None - repeated small transactions within normal behavioral range,NONE,1,5,7,53143.7,15,0.0056,NORMAL_REPEATED_ACTIVITY
L05_000916,465,TRANSFER,6913.55,C939232730,1332778.25,1325864.7,C_LEGIT_709546970,0.0,6913.55,0,0,L05_00131,LEGITIMATE_MULTIPLE_SMALL_TRANSACTIONS,None - repeated small transactions within normal behavioral range,NONE,1,6,7,53143.7,16,0.0052,NORMAL_REPEATED_ACTIVITY
L05_000917,467,TRANSFER,6484.54,C939232730,1325864.7,1319380.16,C_LEGIT_673773667,0.0,6484.54,0,0,L05_00131,LEGITIMATE_MULTIPLE_SMALL_TRANSACTIONS,None - repeated small transactions within normal behavioral range,NONE,1,7,7,53143.7,2,0.0049,NORMAL_REPEATED_ACTIVITY
L05_000918,260,TRANSFER,155399.33,C450732335,6132793.91,5977394.58,C_LEGIT_707225781,0.0,155399.33,0,0,L05_00132,LEGITIMATE_MULTIPLE_SMALL_TRANSACTIONS,None - repeated small transactions within normal behavioral range,NONE,1,1,7,1053570.37,0,0.0253,NORMAL_REPEATED_ACTIVITY
L05_000919,278,TRANSFER,128106.41,C450732335,5977394.58,5849288.17,C_LEGIT_619781549,0.0,128106.41,0,0,L05_00132,LEGITIMATE_MULTIPLE_SMALL_TRANSACTIONS,None - repeated small transactions within normal behavioral range,NONE,1,2,7,1053570.37,18,0.0214,NORMAL_REPEATED_ACTIVITY
L05_000920,281,TRANSFER,187683.01,C450732335,5849288.17,5661605.16,C_LEGIT_538723195,0.0,187683.01,0,0,L05_00132,LEGITIMATE_MULTIPLE_SMALL_TRANSACTIONS,None - repeated small transactions within normal behavioral range,NONE,1,3,7,1053570.37,3,0.0321,NORMAL_REPEATED_ACTIVITY
L05_000921,308,TRANSFER,126272.08,C450732335,5661605.16,5535333.08,C_LEGIT_235832253,0.0,126272.08,0,0,L05_00132,LEGITIMATE_MULTIPLE_SMALL_TRANSACTIONS,None - repeated small transactions within normal behavioral range,NONE,1,4,7,1053570.37,27,0.0223,NORMAL_REPEATED_ACTIVITY
L05_000922,313,TRANSFER,173567.92,C450732335,5535333.08,5361765.16,C_LEGIT_442079956,0.0,173567.92,0,0,L05_00132,LEGITIMATE_MULTIPLE_SMALL_TRANSACTIONS,None - repeated small transactions within normal behavioral range,NONE,1,5,7,1053570.37,5,0.0314,NORMAL_REPEATED_ACTIVITY
L05_000923,315,TRANSFER,145278.35,C450732335,5361765.16,5216486.81,C_LEGIT_608107013,0.0,145278.35,0,0,L05_00132,LEGITIMATE_MULTIPLE_SMALL_TRANSACTIONS,None - repeated small transactions within normal behavioral range,NONE,1,6,7,1053570.37,2,0.0271,NORMAL_REPEATED_ACTIVITY
L05_000924,325,TRANSFER,137263.27,C450732335,5216486.81,5079223.54,C_LEGIT_491176964,0.0,137263.27,0,0,L05_00132,LEGITIMATE_MULTIPLE_SMALL_TRANSACTIONS,None - repeated small transactions within normal behavioral range,NONE,1,7,7,1053570.37,10,0.0263,NORMAL_REPEATED_ACTIVITY
L05_000925,166,TRANSFER,38.25,C97893822,765.0,726.75,C_LEGIT_300928509,0.0,38.25,0,0,L05_00133,LEGITIMATE_MULTIPLE_SMALL_TRANSACTIONS,None - repeated small transactions within normal behavioral range,NONE,1,1,7,230.78,0,0.05,NORMAL_REPEATED_ACTIVITY
L05_000926,187,TRANSFER,36.34,C97893822,726.75,690.41,C_LEGIT_319483087,0.0,36.34,0,0,L05_00133,LEGITIMATE_MULTIPLE_SMALL_TRANSACTIONS,None - repeated small transactions within normal behavioral range,NONE,1,2,7,230.78,21,0.05,NORMAL_REPEATED_ACTIVITY
L05_000927,195,TRANSFER,34.52,C97893822,690.41,655.89,C_LEGIT_228228468,0.0,34.52,0,0,L05_00133,LEGITIMATE_MULTIPLE_SMALL_TRANSACTIONS,None - repeated small transactions within normal behavioral range,NONE,1,3,7,230.78,8,0.05,NORMAL_REPEATED_ACTIVITY
L05_000928,213,TRANSFER,32.79,C97893822,655.89,623.1,C_LEGIT_398356513,0.0,32.79,0,0,L05_00133,LEGITIMATE_MULTIPLE_SMALL_TRANSACTIONS,None - repeated small transactions within normal behavioral range,NONE,1,4,7,230.78,18,0.05,NORMAL_REPEATED_ACTIVITY
L05_000929,215,TRANSFER,31.16,C97893822,623.1,591.94,C_LEGIT_949097241,0.0,31.16,0,0,L05_00133,LEGITIMATE_MULTIPLE_SMALL_TRANSACTIONS,None - repeated small transactions within normal behavioral range,NONE,1,5,7,230.78,2,0.05,NORMAL_REPEATED_ACTIVITY
L05_000930,224,TRANSFER,29.6,C97893822,591.94,562.34,C_LEGIT_119052811,0.0,29.6,0,0,L05_00133,LEGITIMATE_MULTIPLE_SMALL_TRANSACTIONS,None - repeated small transactions within normal behavioral range,NONE,1,6,7,230.78,9,0.05,NORMAL_REPEATED_ACTIVITY
L05_000931,237,TRANSFER,28.12,C97893822,562.34,534.22,C_LEGIT_903081341,0.0,28.12,0,0,L05_00133,LEGITIMATE_MULTIPLE_SMALL_TRANSACTIONS,None - repeated small transactions within normal behavioral range,NONE,1,7,7,230.78,13,0.05,NORMAL_REPEATED_ACTIVITY
L05_000932,16,TRANSFER,2535.6,C1749053618,50711.94,48176.34,C_LEGIT_647227842,0.0,2535.6,0,0,L05_00134,LEGITIMATE_MULTIPLE_SMALL_TRANSACTIONS,None - repeated small transactions within normal behavioral range,NONE,1,1,7,15297.92,0,0.05,NORMAL_REPEATED_ACTIVITY
L05_000933,44,TRANSFER,2408.82,C1749053618,48176.34,45767.52,C_LEGIT_535895656,0.0,2408.82,0,0,L05_00134,LEGITIMATE_MULTIPLE_SMALL_TRANSACTIONS,None - repeated small transactions within normal behavioral range,NONE,1,2,7,15297.92,28,0.05,NORMAL_REPEATED_ACTIVITY
L05_000934,62,TRANSFER,2288.38,C1749053618,45767.52,43479.14,C_LEGIT_940123850,0.0,2288.38,0,0,L05_00134,LEGITIMATE_MULTIPLE_SMALL_TRANSACTIONS,None - repeated small transactions within normal behavioral range,NONE,1,3,7,15297.92,18,0.05,NORMAL_REPEATED_ACTIVITY
L05_000935,99,TRANSFER,2173.96,C1749053618,43479.14,41305.18,C_LEGIT_298541972,0.0,2173.96,0,0,L05_00134,LEGITIMATE_MULTIPLE_SMALL_TRANSACTIONS,None - repeated small transactions within normal behavioral range,NONE,1,4,7,15297.92,37,0.05,NORMAL_REPEATED_ACTIVITY
L05_000936,100,TRANSFER,2065.26,C1749053618,41305.18,39239.92,C_LEGIT_752024492,0.0,2065.26,0,0,L05_00134,LEGITIMATE_MULTIPLE_SMALL_TRANSACTIONS,None - repeated small transactions within normal behavioral range,NONE,1,5,7,15297.92,1,0.05,NORMAL_REPEATED_ACTIVITY
L05_000937,108,TRANSFER,1962.0,C1749053618,39239.92,37277.92,C_LEGIT_348868590,0.0,1962.0,0,0,L05_00134,LEGITIMATE_MULTIPLE_SMALL_TRANSACTIONS,None - repeated small transactions within normal behavioral range,NONE,1,6,7,15297.92,8,0.05,NORMAL_REPEATED_ACTIVITY
L05_000938,109,TRANSFER,1863.9,C1749053618,37277.92,35414.02,C_LEGIT_639097898,0.0,1863.9,0,0,L05_00134,LEGITIMATE_MULTIPLE_SMALL_TRANSACTIONS,None - repeated small transactions within normal behavioral range,NONE,1,7,7,15297.92,1,0.05,NORMAL_REPEATED_ACTIVITY
L05_000939,706,TRANSFER,5646.4,C1300852420,112928.0,107281.6,C_LEGIT_629644432,0.0,5646.4,0,0,L05_00135,LEGITIMATE_MULTIPLE_SMALL_TRANSACTIONS,None - repeated small transactions within normal behavioral range,NONE,1,1,7,34066.17,0,0.05,NORMAL_REPEATED_ACTIVITY
L05_000940,718,TRANSFER,5364.08,C1300852420,107281.6,101917.52,C_LEGIT_377224057,0.0,5364.08,0,0,L05_00135,LEGITIMATE_MULTIPLE_SMALL_TRANSACTIONS,None - repeated small transactions within normal behavioral range,NONE,1,2,7,34066.17,12,0.05,NORMAL_REPEATED_ACTIVITY
L05_000941,724,TRANSFER,5095.88,C1300852420,101917.52,96821.64,C_LEGIT_382203219,0.0,5095.88,0,0,L05_00135,LEGITIMATE_MULTIPLE_SMALL_TRANSACTIONS,None - repeated small transactions within normal behavioral range,NONE,1,3,7,34066.17,6,0.05,NORMAL_REPEATED_ACTIVITY
L05_000942,729,TRANSFER,4841.08,C1300852420,96821.64,91980.56,C_LEGIT_443442104,0.0,4841.08,0,0,L05_00135,LEGITIMATE_MULTIPLE_SMALL_TRANSACTIONS,None - repeated small transactions within normal behavioral range,NONE,1,4,7,34066.17,5,0.05,NORMAL_REPEATED_ACTIVITY
L05_000943,735,TRANSFER,4599.03,C1300852420,91980.56,87381.53,C_LEGIT_385603225,0.0,4599.03,0,0,L05_00135,LEGITIMATE_MULTIPLE_SMALL_TRANSACTIONS,None - repeated small transactions within normal behavioral range,NONE,1,5,7,34066.17,6,0.05,NORMAL_REPEATED_ACTIVITY
L05_000944,767,TRANSFER,4369.08,C1300852420,87381.53,83012.45,C_LEGIT_632348689,0.0,4369.08,0,0,L05_00135,LEGITIMATE_MULTIPLE_SMALL_TRANSACTIONS,None - repeated small transactions within normal behavioral range,NONE,1,6,7,34066.17,32,0.05,NORMAL_REPEATED_ACTIVITY
L05_000945,789,TRANSFER,4150.62,C1300852420,83012.45,78861.83,C_LEGIT_107370111,0.0,4150.62,0,0,L05_00135,LEGITIMATE_MULTIPLE_SMALL_TRANSACTIONS,None - repeated small transactions within normal behavioral range,NONE,1,7,7,34066.17,22,0.05,NORMAL_REPEATED_ACTIVITY
L05_000946,331,TRANSFER,21414.87,C654596192,428297.44,406882.57,C_LEGIT_203715382,0.0,21414.87,0,0,L05_00136,LEGITIMATE_MULTIPLE_SMALL_TRANSACTIONS,None - repeated small transactions within normal behavioral range,NONE,1,1,7,129201.37,0,0.05,NORMAL_REPEATED_ACTIVITY
L05_000947,343,TRANSFER,20344.13,C654596192,406882.57,386538.44,C_LEGIT_422307969,0.0,20344.13,0,0,L05_00136,LEGITIMATE_MULTIPLE_SMALL_TRANSACTIONS,None - repeated small transactions within normal behavioral range,NONE,1,2,7,129201.37,12,0.05,NORMAL_REPEATED_ACTIVITY
L05_000948,352,TRANSFER,19326.92,C654596192,386538.44,367211.52,C_LEGIT_951321978,0.0,19326.92,0,0,L05_00136,LEGITIMATE_MULTIPLE_SMALL_TRANSACTIONS,None - repeated small transactions within normal behavioral range,NONE,1,3,7,129201.37,9,0.05,NORMAL_REPEATED_ACTIVITY
L05_000949,353,TRANSFER,18360.58,C654596192,367211.52,348850.94,C_LEGIT_229882423,0.0,18360.58,0,0,L05_00136,LEGITIMATE_MULTIPLE_SMALL_TRANSACTIONS,None - repeated small transactions within normal behavioral range,NONE,1,4,7,129201.37,1,0.05,NORMAL_REPEATED_ACTIVITY
L05_000950,371,TRANSFER,17442.55,C654596192,348850.94,331408.39,C_LEGIT_757057949,0.0,17442.55,0,0,L05_00136,LEGITIMATE_MULTIPLE_SMALL_TRANSACTIONS,None - repeated small transactions within normal behavioral range,NONE,1,5,7,129201.37,18,0.05,NORMAL_REPEATED_ACTIVITY
L05_000951,391,TRANSFER,16570.42,C654596192,331408.39,314837.97,C_LEGIT_194395627,0.0,16570.42,0,0,L05_00136,LEGITIMATE_MULTIPLE_SMALL_TRANSACTIONS,None - repeated small transactions within normal behavioral range,NONE,1,6,7,129201.37,20,0.05,NORMAL_REPEATED_ACTIVITY
L05_000952,401,TRANSFER,15741.9,C654596192,314837.97,299096.07,C_LEGIT_197514402,0.0,15741.9,0,0,L05_00136,LEGITIMATE_MULTIPLE_SMALL_TRANSACTIONS,None - repeated small transactions within normal behavioral range,NONE,1,7,7,129201.37,10,0.05,NORMAL_REPEATED_ACTIVITY
L05_000953,351,TRANSFER,204675.06,C15683377,10747876.48,10543201.42,C_LEGIT_129546372,0.0,204675.06,0,0,L05_00137,LEGITIMATE_MULTIPLE_SMALL_TRANSACTIONS,None - repeated small transactions within normal behavioral range,NONE,1,1,7,1273424.87,0,0.019,NORMAL_REPEATED_ACTIVITY
L05_000954,390,TRANSFER,157659.81,C15683377,10543201.42,10385541.61,C_LEGIT_105830707,0.0,157659.81,0,0,L05_00137,LEGITIMATE_MULTIPLE_SMALL_TRANSACTIONS,None - repeated small transactions within normal behavioral range,NONE,1,2,7,1273424.87,39,0.015,NORMAL_REPEATED_ACTIVITY
L05_000955,400,TRANSFER,177221.21,C15683377,10385541.61,10208320.4,C_LEGIT_460274611,0.0,177221.21,0,0,L05_00137,LEGITIMATE_MULTIPLE_SMALL_TRANSACTIONS,None - repeated small transactions within normal behavioral range,NONE,1,3,7,1273424.87,10,0.0171,NORMAL_REPEATED_ACTIVITY
L05_000956,406,TRANSFER,157844.45,C15683377,10208320.4,10050475.95,C_LEGIT_634657707,0.0,157844.45,0,0,L05_00137,LEGITIMATE_MULTIPLE_SMALL_TRANSACTIONS,None - repeated small transactions within normal behavioral range,NONE,1,4,7,1273424.87,6,0.0155,NORMAL_REPEATED_ACTIVITY
L05_000957,412,TRANSFER,185768.88,C15683377,10050475.95,9864707.07,C_LEGIT_305502016,0.0,185768.88,0,0,L05_00137,LEGITIMATE_MULTIPLE_SMALL_TRANSACTIONS,None - repeated small transactions within normal behavioral range,NONE,1,5,7,1273424.87,6,0.0185,NORMAL_REPEATED_ACTIVITY
L05_000958,422,TRANSFER,187657.5,C15683377,9864707.07,9677049.57,C_LEGIT_860314032,0.0,187657.5,0,0,L05_00137,LEGITIMATE_MULTIPLE_SMALL_TRANSACTIONS,None - repeated small transactions within normal behavioral range,NONE,1,6,7,1273424.87,10,0.019,NORMAL_REPEATED_ACTIVITY
L05_000959,441,TRANSFER,202597.96,C15683377,9677049.57,9474451.61,C_LEGIT_876120979,0.0,202597.96,0,0,L05_00137,LEGITIMATE_MULTIPLE_SMALL_TRANSACTIONS,None - repeated small transactions within normal behavioral range,NONE,1,7,7,1273424.87,19,0.0209,NORMAL_REPEATED_ACTIVITY
L05_000960,353,TRANSFER,3503.89,C378421126,543561.0,540057.11,C_LEGIT_549955067,0.0,3503.89,0,0,L05_00138,LEGITIMATE_MULTIPLE_SMALL_TRANSACTIONS,None - repeated small transactions within normal behavioral range,NONE,1,1,7,28404.56,0,0.0064,NORMAL_REPEATED_ACTIVITY
L05_000961,362,TRANSFER,4235.45,C378421126,540057.11,535821.66,C_LEGIT_668697821,0.0,4235.45,0,0,L05_00138,LEGITIMATE_MULTIPLE_SMALL_TRANSACTIONS,None - repeated small transactions within normal behavioral range,NONE,1,2,7,28404.56,9,0.0078,NORMAL_REPEATED_ACTIVITY
L05_000962,391,TRANSFER,3188.24,C378421126,535821.66,532633.42,C_LEGIT_983811775,0.0,3188.24,0,0,L05_00138,LEGITIMATE_MULTIPLE_SMALL_TRANSACTIONS,None - repeated small transactions within normal behavioral range,NONE,1,3,7,28404.56,29,0.006,NORMAL_REPEATED_ACTIVITY
L05_000963,397,TRANSFER,4148.21,C378421126,532633.42,528485.21,C_LEGIT_732465745,0.0,4148.21,0,0,L05_00138,LEGITIMATE_MULTIPLE_SMALL_TRANSACTIONS,None - repeated small transactions within normal behavioral range,NONE,1,4,7,28404.56,6,0.0078,NORMAL_REPEATED_ACTIVITY
L05_000964,407,TRANSFER,4082.79,C378421126,528485.21,524402.42,C_LEGIT_153782159,0.0,4082.79,0,0,L05_00138,LEGITIMATE_MULTIPLE_SMALL_TRANSACTIONS,None - repeated small transactions within normal behavioral range,NONE,1,5,7,28404.56,10,0.0077,NORMAL_REPEATED_ACTIVITY
L05_000965,409,TRANSFER,4964.58,C378421126,524402.42,519437.84,C_LEGIT_866002401,0.0,4964.58,0,0,L05_00138,LEGITIMATE_MULTIPLE_SMALL_TRANSACTIONS,None - repeated small transactions within normal behavioral range,NONE,1,6,7,28404.56,2,0.0095,NORMAL_REPEATED_ACTIVITY
L05_000966,432,TRANSFER,4281.4,C378421126,519437.84,515156.44,C_LEGIT_988499051,0.0,4281.4,0,0,L05_00138,LEGITIMATE_MULTIPLE_SMALL_TRANSACTIONS,None - repeated small transactions within normal behavioral range,NONE,1,7,7,28404.56,23,0.0082,NORMAL_REPEATED_ACTIVITY
L05_000967,171,TRANSFER,37558.75,C93404313,751175.0,713616.25,C_LEGIT_347755341,0.0,37558.75,0,0,L05_00139,LEGITIMATE_MULTIPLE_SMALL_TRANSACTIONS,None - repeated small transactions within normal behavioral range,NONE,1,1,7,226601.47,0,0.05,NORMAL_REPEATED_ACTIVITY
L05_000968,174,TRANSFER,35680.81,C93404313,713616.25,677935.44,C_LEGIT_553904812,0.0,35680.81,0,0,L05_00139,LEGITIMATE_MULTIPLE_SMALL_TRANSACTIONS,None - repeated small transactions within normal behavioral range,NONE,1,2,7,226601.47,3,0.05,NORMAL_REPEATED_ACTIVITY
L05_000969,184,TRANSFER,33896.77,C93404313,677935.44,644038.67,C_LEGIT_739441417,0.0,33896.77,0,0,L05_00139,LEGITIMATE_MULTIPLE_SMALL_TRANSACTIONS,None - repeated small transactions within normal behavioral range,NONE,1,3,7,226601.47,10,0.05,NORMAL_REPEATED_ACTIVITY
L05_000970,192,TRANSFER,32201.93,C93404313,644038.67,611836.74,C_LEGIT_206069408,0.0,32201.93,0,0,L05_00139,LEGITIMATE_MULTIPLE_SMALL_TRANSACTIONS,None - repeated small transactions within normal behavioral range,NONE,1,4,7,226601.47,8,0.05,NORMAL_REPEATED_ACTIVITY
L05_000971,202,TRANSFER,30591.84,C93404313,611836.74,581244.9,C_LEGIT_465238969,0.0,30591.84,0,0,L05_00139,LEGITIMATE_MULTIPLE_SMALL_TRANSACTIONS,None - repeated small transactions within normal behavioral range,NONE,1,5,7,226601.47,10,0.05,NORMAL_REPEATED_ACTIVITY
L05_000972,211,TRANSFER,29062.24,C93404313,581244.9,552182.66,C_LEGIT_559145416,0.0,29062.24,0,0,L05_00139,LEGITIMATE_MULTIPLE_SMALL_TRANSACTIONS,None - repeated small transactions within normal behavioral range,NONE,1,6,7,226601.47,9,0.05,NORMAL_REPEATED_ACTIVITY
L05_000973,227,TRANSFER,27609.13,C93404313,552182.66,524573.53,C_LEGIT_407490805,0.0,27609.13,0,0,L05_00139,LEGITIMATE_MULTIPLE_SMALL_TRANSACTIONS,None - repeated small transactions within normal behavioral range,NONE,1,7,7,226601.47,16,0.05,NORMAL_REPEATED_ACTIVITY
L05_000974,176,TRANSFER,60708.53,C1910259112,1214170.64,1153462.11,C_LEGIT_318948930,0.0,60708.53,0,0,L05_00140,LEGITIMATE_MULTIPLE_SMALL_TRANSACTIONS,None - repeated small transactions within normal behavioral range,NONE,1,1,7,365045.02,0,0.05,NORMAL_REPEATED_ACTIVITY
L05_000975,202,TRANSFER,57112.59,C1910259112,1153462.11,1096349.52,C_LEGIT_193599743,0.0,57112.59,0,0,L05_00140,LEGITIMATE_MULTIPLE_SMALL_TRANSACTIONS,None - repeated small transactions within normal behavioral range,NONE,1,2,7,365045.02,26,0.0495,NORMAL_REPEATED_ACTIVITY
L05_000976,210,TRANSFER,53846.01,C1910259112,1096349.52,1042503.51,C_LEGIT_307954541,0.0,53846.01,0,0,L05_00140,LEGITIMATE_MULTIPLE_SMALL_TRANSACTIONS,None - repeated small transactions within normal behavioral range,NONE,1,3,7,365045.02,8,0.0491,NORMAL_REPEATED_ACTIVITY
L05_000977,213,TRANSFER,52125.18,C1910259112,1042503.51,990378.33,C_LEGIT_938835935,0.0,52125.18,0,0,L05_00140,LEGITIMATE_MULTIPLE_SMALL_TRANSACTIONS,None - repeated small transactions within normal behavioral range,NONE,1,4,7,365045.02,3,0.05,NORMAL_REPEATED_ACTIVITY
L05_000978,218,TRANSFER,49518.92,C1910259112,990378.33,940859.41,C_LEGIT_118638397,0.0,49518.92,0,0,L05_00140,LEGITIMATE_MULTIPLE_SMALL_TRANSACTIONS,None - repeated small transactions within normal behavioral range,NONE,1,5,7,365045.02,5,0.05,NORMAL_REPEATED_ACTIVITY
L05_000979,240,TRANSFER,47042.97,C1910259112,940859.41,893816.44,C_LEGIT_749453020,0.0,47042.97,0,0,L05_00140,LEGITIMATE_MULTIPLE_SMALL_TRANSACTIONS,None - repeated small transactions within normal behavioral range,NONE,1,6,7,365045.02,22,0.05,NORMAL_REPEATED_ACTIVITY
L05_000980,258,TRANSFER,44690.82,C1910259112,893816.44,849125.62,C_LEGIT_606043854,0.0,44690.82,0,0,L05_00140,LEGITIMATE_MULTIPLE_SMALL_TRANSACTIONS,None - repeated small transactions within normal behavioral range,NONE,1,7,7,365045.02,18,0.05,NORMAL_REPEATED_ACTIVITY
L05_000981,414,TRANSFER,132833.58,C1265918496,11598780.2,11465946.62,C_LEGIT_692674498,0.0,132833.58,0,0,L05_00141,LEGITIMATE_MULTIPLE_SMALL_TRANSACTIONS,None - repeated small transactions within normal behavioral range,NONE,1,1,7,1040028.91,0,0.0115,NORMAL_REPEATED_ACTIVITY
L05_000982,421,TRANSFER,148580.7,C1265918496,11465946.62,11317365.92,C_LEGIT_605833200,0.0,148580.7,0,0,L05_00141,LEGITIMATE_MULTIPLE_SMALL_TRANSACTIONS,None - repeated small transactions within normal behavioral range,NONE,1,2,7,1040028.91,7,0.013,NORMAL_REPEATED_ACTIVITY
L05_000983,425,TRANSFER,133430.69,C1265918496,11317365.92,11183935.23,C_LEGIT_917538335,0.0,133430.69,0,0,L05_00141,LEGITIMATE_MULTIPLE_SMALL_TRANSACTIONS,None - repeated small transactions within normal behavioral range,NONE,1,3,7,1040028.91,4,0.0118,NORMAL_REPEATED_ACTIVITY
L05_000984,437,TRANSFER,180309.84,C1265918496,11183935.23,11003625.39,C_LEGIT_906420301,0.0,180309.84,0,0,L05_00141,LEGITIMATE_MULTIPLE_SMALL_TRANSACTIONS,None - repeated small transactions within normal behavioral range,NONE,1,4,7,1040028.91,12,0.0161,NORMAL_REPEATED_ACTIVITY
L05_000985,444,TRANSFER,130485.35,C1265918496,11003625.39,10873140.04,C_LEGIT_387236888,0.0,130485.35,0,0,L05_00141,LEGITIMATE_MULTIPLE_SMALL_TRANSACTIONS,None - repeated small transactions within normal behavioral range,NONE,1,5,7,1040028.91,7,0.0119,NORMAL_REPEATED_ACTIVITY
L05_000986,447,TRANSFER,152446.81,C1265918496,10873140.04,10720693.23,C_LEGIT_408687061,0.0,152446.81,0,0,L05_00141,LEGITIMATE_MULTIPLE_SMALL_TRANSACTIONS,None - repeated small transactions within normal behavioral range,NONE,1,6,7,1040028.91,3,0.014,NORMAL_REPEATED_ACTIVITY
L05_000987,471,TRANSFER,161941.94,C1265918496,10720693.23,10558751.29,C_LEGIT_811770810,0.0,161941.94,0,0,L05_00141,LEGITIMATE_MULTIPLE_SMALL_TRANSACTIONS,None - repeated small transactions within normal behavioral range,NONE,1,7,7,1040028.91,24,0.0151,NORMAL_REPEATED_ACTIVITY
L05_000988,257,TRANSFER,21722.44,C1317632652,774018.85,752296.41,C_LEGIT_270711234,0.0,21722.44,0,0,L05_00142,LEGITIMATE_MULTIPLE_SMALL_TRANSACTIONS,None - repeated small transactions within normal behavioral range,NONE,1,1,7,139119.25,0,0.0281,NORMAL_REPEATED_ACTIVITY
L05_000989,259,TRANSFER,17990.82,C1317632652,752296.41,734305.59,C_LEGIT_185786590,0.0,17990.82,0,0,L05_00142,LEGITIMATE_MULTIPLE_SMALL_TRANSACTIONS,None - repeated small transactions within normal behavioral range,NONE,1,2,7,139119.25,2,0.0239,NORMAL_REPEATED_ACTIVITY
L05_000990,269,TRANSFER,19539.4,C1317632652,734305.59,714766.19,C_LEGIT_223608081,0.0,19539.4,0,0,L05_00142,LEGITIMATE_MULTIPLE_SMALL_TRANSACTIONS,None - repeated small transactions within normal behavioral range,NONE,1,3,7,139119.25,10,0.0266,NORMAL_REPEATED_ACTIVITY
L05_000991,273,TRANSFER,19399.26,C1317632652,714766.19,695366.93,C_LEGIT_495495474,0.0,19399.26,0,0,L05_00142,LEGITIMATE_MULTIPLE_SMALL_TRANSACTIONS,None - repeated small transactions within normal behavioral range,NONE,1,4,7,139119.25,4,0.0271,NORMAL_REPEATED_ACTIVITY
L05_000992,290,TRANSFER,17551.7,C1317632652,695366.93,677815.23,C_LEGIT_520754190,0.0,17551.7,0,0,L05_00142,LEGITIMATE_MULTIPLE_SMALL_TRANSACTIONS,None - repeated small transactions within normal behavioral range,NONE,1,5,7,139119.25,17,0.0252,NORMAL_REPEATED_ACTIVITY
L05_000993,302,TRANSFER,20520.92,C1317632652,677815.23,657294.31,C_LEGIT_317228169,0.0,20520.92,0,0,L05_00142,LEGITIMATE_MULTIPLE_SMALL_TRANSACTIONS,None - repeated small transactions within normal behavioral range,NONE,1,6,7,139119.25,12,0.0303,NORMAL_REPEATED_ACTIVITY
L05_000994,327,TRANSFER,22394.71,C1317632652,657294.31,634899.6,C_LEGIT_314149626,0.0,22394.71,0,0,L05_00142,LEGITIMATE_MULTIPLE_SMALL_TRANSACTIONS,None - repeated small transactions within normal behavioral range,NONE,1,7,7,139119.25,25,0.0341,NORMAL_REPEATED_ACTIVITY
L05_000995,421,TRANSFER,164920.14,C1430184531,7003117.28,6838197.14,C_LEGIT_609735218,0.0,164920.14,0,0,L05_00143,LEGITIMATE_MULTIPLE_SMALL_TRANSACTIONS,None - repeated small transactions within normal behavioral range,NONE,1,1,7,1370776.15,0,0.0235,NORMAL_REPEATED_ACTIVITY
L05_000996,427,TRANSFER,203273.67,C1430184531,6838197.14,6634923.47,C_LEGIT_614391771,0.0,203273.67,0,0,L05_00143,LEGITIMATE_MULTIPLE_SMALL_TRANSACTIONS,None - repeated small transactions within normal behavioral range,NONE,1,2,7,1370776.15,6,0.0297,NORMAL_REPEATED_ACTIVITY
L05_000997,444,TRANSFER,198465.11,C1430184531,6634923.47,6436458.36,C_LEGIT_668585762,0.0,198465.11,0,0,L05_00143,LEGITIMATE_MULTIPLE_SMALL_TRANSACTIONS,None - repeated small transactions within normal behavioral range,NONE,1,3,7,1370776.15,17,0.0299,NORMAL_REPEATED_ACTIVITY
L05_000998,447,TRANSFER,204675.06,C1430184531,6436458.36,6231783.3,C_LEGIT_806408746,0.0,204675.06,0,0,L05_00143,LEGITIMATE_MULTIPLE_SMALL_TRANSACTIONS,None - repeated small transactions within normal behavioral range,NONE,1,4,7,1370776.15,3,0.0318,NORMAL_REPEATED_ACTIVITY
L05_000999,469,TRANSFER,204675.06,C1430184531,6231783.3,6027108.24,C_LEGIT_336327336,0.0,204675.06,0,0,L05_00143,LEGITIMATE_MULTIPLE_SMALL_TRANSACTIONS,None - repeated small transactions within normal behavioral range,NONE,1,5,7,1370776.15,22,0.0328,NORMAL_REPEATED_ACTIVITY
L05_001000,491,TRANSFER,190092.05,C1430184531,6027108.24,5837016.19,C_LEGIT_146383190,0.0,190092.05,0,0,L05_00143,LEGITIMATE_MULTIPLE_SMALL_TRANSACTIONS,None - repeated small transactions within normal behavioral range,NONE,1,6,7,1370776.15,22,0.0315,NORMAL_REPEATED_ACTIVITY
L05_001001,495,TRANSFER,204675.06,C1430184531,5837016.19,5632341.13,C_LEGIT_980967164,0.0,204675.06,0,0,L05_00143,LEGITIMATE_MULTIPLE_SMALL_TRANSACTIONS,None - repeated small transactions within normal behavioral range,NONE,1,7,7,1370776.15,4,0.0351,NORMAL_REPEATED_ACTIVITY
L05_001002,400,TRANSFER,354.0,C330333102,7080.0,6726.0,C_LEGIT_115784417,0.0,354.0,0,0,L05_00144,LEGITIMATE_MULTIPLE_SMALL_TRANSACTIONS,None - repeated small transactions within normal behavioral range,NONE,1,1,7,2135.77,0,0.05,NORMAL_REPEATED_ACTIVITY
L05_001003,426,TRANSFER,336.3,C330333102,6726.0,6389.7,C_LEGIT_149761145,0.0,336.3,0,0,L05_00144,LEGITIMATE_MULTIPLE_SMALL_TRANSACTIONS,None - repeated small transactions within normal behavioral range,NONE,1,2,7,2135.77,26,0.05,NORMAL_REPEATED_ACTIVITY
L05_001004,429,TRANSFER,319.49,C330333102,6389.7,6070.21,C_LEGIT_340337244,0.0,319.49,0,0,L05_00144,LEGITIMATE_MULTIPLE_SMALL_TRANSACTIONS,None - repeated small transactions within normal behavioral range,NONE,1,3,7,2135.77,3,0.05,NORMAL_REPEATED_ACTIVITY
L05_001005,450,TRANSFER,303.51,C330333102,6070.21,5766.7,C_LEGIT_430568123,0.0,303.51,0,0,L05_00144,LEGITIMATE_MULTIPLE_SMALL_TRANSACTIONS,None - repeated small transactions within normal behavioral range,NONE,1,4,7,2135.77,21,0.05,NORMAL_REPEATED_ACTIVITY
L05_001006,454,TRANSFER,288.33,C330333102,5766.7,5478.37,C_LEGIT_469893009,0.0,288.33,0,0,L05_00144,LEGITIMATE_MULTIPLE_SMALL_TRANSACTIONS,None - repeated small transactions within normal behavioral range,NONE,1,5,7,2135.77,4,0.05,NORMAL_REPEATED_ACTIVITY
L05_001007,461,TRANSFER,273.92,C330333102,5478.37,5204.45,C_LEGIT_444770932,0.0,273.92,0,0,L05_00144,LEGITIMATE_MULTIPLE_SMALL_TRANSACTIONS,None - repeated small transactions within normal behavioral range,NONE,1,6,7,2135.77,7,0.05,NORMAL_REPEATED_ACTIVITY
L05_001008,463,TRANSFER,260.22,C330333102,5204.45,4944.23,C_LEGIT_372753131,0.0,260.22,0,0,L05_00144,LEGITIMATE_MULTIPLE_SMALL_TRANSACTIONS,None - repeated small transactions within normal behavioral range,NONE,1,7,7,2135.77,2,0.05,NORMAL_REPEATED_ACTIVITY
L05_001009,47,TRANSFER,2833.85,C1666603235,56677.0,53843.15,C_LEGIT_331568147,0.0,2833.85,0,0,L05_00145,LEGITIMATE_MULTIPLE_SMALL_TRANSACTIONS,None - repeated small transactions within normal behavioral range,NONE,1,1,7,17097.34,0,0.05,NORMAL_REPEATED_ACTIVITY
L05_001010,67,TRANSFER,2692.16,C1666603235,53843.15,51150.99,C_LEGIT_573526986,0.0,2692.16,0,0,L05_00145,LEGITIMATE_MULTIPLE_SMALL_TRANSACTIONS,None - repeated small transactions within normal behavioral range,NONE,1,2,7,17097.34,20,0.05,NORMAL_REPEATED_ACTIVITY
L05_001011,74,TRANSFER,2557.55,C1666603235,51150.99,48593.44,C_LEGIT_156562733,0.0,2557.55,0,0,L05_00145,LEGITIMATE_MULTIPLE_SMALL_TRANSACTIONS,None - repeated small transactions within normal behavioral range,NONE,1,3,7,17097.34,7,0.05,NORMAL_REPEATED_ACTIVITY
L05_001012,75,TRANSFER,2429.67,C1666603235,48593.44,46163.77,C_LEGIT_895941239,0.0,2429.67,0,0,L05_00145,LEGITIMATE_MULTIPLE_SMALL_TRANSACTIONS,None - repeated small transactions within normal behavioral range,NONE,1,4,7,17097.34,1,0.05,NORMAL_REPEATED_ACTIVITY
L05_001013,79,TRANSFER,2308.19,C1666603235,46163.77,43855.58,C_LEGIT_772367887,0.0,2308.19,0,0,L05_00145,LEGITIMATE_MULTIPLE_SMALL_TRANSACTIONS,None - repeated small transactions within normal behavioral range,NONE,1,5,7,17097.34,4,0.05,NORMAL_REPEATED_ACTIVITY
L05_001014,120,TRANSFER,2192.78,C1666603235,43855.58,41662.8,C_LEGIT_165624281,0.0,2192.78,0,0,L05_00145,LEGITIMATE_MULTIPLE_SMALL_TRANSACTIONS,None - repeated small transactions within normal behavioral range,NONE,1,6,7,17097.34,41,0.05,NORMAL_REPEATED_ACTIVITY
L05_001015,128,TRANSFER,2083.14,C1666603235,41662.8,39579.66,C_LEGIT_663611349,0.0,2083.14,0,0,L05_00145,LEGITIMATE_MULTIPLE_SMALL_TRANSACTIONS,None - repeated small transactions within normal behavioral range,NONE,1,7,7,17097.34,8,0.05,NORMAL_REPEATED_ACTIVITY
L05_001016,41,TRANSFER,46343.46,C1170449836,2480724.24,2434380.78,C_LEGIT_238117500,0.0,46343.46,0,0,L05_00146,LEGITIMATE_MULTIPLE_SMALL_TRANSACTIONS,None - repeated small transactions within normal behavioral range,NONE,1,1,7,355272.6,0,0.0187,NORMAL_REPEATED_ACTIVITY
L05_001017,42,TRANSFER,66303.05,C1170449836,2434380.78,2368077.73,C_LEGIT_136303441,0.0,66303.05,0,0,L05_00146,LEGITIMATE_MULTIPLE_SMALL_TRANSACTIONS,None - repeated small transactions within normal behavioral range,NONE,1,2,7,355272.6,1,0.0272,NORMAL_REPEATED_ACTIVITY
L05_001018,47,TRANSFER,42742.89,C1170449836,2368077.73,2325334.84,C_LEGIT_521604314,0.0,42742.89,0,0,L05_00146,LEGITIMATE_MULTIPLE_SMALL_TRANSACTIONS,None - repeated small transactions within normal behavioral range,NONE,1,3,7,355272.6,5,0.018,NORMAL_REPEATED_ACTIVITY
L05_001019,60,TRANSFER,40576.88,C1170449836,2325334.84,2284757.96,C_LEGIT_570624438,0.0,40576.88,0,0,L05_00146,LEGITIMATE_MULTIPLE_SMALL_TRANSACTIONS,None - repeated small transactions within normal behavioral range,NONE,1,4,7,355272.6,13,0.0174,NORMAL_REPEATED_ACTIVITY
L05_001020,62,TRANSFER,47613.2,C1170449836,2284757.96,2237144.76,C_LEGIT_777170450,0.0,47613.2,0,0,L05_00146,LEGITIMATE_MULTIPLE_SMALL_TRANSACTIONS,None - repeated small transactions within normal behavioral range,NONE,1,5,7,355272.6,2,0.0208,NORMAL_REPEATED_ACTIVITY
L05_001021,100,TRANSFER,46969.75,C1170449836,2237144.76,2190175.01,C_LEGIT_671771566,0.0,46969.75,0,0,L05_00146,LEGITIMATE_MULTIPLE_SMALL_TRANSACTIONS,None - repeated small transactions within normal behavioral range,NONE,1,6,7,355272.6,38,0.021,NORMAL_REPEATED_ACTIVITY
L05_001022,131,TRANSFER,64723.37,C1170449836,2190175.01,2125451.64,C_LEGIT_152590785,0.0,64723.37,0,0,L05_00146,LEGITIMATE_MULTIPLE_SMALL_TRANSACTIONS,None - repeated small transactions within normal behavioral range,NONE,1,7,7,355272.6,31,0.0296,NORMAL_REPEATED_ACTIVITY
L05_001023,301,TRANSFER,1002.3,C878760459,20046.0,19043.7,C_LEGIT_436187236,0.0,1002.3,0,0,L05_00147,LEGITIMATE_MULTIPLE_SMALL_TRANSACTIONS,None - repeated small transactions within normal behavioral range,NONE,1,1,7,6047.14,0,0.05,NORMAL_REPEATED_ACTIVITY
L05_001024,308,TRANSFER,952.19,C878760459,19043.7,18091.51,C_LEGIT_374916464,0.0,952.19,0,0,L05_00147,LEGITIMATE_MULTIPLE_SMALL_TRANSACTIONS,None - repeated small transactions within normal behavioral range,NONE,1,2,7,6047.14,7,0.05,NORMAL_REPEATED_ACTIVITY
L05_001025,329,TRANSFER,904.58,C878760459,18091.51,17186.93,C_LEGIT_634506362,0.0,904.58,0,0,L05_00147,LEGITIMATE_MULTIPLE_SMALL_TRANSACTIONS,None - repeated small transactions within normal behavioral range,NONE,1,3,7,6047.14,21,0.05,NORMAL_REPEATED_ACTIVITY
L05_001026,355,TRANSFER,859.35,C878760459,17186.93,16327.58,C_LEGIT_196777941,0.0,859.35,0,0,L05_00147,LEGITIMATE_MULTIPLE_SMALL_TRANSACTIONS,None - repeated small transactions within normal behavioral range,NONE,1,4,7,6047.14,26,0.05,NORMAL_REPEATED_ACTIVITY
L05_001027,363,TRANSFER,816.38,C878760459,16327.58,15511.2,C_LEGIT_467062830,0.0,816.38,0,0,L05_00147,LEGITIMATE_MULTIPLE_SMALL_TRANSACTIONS,None - repeated small transactions within normal behavioral range,NONE,1,5,7,6047.14,8,0.05,NORMAL_REPEATED_ACTIVITY
L05_001028,373,TRANSFER,775.56,C878760459,15511.2,14735.64,C_LEGIT_666460572,0.0,775.56,0,0,L05_00147,LEGITIMATE_MULTIPLE_SMALL_TRANSACTIONS,None - repeated small transactions within normal behavioral range,NONE,1,6,7,6047.14,10,0.05,NORMAL_REPEATED_ACTIVITY
L05_001029,385,TRANSFER,736.78,C878760459,14735.64,13998.86,C_LEGIT_267708701,0.0,736.78,0,0,L05_00147,LEGITIMATE_MULTIPLE_SMALL_TRANSACTIONS,None - repeated small transactions within normal behavioral range,NONE,1,7,7,6047.14,12,0.05,NORMAL_REPEATED_ACTIVITY
L05_001030,213,TRANSFER,12776.41,C1128716132,255528.17,242751.76,C_LEGIT_404717273,0.0,12776.41,0,0,L05_00148,LEGITIMATE_MULTIPLE_SMALL_TRANSACTIONS,None - repeated small transactions within normal behavioral range,NONE,1,1,7,77083.31,0,0.05,NORMAL_REPEATED_ACTIVITY
L05_001031,217,TRANSFER,12137.59,C1128716132,242751.76,230614.17,C_LEGIT_996039712,0.0,12137.59,0,0,L05_00148,LEGITIMATE_MULTIPLE_SMALL_TRANSACTIONS,None - repeated small transactions within normal behavioral range,NONE,1,2,7,77083.31,4,0.05,NORMAL_REPEATED_ACTIVITY
L05_001032,218,TRANSFER,11530.71,C1128716132,230614.17,219083.46,C_LEGIT_707810115,0.0,11530.71,0,0,L05_00148,LEGITIMATE_MULTIPLE_SMALL_TRANSACTIONS,None - repeated small transactions within normal behavioral range,NONE,1,3,7,77083.31,1,0.05,NORMAL_REPEATED_ACTIVITY
L05_001033,246,TRANSFER,10954.17,C1128716132,219083.46,208129.29,C_LEGIT_861020960,0.0,10954.17,0,0,L05_00148,LEGITIMATE_MULTIPLE_SMALL_TRANSACTIONS,None - repeated small transactions within normal behavioral range,NONE,1,4,7,77083.31,28,0.05,NORMAL_REPEATED_ACTIVITY
L05_001034,263,TRANSFER,10406.46,C1128716132,208129.29,197722.83,C_LEGIT_977425504,0.0,10406.46,0,0,L05_00148,LEGITIMATE_MULTIPLE_SMALL_TRANSACTIONS,None - repeated small transactions within normal behavioral range,NONE,1,5,7,77083.31,17,0.05,NORMAL_REPEATED_ACTIVITY
L05_001035,264,TRANSFER,9886.14,C1128716132,197722.83,187836.69,C_LEGIT_360388340,0.0,9886.14,0,0,L05_00148,LEGITIMATE_MULTIPLE_SMALL_TRANSACTIONS,None - repeated small transactions within normal behavioral range,NONE,1,6,7,77083.31,1,0.05,NORMAL_REPEATED_ACTIVITY
L05_001036,265,TRANSFER,9391.83,C1128716132,187836.69,178444.86,C_LEGIT_116331822,0.0,9391.83,0,0,L05_00148,LEGITIMATE_MULTIPLE_SMALL_TRANSACTIONS,None - repeated small transactions within normal behavioral range,NONE,1,7,7,77083.31,1,0.05,NORMAL_REPEATED_ACTIVITY
L05_001037,302,TRANSFER,1103.9,C1371816194,22078.0,20974.1,C_LEGIT_831707192,0.0,1103.9,0,0,L05_00149,LEGITIMATE_MULTIPLE_SMALL_TRANSACTIONS,None - repeated small transactions within normal behavioral range,NONE,1,1,7,6660.11,0,0.05,NORMAL_REPEATED_ACTIVITY
L05_001038,303,TRANSFER,1048.7,C1371816194,20974.1,19925.4,C_LEGIT_930924114,0.0,1048.7,0,0,L05_00149,LEGITIMATE_MULTIPLE_SMALL_TRANSACTIONS,None - repeated small transactions within normal behavioral range,NONE,1,2,7,6660.11,1,0.05,NORMAL_REPEATED_ACTIVITY
L05_001039,331,TRANSFER,996.27,C1371816194,19925.4,18929.13,C_LEGIT_849043917,0.0,996.27,0,0,L05_00149,LEGITIMATE_MULTIPLE_SMALL_TRANSACTIONS,None - repeated small transactions within normal behavioral range,NONE,1,3,7,6660.11,28,0.05,NORMAL_REPEATED_ACTIVITY
L05_001040,343,TRANSFER,946.46,C1371816194,18929.13,17982.67,C_LEGIT_677164178,0.0,946.46,0,0,L05_00149,LEGITIMATE_MULTIPLE_SMALL_TRANSACTIONS,None - repeated small transactions within normal behavioral range,NONE,1,4,7,6660.11,12,0.05,NORMAL_REPEATED_ACTIVITY
L05_001041,344,TRANSFER,899.13,C1371816194,17982.67,17083.54,C_LEGIT_609947955,0.0,899.13,0,0,L05_00149,LEGITIMATE_MULTIPLE_SMALL_TRANSACTIONS,None - repeated small transactions within normal behavioral range,NONE,1,5,7,6660.11,1,0.05,NORMAL_REPEATED_ACTIVITY
L05_001042,358,TRANSFER,854.18,C1371816194,17083.54,16229.36,C_LEGIT_711868991,0.0,854.18,0,0,L05_00149,LEGITIMATE_MULTIPLE_SMALL_TRANSACTIONS,None - repeated small transactions within normal behavioral range,NONE,1,6,7,6660.11,14,0.05,NORMAL_REPEATED_ACTIVITY
L05_001043,393,TRANSFER,811.47,C1371816194,16229.36,15417.89,C_LEGIT_449310570,0.0,811.47,0,0,L05_00149,LEGITIMATE_MULTIPLE_SMALL_TRANSACTIONS,None - repeated small transactions within normal behavioral range,NONE,1,7,7,6660.11,35,0.05,NORMAL_REPEATED_ACTIVITY
L05_001044,294,TRANSFER,2488.1,C920598527,49762.0,47273.9,C_LEGIT_264943738,0.0,2488.1,0,0,L05_00150,LEGITIMATE_MULTIPLE_SMALL_TRANSACTIONS,None - repeated small transactions within normal behavioral range,NONE,1,1,7,15011.33,0,0.05,NORMAL_REPEATED_ACTIVITY
L05_001045,318,TRANSFER,2363.7,C920598527,47273.9,44910.2,C_LEGIT_551376457,0.0,2363.7,0,0,L05_00150,LEGITIMATE_MULTIPLE_SMALL_TRANSACTIONS,None - repeated small transactions within normal behavioral range,NONE,1,2,7,15011.33,24,0.05,NORMAL_REPEATED_ACTIVITY
L05_001046,322,TRANSFER,2245.51,C920598527,44910.2,42664.69,C_LEGIT_930323804,0.0,2245.51,0,0,L05_00150,LEGITIMATE_MULTIPLE_SMALL_TRANSACTIONS,None - repeated small transactions within normal behavioral range,NONE,1,3,7,15011.33,4,0.05,NORMAL_REPEATED_ACTIVITY
L05_001047,342,TRANSFER,2133.23,C920598527,42664.69,40531.46,C_LEGIT_769067776,0.0,2133.23,0,0,L05_00150,LEGITIMATE_MULTIPLE_SMALL_TRANSACTIONS,None - repeated small transactions within normal behavioral range,NONE,1,4,7,15011.33,20,0.05,NORMAL_REPEATED_ACTIVITY
L05_001048,351,TRANSFER,2026.57,C920598527,40531.46,38504.89,C_LEGIT_639013836,0.0,2026.57,0,0,L05_00150,LEGITIMATE_MULTIPLE_SMALL_TRANSACTIONS,None - repeated small transactions within normal behavioral range,NONE,1,5,7,15011.33,9,0.05,NORMAL_REPEATED_ACTIVITY
L05_001049,358,TRANSFER,1925.24,C920598527,38504.89,36579.65,C_LEGIT_776647135,0.0,1925.24,0,0,L05_00150,LEGITIMATE_MULTIPLE_SMALL_TRANSACTIONS,None - repeated small transactions within normal behavioral range,NONE,1,6,7,15011.33,7,0.05,NORMAL_REPEATED_ACTIVITY
L05_001050,366,TRANSFER,1828.98,C920598527,36579.65,34750.67,C_LEGIT_669906625,0.0,1828.98,0,0,L05_00150,LEGITIMATE_MULTIPLE_SMALL_TRANSACTIONS,None - repeated small transactions within normal behavioral range,NONE,1,7,7,15011.33,8,0.05,NORMAL_REPEATED_ACTIVITY
L05_001051,202,TRANSFER,6857.69,C1032763528,137153.79,130296.1,C_LEGIT_363234845,0.0,6857.69,0,0,L05_00151,LEGITIMATE_MULTIPLE_SMALL_TRANSACTIONS,None - repeated small transactions within normal behavioral range,NONE,1,1,7,41374.18,0,0.05,NORMAL_REPEATED_ACTIVITY
L05_001052,215,TRANSFER,6514.81,C1032763528,130296.1,123781.29,C_LEGIT_258576884,0.0,6514.81,0,0,L05_00151,LEGITIMATE_MULTIPLE_SMALL_TRANSACTIONS,None - repeated small transactions within normal behavioral range,NONE,1,2,7,41374.18,13,0.05,NORMAL_REPEATED_ACTIVITY
L05_001053,216,TRANSFER,6189.06,C1032763528,123781.29,117592.23,C_LEGIT_296915928,0.0,6189.06,0,0,L05_00151,LEGITIMATE_MULTIPLE_SMALL_TRANSACTIONS,None - repeated small transactions within normal behavioral range,NONE,1,3,7,41374.18,1,0.05,NORMAL_REPEATED_ACTIVITY
L05_001054,228,TRANSFER,5879.61,C1032763528,117592.23,111712.62,C_LEGIT_719200066,0.0,5879.61,0,0,L05_00151,LEGITIMATE_MULTIPLE_SMALL_TRANSACTIONS,None - repeated small transactions within normal behavioral range,NONE,1,4,7,41374.18,12,0.05,NORMAL_REPEATED_ACTIVITY
L05_001055,254,TRANSFER,5585.63,C1032763528,111712.62,106126.99,C_LEGIT_779413460,0.0,5585.63,0,0,L05_00151,LEGITIMATE_MULTIPLE_SMALL_TRANSACTIONS,None - repeated small transactions within normal behavioral range,NONE,1,5,7,41374.18,26,0.05,NORMAL_REPEATED_ACTIVITY
L05_001056,256,TRANSFER,5306.35,C1032763528,106126.99,100820.64,C_LEGIT_351644572,0.0,5306.35,0,0,L05_00151,LEGITIMATE_MULTIPLE_SMALL_TRANSACTIONS,None - repeated small transactions within normal behavioral range,NONE,1,6,7,41374.18,2,0.05,NORMAL_REPEATED_ACTIVITY
L05_001057,267,TRANSFER,5041.03,C1032763528,100820.64,95779.61,C_LEGIT_623733441,0.0,5041.03,0,0,L05_00151,LEGITIMATE_MULTIPLE_SMALL_TRANSACTIONS,None - repeated small transactions within normal behavioral range,NONE,1,7,7,41374.18,11,0.05,NORMAL_REPEATED_ACTIVITY
L05_001058,272,TRANSFER,117398.32,C136685221,10058368.92,9940970.6,C_LEGIT_748259669,0.0,117398.32,0,0,L05_00152,LEGITIMATE_MULTIPLE_SMALL_TRANSACTIONS,None - repeated small transactions within normal behavioral range,NONE,1,1,7,729455.06,0,0.0117,NORMAL_REPEATED_ACTIVITY
L05_001059,278,TRANSFER,95711.07,C136685221,9940970.6,9845259.53,C_LEGIT_150391209,0.0,95711.07,0,0,L05_00152,LEGITIMATE_MULTIPLE_SMALL_TRANSACTIONS,None - repeated small transactions within normal behavioral range,NONE,1,2,7,729455.06,6,0.0096,NORMAL_REPEATED_ACTIVITY
L05_001060,301,TRANSFER,107734.76,C136685221,9845259.53,9737524.77,C_LEGIT_748661509,0.0,107734.76,0,0,L05_00152,LEGITIMATE_MULTIPLE_SMALL_TRANSACTIONS,None - repeated small transactions within normal behavioral range,NONE,1,3,7,729455.06,23,0.0109,NORMAL_REPEATED_ACTIVITY
L05_001061,316,TRANSFER,125933.04,C136685221,9737524.77,9611591.73,C_LEGIT_767574133,0.0,125933.04,0,0,L05_00152,LEGITIMATE_MULTIPLE_SMALL_TRANSACTIONS,None - repeated small transactions within normal behavioral range,NONE,1,4,7,729455.06,15,0.0129,NORMAL_REPEATED_ACTIVITY
L05_001062,320,TRANSFER,98936.82,C136685221,9611591.73,9512654.91,C_LEGIT_696563443,0.0,98936.82,0,0,L05_00152,LEGITIMATE_MULTIPLE_SMALL_TRANSACTIONS,None - repeated small transactions within normal behavioral range,NONE,1,5,7,729455.06,4,0.0103,NORMAL_REPEATED_ACTIVITY
L05_001063,336,TRANSFER,97485.09,C136685221,9512654.91,9415169.82,C_LEGIT_388205837,0.0,97485.09,0,0,L05_00152,LEGITIMATE_MULTIPLE_SMALL_TRANSACTIONS,None - repeated small transactions within normal behavioral range,NONE,1,6,7,729455.06,16,0.0102,NORMAL_REPEATED_ACTIVITY
L05_001064,337,TRANSFER,86255.96,C136685221,9415169.82,9328913.86,C_LEGIT_244808358,0.0,86255.96,0,0,L05_00152,LEGITIMATE_MULTIPLE_SMALL_TRANSACTIONS,None - repeated small transactions within normal behavioral range,NONE,1,7,7,729455.06,1,0.0092,NORMAL_REPEATED_ACTIVITY
L05_001065,292,TRANSFER,104171.55,C1381948150,15708995.85,15604824.3,C_LEGIT_357188418,0.0,104171.55,0,0,L05_00153,LEGITIMATE_MULTIPLE_SMALL_TRANSACTIONS,None - repeated small transactions within normal behavioral range,NONE,1,1,7,572066.92,0,0.0066,NORMAL_REPEATED_ACTIVITY
L05_001066,310,TRANSFER,63240.79,C1381948150,15604824.3,15541583.51,C_LEGIT_762049825,0.0,63240.79,0,0,L05_00153,LEGITIMATE_MULTIPLE_SMALL_TRANSACTIONS,None - repeated small transactions within normal behavioral range,NONE,1,2,7,572066.92,18,0.0041,NORMAL_REPEATED_ACTIVITY
L05_001067,329,TRANSFER,76628.66,C1381948150,15541583.51,15464954.85,C_LEGIT_941586735,0.0,76628.66,0,0,L05_00153,LEGITIMATE_MULTIPLE_SMALL_TRANSACTIONS,None - repeated small transactions within normal behavioral range,NONE,1,3,7,572066.92,19,0.0049,NORMAL_REPEATED_ACTIVITY
L05_001068,353,TRANSFER,61739.79,C1381948150,15464954.85,15403215.06,C_LEGIT_798384705,0.0,61739.79,0,0,L05_00153,LEGITIMATE_MULTIPLE_SMALL_TRANSACTIONS,None - repeated small transactions within normal behavioral range,NONE,1,4,7,572066.92,24,0.004,NORMAL_REPEATED_ACTIVITY
L05_001069,358,TRANSFER,93523.79,C1381948150,15403215.06,15309691.27,C_LEGIT_256404323,0.0,93523.79,0,0,L05_00153,LEGITIMATE_MULTIPLE_SMALL_TRANSACTIONS,None - repeated small transactions within normal behavioral range,NONE,1,5,7,572066.92,5,0.0061,NORMAL_REPEATED_ACTIVITY
L05_001070,375,TRANSFER,86916.87,C1381948150,15309691.27,15222774.4,C_LEGIT_756573550,0.0,86916.87,0,0,L05_00153,LEGITIMATE_MULTIPLE_SMALL_TRANSACTIONS,None - repeated small transactions within normal behavioral range,NONE,1,6,7,572066.92,17,0.0057,NORMAL_REPEATED_ACTIVITY
L05_001071,378,TRANSFER,85845.47,C1381948150,15222774.4,15136928.93,C_LEGIT_975386578,0.0,85845.47,0,0,L05_00153,LEGITIMATE_MULTIPLE_SMALL_TRANSACTIONS,None - repeated small transactions within normal behavioral range,NONE,1,7,7,572066.92,3,0.0056,NORMAL_REPEATED_ACTIVITY
L05_001072,406,TRANSFER,4344.43,C1938552491,232987.0,228642.57,C_LEGIT_529627635,0.0,4344.43,0,0,L05_00154,LEGITIMATE_MULTIPLE_SMALL_TRANSACTIONS,None - repeated small transactions within normal behavioral range,NONE,1,1,7,32097.6,0,0.0186,NORMAL_REPEATED_ACTIVITY
L05_001073,419,TRANSFER,3852.0,C1938552491,228642.57,224790.57,C_LEGIT_260721205,0.0,3852.0,0,0,L05_00154,LEGITIMATE_MULTIPLE_SMALL_TRANSACTIONS,None - repeated small transactions within normal behavioral range,NONE,1,2,7,32097.6,13,0.0168,NORMAL_REPEATED_ACTIVITY
L05_001074,430,TRANSFER,4740.9,C1938552491,224790.57,220049.67,C_LEGIT_606920466,0.0,4740.9,0,0,L05_00154,LEGITIMATE_MULTIPLE_SMALL_TRANSACTIONS,None - repeated small transactions within normal behavioral range,NONE,1,3,7,32097.6,11,0.0211,NORMAL_REPEATED_ACTIVITY
L05_001075,442,TRANSFER,5775.39,C1938552491,220049.67,214274.28,C_LEGIT_992999571,0.0,5775.39,0,0,L05_00154,LEGITIMATE_MULTIPLE_SMALL_TRANSACTIONS,None - repeated small transactions within normal behavioral range,NONE,1,4,7,32097.6,12,0.0262,NORMAL_REPEATED_ACTIVITY
L05_001076,453,TRANSFER,3947.19,C1938552491,214274.28,210327.09,C_LEGIT_931586369,0.0,3947.19,0,0,L05_00154,LEGITIMATE_MULTIPLE_SMALL_TRANSACTIONS,None - repeated small transactions within normal behavioral range,NONE,1,5,7,32097.6,11,0.0184,NORMAL_REPEATED_ACTIVITY
L05_001077,464,TRANSFER,4766.54,C1938552491,210327.09,205560.55,C_LEGIT_844542247,0.0,4766.54,0,0,L05_00154,LEGITIMATE_MULTIPLE_SMALL_TRANSACTIONS,None - repeated small transactions within normal behavioral range,NONE,1,6,7,32097.6,11,0.0227,NORMAL_REPEATED_ACTIVITY
L05_001078,467,TRANSFER,4671.15,C1938552491,205560.55,200889.4,C_LEGIT_573404868,0.0,4671.15,0,0,L05_00154,LEGITIMATE_MULTIPLE_SMALL_TRANSACTIONS,None - repeated small transactions within normal behavioral range,NONE,1,7,7,32097.6,3,0.0227,NORMAL_REPEATED_ACTIVITY
L05_001079,558,TRANSFER,16.8,C1992688220,336.0,319.2,C_LEGIT_730712810,0.0,16.8,0,0,L05_00155,LEGITIMATE_MULTIPLE_SMALL_TRANSACTIONS,None - repeated small transactions within normal behavioral range,NONE,1,1,7,101.35,0,0.05,NORMAL_REPEATED_ACTIVITY
L05_001080,564,TRANSFER,15.96,C1992688220,319.2,303.24,C_LEGIT_924228443,0.0,15.96,0,0,L05_00155,LEGITIMATE_MULTIPLE_SMALL_TRANSACTIONS,None - repeated small transactions within normal behavioral range,NONE,1,2,7,101.35,6,0.05,NORMAL_REPEATED_ACTIVITY
L05_001081,584,TRANSFER,15.16,C1992688220,303.24,288.08,C_LEGIT_474039910,0.0,15.16,0,0,L05_00155,LEGITIMATE_MULTIPLE_SMALL_TRANSACTIONS,None - repeated small transactions within normal behavioral range,NONE,1,3,7,101.35,20,0.05,NORMAL_REPEATED_ACTIVITY
L05_001082,590,TRANSFER,14.4,C1992688220,288.08,273.68,C_LEGIT_525021808,0.0,14.4,0,0,L05_00155,LEGITIMATE_MULTIPLE_SMALL_TRANSACTIONS,None - repeated small transactions within normal behavioral range,NONE,1,4,7,101.35,6,0.05,NORMAL_REPEATED_ACTIVITY
L05_001083,591,TRANSFER,13.68,C1992688220,273.68,260.0,C_LEGIT_455869586,0.0,13.68,0,0,L05_00155,LEGITIMATE_MULTIPLE_SMALL_TRANSACTIONS,None - repeated small transactions within normal behavioral range,NONE,1,5,7,101.35,1,0.05,NORMAL_REPEATED_ACTIVITY
L05_001084,602,TRANSFER,13.0,C1992688220,260.0,247.0,C_LEGIT_432619134,0.0,13.0,0,0,L05_00155,LEGITIMATE_MULTIPLE_SMALL_TRANSACTIONS,None - repeated small transactions within normal behavioral range,NONE,1,6,7,101.35,11,0.05,NORMAL_REPEATED_ACTIVITY
L05_001085,637,TRANSFER,12.35,C1992688220,247.0,234.65,C_LEGIT_573809670,0.0,12.35,0,0,L05_00155,LEGITIMATE_MULTIPLE_SMALL_TRANSACTIONS,None - repeated small transactions within normal behavioral range,NONE,1,7,7,101.35,35,0.05,NORMAL_REPEATED_ACTIVITY
L05_001086,331,TRANSFER,7291.15,C694663610,145823.0,138531.85,C_LEGIT_469239148,0.0,7291.15,0,0,L05_00156,LEGITIMATE_MULTIPLE_SMALL_TRANSACTIONS,None - repeated small transactions within normal behavioral range,NONE,1,1,7,43989.36,0,0.05,NORMAL_REPEATED_ACTIVITY
L05_001087,338,TRANSFER,6926.59,C694663610,138531.85,131605.26,C_LEGIT_359358929,0.0,6926.59,0,0,L05_00156,LEGITIMATE_MULTIPLE_SMALL_TRANSACTIONS,None - repeated small transactions within normal behavioral range,NONE,1,2,7,43989.36,7,0.05,NORMAL_REPEATED_ACTIVITY
L05_001088,349,TRANSFER,6580.26,C694663610,131605.26,125025.0,C_LEGIT_642646193,0.0,6580.26,0,0,L05_00156,LEGITIMATE_MULTIPLE_SMALL_TRANSACTIONS,None - repeated small transactions within normal behavioral range,NONE,1,3,7,43989.36,11,0.05,NORMAL_REPEATED_ACTIVITY
L05_001089,379,TRANSFER,6251.25,C694663610,125025.0,118773.75,C_LEGIT_913634230,0.0,6251.25,0,0,L05_00156,LEGITIMATE_MULTIPLE_SMALL_TRANSACTIONS,None - repeated small transactions within normal behavioral range,NONE,1,4,7,43989.36,30,0.05,NORMAL_REPEATED_ACTIVITY
L05_001090,400,TRANSFER,5938.69,C694663610,118773.75,112835.06,C_LEGIT_297732453,0.0,5938.69,0,0,L05_00156,LEGITIMATE_MULTIPLE_SMALL_TRANSACTIONS,None - repeated small transactions within normal behavioral range,NONE,1,5,7,43989.36,21,0.05,NORMAL_REPEATED_ACTIVITY
L05_001091,403,TRANSFER,5641.75,C694663610,112835.06,107193.31,C_LEGIT_945851807,0.0,5641.75,0,0,L05_00156,LEGITIMATE_MULTIPLE_SMALL_TRANSACTIONS,None - repeated small transactions within normal behavioral range,NONE,1,6,7,43989.36,3,0.05,NORMAL_REPEATED_ACTIVITY
L05_001092,407,TRANSFER,5359.67,C694663610,107193.31,101833.64,C_LEGIT_289280491,0.0,5359.67,0,0,L05_00156,LEGITIMATE_MULTIPLE_SMALL_TRANSACTIONS,None - repeated small transactions within normal behavioral range,NONE,1,7,7,43989.36,4,0.05,NORMAL_REPEATED_ACTIVITY
L05_001093,328,TRANSFER,30677.88,C1071337923,3448422.7,3417744.82,C_LEGIT_715883603,0.0,30677.88,0,0,L05_00157,LEGITIMATE_MULTIPLE_SMALL_TRANSACTIONS,None - repeated small transactions within normal behavioral range,NONE,1,1,7,219990.31,0,0.0089,NORMAL_REPEATED_ACTIVITY
L05_001094,335,TRANSFER,35294.21,C1071337923,3417744.82,3382450.61,C_LEGIT_364661920,0.0,35294.21,0,0,L05_00157,LEGITIMATE_MULTIPLE_SMALL_TRANSACTIONS,None - repeated small transactions within normal behavioral range,NONE,1,2,7,219990.31,7,0.0103,NORMAL_REPEATED_ACTIVITY
L05_001095,344,TRANSFER,38456.76,C1071337923,3382450.61,3343993.85,C_LEGIT_948260321,0.0,38456.76,0,0,L05_00157,LEGITIMATE_MULTIPLE_SMALL_TRANSACTIONS,None - repeated small transactions within normal behavioral range,NONE,1,3,7,219990.31,9,0.0114,NORMAL_REPEATED_ACTIVITY
L05_001096,351,TRANSFER,34782.61,C1071337923,3343993.85,3309211.24,C_LEGIT_736631499,0.0,34782.61,0,0,L05_00157,LEGITIMATE_MULTIPLE_SMALL_TRANSACTIONS,None - repeated small transactions within normal behavioral range,NONE,1,4,7,219990.31,7,0.0104,NORMAL_REPEATED_ACTIVITY
L05_001097,352,TRANSFER,28853.41,C1071337923,3309211.24,3280357.83,C_LEGIT_214262113,0.0,28853.41,0,0,L05_00157,LEGITIMATE_MULTIPLE_SMALL_TRANSACTIONS,None - repeated small transactions within normal behavioral range,NONE,1,5,7,219990.31,1,0.0087,NORMAL_REPEATED_ACTIVITY
L05_001098,400,TRANSFER,27752.6,C1071337923,3280357.83,3252605.23,C_LEGIT_325437662,0.0,27752.6,0,0,L05_00157,LEGITIMATE_MULTIPLE_SMALL_TRANSACTIONS,None - repeated small transactions within normal behavioral range,NONE,1,6,7,219990.31,48,0.0085,NORMAL_REPEATED_ACTIVITY
L05_001099,407,TRANSFER,24172.84,C1071337923,3252605.23,3228432.39,C_LEGIT_748656797,0.0,24172.84,0,0,L05_00157,LEGITIMATE_MULTIPLE_SMALL_TRANSACTIONS,None - repeated small transactions within normal behavioral range,NONE,1,7,7,219990.31,7,0.0074,NORMAL_REPEATED_ACTIVITY
L05_001100,326,TRANSFER,1549.5,C334158262,30990.0,29440.5,C_LEGIT_383545852,0.0,1549.5,0,0,L05_00158,LEGITIMATE_MULTIPLE_SMALL_TRANSACTIONS,None - repeated small transactions within normal behavioral range,NONE,1,1,7,9348.53,0,0.05,NORMAL_REPEATED_ACTIVITY
L05_001101,354,TRANSFER,1472.03,C334158262,29440.5,27968.47,C_LEGIT_120999777,0.0,1472.03,0,0,L05_00158,LEGITIMATE_MULTIPLE_SMALL_TRANSACTIONS,None - repeated small transactions within normal behavioral range,NONE,1,2,7,9348.53,28,0.05,NORMAL_REPEATED_ACTIVITY
L05_001102,383,TRANSFER,1398.42,C334158262,27968.47,26570.05,C_LEGIT_945594149,0.0,1398.42,0,0,L05_00158,LEGITIMATE_MULTIPLE_SMALL_TRANSACTIONS,None - repeated small transactions within normal behavioral range,NONE,1,3,7,9348.53,29,0.05,NORMAL_REPEATED_ACTIVITY
L05_001103,387,TRANSFER,1328.5,C334158262,26570.05,25241.55,C_LEGIT_160841112,0.0,1328.5,0,0,L05_00158,LEGITIMATE_MULTIPLE_SMALL_TRANSACTIONS,None - repeated small transactions within normal behavioral range,NONE,1,4,7,9348.53,4,0.05,NORMAL_REPEATED_ACTIVITY
L05_001104,389,TRANSFER,1262.08,C334158262,25241.55,23979.47,C_LEGIT_155984318,0.0,1262.08,0,0,L05_00158,LEGITIMATE_MULTIPLE_SMALL_TRANSACTIONS,None - repeated small transactions within normal behavioral range,NONE,1,5,7,9348.53,2,0.05,NORMAL_REPEATED_ACTIVITY
L05_001105,390,TRANSFER,1198.97,C334158262,23979.47,22780.5,C_LEGIT_668883525,0.0,1198.97,0,0,L05_00158,LEGITIMATE_MULTIPLE_SMALL_TRANSACTIONS,None - repeated small transactions within normal behavioral range,NONE,1,6,7,9348.53,1,0.05,NORMAL_REPEATED_ACTIVITY
L05_001106,398,TRANSFER,1139.03,C334158262,22780.5,21641.47,C_LEGIT_944035660,0.0,1139.03,0,0,L05_00158,LEGITIMATE_MULTIPLE_SMALL_TRANSACTIONS,None - repeated small transactions within normal behavioral range,NONE,1,7,7,9348.53,8,0.05,NORMAL_REPEATED_ACTIVITY
L05_001107,318,TRANSFER,22.95,C1361800760,459.0,436.05,C_LEGIT_439843616,0.0,22.95,0,0,L05_00159,LEGITIMATE_MULTIPLE_SMALL_TRANSACTIONS,None - repeated small transactions within normal behavioral range,NONE,1,1,7,138.46,0,0.05,NORMAL_REPEATED_ACTIVITY
L05_001108,322,TRANSFER,21.8,C1361800760,436.05,414.25,C_LEGIT_551068360,0.0,21.8,0,0,L05_00159,LEGITIMATE_MULTIPLE_SMALL_TRANSACTIONS,None - repeated small transactions within normal behavioral range,NONE,1,2,7,138.46,4,0.05,NORMAL_REPEATED_ACTIVITY
L05_001109,323,TRANSFER,20.71,C1361800760,414.25,393.54,C_LEGIT_853119115,0.0,20.71,0,0,L05_00159,LEGITIMATE_MULTIPLE_SMALL_TRANSACTIONS,None - repeated small transactions within normal behavioral range,NONE,1,3,7,138.46,1,0.05,NORMAL_REPEATED_ACTIVITY
L05_001110,345,TRANSFER,19.68,C1361800760,393.54,373.86,C_LEGIT_892161868,0.0,19.68,0,0,L05_00159,LEGITIMATE_MULTIPLE_SMALL_TRANSACTIONS,None - repeated small transactions within normal behavioral range,NONE,1,4,7,138.46,22,0.05,NORMAL_REPEATED_ACTIVITY
L05_001111,347,TRANSFER,18.69,C1361800760,373.86,355.17,C_LEGIT_721169135,0.0,18.69,0,0,L05_00159,LEGITIMATE_MULTIPLE_SMALL_TRANSACTIONS,None - repeated small transactions within normal behavioral range,NONE,1,5,7,138.46,2,0.05,NORMAL_REPEATED_ACTIVITY
L05_001112,374,TRANSFER,17.76,C1361800760,355.17,337.41,C_LEGIT_246866585,0.0,17.76,0,0,L05_00159,LEGITIMATE_MULTIPLE_SMALL_TRANSACTIONS,None - repeated small transactions within normal behavioral range,NONE,1,6,7,138.46,27,0.05,NORMAL_REPEATED_ACTIVITY
L05_001113,388,TRANSFER,16.87,C1361800760,337.41,320.54,C_LEGIT_452749889,0.0,16.87,0,0,L05_00159,LEGITIMATE_MULTIPLE_SMALL_TRANSACTIONS,None - repeated small transactions within normal behavioral range,NONE,1,7,7,138.46,14,0.05,NORMAL_REPEATED_ACTIVITY
L05_001114,344,TRANSFER,75864.3,C1483282298,1517285.94,1441421.64,C_LEGIT_716558948,0.0,75864.3,0,0,L05_00160,LEGITIMATE_MULTIPLE_SMALL_TRANSACTIONS,None - repeated small transactions within normal behavioral range,NONE,1,1,7,457708.58,0,0.05,NORMAL_REPEATED_ACTIVITY
L05_001115,345,TRANSFER,72071.08,C1483282298,1441421.64,1369350.56,C_LEGIT_513814612,0.0,72071.08,0,0,L05_00160,LEGITIMATE_MULTIPLE_SMALL_TRANSACTIONS,None - repeated small transactions within normal behavioral range,NONE,1,2,7,457708.58,1,0.05,NORMAL_REPEATED_ACTIVITY
L05_001116,353,TRANSFER,68467.53,C1483282298,1369350.56,1300883.03,C_LEGIT_579804684,0.0,68467.53,0,0,L05_00160,LEGITIMATE_MULTIPLE_SMALL_TRANSACTIONS,None - repeated small transactions within normal behavioral range,NONE,1,3,7,457708.58,8,0.05,NORMAL_REPEATED_ACTIVITY
L05_001117,357,TRANSFER,65044.15,C1483282298,1300883.03,1235838.88,C_LEGIT_917899330,0.0,65044.15,0,0,L05_00160,LEGITIMATE_MULTIPLE_SMALL_TRANSACTIONS,None - repeated small transactions within normal behavioral range,NONE,1,4,7,457708.58,4,0.05,NORMAL_REPEATED_ACTIVITY
L05_001118,361,TRANSFER,61791.94,C1483282298,1235838.88,1174046.94,C_LEGIT_188041722,0.0,61791.94,0,0,L05_00160,LEGITIMATE_MULTIPLE_SMALL_TRANSACTIONS,None - repeated small transactions within normal behavioral range,NONE,1,5,7,457708.58,4,0.05,NORMAL_REPEATED_ACTIVITY
L05_001119,419,TRANSFER,58702.35,C1483282298,1174046.94,1115344.59,C_LEGIT_927989885,0.0,58702.35,0,0,L05_00160,LEGITIMATE_MULTIPLE_SMALL_TRANSACTIONS,None - repeated small transactions within normal behavioral range,NONE,1,6,7,457708.58,58,0.05,NORMAL_REPEATED_ACTIVITY
L05_001120,428,TRANSFER,55767.23,C1483282298,1115344.59,1059577.36,C_LEGIT_591432882,0.0,55767.23,0,0,L05_00160,LEGITIMATE_MULTIPLE_SMALL_TRANSACTIONS,None - repeated small transactions within normal behavioral range,NONE,1,7,7,457708.58,9,0.05,NORMAL_REPEATED_ACTIVITY
L05_001121,241,TRANSFER,560.74,C183940218,11214.72,10653.98,C_LEGIT_514633493,0.0,560.74,0,0,L05_00161,LEGITIMATE_MULTIPLE_SMALL_TRANSACTIONS,None - repeated small transactions within normal behavioral range,NONE,1,1,7,3383.06,0,0.05,NORMAL_REPEATED_ACTIVITY
L05_001122,257,TRANSFER,532.7,C183940218,10653.98,10121.28,C_LEGIT_918638367,0.0,532.7,0,0,L05_00161,LEGITIMATE_MULTIPLE_SMALL_TRANSACTIONS,None - repeated small transactions within normal behavioral range,NONE,1,2,7,3383.06,16,0.05,NORMAL_REPEATED_ACTIVITY
L05_001123,274,TRANSFER,506.06,C183940218,10121.28,9615.22,C_LEGIT_861853615,0.0,506.06,0,0,L05_00161,LEGITIMATE_MULTIPLE_SMALL_TRANSACTIONS,None - repeated small transactions within normal behavioral range,NONE,1,3,7,3383.06,17,0.05,NORMAL_REPEATED_ACTIVITY
L05_001124,277,TRANSFER,480.76,C183940218,9615.22,9134.46,C_LEGIT_169749232,0.0,480.76,0,0,L05_00161,LEGITIMATE_MULTIPLE_SMALL_TRANSACTIONS,None - repeated small transactions within normal behavioral range,NONE,1,4,7,3383.06,3,0.05,NORMAL_REPEATED_ACTIVITY
L05_001125,279,TRANSFER,456.72,C183940218,9134.46,8677.74,C_LEGIT_654105074,0.0,456.72,0,0,L05_00161,LEGITIMATE_MULTIPLE_SMALL_TRANSACTIONS,None - repeated small transactions within normal behavioral range,NONE,1,5,7,3383.06,2,0.05,NORMAL_REPEATED_ACTIVITY
L05_001126,286,TRANSFER,433.89,C183940218,8677.74,8243.85,C_LEGIT_311853765,0.0,433.89,0,0,L05_00161,LEGITIMATE_MULTIPLE_SMALL_TRANSACTIONS,None - repeated small transactions within normal behavioral range,NONE,1,6,7,3383.06,7,0.05,NORMAL_REPEATED_ACTIVITY
L05_001127,295,TRANSFER,412.19,C183940218,8243.85,7831.66,C_LEGIT_602155678,0.0,412.19,0,0,L05_00161,LEGITIMATE_MULTIPLE_SMALL_TRANSACTIONS,None - repeated small transactions within normal behavioral range,NONE,1,7,7,3383.06,9,0.05,NORMAL_REPEATED_ACTIVITY
L05_001128,291,TRANSFER,201.6,C1891221085,4032.0,3830.4,C_LEGIT_512138392,0.0,201.6,0,0,L05_00162,LEGITIMATE_MULTIPLE_SMALL_TRANSACTIONS,None - repeated small transactions within normal behavioral range,NONE,1,1,7,1216.3,0,0.05,NORMAL_REPEATED_ACTIVITY
L05_001129,303,TRANSFER,191.52,C1891221085,3830.4,3638.88,C_LEGIT_137359174,0.0,191.52,0,0,L05_00162,LEGITIMATE_MULTIPLE_SMALL_TRANSACTIONS,None - repeated small transactions within normal behavioral range,NONE,1,2,7,1216.3,12,0.05,NORMAL_REPEATED_ACTIVITY
L05_001130,315,TRANSFER,181.94,C1891221085,3638.88,3456.94,C_LEGIT_808956555,0.0,181.94,0,0,L05_00162,LEGITIMATE_MULTIPLE_SMALL_TRANSACTIONS,None - repeated small transactions within normal behavioral range,NONE,1,3,7,1216.3,12,0.05,NORMAL_REPEATED_ACTIVITY
L05_001131,320,TRANSFER,172.85,C1891221085,3456.94,3284.09,C_LEGIT_113484832,0.0,172.85,0,0,L05_00162,LEGITIMATE_MULTIPLE_SMALL_TRANSACTIONS,None - repeated small transactions within normal behavioral range,NONE,1,4,7,1216.3,5,0.05,NORMAL_REPEATED_ACTIVITY
L05_001132,333,TRANSFER,164.2,C1891221085,3284.09,3119.89,C_LEGIT_718255328,0.0,164.2,0,0,L05_00162,LEGITIMATE_MULTIPLE_SMALL_TRANSACTIONS,None - repeated small transactions within normal behavioral range,NONE,1,5,7,1216.3,13,0.05,NORMAL_REPEATED_ACTIVITY
L05_001133,342,TRANSFER,155.99,C1891221085,3119.89,2963.9,C_LEGIT_458010551,0.0,155.99,0,0,L05_00162,LEGITIMATE_MULTIPLE_SMALL_TRANSACTIONS,None - repeated small transactions within normal behavioral range,NONE,1,6,7,1216.3,9,0.05,NORMAL_REPEATED_ACTIVITY
L05_001134,344,TRANSFER,148.2,C1891221085,2963.9,2815.7,C_LEGIT_352111815,0.0,148.2,0,0,L05_00162,LEGITIMATE_MULTIPLE_SMALL_TRANSACTIONS,None - repeated small transactions within normal behavioral range,NONE,1,7,7,1216.3,2,0.05,NORMAL_REPEATED_ACTIVITY
L05_001135,64,TRANSFER,5081.35,C1971107112,101627.0,96545.65,C_LEGIT_275815208,0.0,5081.35,0,0,L05_00163,LEGITIMATE_MULTIPLE_SMALL_TRANSACTIONS,None - repeated small transactions within normal behavioral range,NONE,1,1,7,30657.07,0,0.05,NORMAL_REPEATED_ACTIVITY
L05_001136,84,TRANSFER,4827.28,C1971107112,96545.65,91718.37,C_LEGIT_126354592,0.0,4827.28,0,0,L05_00163,LEGITIMATE_MULTIPLE_SMALL_TRANSACTIONS,None - repeated small transactions within normal behavioral range,NONE,1,2,7,30657.07,20,0.05,NORMAL_REPEATED_ACTIVITY
L05_001137,88,TRANSFER,4585.92,C1971107112,91718.37,87132.45,C_LEGIT_233525181,0.0,4585.92,0,0,L05_00163,LEGITIMATE_MULTIPLE_SMALL_TRANSACTIONS,None - repeated small transactions within normal behavioral range,NONE,1,3,7,30657.07,4,0.05,NORMAL_REPEATED_ACTIVITY
L05_001138,93,TRANSFER,4356.62,C1971107112,87132.45,82775.83,C_LEGIT_482217454,0.0,4356.62,0,0,L05_00163,LEGITIMATE_MULTIPLE_SMALL_TRANSACTIONS,None - repeated small transactions within normal behavioral range,NONE,1,4,7,30657.07,5,0.05,NORMAL_REPEATED_ACTIVITY
L05_001139,103,TRANSFER,4138.79,C1971107112,82775.83,78637.04,C_LEGIT_933067719,0.0,4138.79,0,0,L05_00163,LEGITIMATE_MULTIPLE_SMALL_TRANSACTIONS,None - repeated small transactions within normal behavioral range,NONE,1,5,7,30657.07,10,0.05,NORMAL_REPEATED_ACTIVITY
L05_001140,122,TRANSFER,3931.85,C1971107112,78637.04,74705.19,C_LEGIT_383153849,0.0,3931.85,0,0,L05_00163,LEGITIMATE_MULTIPLE_SMALL_TRANSACTIONS,None - repeated small transactions within normal behavioral range,NONE,1,6,7,30657.07,19,0.05,NORMAL_REPEATED_ACTIVITY
L05_001141,134,TRANSFER,3735.26,C1971107112,74705.19,70969.93,C_LEGIT_397015616,0.0,3735.26,0,0,L05_00163,LEGITIMATE_MULTIPLE_SMALL_TRANSACTIONS,None - repeated small transactions within normal behavioral range,NONE,1,7,7,30657.07,12,0.05,NORMAL_REPEATED_ACTIVITY
L05_001142,404,TRANSFER,6700.44,C1836504972,134008.73,127308.29,C_LEGIT_780862334,0.0,6700.44,0,0,L05_00164,LEGITIMATE_MULTIPLE_SMALL_TRANSACTIONS,None - repeated small transactions within normal behavioral range,NONE,1,1,7,40425.44,0,0.05,NORMAL_REPEATED_ACTIVITY
L05_001143,408,TRANSFER,6365.41,C1836504972,127308.29,120942.88,C_LEGIT_646705507,0.0,6365.41,0,0,L05_00164,LEGITIMATE_MULTIPLE_SMALL_TRANSACTIONS,None - repeated small transactions within normal behavioral range,NONE,1,2,7,40425.44,4,0.05,NORMAL_REPEATED_ACTIVITY
L05_001144,423,TRANSFER,6047.14,C1836504972,120942.88,114895.74,C_LEGIT_938071268,0.0,6047.14,0,0,L05_00164,LEGITIMATE_MULTIPLE_SMALL_TRANSACTIONS,None - repeated small transactions within normal behavioral range,NONE,1,3,7,40425.44,15,0.05,NORMAL_REPEATED_ACTIVITY
L05_001145,424,TRANSFER,5744.79,C1836504972,114895.74,109150.95,C_LEGIT_977623123,0.0,5744.79,0,0,L05_00164,LEGITIMATE_MULTIPLE_SMALL_TRANSACTIONS,None - repeated small transactions within normal behavioral range,NONE,1,4,7,40425.44,1,0.05,NORMAL_REPEATED_ACTIVITY
L05_001146,470,TRANSFER,5457.55,C1836504972,109150.95,103693.4,C_LEGIT_981048408,0.0,5457.55,0,0,L05_00164,LEGITIMATE_MULTIPLE_SMALL_TRANSACTIONS,None - repeated small transactions within normal behavioral range,NONE,1,5,7,40425.44,46,0.05,NORMAL_REPEATED_ACTIVITY
L05_001147,471,TRANSFER,5184.67,C1836504972,103693.4,98508.73,C_LEGIT_874212421,0.0,5184.67,0,0,L05_00164,LEGITIMATE_MULTIPLE_SMALL_TRANSACTIONS,None - repeated small transactions within normal behavioral range,NONE,1,6,7,40425.44,1,0.05,NORMAL_REPEATED_ACTIVITY
L05_001148,473,TRANSFER,4925.44,C1836504972,98508.73,93583.29,C_LEGIT_942953953,0.0,4925.44,0,0,L05_00164,LEGITIMATE_MULTIPLE_SMALL_TRANSACTIONS,None - repeated small transactions within normal behavioral range,NONE,1,7,7,40425.44,2,0.05,NORMAL_REPEATED_ACTIVITY
L05_001149,209,TRANSFER,1690.65,C1712503577,33813.0,32122.35,C_LEGIT_366886465,0.0,1690.65,0,0,L05_00165,LEGITIMATE_MULTIPLE_SMALL_TRANSACTIONS,None - repeated small transactions within normal behavioral range,NONE,1,1,7,10200.12,0,0.05,NORMAL_REPEATED_ACTIVITY
L05_001150,240,TRANSFER,1606.12,C1712503577,32122.35,30516.23,C_LEGIT_968647070,0.0,1606.12,0,0,L05_00165,LEGITIMATE_MULTIPLE_SMALL_TRANSACTIONS,None - repeated small transactions within normal behavioral range,NONE,1,2,7,10200.12,31,0.05,NORMAL_REPEATED_ACTIVITY
L05_001151,248,TRANSFER,1525.81,C1712503577,30516.23,28990.42,C_LEGIT_534287063,0.0,1525.81,0,0,L05_00165,LEGITIMATE_MULTIPLE_SMALL_TRANSACTIONS,None - repeated small transactions within normal behavioral range,NONE,1,3,7,10200.12,8,0.05,NORMAL_REPEATED_ACTIVITY
L05_001152,256,TRANSFER,1449.52,C1712503577,28990.42,27540.9,C_LEGIT_191788856,0.0,1449.52,0,0,L05_00165,LEGITIMATE_MULTIPLE_SMALL_TRANSACTIONS,None - repeated small transactions within normal behavioral range,NONE,1,4,7,10200.12,8,0.05,NORMAL_REPEATED_ACTIVITY
L05_001153,276,TRANSFER,1377.05,C1712503577,27540.9,26163.85,C_LEGIT_205435259,0.0,1377.05,0,0,L05_00165,LEGITIMATE_MULTIPLE_SMALL_TRANSACTIONS,None - repeated small transactions within normal behavioral range,NONE,1,5,7,10200.12,20,0.05,NORMAL_REPEATED_ACTIVITY
L05_001154,279,TRANSFER,1308.19,C1712503577,26163.85,24855.66,C_LEGIT_584103545,0.0,1308.19,0,0,L05_00165,LEGITIMATE_MULTIPLE_SMALL_TRANSACTIONS,None - repeated small transactions within normal behavioral range,NONE,1,6,7,10200.12,3,0.05,NORMAL_REPEATED_ACTIVITY
L05_001155,288,TRANSFER,1242.78,C1712503577,24855.66,23612.88,C_LEGIT_301044288,0.0,1242.78,0,0,L05_00165,LEGITIMATE_MULTIPLE_SMALL_TRANSACTIONS,None - repeated small transactions within normal behavioral range,NONE,1,7,7,10200.12,9,0.05,NORMAL_REPEATED_ACTIVITY
L05_001156,63,TRANSFER,476.55,C1518654009,9531.0,9054.45,C_LEGIT_465645942,0.0,476.55,0,0,L05_00166,LEGITIMATE_MULTIPLE_SMALL_TRANSACTIONS,None - repeated small transactions within normal behavioral range,NONE,1,1,7,2875.15,0,0.05,NORMAL_REPEATED_ACTIVITY
L05_001157,76,TRANSFER,452.72,C1518654009,9054.45,8601.73,C_LEGIT_984741462,0.0,452.72,0,0,L05_00166,LEGITIMATE_MULTIPLE_SMALL_TRANSACTIONS,None - repeated small transactions within normal behavioral range,NONE,1,2,7,2875.15,13,0.05,NORMAL_REPEATED_ACTIVITY
L05_001158,83,TRANSFER,430.09,C1518654009,8601.73,8171.64,C_LEGIT_589362916,0.0,430.09,0,0,L05_00166,LEGITIMATE_MULTIPLE_SMALL_TRANSACTIONS,None - repeated small transactions within normal behavioral range,NONE,1,3,7,2875.15,7,0.05,NORMAL_REPEATED_ACTIVITY
L05_001159,86,TRANSFER,408.58,C1518654009,8171.64,7763.06,C_LEGIT_609627986,0.0,408.58,0,0,L05_00166,LEGITIMATE_MULTIPLE_SMALL_TRANSACTIONS,None - repeated small transactions within normal behavioral range,NONE,1,4,7,2875.15,3,0.05,NORMAL_REPEATED_ACTIVITY
L05_001160,87,TRANSFER,388.15,C1518654009,7763.06,7374.91,C_LEGIT_686936473,0.0,388.15,0,0,L05_00166,LEGITIMATE_MULTIPLE_SMALL_TRANSACTIONS,None - repeated small transactions within normal behavioral range,NONE,1,5,7,2875.15,1,0.05,NORMAL_REPEATED_ACTIVITY
L05_001161,105,TRANSFER,368.75,C1518654009,7374.91,7006.16,C_LEGIT_244455975,0.0,368.75,0,0,L05_00166,LEGITIMATE_MULTIPLE_SMALL_TRANSACTIONS,None - repeated small transactions within normal behavioral range,NONE,1,6,7,2875.15,18,0.05,NORMAL_REPEATED_ACTIVITY
L05_001162,107,TRANSFER,350.31,C1518654009,7006.16,6655.85,C_LEGIT_320189669,0.0,350.31,0,0,L05_00166,LEGITIMATE_MULTIPLE_SMALL_TRANSACTIONS,None - repeated small transactions within normal behavioral range,NONE,1,7,7,2875.15,2,0.05,NORMAL_REPEATED_ACTIVITY
L05_001163,385,TRANSFER,2381.61,C658223702,4177456.05,4175074.44,C_LEGIT_626266048,0.0,2381.61,0,0,L05_00167,LEGITIMATE_MULTIPLE_SMALL_TRANSACTIONS,None - repeated small transactions within normal behavioral range,NONE,1,1,7,14139.56,0,0.0006,NORMAL_REPEATED_ACTIVITY
L05_001164,390,TRANSFER,1545.96,C658223702,4175074.44,4173528.48,C_LEGIT_866833626,0.0,1545.96,0,0,L05_00167,LEGITIMATE_MULTIPLE_SMALL_TRANSACTIONS,None - repeated small transactions within normal behavioral range,NONE,1,2,7,14139.56,5,0.0004,NORMAL_REPEATED_ACTIVITY
L05_001165,401,TRANSFER,2068.36,C658223702,4173528.48,4171460.12,C_LEGIT_613799802,0.0,2068.36,0,0,L05_00167,LEGITIMATE_MULTIPLE_SMALL_TRANSACTIONS,None - repeated small transactions within normal behavioral range,NONE,1,3,7,14139.56,11,0.0005,NORMAL_REPEATED_ACTIVITY
L05_001166,404,TRANSFER,1742.89,C658223702,4171460.12,4169717.23,C_LEGIT_691536108,0.0,1742.89,0,0,L05_00167,LEGITIMATE_MULTIPLE_SMALL_TRANSACTIONS,None - repeated small transactions within normal behavioral range,NONE,1,4,7,14139.56,3,0.0004,NORMAL_REPEATED_ACTIVITY
L05_001167,438,TRANSFER,2115.64,C658223702,4169717.23,4167601.59,C_LEGIT_962318966,0.0,2115.64,0,0,L05_00167,LEGITIMATE_MULTIPLE_SMALL_TRANSACTIONS,None - repeated small transactions within normal behavioral range,NONE,1,5,7,14139.56,34,0.0005,NORMAL_REPEATED_ACTIVITY
L05_001168,453,TRANSFER,2203.78,C658223702,4167601.59,4165397.81,C_LEGIT_917827982,0.0,2203.78,0,0,L05_00167,LEGITIMATE_MULTIPLE_SMALL_TRANSACTIONS,None - repeated small transactions within normal behavioral range,NONE,1,6,7,14139.56,15,0.0005,NORMAL_REPEATED_ACTIVITY
L05_001169,475,TRANSFER,2081.32,C658223702,4165397.81,4163316.49,C_LEGIT_465400551,0.0,2081.32,0,0,L05_00167,LEGITIMATE_MULTIPLE_SMALL_TRANSACTIONS,None - repeated small transactions within normal behavioral range,NONE,1,7,7,14139.56,22,0.0005,NORMAL_REPEATED_ACTIVITY
L05_001170,196,TRANSFER,22586.2,C1538659910,451724.0,429137.8,C_LEGIT_934916410,0.0,22586.2,0,0,L05_00168,LEGITIMATE_MULTIPLE_SMALL_TRANSACTIONS,None - repeated small transactions within normal behavioral range,NONE,1,1,7,136268.28,0,0.05,NORMAL_REPEATED_ACTIVITY
L05_001171,204,TRANSFER,21456.89,C1538659910,429137.8,407680.91,C_LEGIT_753118368,0.0,21456.89,0,0,L05_00168,LEGITIMATE_MULTIPLE_SMALL_TRANSACTIONS,None - repeated small transactions within normal behavioral range,NONE,1,2,7,136268.28,8,0.05,NORMAL_REPEATED_ACTIVITY
L05_001172,251,TRANSFER,20384.05,C1538659910,407680.91,387296.86,C_LEGIT_599166106,0.0,20384.05,0,0,L05_00168,LEGITIMATE_MULTIPLE_SMALL_TRANSACTIONS,None - repeated small transactions within normal behavioral range,NONE,1,3,7,136268.28,47,0.05,NORMAL_REPEATED_ACTIVITY
L05_001173,252,TRANSFER,19364.84,C1538659910,387296.86,367932.02,C_LEGIT_487447859,0.0,19364.84,0,0,L05_00168,LEGITIMATE_MULTIPLE_SMALL_TRANSACTIONS,None - repeated small transactions within normal behavioral range,NONE,1,4,7,136268.28,1,0.05,NORMAL_REPEATED_ACTIVITY
L05_001174,253,TRANSFER,18396.6,C1538659910,367932.02,349535.42,C_LEGIT_929071805,0.0,18396.6,0,0,L05_00168,LEGITIMATE_MULTIPLE_SMALL_TRANSACTIONS,None - repeated small transactions within normal behavioral range,NONE,1,5,7,136268.28,1,0.05,NORMAL_REPEATED_ACTIVITY
L05_001175,267,TRANSFER,17476.77,C1538659910,349535.42,332058.65,C_LEGIT_723691991,0.0,17476.77,0,0,L05_00168,LEGITIMATE_MULTIPLE_SMALL_TRANSACTIONS,None - repeated small transactions within normal behavioral range,NONE,1,6,7,136268.28,14,0.05,NORMAL_REPEATED_ACTIVITY
L05_001176,270,TRANSFER,16602.93,C1538659910,332058.65,315455.72,C_LEGIT_831324756,0.0,16602.93,0,0,L05_00168,LEGITIMATE_MULTIPLE_SMALL_TRANSACTIONS,None - repeated small transactions within normal behavioral range,NONE,1,7,7,136268.28,3,0.05,NORMAL_REPEATED_ACTIVITY
L05_001177,715,TRANSFER,532.05,C595154055,10641.0,10108.95,C_LEGIT_667934270,0.0,532.05,0,0,L05_00169,LEGITIMATE_MULTIPLE_SMALL_TRANSACTIONS,None - repeated small transactions within normal behavioral range,NONE,1,1,7,3210.01,0,0.05,NORMAL_REPEATED_ACTIVITY
L05_001178,724,TRANSFER,505.45,C595154055,10108.95,9603.5,C_LEGIT_243869560,0.0,505.45,0,0,L05_00169,LEGITIMATE_MULTIPLE_SMALL_TRANSACTIONS,None - repeated small transactions within normal behavioral range,NONE,1,2,7,3210.01,9,0.05,NORMAL_REPEATED_ACTIVITY
L05_001179,742,TRANSFER,480.18,C595154055,9603.5,9123.32,C_LEGIT_864767999,0.0,480.18,0,0,L05_00169,LEGITIMATE_MULTIPLE_SMALL_TRANSACTIONS,None - repeated small transactions within normal behavioral range,NONE,1,3,7,3210.01,18,0.05,NORMAL_REPEATED_ACTIVITY
L05_001180,755,TRANSFER,456.17,C595154055,9123.32,8667.15,C_LEGIT_558988072,0.0,456.17,0,0,L05_00169,LEGITIMATE_MULTIPLE_SMALL_TRANSACTIONS,None - repeated small transactions within normal behavioral range,NONE,1,4,7,3210.01,13,0.05,NORMAL_REPEATED_ACTIVITY
L05_001181,760,TRANSFER,433.36,C595154055,8667.15,8233.79,C_LEGIT_998536816,0.0,433.36,0,0,L05_00169,LEGITIMATE_MULTIPLE_SMALL_TRANSACTIONS,None - repeated small transactions within normal behavioral range,NONE,1,5,7,3210.01,5,0.05,NORMAL_REPEATED_ACTIVITY
L05_001182,781,TRANSFER,411.69,C595154055,8233.79,7822.1,C_LEGIT_726764737,0.0,411.69,0,0,L05_00169,LEGITIMATE_MULTIPLE_SMALL_TRANSACTIONS,None - repeated small transactions within normal behavioral range,NONE,1,6,7,3210.01,21,0.05,NORMAL_REPEATED_ACTIVITY
L05_001183,787,TRANSFER,391.11,C595154055,7822.1,7430.99,C_LEGIT_280310821,0.0,391.11,0,0,L05_00169,LEGITIMATE_MULTIPLE_SMALL_TRANSACTIONS,None - repeated small transactions within normal behavioral range,NONE,1,7,7,3210.01,6,0.05,NORMAL_REPEATED_ACTIVITY
L05_001184,203,TRANSFER,7248.62,C891584782,450336.0,443087.38,C_LEGIT_690414690,0.0,7248.62,0,0,L05_00170,LEGITIMATE_MULTIPLE_SMALL_TRANSACTIONS,None - repeated small transactions within normal behavioral range,NONE,1,1,7,47927.87,0,0.0161,NORMAL_REPEATED_ACTIVITY
L05_001185,209,TRANSFER,5722.99,C891584782,443087.38,437364.39,C_LEGIT_871341519,0.0,5722.99,0,0,L05_00170,LEGITIMATE_MULTIPLE_SMALL_TRANSACTIONS,None - repeated small transactions within normal behavioral range,NONE,1,2,7,47927.87,6,0.0129,NORMAL_REPEATED_ACTIVITY
L05_001186,215,TRANSFER,7846.87,C891584782,437364.39,429517.52,C_LEGIT_603687245,0.0,7846.87,0,0,L05_00170,LEGITIMATE_MULTIPLE_SMALL_TRANSACTIONS,None - repeated small transactions within normal behavioral range,NONE,1,3,7,47927.87,6,0.0179,NORMAL_REPEATED_ACTIVITY
L05_001187,228,TRANSFER,6301.25,C891584782,429517.52,423216.27,C_LEGIT_157674330,0.0,6301.25,0,0,L05_00170,LEGITIMATE_MULTIPLE_SMALL_TRANSACTIONS,None - repeated small transactions within normal behavioral range,NONE,1,4,7,47927.87,13,0.0147,NORMAL_REPEATED_ACTIVITY
L05_001188,230,TRANSFER,6949.64,C891584782,423216.27,416266.63,C_LEGIT_894943182,0.0,6949.64,0,0,L05_00170,LEGITIMATE_MULTIPLE_SMALL_TRANSACTIONS,None - repeated small transactions within normal behavioral range,NONE,1,5,7,47927.87,2,0.0164,NORMAL_REPEATED_ACTIVITY
L05_001189,264,TRANSFER,5697.5,C891584782,416266.63,410569.13,C_LEGIT_607180446,0.0,5697.5,0,0,L05_00170,LEGITIMATE_MULTIPLE_SMALL_TRANSACTIONS,None - repeated small transactions within normal behavioral range,NONE,1,6,7,47927.87,34,0.0137,NORMAL_REPEATED_ACTIVITY
L05_001190,277,TRANSFER,8161.0,C891584782,410569.13,402408.13,C_LEGIT_352092450,0.0,8161.0,0,0,L05_00170,LEGITIMATE_MULTIPLE_SMALL_TRANSACTIONS,None - repeated small transactions within normal behavioral range,NONE,1,7,7,47927.87,13,0.0199,NORMAL_REPEATED_ACTIVITY
L05_001191,32,TRANSFER,19923.85,C967802862,398477.0,378553.15,C_LEGIT_866747342,0.0,19923.85,0,0,L05_00171,LEGITIMATE_MULTIPLE_SMALL_TRANSACTIONS,None - repeated small transactions within normal behavioral range,NONE,1,1,7,120205.65,0,0.05,NORMAL_REPEATED_ACTIVITY
L05_001192,77,TRANSFER,18927.66,C967802862,378553.15,359625.49,C_LEGIT_462107465,0.0,18927.66,0,0,L05_00171,LEGITIMATE_MULTIPLE_SMALL_TRANSACTIONS,None - repeated small transactions within normal behavioral range,NONE,1,2,7,120205.65,45,0.05,NORMAL_REPEATED_ACTIVITY
L05_001193,78,TRANSFER,17981.27,C967802862,359625.49,341644.22,C_LEGIT_178460993,0.0,17981.27,0,0,L05_00171,LEGITIMATE_MULTIPLE_SMALL_TRANSACTIONS,None - repeated small transactions within normal behavioral range,NONE,1,3,7,120205.65,1,0.05,NORMAL_REPEATED_ACTIVITY
L05_001194,84,TRANSFER,17082.21,C967802862,341644.22,324562.01,C_LEGIT_608274909,0.0,17082.21,0,0,L05_00171,LEGITIMATE_MULTIPLE_SMALL_TRANSACTIONS,None - repeated small transactions within normal behavioral range,NONE,1,4,7,120205.65,6,0.05,NORMAL_REPEATED_ACTIVITY
L05_001195,96,TRANSFER,16228.1,C967802862,324562.01,308333.91,C_LEGIT_782503119,0.0,16228.1,0,0,L05_00171,LEGITIMATE_MULTIPLE_SMALL_TRANSACTIONS,None - repeated small transactions within normal behavioral range,NONE,1,5,7,120205.65,12,0.05,NORMAL_REPEATED_ACTIVITY
L05_001196,111,TRANSFER,15416.7,C967802862,308333.91,292917.21,C_LEGIT_555774945,0.0,15416.7,0,0,L05_00171,LEGITIMATE_MULTIPLE_SMALL_TRANSACTIONS,None - repeated small transactions within normal behavioral range,NONE,1,6,7,120205.65,15,0.05,NORMAL_REPEATED_ACTIVITY
L05_001197,119,TRANSFER,14645.86,C967802862,292917.21,278271.35,C_LEGIT_466023729,0.0,14645.86,0,0,L05_00171,LEGITIMATE_MULTIPLE_SMALL_TRANSACTIONS,None - repeated small transactions within normal behavioral range,NONE,1,7,7,120205.65,8,0.05,NORMAL_REPEATED_ACTIVITY
L05_001198,233,TRANSFER,17754.68,C104101064,355093.52,337338.84,C_LEGIT_449169860,0.0,17754.68,0,0,L05_00172,LEGITIMATE_MULTIPLE_SMALL_TRANSACTIONS,None - repeated small transactions within normal behavioral range,NONE,1,1,7,107118.48,0,0.05,NORMAL_REPEATED_ACTIVITY
L05_001199,244,TRANSFER,16866.94,C104101064,337338.84,320471.9,C_LEGIT_363463350,0.0,16866.94,0,0,L05_00172,LEGITIMATE_MULTIPLE_SMALL_TRANSACTIONS,None - repeated small transactions within normal behavioral range,NONE,1,2,7,107118.48,11,0.05,NORMAL_REPEATED_ACTIVITY
L05_001200,296,TRANSFER,16023.6,C104101064,320471.9,304448.3,C_LEGIT_263304900,0.0,16023.6,0,0,L05_00172,LEGITIMATE_MULTIPLE_SMALL_TRANSACTIONS,None - repeated small transactions within normal behavioral range,NONE,1,3,7,107118.48,52,0.05,NORMAL_REPEATED_ACTIVITY
L05_001201,305,TRANSFER,15222.42,C104101064,304448.3,289225.88,C_LEGIT_699936224,0.0,15222.42,0,0,L05_00172,LEGITIMATE_MULTIPLE_SMALL_TRANSACTIONS,None - repeated small transactions within normal behavioral range,NONE,1,4,7,107118.48,9,0.05,NORMAL_REPEATED_ACTIVITY
L05_001202,314,TRANSFER,14461.29,C104101064,289225.88,274764.59,C_LEGIT_719695456,0.0,14461.29,0,0,L05_00172,LEGITIMATE_MULTIPLE_SMALL_TRANSACTIONS,None - repeated small transactions within normal behavioral range,NONE,1,5,7,107118.48,9,0.05,NORMAL_REPEATED_ACTIVITY
L05_001203,317,TRANSFER,13738.23,C104101064,274764.59,261026.36,C_LEGIT_542672863,0.0,13738.23,0,0,L05_00172,LEGITIMATE_MULTIPLE_SMALL_TRANSACTIONS,None - repeated small transactions within normal behavioral range,NONE,1,6,7,107118.48,3,0.05,NORMAL_REPEATED_ACTIVITY
L05_001204,321,TRANSFER,13051.32,C104101064,261026.36,247975.04,C_LEGIT_506828011,0.0,13051.32,0,0,L05_00172,LEGITIMATE_MULTIPLE_SMALL_TRANSACTIONS,None - repeated small transactions within normal behavioral range,NONE,1,7,7,107118.48,4,0.05,NORMAL_REPEATED_ACTIVITY
L05_001205,364,TRANSFER,2035.17,C1105326694,40703.45,38668.28,C_LEGIT_879349839,0.0,2035.17,0,0,L05_00173,LEGITIMATE_MULTIPLE_SMALL_TRANSACTIONS,None - repeated small transactions within normal behavioral range,NONE,1,1,7,12278.71,0,0.05,NORMAL_REPEATED_ACTIVITY
L05_001206,388,TRANSFER,1933.41,C1105326694,38668.28,36734.87,C_LEGIT_521070769,0.0,1933.41,0,0,L05_00173,LEGITIMATE_MULTIPLE_SMALL_TRANSACTIONS,None - repeated small transactions within normal behavioral range,NONE,1,2,7,12278.71,24,0.05,NORMAL_REPEATED_ACTIVITY
L05_001207,405,TRANSFER,1836.74,C1105326694,36734.87,34898.13,C_LEGIT_359878458,0.0,1836.74,0,0,L05_00173,LEGITIMATE_MULTIPLE_SMALL_TRANSACTIONS,None - repeated small transactions within normal behavioral range,NONE,1,3,7,12278.71,17,0.05,NORMAL_REPEATED_ACTIVITY
L05_001208,418,TRANSFER,1744.91,C1105326694,34898.13,33153.22,C_LEGIT_522871257,0.0,1744.91,0,0,L05_00173,LEGITIMATE_MULTIPLE_SMALL_TRANSACTIONS,None - repeated small transactions within normal behavioral range,NONE,1,4,7,12278.71,13,0.05,NORMAL_REPEATED_ACTIVITY
L05_001209,427,TRANSFER,1657.66,C1105326694,33153.22,31495.56,C_LEGIT_389526896,0.0,1657.66,0,0,L05_00173,LEGITIMATE_MULTIPLE_SMALL_TRANSACTIONS,None - repeated small transactions within normal behavioral range,NONE,1,5,7,12278.71,9,0.05,NORMAL_REPEATED_ACTIVITY
L05_001210,433,TRANSFER,1574.78,C1105326694,31495.56,29920.78,C_LEGIT_344290783,0.0,1574.78,0,0,L05_00173,LEGITIMATE_MULTIPLE_SMALL_TRANSACTIONS,None - repeated small transactions within normal behavioral range,NONE,1,6,7,12278.71,6,0.05,NORMAL_REPEATED_ACTIVITY
L05_001211,450,TRANSFER,1496.04,C1105326694,29920.78,28424.74,C_LEGIT_150057703,0.0,1496.04,0,0,L05_00173,LEGITIMATE_MULTIPLE_SMALL_TRANSACTIONS,None - repeated small transactions within normal behavioral range,NONE,1,7,7,12278.71,17,0.05,NORMAL_REPEATED_ACTIVITY
L05_001212,243,TRANSFER,1217.65,C1680507650,24353.0,23135.35,C_LEGIT_237399429,0.0,1217.65,0,0,L05_00174,LEGITIMATE_MULTIPLE_SMALL_TRANSACTIONS,None - repeated small transactions within normal behavioral range,NONE,1,1,7,7346.39,0,0.05,NORMAL_REPEATED_ACTIVITY
L05_001213,249,TRANSFER,1156.77,C1680507650,23135.35,21978.58,C_LEGIT_184063938,0.0,1156.77,0,0,L05_00174,LEGITIMATE_MULTIPLE_SMALL_TRANSACTIONS,None - repeated small transactions within normal behavioral range,NONE,1,2,7,7346.39,6,0.05,NORMAL_REPEATED_ACTIVITY
L05_001214,262,TRANSFER,1098.93,C1680507650,21978.58,20879.65,C_LEGIT_984789093,0.0,1098.93,0,0,L05_00174,LEGITIMATE_MULTIPLE_SMALL_TRANSACTIONS,None - repeated small transactions within normal behavioral range,NONE,1,3,7,7346.39,13,0.05,NORMAL_REPEATED_ACTIVITY
L05_001215,268,TRANSFER,1043.98,C1680507650,20879.65,19835.67,C_LEGIT_901318881,0.0,1043.98,0,0,L05_00174,LEGITIMATE_MULTIPLE_SMALL_TRANSACTIONS,None - repeated small transactions within normal behavioral range,NONE,1,4,7,7346.39,6,0.05,NORMAL_REPEATED_ACTIVITY
L05_001216,278,TRANSFER,991.78,C1680507650,19835.67,18843.89,C_LEGIT_198320808,0.0,991.78,0,0,L05_00174,LEGITIMATE_MULTIPLE_SMALL_TRANSACTIONS,None - repeated small transactions within normal behavioral range,NONE,1,5,7,7346.39,10,0.05,NORMAL_REPEATED_ACTIVITY
L05_001217,298,TRANSFER,942.19,C1680507650,18843.89,17901.7,C_LEGIT_427279667,0.0,942.19,0,0,L05_00174,LEGITIMATE_MULTIPLE_SMALL_TRANSACTIONS,None - repeated small transactions within normal behavioral range,NONE,1,6,7,7346.39,20,0.05,NORMAL_REPEATED_ACTIVITY
L05_001218,302,TRANSFER,895.09,C1680507650,17901.7,17006.61,C_LEGIT_896337860,0.0,895.09,0,0,L05_00174,LEGITIMATE_MULTIPLE_SMALL_TRANSACTIONS,None - repeated small transactions within normal behavioral range,NONE,1,7,7,7346.39,4,0.05,NORMAL_REPEATED_ACTIVITY
L05_001219,147,TRANSFER,266.65,C1192943776,5333.0,5066.35,C_LEGIT_626326302,0.0,266.65,0,0,L05_00175,LEGITIMATE_MULTIPLE_SMALL_TRANSACTIONS,None - repeated small transactions within normal behavioral range,NONE,1,1,7,1608.77,0,0.05,NORMAL_REPEATED_ACTIVITY
L05_001220,162,TRANSFER,253.32,C1192943776,5066.35,4813.03,C_LEGIT_823001635,0.0,253.32,0,0,L05_00175,LEGITIMATE_MULTIPLE_SMALL_TRANSACTIONS,None - repeated small transactions within normal behavioral range,NONE,1,2,7,1608.77,15,0.05,NORMAL_REPEATED_ACTIVITY
L05_001221,164,TRANSFER,240.65,C1192943776,4813.03,4572.38,C_LEGIT_532097664,0.0,240.65,0,0,L05_00175,LEGITIMATE_MULTIPLE_SMALL_TRANSACTIONS,None - repeated small transactions within normal behavioral range,NONE,1,3,7,1608.77,2,0.05,NORMAL_REPEATED_ACTIVITY
L05_001222,167,TRANSFER,228.62,C1192943776,4572.38,4343.76,C_LEGIT_198979911,0.0,228.62,0,0,L05_00175,LEGITIMATE_MULTIPLE_SMALL_TRANSACTIONS,None - repeated small transactions within normal behavioral range,NONE,1,4,7,1608.77,3,0.05,NORMAL_REPEATED_ACTIVITY
L05_001223,174,TRANSFER,217.19,C1192943776,4343.76,4126.57,C_LEGIT_547308788,0.0,217.19,0,0,L05_00175,LEGITIMATE_MULTIPLE_SMALL_TRANSACTIONS,None - repeated small transactions within normal behavioral range,NONE,1,5,7,1608.77,7,0.05,NORMAL_REPEATED_ACTIVITY
L05_001224,175,TRANSFER,206.33,C1192943776,4126.57,3920.24,C_LEGIT_439787662,0.0,206.33,0,0,L05_00175,LEGITIMATE_MULTIPLE_SMALL_TRANSACTIONS,None - repeated small transactions within normal behavioral range,NONE,1,6,7,1608.77,1,0.05,NORMAL_REPEATED_ACTIVITY
L05_001225,221,TRANSFER,196.01,C1192943776,3920.24,3724.23,C_LEGIT_828524472,0.0,196.01,0,0,L05_00175,LEGITIMATE_MULTIPLE_SMALL_TRANSACTIONS,None - repeated small transactions within normal behavioral range,NONE,1,7,7,1608.77,46,0.05,NORMAL_REPEATED_ACTIVITY
L05_001226,415,TRANSFER,9.65,C2018277381,193.0,183.35,C_LEGIT_308071586,0.0,9.65,0,0,L05_00176,LEGITIMATE_MULTIPLE_SMALL_TRANSACTIONS,None - repeated small transactions within normal behavioral range,NONE,1,1,7,58.22,0,0.05,NORMAL_REPEATED_ACTIVITY
L05_001227,416,TRANSFER,9.17,C2018277381,183.35,174.18,C_LEGIT_504209452,0.0,9.17,0,0,L05_00176,LEGITIMATE_MULTIPLE_SMALL_TRANSACTIONS,None - repeated small transactions within normal behavioral range,NONE,1,2,7,58.22,1,0.05,NORMAL_REPEATED_ACTIVITY
L05_001228,429,TRANSFER,8.71,C2018277381,174.18,165.47,C_LEGIT_283681983,0.0,8.71,0,0,L05_00176,LEGITIMATE_MULTIPLE_SMALL_TRANSACTIONS,None - repeated small transactions within normal behavioral range,NONE,1,3,7,58.22,13,0.05,NORMAL_REPEATED_ACTIVITY
L05_001229,442,TRANSFER,8.27,C2018277381,165.47,157.2,C_LEGIT_346199362,0.0,8.27,0,0,L05_00176,LEGITIMATE_MULTIPLE_SMALL_TRANSACTIONS,None - repeated small transactions within normal behavioral range,NONE,1,4,7,58.22,13,0.05,NORMAL_REPEATED_ACTIVITY
L05_001230,459,TRANSFER,7.86,C2018277381,157.2,149.34,C_LEGIT_944496183,0.0,7.86,0,0,L05_00176,LEGITIMATE_MULTIPLE_SMALL_TRANSACTIONS,None - repeated small transactions within normal behavioral range,NONE,1,5,7,58.22,17,0.05,NORMAL_REPEATED_ACTIVITY
L05_001231,477,TRANSFER,7.47,C2018277381,149.34,141.87,C_LEGIT_821299895,0.0,7.47,0,0,L05_00176,LEGITIMATE_MULTIPLE_SMALL_TRANSACTIONS,None - repeated small transactions within normal behavioral range,NONE,1,6,7,58.22,18,0.05,NORMAL_REPEATED_ACTIVITY
L05_001232,501,TRANSFER,7.09,C2018277381,141.87,134.78,C_LEGIT_580428379,0.0,7.09,0,0,L05_00176,LEGITIMATE_MULTIPLE_SMALL_TRANSACTIONS,None - repeated small transactions within normal behavioral range,NONE,1,7,7,58.22,24,0.05,NORMAL_REPEATED_ACTIVITY
L05_001233,345,TRANSFER,15233.57,C1740466861,304671.44,289437.87,C_LEGIT_103706883,0.0,15233.57,0,0,L05_00177,LEGITIMATE_MULTIPLE_SMALL_TRANSACTIONS,None - repeated small transactions within normal behavioral range,NONE,1,1,7,91908.01,0,0.05,NORMAL_REPEATED_ACTIVITY
L05_001234,346,TRANSFER,14471.89,C1740466861,289437.87,274965.98,C_LEGIT_521317397,0.0,14471.89,0,0,L05_00177,LEGITIMATE_MULTIPLE_SMALL_TRANSACTIONS,None - repeated small transactions within normal behavioral range,NONE,1,2,7,91908.01,1,0.05,NORMAL_REPEATED_ACTIVITY
L05_001235,356,TRANSFER,13748.3,C1740466861,274965.98,261217.68,C_LEGIT_296126714,0.0,13748.3,0,0,L05_00177,LEGITIMATE_MULTIPLE_SMALL_TRANSACTIONS,None - repeated small transactions within normal behavioral range,NONE,1,3,7,91908.01,10,0.05,NORMAL_REPEATED_ACTIVITY
L05_001236,357,TRANSFER,13060.88,C1740466861,261217.68,248156.8,C_LEGIT_679420634,0.0,13060.88,0,0,L05_00177,LEGITIMATE_MULTIPLE_SMALL_TRANSACTIONS,None - repeated small transactions within normal behavioral range,NONE,1,4,7,91908.01,1,0.05,NORMAL_REPEATED_ACTIVITY
L05_001237,400,TRANSFER,12407.84,C1740466861,248156.8,235748.96,C_LEGIT_346816577,0.0,12407.84,0,0,L05_00177,LEGITIMATE_MULTIPLE_SMALL_TRANSACTIONS,None - repeated small transactions within normal behavioral range,NONE,1,5,7,91908.01,43,0.05,NORMAL_REPEATED_ACTIVITY
L05_001238,419,TRANSFER,11787.45,C1740466861,235748.96,223961.51,C_LEGIT_417252626,0.0,11787.45,0,0,L05_00177,LEGITIMATE_MULTIPLE_SMALL_TRANSACTIONS,None - repeated small transactions within normal behavioral range,NONE,1,6,7,91908.01,19,0.05,NORMAL_REPEATED_ACTIVITY
L05_001239,423,TRANSFER,11198.08,C1740466861,223961.51,212763.43,C_LEGIT_872572266,0.0,11198.08,0,0,L05_00177,LEGITIMATE_MULTIPLE_SMALL_TRANSACTIONS,None - repeated small transactions within normal behavioral range,NONE,1,7,7,91908.01,4,0.05,NORMAL_REPEATED_ACTIVITY
L05_001240,364,TRANSFER,20194.25,C607098879,403885.0,383690.75,C_LEGIT_305264513,0.0,20194.25,0,0,L05_00178,LEGITIMATE_MULTIPLE_SMALL_TRANSACTIONS,None - repeated small transactions within normal behavioral range,NONE,1,1,7,121837.05,0,0.05,NORMAL_REPEATED_ACTIVITY
L05_001241,375,TRANSFER,19184.54,C607098879,383690.75,364506.21,C_LEGIT_982193988,0.0,19184.54,0,0,L05_00178,LEGITIMATE_MULTIPLE_SMALL_TRANSACTIONS,None - repeated small transactions within normal behavioral range,NONE,1,2,7,121837.05,11,0.05,NORMAL_REPEATED_ACTIVITY
L05_001242,384,TRANSFER,18225.31,C607098879,364506.21,346280.9,C_LEGIT_662939976,0.0,18225.31,0,0,L05_00178,LEGITIMATE_MULTIPLE_SMALL_TRANSACTIONS,None - repeated small transactions within normal behavioral range,NONE,1,3,7,121837.05,9,0.05,NORMAL_REPEATED_ACTIVITY
L05_001243,386,TRANSFER,17314.05,C607098879,346280.9,328966.85,C_LEGIT_543183607,0.0,17314.05,0,0,L05_00178,LEGITIMATE_MULTIPLE_SMALL_TRANSACTIONS,None - repeated small transactions within normal behavioral range,NONE,1,4,7,121837.05,2,0.05,NORMAL_REPEATED_ACTIVITY
L05_001244,392,TRANSFER,16448.34,C607098879,328966.85,312518.51,C_LEGIT_861795481,0.0,16448.34,0,0,L05_00178,LEGITIMATE_MULTIPLE_SMALL_TRANSACTIONS,None - repeated small transactions within normal behavioral range,NONE,1,5,7,121837.05,6,0.05,NORMAL_REPEATED_ACTIVITY
L05_001245,396,TRANSFER,15625.93,C607098879,312518.51,296892.58,C_LEGIT_802760948,0.0,15625.93,0,0,L05_00178,LEGITIMATE_MULTIPLE_SMALL_TRANSACTIONS,None - repeated small transactions within normal behavioral range,NONE,1,6,7,121837.05,4,0.05,NORMAL_REPEATED_ACTIVITY
L05_001246,407,TRANSFER,14844.63,C607098879,296892.58,282047.95,C_LEGIT_487772768,0.0,14844.63,0,0,L05_00178,LEGITIMATE_MULTIPLE_SMALL_TRANSACTIONS,None - repeated small transactions within normal behavioral range,NONE,1,7,7,121837.05,11,0.05,NORMAL_REPEATED_ACTIVITY
L05_001247,197,TRANSFER,44.45,C1553044963,889.0,844.55,C_LEGIT_718281780,0.0,44.45,0,0,L05_00179,LEGITIMATE_MULTIPLE_SMALL_TRANSACTIONS,None - repeated small transactions within normal behavioral range,NONE,1,1,7,268.17,0,0.05,NORMAL_REPEATED_ACTIVITY
L05_001248,206,TRANSFER,42.23,C1553044963,844.55,802.32,C_LEGIT_933191414,0.0,42.23,0,0,L05_00179,LEGITIMATE_MULTIPLE_SMALL_TRANSACTIONS,None - repeated small transactions within normal behavioral range,NONE,1,2,7,268.17,9,0.05,NORMAL_REPEATED_ACTIVITY
L05_001249,219,TRANSFER,40.12,C1553044963,802.32,762.2,C_LEGIT_699414422,0.0,40.12,0,0,L05_00179,LEGITIMATE_MULTIPLE_SMALL_TRANSACTIONS,None - repeated small transactions within normal behavioral range,NONE,1,3,7,268.17,13,0.05,NORMAL_REPEATED_ACTIVITY
L05_001250,220,TRANSFER,38.11,C1553044963,762.2,724.09,C_LEGIT_236189068,0.0,38.11,0,0,L05_00179,LEGITIMATE_MULTIPLE_SMALL_TRANSACTIONS,None - repeated small transactions within normal behavioral range,NONE,1,4,7,268.17,1,0.05,NORMAL_REPEATED_ACTIVITY
L05_001251,243,TRANSFER,36.2,C1553044963,724.09,687.89,C_LEGIT_406500529,0.0,36.2,0,0,L05_00179,LEGITIMATE_MULTIPLE_SMALL_TRANSACTIONS,None - repeated small transactions within normal behavioral range,NONE,1,5,7,268.17,23,0.05,NORMAL_REPEATED_ACTIVITY
L05_001252,246,TRANSFER,34.39,C1553044963,687.89,653.5,C_LEGIT_115725842,0.0,34.39,0,0,L05_00179,LEGITIMATE_MULTIPLE_SMALL_TRANSACTIONS,None - repeated small transactions within normal behavioral range,NONE,1,6,7,268.17,3,0.05,NORMAL_REPEATED_ACTIVITY
L05_001253,252,TRANSFER,32.67,C1553044963,653.5,620.83,C_LEGIT_174189803,0.0,32.67,0,0,L05_00179,LEGITIMATE_MULTIPLE_SMALL_TRANSACTIONS,None - repeated small transactions within normal behavioral range,NONE,1,7,7,268.17,6,0.05,NORMAL_REPEATED_ACTIVITY
L05_001254,354,TRANSFER,1866.62,C72906475,37332.36,35465.74,C_LEGIT_651171683,0.0,1866.62,0,0,L05_00180,LEGITIMATE_MULTIPLE_SMALL_TRANSACTIONS,None - repeated small transactions within normal behavioral range,NONE,1,1,7,11261.78,0,0.05,NORMAL_REPEATED_ACTIVITY
L05_001255,367,TRANSFER,1773.29,C72906475,35465.74,33692.45,C_LEGIT_934670170,0.0,1773.29,0,0,L05_00180,LEGITIMATE_MULTIPLE_SMALL_TRANSACTIONS,None - repeated small transactions within normal behavioral range,NONE,1,2,7,11261.78,13,0.05,NORMAL_REPEATED_ACTIVITY
L05_001256,381,TRANSFER,1684.62,C72906475,33692.45,32007.83,C_LEGIT_540384540,0.0,1684.62,0,0,L05_00180,LEGITIMATE_MULTIPLE_SMALL_TRANSACTIONS,None - repeated small transactions within normal behavioral range,NONE,1,3,7,11261.78,14,0.05,NORMAL_REPEATED_ACTIVITY
L05_001257,390,TRANSFER,1600.39,C72906475,32007.83,30407.44,C_LEGIT_144155275,0.0,1600.39,0,0,L05_00180,LEGITIMATE_MULTIPLE_SMALL_TRANSACTIONS,None - repeated small transactions within normal behavioral range,NONE,1,4,7,11261.78,9,0.05,NORMAL_REPEATED_ACTIVITY
L05_001258,400,TRANSFER,1520.37,C72906475,30407.44,28887.07,C_LEGIT_789649648,0.0,1520.37,0,0,L05_00180,LEGITIMATE_MULTIPLE_SMALL_TRANSACTIONS,None - repeated small transactions within normal behavioral range,NONE,1,5,7,11261.78,10,0.05,NORMAL_REPEATED_ACTIVITY
L05_001259,419,TRANSFER,1444.35,C72906475,28887.07,27442.72,C_LEGIT_631775625,0.0,1444.35,0,0,L05_00180,LEGITIMATE_MULTIPLE_SMALL_TRANSACTIONS,None - repeated small transactions within normal behavioral range,NONE,1,6,7,11261.78,19,0.05,NORMAL_REPEATED_ACTIVITY
L05_001260,434,TRANSFER,1372.14,C72906475,27442.72,26070.58,C_LEGIT_520072019,0.0,1372.14,0,0,L05_00180,LEGITIMATE_MULTIPLE_SMALL_TRANSACTIONS,None - repeated small transactions within normal behavioral range,NONE,1,7,7,11261.78,15,0.05,NORMAL_REPEATED_ACTIVITY
L05_001261,192,TRANSFER,126851.08,C1455479764,5251411.91,5124560.83,C_LEGIT_599424048,0.0,126851.08,0,0,L05_00181,LEGITIMATE_MULTIPLE_SMALL_TRANSACTIONS,None - repeated small transactions within normal behavioral range,NONE,1,1,7,1069208.68,0,0.0242,NORMAL_REPEATED_ACTIVITY
L05_001262,218,TRANSFER,178328.92,C1455479764,5124560.83,4946231.91,C_LEGIT_170988129,0.0,178328.92,0,0,L05_00181,LEGITIMATE_MULTIPLE_SMALL_TRANSACTIONS,None - repeated small transactions within normal behavioral range,NONE,1,2,7,1069208.68,26,0.0348,NORMAL_REPEATED_ACTIVITY
L05_001263,219,TRANSFER,153033.49,C1455479764,4946231.91,4793198.42,C_LEGIT_579376027,0.0,153033.49,0,0,L05_00181,LEGITIMATE_MULTIPLE_SMALL_TRANSACTIONS,None - repeated small transactions within normal behavioral range,NONE,1,3,7,1069208.68,1,0.0309,NORMAL_REPEATED_ACTIVITY
L05_001264,233,TRANSFER,157297.57,C1455479764,4793198.42,4635900.85,C_LEGIT_552103282,0.0,157297.57,0,0,L05_00181,LEGITIMATE_MULTIPLE_SMALL_TRANSACTIONS,None - repeated small transactions within normal behavioral range,NONE,1,4,7,1069208.68,14,0.0328,NORMAL_REPEATED_ACTIVITY
L05_001265,244,TRANSFER,132231.8,C1455479764,4635900.85,4503669.05,C_LEGIT_876549365,0.0,132231.8,0,0,L05_00181,LEGITIMATE_MULTIPLE_SMALL_TRANSACTIONS,None - repeated small transactions within normal behavioral range,NONE,1,5,7,1069208.68,11,0.0285,NORMAL_REPEATED_ACTIVITY
L05_001266,246,TRANSFER,170283.42,C1455479764,4503669.05,4333385.63,C_LEGIT_993941339,0.0,170283.42,0,0,L05_00181,LEGITIMATE_MULTIPLE_SMALL_TRANSACTIONS,None - repeated small transactions within normal behavioral range,NONE,1,6,7,1069208.68,2,0.0378,NORMAL_REPEATED_ACTIVITY
L05_001267,250,TRANSFER,151182.4,C1455479764,4333385.63,4182203.23,C_LEGIT_598002205,0.0,151182.4,0,0,L05_00181,LEGITIMATE_MULTIPLE_SMALL_TRANSACTIONS,None - repeated small transactions within normal behavioral range,NONE,1,7,7,1069208.68,4,0.0349,NORMAL_REPEATED_ACTIVITY
L05_001268,281,TRANSFER,29971.63,C306103003,5690748.11,5660776.48,C_LEGIT_272344838,0.0,29971.63,0,0,L05_00182,LEGITIMATE_MULTIPLE_SMALL_TRANSACTIONS,None - repeated small transactions within normal behavioral range,NONE,1,1,7,226307.91,0,0.0053,NORMAL_REPEATED_ACTIVITY
L05_001269,292,TRANSFER,42564.68,C306103003,5660776.48,5618211.8,C_LEGIT_230575157,0.0,42564.68,0,0,L05_00182,LEGITIMATE_MULTIPLE_SMALL_TRANSACTIONS,None - repeated small transactions within normal behavioral range,NONE,1,2,7,226307.91,11,0.0075,NORMAL_REPEATED_ACTIVITY
L05_001270,293,TRANSFER,26815.61,C306103003,5618211.8,5591396.19,C_LEGIT_506124310,0.0,26815.61,0,0,L05_00182,LEGITIMATE_MULTIPLE_SMALL_TRANSACTIONS,None - repeated small transactions within normal behavioral range,NONE,1,3,7,226307.91,1,0.0048,NORMAL_REPEATED_ACTIVITY
L05_001271,299,TRANSFER,36053.73,C306103003,5591396.19,5555342.46,C_LEGIT_751627267,0.0,36053.73,0,0,L05_00182,LEGITIMATE_MULTIPLE_SMALL_TRANSACTIONS,None - repeated small transactions within normal behavioral range,NONE,1,4,7,226307.91,6,0.0064,NORMAL_REPEATED_ACTIVITY
L05_001272,324,TRANSFER,37428.3,C306103003,5555342.46,5517914.16,C_LEGIT_189612770,0.0,37428.3,0,0,L05_00182,LEGITIMATE_MULTIPLE_SMALL_TRANSACTIONS,None - repeated small transactions within normal behavioral range,NONE,1,5,7,226307.91,25,0.0067,NORMAL_REPEATED_ACTIVITY
L05_001273,346,TRANSFER,27017.75,C306103003,5517914.16,5490896.41,C_LEGIT_760911318,0.0,27017.75,0,0,L05_00182,LEGITIMATE_MULTIPLE_SMALL_TRANSACTIONS,None - repeated small transactions within normal behavioral range,NONE,1,6,7,226307.91,22,0.0049,NORMAL_REPEATED_ACTIVITY
L05_001274,353,TRANSFER,26456.21,C306103003,5490896.41,5464440.2,C_LEGIT_337694167,0.0,26456.21,0,0,L05_00182,LEGITIMATE_MULTIPLE_SMALL_TRANSACTIONS,None - repeated small transactions within normal behavioral range,NONE,1,7,7,226307.91,7,0.0048,NORMAL_REPEATED_ACTIVITY
L05_001275,214,TRANSFER,10860.63,C1257897693,316059.67,305199.04,C_LEGIT_213784376,0.0,10860.63,0,0,L05_00183,LEGITIMATE_MULTIPLE_SMALL_TRANSACTIONS,None - repeated small transactions within normal behavioral range,NONE,1,1,7,87307.22,0,0.0344,NORMAL_REPEATED_ACTIVITY
L05_001276,233,TRANSFER,15259.95,C1257897693,305199.04,289939.09,C_LEGIT_935849507,0.0,15259.95,0,0,L05_00183,LEGITIMATE_MULTIPLE_SMALL_TRANSACTIONS,None - repeated small transactions within normal behavioral range,NONE,1,2,7,87307.22,19,0.05,NORMAL_REPEATED_ACTIVITY
L05_001277,255,TRANSFER,14496.95,C1257897693,289939.09,275442.14,C_LEGIT_785857467,0.0,14496.95,0,0,L05_00183,LEGITIMATE_MULTIPLE_SMALL_TRANSACTIONS,None - repeated small transactions within normal behavioral range,NONE,1,3,7,87307.22,22,0.05,NORMAL_REPEATED_ACTIVITY
L05_001278,259,TRANSFER,10549.38,C1257897693,275442.14,264892.76,C_LEGIT_627064277,0.0,10549.38,0,0,L05_00183,LEGITIMATE_MULTIPLE_SMALL_TRANSACTIONS,None - repeated small transactions within normal behavioral range,NONE,1,4,7,87307.22,4,0.0383,NORMAL_REPEATED_ACTIVITY
L05_001279,269,TRANSFER,13244.64,C1257897693,264892.76,251648.12,C_LEGIT_183890351,0.0,13244.64,0,0,L05_00183,LEGITIMATE_MULTIPLE_SMALL_TRANSACTIONS,None - repeated small transactions within normal behavioral range,NONE,1,5,7,87307.22,10,0.05,NORMAL_REPEATED_ACTIVITY
L05_001280,280,TRANSFER,10856.07,C1257897693,251648.12,240792.05,C_LEGIT_682324292,0.0,10856.07,0,0,L05_00183,LEGITIMATE_MULTIPLE_SMALL_TRANSACTIONS,None - repeated small transactions within normal behavioral range,NONE,1,6,7,87307.22,11,0.0431,NORMAL_REPEATED_ACTIVITY
L05_001281,298,TRANSFER,12039.6,C1257897693,240792.05,228752.45,C_LEGIT_596225036,0.0,12039.6,0,0,L05_00183,LEGITIMATE_MULTIPLE_SMALL_TRANSACTIONS,None - repeated small transactions within normal behavioral range,NONE,1,7,7,87307.22,18,0.05,NORMAL_REPEATED_ACTIVITY
L05_001282,226,TRANSFER,5995.85,C669428507,258280.0,252284.15,C_LEGIT_624500667,0.0,5995.85,0,0,L05_00184,LEGITIMATE_MULTIPLE_SMALL_TRANSACTIONS,None - repeated small transactions within normal behavioral range,NONE,1,1,7,35632.62,0,0.0232,NORMAL_REPEATED_ACTIVITY
L05_001283,235,TRANSFER,4866.01,C669428507,252284.15,247418.14,C_LEGIT_410356645,0.0,4866.01,0,0,L05_00184,LEGITIMATE_MULTIPLE_SMALL_TRANSACTIONS,None - repeated small transactions within normal behavioral range,NONE,1,2,7,35632.62,9,0.0193,NORMAL_REPEATED_ACTIVITY
L05_001284,239,TRANSFER,4270.89,C669428507,247418.14,243147.25,C_LEGIT_957041562,0.0,4270.89,0,0,L05_00184,LEGITIMATE_MULTIPLE_SMALL_TRANSACTIONS,None - repeated small transactions within normal behavioral range,NONE,1,3,7,35632.62,4,0.0173,NORMAL_REPEATED_ACTIVITY
L05_001285,240,TRANSFER,4448.75,C669428507,243147.25,238698.5,C_LEGIT_481818211,0.0,4448.75,0,0,L05_00184,LEGITIMATE_MULTIPLE_SMALL_TRANSACTIONS,None - repeated small transactions within normal behavioral range,NONE,1,4,7,35632.62,1,0.0183,NORMAL_REPEATED_ACTIVITY
L05_001286,245,TRANSFER,5559.45,C669428507,238698.5,233139.05,C_LEGIT_391844508,0.0,5559.45,0,0,L05_00184,LEGITIMATE_MULTIPLE_SMALL_TRANSACTIONS,None - repeated small transactions within normal behavioral range,NONE,1,5,7,35632.62,5,0.0233,NORMAL_REPEATED_ACTIVITY
L05_001287,249,TRANSFER,5265.34,C669428507,233139.05,227873.71,C_LEGIT_418972519,0.0,5265.34,0,0,L05_00184,LEGITIMATE_MULTIPLE_SMALL_TRANSACTIONS,None - repeated small transactions within normal behavioral range,NONE,1,6,7,35632.62,4,0.0226,NORMAL_REPEATED_ACTIVITY
L05_001288,260,TRANSFER,5226.33,C669428507,227873.71,222647.38,C_LEGIT_224792620,0.0,5226.33,0,0,L05_00184,LEGITIMATE_MULTIPLE_SMALL_TRANSACTIONS,None - repeated small transactions within normal behavioral range,NONE,1,7,7,35632.62,11,0.0229,NORMAL_REPEATED_ACTIVITY
L05_001289,261,TRANSFER,2493.9,C649497820,49878.0,47384.1,C_LEGIT_251715881,0.0,2493.9,0,0,L05_00185,LEGITIMATE_MULTIPLE_SMALL_TRANSACTIONS,None - repeated small transactions within normal behavioral range,NONE,1,1,7,15046.34,0,0.05,NORMAL_REPEATED_ACTIVITY
L05_001290,269,TRANSFER,2369.2,C649497820,47384.1,45014.9,C_LEGIT_638293266,0.0,2369.2,0,0,L05_00185,LEGITIMATE_MULTIPLE_SMALL_TRANSACTIONS,None - repeated small transactions within normal behavioral range,NONE,1,2,7,15046.34,8,0.05,NORMAL_REPEATED_ACTIVITY
L05_001291,272,TRANSFER,2250.75,C649497820,45014.9,42764.15,C_LEGIT_820641428,0.0,2250.75,0,0,L05_00185,LEGITIMATE_MULTIPLE_SMALL_TRANSACTIONS,None - repeated small transactions within normal behavioral range,NONE,1,3,7,15046.34,3,0.05,NORMAL_REPEATED_ACTIVITY
L05_001292,274,TRANSFER,2138.21,C649497820,42764.15,40625.94,C_LEGIT_209963659,0.0,2138.21,0,0,L05_00185,LEGITIMATE_MULTIPLE_SMALL_TRANSACTIONS,None - repeated small transactions within normal behavioral range,NONE,1,4,7,15046.34,2,0.05,NORMAL_REPEATED_ACTIVITY
L05_001293,277,TRANSFER,2031.3,C649497820,40625.94,38594.64,C_LEGIT_625100226,0.0,2031.3,0,0,L05_00185,LEGITIMATE_MULTIPLE_SMALL_TRANSACTIONS,None - repeated small transactions within normal behavioral range,NONE,1,5,7,15046.34,3,0.05,NORMAL_REPEATED_ACTIVITY
L05_001294,326,TRANSFER,1929.73,C649497820,38594.64,36664.91,C_LEGIT_722031980,0.0,1929.73,0,0,L05_00185,LEGITIMATE_MULTIPLE_SMALL_TRANSACTIONS,None - repeated small transactions within normal behavioral range,NONE,1,6,7,15046.34,49,0.05,NORMAL_REPEATED_ACTIVITY
L05_001295,333,TRANSFER,1833.25,C649497820,36664.91,34831.66,C_LEGIT_925285700,0.0,1833.25,0,0,L05_00185,LEGITIMATE_MULTIPLE_SMALL_TRANSACTIONS,None - repeated small transactions within normal behavioral range,NONE,1,7,7,15046.34,7,0.05,NORMAL_REPEATED_ACTIVITY
L05_001296,166,TRANSFER,1519.95,C2127579233,30399.0,28879.05,C_LEGIT_920423844,0.0,1519.95,0,0,L05_00186,LEGITIMATE_MULTIPLE_SMALL_TRANSACTIONS,None - repeated small transactions within normal behavioral range,NONE,1,1,7,9170.25,0,0.05,NORMAL_REPEATED_ACTIVITY
L05_001297,179,TRANSFER,1443.95,C2127579233,28879.05,27435.1,C_LEGIT_440031673,0.0,1443.95,0,0,L05_00186,LEGITIMATE_MULTIPLE_SMALL_TRANSACTIONS,None - repeated small transactions within normal behavioral range,NONE,1,2,7,9170.25,13,0.05,NORMAL_REPEATED_ACTIVITY
L05_001298,182,TRANSFER,1371.76,C2127579233,27435.1,26063.34,C_LEGIT_959458604,0.0,1371.76,0,0,L05_00186,LEGITIMATE_MULTIPLE_SMALL_TRANSACTIONS,None - repeated small transactions within normal behavioral range,NONE,1,3,7,9170.25,3,0.05,NORMAL_REPEATED_ACTIVITY
L05_001299,185,TRANSFER,1303.17,C2127579233,26063.34,24760.17,C_LEGIT_731110076,0.0,1303.17,0,0,L05_00186,LEGITIMATE_MULTIPLE_SMALL_TRANSACTIONS,None - repeated small transactions within normal behavioral range,NONE,1,4,7,9170.25,3,0.05,NORMAL_REPEATED_ACTIVITY
L05_001300,192,TRANSFER,1238.01,C2127579233,24760.17,23522.16,C_LEGIT_869005287,0.0,1238.01,0,0,L05_00186,LEGITIMATE_MULTIPLE_SMALL_TRANSACTIONS,None - repeated small transactions within normal behavioral range,NONE,1,5,7,9170.25,7,0.05,NORMAL_REPEATED_ACTIVITY
L05_001301,205,TRANSFER,1176.11,C2127579233,23522.16,22346.05,C_LEGIT_753935170,0.0,1176.11,0,0,L05_00186,LEGITIMATE_MULTIPLE_SMALL_TRANSACTIONS,None - repeated small transactions within normal behavioral range,NONE,1,6,7,9170.25,13,0.05,NORMAL_REPEATED_ACTIVITY
L05_001302,234,TRANSFER,1117.3,C2127579233,22346.05,21228.75,C_LEGIT_601597907,0.0,1117.3,0,0,L05_00186,LEGITIMATE_MULTIPLE_SMALL_TRANSACTIONS,None - repeated small transactions within normal behavioral range,NONE,1,7,7,9170.25,29,0.05,NORMAL_REPEATED_ACTIVITY
L05_001303,193,TRANSFER,705.05,C2136661919,14101.0,13395.95,C_LEGIT_932988032,0.0,705.05,0,0,L05_00187,LEGITIMATE_MULTIPLE_SMALL_TRANSACTIONS,None - repeated small transactions within normal behavioral range,NONE,1,1,7,4253.75,0,0.05,NORMAL_REPEATED_ACTIVITY
L05_001304,196,TRANSFER,669.8,C2136661919,13395.95,12726.15,C_LEGIT_317633043,0.0,669.8,0,0,L05_00187,LEGITIMATE_MULTIPLE_SMALL_TRANSACTIONS,None - repeated small transactions within normal behavioral range,NONE,1,2,7,4253.75,3,0.05,NORMAL_REPEATED_ACTIVITY
L05_001305,206,TRANSFER,636.31,C2136661919,12726.15,12089.84,C_LEGIT_933996341,0.0,636.31,0,0,L05_00187,LEGITIMATE_MULTIPLE_SMALL_TRANSACTIONS,None - repeated small transactions within normal behavioral range,NONE,1,3,7,4253.75,10,0.05,NORMAL_REPEATED_ACTIVITY
L05_001306,225,TRANSFER,604.49,C2136661919,12089.84,11485.35,C_LEGIT_453409442,0.0,604.49,0,0,L05_00187,LEGITIMATE_MULTIPLE_SMALL_TRANSACTIONS,None - repeated small transactions within normal behavioral range,NONE,1,4,7,4253.75,19,0.05,NORMAL_REPEATED_ACTIVITY
L05_001307,238,TRANSFER,574.27,C2136661919,11485.35,10911.08,C_LEGIT_189883392,0.0,574.27,0,0,L05_00187,LEGITIMATE_MULTIPLE_SMALL_TRANSACTIONS,None - repeated small transactions within normal behavioral range,NONE,1,5,7,4253.75,13,0.05,NORMAL_REPEATED_ACTIVITY
L05_001308,245,TRANSFER,545.55,C2136661919,10911.08,10365.53,C_LEGIT_816541521,0.0,545.55,0,0,L05_00187,LEGITIMATE_MULTIPLE_SMALL_TRANSACTIONS,None - repeated small transactions within normal behavioral range,NONE,1,6,7,4253.75,7,0.05,NORMAL_REPEATED_ACTIVITY
L05_001309,251,TRANSFER,518.28,C2136661919,10365.53,9847.25,C_LEGIT_575640044,0.0,518.28,0,0,L05_00187,LEGITIMATE_MULTIPLE_SMALL_TRANSACTIONS,None - repeated small transactions within normal behavioral range,NONE,1,7,7,4253.75,6,0.05,NORMAL_REPEATED_ACTIVITY
L05_001310,615,TRANSFER,2651.55,C127010035,53031.0,50379.45,C_LEGIT_101219277,0.0,2651.55,0,0,L05_00188,LEGITIMATE_MULTIPLE_SMALL_TRANSACTIONS,None - repeated small transactions within normal behavioral range,NONE,1,1,7,15997.46,0,0.05,NORMAL_REPEATED_ACTIVITY
L05_001311,638,TRANSFER,2518.97,C127010035,50379.45,47860.48,C_LEGIT_847891624,0.0,2518.97,0,0,L05_00188,LEGITIMATE_MULTIPLE_SMALL_TRANSACTIONS,None - repeated small transactions within normal behavioral range,NONE,1,2,7,15997.46,23,0.05,NORMAL_REPEATED_ACTIVITY
L05_001312,640,TRANSFER,2393.02,C127010035,47860.48,45467.46,C_LEGIT_142002985,0.0,2393.02,0,0,L05_00188,LEGITIMATE_MULTIPLE_SMALL_TRANSACTIONS,None - repeated small transactions within normal behavioral range,NONE,1,3,7,15997.46,2,0.05,NORMAL_REPEATED_ACTIVITY
L05_001313,659,TRANSFER,2273.37,C127010035,45467.46,43194.09,C_LEGIT_846990842,0.0,2273.37,0,0,L05_00188,LEGITIMATE_MULTIPLE_SMALL_TRANSACTIONS,None - repeated small transactions within normal behavioral range,NONE,1,4,7,15997.46,19,0.05,NORMAL_REPEATED_ACTIVITY
L05_001314,670,TRANSFER,2159.7,C127010035,43194.09,41034.39,C_LEGIT_289511189,0.0,2159.7,0,0,L05_00188,LEGITIMATE_MULTIPLE_SMALL_TRANSACTIONS,None - repeated small transactions within normal behavioral range,NONE,1,5,7,15997.46,11,0.05,NORMAL_REPEATED_ACTIVITY
L05_001315,673,TRANSFER,2051.72,C127010035,41034.39,38982.67,C_LEGIT_891838679,0.0,2051.72,0,0,L05_00188,LEGITIMATE_MULTIPLE_SMALL_TRANSACTIONS,None - repeated small transactions within normal behavioral range,NONE,1,6,7,15997.46,3,0.05,NORMAL_REPEATED_ACTIVITY
L05_001316,691,TRANSFER,1949.13,C127010035,38982.67,37033.54,C_LEGIT_363658784,0.0,1949.13,0,0,L05_00188,LEGITIMATE_MULTIPLE_SMALL_TRANSACTIONS,None - repeated small transactions within normal behavioral range,NONE,1,7,7,15997.46,18,0.05,NORMAL_REPEATED_ACTIVITY
L05_001317,219,TRANSFER,2689.54,C73536093,102238.0,99548.46,C_LEGIT_875230722,0.0,2689.54,0,0,L05_00189,LEGITIMATE_MULTIPLE_SMALL_TRANSACTIONS,None - repeated small transactions within normal behavioral range,NONE,1,1,7,24871.81,0,0.0263,NORMAL_REPEATED_ACTIVITY
L05_001318,229,TRANSFER,2911.36,C73536093,99548.46,96637.1,C_LEGIT_926473042,0.0,2911.36,0,0,L05_00189,LEGITIMATE_MULTIPLE_SMALL_TRANSACTIONS,None - repeated small transactions within normal behavioral range,NONE,1,2,7,24871.81,10,0.0292,NORMAL_REPEATED_ACTIVITY
L05_001319,243,TRANSFER,3223.14,C73536093,96637.1,93413.96,C_LEGIT_931388914,0.0,3223.14,0,0,L05_00189,LEGITIMATE_MULTIPLE_SMALL_TRANSACTIONS,None - repeated small transactions within normal behavioral range,NONE,1,3,7,24871.81,14,0.0334,NORMAL_REPEATED_ACTIVITY
L05_001320,252,TRANSFER,3923.07,C73536093,93413.96,89490.89,C_LEGIT_815646717,0.0,3923.07,0,0,L05_00189,LEGITIMATE_MULTIPLE_SMALL_TRANSACTIONS,None - repeated small transactions within normal behavioral range,NONE,1,4,7,24871.81,9,0.042,NORMAL_REPEATED_ACTIVITY
L05_001321,256,TRANSFER,4370.75,C73536093,89490.89,85120.14,C_LEGIT_257903445,0.0,4370.75,0,0,L05_00189,LEGITIMATE_MULTIPLE_SMALL_TRANSACTIONS,None - repeated small transactions within normal behavioral range,NONE,1,5,7,24871.81,4,0.0488,NORMAL_REPEATED_ACTIVITY
L05_001322,268,TRANSFER,4210.04,C73536093,85120.14,80910.1,C_LEGIT_285375492,0.0,4210.04,0,0,L05_00189,LEGITIMATE_MULTIPLE_SMALL_TRANSACTIONS,None - repeated small transactions within normal behavioral range,NONE,1,6,7,24871.81,12,0.0495,NORMAL_REPEATED_ACTIVITY
L05_001323,274,TRANSFER,3543.91,C73536093,80910.1,77366.19,C_LEGIT_822407102,0.0,3543.91,0,0,L05_00189,LEGITIMATE_MULTIPLE_SMALL_TRANSACTIONS,None - repeated small transactions within normal behavioral range,NONE,1,7,7,24871.81,6,0.0438,NORMAL_REPEATED_ACTIVITY
L05_001324,334,TRANSFER,20363.81,C97251745,7229300.21,7208936.4,C_LEGIT_859546199,0.0,20363.81,0,0,L05_00190,LEGITIMATE_MULTIPLE_SMALL_TRANSACTIONS,None - repeated small transactions within normal behavioral range,NONE,1,1,7,162992.16,0,0.0028,NORMAL_REPEATED_ACTIVITY
L05_001325,339,TRANSFER,19461.2,C97251745,7208936.4,7189475.2,C_LEGIT_394637940,0.0,19461.2,0,0,L05_00190,LEGITIMATE_MULTIPLE_SMALL_TRANSACTIONS,None - repeated small transactions within normal behavioral range,NONE,1,2,7,162992.16,5,0.0027,NORMAL_REPEATED_ACTIVITY
L05_001326,359,TRANSFER,24457.35,C97251745,7189475.2,7165017.85,C_LEGIT_632097081,0.0,24457.35,0,0,L05_00190,LEGITIMATE_MULTIPLE_SMALL_TRANSACTIONS,None - repeated small transactions within normal behavioral range,NONE,1,3,7,162992.16,20,0.0034,NORMAL_REPEATED_ACTIVITY
L05_001327,366,TRANSFER,24241.28,C97251745,7165017.85,7140776.57,C_LEGIT_419412410,0.0,24241.28,0,0,L05_00190,LEGITIMATE_MULTIPLE_SMALL_TRANSACTIONS,None - repeated small transactions within normal behavioral range,NONE,1,4,7,162992.16,7,0.0034,NORMAL_REPEATED_ACTIVITY
L05_001328,370,TRANSFER,18894.93,C97251745,7140776.57,7121881.64,C_LEGIT_101161401,0.0,18894.93,0,0,L05_00190,LEGITIMATE_MULTIPLE_SMALL_TRANSACTIONS,None - repeated small transactions within normal behavioral range,NONE,1,5,7,162992.16,4,0.0026,NORMAL_REPEATED_ACTIVITY
L05_001329,379,TRANSFER,27981.4,C97251745,7121881.64,7093900.24,C_LEGIT_906778058,0.0,27981.4,0,0,L05_00190,LEGITIMATE_MULTIPLE_SMALL_TRANSACTIONS,None - repeated small transactions within normal behavioral range,NONE,1,6,7,162992.16,9,0.0039,NORMAL_REPEATED_ACTIVITY
L05_001330,398,TRANSFER,27592.19,C97251745,7093900.24,7066308.05,C_LEGIT_164027303,0.0,27592.19,0,0,L05_00190,LEGITIMATE_MULTIPLE_SMALL_TRANSACTIONS,None - repeated small transactions within normal behavioral range,NONE,1,7,7,162992.16,19,0.0039,NORMAL_REPEATED_ACTIVITY
L05_001331,238,TRANSFER,4814.65,C823816692,96293.0,91478.35,C_LEGIT_645387110,0.0,4814.65,0,0,L05_00191,LEGITIMATE_MULTIPLE_SMALL_TRANSACTIONS,None - repeated small transactions within normal behavioral range,NONE,1,1,7,29048.0,0,0.05,NORMAL_REPEATED_ACTIVITY
L05_001332,255,TRANSFER,4573.92,C823816692,91478.35,86904.43,C_LEGIT_174896780,0.0,4573.92,0,0,L05_00191,LEGITIMATE_MULTIPLE_SMALL_TRANSACTIONS,None - repeated small transactions within normal behavioral range,NONE,1,2,7,29048.0,17,0.05,NORMAL_REPEATED_ACTIVITY
L05_001333,257,TRANSFER,4345.22,C823816692,86904.43,82559.21,C_LEGIT_617771486,0.0,4345.22,0,0,L05_00191,LEGITIMATE_MULTIPLE_SMALL_TRANSACTIONS,None - repeated small transactions within normal behavioral range,NONE,1,3,7,29048.0,2,0.05,NORMAL_REPEATED_ACTIVITY
L05_001334,298,TRANSFER,4127.96,C823816692,82559.21,78431.25,C_LEGIT_540086566,0.0,4127.96,0,0,L05_00191,LEGITIMATE_MULTIPLE_SMALL_TRANSACTIONS,None - repeated small transactions within normal behavioral range,NONE,1,4,7,29048.0,41,0.05,NORMAL_REPEATED_ACTIVITY
L05_001335,317,TRANSFER,3921.56,C823816692,78431.25,74509.69,C_LEGIT_660901175,0.0,3921.56,0,0,L05_00191,LEGITIMATE_MULTIPLE_SMALL_TRANSACTIONS,None - repeated small transactions within normal behavioral range,NONE,1,5,7,29048.0,19,0.05,NORMAL_REPEATED_ACTIVITY
L05_001336,326,TRANSFER,3725.48,C823816692,74509.69,70784.21,C_LEGIT_920949319,0.0,3725.48,0,0,L05_00191,LEGITIMATE_MULTIPLE_SMALL_TRANSACTIONS,None - repeated small transactions within normal behavioral range,NONE,1,6,7,29048.0,9,0.05,NORMAL_REPEATED_ACTIVITY
L05_001337,328,TRANSFER,3539.21,C823816692,70784.21,67245.0,C_LEGIT_361612626,0.0,3539.21,0,0,L05_00191,LEGITIMATE_MULTIPLE_SMALL_TRANSACTIONS,None - repeated small transactions within normal behavioral range,NONE,1,7,7,29048.0,2,0.05,NORMAL_REPEATED_ACTIVITY
L05_001338,430,TRANSFER,17819.15,C1802215673,356383.0,338563.85,C_LEGIT_554923188,0.0,17819.15,0,0,L05_00192,LEGITIMATE_MULTIPLE_SMALL_TRANSACTIONS,None - repeated small transactions within normal behavioral range,NONE,1,1,7,107507.45,0,0.05,NORMAL_REPEATED_ACTIVITY
L05_001339,460,TRANSFER,16928.19,C1802215673,338563.85,321635.66,C_LEGIT_810568432,0.0,16928.19,0,0,L05_00192,LEGITIMATE_MULTIPLE_SMALL_TRANSACTIONS,None - repeated small transactions within normal behavioral range,NONE,1,2,7,107507.45,30,0.05,NORMAL_REPEATED_ACTIVITY
L05_001340,490,TRANSFER,16081.78,C1802215673,321635.66,305553.88,C_LEGIT_680285013,0.0,16081.78,0,0,L05_00192,LEGITIMATE_MULTIPLE_SMALL_TRANSACTIONS,None - repeated small transactions within normal behavioral range,NONE,1,3,7,107507.45,30,0.05,NORMAL_REPEATED_ACTIVITY
L05_001341,495,TRANSFER,15277.69,C1802215673,305553.88,290276.19,C_LEGIT_317865900,0.0,15277.69,0,0,L05_00192,LEGITIMATE_MULTIPLE_SMALL_TRANSACTIONS,None - repeated small transactions within normal behavioral range,NONE,1,4,7,107507.45,5,0.05,NORMAL_REPEATED_ACTIVITY
L05_001342,501,TRANSFER,14513.81,C1802215673,290276.19,275762.38,C_LEGIT_469136293,0.0,14513.81,0,0,L05_00192,LEGITIMATE_MULTIPLE_SMALL_TRANSACTIONS,None - repeated small transactions within normal behavioral range,NONE,1,5,7,107507.45,6,0.05,NORMAL_REPEATED_ACTIVITY
L05_001343,510,TRANSFER,13788.12,C1802215673,275762.38,261974.26,C_LEGIT_115249263,0.0,13788.12,0,0,L05_00192,LEGITIMATE_MULTIPLE_SMALL_TRANSACTIONS,None - repeated small transactions within normal behavioral range,NONE,1,6,7,107507.45,9,0.05,NORMAL_REPEATED_ACTIVITY
L05_001344,511,TRANSFER,13098.71,C1802215673,261974.26,248875.55,C_LEGIT_300417020,0.0,13098.71,0,0,L05_00192,LEGITIMATE_MULTIPLE_SMALL_TRANSACTIONS,None - repeated small transactions within normal behavioral range,NONE,1,7,7,107507.45,1,0.05,NORMAL_REPEATED_ACTIVITY
L05_001345,265,TRANSFER,3006.25,C285432773,60125.0,57118.75,C_LEGIT_362422065,0.0,3006.25,0,0,L05_00193,LEGITIMATE_MULTIPLE_SMALL_TRANSACTIONS,None - repeated small transactions within normal behavioral range,NONE,1,1,7,18137.47,0,0.05,NORMAL_REPEATED_ACTIVITY
L05_001346,293,TRANSFER,2855.94,C285432773,57118.75,54262.81,C_LEGIT_318620706,0.0,2855.94,0,0,L05_00193,LEGITIMATE_MULTIPLE_SMALL_TRANSACTIONS,None - repeated small transactions within normal behavioral range,NONE,1,2,7,18137.47,28,0.05,NORMAL_REPEATED_ACTIVITY
L05_001347,294,TRANSFER,2713.14,C285432773,54262.81,51549.67,C_LEGIT_399154076,0.0,2713.14,0,0,L05_00193,LEGITIMATE_MULTIPLE_SMALL_TRANSACTIONS,None - repeated small transactions within normal behavioral range,NONE,1,3,7,18137.47,1,0.05,NORMAL_REPEATED_ACTIVITY
L05_001348,300,TRANSFER,2577.48,C285432773,51549.67,48972.19,C_LEGIT_365606969,0.0,2577.48,0,0,L05_00193,LEGITIMATE_MULTIPLE_SMALL_TRANSACTIONS,None - repeated small transactions within normal behavioral range,NONE,1,4,7,18137.47,6,0.05,NORMAL_REPEATED_ACTIVITY
L05_001349,332,TRANSFER,2448.61,C285432773,48972.19,46523.58,C_LEGIT_906530032,0.0,2448.61,0,0,L05_00193,LEGITIMATE_MULTIPLE_SMALL_TRANSACTIONS,None - repeated small transactions within normal behavioral range,NONE,1,5,7,18137.47,32,0.05,NORMAL_REPEATED_ACTIVITY
L05_001350,342,TRANSFER,2326.18,C285432773,46523.58,44197.4,C_LEGIT_123768800,0.0,2326.18,0,0,L05_00193,LEGITIMATE_MULTIPLE_SMALL_TRANSACTIONS,None - repeated small transactions within normal behavioral range,NONE,1,6,7,18137.47,10,0.05,NORMAL_REPEATED_ACTIVITY
L05_001351,350,TRANSFER,2209.87,C285432773,44197.4,41987.53,C_LEGIT_837580516,0.0,2209.87,0,0,L05_00193,LEGITIMATE_MULTIPLE_SMALL_TRANSACTIONS,None - repeated small transactions within normal behavioral range,NONE,1,7,7,18137.47,8,0.05,NORMAL_REPEATED_ACTIVITY
L05_001352,331,TRANSFER,2714.11,C545138197,54282.12,51568.01,C_LEGIT_978410821,0.0,2714.11,0,0,L05_00194,LEGITIMATE_MULTIPLE_SMALL_TRANSACTIONS,None - repeated small transactions within normal behavioral range,NONE,1,1,7,16374.9,0,0.05,NORMAL_REPEATED_ACTIVITY
L05_001353,345,TRANSFER,2578.4,C545138197,51568.01,48989.61,C_LEGIT_842999706,0.0,2578.4,0,0,L05_00194,LEGITIMATE_MULTIPLE_SMALL_TRANSACTIONS,None - repeated small transactions within normal behavioral range,NONE,1,2,7,16374.9,14,0.05,NORMAL_REPEATED_ACTIVITY
L05_001354,371,TRANSFER,2449.48,C545138197,48989.61,46540.13,C_LEGIT_470225896,0.0,2449.48,0,0,L05_00194,LEGITIMATE_MULTIPLE_SMALL_TRANSACTIONS,None - repeated small transactions within normal behavioral range,NONE,1,3,7,16374.9,26,0.05,NORMAL_REPEATED_ACTIVITY
L05_001355,377,TRANSFER,2327.01,C545138197,46540.13,44213.12,C_LEGIT_826932671,0.0,2327.01,0,0,L05_00194,LEGITIMATE_MULTIPLE_SMALL_TRANSACTIONS,None - repeated small transactions within normal behavioral range,NONE,1,4,7,16374.9,6,0.05,NORMAL_REPEATED_ACTIVITY
L05_001356,384,TRANSFER,2210.66,C545138197,44213.12,42002.46,C_LEGIT_459188560,0.0,2210.66,0,0,L05_00194,LEGITIMATE_MULTIPLE_SMALL_TRANSACTIONS,None - repeated small transactions within normal behavioral range,NONE,1,5,7,16374.9,7,0.05,NORMAL_REPEATED_ACTIVITY
L05_001357,387,TRANSFER,2100.12,C545138197,42002.46,39902.34,C_LEGIT_649066039,0.0,2100.12,0,0,L05_00194,LEGITIMATE_MULTIPLE_SMALL_TRANSACTIONS,None - repeated small transactions within normal behavioral range,NONE,1,6,7,16374.9,3,0.05,NORMAL_REPEATED_ACTIVITY
L05_001358,403,TRANSFER,1995.12,C545138197,39902.34,37907.22,C_LEGIT_732749335,0.0,1995.12,0,0,L05_00194,LEGITIMATE_MULTIPLE_SMALL_TRANSACTIONS,None - repeated small transactions within normal behavioral range,NONE,1,7,7,16374.9,16,0.05,NORMAL_REPEATED_ACTIVITY
L05_001359,165,TRANSFER,122.7,C520392966,2454.0,2331.3,C_LEGIT_679071300,0.0,122.7,0,0,L05_00195,LEGITIMATE_MULTIPLE_SMALL_TRANSACTIONS,None - repeated small transactions within normal behavioral range,NONE,1,1,7,740.29,0,0.05,NORMAL_REPEATED_ACTIVITY
L05_001360,178,TRANSFER,116.57,C520392966,2331.3,2214.73,C_LEGIT_285249415,0.0,116.57,0,0,L05_00195,LEGITIMATE_MULTIPLE_SMALL_TRANSACTIONS,None - repeated small transactions within normal behavioral range,NONE,1,2,7,740.29,13,0.05,NORMAL_REPEATED_ACTIVITY
L05_001361,185,TRANSFER,110.74,C520392966,2214.73,2103.99,C_LEGIT_117036050,0.0,110.74,0,0,L05_00195,LEGITIMATE_MULTIPLE_SMALL_TRANSACTIONS,None - repeated small transactions within normal behavioral range,NONE,1,3,7,740.29,7,0.05,NORMAL_REPEATED_ACTIVITY
L05_001362,191,TRANSFER,105.2,C520392966,2103.99,1998.79,C_LEGIT_424061973,0.0,105.2,0,0,L05_00195,LEGITIMATE_MULTIPLE_SMALL_TRANSACTIONS,None - repeated small transactions within normal behavioral range,NONE,1,4,7,740.29,6,0.05,NORMAL_REPEATED_ACTIVITY
L05_001363,198,TRANSFER,99.94,C520392966,1998.79,1898.85,C_LEGIT_619597969,0.0,99.94,0,0,L05_00195,LEGITIMATE_MULTIPLE_SMALL_TRANSACTIONS,None - repeated small transactions within normal behavioral range,NONE,1,5,7,740.29,7,0.05,NORMAL_REPEATED_ACTIVITY
L05_001364,241,TRANSFER,94.94,C520392966,1898.85,1803.91,C_LEGIT_279064864,0.0,94.94,0,0,L05_00195,LEGITIMATE_MULTIPLE_SMALL_TRANSACTIONS,None - repeated small transactions within normal behavioral range,NONE,1,6,7,740.29,43,0.05,NORMAL_REPEATED_ACTIVITY
L05_001365,243,TRANSFER,90.2,C520392966,1803.91,1713.71,C_LEGIT_359601547,0.0,90.2,0,0,L05_00195,LEGITIMATE_MULTIPLE_SMALL_TRANSACTIONS,None - repeated small transactions within normal behavioral range,NONE,1,7,7,740.29,2,0.05,NORMAL_REPEATED_ACTIVITY
L05_001366,190,TRANSFER,7875.35,C1571444928,157507.0,149631.65,C_LEGIT_854976129,0.0,7875.35,0,0,L05_00196,LEGITIMATE_MULTIPLE_SMALL_TRANSACTIONS,None - repeated small transactions within normal behavioral range,NONE,1,1,7,47513.99,0,0.05,NORMAL_REPEATED_ACTIVITY
L05_001367,215,TRANSFER,7481.58,C1571444928,149631.65,142150.07,C_LEGIT_881132061,0.0,7481.58,0,0,L05_00196,LEGITIMATE_MULTIPLE_SMALL_TRANSACTIONS,None - repeated small transactions within normal behavioral range,NONE,1,2,7,47513.99,25,0.05,NORMAL_REPEATED_ACTIVITY
L05_001368,232,TRANSFER,7107.5,C1571444928,142150.07,135042.57,C_LEGIT_353731697,0.0,7107.5,0,0,L05_00196,LEGITIMATE_MULTIPLE_SMALL_TRANSACTIONS,None - repeated small transactions within normal behavioral range,NONE,1,3,7,47513.99,17,0.05,NORMAL_REPEATED_ACTIVITY
L05_001369,235,TRANSFER,6752.13,C1571444928,135042.57,128290.44,C_LEGIT_654575739,0.0,6752.13,0,0,L05_00196,LEGITIMATE_MULTIPLE_SMALL_TRANSACTIONS,None - repeated small transactions within normal behavioral range,NONE,1,4,7,47513.99,3,0.05,NORMAL_REPEATED_ACTIVITY
L05_001370,249,TRANSFER,6414.52,C1571444928,128290.44,121875.92,C_LEGIT_446193106,0.0,6414.52,0,0,L05_00196,LEGITIMATE_MULTIPLE_SMALL_TRANSACTIONS,None - repeated small transactions within normal behavioral range,NONE,1,5,7,47513.99,14,0.05,NORMAL_REPEATED_ACTIVITY
L05_001371,253,TRANSFER,6093.8,C1571444928,121875.92,115782.12,C_LEGIT_676680264,0.0,6093.8,0,0,L05_00196,LEGITIMATE_MULTIPLE_SMALL_TRANSACTIONS,None - repeated small transactions within normal behavioral range,NONE,1,6,7,47513.99,4,0.05,NORMAL_REPEATED_ACTIVITY
L05_001372,256,TRANSFER,5789.11,C1571444928,115782.12,109993.01,C_LEGIT_268458275,0.0,5789.11,0,0,L05_00196,LEGITIMATE_MULTIPLE_SMALL_TRANSACTIONS,None - repeated small transactions within normal behavioral range,NONE,1,7,7,47513.99,3,0.05,NORMAL_REPEATED_ACTIVITY
L05_001373,207,TRANSFER,9791.05,C404761250,195821.0,186029.95,C_LEGIT_306968890,0.0,9791.05,0,0,L05_00197,LEGITIMATE_MULTIPLE_SMALL_TRANSACTIONS,None - repeated small transactions within normal behavioral range,NONE,1,1,7,59071.89,0,0.05,NORMAL_REPEATED_ACTIVITY
L05_001374,229,TRANSFER,9301.5,C404761250,186029.95,176728.45,C_LEGIT_356956153,0.0,9301.5,0,0,L05_00197,LEGITIMATE_MULTIPLE_SMALL_TRANSACTIONS,None - repeated small transactions within normal behavioral range,NONE,1,2,7,59071.89,22,0.05,NORMAL_REPEATED_ACTIVITY
L05_001375,246,TRANSFER,8836.42,C404761250,176728.45,167892.03,C_LEGIT_735304249,0.0,8836.42,0,0,L05_00197,LEGITIMATE_MULTIPLE_SMALL_TRANSACTIONS,None - repeated small transactions within normal behavioral range,NONE,1,3,7,59071.89,17,0.05,NORMAL_REPEATED_ACTIVITY
L05_001376,250,TRANSFER,8394.6,C404761250,167892.03,159497.43,C_LEGIT_840886141,0.0,8394.6,0,0,L05_00197,LEGITIMATE_MULTIPLE_SMALL_TRANSACTIONS,None - repeated small transactions within normal behavioral range,NONE,1,4,7,59071.89,4,0.05,NORMAL_REPEATED_ACTIVITY
L05_001377,258,TRANSFER,7974.87,C404761250,159497.43,151522.56,C_LEGIT_644961678,0.0,7974.87,0,0,L05_00197,LEGITIMATE_MULTIPLE_SMALL_TRANSACTIONS,None - repeated small transactions within normal behavioral range,NONE,1,5,7,59071.89,8,0.05,NORMAL_REPEATED_ACTIVITY
L05_001378,265,TRANSFER,7576.13,C404761250,151522.56,143946.43,C_LEGIT_243821754,0.0,7576.13,0,0,L05_00197,LEGITIMATE_MULTIPLE_SMALL_TRANSACTIONS,None - repeated small transactions within normal behavioral range,NONE,1,6,7,59071.89,7,0.05,NORMAL_REPEATED_ACTIVITY
L05_001379,275,TRANSFER,7197.32,C404761250,143946.43,136749.11,C_LEGIT_420495902,0.0,7197.32,0,0,L05_00197,LEGITIMATE_MULTIPLE_SMALL_TRANSACTIONS,None - repeated small transactions within normal behavioral range,NONE,1,7,7,59071.89,10,0.05,NORMAL_REPEATED_ACTIVITY
L05_001380,103,TRANSFER,160398.83,C1167205148,5466342.69,5305943.86,C_LEGIT_460527132,0.0,160398.83,0,0,L05_00198,LEGITIMATE_MULTIPLE_SMALL_TRANSACTIONS,None - repeated small transactions within normal behavioral range,NONE,1,1,7,1363764.1,0,0.0293,NORMAL_REPEATED_ACTIVITY
L05_001381,104,TRANSFER,203369.04,C1167205148,5305943.86,5102574.82,C_LEGIT_898962156,0.0,203369.04,0,0,L05_00198,LEGITIMATE_MULTIPLE_SMALL_TRANSACTIONS,None - repeated small transactions within normal behavioral range,NONE,1,2,7,1363764.1,1,0.0383,NORMAL_REPEATED_ACTIVITY
L05_001382,106,TRANSFER,204675.06,C1167205148,5102574.82,4897899.76,C_LEGIT_638817260,0.0,204675.06,0,0,L05_00198,LEGITIMATE_MULTIPLE_SMALL_TRANSACTIONS,None - repeated small transactions within normal behavioral range,NONE,1,3,7,1363764.1,2,0.0401,NORMAL_REPEATED_ACTIVITY
L05_001383,109,TRANSFER,189964.62,C1167205148,4897899.76,4707935.14,C_LEGIT_757939953,0.0,189964.62,0,0,L05_00198,LEGITIMATE_MULTIPLE_SMALL_TRANSACTIONS,None - repeated small transactions within normal behavioral range,NONE,1,4,7,1363764.1,3,0.0388,NORMAL_REPEATED_ACTIVITY
L05_001384,111,TRANSFER,204675.06,C1167205148,4707935.14,4503260.08,C_LEGIT_119783339,0.0,204675.06,0,0,L05_00198,LEGITIMATE_MULTIPLE_SMALL_TRANSACTIONS,None - repeated small transactions within normal behavioral range,NONE,1,5,7,1363764.1,2,0.0435,NORMAL_REPEATED_ACTIVITY
L05_001385,118,TRANSFER,196006.43,C1167205148,4503260.08,4307253.65,C_LEGIT_248900176,0.0,196006.43,0,0,L05_00198,LEGITIMATE_MULTIPLE_SMALL_TRANSACTIONS,None - repeated small transactions within normal behavioral range,NONE,1,6,7,1363764.1,7,0.0435,NORMAL_REPEATED_ACTIVITY
L05_001386,124,TRANSFER,204675.06,C1167205148,4307253.65,4102578.59,C_LEGIT_634000110,0.0,204675.06,0,0,L05_00198,LEGITIMATE_MULTIPLE_SMALL_TRANSACTIONS,None - repeated small transactions within normal behavioral range,NONE,1,7,7,1363764.1,6,0.0475,NORMAL_REPEATED_ACTIVITY
L05_001387,49,TRANSFER,42.05,C458580098,841.0,798.95,C_LEGIT_389594719,0.0,42.05,0,0,L05_00199,LEGITIMATE_MULTIPLE_SMALL_TRANSACTIONS,None - repeated small transactions within normal behavioral range,NONE,1,1,7,253.7,0,0.05,NORMAL_REPEATED_ACTIVITY
L05_001388,71,TRANSFER,39.95,C458580098,798.95,759.0,C_LEGIT_497713641,0.0,39.95,0,0,L05_00199,LEGITIMATE_MULTIPLE_SMALL_TRANSACTIONS,None - repeated small transactions within normal behavioral range,NONE,1,2,7,253.7,22,0.05,NORMAL_REPEATED_ACTIVITY
L05_001389,92,TRANSFER,37.95,C458580098,759.0,721.05,C_LEGIT_887091319,0.0,37.95,0,0,L05_00199,LEGITIMATE_MULTIPLE_SMALL_TRANSACTIONS,None - repeated small transactions within normal behavioral range,NONE,1,3,7,253.7,21,0.05,NORMAL_REPEATED_ACTIVITY
L05_001390,93,TRANSFER,36.05,C458580098,721.05,685.0,C_LEGIT_539580103,0.0,36.05,0,0,L05_00199,LEGITIMATE_MULTIPLE_SMALL_TRANSACTIONS,None - repeated small transactions within normal behavioral range,NONE,1,4,7,253.7,1,0.05,NORMAL_REPEATED_ACTIVITY
L05_001391,96,TRANSFER,34.25,C458580098,685.0,650.75,C_LEGIT_134984331,0.0,34.25,0,0,L05_00199,LEGITIMATE_MULTIPLE_SMALL_TRANSACTIONS,None - repeated small transactions within normal behavioral range,NONE,1,5,7,253.7,3,0.05,NORMAL_REPEATED_ACTIVITY
L05_001392,126,TRANSFER,32.54,C458580098,650.75,618.21,C_LEGIT_810619036,0.0,32.54,0,0,L05_00199,LEGITIMATE_MULTIPLE_SMALL_TRANSACTIONS,None - repeated small transactions within normal behavioral range,NONE,1,6,7,253.7,30,0.05,NORMAL_REPEATED_ACTIVITY
L05_001393,130,TRANSFER,30.91,C458580098,618.21,587.3,C_LEGIT_817178258,0.0,30.91,0,0,L05_00199,LEGITIMATE_MULTIPLE_SMALL_TRANSACTIONS,None - repeated small transactions within normal behavioral range,NONE,1,7,7,253.7,4,0.05,NORMAL_REPEATED_ACTIVITY
L05_001394,38,TRANSFER,204675.06,C111593318,8102820.18,7898145.12,C_LEGIT_336138991,0.0,204675.06,0,0,L05_00200,LEGITIMATE_MULTIPLE_SMALL_TRANSACTIONS,None - repeated small transactions within normal behavioral range,NONE,1,1,7,1266664.38,0,0.0253,NORMAL_REPEATED_ACTIVITY
L05_001395,40,TRANSFER,155595.63,C111593318,7898145.12,7742549.49,C_LEGIT_441001691,0.0,155595.63,0,0,L05_00200,LEGITIMATE_MULTIPLE_SMALL_TRANSACTIONS,None - repeated small transactions within normal behavioral range,NONE,1,2,7,1266664.38,2,0.0197,NORMAL_REPEATED_ACTIVITY
L05_001396,44,TRANSFER,185985.33,C111593318,7742549.49,7556564.16,C_LEGIT_322675304,0.0,185985.33,0,0,L05_00200,LEGITIMATE_MULTIPLE_SMALL_TRANSACTIONS,None - repeated small transactions within normal behavioral range,NONE,1,3,7,1266664.38,4,0.024,NORMAL_REPEATED_ACTIVITY
L05_001397,57,TRANSFER,163727.11,C111593318,7556564.16,7392837.05,C_LEGIT_645953013,0.0,163727.11,0,0,L05_00200,LEGITIMATE_MULTIPLE_SMALL_TRANSACTIONS,None - repeated small transactions within normal behavioral range,NONE,1,4,7,1266664.38,13,0.0217,NORMAL_REPEATED_ACTIVITY
L05_001398,63,TRANSFER,204675.06,C111593318,7392837.05,7188161.99,C_LEGIT_491770819,0.0,204675.06,0,0,L05_00200,LEGITIMATE_MULTIPLE_SMALL_TRANSACTIONS,None - repeated small transactions within normal behavioral range,NONE,1,5,7,1266664.38,6,0.0277,NORMAL_REPEATED_ACTIVITY
L05_001399,97,TRANSFER,204675.06,C111593318,7188161.99,6983486.93,C_LEGIT_679199444,0.0,204675.06,0,0,L05_00200,LEGITIMATE_MULTIPLE_SMALL_TRANSACTIONS,None - repeated small transactions within normal behavioral range,NONE,1,6,7,1266664.38,34,0.0285,NORMAL_REPEATED_ACTIVITY
L05_001400,100,TRANSFER,147331.13,C111593318,6983486.93,6836155.8,C_LEGIT_540791084,0.0,147331.13,0,0,L05_00200,LEGITIMATE_MULTIPLE_SMALL_TRANSACTIONS,None - repeated small transactions within normal behavioral range,NONE,1,7,7,1266664.38,3,0.0211,NORMAL_REPEATED_ACTIVITY
L05_001401,215,TRANSFER,1870.85,C417891520,37417.0,35546.15,C_LEGIT_696893257,0.0,1870.85,0,0,L05_00201,LEGITIMATE_MULTIPLE_SMALL_TRANSACTIONS,None - repeated small transactions within normal behavioral range,NONE,1,1,7,11287.32,0,0.05,NORMAL_REPEATED_ACTIVITY
L05_001402,230,TRANSFER,1777.31,C417891520,35546.15,33768.84,C_LEGIT_422401904,0.0,1777.31,0,0,L05_00201,LEGITIMATE_MULTIPLE_SMALL_TRANSACTIONS,None - repeated small transactions within normal behavioral range,NONE,1,2,7,11287.32,15,0.05,NORMAL_REPEATED_ACTIVITY
L05_001403,243,TRANSFER,1688.44,C417891520,33768.84,32080.4,C_LEGIT_934580946,0.0,1688.44,0,0,L05_00201,LEGITIMATE_MULTIPLE_SMALL_TRANSACTIONS,None - repeated small transactions within normal behavioral range,NONE,1,3,7,11287.32,13,0.05,NORMAL_REPEATED_ACTIVITY
L05_001404,247,TRANSFER,1604.02,C417891520,32080.4,30476.38,C_LEGIT_661775995,0.0,1604.02,0,0,L05_00201,LEGITIMATE_MULTIPLE_SMALL_TRANSACTIONS,None - repeated small transactions within normal behavioral range,NONE,1,4,7,11287.32,4,0.05,NORMAL_REPEATED_ACTIVITY
L05_001405,258,TRANSFER,1523.82,C417891520,30476.38,28952.56,C_LEGIT_913604552,0.0,1523.82,0,0,L05_00201,LEGITIMATE_MULTIPLE_SMALL_TRANSACTIONS,None - repeated small transactions within normal behavioral range,NONE,1,5,7,11287.32,11,0.05,NORMAL_REPEATED_ACTIVITY
L05_001406,266,TRANSFER,1447.63,C417891520,28952.56,27504.93,C_LEGIT_203057416,0.0,1447.63,0,0,L05_00201,LEGITIMATE_MULTIPLE_SMALL_TRANSACTIONS,None - repeated small transactions within normal behavioral range,NONE,1,6,7,11287.32,8,0.05,NORMAL_REPEATED_ACTIVITY
L05_001407,293,TRANSFER,1375.25,C417891520,27504.93,26129.68,C_LEGIT_717387477,0.0,1375.25,0,0,L05_00201,LEGITIMATE_MULTIPLE_SMALL_TRANSACTIONS,None - repeated small transactions within normal behavioral range,NONE,1,7,7,11287.32,27,0.05,NORMAL_REPEATED_ACTIVITY
L05_001408,170,TRANSFER,582.78,C1766916389,110340.0,109757.22,C_LEGIT_966667729,0.0,582.78,0,0,L05_00202,LEGITIMATE_MULTIPLE_SMALL_TRANSACTIONS,None - repeated small transactions within normal behavioral range,NONE,1,1,7,4497.5,0,0.0053,NORMAL_REPEATED_ACTIVITY
L05_001409,209,TRANSFER,542.23,C1766916389,109757.22,109214.99,C_LEGIT_338325156,0.0,542.23,0,0,L05_00202,LEGITIMATE_MULTIPLE_SMALL_TRANSACTIONS,None - repeated small transactions within normal behavioral range,NONE,1,2,7,4497.5,39,0.0049,NORMAL_REPEATED_ACTIVITY
L05_001410,222,TRANSFER,678.47,C1766916389,109214.99,108536.52,C_LEGIT_828871512,0.0,678.47,0,0,L05_00202,LEGITIMATE_MULTIPLE_SMALL_TRANSACTIONS,None - repeated small transactions within normal behavioral range,NONE,1,3,7,4497.5,13,0.0062,NORMAL_REPEATED_ACTIVITY
L05_001411,235,TRANSFER,589.22,C1766916389,108536.52,107947.3,C_LEGIT_471307827,0.0,589.22,0,0,L05_00202,LEGITIMATE_MULTIPLE_SMALL_TRANSACTIONS,None - repeated small transactions within normal behavioral range,NONE,1,4,7,4497.5,13,0.0054,NORMAL_REPEATED_ACTIVITY
L05_001412,241,TRANSFER,717.43,C1766916389,107947.3,107229.87,C_LEGIT_267798378,0.0,717.43,0,0,L05_00202,LEGITIMATE_MULTIPLE_SMALL_TRANSACTIONS,None - repeated small transactions within normal behavioral range,NONE,1,5,7,4497.5,6,0.0066,NORMAL_REPEATED_ACTIVITY
L05_001413,251,TRANSFER,660.66,C1766916389,107229.87,106569.21,C_LEGIT_651231471,0.0,660.66,0,0,L05_00202,LEGITIMATE_MULTIPLE_SMALL_TRANSACTIONS,None - repeated small transactions within normal behavioral range,NONE,1,6,7,4497.5,10,0.0062,NORMAL_REPEATED_ACTIVITY
L05_001414,253,TRANSFER,726.71,C1766916389,106569.21,105842.5,C_LEGIT_904883877,0.0,726.71,0,0,L05_00202,LEGITIMATE_MULTIPLE_SMALL_TRANSACTIONS,None - repeated small transactions within normal behavioral range,NONE,1,7,7,4497.5,2,0.0068,NORMAL_REPEATED_ACTIVITY
L05_001415,268,TRANSFER,2019.85,C1914256039,40397.0,38377.15,C_LEGIT_320950598,0.0,2019.85,0,0,L05_00203,LEGITIMATE_MULTIPLE_SMALL_TRANSACTIONS,None - repeated small transactions within normal behavioral range,NONE,1,1,7,12186.27,0,0.05,NORMAL_REPEATED_ACTIVITY
L05_001416,271,TRANSFER,1918.86,C1914256039,38377.15,36458.29,C_LEGIT_924582503,0.0,1918.86,0,0,L05_00203,LEGITIMATE_MULTIPLE_SMALL_TRANSACTIONS,None - repeated small transactions within normal behavioral range,NONE,1,2,7,12186.27,3,0.05,NORMAL_REPEATED_ACTIVITY
L05_001417,284,TRANSFER,1822.91,C1914256039,36458.29,34635.38,C_LEGIT_192210598,0.0,1822.91,0,0,L05_00203,LEGITIMATE_MULTIPLE_SMALL_TRANSACTIONS,None - repeated small transactions within normal behavioral range,NONE,1,3,7,12186.27,13,0.05,NORMAL_REPEATED_ACTIVITY
L05_001418,301,TRANSFER,1731.77,C1914256039,34635.38,32903.61,C_LEGIT_340710100,0.0,1731.77,0,0,L05_00203,LEGITIMATE_MULTIPLE_SMALL_TRANSACTIONS,None - repeated small transactions within normal behavioral range,NONE,1,4,7,12186.27,17,0.05,NORMAL_REPEATED_ACTIVITY
L05_001419,321,TRANSFER,1645.18,C1914256039,32903.61,31258.43,C_LEGIT_693901118,0.0,1645.18,0,0,L05_00203,LEGITIMATE_MULTIPLE_SMALL_TRANSACTIONS,None - repeated small transactions within normal behavioral range,NONE,1,5,7,12186.27,20,0.05,NORMAL_REPEATED_ACTIVITY
L05_001420,335,TRANSFER,1562.92,C1914256039,31258.43,29695.51,C_LEGIT_239398469,0.0,1562.92,0,0,L05_00203,LEGITIMATE_MULTIPLE_SMALL_TRANSACTIONS,None - repeated small transactions within normal behavioral range,NONE,1,6,7,12186.27,14,0.05,NORMAL_REPEATED_ACTIVITY
L05_001421,339,TRANSFER,1484.78,C1914256039,29695.51,28210.73,C_LEGIT_143109877,0.0,1484.78,0,0,L05_00203,LEGITIMATE_MULTIPLE_SMALL_TRANSACTIONS,None - repeated small transactions within normal behavioral range,NONE,1,7,7,12186.27,4,0.05,NORMAL_REPEATED_ACTIVITY
L05_001422,216,TRANSFER,56.55,C1389525368,1131.0,1074.45,C_LEGIT_568629358,0.0,56.55,0,0,L05_00204,LEGITIMATE_MULTIPLE_SMALL_TRANSACTIONS,None - repeated small transactions within normal behavioral range,NONE,1,1,7,341.18,0,0.05,NORMAL_REPEATED_ACTIVITY
L05_001423,253,TRANSFER,53.72,C1389525368,1074.45,1020.73,C_LEGIT_374687992,0.0,53.72,0,0,L05_00204,LEGITIMATE_MULTIPLE_SMALL_TRANSACTIONS,None - repeated small transactions within normal behavioral range,NONE,1,2,7,341.18,37,0.05,NORMAL_REPEATED_ACTIVITY
L05_001424,268,TRANSFER,51.04,C1389525368,1020.73,969.69,C_LEGIT_898581651,0.0,51.04,0,0,L05_00204,LEGITIMATE_MULTIPLE_SMALL_TRANSACTIONS,None - repeated small transactions within normal behavioral range,NONE,1,3,7,341.18,15,0.05,NORMAL_REPEATED_ACTIVITY
L05_001425,281,TRANSFER,48.48,C1389525368,969.69,921.21,C_LEGIT_901205202,0.0,48.48,0,0,L05_00204,LEGITIMATE_MULTIPLE_SMALL_TRANSACTIONS,None - repeated small transactions within normal behavioral range,NONE,1,4,7,341.18,13,0.05,NORMAL_REPEATED_ACTIVITY
L05_001426,298,TRANSFER,46.06,C1389525368,921.21,875.15,C_LEGIT_642859409,0.0,46.06,0,0,L05_00204,LEGITIMATE_MULTIPLE_SMALL_TRANSACTIONS,None - repeated small transactions within normal behavioral range,NONE,1,5,7,341.18,17,0.05,NORMAL_REPEATED_ACTIVITY
L05_001427,301,TRANSFER,43.76,C1389525368,875.15,831.39,C_LEGIT_739694233,0.0,43.76,0,0,L05_00204,LEGITIMATE_MULTIPLE_SMALL_TRANSACTIONS,None - repeated small transactions within normal behavioral range,NONE,1,6,7,341.18,3,0.05,NORMAL_REPEATED_ACTIVITY
L05_001428,308,TRANSFER,41.57,C1389525368,831.39,789.82,C_LEGIT_391724197,0.0,41.57,0,0,L05_00204,LEGITIMATE_MULTIPLE_SMALL_TRANSACTIONS,None - repeated small transactions within normal behavioral range,NONE,1,7,7,341.18,7,0.05,NORMAL_REPEATED_ACTIVITY
L05_001429,231,TRANSFER,204675.06,C2018659692,11478266.39,11273591.33,C_LEGIT_487069900,0.0,204675.06,0,0,L05_00205,LEGITIMATE_MULTIPLE_SMALL_TRANSACTIONS,None - repeated small transactions within normal behavioral range,NONE,1,1,7,1395760.89,0,0.0178,NORMAL_REPEATED_ACTIVITY
L05_001430,236,TRANSFER,204675.06,C2018659692,11273591.33,11068916.27,C_LEGIT_688905631,0.0,204675.06,0,0,L05_00205,LEGITIMATE_MULTIPLE_SMALL_TRANSACTIONS,None - repeated small transactions within normal behavioral range,NONE,1,2,7,1395760.89,5,0.0182,NORMAL_REPEATED_ACTIVITY
L05_001431,270,TRANSFER,204675.06,C2018659692,11068916.27,10864241.21,C_LEGIT_100358483,0.0,204675.06,0,0,L05_00205,LEGITIMATE_MULTIPLE_SMALL_TRANSACTIONS,None - repeated small transactions within normal behavioral range,NONE,1,3,7,1395760.89,34,0.0185,NORMAL_REPEATED_ACTIVITY
L05_001432,272,TRANSFER,202824.18,C2018659692,10864241.21,10661417.03,C_LEGIT_152555333,0.0,202824.18,0,0,L05_00205,LEGITIMATE_MULTIPLE_SMALL_TRANSACTIONS,None - repeated small transactions within normal behavioral range,NONE,1,4,7,1395760.89,2,0.0187,NORMAL_REPEATED_ACTIVITY
L05_001433,285,TRANSFER,171326.54,C2018659692,10661417.03,10490090.49,C_LEGIT_810268918,0.0,171326.54,0,0,L05_00205,LEGITIMATE_MULTIPLE_SMALL_TRANSACTIONS,None - repeated small transactions within normal behavioral range,NONE,1,5,7,1395760.89,13,0.0161,NORMAL_REPEATED_ACTIVITY
L05_001434,300,TRANSFER,204675.06,C2018659692,10490090.49,10285415.43,C_LEGIT_442523950,0.0,204675.06,0,0,L05_00205,LEGITIMATE_MULTIPLE_SMALL_TRANSACTIONS,None - repeated small transactions within normal behavioral range,NONE,1,6,7,1395760.89,15,0.0195,NORMAL_REPEATED_ACTIVITY
L05_001435,308,TRANSFER,202909.93,C2018659692,10285415.43,10082505.5,C_LEGIT_374600674,0.0,202909.93,0,0,L05_00205,LEGITIMATE_MULTIPLE_SMALL_TRANSACTIONS,None - repeated small transactions within normal behavioral range,NONE,1,7,7,1395760.89,8,0.0197,NORMAL_REPEATED_ACTIVITY
L05_001436,419,TRANSFER,413.77,C1642809020,8275.45,7861.68,C_LEGIT_343371161,0.0,413.77,0,0,L05_00206,LEGITIMATE_MULTIPLE_SMALL_TRANSACTIONS,None - repeated small transactions within normal behavioral range,NONE,1,1,7,2496.39,0,0.05,NORMAL_REPEATED_ACTIVITY
L05_001437,428,TRANSFER,393.08,C1642809020,7861.68,7468.6,C_LEGIT_114988753,0.0,393.08,0,0,L05_00206,LEGITIMATE_MULTIPLE_SMALL_TRANSACTIONS,None - repeated small transactions within normal behavioral range,NONE,1,2,7,2496.39,9,0.05,NORMAL_REPEATED_ACTIVITY
L05_001438,432,TRANSFER,373.43,C1642809020,7468.6,7095.17,C_LEGIT_607365291,0.0,373.43,0,0,L05_00206,LEGITIMATE_MULTIPLE_SMALL_TRANSACTIONS,None - repeated small transactions within normal behavioral range,NONE,1,3,7,2496.39,4,0.05,NORMAL_REPEATED_ACTIVITY
L05_001439,440,TRANSFER,354.76,C1642809020,7095.17,6740.41,C_LEGIT_444269050,0.0,354.76,0,0,L05_00206,LEGITIMATE_MULTIPLE_SMALL_TRANSACTIONS,None - repeated small transactions within normal behavioral range,NONE,1,4,7,2496.39,8,0.05,NORMAL_REPEATED_ACTIVITY
L05_001440,456,TRANSFER,337.02,C1642809020,6740.41,6403.39,C_LEGIT_514358816,0.0,337.02,0,0,L05_00206,LEGITIMATE_MULTIPLE_SMALL_TRANSACTIONS,None - repeated small transactions within normal behavioral range,NONE,1,5,7,2496.39,16,0.05,NORMAL_REPEATED_ACTIVITY
L05_001441,479,TRANSFER,320.17,C1642809020,6403.39,6083.22,C_LEGIT_950947640,0.0,320.17,0,0,L05_00206,LEGITIMATE_MULTIPLE_SMALL_TRANSACTIONS,None - repeated small transactions within normal behavioral range,NONE,1,6,7,2496.39,23,0.05,NORMAL_REPEATED_ACTIVITY
L05_001442,481,TRANSFER,304.16,C1642809020,6083.22,5779.06,C_LEGIT_758517782,0.0,304.16,0,0,L05_00206,LEGITIMATE_MULTIPLE_SMALL_TRANSACTIONS,None - repeated small transactions within normal behavioral range,NONE,1,7,7,2496.39,2,0.05,NORMAL_REPEATED_ACTIVITY
L05_001443,248,TRANSFER,34.05,C132192138,681.0,646.95,C_LEGIT_834192048,0.0,34.05,0,0,L05_00207,LEGITIMATE_MULTIPLE_SMALL_TRANSACTIONS,None - repeated small transactions within normal behavioral range,NONE,1,1,7,205.43,0,0.05,NORMAL_REPEATED_ACTIVITY
L05_001444,275,TRANSFER,32.35,C132192138,646.95,614.6,C_LEGIT_475109005,0.0,32.35,0,0,L05_00207,LEGITIMATE_MULTIPLE_SMALL_TRANSACTIONS,None - repeated small transactions within normal behavioral range,NONE,1,2,7,205.43,27,0.05,NORMAL_REPEATED_ACTIVITY
L05_001445,276,TRANSFER,30.73,C132192138,614.6,583.87,C_LEGIT_940744366,0.0,30.73,0,0,L05_00207,LEGITIMATE_MULTIPLE_SMALL_TRANSACTIONS,None - repeated small transactions within normal behavioral range,NONE,1,3,7,205.43,1,0.05,NORMAL_REPEATED_ACTIVITY
L05_001446,277,TRANSFER,29.19,C132192138,583.87,554.68,C_LEGIT_340157604,0.0,29.19,0,0,L05_00207,LEGITIMATE_MULTIPLE_SMALL_TRANSACTIONS,None - repeated small transactions within normal behavioral range,NONE,1,4,7,205.43,1,0.05,NORMAL_REPEATED_ACTIVITY
L05_001447,296,TRANSFER,27.73,C132192138,554.68,526.95,C_LEGIT_424040824,0.0,27.73,0,0,L05_00207,LEGITIMATE_MULTIPLE_SMALL_TRANSACTIONS,None - repeated small transactions within normal behavioral range,NONE,1,5,7,205.43,19,0.05,NORMAL_REPEATED_ACTIVITY
L05_001448,302,TRANSFER,26.35,C132192138,526.95,500.6,C_LEGIT_885744078,0.0,26.35,0,0,L05_00207,LEGITIMATE_MULTIPLE_SMALL_TRANSACTIONS,None - repeated small transactions within normal behavioral range,NONE,1,6,7,205.43,6,0.05,NORMAL_REPEATED_ACTIVITY
L05_001449,328,TRANSFER,25.03,C132192138,500.6,475.57,C_LEGIT_859466964,0.0,25.03,0,0,L05_00207,LEGITIMATE_MULTIPLE_SMALL_TRANSACTIONS,None - repeated small transactions within normal behavioral range,NONE,1,7,7,205.43,26,0.05,NORMAL_REPEATED_ACTIVITY
L05_001450,161,TRANSFER,2585.85,C403969439,51717.0,49131.15,C_LEGIT_610054071,0.0,2585.85,0,0,L05_00208,LEGITIMATE_MULTIPLE_SMALL_TRANSACTIONS,None - repeated small transactions within normal behavioral range,NONE,1,1,7,15601.09,0,0.05,NORMAL_REPEATED_ACTIVITY
L05_001451,182,TRANSFER,2456.56,C403969439,49131.15,46674.59,C_LEGIT_570922565,0.0,2456.56,0,0,L05_00208,LEGITIMATE_MULTIPLE_SMALL_TRANSACTIONS,None - repeated small transactions within normal behavioral range,NONE,1,2,7,15601.09,21,0.05,NORMAL_REPEATED_ACTIVITY
L05_001452,194,TRANSFER,2333.73,C403969439,46674.59,44340.86,C_LEGIT_983909598,0.0,2333.73,0,0,L05_00208,LEGITIMATE_MULTIPLE_SMALL_TRANSACTIONS,None - repeated small transactions within normal behavioral range,NONE,1,3,7,15601.09,12,0.05,NORMAL_REPEATED_ACTIVITY
L05_001453,221,TRANSFER,2217.04,C403969439,44340.86,42123.82,C_LEGIT_908639514,0.0,2217.04,0,0,L05_00208,LEGITIMATE_MULTIPLE_SMALL_TRANSACTIONS,None - repeated small transactions within normal behavioral range,NONE,1,4,7,15601.09,27,0.05,NORMAL_REPEATED_ACTIVITY
L05_001454,222,TRANSFER,2106.19,C403969439,42123.82,40017.63,C_LEGIT_886887666,0.0,2106.19,0,0,L05_00208,LEGITIMATE_MULTIPLE_SMALL_TRANSACTIONS,None - repeated small transactions within normal behavioral range,NONE,1,5,7,15601.09,1,0.05,NORMAL_REPEATED_ACTIVITY
L05_001455,226,TRANSFER,2000.88,C403969439,40017.63,38016.75,C_LEGIT_765159101,0.0,2000.88,0,0,L05_00208,LEGITIMATE_MULTIPLE_SMALL_TRANSACTIONS,None - repeated small transactions within normal behavioral range,NONE,1,6,7,15601.09,4,0.05,NORMAL_REPEATED_ACTIVITY
L05_001456,240,TRANSFER,1900.84,C403969439,38016.75,36115.91,C_LEGIT_823824406,0.0,1900.84,0,0,L05_00208,LEGITIMATE_MULTIPLE_SMALL_TRANSACTIONS,None - repeated small transactions within normal behavioral range,NONE,1,7,7,15601.09,14,0.05,NORMAL_REPEATED_ACTIVITY
L05_001457,273,TRANSFER,68.9,C1817588361,1378.0,1309.1,C_LEGIT_542945917,0.0,68.9,0,0,L05_00209,LEGITIMATE_MULTIPLE_SMALL_TRANSACTIONS,None - repeated small transactions within normal behavioral range,NONE,1,1,7,415.68,0,0.05,NORMAL_REPEATED_ACTIVITY
L05_001458,281,TRANSFER,65.45,C1817588361,1309.1,1243.65,C_LEGIT_801601929,0.0,65.45,0,0,L05_00209,LEGITIMATE_MULTIPLE_SMALL_TRANSACTIONS,None - repeated small transactions within normal behavioral range,NONE,1,2,7,415.68,8,0.05,NORMAL_REPEATED_ACTIVITY
L05_001459,294,TRANSFER,62.18,C1817588361,1243.65,1181.47,C_LEGIT_772004279,0.0,62.18,0,0,L05_00209,LEGITIMATE_MULTIPLE_SMALL_TRANSACTIONS,None - repeated small transactions within normal behavioral range,NONE,1,3,7,415.68,13,0.05,NORMAL_REPEATED_ACTIVITY
L05_001460,304,TRANSFER,59.07,C1817588361,1181.47,1122.4,C_LEGIT_794554607,0.0,59.07,0,0,L05_00209,LEGITIMATE_MULTIPLE_SMALL_TRANSACTIONS,None - repeated small transactions within normal behavioral range,NONE,1,4,7,415.68,10,0.05,NORMAL_REPEATED_ACTIVITY
L05_001461,312,TRANSFER,56.12,C1817588361,1122.4,1066.28,C_LEGIT_398325509,0.0,56.12,0,0,L05_00209,LEGITIMATE_MULTIPLE_SMALL_TRANSACTIONS,None - repeated small transactions within normal behavioral range,NONE,1,5,7,415.68,8,0.05,NORMAL_REPEATED_ACTIVITY
L05_001462,321,TRANSFER,53.31,C1817588361,1066.28,1012.97,C_LEGIT_127871403,0.0,53.31,0,0,L05_00209,LEGITIMATE_MULTIPLE_SMALL_TRANSACTIONS,None - repeated small transactions within normal behavioral range,NONE,1,6,7,415.68,9,0.05,NORMAL_REPEATED_ACTIVITY
L05_001463,328,TRANSFER,50.65,C1817588361,1012.97,962.32,C_LEGIT_527786830,0.0,50.65,0,0,L05_00209,LEGITIMATE_MULTIPLE_SMALL_TRANSACTIONS,None - repeated small transactions within normal behavioral range,NONE,1,7,7,415.68,7,0.05,NORMAL_REPEATED_ACTIVITY
L05_001464,90,TRANSFER,3821.25,C357539078,76425.0,72603.75,C_LEGIT_618371092,0.0,3821.25,0,0,L05_00210,LEGITIMATE_MULTIPLE_SMALL_TRANSACTIONS,None - repeated small transactions within normal behavioral range,NONE,1,1,7,23054.57,0,0.05,NORMAL_REPEATED_ACTIVITY
L05_001465,103,TRANSFER,3630.19,C357539078,72603.75,68973.56,C_LEGIT_553428037,0.0,3630.19,0,0,L05_00210,LEGITIMATE_MULTIPLE_SMALL_TRANSACTIONS,None - repeated small transactions within normal behavioral range,NONE,1,2,7,23054.57,13,0.05,NORMAL_REPEATED_ACTIVITY
L05_001466,118,TRANSFER,3448.68,C357539078,68973.56,65524.88,C_LEGIT_408566581,0.0,3448.68,0,0,L05_00210,LEGITIMATE_MULTIPLE_SMALL_TRANSACTIONS,None - repeated small transactions within normal behavioral range,NONE,1,3,7,23054.57,15,0.05,NORMAL_REPEATED_ACTIVITY
L05_001467,130,TRANSFER,3276.24,C357539078,65524.88,62248.64,C_LEGIT_533671518,0.0,3276.24,0,0,L05_00210,LEGITIMATE_MULTIPLE_SMALL_TRANSACTIONS,None - repeated small transactions within normal behavioral range,NONE,1,4,7,23054.57,12,0.05,NORMAL_REPEATED_ACTIVITY
L05_001468,134,TRANSFER,3112.43,C357539078,62248.64,59136.21,C_LEGIT_690024960,0.0,3112.43,0,0,L05_00210,LEGITIMATE_MULTIPLE_SMALL_TRANSACTIONS,None - repeated small transactions within normal behavioral range,NONE,1,5,7,23054.57,4,0.05,NORMAL_REPEATED_ACTIVITY
L05_001469,135,TRANSFER,2956.81,C357539078,59136.21,56179.4,C_LEGIT_493248073,0.0,2956.81,0,0,L05_00210,LEGITIMATE_MULTIPLE_SMALL_TRANSACTIONS,None - repeated small transactions within normal behavioral range,NONE,1,6,7,23054.57,1,0.05,NORMAL_REPEATED_ACTIVITY
L05_001470,144,TRANSFER,2808.97,C357539078,56179.4,53370.43,C_LEGIT_995475813,0.0,2808.97,0,0,L05_00210,LEGITIMATE_MULTIPLE_SMALL_TRANSACTIONS,None - repeated small transactions within normal behavioral range,NONE,1,7,7,23054.57,9,0.05,NORMAL_REPEATED_ACTIVITY
L05_001471,30,TRANSFER,3961.05,C1697825585,79221.0,75259.95,C_LEGIT_324516432,0.0,3961.05,0,0,L05_00211,LEGITIMATE_MULTIPLE_SMALL_TRANSACTIONS,None - repeated small transactions within normal behavioral range,NONE,1,1,7,23898.02,0,0.05,NORMAL_REPEATED_ACTIVITY
L05_001472,51,TRANSFER,3763.0,C1697825585,75259.95,71496.95,C_LEGIT_423303967,0.0,3763.0,0,0,L05_00211,LEGITIMATE_MULTIPLE_SMALL_TRANSACTIONS,None - repeated small transactions within normal behavioral range,NONE,1,2,7,23898.02,21,0.05,NORMAL_REPEATED_ACTIVITY
L05_001473,64,TRANSFER,3574.85,C1697825585,71496.95,67922.1,C_LEGIT_242140191,0.0,3574.85,0,0,L05_00211,LEGITIMATE_MULTIPLE_SMALL_TRANSACTIONS,None - repeated small transactions within normal behavioral range,NONE,1,3,7,23898.02,13,0.05,NORMAL_REPEATED_ACTIVITY
L05_001474,69,TRANSFER,3396.1,C1697825585,67922.1,64526.0,C_LEGIT_798844804,0.0,3396.1,0,0,L05_00211,LEGITIMATE_MULTIPLE_SMALL_TRANSACTIONS,None - repeated small transactions within normal behavioral range,NONE,1,4,7,23898.02,5,0.05,NORMAL_REPEATED_ACTIVITY
L05_001475,93,TRANSFER,3226.3,C1697825585,64526.0,61299.7,C_LEGIT_206829080,0.0,3226.3,0,0,L05_00211,LEGITIMATE_MULTIPLE_SMALL_TRANSACTIONS,None - repeated small transactions within normal behavioral range,NONE,1,5,7,23898.02,24,0.05,NORMAL_REPEATED_ACTIVITY
L05_001476,106,TRANSFER,3064.98,C1697825585,61299.7,58234.72,C_LEGIT_650822353,0.0,3064.98,0,0,L05_00211,LEGITIMATE_MULTIPLE_SMALL_TRANSACTIONS,None - repeated small transactions within normal behavioral range,NONE,1,6,7,23898.02,13,0.05,NORMAL_REPEATED_ACTIVITY
L05_001477,112,TRANSFER,2911.74,C1697825585,58234.72,55322.98,C_LEGIT_680860568,0.0,2911.74,0,0,L05_00211,LEGITIMATE_MULTIPLE_SMALL_TRANSACTIONS,None - repeated small transactions within normal behavioral range,NONE,1,7,7,23898.02,6,0.05,NORMAL_REPEATED_ACTIVITY
L05_001478,479,TRANSFER,459.65,C377396206,9193.0,8733.35,C_LEGIT_284349602,0.0,459.65,0,0,L05_00212,LEGITIMATE_MULTIPLE_SMALL_TRANSACTIONS,None - repeated small transactions within normal behavioral range,NONE,1,1,7,2773.18,0,0.05,NORMAL_REPEATED_ACTIVITY
L05_001479,493,TRANSFER,436.67,C377396206,8733.35,8296.68,C_LEGIT_915720860,0.0,436.67,0,0,L05_00212,LEGITIMATE_MULTIPLE_SMALL_TRANSACTIONS,None - repeated small transactions within normal behavioral range,NONE,1,2,7,2773.18,14,0.05,NORMAL_REPEATED_ACTIVITY
L05_001480,522,TRANSFER,414.83,C377396206,8296.68,7881.85,C_LEGIT_771045138,0.0,414.83,0,0,L05_00212,LEGITIMATE_MULTIPLE_SMALL_TRANSACTIONS,None - repeated small transactions within normal behavioral range,NONE,1,3,7,2773.18,29,0.05,NORMAL_REPEATED_ACTIVITY
L05_001481,529,TRANSFER,394.09,C377396206,7881.85,7487.76,C_LEGIT_310565825,0.0,394.09,0,0,L05_00212,LEGITIMATE_MULTIPLE_SMALL_TRANSACTIONS,None - repeated small transactions within normal behavioral range,NONE,1,4,7,2773.18,7,0.05,NORMAL_REPEATED_ACTIVITY
L05_001482,543,TRANSFER,374.39,C377396206,7487.76,7113.37,C_LEGIT_109487604,0.0,374.39,0,0,L05_00212,LEGITIMATE_MULTIPLE_SMALL_TRANSACTIONS,None - repeated small transactions within normal behavioral range,NONE,1,5,7,2773.18,14,0.05,NORMAL_REPEATED_ACTIVITY
L05_001483,548,TRANSFER,355.67,C377396206,7113.37,6757.7,C_LEGIT_710570277,0.0,355.67,0,0,L05_00212,LEGITIMATE_MULTIPLE_SMALL_TRANSACTIONS,None - repeated small transactions within normal behavioral range,NONE,1,6,7,2773.18,5,0.05,NORMAL_REPEATED_ACTIVITY
L05_001484,551,TRANSFER,337.88,C377396206,6757.7,6419.82,C_LEGIT_858792403,0.0,337.88,0,0,L05_00212,LEGITIMATE_MULTIPLE_SMALL_TRANSACTIONS,None - repeated small transactions within normal behavioral range,NONE,1,7,7,2773.18,3,0.05,NORMAL_REPEATED_ACTIVITY
L05_001485,426,TRANSFER,135622.67,C836003798,3049765.06,2914142.39,C_LEGIT_396277812,0.0,135622.67,0,0,L05_00213,LEGITIMATE_MULTIPLE_SMALL_TRANSACTIONS,None - repeated small transactions within normal behavioral range,NONE,1,1,7,875795.15,0,0.0445,NORMAL_REPEATED_ACTIVITY
L05_001486,429,TRANSFER,125962.54,C836003798,2914142.39,2788179.85,C_LEGIT_614600947,0.0,125962.54,0,0,L05_00213,LEGITIMATE_MULTIPLE_SMALL_TRANSACTIONS,None - repeated small transactions within normal behavioral range,NONE,1,2,7,875795.15,3,0.0432,NORMAL_REPEATED_ACTIVITY
L05_001487,452,TRANSFER,125647.76,C836003798,2788179.85,2662532.09,C_LEGIT_155336604,0.0,125647.76,0,0,L05_00213,LEGITIMATE_MULTIPLE_SMALL_TRANSACTIONS,None - repeated small transactions within normal behavioral range,NONE,1,3,7,875795.15,23,0.0451,NORMAL_REPEATED_ACTIVITY
L05_001488,455,TRANSFER,126920.58,C836003798,2662532.09,2535611.51,C_LEGIT_471341888,0.0,126920.58,0,0,L05_00213,LEGITIMATE_MULTIPLE_SMALL_TRANSACTIONS,None - repeated small transactions within normal behavioral range,NONE,1,4,7,875795.15,3,0.0477,NORMAL_REPEATED_ACTIVITY
L05_001489,488,TRANSFER,126780.58,C836003798,2535611.51,2408830.93,C_LEGIT_276038514,0.0,126780.58,0,0,L05_00213,LEGITIMATE_MULTIPLE_SMALL_TRANSACTIONS,None - repeated small transactions within normal behavioral range,NONE,1,5,7,875795.15,33,0.05,NORMAL_REPEATED_ACTIVITY
L05_001490,493,TRANSFER,120441.55,C836003798,2408830.93,2288389.38,C_LEGIT_859664997,0.0,120441.55,0,0,L05_00213,LEGITIMATE_MULTIPLE_SMALL_TRANSACTIONS,None - repeated small transactions within normal behavioral range,NONE,1,6,7,875795.15,5,0.05,NORMAL_REPEATED_ACTIVITY
L05_001491,501,TRANSFER,114419.47,C836003798,2288389.38,2173969.91,C_LEGIT_382019281,0.0,114419.47,0,0,L05_00213,LEGITIMATE_MULTIPLE_SMALL_TRANSACTIONS,None - repeated small transactions within normal behavioral range,NONE,1,7,7,875795.15,8,0.05,NORMAL_REPEATED_ACTIVITY
L05_001492,357,TRANSFER,3609.65,C2012561390,72193.0,68583.35,C_LEGIT_612685834,0.0,3609.65,0,0,L05_00214,LEGITIMATE_MULTIPLE_SMALL_TRANSACTIONS,None - repeated small transactions within normal behavioral range,NONE,1,1,7,21777.93,0,0.05,NORMAL_REPEATED_ACTIVITY
L05_001493,373,TRANSFER,3429.17,C2012561390,68583.35,65154.18,C_LEGIT_139717211,0.0,3429.17,0,0,L05_00214,LEGITIMATE_MULTIPLE_SMALL_TRANSACTIONS,None - repeated small transactions within normal behavioral range,NONE,1,2,7,21777.93,16,0.05,NORMAL_REPEATED_ACTIVITY
L05_001494,381,TRANSFER,3257.71,C2012561390,65154.18,61896.47,C_LEGIT_269078003,0.0,3257.71,0,0,L05_00214,LEGITIMATE_MULTIPLE_SMALL_TRANSACTIONS,None - repeated small transactions within normal behavioral range,NONE,1,3,7,21777.93,8,0.05,NORMAL_REPEATED_ACTIVITY
L05_001495,390,TRANSFER,3094.82,C2012561390,61896.47,58801.65,C_LEGIT_139265268,0.0,3094.82,0,0,L05_00214,LEGITIMATE_MULTIPLE_SMALL_TRANSACTIONS,None - repeated small transactions within normal behavioral range,NONE,1,4,7,21777.93,9,0.05,NORMAL_REPEATED_ACTIVITY
L05_001496,425,TRANSFER,2940.08,C2012561390,58801.65,55861.57,C_LEGIT_238781224,0.0,2940.08,0,0,L05_00214,LEGITIMATE_MULTIPLE_SMALL_TRANSACTIONS,None - repeated small transactions within normal behavioral range,NONE,1,5,7,21777.93,35,0.05,NORMAL_REPEATED_ACTIVITY
L05_001497,432,TRANSFER,2793.08,C2012561390,55861.57,53068.49,C_LEGIT_310081218,0.0,2793.08,0,0,L05_00214,LEGITIMATE_MULTIPLE_SMALL_TRANSACTIONS,None - repeated small transactions within normal behavioral range,NONE,1,6,7,21777.93,7,0.05,NORMAL_REPEATED_ACTIVITY
L05_001498,450,TRANSFER,2653.42,C2012561390,53068.49,50415.07,C_LEGIT_535928582,0.0,2653.42,0,0,L05_00214,LEGITIMATE_MULTIPLE_SMALL_TRANSACTIONS,None - repeated small transactions within normal behavioral range,NONE,1,7,7,21777.93,18,0.05,NORMAL_REPEATED_ACTIVITY
L05_001499,138,TRANSFER,7569.45,C1296501812,151389.0,143819.55,C_LEGIT_905583865,0.0,7569.45,0,0,L05_00215,LEGITIMATE_MULTIPLE_SMALL_TRANSACTIONS,None - repeated small transactions within normal behavioral range,NONE,1,1,7,45668.42,0,0.05,NORMAL_REPEATED_ACTIVITY
L05_001500,146,TRANSFER,7190.98,C1296501812,143819.55,136628.57,C_LEGIT_909628457,0.0,7190.98,0,0,L05_00215,LEGITIMATE_MULTIPLE_SMALL_TRANSACTIONS,None - repeated small transactions within normal behavioral range,NONE,1,2,7,45668.42,8,0.05,NORMAL_REPEATED_ACTIVITY
L05_001501,153,TRANSFER,6831.43,C1296501812,136628.57,129797.14,C_LEGIT_370110453,0.0,6831.43,0,0,L05_00215,LEGITIMATE_MULTIPLE_SMALL_TRANSACTIONS,None - repeated small transactions within normal behavioral range,NONE,1,3,7,45668.42,7,0.05,NORMAL_REPEATED_ACTIVITY
L05_001502,169,TRANSFER,6489.86,C1296501812,129797.14,123307.28,C_LEGIT_875534527,0.0,6489.86,0,0,L05_00215,LEGITIMATE_MULTIPLE_SMALL_TRANSACTIONS,None - repeated small transactions within normal behavioral range,NONE,1,4,7,45668.42,16,0.05,NORMAL_REPEATED_ACTIVITY
L05_001503,182,TRANSFER,6165.36,C1296501812,123307.28,117141.92,C_LEGIT_310482604,0.0,6165.36,0,0,L05_00215,LEGITIMATE_MULTIPLE_SMALL_TRANSACTIONS,None - repeated small transactions within normal behavioral range,NONE,1,5,7,45668.42,13,0.05,NORMAL_REPEATED_ACTIVITY
L05_001504,219,TRANSFER,5857.1,C1296501812,117141.92,111284.82,C_LEGIT_740591135,0.0,5857.1,0,0,L05_00215,LEGITIMATE_MULTIPLE_SMALL_TRANSACTIONS,None - repeated small transactions within normal behavioral range,NONE,1,6,7,45668.42,37,0.05,NORMAL_REPEATED_ACTIVITY
L05_001505,220,TRANSFER,5564.24,C1296501812,111284.82,105720.58,C_LEGIT_486765652,0.0,5564.24,0,0,L05_00215,LEGITIMATE_MULTIPLE_SMALL_TRANSACTIONS,None - repeated small transactions within normal behavioral range,NONE,1,7,7,45668.42,1,0.05,NORMAL_REPEATED_ACTIVITY
L05_001506,417,TRANSFER,52979.88,C1452592870,7923216.7,7870236.82,C_LEGIT_146611127,0.0,52979.88,0,0,L05_00216,LEGITIMATE_MULTIPLE_SMALL_TRANSACTIONS,None - repeated small transactions within normal behavioral range,NONE,1,1,7,305106.4,0,0.0067,NORMAL_REPEATED_ACTIVITY
L05_001507,422,TRANSFER,46416.05,C1452592870,7870236.82,7823820.77,C_LEGIT_363776967,0.0,46416.05,0,0,L05_00216,LEGITIMATE_MULTIPLE_SMALL_TRANSACTIONS,None - repeated small transactions within normal behavioral range,NONE,1,2,7,305106.4,5,0.0059,NORMAL_REPEATED_ACTIVITY
L05_001508,444,TRANSFER,35199.14,C1452592870,7823820.77,7788621.63,C_LEGIT_584589015,0.0,35199.14,0,0,L05_00216,LEGITIMATE_MULTIPLE_SMALL_TRANSACTIONS,None - repeated small transactions within normal behavioral range,NONE,1,3,7,305106.4,22,0.0045,NORMAL_REPEATED_ACTIVITY
L05_001509,461,TRANSFER,46081.32,C1452592870,7788621.63,7742540.31,C_LEGIT_804525951,0.0,46081.32,0,0,L05_00216,LEGITIMATE_MULTIPLE_SMALL_TRANSACTIONS,None - repeated small transactions within normal behavioral range,NONE,1,4,7,305106.4,17,0.0059,NORMAL_REPEATED_ACTIVITY
L05_001510,465,TRANSFER,36353.78,C1452592870,7742540.31,7706186.53,C_LEGIT_919891975,0.0,36353.78,0,0,L05_00216,LEGITIMATE_MULTIPLE_SMALL_TRANSACTIONS,None - repeated small transactions within normal behavioral range,NONE,1,5,7,305106.4,4,0.0047,NORMAL_REPEATED_ACTIVITY
L05_001511,482,TRANSFER,48306.08,C1452592870,7706186.53,7657880.45,C_LEGIT_733740475,0.0,48306.08,0,0,L05_00216,LEGITIMATE_MULTIPLE_SMALL_TRANSACTIONS,None - repeated small transactions within normal behavioral range,NONE,1,6,7,305106.4,17,0.0063,NORMAL_REPEATED_ACTIVITY
L05_001512,487,TRANSFER,39770.15,C1452592870,7657880.45,7618110.3,C_LEGIT_511572295,0.0,39770.15,0,0,L05_00216,LEGITIMATE_MULTIPLE_SMALL_TRANSACTIONS,None - repeated small transactions within normal behavioral range,NONE,1,7,7,305106.4,5,0.0052,NORMAL_REPEATED_ACTIVITY
L05_001513,422,TRANSFER,6205.25,C889183385,124105.0,117899.75,C_LEGIT_966283736,0.0,6205.25,0,0,L05_00217,LEGITIMATE_MULTIPLE_SMALL_TRANSACTIONS,None - repeated small transactions within normal behavioral range,NONE,1,1,7,37437.85,0,0.05,NORMAL_REPEATED_ACTIVITY
L05_001514,445,TRANSFER,5894.99,C889183385,117899.75,112004.76,C_LEGIT_470794196,0.0,5894.99,0,0,L05_00217,LEGITIMATE_MULTIPLE_SMALL_TRANSACTIONS,None - repeated small transactions within normal behavioral range,NONE,1,2,7,37437.85,23,0.05,NORMAL_REPEATED_ACTIVITY
L05_001515,453,TRANSFER,5600.24,C889183385,112004.76,106404.52,C_LEGIT_996972187,0.0,5600.24,0,0,L05_00217,LEGITIMATE_MULTIPLE_SMALL_TRANSACTIONS,None - repeated small transactions within normal behavioral range,NONE,1,3,7,37437.85,8,0.05,NORMAL_REPEATED_ACTIVITY
L05_001516,469,TRANSFER,5320.23,C889183385,106404.52,101084.29,C_LEGIT_564795215,0.0,5320.23,0,0,L05_00217,LEGITIMATE_MULTIPLE_SMALL_TRANSACTIONS,None - repeated small transactions within normal behavioral range,NONE,1,4,7,37437.85,16,0.05,NORMAL_REPEATED_ACTIVITY
L05_001517,474,TRANSFER,5054.21,C889183385,101084.29,96030.08,C_LEGIT_314548278,0.0,5054.21,0,0,L05_00217,LEGITIMATE_MULTIPLE_SMALL_TRANSACTIONS,None - repeated small transactions within normal behavioral range,NONE,1,5,7,37437.85,5,0.05,NORMAL_REPEATED_ACTIVITY
L05_001518,481,TRANSFER,4801.5,C889183385,96030.08,91228.58,C_LEGIT_841263314,0.0,4801.5,0,0,L05_00217,LEGITIMATE_MULTIPLE_SMALL_TRANSACTIONS,None - repeated small transactions within normal behavioral range,NONE,1,6,7,37437.85,7,0.05,NORMAL_REPEATED_ACTIVITY
L05_001519,482,TRANSFER,4561.43,C889183385,91228.58,86667.15,C_LEGIT_300731813,0.0,4561.43,0,0,L05_00217,LEGITIMATE_MULTIPLE_SMALL_TRANSACTIONS,None - repeated small transactions within normal behavioral range,NONE,1,7,7,37437.85,1,0.05,NORMAL_REPEATED_ACTIVITY
L05_001520,217,TRANSFER,1016.15,C1946833780,20323.0,19306.85,C_LEGIT_670903206,0.0,1016.15,0,0,L05_00218,LEGITIMATE_MULTIPLE_SMALL_TRANSACTIONS,None - repeated small transactions within normal behavioral range,NONE,1,1,7,6130.69,0,0.05,NORMAL_REPEATED_ACTIVITY
L05_001521,231,TRANSFER,965.34,C1946833780,19306.85,18341.51,C_LEGIT_607867369,0.0,965.34,0,0,L05_00218,LEGITIMATE_MULTIPLE_SMALL_TRANSACTIONS,None - repeated small transactions within normal behavioral range,NONE,1,2,7,6130.69,14,0.05,NORMAL_REPEATED_ACTIVITY
L05_001522,234,TRANSFER,917.08,C1946833780,18341.51,17424.43,C_LEGIT_532417065,0.0,917.08,0,0,L05_00218,LEGITIMATE_MULTIPLE_SMALL_TRANSACTIONS,None - repeated small transactions within normal behavioral range,NONE,1,3,7,6130.69,3,0.05,NORMAL_REPEATED_ACTIVITY
L05_001523,239,TRANSFER,871.22,C1946833780,17424.43,16553.21,C_LEGIT_923895098,0.0,871.22,0,0,L05_00218,LEGITIMATE_MULTIPLE_SMALL_TRANSACTIONS,None - repeated small transactions within normal behavioral range,NONE,1,4,7,6130.69,5,0.05,NORMAL_REPEATED_ACTIVITY
L05_001524,251,TRANSFER,827.66,C1946833780,16553.21,15725.55,C_LEGIT_490050852,0.0,827.66,0,0,L05_00218,LEGITIMATE_MULTIPLE_SMALL_TRANSACTIONS,None - repeated small transactions within normal behavioral range,NONE,1,5,7,6130.69,12,0.05,NORMAL_REPEATED_ACTIVITY
L05_001525,258,TRANSFER,786.28,C1946833780,15725.55,14939.27,C_LEGIT_477976764,0.0,786.28,0,0,L05_00218,LEGITIMATE_MULTIPLE_SMALL_TRANSACTIONS,None - repeated small transactions within normal behavioral range,NONE,1,6,7,6130.69,7,0.05,NORMAL_REPEATED_ACTIVITY
L05_001526,284,TRANSFER,746.96,C1946833780,14939.27,14192.31,C_LEGIT_815395095,0.0,746.96,0,0,L05_00218,LEGITIMATE_MULTIPLE_SMALL_TRANSACTIONS,None - repeated small transactions within normal behavioral range,NONE,1,7,7,6130.69,26,0.05,NORMAL_REPEATED_ACTIVITY
L05_001527,144,TRANSFER,1014.3,C1167283468,20286.0,19271.7,C_LEGIT_514386590,0.0,1014.3,0,0,L05_00219,LEGITIMATE_MULTIPLE_SMALL_TRANSACTIONS,None - repeated small transactions within normal behavioral range,NONE,1,1,7,6119.54,0,0.05,NORMAL_REPEATED_ACTIVITY
L05_001528,169,TRANSFER,963.59,C1167283468,19271.7,18308.11,C_LEGIT_899794565,0.0,963.59,0,0,L05_00219,LEGITIMATE_MULTIPLE_SMALL_TRANSACTIONS,None - repeated small transactions within normal behavioral range,NONE,1,2,7,6119.54,25,0.05,NORMAL_REPEATED_ACTIVITY
L05_001529,176,TRANSFER,915.41,C1167283468,18308.11,17392.7,C_LEGIT_613205754,0.0,915.41,0,0,L05_00219,LEGITIMATE_MULTIPLE_SMALL_TRANSACTIONS,None - repeated small transactions within normal behavioral range,NONE,1,3,7,6119.54,7,0.05,NORMAL_REPEATED_ACTIVITY
L05_001530,183,TRANSFER,869.64,C1167283468,17392.7,16523.06,C_LEGIT_205439389,0.0,869.64,0,0,L05_00219,LEGITIMATE_MULTIPLE_SMALL_TRANSACTIONS,None - repeated small transactions within normal behavioral range,NONE,1,4,7,6119.54,7,0.05,NORMAL_REPEATED_ACTIVITY
L05_001531,202,TRANSFER,826.15,C1167283468,16523.06,15696.91,C_LEGIT_382652271,0.0,826.15,0,0,L05_00219,LEGITIMATE_MULTIPLE_SMALL_TRANSACTIONS,None - repeated small transactions within normal behavioral range,NONE,1,5,7,6119.54,19,0.05,NORMAL_REPEATED_ACTIVITY
L05_001532,220,TRANSFER,784.85,C1167283468,15696.91,14912.06,C_LEGIT_994036779,0.0,784.85,0,0,L05_00219,LEGITIMATE_MULTIPLE_SMALL_TRANSACTIONS,None - repeated small transactions within normal behavioral range,NONE,1,6,7,6119.54,18,0.05,NORMAL_REPEATED_ACTIVITY
L05_001533,231,TRANSFER,745.6,C1167283468,14912.06,14166.46,C_LEGIT_986011612,0.0,745.6,0,0,L05_00219,LEGITIMATE_MULTIPLE_SMALL_TRANSACTIONS,None - repeated small transactions within normal behavioral range,NONE,1,7,7,6119.54,11,0.05,NORMAL_REPEATED_ACTIVITY
L05_001534,174,TRANSFER,54.1,C636660006,1082.0,1027.9,C_LEGIT_921420832,0.0,54.1,0,0,L05_00220,LEGITIMATE_MULTIPLE_SMALL_TRANSACTIONS,None - repeated small transactions within normal behavioral range,NONE,1,1,7,326.4,0,0.05,NORMAL_REPEATED_ACTIVITY
L05_001535,176,TRANSFER,51.4,C636660006,1027.9,976.5,C_LEGIT_846924361,0.0,51.4,0,0,L05_00220,LEGITIMATE_MULTIPLE_SMALL_TRANSACTIONS,None - repeated small transactions within normal behavioral range,NONE,1,2,7,326.4,2,0.05,NORMAL_REPEATED_ACTIVITY
L05_001536,181,TRANSFER,48.83,C636660006,976.5,927.67,C_LEGIT_869748834,0.0,48.83,0,0,L05_00220,LEGITIMATE_MULTIPLE_SMALL_TRANSACTIONS,None - repeated small transactions within normal behavioral range,NONE,1,3,7,326.4,5,0.05,NORMAL_REPEATED_ACTIVITY
L05_001537,211,TRANSFER,46.38,C636660006,927.67,881.29,C_LEGIT_915299660,0.0,46.38,0,0,L05_00220,LEGITIMATE_MULTIPLE_SMALL_TRANSACTIONS,None - repeated small transactions within normal behavioral range,NONE,1,4,7,326.4,30,0.05,NORMAL_REPEATED_ACTIVITY
L05_001538,236,TRANSFER,44.06,C636660006,881.29,837.23,C_LEGIT_735367455,0.0,44.06,0,0,L05_00220,LEGITIMATE_MULTIPLE_SMALL_TRANSACTIONS,None - repeated small transactions within normal behavioral range,NONE,1,5,7,326.4,25,0.05,NORMAL_REPEATED_ACTIVITY
L05_001539,250,TRANSFER,41.86,C636660006,837.23,795.37,C_LEGIT_118390702,0.0,41.86,0,0,L05_00220,LEGITIMATE_MULTIPLE_SMALL_TRANSACTIONS,None - repeated small transactions within normal behavioral range,NONE,1,6,7,326.4,14,0.05,NORMAL_REPEATED_ACTIVITY
L05_001540,251,TRANSFER,39.77,C636660006,795.37,755.6,C_LEGIT_936713303,0.0,39.77,0,0,L05_00220,LEGITIMATE_MULTIPLE_SMALL_TRANSACTIONS,None - repeated small transactions within normal behavioral range,NONE,1,7,7,326.4,1,0.05,NORMAL_REPEATED_ACTIVITY
L05_001541,529,TRANSFER,12259.47,C939849391,988050.31,975790.84,C_LEGIT_527503751,0.0,12259.47,0,0,L05_00221,LEGITIMATE_MULTIPLE_SMALL_TRANSACTIONS,None - repeated small transactions within normal behavioral range,NONE,1,1,7,89522.98,0,0.0124,NORMAL_REPEATED_ACTIVITY
L05_001542,531,TRANSFER,10547.81,C939849391,975790.84,965243.03,C_LEGIT_968621973,0.0,10547.81,0,0,L05_00221,LEGITIMATE_MULTIPLE_SMALL_TRANSACTIONS,None - repeated small transactions within normal behavioral range,NONE,1,2,7,89522.98,2,0.0108,NORMAL_REPEATED_ACTIVITY
L05_001543,533,TRANSFER,14034.05,C939849391,965243.03,951208.98,C_LEGIT_628332853,0.0,14034.05,0,0,L05_00221,LEGITIMATE_MULTIPLE_SMALL_TRANSACTIONS,None - repeated small transactions within normal behavioral range,NONE,1,3,7,89522.98,2,0.0145,NORMAL_REPEATED_ACTIVITY
L05_001544,534,TRANSFER,11602.93,C939849391,951208.98,939606.05,C_LEGIT_412224762,0.0,11602.93,0,0,L05_00221,LEGITIMATE_MULTIPLE_SMALL_TRANSACTIONS,None - repeated small transactions within normal behavioral range,NONE,1,4,7,89522.98,1,0.0122,NORMAL_REPEATED_ACTIVITY
L05_001545,543,TRANSFER,10226.53,C939849391,939606.05,929379.52,C_LEGIT_333902594,0.0,10226.53,0,0,L05_00221,LEGITIMATE_MULTIPLE_SMALL_TRANSACTIONS,None - repeated small transactions within normal behavioral range,NONE,1,5,7,89522.98,9,0.0109,NORMAL_REPEATED_ACTIVITY
L05_001546,575,TRANSFER,17054.16,C939849391,929379.52,912325.36,C_LEGIT_699530409,0.0,17054.16,0,0,L05_00221,LEGITIMATE_MULTIPLE_SMALL_TRANSACTIONS,None - repeated small transactions within normal behavioral range,NONE,1,6,7,89522.98,32,0.0184,NORMAL_REPEATED_ACTIVITY
L05_001547,600,TRANSFER,13798.03,C939849391,912325.36,898527.33,C_LEGIT_633355123,0.0,13798.03,0,0,L05_00221,LEGITIMATE_MULTIPLE_SMALL_TRANSACTIONS,None - repeated small transactions within normal behavioral range,NONE,1,7,7,89522.98,25,0.0151,NORMAL_REPEATED_ACTIVITY
L05_001548,165,TRANSFER,12167.85,C1129980025,243357.0,231189.15,C_LEGIT_366784394,0.0,12167.85,0,0,L05_00222,LEGITIMATE_MULTIPLE_SMALL_TRANSACTIONS,None - repeated small transactions within normal behavioral range,NONE,1,1,7,73411.73,0,0.05,NORMAL_REPEATED_ACTIVITY
L05_001549,191,TRANSFER,11559.46,C1129980025,231189.15,219629.69,C_LEGIT_431378692,0.0,11559.46,0,0,L05_00222,LEGITIMATE_MULTIPLE_SMALL_TRANSACTIONS,None - repeated small transactions within normal behavioral range,NONE,1,2,7,73411.73,26,0.05,NORMAL_REPEATED_ACTIVITY
L05_001550,194,TRANSFER,10981.48,C1129980025,219629.69,208648.21,C_LEGIT_935435343,0.0,10981.48,0,0,L05_00222,LEGITIMATE_MULTIPLE_SMALL_TRANSACTIONS,None - repeated small transactions within normal behavioral range,NONE,1,3,7,73411.73,3,0.05,NORMAL_REPEATED_ACTIVITY
L05_001551,204,TRANSFER,10432.41,C1129980025,208648.21,198215.8,C_LEGIT_226347658,0.0,10432.41,0,0,L05_00222,LEGITIMATE_MULTIPLE_SMALL_TRANSACTIONS,None - repeated small transactions within normal behavioral range,NONE,1,4,7,73411.73,10,0.05,NORMAL_REPEATED_ACTIVITY
L05_001552,211,TRANSFER,9910.79,C1129980025,198215.8,188305.01,C_LEGIT_220580421,0.0,9910.79,0,0,L05_00222,LEGITIMATE_MULTIPLE_SMALL_TRANSACTIONS,None - repeated small transactions within normal behavioral range,NONE,1,5,7,73411.73,7,0.05,NORMAL_REPEATED_ACTIVITY
L05_001553,232,TRANSFER,9415.25,C1129980025,188305.01,178889.76,C_LEGIT_326208177,0.0,9415.25,0,0,L05_00222,LEGITIMATE_MULTIPLE_SMALL_TRANSACTIONS,None - repeated small transactions within normal behavioral range,NONE,1,6,7,73411.73,21,0.05,NORMAL_REPEATED_ACTIVITY
L05_001554,243,TRANSFER,8944.49,C1129980025,178889.76,169945.27,C_LEGIT_732173380,0.0,8944.49,0,0,L05_00222,LEGITIMATE_MULTIPLE_SMALL_TRANSACTIONS,None - repeated small transactions within normal behavioral range,NONE,1,7,7,73411.73,11,0.05,NORMAL_REPEATED_ACTIVITY
L05_001555,168,TRANSFER,38105.24,C409300215,762104.7,723999.46,C_LEGIT_308201528,0.0,38105.24,0,0,L05_00223,LEGITIMATE_MULTIPLE_SMALL_TRANSACTIONS,None - repeated small transactions within normal behavioral range,NONE,1,1,7,229898.56,0,0.05,NORMAL_REPEATED_ACTIVITY
L05_001556,193,TRANSFER,36199.97,C409300215,723999.46,687799.49,C_LEGIT_527328953,0.0,36199.97,0,0,L05_00223,LEGITIMATE_MULTIPLE_SMALL_TRANSACTIONS,None - repeated small transactions within normal behavioral range,NONE,1,2,7,229898.56,25,0.05,NORMAL_REPEATED_ACTIVITY
L05_001557,227,TRANSFER,34389.97,C409300215,687799.49,653409.52,C_LEGIT_985694397,0.0,34389.97,0,0,L05_00223,LEGITIMATE_MULTIPLE_SMALL_TRANSACTIONS,None - repeated small transactions within normal behavioral range,NONE,1,3,7,229898.56,34,0.05,NORMAL_REPEATED_ACTIVITY
L05_001558,229,TRANSFER,32670.48,C409300215,653409.52,620739.04,C_LEGIT_277961367,0.0,32670.48,0,0,L05_00223,LEGITIMATE_MULTIPLE_SMALL_TRANSACTIONS,None - repeated small transactions within normal behavioral range,NONE,1,4,7,229898.56,2,0.05,NORMAL_REPEATED_ACTIVITY
L05_001559,241,TRANSFER,31036.95,C409300215,620739.04,589702.09,C_LEGIT_184875025,0.0,31036.95,0,0,L05_00223,LEGITIMATE_MULTIPLE_SMALL_TRANSACTIONS,None - repeated small transactions within normal behavioral range,NONE,1,5,7,229898.56,12,0.05,NORMAL_REPEATED_ACTIVITY
L05_001560,246,TRANSFER,29485.1,C409300215,589702.09,560216.99,C_LEGIT_984300490,0.0,29485.1,0,0,L05_00223,LEGITIMATE_MULTIPLE_SMALL_TRANSACTIONS,None - repeated small transactions within normal behavioral range,NONE,1,6,7,229898.56,5,0.05,NORMAL_REPEATED_ACTIVITY
L05_001561,256,TRANSFER,28010.85,C409300215,560216.99,532206.14,C_LEGIT_545122949,0.0,28010.85,0,0,L05_00223,LEGITIMATE_MULTIPLE_SMALL_TRANSACTIONS,None - repeated small transactions within normal behavioral range,NONE,1,7,7,229898.56,10,0.05,NORMAL_REPEATED_ACTIVITY
L05_001562,228,TRANSFER,51.15,C1788773245,1023.0,971.85,C_LEGIT_337239729,0.0,51.15,0,0,L05_00224,LEGITIMATE_MULTIPLE_SMALL_TRANSACTIONS,None - repeated small transactions within normal behavioral range,NONE,1,1,7,308.6,0,0.05,NORMAL_REPEATED_ACTIVITY
L05_001563,230,TRANSFER,48.59,C1788773245,971.85,923.26,C_LEGIT_727462054,0.0,48.59,0,0,L05_00224,LEGITIMATE_MULTIPLE_SMALL_TRANSACTIONS,None - repeated small transactions within normal behavioral range,NONE,1,2,7,308.6,2,0.05,NORMAL_REPEATED_ACTIVITY
L05_001564,247,TRANSFER,46.16,C1788773245,923.26,877.1,C_LEGIT_275616147,0.0,46.16,0,0,L05_00224,LEGITIMATE_MULTIPLE_SMALL_TRANSACTIONS,None - repeated small transactions within normal behavioral range,NONE,1,3,7,308.6,17,0.05,NORMAL_REPEATED_ACTIVITY
L05_001565,263,TRANSFER,43.86,C1788773245,877.1,833.24,C_LEGIT_940298375,0.0,43.86,0,0,L05_00224,LEGITIMATE_MULTIPLE_SMALL_TRANSACTIONS,None - repeated small transactions within normal behavioral range,NONE,1,4,7,308.6,16,0.05,NORMAL_REPEATED_ACTIVITY
L05_001566,279,TRANSFER,41.66,C1788773245,833.24,791.58,C_LEGIT_550998415,0.0,41.66,0,0,L05_00224,LEGITIMATE_MULTIPLE_SMALL_TRANSACTIONS,None - repeated small transactions within normal behavioral range,NONE,1,5,7,308.6,16,0.05,NORMAL_REPEATED_ACTIVITY
L05_001567,286,TRANSFER,39.58,C1788773245,791.58,752.0,C_LEGIT_597435809,0.0,39.58,0,0,L05_00224,LEGITIMATE_MULTIPLE_SMALL_TRANSACTIONS,None - repeated small transactions within normal behavioral range,NONE,1,6,7,308.6,7,0.05,NORMAL_REPEATED_ACTIVITY
L05_001568,305,TRANSFER,37.6,C1788773245,752.0,714.4,C_LEGIT_851218828,0.0,37.6,0,0,L05_00224,LEGITIMATE_MULTIPLE_SMALL_TRANSACTIONS,None - repeated small transactions within normal behavioral range,NONE,1,7,7,308.6,19,0.05,NORMAL_REPEATED_ACTIVITY
L05_001569,184,TRANSFER,14.45,C274918855,289.0,274.55,C_LEGIT_292980128,0.0,14.45,0,0,L05_00225,LEGITIMATE_MULTIPLE_SMALL_TRANSACTIONS,None - repeated small transactions within normal behavioral range,NONE,1,1,7,87.18,0,0.05,NORMAL_REPEATED_ACTIVITY
L05_001570,189,TRANSFER,13.73,C274918855,274.55,260.82,C_LEGIT_918868335,0.0,13.73,0,0,L05_00225,LEGITIMATE_MULTIPLE_SMALL_TRANSACTIONS,None - repeated small transactions within normal behavioral range,NONE,1,2,7,87.18,5,0.05,NORMAL_REPEATED_ACTIVITY
L05_001571,209,TRANSFER,13.04,C274918855,260.82,247.78,C_LEGIT_274836361,0.0,13.04,0,0,L05_00225,LEGITIMATE_MULTIPLE_SMALL_TRANSACTIONS,None - repeated small transactions within normal behavioral range,NONE,1,3,7,87.18,20,0.05,NORMAL_REPEATED_ACTIVITY
L05_001572,233,TRANSFER,12.39,C274918855,247.78,235.39,C_LEGIT_141049622,0.0,12.39,0,0,L05_00225,LEGITIMATE_MULTIPLE_SMALL_TRANSACTIONS,None - repeated small transactions within normal behavioral range,NONE,1,4,7,87.18,24,0.05,NORMAL_REPEATED_ACTIVITY
L05_001573,241,TRANSFER,11.77,C274918855,235.39,223.62,C_LEGIT_344187354,0.0,11.77,0,0,L05_00225,LEGITIMATE_MULTIPLE_SMALL_TRANSACTIONS,None - repeated small transactions within normal behavioral range,NONE,1,5,7,87.18,8,0.05,NORMAL_REPEATED_ACTIVITY
L05_001574,248,TRANSFER,11.18,C274918855,223.62,212.44,C_LEGIT_351651322,0.0,11.18,0,0,L05_00225,LEGITIMATE_MULTIPLE_SMALL_TRANSACTIONS,None - repeated small transactions within normal behavioral range,NONE,1,6,7,87.18,7,0.05,NORMAL_REPEATED_ACTIVITY
L05_001575,256,TRANSFER,10.62,C274918855,212.44,201.82,C_LEGIT_655220784,0.0,10.62,0,0,L05_00225,LEGITIMATE_MULTIPLE_SMALL_TRANSACTIONS,None - repeated small transactions within normal behavioral range,NONE,1,7,7,87.18,8,0.05,NORMAL_REPEATED_ACTIVITY
L05_001576,220,TRANSFER,133466.73,C1657216546,7252881.38,7119414.65,C_LEGIT_769881457,0.0,133466.73,0,0,L05_00226,LEGITIMATE_MULTIPLE_SMALL_TRANSACTIONS,None - repeated small transactions within normal behavioral range,NONE,1,1,7,943630.41,0,0.0184,NORMAL_REPEATED_ACTIVITY
L05_001577,225,TRANSFER,132572.17,C1657216546,7119414.65,6986842.48,C_LEGIT_285923698,0.0,132572.17,0,0,L05_00226,LEGITIMATE_MULTIPLE_SMALL_TRANSACTIONS,None - repeated small transactions within normal behavioral range,NONE,1,2,7,943630.41,5,0.0186,NORMAL_REPEATED_ACTIVITY
L05_001578,230,TRANSFER,153007.37,C1657216546,6986842.48,6833835.11,C_LEGIT_345671624,0.0,153007.37,0,0,L05_00226,LEGITIMATE_MULTIPLE_SMALL_TRANSACTIONS,None - repeated small transactions within normal behavioral range,NONE,1,3,7,943630.41,5,0.0219,NORMAL_REPEATED_ACTIVITY
L05_001579,266,TRANSFER,106507.91,C1657216546,6833835.11,6727327.2,C_LEGIT_866407424,0.0,106507.91,0,0,L05_00226,LEGITIMATE_MULTIPLE_SMALL_TRANSACTIONS,None - repeated small transactions within normal behavioral range,NONE,1,4,7,943630.41,36,0.0156,NORMAL_REPEATED_ACTIVITY
L05_001580,293,TRANSFER,116665.36,C1657216546,6727327.2,6610661.84,C_LEGIT_535320558,0.0,116665.36,0,0,L05_00226,LEGITIMATE_MULTIPLE_SMALL_TRANSACTIONS,None - repeated small transactions within normal behavioral range,NONE,1,5,7,943630.41,27,0.0173,NORMAL_REPEATED_ACTIVITY
L05_001581,297,TRANSFER,166972.71,C1657216546,6610661.84,6443689.13,C_LEGIT_456324075,0.0,166972.71,0,0,L05_00226,LEGITIMATE_MULTIPLE_SMALL_TRANSACTIONS,None - repeated small transactions within normal behavioral range,NONE,1,6,7,943630.41,4,0.0253,NORMAL_REPEATED_ACTIVITY
L05_001582,309,TRANSFER,134438.16,C1657216546,6443689.13,6309250.97,C_LEGIT_586298373,0.0,134438.16,0,0,L05_00226,LEGITIMATE_MULTIPLE_SMALL_TRANSACTIONS,None - repeated small transactions within normal behavioral range,NONE,1,7,7,943630.41,12,0.0209,NORMAL_REPEATED_ACTIVITY
L05_001583,313,TRANSFER,1062.85,C2095231123,21257.0,20194.15,C_LEGIT_634880714,0.0,1062.85,0,0,L05_00227,LEGITIMATE_MULTIPLE_SMALL_TRANSACTIONS,None - repeated small transactions within normal behavioral range,NONE,1,1,7,6412.44,0,0.05,NORMAL_REPEATED_ACTIVITY
L05_001584,322,TRANSFER,1009.71,C2095231123,20194.15,19184.44,C_LEGIT_400216922,0.0,1009.71,0,0,L05_00227,LEGITIMATE_MULTIPLE_SMALL_TRANSACTIONS,None - repeated small transactions within normal behavioral range,NONE,1,2,7,6412.44,9,0.05,NORMAL_REPEATED_ACTIVITY
L05_001585,336,TRANSFER,959.22,C2095231123,19184.44,18225.22,C_LEGIT_332768469,0.0,959.22,0,0,L05_00227,LEGITIMATE_MULTIPLE_SMALL_TRANSACTIONS,None - repeated small transactions within normal behavioral range,NONE,1,3,7,6412.44,14,0.05,NORMAL_REPEATED_ACTIVITY
L05_001586,339,TRANSFER,911.26,C2095231123,18225.22,17313.96,C_LEGIT_104350958,0.0,911.26,0,0,L05_00227,LEGITIMATE_MULTIPLE_SMALL_TRANSACTIONS,None - repeated small transactions within normal behavioral range,NONE,1,4,7,6412.44,3,0.05,NORMAL_REPEATED_ACTIVITY
L05_001587,349,TRANSFER,865.7,C2095231123,17313.96,16448.26,C_LEGIT_456383761,0.0,865.7,0,0,L05_00227,LEGITIMATE_MULTIPLE_SMALL_TRANSACTIONS,None - repeated small transactions within normal behavioral range,NONE,1,5,7,6412.44,10,0.05,NORMAL_REPEATED_ACTIVITY
L05_001588,366,TRANSFER,822.41,C2095231123,16448.26,15625.85,C_LEGIT_631663024,0.0,822.41,0,0,L05_00227,LEGITIMATE_MULTIPLE_SMALL_TRANSACTIONS,None - repeated small transactions within normal behavioral range,NONE,1,6,7,6412.44,17,0.05,NORMAL_REPEATED_ACTIVITY
L05_001589,391,TRANSFER,781.29,C2095231123,15625.85,14844.56,C_LEGIT_651191195,0.0,781.29,0,0,L05_00227,LEGITIMATE_MULTIPLE_SMALL_TRANSACTIONS,None - repeated small transactions within normal behavioral range,NONE,1,7,7,6412.44,25,0.05,NORMAL_REPEATED_ACTIVITY
L05_001590,402,TRANSFER,1060.35,C2041975745,21207.0,20146.65,C_LEGIT_902343499,0.0,1060.35,0,0,L05_00228,LEGITIMATE_MULTIPLE_SMALL_TRANSACTIONS,None - repeated small transactions within normal behavioral range,NONE,1,1,7,6397.36,0,0.05,NORMAL_REPEATED_ACTIVITY
L05_001591,421,TRANSFER,1007.33,C2041975745,20146.65,19139.32,C_LEGIT_644474988,0.0,1007.33,0,0,L05_00228,LEGITIMATE_MULTIPLE_SMALL_TRANSACTIONS,None - repeated small transactions within normal behavioral range,NONE,1,2,7,6397.36,19,0.05,NORMAL_REPEATED_ACTIVITY
L05_001592,429,TRANSFER,956.97,C2041975745,19139.32,18182.35,C_LEGIT_466695959,0.0,956.97,0,0,L05_00228,LEGITIMATE_MULTIPLE_SMALL_TRANSACTIONS,None - repeated small transactions within normal behavioral range,NONE,1,3,7,6397.36,8,0.05,NORMAL_REPEATED_ACTIVITY
L05_001593,431,TRANSFER,909.12,C2041975745,18182.35,17273.23,C_LEGIT_545287768,0.0,909.12,0,0,L05_00228,LEGITIMATE_MULTIPLE_SMALL_TRANSACTIONS,None - repeated small transactions within normal behavioral range,NONE,1,4,7,6397.36,2,0.05,NORMAL_REPEATED_ACTIVITY
L05_001594,438,TRANSFER,863.66,C2041975745,17273.23,16409.57,C_LEGIT_375437649,0.0,863.66,0,0,L05_00228,LEGITIMATE_MULTIPLE_SMALL_TRANSACTIONS,None - repeated small transactions within normal behavioral range,NONE,1,5,7,6397.36,7,0.05,NORMAL_REPEATED_ACTIVITY
L05_001595,440,TRANSFER,820.48,C2041975745,16409.57,15589.09,C_LEGIT_593769794,0.0,820.48,0,0,L05_00228,LEGITIMATE_MULTIPLE_SMALL_TRANSACTIONS,None - repeated small transactions within normal behavioral range,NONE,1,6,7,6397.36,2,0.05,NORMAL_REPEATED_ACTIVITY
L05_001596,449,TRANSFER,779.45,C2041975745,15589.09,14809.64,C_LEGIT_936569988,0.0,779.45,0,0,L05_00228,LEGITIMATE_MULTIPLE_SMALL_TRANSACTIONS,None - repeated small transactions within normal behavioral range,NONE,1,7,7,6397.36,9,0.05,NORMAL_REPEATED_ACTIVITY
L05_001597,423,TRANSFER,2582.45,C40590407,51649.0,49066.55,C_LEGIT_882278350,0.0,2582.45,0,0,L05_00229,LEGITIMATE_MULTIPLE_SMALL_TRANSACTIONS,None - repeated small transactions within normal behavioral range,NONE,1,1,7,15580.58,0,0.05,NORMAL_REPEATED_ACTIVITY
L05_001598,445,TRANSFER,2453.33,C40590407,49066.55,46613.22,C_LEGIT_281938807,0.0,2453.33,0,0,L05_00229,LEGITIMATE_MULTIPLE_SMALL_TRANSACTIONS,None - repeated small transactions within normal behavioral range,NONE,1,2,7,15580.58,22,0.05,NORMAL_REPEATED_ACTIVITY
L05_001599,472,TRANSFER,2330.66,C40590407,46613.22,44282.56,C_LEGIT_792694558,0.0,2330.66,0,0,L05_00229,LEGITIMATE_MULTIPLE_SMALL_TRANSACTIONS,None - repeated small transactions within normal behavioral range,NONE,1,3,7,15580.58,27,0.05,NORMAL_REPEATED_ACTIVITY
L05_001600,475,TRANSFER,2214.13,C40590407,44282.56,42068.43,C_LEGIT_372794838,0.0,2214.13,0,0,L05_00229,LEGITIMATE_MULTIPLE_SMALL_TRANSACTIONS,None - repeated small transactions within normal behavioral range,NONE,1,4,7,15580.58,3,0.05,NORMAL_REPEATED_ACTIVITY
L05_001601,479,TRANSFER,2103.42,C40590407,42068.43,39965.01,C_LEGIT_752764203,0.0,2103.42,0,0,L05_00229,LEGITIMATE_MULTIPLE_SMALL_TRANSACTIONS,None - repeated small transactions within normal behavioral range,NONE,1,5,7,15580.58,4,0.05,NORMAL_REPEATED_ACTIVITY
L05_001602,486,TRANSFER,1998.25,C40590407,39965.01,37966.76,C_LEGIT_674722881,0.0,1998.25,0,0,L05_00229,LEGITIMATE_MULTIPLE_SMALL_TRANSACTIONS,None - repeated small transactions within normal behavioral range,NONE,1,6,7,15580.58,7,0.05,NORMAL_REPEATED_ACTIVITY
L05_001603,494,TRANSFER,1898.34,C40590407,37966.76,36068.42,C_LEGIT_696310200,0.0,1898.34,0,0,L05_00229,LEGITIMATE_MULTIPLE_SMALL_TRANSACTIONS,None - repeated small transactions within normal behavioral range,NONE,1,7,7,15580.58,8,0.05,NORMAL_REPEATED_ACTIVITY
L05_001604,369,TRANSFER,3549.74,C1923604063,70994.84,67445.1,C_LEGIT_160533167,0.0,3549.74,0,0,L05_00230,LEGITIMATE_MULTIPLE_SMALL_TRANSACTIONS,None - repeated small transactions within normal behavioral range,NONE,1,1,7,21416.49,0,0.05,NORMAL_REPEATED_ACTIVITY
L05_001605,373,TRANSFER,3372.25,C1923604063,67445.1,64072.85,C_LEGIT_657513767,0.0,3372.25,0,0,L05_00230,LEGITIMATE_MULTIPLE_SMALL_TRANSACTIONS,None - repeated small transactions within normal behavioral range,NONE,1,2,7,21416.49,4,0.05,NORMAL_REPEATED_ACTIVITY
L05_001606,392,TRANSFER,3203.64,C1923604063,64072.85,60869.21,C_LEGIT_768152708,0.0,3203.64,0,0,L05_00230,LEGITIMATE_MULTIPLE_SMALL_TRANSACTIONS,None - repeated small transactions within normal behavioral range,NONE,1,3,7,21416.49,19,0.05,NORMAL_REPEATED_ACTIVITY
L05_001607,422,TRANSFER,3043.46,C1923604063,60869.21,57825.75,C_LEGIT_470775561,0.0,3043.46,0,0,L05_00230,LEGITIMATE_MULTIPLE_SMALL_TRANSACTIONS,None - repeated small transactions within normal behavioral range,NONE,1,4,7,21416.49,30,0.05,NORMAL_REPEATED_ACTIVITY
L05_001608,424,TRANSFER,2891.29,C1923604063,57825.75,54934.46,C_LEGIT_164566785,0.0,2891.29,0,0,L05_00230,LEGITIMATE_MULTIPLE_SMALL_TRANSACTIONS,None - repeated small transactions within normal behavioral range,NONE,1,5,7,21416.49,2,0.05,NORMAL_REPEATED_ACTIVITY
L05_001609,428,TRANSFER,2746.72,C1923604063,54934.46,52187.74,C_LEGIT_667768620,0.0,2746.72,0,0,L05_00230,LEGITIMATE_MULTIPLE_SMALL_TRANSACTIONS,None - repeated small transactions within normal behavioral range,NONE,1,6,7,21416.49,4,0.05,NORMAL_REPEATED_ACTIVITY
L05_001610,453,TRANSFER,2609.39,C1923604063,52187.74,49578.35,C_LEGIT_880309361,0.0,2609.39,0,0,L05_00230,LEGITIMATE_MULTIPLE_SMALL_TRANSACTIONS,None - repeated small transactions within normal behavioral range,NONE,1,7,7,21416.49,25,0.05,NORMAL_REPEATED_ACTIVITY
L05_001611,252,TRANSFER,5063.45,C201472543,101269.0,96205.55,C_LEGIT_407100228,0.0,5063.45,0,0,L05_00231,LEGITIMATE_MULTIPLE_SMALL_TRANSACTIONS,None - repeated small transactions within normal behavioral range,NONE,1,1,7,30549.08,0,0.05,NORMAL_REPEATED_ACTIVITY
L05_001612,260,TRANSFER,4810.28,C201472543,96205.55,91395.27,C_LEGIT_484389079,0.0,4810.28,0,0,L05_00231,LEGITIMATE_MULTIPLE_SMALL_TRANSACTIONS,None - repeated small transactions within normal behavioral range,NONE,1,2,7,30549.08,8,0.05,NORMAL_REPEATED_ACTIVITY
L05_001613,263,TRANSFER,4569.76,C201472543,91395.27,86825.51,C_LEGIT_703274269,0.0,4569.76,0,0,L05_00231,LEGITIMATE_MULTIPLE_SMALL_TRANSACTIONS,None - repeated small transactions within normal behavioral range,NONE,1,3,7,30549.08,3,0.05,NORMAL_REPEATED_ACTIVITY
L05_001614,284,TRANSFER,4341.28,C201472543,86825.51,82484.23,C_LEGIT_463297971,0.0,4341.28,0,0,L05_00231,LEGITIMATE_MULTIPLE_SMALL_TRANSACTIONS,None - repeated small transactions within normal behavioral range,NONE,1,4,7,30549.08,21,0.05,NORMAL_REPEATED_ACTIVITY
L05_001615,286,TRANSFER,4124.21,C201472543,82484.23,78360.02,C_LEGIT_709981887,0.0,4124.21,0,0,L05_00231,LEGITIMATE_MULTIPLE_SMALL_TRANSACTIONS,None - repeated small transactions within normal behavioral range,NONE,1,5,7,30549.08,2,0.05,NORMAL_REPEATED_ACTIVITY
L05_001616,299,TRANSFER,3918.0,C201472543,78360.02,74442.02,C_LEGIT_116392221,0.0,3918.0,0,0,L05_00231,LEGITIMATE_MULTIPLE_SMALL_TRANSACTIONS,None - repeated small transactions within normal behavioral range,NONE,1,6,7,30549.08,13,0.05,NORMAL_REPEATED_ACTIVITY
L05_001617,306,TRANSFER,3722.1,C201472543,74442.02,70719.92,C_LEGIT_228235115,0.0,3722.1,0,0,L05_00231,LEGITIMATE_MULTIPLE_SMALL_TRANSACTIONS,None - repeated small transactions within normal behavioral range,NONE,1,7,7,30549.08,7,0.05,NORMAL_REPEATED_ACTIVITY
L05_001618,316,TRANSFER,618.2,C1448137174,12364.0,11745.8,C_LEGIT_805616004,0.0,618.2,0,0,L05_00232,LEGITIMATE_MULTIPLE_SMALL_TRANSACTIONS,None - repeated small transactions within normal behavioral range,NONE,1,1,7,3729.76,0,0.05,NORMAL_REPEATED_ACTIVITY
L05_001619,324,TRANSFER,587.29,C1448137174,11745.8,11158.51,C_LEGIT_915306397,0.0,587.29,0,0,L05_00232,LEGITIMATE_MULTIPLE_SMALL_TRANSACTIONS,None - repeated small transactions within normal behavioral range,NONE,1,2,7,3729.76,8,0.05,NORMAL_REPEATED_ACTIVITY
L05_001620,334,TRANSFER,557.93,C1448137174,11158.51,10600.58,C_LEGIT_713700260,0.0,557.93,0,0,L05_00232,LEGITIMATE_MULTIPLE_SMALL_TRANSACTIONS,None - repeated small transactions within normal behavioral range,NONE,1,3,7,3729.76,10,0.05,NORMAL_REPEATED_ACTIVITY
L05_001621,348,TRANSFER,530.03,C1448137174,10600.58,10070.55,C_LEGIT_919765566,0.0,530.03,0,0,L05_00232,LEGITIMATE_MULTIPLE_SMALL_TRANSACTIONS,None - repeated small transactions within normal behavioral range,NONE,1,4,7,3729.76,14,0.05,NORMAL_REPEATED_ACTIVITY
L05_001622,355,TRANSFER,503.53,C1448137174,10070.55,9567.02,C_LEGIT_819122878,0.0,503.53,0,0,L05_00232,LEGITIMATE_MULTIPLE_SMALL_TRANSACTIONS,None - repeated small transactions within normal behavioral range,NONE,1,5,7,3729.76,7,0.05,NORMAL_REPEATED_ACTIVITY
L05_001623,375,TRANSFER,478.35,C1448137174,9567.02,9088.67,C_LEGIT_527750264,0.0,478.35,0,0,L05_00232,LEGITIMATE_MULTIPLE_SMALL_TRANSACTIONS,None - repeated small transactions within normal behavioral range,NONE,1,6,7,3729.76,20,0.05,NORMAL_REPEATED_ACTIVITY
L05_001624,394,TRANSFER,454.43,C1448137174,9088.67,8634.24,C_LEGIT_814830194,0.0,454.43,0,0,L05_00232,LEGITIMATE_MULTIPLE_SMALL_TRANSACTIONS,None - repeated small transactions within normal behavioral range,NONE,1,7,7,3729.76,19,0.05,NORMAL_REPEATED_ACTIVITY
L05_001625,192,TRANSFER,576.7,C874254569,11534.0,10957.3,C_LEGIT_467518306,0.0,576.7,0,0,L05_00233,LEGITIMATE_MULTIPLE_SMALL_TRANSACTIONS,None - repeated small transactions within normal behavioral range,NONE,1,1,7,3479.39,0,0.05,NORMAL_REPEATED_ACTIVITY
L05_001626,201,TRANSFER,547.87,C874254569,10957.3,10409.43,C_LEGIT_851777344,0.0,547.87,0,0,L05_00233,LEGITIMATE_MULTIPLE_SMALL_TRANSACTIONS,None - repeated small transactions within normal behavioral range,NONE,1,2,7,3479.39,9,0.05,NORMAL_REPEATED_ACTIVITY
L05_001627,229,TRANSFER,520.47,C874254569,10409.43,9888.96,C_LEGIT_775260887,0.0,520.47,0,0,L05_00233,LEGITIMATE_MULTIPLE_SMALL_TRANSACTIONS,None - repeated small transactions within normal behavioral range,NONE,1,3,7,3479.39,28,0.05,NORMAL_REPEATED_ACTIVITY
L05_001628,233,TRANSFER,494.45,C874254569,9888.96,9394.51,C_LEGIT_238529430,0.0,494.45,0,0,L05_00233,LEGITIMATE_MULTIPLE_SMALL_TRANSACTIONS,None - repeated small transactions within normal behavioral range,NONE,1,4,7,3479.39,4,0.05,NORMAL_REPEATED_ACTIVITY
L05_001629,238,TRANSFER,469.73,C874254569,9394.51,8924.78,C_LEGIT_483183336,0.0,469.73,0,0,L05_00233,LEGITIMATE_MULTIPLE_SMALL_TRANSACTIONS,None - repeated small transactions within normal behavioral range,NONE,1,5,7,3479.39,5,0.05,NORMAL_REPEATED_ACTIVITY
L05_001630,252,TRANSFER,446.24,C874254569,8924.78,8478.54,C_LEGIT_288260672,0.0,446.24,0,0,L05_00233,LEGITIMATE_MULTIPLE_SMALL_TRANSACTIONS,None - repeated small transactions within normal behavioral range,NONE,1,6,7,3479.39,14,0.05,NORMAL_REPEATED_ACTIVITY
L05_001631,256,TRANSFER,423.93,C874254569,8478.54,8054.61,C_LEGIT_922874109,0.0,423.93,0,0,L05_00233,LEGITIMATE_MULTIPLE_SMALL_TRANSACTIONS,None - repeated small transactions within normal behavioral range,NONE,1,7,7,3479.39,4,0.05,NORMAL_REPEATED_ACTIVITY
L05_001632,369,TRANSFER,28755.77,C1423188652,575115.35,546359.58,C_LEGIT_671045432,0.0,28755.77,0,0,L05_00234,LEGITIMATE_MULTIPLE_SMALL_TRANSACTIONS,None - repeated small transactions within normal behavioral range,NONE,1,1,7,173490.85,0,0.05,NORMAL_REPEATED_ACTIVITY
L05_001633,392,TRANSFER,27317.98,C1423188652,546359.58,519041.6,C_LEGIT_663318318,0.0,27317.98,0,0,L05_00234,LEGITIMATE_MULTIPLE_SMALL_TRANSACTIONS,None - repeated small transactions within normal behavioral range,NONE,1,2,7,173490.85,23,0.05,NORMAL_REPEATED_ACTIVITY
L05_001634,395,TRANSFER,25952.08,C1423188652,519041.6,493089.52,C_LEGIT_281730487,0.0,25952.08,0,0,L05_00234,LEGITIMATE_MULTIPLE_SMALL_TRANSACTIONS,None - repeated small transactions within normal behavioral range,NONE,1,3,7,173490.85,3,0.05,NORMAL_REPEATED_ACTIVITY
L05_001635,419,TRANSFER,24654.48,C1423188652,493089.52,468435.04,C_LEGIT_975028497,0.0,24654.48,0,0,L05_00234,LEGITIMATE_MULTIPLE_SMALL_TRANSACTIONS,None - repeated small transactions within normal behavioral range,NONE,1,4,7,173490.85,24,0.05,NORMAL_REPEATED_ACTIVITY
L05_001636,426,TRANSFER,23421.75,C1423188652,468435.04,445013.29,C_LEGIT_821467880,0.0,23421.75,0,0,L05_00234,LEGITIMATE_MULTIPLE_SMALL_TRANSACTIONS,None - repeated small transactions within normal behavioral range,NONE,1,5,7,173490.85,7,0.05,NORMAL_REPEATED_ACTIVITY
L05_001637,443,TRANSFER,22250.66,C1423188652,445013.29,422762.63,C_LEGIT_678533728,0.0,22250.66,0,0,L05_00234,LEGITIMATE_MULTIPLE_SMALL_TRANSACTIONS,None - repeated small transactions within normal behavioral range,NONE,1,6,7,173490.85,17,0.05,NORMAL_REPEATED_ACTIVITY
L05_001638,445,TRANSFER,21138.13,C1423188652,422762.63,401624.5,C_LEGIT_134317286,0.0,21138.13,0,0,L05_00234,LEGITIMATE_MULTIPLE_SMALL_TRANSACTIONS,None - repeated small transactions within normal behavioral range,NONE,1,7,7,173490.85,2,0.05,NORMAL_REPEATED_ACTIVITY
L05_001639,651,TRANSFER,532.2,C1841215851,10644.0,10111.8,C_LEGIT_202349343,0.0,532.2,0,0,L05_00235,LEGITIMATE_MULTIPLE_SMALL_TRANSACTIONS,None - repeated small transactions within normal behavioral range,NONE,1,1,7,3210.91,0,0.05,NORMAL_REPEATED_ACTIVITY
L05_001640,667,TRANSFER,505.59,C1841215851,10111.8,9606.21,C_LEGIT_133329266,0.0,505.59,0,0,L05_00235,LEGITIMATE_MULTIPLE_SMALL_TRANSACTIONS,None - repeated small transactions within normal behavioral range,NONE,1,2,7,3210.91,16,0.05,NORMAL_REPEATED_ACTIVITY
L05_001641,686,TRANSFER,480.31,C1841215851,9606.21,9125.9,C_LEGIT_961704682,0.0,480.31,0,0,L05_00235,LEGITIMATE_MULTIPLE_SMALL_TRANSACTIONS,None - repeated small transactions within normal behavioral range,NONE,1,3,7,3210.91,19,0.05,NORMAL_REPEATED_ACTIVITY
L05_001642,690,TRANSFER,456.3,C1841215851,9125.9,8669.6,C_LEGIT_905946542,0.0,456.3,0,0,L05_00235,LEGITIMATE_MULTIPLE_SMALL_TRANSACTIONS,None - repeated small transactions within normal behavioral range,NONE,1,4,7,3210.91,4,0.05,NORMAL_REPEATED_ACTIVITY
L05_001643,691,TRANSFER,433.48,C1841215851,8669.6,8236.12,C_LEGIT_815727670,0.0,433.48,0,0,L05_00235,LEGITIMATE_MULTIPLE_SMALL_TRANSACTIONS,None - repeated small transactions within normal behavioral range,NONE,1,5,7,3210.91,1,0.05,NORMAL_REPEATED_ACTIVITY
L05_001644,711,TRANSFER,411.81,C1841215851,8236.12,7824.31,C_LEGIT_341891008,0.0,411.81,0,0,L05_00235,LEGITIMATE_MULTIPLE_SMALL_TRANSACTIONS,None - repeated small transactions within normal behavioral range,NONE,1,6,7,3210.91,20,0.05,NORMAL_REPEATED_ACTIVITY
L05_001645,739,TRANSFER,391.22,C1841215851,7824.31,7433.09,C_LEGIT_769106652,0.0,391.22,0,0,L05_00235,LEGITIMATE_MULTIPLE_SMALL_TRANSACTIONS,None - repeated small transactions within normal behavioral range,NONE,1,7,7,3210.91,28,0.05,NORMAL_REPEATED_ACTIVITY
L05_001646,256,TRANSFER,5978.0,C1806286831,249439.1,243461.1,C_LEGIT_971662585,0.0,5978.0,0,0,L05_00236,LEGITIMATE_MULTIPLE_SMALL_TRANSACTIONS,None - repeated small transactions within normal behavioral range,NONE,1,1,7,48900.59,0,0.024,NORMAL_REPEATED_ACTIVITY
L05_001647,289,TRANSFER,5930.67,C1806286831,243461.1,237530.43,C_LEGIT_118687994,0.0,5930.67,0,0,L05_00236,LEGITIMATE_MULTIPLE_SMALL_TRANSACTIONS,None - repeated small transactions within normal behavioral range,NONE,1,2,7,48900.59,33,0.0244,NORMAL_REPEATED_ACTIVITY
L05_001648,301,TRANSFER,6557.03,C1806286831,237530.43,230973.4,C_LEGIT_179363940,0.0,6557.03,0,0,L05_00236,LEGITIMATE_MULTIPLE_SMALL_TRANSACTIONS,None - repeated small transactions within normal behavioral range,NONE,1,3,7,48900.59,12,0.0276,NORMAL_REPEATED_ACTIVITY
L05_001649,303,TRANSFER,8810.87,C1806286831,230973.4,222162.53,C_LEGIT_684377476,0.0,8810.87,0,0,L05_00236,LEGITIMATE_MULTIPLE_SMALL_TRANSACTIONS,None - repeated small transactions within normal behavioral range,NONE,1,4,7,48900.59,2,0.0381,NORMAL_REPEATED_ACTIVITY
L05_001650,327,TRANSFER,7238.67,C1806286831,222162.53,214923.86,C_LEGIT_598823655,0.0,7238.67,0,0,L05_00236,LEGITIMATE_MULTIPLE_SMALL_TRANSACTIONS,None - repeated small transactions within normal behavioral range,NONE,1,5,7,48900.59,24,0.0326,NORMAL_REPEATED_ACTIVITY
L05_001651,336,TRANSFER,6654.72,C1806286831,214923.86,208269.14,C_LEGIT_291424013,0.0,6654.72,0,0,L05_00236,LEGITIMATE_MULTIPLE_SMALL_TRANSACTIONS,None - repeated small transactions within normal behavioral range,NONE,1,6,7,48900.59,9,0.031,NORMAL_REPEATED_ACTIVITY
L05_001652,347,TRANSFER,7730.63,C1806286831,208269.14,200538.51,C_LEGIT_768452051,0.0,7730.63,0,0,L05_00236,LEGITIMATE_MULTIPLE_SMALL_TRANSACTIONS,None - repeated small transactions within normal behavioral range,NONE,1,7,7,48900.59,11,0.0371,NORMAL_REPEATED_ACTIVITY
L05_001653,181,TRANSFER,204675.06,C707929386,9391377.89,9186702.83,C_LEGIT_105938946,0.0,204675.06,0,0,L05_00237,LEGITIMATE_MULTIPLE_SMALL_TRANSACTIONS,None - repeated small transactions within normal behavioral range,NONE,1,1,7,1295950.63,0,0.0218,NORMAL_REPEATED_ACTIVITY
L05_001654,189,TRANSFER,204675.06,C707929386,9186702.83,8982027.77,C_LEGIT_858118109,0.0,204675.06,0,0,L05_00237,LEGITIMATE_MULTIPLE_SMALL_TRANSACTIONS,None - repeated small transactions within normal behavioral range,NONE,1,2,7,1295950.63,8,0.0223,NORMAL_REPEATED_ACTIVITY
L05_001655,191,TRANSFER,204675.06,C707929386,8982027.77,8777352.71,C_LEGIT_980728700,0.0,204675.06,0,0,L05_00237,LEGITIMATE_MULTIPLE_SMALL_TRANSACTIONS,None - repeated small transactions within normal behavioral range,NONE,1,3,7,1295950.63,2,0.0228,NORMAL_REPEATED_ACTIVITY
L05_001656,205,TRANSFER,178446.16,C707929386,8777352.71,8598906.55,C_LEGIT_351260141,0.0,178446.16,0,0,L05_00237,LEGITIMATE_MULTIPLE_SMALL_TRANSACTIONS,None - repeated small transactions within normal behavioral range,NONE,1,4,7,1295950.63,14,0.0203,NORMAL_REPEATED_ACTIVITY
L05_001657,209,TRANSFER,153900.51,C707929386,8598906.55,8445006.04,C_LEGIT_692819237,0.0,153900.51,0,0,L05_00237,LEGITIMATE_MULTIPLE_SMALL_TRANSACTIONS,None - repeated small transactions within normal behavioral range,NONE,1,5,7,1295950.63,4,0.0179,NORMAL_REPEATED_ACTIVITY
L05_001658,219,TRANSFER,201345.16,C707929386,8445006.04,8243660.88,C_LEGIT_293351870,0.0,201345.16,0,0,L05_00237,LEGITIMATE_MULTIPLE_SMALL_TRANSACTIONS,None - repeated small transactions within normal behavioral range,NONE,1,6,7,1295950.63,10,0.0238,NORMAL_REPEATED_ACTIVITY
L05_001659,232,TRANSFER,148233.62,C707929386,8243660.88,8095427.26,C_LEGIT_140543541,0.0,148233.62,0,0,L05_00237,LEGITIMATE_MULTIPLE_SMALL_TRANSACTIONS,None - repeated small transactions within normal behavioral range,NONE,1,7,7,1295950.63,13,0.018,NORMAL_REPEATED_ACTIVITY
L05_001660,413,TRANSFER,31725.86,C2074464916,634517.17,602791.31,C_LEGIT_561506991,0.0,31725.86,0,0,L05_00238,LEGITIMATE_MULTIPLE_SMALL_TRANSACTIONS,None - repeated small transactions within normal behavioral range,NONE,1,1,7,191410.17,0,0.05,NORMAL_REPEATED_ACTIVITY
L05_001661,424,TRANSFER,30139.57,C2074464916,602791.31,572651.74,C_LEGIT_409699386,0.0,30139.57,0,0,L05_00238,LEGITIMATE_MULTIPLE_SMALL_TRANSACTIONS,None - repeated small transactions within normal behavioral range,NONE,1,2,7,191410.17,11,0.05,NORMAL_REPEATED_ACTIVITY
L05_001662,461,TRANSFER,28632.59,C2074464916,572651.74,544019.15,C_LEGIT_205635018,0.0,28632.59,0,0,L05_00238,LEGITIMATE_MULTIPLE_SMALL_TRANSACTIONS,None - repeated small transactions within normal behavioral range,NONE,1,3,7,191410.17,37,0.05,NORMAL_REPEATED_ACTIVITY
L05_001663,463,TRANSFER,27200.96,C2074464916,544019.15,516818.19,C_LEGIT_407931554,0.0,27200.96,0,0,L05_00238,LEGITIMATE_MULTIPLE_SMALL_TRANSACTIONS,None - repeated small transactions within normal behavioral range,NONE,1,4,7,191410.17,2,0.05,NORMAL_REPEATED_ACTIVITY
L05_001664,470,TRANSFER,25840.91,C2074464916,516818.19,490977.28,C_LEGIT_117285261,0.0,25840.91,0,0,L05_00238,LEGITIMATE_MULTIPLE_SMALL_TRANSACTIONS,None - repeated small transactions within normal behavioral range,NONE,1,5,7,191410.17,7,0.05,NORMAL_REPEATED_ACTIVITY
L05_001665,486,TRANSFER,24548.86,C2074464916,490977.28,466428.42,C_LEGIT_140983061,0.0,24548.86,0,0,L05_00238,LEGITIMATE_MULTIPLE_SMALL_TRANSACTIONS,None - repeated small transactions within normal behavioral range,NONE,1,6,7,191410.17,16,0.05,NORMAL_REPEATED_ACTIVITY
L05_001666,496,TRANSFER,23321.42,C2074464916,466428.42,443107.0,C_LEGIT_665094353,0.0,23321.42,0,0,L05_00238,LEGITIMATE_MULTIPLE_SMALL_TRANSACTIONS,None - repeated small transactions within normal behavioral range,NONE,1,7,7,191410.17,10,0.05,NORMAL_REPEATED_ACTIVITY
L05_001667,27,TRANSFER,43536.72,C784444867,1200067.05,1156530.33,C_LEGIT_187250982,0.0,43536.72,0,0,L05_00239,LEGITIMATE_MULTIPLE_SMALL_TRANSACTIONS,None - repeated small transactions within normal behavioral range,NONE,1,1,7,284789.58,0,0.0363,NORMAL_REPEATED_ACTIVITY
L05_001668,31,TRANSFER,35276.11,C784444867,1156530.33,1121254.22,C_LEGIT_182314691,0.0,35276.11,0,0,L05_00239,LEGITIMATE_MULTIPLE_SMALL_TRANSACTIONS,None - repeated small transactions within normal behavioral range,NONE,1,2,7,284789.58,4,0.0305,NORMAL_REPEATED_ACTIVITY
L05_001669,50,TRANSFER,47092.44,C784444867,1121254.22,1074161.78,C_LEGIT_152971555,0.0,47092.44,0,0,L05_00239,LEGITIMATE_MULTIPLE_SMALL_TRANSACTIONS,None - repeated small transactions within normal behavioral range,NONE,1,3,7,284789.58,19,0.042,NORMAL_REPEATED_ACTIVITY
L05_001670,62,TRANSFER,37043.65,C784444867,1074161.78,1037118.13,C_LEGIT_480687086,0.0,37043.65,0,0,L05_00239,LEGITIMATE_MULTIPLE_SMALL_TRANSACTIONS,None - repeated small transactions within normal behavioral range,NONE,1,4,7,284789.58,12,0.0345,NORMAL_REPEATED_ACTIVITY
L05_001671,81,TRANSFER,42944.62,C784444867,1037118.13,994173.51,C_LEGIT_468698247,0.0,42944.62,0,0,L05_00239,LEGITIMATE_MULTIPLE_SMALL_TRANSACTIONS,None - repeated small transactions within normal behavioral range,NONE,1,5,7,284789.58,19,0.0414,NORMAL_REPEATED_ACTIVITY
L05_001672,98,TRANSFER,43634.72,C784444867,994173.51,950538.79,C_LEGIT_550507895,0.0,43634.72,0,0,L05_00239,LEGITIMATE_MULTIPLE_SMALL_TRANSACTIONS,None - repeated small transactions within normal behavioral range,NONE,1,6,7,284789.58,17,0.0439,NORMAL_REPEATED_ACTIVITY
L05_001673,103,TRANSFER,35261.32,C784444867,950538.79,915277.47,C_LEGIT_764802158,0.0,35261.32,0,0,L05_00239,LEGITIMATE_MULTIPLE_SMALL_TRANSACTIONS,None - repeated small transactions within normal behavioral range,NONE,1,7,7,284789.58,5,0.0371,NORMAL_REPEATED_ACTIVITY
L05_001674,313,TRANSFER,200089.05,C1016745740,6755158.37,6555069.32,C_LEGIT_607972745,0.0,200089.05,0,0,L05_00240,LEGITIMATE_MULTIPLE_SMALL_TRANSACTIONS,None - repeated small transactions within normal behavioral range,NONE,1,1,7,1374615.91,0,0.0296,NORMAL_REPEATED_ACTIVITY
L05_001675,317,TRANSFER,203784.64,C1016745740,6555069.32,6351284.68,C_LEGIT_247689702,0.0,203784.64,0,0,L05_00240,LEGITIMATE_MULTIPLE_SMALL_TRANSACTIONS,None - repeated small transactions within normal behavioral range,NONE,1,2,7,1374615.91,4,0.0311,NORMAL_REPEATED_ACTIVITY
L05_001676,326,TRANSFER,204675.06,C1016745740,6351284.68,6146609.62,C_LEGIT_281705985,0.0,204675.06,0,0,L05_00240,LEGITIMATE_MULTIPLE_SMALL_TRANSACTIONS,None - repeated small transactions within normal behavioral range,NONE,1,3,7,1374615.91,9,0.0322,NORMAL_REPEATED_ACTIVITY
L05_001677,335,TRANSFER,180478.45,C1016745740,6146609.62,5966131.17,C_LEGIT_969123571,0.0,180478.45,0,0,L05_00240,LEGITIMATE_MULTIPLE_SMALL_TRANSACTIONS,None - repeated small transactions within normal behavioral range,NONE,1,4,7,1374615.91,9,0.0294,NORMAL_REPEATED_ACTIVITY
L05_001678,347,TRANSFER,204675.06,C1016745740,5966131.17,5761456.11,C_LEGIT_999579862,0.0,204675.06,0,0,L05_00240,LEGITIMATE_MULTIPLE_SMALL_TRANSACTIONS,None - repeated small transactions within normal behavioral range,NONE,1,5,7,1374615.91,12,0.0343,NORMAL_REPEATED_ACTIVITY
L05_001679,349,TRANSFER,176238.59,C1016745740,5761456.11,5585217.52,C_LEGIT_138059658,0.0,176238.59,0,0,L05_00240,LEGITIMATE_MULTIPLE_SMALL_TRANSACTIONS,None - repeated small transactions within normal behavioral range,NONE,1,6,7,1374615.91,2,0.0306,NORMAL_REPEATED_ACTIVITY
L05_001680,351,TRANSFER,204675.06,C1016745740,5585217.52,5380542.46,C_LEGIT_583466074,0.0,204675.06,0,0,L05_00240,LEGITIMATE_MULTIPLE_SMALL_TRANSACTIONS,None - repeated small transactions within normal behavioral range,NONE,1,7,7,1374615.91,2,0.0366,NORMAL_REPEATED_ACTIVITY
L05_001681,162,TRANSFER,66993.72,C539884405,9128970.41,9061976.69,C_LEGIT_884542680,0.0,66993.72,0,0,L05_00241,LEGITIMATE_MULTIPLE_SMALL_TRANSACTIONS,None - repeated small transactions within normal behavioral range,NONE,1,1,7,543561.68,0,0.0073,NORMAL_REPEATED_ACTIVITY
L05_001682,179,TRANSFER,101121.2,C539884405,9061976.69,8960855.49,C_LEGIT_590674048,0.0,101121.2,0,0,L05_00241,LEGITIMATE_MULTIPLE_SMALL_TRANSACTIONS,None - repeated small transactions within normal behavioral range,NONE,1,2,7,543561.68,17,0.0112,NORMAL_REPEATED_ACTIVITY
L05_001683,197,TRANSFER,79733.61,C539884405,8960855.49,8881121.88,C_LEGIT_549035357,0.0,79733.61,0,0,L05_00241,LEGITIMATE_MULTIPLE_SMALL_TRANSACTIONS,None - repeated small transactions within normal behavioral range,NONE,1,3,7,543561.68,18,0.0089,NORMAL_REPEATED_ACTIVITY
L05_001684,205,TRANSFER,86890.14,C539884405,8881121.88,8794231.74,C_LEGIT_427700439,0.0,86890.14,0,0,L05_00241,LEGITIMATE_MULTIPLE_SMALL_TRANSACTIONS,None - repeated small transactions within normal behavioral range,NONE,1,4,7,543561.68,8,0.0098,NORMAL_REPEATED_ACTIVITY
L05_001685,207,TRANSFER,66897.12,C539884405,8794231.74,8727334.62,C_LEGIT_942048221,0.0,66897.12,0,0,L05_00241,LEGITIMATE_MULTIPLE_SMALL_TRANSACTIONS,None - repeated small transactions within normal behavioral range,NONE,1,5,7,543561.68,2,0.0076,NORMAL_REPEATED_ACTIVITY
L05_001686,218,TRANSFER,73276.25,C539884405,8727334.62,8654058.37,C_LEGIT_424656288,0.0,73276.25,0,0,L05_00241,LEGITIMATE_MULTIPLE_SMALL_TRANSACTIONS,None - repeated small transactions within normal behavioral range,NONE,1,6,7,543561.68,11,0.0084,NORMAL_REPEATED_ACTIVITY
L05_001687,232,TRANSFER,68649.64,C539884405,8654058.37,8585408.73,C_LEGIT_582906814,0.0,68649.64,0,0,L05_00241,LEGITIMATE_MULTIPLE_SMALL_TRANSACTIONS,None - repeated small transactions within normal behavioral range,NONE,1,7,7,543561.68,14,0.0079,NORMAL_REPEATED_ACTIVITY
L05_001688,413,TRANSFER,4299.8,C1330002531,85996.0,81696.2,C_LEGIT_243933170,0.0,4299.8,0,0,L05_00242,LEGITIMATE_MULTIPLE_SMALL_TRANSACTIONS,None - repeated small transactions within normal behavioral range,NONE,1,1,7,25941.78,0,0.05,NORMAL_REPEATED_ACTIVITY
L05_001689,432,TRANSFER,4084.81,C1330002531,81696.2,77611.39,C_LEGIT_404274401,0.0,4084.81,0,0,L05_00242,LEGITIMATE_MULTIPLE_SMALL_TRANSACTIONS,None - repeated small transactions within normal behavioral range,NONE,1,2,7,25941.78,19,0.05,NORMAL_REPEATED_ACTIVITY
L05_001690,449,TRANSFER,3880.57,C1330002531,77611.39,73730.82,C_LEGIT_251679760,0.0,3880.57,0,0,L05_00242,LEGITIMATE_MULTIPLE_SMALL_TRANSACTIONS,None - repeated small transactions within normal behavioral range,NONE,1,3,7,25941.78,17,0.05,NORMAL_REPEATED_ACTIVITY
L05_001691,467,TRANSFER,3686.54,C1330002531,73730.82,70044.28,C_LEGIT_373009983,0.0,3686.54,0,0,L05_00242,LEGITIMATE_MULTIPLE_SMALL_TRANSACTIONS,None - repeated small transactions within normal behavioral range,NONE,1,4,7,25941.78,18,0.05,NORMAL_REPEATED_ACTIVITY
L05_001692,470,TRANSFER,3502.21,C1330002531,70044.28,66542.07,C_LEGIT_974159182,0.0,3502.21,0,0,L05_00242,LEGITIMATE_MULTIPLE_SMALL_TRANSACTIONS,None - repeated small transactions within normal behavioral range,NONE,1,5,7,25941.78,3,0.05,NORMAL_REPEATED_ACTIVITY
L05_001693,477,TRANSFER,3327.1,C1330002531,66542.07,63214.97,C_LEGIT_789039939,0.0,3327.1,0,0,L05_00242,LEGITIMATE_MULTIPLE_SMALL_TRANSACTIONS,None - repeated small transactions within normal behavioral range,NONE,1,6,7,25941.78,7,0.05,NORMAL_REPEATED_ACTIVITY
L05_001694,492,TRANSFER,3160.75,C1330002531,63214.97,60054.22,C_LEGIT_137639609,0.0,3160.75,0,0,L05_00242,LEGITIMATE_MULTIPLE_SMALL_TRANSACTIONS,None - repeated small transactions within normal behavioral range,NONE,1,7,7,25941.78,15,0.05,NORMAL_REPEATED_ACTIVITY
L05_001695,272,TRANSFER,1230.55,C583521420,24611.0,23380.45,C_LEGIT_631476233,0.0,1230.55,0,0,L05_00243,LEGITIMATE_MULTIPLE_SMALL_TRANSACTIONS,None - repeated small transactions within normal behavioral range,NONE,1,1,7,7400.5,0,0.05,NORMAL_REPEATED_ACTIVITY
L05_001696,287,TRANSFER,1169.02,C583521420,23380.45,22211.43,C_LEGIT_195581642,0.0,1169.02,0,0,L05_00243,LEGITIMATE_MULTIPLE_SMALL_TRANSACTIONS,None - repeated small transactions within normal behavioral range,NONE,1,2,7,7400.5,15,0.05,NORMAL_REPEATED_ACTIVITY
L05_001697,296,TRANSFER,1110.57,C583521420,22211.43,21100.86,C_LEGIT_597712669,0.0,1110.57,0,0,L05_00243,LEGITIMATE_MULTIPLE_SMALL_TRANSACTIONS,None - repeated small transactions within normal behavioral range,NONE,1,3,7,7400.5,9,0.05,NORMAL_REPEATED_ACTIVITY
L05_001698,297,TRANSFER,1027.38,C583521420,21100.86,20073.48,C_LEGIT_397574659,0.0,1027.38,0,0,L05_00243,LEGITIMATE_MULTIPLE_SMALL_TRANSACTIONS,None - repeated small transactions within normal behavioral range,NONE,1,4,7,7400.5,1,0.0487,NORMAL_REPEATED_ACTIVITY
L05_001699,307,TRANSFER,1003.67,C583521420,20073.48,19069.81,C_LEGIT_607149891,0.0,1003.67,0,0,L05_00243,LEGITIMATE_MULTIPLE_SMALL_TRANSACTIONS,None - repeated small transactions within normal behavioral range,NONE,1,5,7,7400.5,10,0.05,NORMAL_REPEATED_ACTIVITY
L05_001700,326,TRANSFER,953.49,C583521420,19069.81,18116.32,C_LEGIT_775734966,0.0,953.49,0,0,L05_00243,LEGITIMATE_MULTIPLE_SMALL_TRANSACTIONS,None - repeated small transactions within normal behavioral range,NONE,1,6,7,7400.5,19,0.05,NORMAL_REPEATED_ACTIVITY
L05_001701,330,TRANSFER,905.82,C583521420,18116.32,17210.5,C_LEGIT_867734736,0.0,905.82,0,0,L05_00243,LEGITIMATE_MULTIPLE_SMALL_TRANSACTIONS,None - repeated small transactions within normal behavioral range,NONE,1,7,7,7400.5,4,0.05,NORMAL_REPEATED_ACTIVITY
L05_001702,71,TRANSFER,5037.9,C2145989652,100758.0,95720.1,C_LEGIT_339796906,0.0,5037.9,0,0,L05_00244,LEGITIMATE_MULTIPLE_SMALL_TRANSACTIONS,None - repeated small transactions within normal behavioral range,NONE,1,1,7,30394.93,0,0.05,NORMAL_REPEATED_ACTIVITY
L05_001703,99,TRANSFER,4786.01,C2145989652,95720.1,90934.09,C_LEGIT_283940641,0.0,4786.01,0,0,L05_00244,LEGITIMATE_MULTIPLE_SMALL_TRANSACTIONS,None - repeated small transactions within normal behavioral range,NONE,1,2,7,30394.93,28,0.05,NORMAL_REPEATED_ACTIVITY
L05_001704,100,TRANSFER,4546.7,C2145989652,90934.09,86387.39,C_LEGIT_342361796,0.0,4546.7,0,0,L05_00244,LEGITIMATE_MULTIPLE_SMALL_TRANSACTIONS,None - repeated small transactions within normal behavioral range,NONE,1,3,7,30394.93,1,0.05,NORMAL_REPEATED_ACTIVITY
L05_001705,109,TRANSFER,4319.37,C2145989652,86387.39,82068.02,C_LEGIT_921975414,0.0,4319.37,0,0,L05_00244,LEGITIMATE_MULTIPLE_SMALL_TRANSACTIONS,None - repeated small transactions within normal behavioral range,NONE,1,4,7,30394.93,9,0.05,NORMAL_REPEATED_ACTIVITY
L05_001706,113,TRANSFER,4103.4,C2145989652,82068.02,77964.62,C_LEGIT_981722603,0.0,4103.4,0,0,L05_00244,LEGITIMATE_MULTIPLE_SMALL_TRANSACTIONS,None - repeated small transactions within normal behavioral range,NONE,1,5,7,30394.93,4,0.05,NORMAL_REPEATED_ACTIVITY
L05_001707,136,TRANSFER,3898.23,C2145989652,77964.62,74066.39,C_LEGIT_887868822,0.0,3898.23,0,0,L05_00244,LEGITIMATE_MULTIPLE_SMALL_TRANSACTIONS,None - repeated small transactions within normal behavioral range,NONE,1,6,7,30394.93,23,0.05,NORMAL_REPEATED_ACTIVITY
L05_001708,141,TRANSFER,3703.32,C2145989652,74066.39,70363.07,C_LEGIT_632176124,0.0,3703.32,0,0,L05_00244,LEGITIMATE_MULTIPLE_SMALL_TRANSACTIONS,None - repeated small transactions within normal behavioral range,NONE,1,7,7,30394.93,5,0.05,NORMAL_REPEATED_ACTIVITY
L05_001709,386,TRANSFER,15619.25,C1581257487,312385.0,296765.75,C_LEGIT_596515704,0.0,15619.25,0,0,L05_00245,LEGITIMATE_MULTIPLE_SMALL_TRANSACTIONS,None - repeated small transactions within normal behavioral range,NONE,1,1,7,94234.9,0,0.05,NORMAL_REPEATED_ACTIVITY
L05_001710,421,TRANSFER,14838.29,C1581257487,296765.75,281927.46,C_LEGIT_824565921,0.0,14838.29,0,0,L05_00245,LEGITIMATE_MULTIPLE_SMALL_TRANSACTIONS,None - repeated small transactions within normal behavioral range,NONE,1,2,7,94234.9,35,0.05,NORMAL_REPEATED_ACTIVITY
L05_001711,429,TRANSFER,14096.37,C1581257487,281927.46,267831.09,C_LEGIT_118193436,0.0,14096.37,0,0,L05_00245,LEGITIMATE_MULTIPLE_SMALL_TRANSACTIONS,None - repeated small transactions within normal behavioral range,NONE,1,3,7,94234.9,8,0.05,NORMAL_REPEATED_ACTIVITY
L05_001712,437,TRANSFER,13391.55,C1581257487,267831.09,254439.54,C_LEGIT_750586340,0.0,13391.55,0,0,L05_00245,LEGITIMATE_MULTIPLE_SMALL_TRANSACTIONS,None - repeated small transactions within normal behavioral range,NONE,1,4,7,94234.9,8,0.05,NORMAL_REPEATED_ACTIVITY
L05_001713,454,TRANSFER,12721.98,C1581257487,254439.54,241717.56,C_LEGIT_814301203,0.0,12721.98,0,0,L05_00245,LEGITIMATE_MULTIPLE_SMALL_TRANSACTIONS,None - repeated small transactions within normal behavioral range,NONE,1,5,7,94234.9,17,0.05,NORMAL_REPEATED_ACTIVITY
L05_001714,477,TRANSFER,12085.88,C1581257487,241717.56,229631.68,C_LEGIT_399262300,0.0,12085.88,0,0,L05_00245,LEGITIMATE_MULTIPLE_SMALL_TRANSACTIONS,None - repeated small transactions within normal behavioral range,NONE,1,6,7,94234.9,23,0.05,NORMAL_REPEATED_ACTIVITY
L05_001715,479,TRANSFER,11481.58,C1581257487,229631.68,218150.1,C_LEGIT_198479150,0.0,11481.58,0,0,L05_00245,LEGITIMATE_MULTIPLE_SMALL_TRANSACTIONS,None - repeated small transactions within normal behavioral range,NONE,1,7,7,94234.9,2,0.05,NORMAL_REPEATED_ACTIVITY
L05_001716,267,TRANSFER,76523.76,C1149631633,5321016.28,5244492.52,C_LEGIT_777925900,0.0,76523.76,0,0,L05_00246,LEGITIMATE_MULTIPLE_SMALL_TRANSACTIONS,None - repeated small transactions within normal behavioral range,NONE,1,1,7,494245.36,0,0.0144,NORMAL_REPEATED_ACTIVITY
L05_001717,277,TRANSFER,61503.6,C1149631633,5244492.52,5182988.92,C_LEGIT_476752697,0.0,61503.6,0,0,L05_00246,LEGITIMATE_MULTIPLE_SMALL_TRANSACTIONS,None - repeated small transactions within normal behavioral range,NONE,1,2,7,494245.36,10,0.0117,NORMAL_REPEATED_ACTIVITY
L05_001718,282,TRANSFER,69051.34,C1149631633,5182988.92,5113937.58,C_LEGIT_410528564,0.0,69051.34,0,0,L05_00246,LEGITIMATE_MULTIPLE_SMALL_TRANSACTIONS,None - repeated small transactions within normal behavioral range,NONE,1,3,7,494245.36,5,0.0133,NORMAL_REPEATED_ACTIVITY
L05_001719,310,TRANSFER,73930.22,C1149631633,5113937.58,5040007.36,C_LEGIT_889651108,0.0,73930.22,0,0,L05_00246,LEGITIMATE_MULTIPLE_SMALL_TRANSACTIONS,None - repeated small transactions within normal behavioral range,NONE,1,4,7,494245.36,28,0.0145,NORMAL_REPEATED_ACTIVITY
L05_001720,311,TRANSFER,59357.41,C1149631633,5040007.36,4980649.95,C_LEGIT_811389704,0.0,59357.41,0,0,L05_00246,LEGITIMATE_MULTIPLE_SMALL_TRANSACTIONS,None - repeated small transactions within normal behavioral range,NONE,1,5,7,494245.36,1,0.0118,NORMAL_REPEATED_ACTIVITY
L05_001721,316,TRANSFER,78154.36,C1149631633,4980649.95,4902495.59,C_LEGIT_671979274,0.0,78154.36,0,0,L05_00246,LEGITIMATE_MULTIPLE_SMALL_TRANSACTIONS,None - repeated small transactions within normal behavioral range,NONE,1,6,7,494245.36,5,0.0157,NORMAL_REPEATED_ACTIVITY
L05_001722,325,TRANSFER,75724.67,C1149631633,4902495.59,4826770.92,C_LEGIT_927126651,0.0,75724.67,0,0,L05_00246,LEGITIMATE_MULTIPLE_SMALL_TRANSACTIONS,None - repeated small transactions within normal behavioral range,NONE,1,7,7,494245.36,9,0.0154,NORMAL_REPEATED_ACTIVITY
L05_001723,183,TRANSFER,351.15,C342025779,7023.0,6671.85,C_LEGIT_486963634,0.0,351.15,0,0,L05_00247,LEGITIMATE_MULTIPLE_SMALL_TRANSACTIONS,None - repeated small transactions within normal behavioral range,NONE,1,1,7,2118.57,0,0.05,NORMAL_REPEATED_ACTIVITY
L05_001724,208,TRANSFER,333.59,C342025779,6671.85,6338.26,C_LEGIT_606146107,0.0,333.59,0,0,L05_00247,LEGITIMATE_MULTIPLE_SMALL_TRANSACTIONS,None - repeated small transactions within normal behavioral range,NONE,1,2,7,2118.57,25,0.05,NORMAL_REPEATED_ACTIVITY
L05_001725,223,TRANSFER,316.91,C342025779,6338.26,6021.35,C_LEGIT_151066054,0.0,316.91,0,0,L05_00247,LEGITIMATE_MULTIPLE_SMALL_TRANSACTIONS,None - repeated small transactions within normal behavioral range,NONE,1,3,7,2118.57,15,0.05,NORMAL_REPEATED_ACTIVITY
L05_001726,233,TRANSFER,301.07,C342025779,6021.35,5720.28,C_LEGIT_316020853,0.0,301.07,0,0,L05_00247,LEGITIMATE_MULTIPLE_SMALL_TRANSACTIONS,None - repeated small transactions within normal behavioral range,NONE,1,4,7,2118.57,10,0.05,NORMAL_REPEATED_ACTIVITY
L05_001727,236,TRANSFER,286.01,C342025779,5720.28,5434.27,C_LEGIT_698547236,0.0,286.01,0,0,L05_00247,LEGITIMATE_MULTIPLE_SMALL_TRANSACTIONS,None - repeated small transactions within normal behavioral range,NONE,1,5,7,2118.57,3,0.05,NORMAL_REPEATED_ACTIVITY
L05_001728,237,TRANSFER,271.71,C342025779,5434.27,5162.56,C_LEGIT_236572465,0.0,271.71,0,0,L05_00247,LEGITIMATE_MULTIPLE_SMALL_TRANSACTIONS,None - repeated small transactions within normal behavioral range,NONE,1,6,7,2118.57,1,0.05,NORMAL_REPEATED_ACTIVITY
L05_001729,253,TRANSFER,258.13,C342025779,5162.56,4904.43,C_LEGIT_166837957,0.0,258.13,0,0,L05_00247,LEGITIMATE_MULTIPLE_SMALL_TRANSACTIONS,None - repeated small transactions within normal behavioral range,NONE,1,7,7,2118.57,16,0.05,NORMAL_REPEATED_ACTIVITY
L05_001730,383,TRANSFER,86.63,C1182005969,1732.65,1646.02,C_LEGIT_161529278,0.0,86.63,0,0,L05_00248,LEGITIMATE_MULTIPLE_SMALL_TRANSACTIONS,None - repeated small transactions within normal behavioral range,NONE,1,1,7,522.67,0,0.05,NORMAL_REPEATED_ACTIVITY
L05_001731,406,TRANSFER,82.3,C1182005969,1646.02,1563.72,C_LEGIT_748986780,0.0,82.3,0,0,L05_00248,LEGITIMATE_MULTIPLE_SMALL_TRANSACTIONS,None - repeated small transactions within normal behavioral range,NONE,1,2,7,522.67,23,0.05,NORMAL_REPEATED_ACTIVITY
L05_001732,409,TRANSFER,78.19,C1182005969,1563.72,1485.53,C_LEGIT_349255034,0.0,78.19,0,0,L05_00248,LEGITIMATE_MULTIPLE_SMALL_TRANSACTIONS,None - repeated small transactions within normal behavioral range,NONE,1,3,7,522.67,3,0.05,NORMAL_REPEATED_ACTIVITY
L05_001733,418,TRANSFER,74.28,C1182005969,1485.53,1411.25,C_LEGIT_664657427,0.0,74.28,0,0,L05_00248,LEGITIMATE_MULTIPLE_SMALL_TRANSACTIONS,None - repeated small transactions within normal behavioral range,NONE,1,4,7,522.67,9,0.05,NORMAL_REPEATED_ACTIVITY
L05_001734,423,TRANSFER,70.56,C1182005969,1411.25,1340.69,C_LEGIT_340044734,0.0,70.56,0,0,L05_00248,LEGITIMATE_MULTIPLE_SMALL_TRANSACTIONS,None - repeated small transactions within normal behavioral range,NONE,1,5,7,522.67,5,0.05,NORMAL_REPEATED_ACTIVITY
L05_001735,431,TRANSFER,67.03,C1182005969,1340.69,1273.66,C_LEGIT_432236706,0.0,67.03,0,0,L05_00248,LEGITIMATE_MULTIPLE_SMALL_TRANSACTIONS,None - repeated small transactions within normal behavioral range,NONE,1,6,7,522.67,8,0.05,NORMAL_REPEATED_ACTIVITY
L05_001736,452,TRANSFER,63.68,C1182005969,1273.66,1209.98,C_LEGIT_176786315,0.0,63.68,0,0,L05_00248,LEGITIMATE_MULTIPLE_SMALL_TRANSACTIONS,None - repeated small transactions within normal behavioral range,NONE,1,7,7,522.67,21,0.05,NORMAL_REPEATED_ACTIVITY
L05_001737,53,TRANSFER,1494.15,C1541911323,29883.0,28388.85,C_LEGIT_936190561,0.0,1494.15,0,0,L05_00249,LEGITIMATE_MULTIPLE_SMALL_TRANSACTIONS,None - repeated small transactions within normal behavioral range,NONE,1,1,7,9014.58,0,0.05,NORMAL_REPEATED_ACTIVITY
L05_001738,62,TRANSFER,1419.44,C1541911323,28388.85,26969.41,C_LEGIT_913839000,0.0,1419.44,0,0,L05_00249,LEGITIMATE_MULTIPLE_SMALL_TRANSACTIONS,None - repeated small transactions within normal behavioral range,NONE,1,2,7,9014.58,9,0.05,NORMAL_REPEATED_ACTIVITY
L05_001739,77,TRANSFER,1348.47,C1541911323,26969.41,25620.94,C_LEGIT_184203648,0.0,1348.47,0,0,L05_00249,LEGITIMATE_MULTIPLE_SMALL_TRANSACTIONS,None - repeated small transactions within normal behavioral range,NONE,1,3,7,9014.58,15,0.05,NORMAL_REPEATED_ACTIVITY
L05_001740,97,TRANSFER,1281.05,C1541911323,25620.94,24339.89,C_LEGIT_694308263,0.0,1281.05,0,0,L05_00249,LEGITIMATE_MULTIPLE_SMALL_TRANSACTIONS,None - repeated small transactions within normal behavioral range,NONE,1,4,7,9014.58,20,0.05,NORMAL_REPEATED_ACTIVITY
L05_001741,106,TRANSFER,1216.99,C1541911323,24339.89,23122.9,C_LEGIT_445900291,0.0,1216.99,0,0,L05_00249,LEGITIMATE_MULTIPLE_SMALL_TRANSACTIONS,None - repeated small transactions within normal behavioral range,NONE,1,5,7,9014.58,9,0.05,NORMAL_REPEATED_ACTIVITY
L05_001742,118,TRANSFER,1156.14,C1541911323,23122.9,21966.76,C_LEGIT_311701979,0.0,1156.14,0,0,L05_00249,LEGITIMATE_MULTIPLE_SMALL_TRANSACTIONS,None - repeated small transactions within normal behavioral range,NONE,1,6,7,9014.58,12,0.05,NORMAL_REPEATED_ACTIVITY
L05_001743,126,TRANSFER,1098.34,C1541911323,21966.76,20868.42,C_LEGIT_342957459,0.0,1098.34,0,0,L05_00249,LEGITIMATE_MULTIPLE_SMALL_TRANSACTIONS,None - repeated small transactions within normal behavioral range,NONE,1,7,7,9014.58,8,0.05,NORMAL_REPEATED_ACTIVITY
L05_001744,240,TRANSFER,353.05,C91478066,7061.0,6707.95,C_LEGIT_723677855,0.0,353.05,0,0,L05_00250,LEGITIMATE_MULTIPLE_SMALL_TRANSACTIONS,None - repeated small transactions within normal behavioral range,NONE,1,1,7,2130.04,0,0.05,NORMAL_REPEATED_ACTIVITY
L05_001745,256,TRANSFER,335.4,C91478066,6707.95,6372.55,C_LEGIT_350486683,0.0,335.4,0,0,L05_00250,LEGITIMATE_MULTIPLE_SMALL_TRANSACTIONS,None - repeated small transactions within normal behavioral range,NONE,1,2,7,2130.04,16,0.05,NORMAL_REPEATED_ACTIVITY
L05_001746,257,TRANSFER,318.63,C91478066,6372.55,6053.92,C_LEGIT_523930225,0.0,318.63,0,0,L05_00250,LEGITIMATE_MULTIPLE_SMALL_TRANSACTIONS,None - repeated small transactions within normal behavioral range,NONE,1,3,7,2130.04,1,0.05,NORMAL_REPEATED_ACTIVITY
L05_001747,280,TRANSFER,302.7,C91478066,6053.92,5751.22,C_LEGIT_246340604,0.0,302.7,0,0,L05_00250,LEGITIMATE_MULTIPLE_SMALL_TRANSACTIONS,None - repeated small transactions within normal behavioral range,NONE,1,4,7,2130.04,23,0.05,NORMAL_REPEATED_ACTIVITY
L05_001748,282,TRANSFER,287.56,C91478066,5751.22,5463.66,C_LEGIT_990529498,0.0,287.56,0,0,L05_00250,LEGITIMATE_MULTIPLE_SMALL_TRANSACTIONS,None - repeated small transactions within normal behavioral range,NONE,1,5,7,2130.04,2,0.05,NORMAL_REPEATED_ACTIVITY
L05_001749,288,TRANSFER,273.18,C91478066,5463.66,5190.48,C_LEGIT_490759140,0.0,273.18,0,0,L05_00250,LEGITIMATE_MULTIPLE_SMALL_TRANSACTIONS,None - repeated small transactions within normal behavioral range,NONE,1,6,7,2130.04,6,0.05,NORMAL_REPEATED_ACTIVITY
L05_001750,289,TRANSFER,259.52,C91478066,5190.48,4930.96,C_LEGIT_907074981,0.0,259.52,0,0,L05_00250,LEGITIMATE_MULTIPLE_SMALL_TRANSACTIONS,None - repeated small transactions within normal behavioral range,NONE,1,7,7,2130.04,1,0.05,NORMAL_REPEATED_ACTIVITY
L05_001751,22,TRANSFER,2544.35,C30188789,50887.0,48342.65,C_LEGIT_725032770,0.0,2544.35,0,0,L05_00251,LEGITIMATE_MULTIPLE_SMALL_TRANSACTIONS,None - repeated small transactions within normal behavioral range,NONE,1,1,7,15350.71,0,0.05,NORMAL_REPEATED_ACTIVITY
L05_001752,48,TRANSFER,2417.13,C30188789,48342.65,45925.52,C_LEGIT_198447313,0.0,2417.13,0,0,L05_00251,LEGITIMATE_MULTIPLE_SMALL_TRANSACTIONS,None - repeated small transactions within normal behavioral range,NONE,1,2,7,15350.71,26,0.05,NORMAL_REPEATED_ACTIVITY
L05_001753,67,TRANSFER,2296.28,C30188789,45925.52,43629.24,C_LEGIT_229327755,0.0,2296.28,0,0,L05_00251,LEGITIMATE_MULTIPLE_SMALL_TRANSACTIONS,None - repeated small transactions within normal behavioral range,NONE,1,3,7,15350.71,19,0.05,NORMAL_REPEATED_ACTIVITY
L05_001754,71,TRANSFER,2181.46,C30188789,43629.24,41447.78,C_LEGIT_840498458,0.0,2181.46,0,0,L05_00251,LEGITIMATE_MULTIPLE_SMALL_TRANSACTIONS,None - repeated small transactions within normal behavioral range,NONE,1,4,7,15350.71,4,0.05,NORMAL_REPEATED_ACTIVITY
L05_001755,81,TRANSFER,2072.39,C30188789,41447.78,39375.39,C_LEGIT_873227336,0.0,2072.39,0,0,L05_00251,LEGITIMATE_MULTIPLE_SMALL_TRANSACTIONS,None - repeated small transactions within normal behavioral range,NONE,1,5,7,15350.71,10,0.05,NORMAL_REPEATED_ACTIVITY
L05_001756,93,TRANSFER,1968.77,C30188789,39375.39,37406.62,C_LEGIT_166667446,0.0,1968.77,0,0,L05_00251,LEGITIMATE_MULTIPLE_SMALL_TRANSACTIONS,None - repeated small transactions within normal behavioral range,NONE,1,6,7,15350.71,12,0.05,NORMAL_REPEATED_ACTIVITY
L05_001757,97,TRANSFER,1870.33,C30188789,37406.62,35536.29,C_LEGIT_970788875,0.0,1870.33,0,0,L05_00251,LEGITIMATE_MULTIPLE_SMALL_TRANSACTIONS,None - repeated small transactions within normal behavioral range,NONE,1,7,7,15350.71,4,0.05,NORMAL_REPEATED_ACTIVITY
L05_001758,327,TRANSFER,11.0,C1225583736,220.0,209.0,C_LEGIT_616712820,0.0,11.0,0,0,L05_00252,LEGITIMATE_MULTIPLE_SMALL_TRANSACTIONS,None - repeated small transactions within normal behavioral range,NONE,1,1,7,66.37,0,0.05,NORMAL_REPEATED_ACTIVITY
L05_001759,329,TRANSFER,10.45,C1225583736,209.0,198.55,C_LEGIT_384792102,0.0,10.45,0,0,L05_00252,LEGITIMATE_MULTIPLE_SMALL_TRANSACTIONS,None - repeated small transactions within normal behavioral range,NONE,1,2,7,66.37,2,0.05,NORMAL_REPEATED_ACTIVITY
L05_001760,345,TRANSFER,9.93,C1225583736,198.55,188.62,C_LEGIT_597272318,0.0,9.93,0,0,L05_00252,LEGITIMATE_MULTIPLE_SMALL_TRANSACTIONS,None - repeated small transactions within normal behavioral range,NONE,1,3,7,66.37,16,0.05,NORMAL_REPEATED_ACTIVITY
L05_001761,363,TRANSFER,9.43,C1225583736,188.62,179.19,C_LEGIT_572164191,0.0,9.43,0,0,L05_00252,LEGITIMATE_MULTIPLE_SMALL_TRANSACTIONS,None - repeated small transactions within normal behavioral range,NONE,1,4,7,66.37,18,0.05,NORMAL_REPEATED_ACTIVITY
L05_001762,370,TRANSFER,8.96,C1225583736,179.19,170.23,C_LEGIT_368349779,0.0,8.96,0,0,L05_00252,LEGITIMATE_MULTIPLE_SMALL_TRANSACTIONS,None - repeated small transactions within normal behavioral range,NONE,1,5,7,66.37,7,0.05,NORMAL_REPEATED_ACTIVITY
L05_001763,371,TRANSFER,8.51,C1225583736,170.23,161.72,C_LEGIT_620544978,0.0,8.51,0,0,L05_00252,LEGITIMATE_MULTIPLE_SMALL_TRANSACTIONS,None - repeated small transactions within normal behavioral range,NONE,1,6,7,66.37,1,0.05,NORMAL_REPEATED_ACTIVITY
L05_001764,398,TRANSFER,8.09,C1225583736,161.72,153.63,C_LEGIT_139531277,0.0,8.09,0,0,L05_00252,LEGITIMATE_MULTIPLE_SMALL_TRANSACTIONS,None - repeated small transactions within normal behavioral range,NONE,1,7,7,66.37,27,0.05,NORMAL_REPEATED_ACTIVITY
L05_001765,703,TRANSFER,121565.13,C1369089844,7196809.58,7075244.45,C_LEGIT_261648125,0.0,121565.13,0,0,L05_00253,LEGITIMATE_MULTIPLE_SMALL_TRANSACTIONS,None - repeated small transactions within normal behavioral range,NONE,1,1,7,1139244.87,0,0.0169,NORMAL_REPEATED_ACTIVITY
L05_001766,708,TRANSFER,168828.95,C1369089844,7075244.45,6906415.5,C_LEGIT_466678512,0.0,168828.95,0,0,L05_00253,LEGITIMATE_MULTIPLE_SMALL_TRANSACTIONS,None - repeated small transactions within normal behavioral range,NONE,1,2,7,1139244.87,5,0.0239,NORMAL_REPEATED_ACTIVITY
L05_001767,736,TRANSFER,165886.75,C1369089844,6906415.5,6740528.75,C_LEGIT_753077871,0.0,165886.75,0,0,L05_00253,LEGITIMATE_MULTIPLE_SMALL_TRANSACTIONS,None - repeated small transactions within normal behavioral range,NONE,1,3,7,1139244.87,28,0.024,NORMAL_REPEATED_ACTIVITY
L05_001768,744,TRANSFER,178852.53,C1369089844,6740528.75,6561676.22,C_LEGIT_867755701,0.0,178852.53,0,0,L05_00253,LEGITIMATE_MULTIPLE_SMALL_TRANSACTIONS,None - repeated small transactions within normal behavioral range,NONE,1,4,7,1139244.87,8,0.0265,NORMAL_REPEATED_ACTIVITY
L05_001769,749,TRANSFER,133223.71,C1369089844,6561676.22,6428452.51,C_LEGIT_499651783,0.0,133223.71,0,0,L05_00253,LEGITIMATE_MULTIPLE_SMALL_TRANSACTIONS,None - repeated small transactions within normal behavioral range,NONE,1,5,7,1139244.87,5,0.0203,NORMAL_REPEATED_ACTIVITY
L05_001770,776,TRANSFER,177412.54,C1369089844,6428452.51,6251039.97,C_LEGIT_150869851,0.0,177412.54,0,0,L05_00253,LEGITIMATE_MULTIPLE_SMALL_TRANSACTIONS,None - repeated small transactions within normal behavioral range,NONE,1,6,7,1139244.87,27,0.0276,NORMAL_REPEATED_ACTIVITY
L05_001771,780,TRANSFER,193475.26,C1369089844,6251039.97,6057564.71,C_LEGIT_650104100,0.0,193475.26,0,0,L05_00253,LEGITIMATE_MULTIPLE_SMALL_TRANSACTIONS,None - repeated small transactions within normal behavioral range,NONE,1,7,7,1139244.87,4,0.031,NORMAL_REPEATED_ACTIVITY
L05_001772,409,TRANSFER,45.29,C876417335,25426.68,25381.39,C_LEGIT_202235534,0.0,45.29,0,0,L05_00254,LEGITIMATE_MULTIPLE_SMALL_TRANSACTIONS,None - repeated small transactions within normal behavioral range,NONE,1,1,7,370.93,0,0.0018,NORMAL_REPEATED_ACTIVITY
L05_001773,418,TRANSFER,49.74,C876417335,25381.39,25331.65,C_LEGIT_721625980,0.0,49.74,0,0,L05_00254,LEGITIMATE_MULTIPLE_SMALL_TRANSACTIONS,None - repeated small transactions within normal behavioral range,NONE,1,2,7,370.93,9,0.002,NORMAL_REPEATED_ACTIVITY
L05_001774,436,TRANSFER,46.59,C876417335,25331.65,25285.06,C_LEGIT_210999404,0.0,46.59,0,0,L05_00254,LEGITIMATE_MULTIPLE_SMALL_TRANSACTIONS,None - repeated small transactions within normal behavioral range,NONE,1,3,7,370.93,18,0.0018,NORMAL_REPEATED_ACTIVITY
L05_001775,454,TRANSFER,50.15,C876417335,25285.06,25234.91,C_LEGIT_775856310,0.0,50.15,0,0,L05_00254,LEGITIMATE_MULTIPLE_SMALL_TRANSACTIONS,None - repeated small transactions within normal behavioral range,NONE,1,4,7,370.93,18,0.002,NORMAL_REPEATED_ACTIVITY
L05_001776,460,TRANSFER,62.52,C876417335,25234.91,25172.39,C_LEGIT_599804605,0.0,62.52,0,0,L05_00254,LEGITIMATE_MULTIPLE_SMALL_TRANSACTIONS,None - repeated small transactions within normal behavioral range,NONE,1,5,7,370.93,6,0.0025,NORMAL_REPEATED_ACTIVITY
L05_001777,470,TRANSFER,54.5,C876417335,25172.39,25117.89,C_LEGIT_939549515,0.0,54.5,0,0,L05_00254,LEGITIMATE_MULTIPLE_SMALL_TRANSACTIONS,None - repeated small transactions within normal behavioral range,NONE,1,6,7,370.93,10,0.0022,NORMAL_REPEATED_ACTIVITY
L05_001778,480,TRANSFER,62.14,C876417335,25117.89,25055.75,C_LEGIT_998387337,0.0,62.14,0,0,L05_00254,LEGITIMATE_MULTIPLE_SMALL_TRANSACTIONS,None - repeated small transactions within normal behavioral range,NONE,1,7,7,370.93,10,0.0025,NORMAL_REPEATED_ACTIVITY
L05_001779,246,TRANSFER,1229.75,C347825188,24595.0,23365.25,C_LEGIT_884136740,0.0,1229.75,0,0,L05_00255,LEGITIMATE_MULTIPLE_SMALL_TRANSACTIONS,None - repeated small transactions within normal behavioral range,NONE,1,1,7,7419.4,0,0.05,NORMAL_REPEATED_ACTIVITY
L05_001780,248,TRANSFER,1168.26,C347825188,23365.25,22196.99,C_LEGIT_637351607,0.0,1168.26,0,0,L05_00255,LEGITIMATE_MULTIPLE_SMALL_TRANSACTIONS,None - repeated small transactions within normal behavioral range,NONE,1,2,7,7419.4,2,0.05,NORMAL_REPEATED_ACTIVITY
L05_001781,249,TRANSFER,1109.85,C347825188,22196.99,21087.14,C_LEGIT_493232461,0.0,1109.85,0,0,L05_00255,LEGITIMATE_MULTIPLE_SMALL_TRANSACTIONS,None - repeated small transactions within normal behavioral range,NONE,1,3,7,7419.4,1,0.05,NORMAL_REPEATED_ACTIVITY
L05_001782,257,TRANSFER,1054.36,C347825188,21087.14,20032.78,C_LEGIT_684054803,0.0,1054.36,0,0,L05_00255,LEGITIMATE_MULTIPLE_SMALL_TRANSACTIONS,None - repeated small transactions within normal behavioral range,NONE,1,4,7,7419.4,8,0.05,NORMAL_REPEATED_ACTIVITY
L05_001783,276,TRANSFER,1001.64,C347825188,20032.78,19031.14,C_LEGIT_929535679,0.0,1001.64,0,0,L05_00255,LEGITIMATE_MULTIPLE_SMALL_TRANSACTIONS,None - repeated small transactions within normal behavioral range,NONE,1,5,7,7419.4,19,0.05,NORMAL_REPEATED_ACTIVITY
L05_001784,284,TRANSFER,951.56,C347825188,19031.14,18079.58,C_LEGIT_863544179,0.0,951.56,0,0,L05_00255,LEGITIMATE_MULTIPLE_SMALL_TRANSACTIONS,None - repeated small transactions within normal behavioral range,NONE,1,6,7,7419.4,8,0.05,NORMAL_REPEATED_ACTIVITY
L05_001785,323,TRANSFER,903.98,C347825188,18079.58,17175.6,C_LEGIT_346249114,0.0,903.98,0,0,L05_00255,LEGITIMATE_MULTIPLE_SMALL_TRANSACTIONS,None - repeated small transactions within normal behavioral range,NONE,1,7,7,7419.4,39,0.05,NORMAL_REPEATED_ACTIVITY
L05_001786,352,TRANSFER,82540.2,C1911247089,14522889.51,14440349.31,C_LEGIT_401043493,0.0,82540.2,0,0,L05_00256,LEGITIMATE_MULTIPLE_SMALL_TRANSACTIONS,None - repeated small transactions within normal behavioral range,NONE,1,1,7,738053.42,0,0.0057,NORMAL_REPEATED_ACTIVITY
L05_001787,355,TRANSFER,115675.63,C1911247089,14440349.31,14324673.68,C_LEGIT_593568526,0.0,115675.63,0,0,L05_00256,LEGITIMATE_MULTIPLE_SMALL_TRANSACTIONS,None - repeated small transactions within normal behavioral range,NONE,1,2,7,738053.42,3,0.008,NORMAL_REPEATED_ACTIVITY
L05_001788,357,TRANSFER,117580.36,C1911247089,14324673.68,14207093.32,C_LEGIT_108430264,0.0,117580.36,0,0,L05_00256,LEGITIMATE_MULTIPLE_SMALL_TRANSACTIONS,None - repeated small transactions within normal behavioral range,NONE,1,3,7,738053.42,2,0.0082,NORMAL_REPEATED_ACTIVITY
L05_001789,369,TRANSFER,90121.73,C1911247089,14207093.32,14116971.59,C_LEGIT_859026160,0.0,90121.73,0,0,L05_00256,LEGITIMATE_MULTIPLE_SMALL_TRANSACTIONS,None - repeated small transactions within normal behavioral range,NONE,1,4,7,738053.42,12,0.0063,NORMAL_REPEATED_ACTIVITY
L05_001790,402,TRANSFER,117057.26,C1911247089,14116971.59,13999914.33,C_LEGIT_282528047,0.0,117057.26,0,0,L05_00256,LEGITIMATE_MULTIPLE_SMALL_TRANSACTIONS,None - repeated small transactions within normal behavioral range,NONE,1,5,7,738053.42,33,0.0083,NORMAL_REPEATED_ACTIVITY
L05_001791,411,TRANSFER,102752.69,C1911247089,13999914.33,13897161.64,C_LEGIT_254741498,0.0,102752.69,0,0,L05_00256,LEGITIMATE_MULTIPLE_SMALL_TRANSACTIONS,None - repeated small transactions within normal behavioral range,NONE,1,6,7,738053.42,9,0.0073,NORMAL_REPEATED_ACTIVITY
L05_001792,428,TRANSFER,112325.55,C1911247089,13897161.64,13784836.09,C_LEGIT_963839810,0.0,112325.55,0,0,L05_00256,LEGITIMATE_MULTIPLE_SMALL_TRANSACTIONS,None - repeated small transactions within normal behavioral range,NONE,1,7,7,738053.42,17,0.0081,NORMAL_REPEATED_ACTIVITY
L05_001793,167,TRANSFER,10048.22,C1756373960,278214.21,268165.99,C_LEGIT_820188171,0.0,10048.22,0,0,L05_00257,LEGITIMATE_MULTIPLE_SMALL_TRANSACTIONS,None - repeated small transactions within normal behavioral range,NONE,1,1,7,72080.68,0,0.0361,NORMAL_REPEATED_ACTIVITY
L05_001794,188,TRANSFER,12222.52,C1756373960,268165.99,255943.47,C_LEGIT_343120938,0.0,12222.52,0,0,L05_00257,LEGITIMATE_MULTIPLE_SMALL_TRANSACTIONS,None - repeated small transactions within normal behavioral range,NONE,1,2,7,72080.68,21,0.0456,NORMAL_REPEATED_ACTIVITY
L05_001795,225,TRANSFER,8052.12,C1756373960,255943.47,247891.35,C_LEGIT_641096252,0.0,8052.12,0,0,L05_00257,LEGITIMATE_MULTIPLE_SMALL_TRANSACTIONS,None - repeated small transactions within normal behavioral range,NONE,1,3,7,72080.68,37,0.0315,NORMAL_REPEATED_ACTIVITY
L05_001796,240,TRANSFER,8225.89,C1756373960,247891.35,239665.46,C_LEGIT_991350627,0.0,8225.89,0,0,L05_00257,LEGITIMATE_MULTIPLE_SMALL_TRANSACTIONS,None - repeated small transactions within normal behavioral range,NONE,1,4,7,72080.68,15,0.0332,NORMAL_REPEATED_ACTIVITY
L05_001797,241,TRANSFER,11368.3,C1756373960,239665.46,228297.16,C_LEGIT_797184076,0.0,11368.3,0,0,L05_00257,LEGITIMATE_MULTIPLE_SMALL_TRANSACTIONS,None - repeated small transactions within normal behavioral range,NONE,1,5,7,72080.68,1,0.0474,NORMAL_REPEATED_ACTIVITY
L05_001798,244,TRANSFER,11314.5,C1756373960,228297.16,216982.66,C_LEGIT_236551642,0.0,11314.5,0,0,L05_00257,LEGITIMATE_MULTIPLE_SMALL_TRANSACTIONS,None - repeated small transactions within normal behavioral range,NONE,1,6,7,72080.68,3,0.0496,NORMAL_REPEATED_ACTIVITY
L05_001799,250,TRANSFER,10849.13,C1756373960,216982.66,206133.53,C_LEGIT_307741701,0.0,10849.13,0,0,L05_00257,LEGITIMATE_MULTIPLE_SMALL_TRANSACTIONS,None - repeated small transactions within normal behavioral range,NONE,1,7,7,72080.68,6,0.05,NORMAL_REPEATED_ACTIVITY
L05_001800,159,TRANSFER,1007.55,C146251934,20151.0,19143.45,C_LEGIT_219892077,0.0,1007.55,0,0,L05_00258,LEGITIMATE_MULTIPLE_SMALL_TRANSACTIONS,None - repeated small transactions within normal behavioral range,NONE,1,1,7,6078.8,0,0.05,NORMAL_REPEATED_ACTIVITY
L05_001801,164,TRANSFER,957.17,C146251934,19143.45,18186.28,C_LEGIT_442020179,0.0,957.17,0,0,L05_00258,LEGITIMATE_MULTIPLE_SMALL_TRANSACTIONS,None - repeated small transactions within normal behavioral range,NONE,1,2,7,6078.8,5,0.05,NORMAL_REPEATED_ACTIVITY
L05_001802,173,TRANSFER,909.31,C146251934,18186.28,17276.97,C_LEGIT_428349885,0.0,909.31,0,0,L05_00258,LEGITIMATE_MULTIPLE_SMALL_TRANSACTIONS,None - repeated small transactions within normal behavioral range,NONE,1,3,7,6078.8,9,0.05,NORMAL_REPEATED_ACTIVITY
L05_001803,187,TRANSFER,863.85,C146251934,17276.97,16413.12,C_LEGIT_745942371,0.0,863.85,0,0,L05_00258,LEGITIMATE_MULTIPLE_SMALL_TRANSACTIONS,None - repeated small transactions within normal behavioral range,NONE,1,4,7,6078.8,14,0.05,NORMAL_REPEATED_ACTIVITY
L05_001804,192,TRANSFER,820.66,C146251934,16413.12,15592.46,C_LEGIT_722423317,0.0,820.66,0,0,L05_00258,LEGITIMATE_MULTIPLE_SMALL_TRANSACTIONS,None - repeated small transactions within normal behavioral range,NONE,1,5,7,6078.8,5,0.05,NORMAL_REPEATED_ACTIVITY
L05_001805,201,TRANSFER,779.62,C146251934,15592.46,14812.84,C_LEGIT_543024932,0.0,779.62,0,0,L05_00258,LEGITIMATE_MULTIPLE_SMALL_TRANSACTIONS,None - repeated small transactions within normal behavioral range,NONE,1,6,7,6078.8,9,0.05,NORMAL_REPEATED_ACTIVITY
L05_001806,211,TRANSFER,740.64,C146251934,14812.84,14072.2,C_LEGIT_126175045,0.0,740.64,0,0,L05_00258,LEGITIMATE_MULTIPLE_SMALL_TRANSACTIONS,None - repeated small transactions within normal behavioral range,NONE,1,7,7,6078.8,10,0.05,NORMAL_REPEATED_ACTIVITY
L05_001807,186,TRANSFER,50.55,C1136496547,1011.0,960.45,C_LEGIT_601234622,0.0,50.55,0,0,L05_00259,LEGITIMATE_MULTIPLE_SMALL_TRANSACTIONS,None - repeated small transactions within normal behavioral range,NONE,1,1,7,304.98,0,0.05,NORMAL_REPEATED_ACTIVITY
L05_001808,199,TRANSFER,48.02,C1136496547,960.45,912.43,C_LEGIT_987866823,0.0,48.02,0,0,L05_00259,LEGITIMATE_MULTIPLE_SMALL_TRANSACTIONS,None - repeated small transactions within normal behavioral range,NONE,1,2,7,304.98,13,0.05,NORMAL_REPEATED_ACTIVITY
L05_001809,203,TRANSFER,45.62,C1136496547,912.43,866.81,C_LEGIT_167650132,0.0,45.62,0,0,L05_00259,LEGITIMATE_MULTIPLE_SMALL_TRANSACTIONS,None - repeated small transactions within normal behavioral range,NONE,1,3,7,304.98,4,0.05,NORMAL_REPEATED_ACTIVITY
L05_001810,220,TRANSFER,43.34,C1136496547,866.81,823.47,C_LEGIT_147974905,0.0,43.34,0,0,L05_00259,LEGITIMATE_MULTIPLE_SMALL_TRANSACTIONS,None - repeated small transactions within normal behavioral range,NONE,1,4,7,304.98,17,0.05,NORMAL_REPEATED_ACTIVITY
L05_001811,238,TRANSFER,41.17,C1136496547,823.47,782.3,C_LEGIT_136048762,0.0,41.17,0,0,L05_00259,LEGITIMATE_MULTIPLE_SMALL_TRANSACTIONS,None - repeated small transactions within normal behavioral range,NONE,1,5,7,304.98,18,0.05,NORMAL_REPEATED_ACTIVITY
L05_001812,248,TRANSFER,39.12,C1136496547,782.3,743.18,C_LEGIT_433236767,0.0,39.12,0,0,L05_00259,LEGITIMATE_MULTIPLE_SMALL_TRANSACTIONS,None - repeated small transactions within normal behavioral range,NONE,1,6,7,304.98,10,0.05,NORMAL_REPEATED_ACTIVITY
L05_001813,261,TRANSFER,37.16,C1136496547,743.18,706.02,C_LEGIT_395919457,0.0,37.16,0,0,L05_00259,LEGITIMATE_MULTIPLE_SMALL_TRANSACTIONS,None - repeated small transactions within normal behavioral range,NONE,1,7,7,304.98,13,0.05,NORMAL_REPEATED_ACTIVITY
L05_001814,360,TRANSFER,179685.99,C1818442895,8327186.42,8147500.43,C_LEGIT_696163477,0.0,179685.99,0,0,L05_00260,LEGITIMATE_MULTIPLE_SMALL_TRANSACTIONS,None - repeated small transactions within normal behavioral range,NONE,1,1,7,1325056.4,0,0.0216,NORMAL_REPEATED_ACTIVITY
L05_001815,394,TRANSFER,204675.06,C1818442895,8147500.43,7942825.37,C_LEGIT_820714147,0.0,204675.06,0,0,L05_00260,LEGITIMATE_MULTIPLE_SMALL_TRANSACTIONS,None - repeated small transactions within normal behavioral range,NONE,1,2,7,1325056.4,34,0.0251,NORMAL_REPEATED_ACTIVITY
L05_001816,417,TRANSFER,196750.69,C1818442895,7942825.37,7746074.68,C_LEGIT_603690924,0.0,196750.69,0,0,L05_00260,LEGITIMATE_MULTIPLE_SMALL_TRANSACTIONS,None - repeated small transactions within normal behavioral range,NONE,1,3,7,1325056.4,23,0.0248,NORMAL_REPEATED_ACTIVITY
L05_001817,418,TRANSFER,192443.37,C1818442895,7746074.68,7553631.31,C_LEGIT_792929661,0.0,192443.37,0,0,L05_00260,LEGITIMATE_MULTIPLE_SMALL_TRANSACTIONS,None - repeated small transactions within normal behavioral range,NONE,1,4,7,1325056.4,1,0.0248,NORMAL_REPEATED_ACTIVITY
L05_001818,426,TRANSFER,204675.06,C1818442895,7553631.31,7348956.25,C_LEGIT_618338885,0.0,204675.06,0,0,L05_00260,LEGITIMATE_MULTIPLE_SMALL_TRANSACTIONS,None - repeated small transactions within normal behavioral range,NONE,1,5,7,1325056.4,8,0.0271,NORMAL_REPEATED_ACTIVITY
L05_001819,432,TRANSFER,150668.08,C1818442895,7348956.25,7198288.17,C_LEGIT_891229610,0.0,150668.08,0,0,L05_00260,LEGITIMATE_MULTIPLE_SMALL_TRANSACTIONS,None - repeated small transactions within normal behavioral range,NONE,1,6,7,1325056.4,6,0.0205,NORMAL_REPEATED_ACTIVITY
L05_001820,442,TRANSFER,196158.15,C1818442895,7198288.17,7002130.02,C_LEGIT_511139824,0.0,196158.15,0,0,L05_00260,LEGITIMATE_MULTIPLE_SMALL_TRANSACTIONS,None - repeated small transactions within normal behavioral range,NONE,1,7,7,1325056.4,10,0.0273,NORMAL_REPEATED_ACTIVITY
L05_001821,166,TRANSFER,1587.8,C1350987778,31756.0,30168.2,C_LEGIT_387094720,0.0,1587.8,0,0,L05_00261,LEGITIMATE_MULTIPLE_SMALL_TRANSACTIONS,None - repeated small transactions within normal behavioral range,NONE,1,1,7,9579.6,0,0.05,NORMAL_REPEATED_ACTIVITY
L05_001822,176,TRANSFER,1508.41,C1350987778,30168.2,28659.79,C_LEGIT_194872794,0.0,1508.41,0,0,L05_00261,LEGITIMATE_MULTIPLE_SMALL_TRANSACTIONS,None - repeated small transactions within normal behavioral range,NONE,1,2,7,9579.6,10,0.05,NORMAL_REPEATED_ACTIVITY
L05_001823,177,TRANSFER,1432.99,C1350987778,28659.79,27226.8,C_LEGIT_469547516,0.0,1432.99,0,0,L05_00261,LEGITIMATE_MULTIPLE_SMALL_TRANSACTIONS,None - repeated small transactions within normal behavioral range,NONE,1,3,7,9579.6,1,0.05,NORMAL_REPEATED_ACTIVITY
L05_001824,183,TRANSFER,1361.34,C1350987778,27226.8,25865.46,C_LEGIT_518322666,0.0,1361.34,0,0,L05_00261,LEGITIMATE_MULTIPLE_SMALL_TRANSACTIONS,None - repeated small transactions within normal behavioral range,NONE,1,4,7,9579.6,6,0.05,NORMAL_REPEATED_ACTIVITY
L05_001825,191,TRANSFER,1293.27,C1350987778,25865.46,24572.19,C_LEGIT_316636431,0.0,1293.27,0,0,L05_00261,LEGITIMATE_MULTIPLE_SMALL_TRANSACTIONS,None - repeated small transactions within normal behavioral range,NONE,1,5,7,9579.6,8,0.05,NORMAL_REPEATED_ACTIVITY
L05_001826,222,TRANSFER,1228.61,C1350987778,24572.19,23343.58,C_LEGIT_929452789,0.0,1228.61,0,0,L05_00261,LEGITIMATE_MULTIPLE_SMALL_TRANSACTIONS,None - repeated small transactions within normal behavioral range,NONE,1,6,7,9579.6,31,0.05,NORMAL_REPEATED_ACTIVITY
L05_001827,244,TRANSFER,1167.18,C1350987778,23343.58,22176.4,C_LEGIT_828567593,0.0,1167.18,0,0,L05_00261,LEGITIMATE_MULTIPLE_SMALL_TRANSACTIONS,None - repeated small transactions within normal behavioral range,NONE,1,7,7,9579.6,22,0.05,NORMAL_REPEATED_ACTIVITY
L05_001828,243,TRANSFER,10815.74,C1634505313,419711.0,408895.26,C_LEGIT_390281738,0.0,10815.74,0,0,L05_00262,LEGITIMATE_MULTIPLE_SMALL_TRANSACTIONS,None - repeated small transactions within normal behavioral range,NONE,1,1,7,84465.56,0,0.0258,NORMAL_REPEATED_ACTIVITY
L05_001829,254,TRANSFER,13385.51,C1634505313,408895.26,395509.75,C_LEGIT_607141645,0.0,13385.51,0,0,L05_00262,LEGITIMATE_MULTIPLE_SMALL_TRANSACTIONS,None - repeated small transactions within normal behavioral range,NONE,1,2,7,84465.56,11,0.0327,NORMAL_REPEATED_ACTIVITY
L05_001830,266,TRANSFER,13066.39,C1634505313,395509.75,382443.36,C_LEGIT_383842736,0.0,13066.39,0,0,L05_00262,LEGITIMATE_MULTIPLE_SMALL_TRANSACTIONS,None - repeated small transactions within normal behavioral range,NONE,1,3,7,84465.56,12,0.033,NORMAL_REPEATED_ACTIVITY
L05_001831,277,TRANSFER,10056.61,C1634505313,382443.36,372386.75,C_LEGIT_984064629,0.0,10056.61,0,0,L05_00262,LEGITIMATE_MULTIPLE_SMALL_TRANSACTIONS,None - repeated small transactions within normal behavioral range,NONE,1,4,7,84465.56,11,0.0263,NORMAL_REPEATED_ACTIVITY
L05_001832,286,TRANSFER,11159.68,C1634505313,372386.75,361227.07,C_LEGIT_449791224,0.0,11159.68,0,0,L05_00262,LEGITIMATE_MULTIPLE_SMALL_TRANSACTIONS,None - repeated small transactions within normal behavioral range,NONE,1,5,7,84465.56,9,0.03,NORMAL_REPEATED_ACTIVITY
L05_001833,295,TRANSFER,15635.57,C1634505313,361227.07,345591.5,C_LEGIT_555460420,0.0,15635.57,0,0,L05_00262,LEGITIMATE_MULTIPLE_SMALL_TRANSACTIONS,None - repeated small transactions within normal behavioral range,NONE,1,6,7,84465.56,9,0.0433,NORMAL_REPEATED_ACTIVITY
L05_001834,298,TRANSFER,10346.06,C1634505313,345591.5,335245.44,C_LEGIT_970440309,0.0,10346.06,0,0,L05_00262,LEGITIMATE_MULTIPLE_SMALL_TRANSACTIONS,None - repeated small transactions within normal behavioral range,NONE,1,7,7,84465.56,3,0.0299,NORMAL_REPEATED_ACTIVITY
L05_001835,212,TRANSFER,31740.75,C277450340,634815.0,603074.25,C_LEGIT_660310341,0.0,31740.75,0,0,L05_00263,LEGITIMATE_MULTIPLE_SMALL_TRANSACTIONS,None - repeated small transactions within normal behavioral range,NONE,1,1,7,191500.02,0,0.05,NORMAL_REPEATED_ACTIVITY
L05_001836,217,TRANSFER,30153.71,C277450340,603074.25,572920.54,C_LEGIT_856976173,0.0,30153.71,0,0,L05_00263,LEGITIMATE_MULTIPLE_SMALL_TRANSACTIONS,None - repeated small transactions within normal behavioral range,NONE,1,2,7,191500.02,5,0.05,NORMAL_REPEATED_ACTIVITY
L05_001837,231,TRANSFER,28646.03,C277450340,572920.54,544274.51,C_LEGIT_236898112,0.0,28646.03,0,0,L05_00263,LEGITIMATE_MULTIPLE_SMALL_TRANSACTIONS,None - repeated small transactions within normal behavioral range,NONE,1,3,7,191500.02,14,0.05,NORMAL_REPEATED_ACTIVITY
L05_001838,252,TRANSFER,27213.73,C277450340,544274.51,517060.78,C_LEGIT_691457455,0.0,27213.73,0,0,L05_00263,LEGITIMATE_MULTIPLE_SMALL_TRANSACTIONS,None - repeated small transactions within normal behavioral range,NONE,1,4,7,191500.02,21,0.05,NORMAL_REPEATED_ACTIVITY
L05_001839,259,TRANSFER,25853.04,C277450340,517060.78,491207.74,C_LEGIT_857978421,0.0,25853.04,0,0,L05_00263,LEGITIMATE_MULTIPLE_SMALL_TRANSACTIONS,None - repeated small transactions within normal behavioral range,NONE,1,5,7,191500.02,7,0.05,NORMAL_REPEATED_ACTIVITY
L05_001840,270,TRANSFER,24560.39,C277450340,491207.74,466647.35,C_LEGIT_542928617,0.0,24560.39,0,0,L05_00263,LEGITIMATE_MULTIPLE_SMALL_TRANSACTIONS,None - repeated small transactions within normal behavioral range,NONE,1,6,7,191500.02,11,0.05,NORMAL_REPEATED_ACTIVITY
L05_001841,277,TRANSFER,23332.37,C277450340,466647.35,443314.98,C_LEGIT_670958518,0.0,23332.37,0,0,L05_00263,LEGITIMATE_MULTIPLE_SMALL_TRANSACTIONS,None - repeated small transactions within normal behavioral range,NONE,1,7,7,191500.02,7,0.05,NORMAL_REPEATED_ACTIVITY
L05_001842,318,TRANSFER,7.55,C1371752680,151.0,143.45,C_LEGIT_654781878,0.0,7.55,0,0,L05_00264,LEGITIMATE_MULTIPLE_SMALL_TRANSACTIONS,None - repeated small transactions within normal behavioral range,NONE,1,1,7,45.54,0,0.05,NORMAL_REPEATED_ACTIVITY
L05_001843,324,TRANSFER,7.17,C1371752680,143.45,136.28,C_LEGIT_357634715,0.0,7.17,0,0,L05_00264,LEGITIMATE_MULTIPLE_SMALL_TRANSACTIONS,None - repeated small transactions within normal behavioral range,NONE,1,2,7,45.54,6,0.05,NORMAL_REPEATED_ACTIVITY
L05_001844,352,TRANSFER,6.81,C1371752680,136.28,129.47,C_LEGIT_395563473,0.0,6.81,0,0,L05_00264,LEGITIMATE_MULTIPLE_SMALL_TRANSACTIONS,None - repeated small transactions within normal behavioral range,NONE,1,3,7,45.54,28,0.05,NORMAL_REPEATED_ACTIVITY
L05_001845,354,TRANSFER,6.47,C1371752680,129.47,123.0,C_LEGIT_917904839,0.0,6.47,0,0,L05_00264,LEGITIMATE_MULTIPLE_SMALL_TRANSACTIONS,None - repeated small transactions within normal behavioral range,NONE,1,4,7,45.54,2,0.05,NORMAL_REPEATED_ACTIVITY
L05_001846,371,TRANSFER,6.15,C1371752680,123.0,116.85,C_LEGIT_424948800,0.0,6.15,0,0,L05_00264,LEGITIMATE_MULTIPLE_SMALL_TRANSACTIONS,None - repeated small transactions within normal behavioral range,NONE,1,5,7,45.54,17,0.05,NORMAL_REPEATED_ACTIVITY
L05_001847,376,TRANSFER,5.84,C1371752680,116.85,111.01,C_LEGIT_308190946,0.0,5.84,0,0,L05_00264,LEGITIMATE_MULTIPLE_SMALL_TRANSACTIONS,None - repeated small transactions within normal behavioral range,NONE,1,6,7,45.54,5,0.05,NORMAL_REPEATED_ACTIVITY
L05_001848,391,TRANSFER,5.55,C1371752680,111.01,105.46,C_LEGIT_585140615,0.0,5.55,0,0,L05_00264,LEGITIMATE_MULTIPLE_SMALL_TRANSACTIONS,None - repeated small transactions within normal behavioral range,NONE,1,7,7,45.54,15,0.05,NORMAL_REPEATED_ACTIVITY
L05_001849,261,TRANSFER,1254.4,C872703134,25088.0,23833.6,C_LEGIT_374115115,0.0,1254.4,0,0,L05_00265,LEGITIMATE_MULTIPLE_SMALL_TRANSACTIONS,None - repeated small transactions within normal behavioral range,NONE,1,1,7,7568.12,0,0.05,NORMAL_REPEATED_ACTIVITY
L05_001850,269,TRANSFER,1191.68,C872703134,23833.6,22641.92,C_LEGIT_971592385,0.0,1191.68,0,0,L05_00265,LEGITIMATE_MULTIPLE_SMALL_TRANSACTIONS,None - repeated small transactions within normal behavioral range,NONE,1,2,7,7568.12,8,0.05,NORMAL_REPEATED_ACTIVITY
L05_001851,272,TRANSFER,1132.1,C872703134,22641.92,21509.82,C_LEGIT_104731870,0.0,1132.1,0,0,L05_00265,LEGITIMATE_MULTIPLE_SMALL_TRANSACTIONS,None - repeated small transactions within normal behavioral range,NONE,1,3,7,7568.12,3,0.05,NORMAL_REPEATED_ACTIVITY
L05_001852,283,TRANSFER,1075.49,C872703134,21509.82,20434.33,C_LEGIT_678870498,0.0,1075.49,0,0,L05_00265,LEGITIMATE_MULTIPLE_SMALL_TRANSACTIONS,None - repeated small transactions within normal behavioral range,NONE,1,4,7,7568.12,11,0.05,NORMAL_REPEATED_ACTIVITY
L05_001853,284,TRANSFER,1021.72,C872703134,20434.33,19412.61,C_LEGIT_763054362,0.0,1021.72,0,0,L05_00265,LEGITIMATE_MULTIPLE_SMALL_TRANSACTIONS,None - repeated small transactions within normal behavioral range,NONE,1,5,7,7568.12,1,0.05,NORMAL_REPEATED_ACTIVITY
L05_001854,306,TRANSFER,970.63,C872703134,19412.61,18441.98,C_LEGIT_519113296,0.0,970.63,0,0,L05_00265,LEGITIMATE_MULTIPLE_SMALL_TRANSACTIONS,None - repeated small transactions within normal behavioral range,NONE,1,6,7,7568.12,22,0.05,NORMAL_REPEATED_ACTIVITY
L05_001855,325,TRANSFER,922.1,C872703134,18441.98,17519.88,C_LEGIT_944799585,0.0,922.1,0,0,L05_00265,LEGITIMATE_MULTIPLE_SMALL_TRANSACTIONS,None - repeated small transactions within normal behavioral range,NONE,1,7,7,7568.12,19,0.05,NORMAL_REPEATED_ACTIVITY
L05_001856,309,TRANSFER,1071.35,C106640782,21427.0,20355.65,C_LEGIT_611170062,0.0,1071.35,0,0,L05_00266,LEGITIMATE_MULTIPLE_SMALL_TRANSACTIONS,None - repeated small transactions within normal behavioral range,NONE,1,1,7,6463.72,0,0.05,NORMAL_REPEATED_ACTIVITY
L05_001857,317,TRANSFER,1017.78,C106640782,20355.65,19337.87,C_LEGIT_387880004,0.0,1017.78,0,0,L05_00266,LEGITIMATE_MULTIPLE_SMALL_TRANSACTIONS,None - repeated small transactions within normal behavioral range,NONE,1,2,7,6463.72,8,0.05,NORMAL_REPEATED_ACTIVITY
L05_001858,370,TRANSFER,966.89,C106640782,19337.87,18370.98,C_LEGIT_206284745,0.0,966.89,0,0,L05_00266,LEGITIMATE_MULTIPLE_SMALL_TRANSACTIONS,None - repeated small transactions within normal behavioral range,NONE,1,3,7,6463.72,53,0.05,NORMAL_REPEATED_ACTIVITY
L05_001859,374,TRANSFER,918.55,C106640782,18370.98,17452.43,C_LEGIT_387573943,0.0,918.55,0,0,L05_00266,LEGITIMATE_MULTIPLE_SMALL_TRANSACTIONS,None - repeated small transactions within normal behavioral range,NONE,1,4,7,6463.72,4,0.05,NORMAL_REPEATED_ACTIVITY
L05_001860,380,TRANSFER,872.62,C106640782,17452.43,16579.81,C_LEGIT_995236163,0.0,872.62,0,0,L05_00266,LEGITIMATE_MULTIPLE_SMALL_TRANSACTIONS,None - repeated small transactions within normal behavioral range,NONE,1,5,7,6463.72,6,0.05,NORMAL_REPEATED_ACTIVITY
L05_001861,382,TRANSFER,828.99,C106640782,16579.81,15750.82,C_LEGIT_570876791,0.0,828.99,0,0,L05_00266,LEGITIMATE_MULTIPLE_SMALL_TRANSACTIONS,None - repeated small transactions within normal behavioral range,NONE,1,6,7,6463.72,2,0.05,NORMAL_REPEATED_ACTIVITY
L05_001862,392,TRANSFER,787.54,C106640782,15750.82,14963.28,C_LEGIT_108696205,0.0,787.54,0,0,L05_00266,LEGITIMATE_MULTIPLE_SMALL_TRANSACTIONS,None - repeated small transactions within normal behavioral range,NONE,1,7,7,6463.72,10,0.05,NORMAL_REPEATED_ACTIVITY
L05_001863,255,TRANSFER,37094.24,C1820594721,7290687.77,7253593.53,C_LEGIT_864516790,0.0,37094.24,0,0,L05_00267,LEGITIMATE_MULTIPLE_SMALL_TRANSACTIONS,None - repeated small transactions within normal behavioral range,NONE,1,1,7,218226.23,0,0.0051,NORMAL_REPEATED_ACTIVITY
L05_001864,259,TRANSFER,38901.29,C1820594721,7253593.53,7214692.24,C_LEGIT_172321687,0.0,38901.29,0,0,L05_00267,LEGITIMATE_MULTIPLE_SMALL_TRANSACTIONS,None - repeated small transactions within normal behavioral range,NONE,1,2,7,218226.23,4,0.0054,NORMAL_REPEATED_ACTIVITY
L05_001865,278,TRANSFER,24900.0,C1820594721,7214692.24,7189792.24,C_LEGIT_128561557,0.0,24900.0,0,0,L05_00267,LEGITIMATE_MULTIPLE_SMALL_TRANSACTIONS,None - repeated small transactions within normal behavioral range,NONE,1,3,7,218226.23,19,0.0035,NORMAL_REPEATED_ACTIVITY
L05_001866,280,TRANSFER,31658.7,C1820594721,7189792.24,7158133.54,C_LEGIT_254595229,0.0,31658.7,0,0,L05_00267,LEGITIMATE_MULTIPLE_SMALL_TRANSACTIONS,None - repeated small transactions within normal behavioral range,NONE,1,4,7,218226.23,2,0.0044,NORMAL_REPEATED_ACTIVITY
L05_001867,313,TRANSFER,28883.91,C1820594721,7158133.54,7129249.63,C_LEGIT_170730838,0.0,28883.91,0,0,L05_00267,LEGITIMATE_MULTIPLE_SMALL_TRANSACTIONS,None - repeated small transactions within normal behavioral range,NONE,1,5,7,218226.23,33,0.004,NORMAL_REPEATED_ACTIVITY
L05_001868,323,TRANSFER,24897.21,C1820594721,7129249.63,7104352.42,C_LEGIT_628678961,0.0,24897.21,0,0,L05_00267,LEGITIMATE_MULTIPLE_SMALL_TRANSACTIONS,None - repeated small transactions within normal behavioral range,NONE,1,6,7,218226.23,10,0.0035,NORMAL_REPEATED_ACTIVITY
L05_001869,332,TRANSFER,31890.88,C1820594721,7104352.42,7072461.54,C_LEGIT_286187997,0.0,31890.88,0,0,L05_00267,LEGITIMATE_MULTIPLE_SMALL_TRANSACTIONS,None - repeated small transactions within normal behavioral range,NONE,1,7,7,218226.23,9,0.0045,NORMAL_REPEATED_ACTIVITY
L05_001870,183,TRANSFER,5986.35,C1641752811,119727.0,113740.65,C_LEGIT_884233219,0.0,5986.35,0,0,L05_00268,LEGITIMATE_MULTIPLE_SMALL_TRANSACTIONS,None - repeated small transactions within normal behavioral range,NONE,1,1,7,36117.17,0,0.05,NORMAL_REPEATED_ACTIVITY
L05_001871,197,TRANSFER,5687.03,C1641752811,113740.65,108053.62,C_LEGIT_339514847,0.0,5687.03,0,0,L05_00268,LEGITIMATE_MULTIPLE_SMALL_TRANSACTIONS,None - repeated small transactions within normal behavioral range,NONE,1,2,7,36117.17,14,0.05,NORMAL_REPEATED_ACTIVITY
L05_001872,210,TRANSFER,5402.68,C1641752811,108053.62,102650.94,C_LEGIT_480130287,0.0,5402.68,0,0,L05_00268,LEGITIMATE_MULTIPLE_SMALL_TRANSACTIONS,None - repeated small transactions within normal behavioral range,NONE,1,3,7,36117.17,13,0.05,NORMAL_REPEATED_ACTIVITY
L05_001873,225,TRANSFER,5132.55,C1641752811,102650.94,97518.39,C_LEGIT_173366845,0.0,5132.55,0,0,L05_00268,LEGITIMATE_MULTIPLE_SMALL_TRANSACTIONS,None - repeated small transactions within normal behavioral range,NONE,1,4,7,36117.17,15,0.05,NORMAL_REPEATED_ACTIVITY
L05_001874,230,TRANSFER,4875.92,C1641752811,97518.39,92642.47,C_LEGIT_893413784,0.0,4875.92,0,0,L05_00268,LEGITIMATE_MULTIPLE_SMALL_TRANSACTIONS,None - repeated small transactions within normal behavioral range,NONE,1,5,7,36117.17,5,0.05,NORMAL_REPEATED_ACTIVITY
L05_001875,231,TRANSFER,4632.12,C1641752811,92642.47,88010.35,C_LEGIT_865852516,0.0,4632.12,0,0,L05_00268,LEGITIMATE_MULTIPLE_SMALL_TRANSACTIONS,None - repeated small transactions within normal behavioral range,NONE,1,6,7,36117.17,1,0.05,NORMAL_REPEATED_ACTIVITY
L05_001876,241,TRANSFER,4400.52,C1641752811,88010.35,83609.83,C_LEGIT_195832459,0.0,4400.52,0,0,L05_00268,LEGITIMATE_MULTIPLE_SMALL_TRANSACTIONS,None - repeated small transactions within normal behavioral range,NONE,1,7,7,36117.17,10,0.05,NORMAL_REPEATED_ACTIVITY
L05_001877,365,TRANSFER,76558.12,C949503465,1657323.17,1580765.05,C_LEGIT_293798486,0.0,76558.12,0,0,L05_00269,LEGITIMATE_MULTIPLE_SMALL_TRANSACTIONS,None - repeated small transactions within normal behavioral range,NONE,1,1,7,447036.23,0,0.0462,NORMAL_REPEATED_ACTIVITY
L05_001878,398,TRANSFER,53408.96,C949503465,1580765.05,1527356.09,C_LEGIT_729312490,0.0,53408.96,0,0,L05_00269,LEGITIMATE_MULTIPLE_SMALL_TRANSACTIONS,None - repeated small transactions within normal behavioral range,NONE,1,2,7,447036.23,33,0.0338,NORMAL_REPEATED_ACTIVITY
L05_001879,402,TRANSFER,75749.9,C949503465,1527356.09,1451606.19,C_LEGIT_658046031,0.0,75749.9,0,0,L05_00269,LEGITIMATE_MULTIPLE_SMALL_TRANSACTIONS,None - repeated small transactions within normal behavioral range,NONE,1,3,7,447036.23,4,0.0496,NORMAL_REPEATED_ACTIVITY
L05_001880,423,TRANSFER,57076.93,C949503465,1451606.19,1394529.26,C_LEGIT_411446580,0.0,57076.93,0,0,L05_00269,LEGITIMATE_MULTIPLE_SMALL_TRANSACTIONS,None - repeated small transactions within normal behavioral range,NONE,1,4,7,447036.23,21,0.0393,NORMAL_REPEATED_ACTIVITY
L05_001881,426,TRANSFER,63487.22,C949503465,1394529.26,1331042.04,C_LEGIT_837634185,0.0,63487.22,0,0,L05_00269,LEGITIMATE_MULTIPLE_SMALL_TRANSACTIONS,None - repeated small transactions within normal behavioral range,NONE,1,5,7,447036.23,3,0.0455,NORMAL_REPEATED_ACTIVITY
L05_001882,444,TRANSFER,59767.35,C949503465,1331042.04,1271274.69,C_LEGIT_500740913,0.0,59767.35,0,0,L05_00269,LEGITIMATE_MULTIPLE_SMALL_TRANSACTIONS,None - repeated small transactions within normal behavioral range,NONE,1,6,7,447036.23,18,0.0449,NORMAL_REPEATED_ACTIVITY
L05_001883,450,TRANSFER,60987.75,C949503465,1271274.69,1210286.94,C_LEGIT_898935580,0.0,60987.75,0,0,L05_00269,LEGITIMATE_MULTIPLE_SMALL_TRANSACTIONS,None - repeated small transactions within normal behavioral range,NONE,1,7,7,447036.23,6,0.048,NORMAL_REPEATED_ACTIVITY
L05_001884,200,TRANSFER,351.3,C1226807199,7026.0,6674.7,C_LEGIT_541873874,0.0,351.3,0,0,L05_00270,LEGITIMATE_MULTIPLE_SMALL_TRANSACTIONS,None - repeated small transactions within normal behavioral range,NONE,1,1,7,2119.5,0,0.05,NORMAL_REPEATED_ACTIVITY
L05_001885,206,TRANSFER,333.74,C1226807199,6674.7,6340.96,C_LEGIT_921671988,0.0,333.74,0,0,L05_00270,LEGITIMATE_MULTIPLE_SMALL_TRANSACTIONS,None - repeated small transactions within normal behavioral range,NONE,1,2,7,2119.5,6,0.05,NORMAL_REPEATED_ACTIVITY
L05_001886,219,TRANSFER,317.05,C1226807199,6340.96,6023.91,C_LEGIT_729331018,0.0,317.05,0,0,L05_00270,LEGITIMATE_MULTIPLE_SMALL_TRANSACTIONS,None - repeated small transactions within normal behavioral range,NONE,1,3,7,2119.5,13,0.05,NORMAL_REPEATED_ACTIVITY
L05_001887,227,TRANSFER,301.2,C1226807199,6023.91,5722.71,C_LEGIT_572697879,0.0,301.2,0,0,L05_00270,LEGITIMATE_MULTIPLE_SMALL_TRANSACTIONS,None - repeated small transactions within normal behavioral range,NONE,1,4,7,2119.5,8,0.05,NORMAL_REPEATED_ACTIVITY
L05_001888,239,TRANSFER,286.14,C1226807199,5722.71,5436.57,C_LEGIT_512782780,0.0,286.14,0,0,L05_00270,LEGITIMATE_MULTIPLE_SMALL_TRANSACTIONS,None - repeated small transactions within normal behavioral range,NONE,1,5,7,2119.5,12,0.05,NORMAL_REPEATED_ACTIVITY
L05_001889,278,TRANSFER,271.83,C1226807199,5436.57,5164.74,C_LEGIT_729377665,0.0,271.83,0,0,L05_00270,LEGITIMATE_MULTIPLE_SMALL_TRANSACTIONS,None - repeated small transactions within normal behavioral range,NONE,1,6,7,2119.5,39,0.05,NORMAL_REPEATED_ACTIVITY
L05_001890,283,TRANSFER,258.24,C1226807199,5164.74,4906.5,C_LEGIT_376729953,0.0,258.24,0,0,L05_00270,LEGITIMATE_MULTIPLE_SMALL_TRANSACTIONS,None - repeated small transactions within normal behavioral range,NONE,1,7,7,2119.5,5,0.05,NORMAL_REPEATED_ACTIVITY
L05_001891,228,TRANSFER,5184.35,C984218986,103687.0,98502.65,C_LEGIT_366417429,0.0,5184.35,0,0,L05_00271,LEGITIMATE_MULTIPLE_SMALL_TRANSACTIONS,None - repeated small transactions within normal behavioral range,NONE,1,1,7,31278.5,0,0.05,NORMAL_REPEATED_ACTIVITY
L05_001892,231,TRANSFER,4925.13,C984218986,98502.65,93577.52,C_LEGIT_670928293,0.0,4925.13,0,0,L05_00271,LEGITIMATE_MULTIPLE_SMALL_TRANSACTIONS,None - repeated small transactions within normal behavioral range,NONE,1,2,7,31278.5,3,0.05,NORMAL_REPEATED_ACTIVITY
L05_001893,266,TRANSFER,4678.88,C984218986,93577.52,88898.64,C_LEGIT_821083438,0.0,4678.88,0,0,L05_00271,LEGITIMATE_MULTIPLE_SMALL_TRANSACTIONS,None - repeated small transactions within normal behavioral range,NONE,1,3,7,31278.5,35,0.05,NORMAL_REPEATED_ACTIVITY
L05_001894,267,TRANSFER,4444.93,C984218986,88898.64,84453.71,C_LEGIT_704819076,0.0,4444.93,0,0,L05_00271,LEGITIMATE_MULTIPLE_SMALL_TRANSACTIONS,None - repeated small transactions within normal behavioral range,NONE,1,4,7,31278.5,1,0.05,NORMAL_REPEATED_ACTIVITY
L05_001895,270,TRANSFER,4222.69,C984218986,84453.71,80231.02,C_LEGIT_788349867,0.0,4222.69,0,0,L05_00271,LEGITIMATE_MULTIPLE_SMALL_TRANSACTIONS,None - repeated small transactions within normal behavioral range,NONE,1,5,7,31278.5,3,0.05,NORMAL_REPEATED_ACTIVITY
L05_001896,275,TRANSFER,4011.55,C984218986,80231.02,76219.47,C_LEGIT_994499481,0.0,4011.55,0,0,L05_00271,LEGITIMATE_MULTIPLE_SMALL_TRANSACTIONS,None - repeated small transactions within normal behavioral range,NONE,1,6,7,31278.5,5,0.05,NORMAL_REPEATED_ACTIVITY
L05_001897,300,TRANSFER,3810.97,C984218986,76219.47,72408.5,C_LEGIT_929855522,0.0,3810.97,0,0,L05_00271,LEGITIMATE_MULTIPLE_SMALL_TRANSACTIONS,None - repeated small transactions within normal behavioral range,NONE,1,7,7,31278.5,25,0.05,NORMAL_REPEATED_ACTIVITY
L05_001898,577,TRANSFER,1016.2,C956459566,20324.0,19307.8,C_LEGIT_612937676,0.0,1016.2,0,0,L05_00272,LEGITIMATE_MULTIPLE_SMALL_TRANSACTIONS,None - repeated small transactions within normal behavioral range,NONE,1,1,7,6130.99,0,0.05,NORMAL_REPEATED_ACTIVITY
L05_001899,592,TRANSFER,965.39,C956459566,19307.8,18342.41,C_LEGIT_962793711,0.0,965.39,0,0,L05_00272,LEGITIMATE_MULTIPLE_SMALL_TRANSACTIONS,None - repeated small transactions within normal behavioral range,NONE,1,2,7,6130.99,15,0.05,NORMAL_REPEATED_ACTIVITY
L05_001900,593,TRANSFER,917.12,C956459566,18342.41,17425.29,C_LEGIT_276180459,0.0,917.12,0,0,L05_00272,LEGITIMATE_MULTIPLE_SMALL_TRANSACTIONS,None - repeated small transactions within normal behavioral range,NONE,1,3,7,6130.99,1,0.05,NORMAL_REPEATED_ACTIVITY
L05_001901,599,TRANSFER,871.26,C956459566,17425.29,16554.03,C_LEGIT_584027017,0.0,871.26,0,0,L05_00272,LEGITIMATE_MULTIPLE_SMALL_TRANSACTIONS,None - repeated small transactions within normal behavioral range,NONE,1,4,7,6130.99,6,0.05,NORMAL_REPEATED_ACTIVITY
L05_001902,601,TRANSFER,827.7,C956459566,16554.03,15726.33,C_LEGIT_436789274,0.0,827.7,0,0,L05_00272,LEGITIMATE_MULTIPLE_SMALL_TRANSACTIONS,None - repeated small transactions within normal behavioral range,NONE,1,5,7,6130.99,2,0.05,NORMAL_REPEATED_ACTIVITY
L05_001903,616,TRANSFER,786.32,C956459566,15726.33,14940.01,C_LEGIT_550198372,0.0,786.32,0,0,L05_00272,LEGITIMATE_MULTIPLE_SMALL_TRANSACTIONS,None - repeated small transactions within normal behavioral range,NONE,1,6,7,6130.99,15,0.05,NORMAL_REPEATED_ACTIVITY
L05_001904,632,TRANSFER,747.0,C956459566,14940.01,14193.01,C_LEGIT_543379150,0.0,747.0,0,0,L05_00272,LEGITIMATE_MULTIPLE_SMALL_TRANSACTIONS,None - repeated small transactions within normal behavioral range,NONE,1,7,7,6130.99,16,0.05,NORMAL_REPEATED_ACTIVITY
L05_001905,345,TRANSFER,35.27,C566315593,6324.0,6288.73,C_LEGIT_131083934,0.0,35.27,0,0,L05_00273,LEGITIMATE_MULTIPLE_SMALL_TRANSACTIONS,None - repeated small transactions within normal behavioral range,NONE,1,1,7,219.17,0,0.0056,NORMAL_REPEATED_ACTIVITY
L05_001906,378,TRANSFER,33.15,C566315593,6288.73,6255.58,C_LEGIT_150888441,0.0,33.15,0,0,L05_00273,LEGITIMATE_MULTIPLE_SMALL_TRANSACTIONS,None - repeated small transactions within normal behavioral range,NONE,1,2,7,219.17,33,0.0053,NORMAL_REPEATED_ACTIVITY
L05_001907,385,TRANSFER,24.26,C566315593,6255.58,6231.32,C_LEGIT_392318773,0.0,24.26,0,0,L05_00273,LEGITIMATE_MULTIPLE_SMALL_TRANSACTIONS,None - repeated small transactions within normal behavioral range,NONE,1,3,7,219.17,7,0.0039,NORMAL_REPEATED_ACTIVITY
L05_001908,402,TRANSFER,34.04,C566315593,6231.32,6197.28,C_LEGIT_635646024,0.0,34.04,0,0,L05_00273,LEGITIMATE_MULTIPLE_SMALL_TRANSACTIONS,None - repeated small transactions within normal behavioral range,NONE,1,4,7,219.17,17,0.0055,NORMAL_REPEATED_ACTIVITY
L05_001909,405,TRANSFER,28.71,C566315593,6197.28,6168.57,C_LEGIT_451540677,0.0,28.71,0,0,L05_00273,LEGITIMATE_MULTIPLE_SMALL_TRANSACTIONS,None - repeated small transactions within normal behavioral range,NONE,1,5,7,219.17,3,0.0046,NORMAL_REPEATED_ACTIVITY
L05_001910,408,TRANSFER,29.99,C566315593,6168.57,6138.58,C_LEGIT_489757452,0.0,29.99,0,0,L05_00273,LEGITIMATE_MULTIPLE_SMALL_TRANSACTIONS,None - repeated small transactions within normal behavioral range,NONE,1,6,7,219.17,3,0.0049,NORMAL_REPEATED_ACTIVITY
L05_001911,413,TRANSFER,33.75,C566315593,6138.58,6104.83,C_LEGIT_204083242,0.0,33.75,0,0,L05_00273,LEGITIMATE_MULTIPLE_SMALL_TRANSACTIONS,None - repeated small transactions within normal behavioral range,NONE,1,7,7,219.17,5,0.0055,NORMAL_REPEATED_ACTIVITY
L05_001912,279,TRANSFER,6632.19,C2056840240,132643.83,126011.64,C_LEGIT_620389508,0.0,6632.19,0,0,L05_00274,LEGITIMATE_MULTIPLE_SMALL_TRANSACTIONS,None - repeated small transactions within normal behavioral range,NONE,1,1,7,40013.69,0,0.05,NORMAL_REPEATED_ACTIVITY
L05_001913,287,TRANSFER,6300.58,C2056840240,126011.64,119711.06,C_LEGIT_460940528,0.0,6300.58,0,0,L05_00274,LEGITIMATE_MULTIPLE_SMALL_TRANSACTIONS,None - repeated small transactions within normal behavioral range,NONE,1,2,7,40013.69,8,0.05,NORMAL_REPEATED_ACTIVITY
L05_001914,302,TRANSFER,5985.55,C2056840240,119711.06,113725.51,C_LEGIT_830074144,0.0,5985.55,0,0,L05_00274,LEGITIMATE_MULTIPLE_SMALL_TRANSACTIONS,None - repeated small transactions within normal behavioral range,NONE,1,3,7,40013.69,15,0.05,NORMAL_REPEATED_ACTIVITY
L05_001915,314,TRANSFER,5686.28,C2056840240,113725.51,108039.23,C_LEGIT_664789250,0.0,5686.28,0,0,L05_00274,LEGITIMATE_MULTIPLE_SMALL_TRANSACTIONS,None - repeated small transactions within normal behavioral range,NONE,1,4,7,40013.69,12,0.05,NORMAL_REPEATED_ACTIVITY
L05_001916,322,TRANSFER,5401.96,C2056840240,108039.23,102637.27,C_LEGIT_939856877,0.0,5401.96,0,0,L05_00274,LEGITIMATE_MULTIPLE_SMALL_TRANSACTIONS,None - repeated small transactions within normal behavioral range,NONE,1,5,7,40013.69,8,0.05,NORMAL_REPEATED_ACTIVITY
L05_001917,323,TRANSFER,5131.86,C2056840240,102637.27,97505.41,C_LEGIT_266562172,0.0,5131.86,0,0,L05_00274,LEGITIMATE_MULTIPLE_SMALL_TRANSACTIONS,None - repeated small transactions within normal behavioral range,NONE,1,6,7,40013.69,1,0.05,NORMAL_REPEATED_ACTIVITY
L05_001918,353,TRANSFER,4875.27,C2056840240,97505.41,92630.14,C_LEGIT_893461058,0.0,4875.27,0,0,L05_00274,LEGITIMATE_MULTIPLE_SMALL_TRANSACTIONS,None - repeated small transactions within normal behavioral range,NONE,1,7,7,40013.69,30,0.05,NORMAL_REPEATED_ACTIVITY
L05_001919,721,TRANSFER,25939.54,C134317274,1017515.32,991575.78,C_LEGIT_973298079,0.0,25939.54,0,0,L05_00275,LEGITIMATE_MULTIPLE_SMALL_TRANSACTIONS,None - repeated small transactions within normal behavioral range,NONE,1,1,7,223177.57,0,0.0255,NORMAL_REPEATED_ACTIVITY
L05_001920,728,TRANSFER,24916.5,C134317274,991575.78,966659.28,C_LEGIT_420334294,0.0,24916.5,0,0,L05_00275,LEGITIMATE_MULTIPLE_SMALL_TRANSACTIONS,None - repeated small transactions within normal behavioral range,NONE,1,2,7,223177.57,7,0.0251,NORMAL_REPEATED_ACTIVITY
L05_001921,729,TRANSFER,37079.13,C134317274,966659.28,929580.15,C_LEGIT_595709613,0.0,37079.13,0,0,L05_00275,LEGITIMATE_MULTIPLE_SMALL_TRANSACTIONS,None - repeated small transactions within normal behavioral range,NONE,1,3,7,223177.57,1,0.0384,NORMAL_REPEATED_ACTIVITY
L05_001922,751,TRANSFER,34137.12,C134317274,929580.15,895443.03,C_LEGIT_994579604,0.0,34137.12,0,0,L05_00275,LEGITIMATE_MULTIPLE_SMALL_TRANSACTIONS,None - repeated small transactions within normal behavioral range,NONE,1,4,7,223177.57,22,0.0367,NORMAL_REPEATED_ACTIVITY
L05_001923,753,TRANSFER,36428.82,C134317274,895443.03,859014.21,C_LEGIT_677110288,0.0,36428.82,0,0,L05_00275,LEGITIMATE_MULTIPLE_SMALL_TRANSACTIONS,None - repeated small transactions within normal behavioral range,NONE,1,5,7,223177.57,2,0.0407,NORMAL_REPEATED_ACTIVITY
L05_001924,763,TRANSFER,26404.23,C134317274,859014.21,832609.98,C_LEGIT_359265234,0.0,26404.23,0,0,L05_00275,LEGITIMATE_MULTIPLE_SMALL_TRANSACTIONS,None - repeated small transactions within normal behavioral range,NONE,1,6,7,223177.57,10,0.0307,NORMAL_REPEATED_ACTIVITY
L05_001925,782,TRANSFER,38272.23,C134317274,832609.98,794337.75,C_LEGIT_376221412,0.0,38272.23,0,0,L05_00275,LEGITIMATE_MULTIPLE_SMALL_TRANSACTIONS,None - repeated small transactions within normal behavioral range,NONE,1,7,7,223177.57,19,0.046,NORMAL_REPEATED_ACTIVITY
L05_001926,619,TRANSFER,561.5,C130242497,11230.0,10668.5,C_LEGIT_584171965,0.0,561.5,0,0,L05_00276,LEGITIMATE_MULTIPLE_SMALL_TRANSACTIONS,None - repeated small transactions within normal behavioral range,NONE,1,1,7,3387.68,0,0.05,NORMAL_REPEATED_ACTIVITY
L05_001927,636,TRANSFER,533.43,C130242497,10668.5,10135.07,C_LEGIT_676104400,0.0,533.43,0,0,L05_00276,LEGITIMATE_MULTIPLE_SMALL_TRANSACTIONS,None - repeated small transactions within normal behavioral range,NONE,1,2,7,3387.68,17,0.05,NORMAL_REPEATED_ACTIVITY
L05_001928,644,TRANSFER,506.75,C130242497,10135.07,9628.32,C_LEGIT_446667305,0.0,506.75,0,0,L05_00276,LEGITIMATE_MULTIPLE_SMALL_TRANSACTIONS,None - repeated small transactions within normal behavioral range,NONE,1,3,7,3387.68,8,0.05,NORMAL_REPEATED_ACTIVITY
L05_001929,646,TRANSFER,481.42,C130242497,9628.32,9146.9,C_LEGIT_257122559,0.0,481.42,0,0,L05_00276,LEGITIMATE_MULTIPLE_SMALL_TRANSACTIONS,None - repeated small transactions within normal behavioral range,NONE,1,4,7,3387.68,2,0.05,NORMAL_REPEATED_ACTIVITY
L05_001930,660,TRANSFER,457.35,C130242497,9146.9,8689.55,C_LEGIT_856221335,0.0,457.35,0,0,L05_00276,LEGITIMATE_MULTIPLE_SMALL_TRANSACTIONS,None - repeated small transactions within normal behavioral range,NONE,1,5,7,3387.68,14,0.05,NORMAL_REPEATED_ACTIVITY
L05_001931,663,TRANSFER,434.48,C130242497,8689.55,8255.07,C_LEGIT_717922137,0.0,434.48,0,0,L05_00276,LEGITIMATE_MULTIPLE_SMALL_TRANSACTIONS,None - repeated small transactions within normal behavioral range,NONE,1,6,7,3387.68,3,0.05,NORMAL_REPEATED_ACTIVITY
L05_001932,681,TRANSFER,412.75,C130242497,8255.07,7842.32,C_LEGIT_374614499,0.0,412.75,0,0,L05_00276,LEGITIMATE_MULTIPLE_SMALL_TRANSACTIONS,None - repeated small transactions within normal behavioral range,NONE,1,7,7,3387.68,18,0.05,NORMAL_REPEATED_ACTIVITY
L05_001933,235,TRANSFER,1832.7,C1671085345,36654.0,34821.3,C_LEGIT_851004028,0.0,1832.7,0,0,L05_00277,LEGITIMATE_MULTIPLE_SMALL_TRANSACTIONS,None - repeated small transactions within normal behavioral range,NONE,1,1,7,11057.15,0,0.05,NORMAL_REPEATED_ACTIVITY
L05_001934,240,TRANSFER,1741.07,C1671085345,34821.3,33080.23,C_LEGIT_396386437,0.0,1741.07,0,0,L05_00277,LEGITIMATE_MULTIPLE_SMALL_TRANSACTIONS,None - repeated small transactions within normal behavioral range,NONE,1,2,7,11057.15,5,0.05,NORMAL_REPEATED_ACTIVITY
L05_001935,271,TRANSFER,1654.01,C1671085345,33080.23,31426.22,C_LEGIT_971093900,0.0,1654.01,0,0,L05_00277,LEGITIMATE_MULTIPLE_SMALL_TRANSACTIONS,None - repeated small transactions within normal behavioral range,NONE,1,3,7,11057.15,31,0.05,NORMAL_REPEATED_ACTIVITY
L05_001936,275,TRANSFER,1571.31,C1671085345,31426.22,29854.91,C_LEGIT_827033330,0.0,1571.31,0,0,L05_00277,LEGITIMATE_MULTIPLE_SMALL_TRANSACTIONS,None - repeated small transactions within normal behavioral range,NONE,1,4,7,11057.15,4,0.05,NORMAL_REPEATED_ACTIVITY
L05_001937,278,TRANSFER,1492.75,C1671085345,29854.91,28362.16,C_LEGIT_210067179,0.0,1492.75,0,0,L05_00277,LEGITIMATE_MULTIPLE_SMALL_TRANSACTIONS,None - repeated small transactions within normal behavioral range,NONE,1,5,7,11057.15,3,0.05,NORMAL_REPEATED_ACTIVITY
L05_001938,285,TRANSFER,1418.11,C1671085345,28362.16,26944.05,C_LEGIT_465716900,0.0,1418.11,0,0,L05_00277,LEGITIMATE_MULTIPLE_SMALL_TRANSACTIONS,None - repeated small transactions within normal behavioral range,NONE,1,6,7,11057.15,7,0.05,NORMAL_REPEATED_ACTIVITY
L05_001939,302,TRANSFER,1347.2,C1671085345,26944.05,25596.85,C_LEGIT_184411723,0.0,1347.2,0,0,L05_00277,LEGITIMATE_MULTIPLE_SMALL_TRANSACTIONS,None - repeated small transactions within normal behavioral range,NONE,1,7,7,11057.15,17,0.05,NORMAL_REPEATED_ACTIVITY
L05_001940,152,TRANSFER,120119.9,C1717857424,7958630.24,7838510.34,C_LEGIT_503311020,0.0,120119.9,0,0,L05_00278,LEGITIMATE_MULTIPLE_SMALL_TRANSACTIONS,None - repeated small transactions within normal behavioral range,NONE,1,1,7,919999.26,0,0.0151,NORMAL_REPEATED_ACTIVITY
L05_001941,154,TRANSFER,145791.21,C1717857424,7838510.34,7692719.13,C_LEGIT_544991321,0.0,145791.21,0,0,L05_00278,LEGITIMATE_MULTIPLE_SMALL_TRANSACTIONS,None - repeated small transactions within normal behavioral range,NONE,1,2,7,919999.26,2,0.0186,NORMAL_REPEATED_ACTIVITY
L05_001942,166,TRANSFER,150810.96,C1717857424,7692719.13,7541908.17,C_LEGIT_879066014,0.0,150810.96,0,0,L05_00278,LEGITIMATE_MULTIPLE_SMALL_TRANSACTIONS,None - repeated small transactions within normal behavioral range,NONE,1,3,7,919999.26,12,0.0196,NORMAL_REPEATED_ACTIVITY
L05_001943,170,TRANSFER,130905.72,C1717857424,7541908.17,7411002.45,C_LEGIT_408784080,0.0,130905.72,0,0,L05_00278,LEGITIMATE_MULTIPLE_SMALL_TRANSACTIONS,None - repeated small transactions within normal behavioral range,NONE,1,4,7,919999.26,4,0.0174,NORMAL_REPEATED_ACTIVITY
L05_001944,175,TRANSFER,101646.19,C1717857424,7411002.45,7309356.26,C_LEGIT_565399151,0.0,101646.19,0,0,L05_00278,LEGITIMATE_MULTIPLE_SMALL_TRANSACTIONS,None - repeated small transactions within normal behavioral range,NONE,1,5,7,919999.26,5,0.0137,NORMAL_REPEATED_ACTIVITY
L05_001945,220,TRANSFER,138239.29,C1717857424,7309356.26,7171116.97,C_LEGIT_407466628,0.0,138239.29,0,0,L05_00278,LEGITIMATE_MULTIPLE_SMALL_TRANSACTIONS,None - repeated small transactions within normal behavioral range,NONE,1,6,7,919999.26,45,0.0189,NORMAL_REPEATED_ACTIVITY
L05_001946,238,TRANSFER,132485.99,C1717857424,7171116.97,7038630.98,C_LEGIT_429295625,0.0,132485.99,0,0,L05_00278,LEGITIMATE_MULTIPLE_SMALL_TRANSACTIONS,None - repeated small transactions within normal behavioral range,NONE,1,7,7,919999.26,18,0.0185,NORMAL_REPEATED_ACTIVITY
L05_001947,289,TRANSFER,1777.05,C403009294,35541.0,33763.95,C_LEGIT_355783514,0.0,1777.05,0,0,L05_00279,LEGITIMATE_MULTIPLE_SMALL_TRANSACTIONS,None - repeated small transactions within normal behavioral range,NONE,1,1,7,10721.4,0,0.05,NORMAL_REPEATED_ACTIVITY
L05_001948,299,TRANSFER,1688.2,C403009294,33763.95,32075.75,C_LEGIT_226349168,0.0,1688.2,0,0,L05_00279,LEGITIMATE_MULTIPLE_SMALL_TRANSACTIONS,None - repeated small transactions within normal behavioral range,NONE,1,2,7,10721.4,10,0.05,NORMAL_REPEATED_ACTIVITY
L05_001949,312,TRANSFER,1603.79,C403009294,32075.75,30471.96,C_LEGIT_145532283,0.0,1603.79,0,0,L05_00279,LEGITIMATE_MULTIPLE_SMALL_TRANSACTIONS,None - repeated small transactions within normal behavioral range,NONE,1,3,7,10721.4,13,0.05,NORMAL_REPEATED_ACTIVITY
L05_001950,330,TRANSFER,1523.6,C403009294,30471.96,28948.36,C_LEGIT_120602637,0.0,1523.6,0,0,L05_00279,LEGITIMATE_MULTIPLE_SMALL_TRANSACTIONS,None - repeated small transactions within normal behavioral range,NONE,1,4,7,10721.4,18,0.05,NORMAL_REPEATED_ACTIVITY
L05_001951,338,TRANSFER,1447.42,C403009294,28948.36,27500.94,C_LEGIT_284891942,0.0,1447.42,0,0,L05_00279,LEGITIMATE_MULTIPLE_SMALL_TRANSACTIONS,None - repeated small transactions within normal behavioral range,NONE,1,5,7,10721.4,8,0.05,NORMAL_REPEATED_ACTIVITY
L05_001952,352,TRANSFER,1375.05,C403009294,27500.94,26125.89,C_LEGIT_533892397,0.0,1375.05,0,0,L05_00279,LEGITIMATE_MULTIPLE_SMALL_TRANSACTIONS,None - repeated small transactions within normal behavioral range,NONE,1,6,7,10721.4,14,0.05,NORMAL_REPEATED_ACTIVITY
L05_001953,371,TRANSFER,1306.29,C403009294,26125.89,24819.6,C_LEGIT_584368390,0.0,1306.29,0,0,L05_00279,LEGITIMATE_MULTIPLE_SMALL_TRANSACTIONS,None - repeated small transactions within normal behavioral range,NONE,1,7,7,10721.4,19,0.05,NORMAL_REPEATED_ACTIVITY
L05_001954,213,TRANSFER,42.0,C1783240022,840.0,798.0,C_LEGIT_710676822,0.0,42.0,0,0,L05_00280,LEGITIMATE_MULTIPLE_SMALL_TRANSACTIONS,None - repeated small transactions within normal behavioral range,NONE,1,1,7,253.4,0,0.05,NORMAL_REPEATED_ACTIVITY
L05_001955,226,TRANSFER,39.9,C1783240022,798.0,758.1,C_LEGIT_373390356,0.0,39.9,0,0,L05_00280,LEGITIMATE_MULTIPLE_SMALL_TRANSACTIONS,None - repeated small transactions within normal behavioral range,NONE,1,2,7,253.4,13,0.05,NORMAL_REPEATED_ACTIVITY
L05_001956,235,TRANSFER,37.91,C1783240022,758.1,720.19,C_LEGIT_245142754,0.0,37.91,0,0,L05_00280,LEGITIMATE_MULTIPLE_SMALL_TRANSACTIONS,None - repeated small transactions within normal behavioral range,NONE,1,3,7,253.4,9,0.05,NORMAL_REPEATED_ACTIVITY
L05_001957,237,TRANSFER,36.01,C1783240022,720.19,684.18,C_LEGIT_605501614,0.0,36.01,0,0,L05_00280,LEGITIMATE_MULTIPLE_SMALL_TRANSACTIONS,None - repeated small transactions within normal behavioral range,NONE,1,4,7,253.4,2,0.05,NORMAL_REPEATED_ACTIVITY
L05_001958,242,TRANSFER,34.21,C1783240022,684.18,649.97,C_LEGIT_896290777,0.0,34.21,0,0,L05_00280,LEGITIMATE_MULTIPLE_SMALL_TRANSACTIONS,None - repeated small transactions within normal behavioral range,NONE,1,5,7,253.4,5,0.05,NORMAL_REPEATED_ACTIVITY
L05_001959,250,TRANSFER,32.5,C1783240022,649.97,617.47,C_LEGIT_212939534,0.0,32.5,0,0,L05_00280,LEGITIMATE_MULTIPLE_SMALL_TRANSACTIONS,None - repeated small transactions within normal behavioral range,NONE,1,6,7,253.4,8,0.05,NORMAL_REPEATED_ACTIVITY
L05_001960,282,TRANSFER,30.87,C1783240022,617.47,586.6,C_LEGIT_888468678,0.0,30.87,0,0,L05_00280,LEGITIMATE_MULTIPLE_SMALL_TRANSACTIONS,None - repeated small transactions within normal behavioral range,NONE,1,7,7,253.4,32,0.05,NORMAL_REPEATED_ACTIVITY
L05_001961,412,TRANSFER,13565.37,C63851868,271307.35,257741.98,C_LEGIT_130312450,0.0,13565.37,0,0,L05_00281,LEGITIMATE_MULTIPLE_SMALL_TRANSACTIONS,None - repeated small transactions within normal behavioral range,NONE,1,1,7,81843.31,0,0.05,NORMAL_REPEATED_ACTIVITY
L05_001962,423,TRANSFER,12887.1,C63851868,257741.98,244854.88,C_LEGIT_868381725,0.0,12887.1,0,0,L05_00281,LEGITIMATE_MULTIPLE_SMALL_TRANSACTIONS,None - repeated small transactions within normal behavioral range,NONE,1,2,7,81843.31,11,0.05,NORMAL_REPEATED_ACTIVITY
L05_001963,440,TRANSFER,12242.74,C63851868,244854.88,232612.14,C_LEGIT_524797145,0.0,12242.74,0,0,L05_00281,LEGITIMATE_MULTIPLE_SMALL_TRANSACTIONS,None - repeated small transactions within normal behavioral range,NONE,1,3,7,81843.31,17,0.05,NORMAL_REPEATED_ACTIVITY
L05_001964,451,TRANSFER,11630.61,C63851868,232612.14,220981.53,C_LEGIT_129849313,0.0,11630.61,0,0,L05_00281,LEGITIMATE_MULTIPLE_SMALL_TRANSACTIONS,None - repeated small transactions within normal behavioral range,NONE,1,4,7,81843.31,11,0.05,NORMAL_REPEATED_ACTIVITY
L05_001965,470,TRANSFER,11049.08,C63851868,220981.53,209932.45,C_LEGIT_690113775,0.0,11049.08,0,0,L05_00281,LEGITIMATE_MULTIPLE_SMALL_TRANSACTIONS,None - repeated small transactions within normal behavioral range,NONE,1,5,7,81843.31,19,0.05,NORMAL_REPEATED_ACTIVITY
L05_001966,478,TRANSFER,10496.62,C63851868,209932.45,199435.83,C_LEGIT_254760195,0.0,10496.62,0,0,L05_00281,LEGITIMATE_MULTIPLE_SMALL_TRANSACTIONS,None - repeated small transactions within normal behavioral range,NONE,1,6,7,81843.31,8,0.05,NORMAL_REPEATED_ACTIVITY
L05_001967,481,TRANSFER,9971.79,C63851868,199435.83,189464.04,C_LEGIT_189664549,0.0,9971.79,0,0,L05_00281,LEGITIMATE_MULTIPLE_SMALL_TRANSACTIONS,None - repeated small transactions within normal behavioral range,NONE,1,7,7,81843.31,3,0.05,NORMAL_REPEATED_ACTIVITY
L05_001968,383,TRANSFER,795.25,C981831759,15905.0,15109.75,C_LEGIT_622443515,0.0,795.25,0,0,L05_00282,LEGITIMATE_MULTIPLE_SMALL_TRANSACTIONS,None - repeated small transactions within normal behavioral range,NONE,1,1,7,4797.95,0,0.05,NORMAL_REPEATED_ACTIVITY
L05_001969,391,TRANSFER,755.49,C981831759,15109.75,14354.26,C_LEGIT_137014295,0.0,755.49,0,0,L05_00282,LEGITIMATE_MULTIPLE_SMALL_TRANSACTIONS,None - repeated small transactions within normal behavioral range,NONE,1,2,7,4797.95,8,0.05,NORMAL_REPEATED_ACTIVITY
L05_001970,400,TRANSFER,717.71,C981831759,14354.26,13636.55,C_LEGIT_488942751,0.0,717.71,0,0,L05_00282,LEGITIMATE_MULTIPLE_SMALL_TRANSACTIONS,None - repeated small transactions within normal behavioral range,NONE,1,3,7,4797.95,9,0.05,NORMAL_REPEATED_ACTIVITY
L05_001971,426,TRANSFER,681.83,C981831759,13636.55,12954.72,C_LEGIT_133052081,0.0,681.83,0,0,L05_00282,LEGITIMATE_MULTIPLE_SMALL_TRANSACTIONS,None - repeated small transactions within normal behavioral range,NONE,1,4,7,4797.95,26,0.05,NORMAL_REPEATED_ACTIVITY
L05_001972,431,TRANSFER,647.74,C981831759,12954.72,12306.98,C_LEGIT_567881439,0.0,647.74,0,0,L05_00282,LEGITIMATE_MULTIPLE_SMALL_TRANSACTIONS,None - repeated small transactions within normal behavioral range,NONE,1,5,7,4797.95,5,0.05,NORMAL_REPEATED_ACTIVITY
L05_001973,442,TRANSFER,615.35,C981831759,12306.98,11691.63,C_LEGIT_423105633,0.0,615.35,0,0,L05_00282,LEGITIMATE_MULTIPLE_SMALL_TRANSACTIONS,None - repeated small transactions within normal behavioral range,NONE,1,6,7,4797.95,11,0.05,NORMAL_REPEATED_ACTIVITY
L05_001974,454,TRANSFER,584.58,C981831759,11691.63,11107.05,C_LEGIT_532780269,0.0,584.58,0,0,L05_00282,LEGITIMATE_MULTIPLE_SMALL_TRANSACTIONS,None - repeated small transactions within normal behavioral range,NONE,1,7,7,4797.95,12,0.05,NORMAL_REPEATED_ACTIVITY
L05_001975,173,TRANSFER,5.9,C1726083516,118.0,112.1,C_LEGIT_523974162,0.0,5.9,0,0,L05_00283,LEGITIMATE_MULTIPLE_SMALL_TRANSACTIONS,None - repeated small transactions within normal behavioral range,NONE,1,1,7,35.6,0,0.05,NORMAL_REPEATED_ACTIVITY
L05_001976,185,TRANSFER,5.61,C1726083516,112.1,106.49,C_LEGIT_868322636,0.0,5.61,0,0,L05_00283,LEGITIMATE_MULTIPLE_SMALL_TRANSACTIONS,None - repeated small transactions within normal behavioral range,NONE,1,2,7,35.6,12,0.05,NORMAL_REPEATED_ACTIVITY
L05_001977,203,TRANSFER,5.32,C1726083516,106.49,101.17,C_LEGIT_351544850,0.0,5.32,0,0,L05_00283,LEGITIMATE_MULTIPLE_SMALL_TRANSACTIONS,None - repeated small transactions within normal behavioral range,NONE,1,3,7,35.6,18,0.05,NORMAL_REPEATED_ACTIVITY
L05_001978,220,TRANSFER,5.06,C1726083516,101.17,96.11,C_LEGIT_210225509,0.0,5.06,0,0,L05_00283,LEGITIMATE_MULTIPLE_SMALL_TRANSACTIONS,None - repeated small transactions within normal behavioral range,NONE,1,4,7,35.6,17,0.05,NORMAL_REPEATED_ACTIVITY
L05_001979,225,TRANSFER,4.81,C1726083516,96.11,91.3,C_LEGIT_521535422,0.0,4.81,0,0,L05_00283,LEGITIMATE_MULTIPLE_SMALL_TRANSACTIONS,None - repeated small transactions within normal behavioral range,NONE,1,5,7,35.6,5,0.05,NORMAL_REPEATED_ACTIVITY
L05_001980,229,TRANSFER,4.56,C1726083516,91.3,86.74,C_LEGIT_169352271,0.0,4.56,0,0,L05_00283,LEGITIMATE_MULTIPLE_SMALL_TRANSACTIONS,None - repeated small transactions within normal behavioral range,NONE,1,6,7,35.6,4,0.0499,NORMAL_REPEATED_ACTIVITY
L05_001981,241,TRANSFER,4.34,C1726083516,86.74,82.4,C_LEGIT_658853568,0.0,4.34,0,0,L05_00283,LEGITIMATE_MULTIPLE_SMALL_TRANSACTIONS,None - repeated small transactions within normal behavioral range,NONE,1,7,7,35.6,12,0.05,NORMAL_REPEATED_ACTIVITY
L05_001982,171,TRANSFER,401.05,C1816744128,8021.0,7619.95,C_LEGIT_503994772,0.0,401.05,0,0,L05_00284,LEGITIMATE_MULTIPLE_SMALL_TRANSACTIONS,None - repeated small transactions within normal behavioral range,NONE,1,1,7,2419.64,0,0.05,NORMAL_REPEATED_ACTIVITY
L05_001983,198,TRANSFER,381.0,C1816744128,7619.95,7238.95,C_LEGIT_440703233,0.0,381.0,0,0,L05_00284,LEGITIMATE_MULTIPLE_SMALL_TRANSACTIONS,None - repeated small transactions within normal behavioral range,NONE,1,2,7,2419.64,27,0.05,NORMAL_REPEATED_ACTIVITY
L05_001984,204,TRANSFER,361.95,C1816744128,7238.95,6877.0,C_LEGIT_794148875,0.0,361.95,0,0,L05_00284,LEGITIMATE_MULTIPLE_SMALL_TRANSACTIONS,None - repeated small transactions within normal behavioral range,NONE,1,3,7,2419.64,6,0.05,NORMAL_REPEATED_ACTIVITY
L05_001985,210,TRANSFER,343.85,C1816744128,6877.0,6533.15,C_LEGIT_452107784,0.0,343.85,0,0,L05_00284,LEGITIMATE_MULTIPLE_SMALL_TRANSACTIONS,None - repeated small transactions within normal behavioral range,NONE,1,4,7,2419.64,6,0.05,NORMAL_REPEATED_ACTIVITY
L05_001986,216,TRANSFER,326.66,C1816744128,6533.15,6206.49,C_LEGIT_308664685,0.0,326.66,0,0,L05_00284,LEGITIMATE_MULTIPLE_SMALL_TRANSACTIONS,None - repeated small transactions within normal behavioral range,NONE,1,5,7,2419.64,6,0.05,NORMAL_REPEATED_ACTIVITY
L05_001987,243,TRANSFER,310.32,C1816744128,6206.49,5896.17,C_LEGIT_206983752,0.0,310.32,0,0,L05_00284,LEGITIMATE_MULTIPLE_SMALL_TRANSACTIONS,None - repeated small transactions within normal behavioral range,NONE,1,6,7,2419.64,27,0.05,NORMAL_REPEATED_ACTIVITY
L05_001988,250,TRANSFER,294.81,C1816744128,5896.17,5601.36,C_LEGIT_995185048,0.0,294.81,0,0,L05_00284,LEGITIMATE_MULTIPLE_SMALL_TRANSACTIONS,None - repeated small transactions within normal behavioral range,NONE,1,7,7,2419.64,7,0.05,NORMAL_REPEATED_ACTIVITY
L05_001989,246,TRANSFER,8071.7,C91176537,161434.0,153362.3,C_LEGIT_475405814,0.0,8071.7,0,0,L05_00285,LEGITIMATE_MULTIPLE_SMALL_TRANSACTIONS,None - repeated small transactions within normal behavioral range,NONE,1,1,7,48698.61,0,0.05,NORMAL_REPEATED_ACTIVITY
L05_001990,254,TRANSFER,7668.11,C91176537,153362.3,145694.19,C_LEGIT_884083923,0.0,7668.11,0,0,L05_00285,LEGITIMATE_MULTIPLE_SMALL_TRANSACTIONS,None - repeated small transactions within normal behavioral range,NONE,1,2,7,48698.61,8,0.05,NORMAL_REPEATED_ACTIVITY
L05_001991,255,TRANSFER,7284.71,C91176537,145694.19,138409.48,C_LEGIT_759361514,0.0,7284.71,0,0,L05_00285,LEGITIMATE_MULTIPLE_SMALL_TRANSACTIONS,None - repeated small transactions within normal behavioral range,NONE,1,3,7,48698.61,1,0.05,NORMAL_REPEATED_ACTIVITY
L05_001992,258,TRANSFER,6920.47,C91176537,138409.48,131489.01,C_LEGIT_109405903,0.0,6920.47,0,0,L05_00285,LEGITIMATE_MULTIPLE_SMALL_TRANSACTIONS,None - repeated small transactions within normal behavioral range,NONE,1,4,7,48698.61,3,0.05,NORMAL_REPEATED_ACTIVITY
L05_001993,269,TRANSFER,6574.45,C91176537,131489.01,124914.56,C_LEGIT_506926862,0.0,6574.45,0,0,L05_00285,LEGITIMATE_MULTIPLE_SMALL_TRANSACTIONS,None - repeated small transactions within normal behavioral range,NONE,1,5,7,48698.61,11,0.05,NORMAL_REPEATED_ACTIVITY
L05_001994,286,TRANSFER,6245.73,C91176537,124914.56,118668.83,C_LEGIT_154840495,0.0,6245.73,0,0,L05_00285,LEGITIMATE_MULTIPLE_SMALL_TRANSACTIONS,None - repeated small transactions within normal behavioral range,NONE,1,6,7,48698.61,17,0.05,NORMAL_REPEATED_ACTIVITY
L05_001995,294,TRANSFER,5933.44,C91176537,118668.83,112735.39,C_LEGIT_707605162,0.0,5933.44,0,0,L05_00285,LEGITIMATE_MULTIPLE_SMALL_TRANSACTIONS,None - repeated small transactions within normal behavioral range,NONE,1,7,7,48698.61,8,0.05,NORMAL_REPEATED_ACTIVITY
L05_001996,224,TRANSFER,165.0,C1954729685,3300.0,3135.0,C_LEGIT_417896208,0.0,165.0,0,0,L05_00286,LEGITIMATE_MULTIPLE_SMALL_TRANSACTIONS,None - repeated small transactions within normal behavioral range,NONE,1,1,7,995.48,0,0.05,NORMAL_REPEATED_ACTIVITY
L05_001997,226,TRANSFER,156.75,C1954729685,3135.0,2978.25,C_LEGIT_427992808,0.0,156.75,0,0,L05_00286,LEGITIMATE_MULTIPLE_SMALL_TRANSACTIONS,None - repeated small transactions within normal behavioral range,NONE,1,2,7,995.48,2,0.05,NORMAL_REPEATED_ACTIVITY
L05_001998,228,TRANSFER,148.91,C1954729685,2978.25,2829.34,C_LEGIT_995999959,0.0,148.91,0,0,L05_00286,LEGITIMATE_MULTIPLE_SMALL_TRANSACTIONS,None - repeated small transactions within normal behavioral range,NONE,1,3,7,995.48,2,0.05,NORMAL_REPEATED_ACTIVITY
L05_001999,256,TRANSFER,141.47,C1954729685,2829.34,2687.87,C_LEGIT_989195661,0.0,141.47,0,0,L05_00286,LEGITIMATE_MULTIPLE_SMALL_TRANSACTIONS,None - repeated small transactions within normal behavioral range,NONE,1,4,7,995.48,28,0.05,NORMAL_REPEATED_ACTIVITY
L05_002000,259,TRANSFER,134.39,C1954729685,2687.87,2553.48,C_LEGIT_546217128,0.0,134.39,0,0,L05_00286,LEGITIMATE_MULTIPLE_SMALL_TRANSACTIONS,None - repeated small transactions within normal behavioral range,NONE,1,5,7,995.48,3,0.05,NORMAL_REPEATED_ACTIVITY
L05_002001,260,TRANSFER,127.67,C1954729685,2553.48,2425.81,C_LEGIT_244851648,0.0,127.67,0,0,L05_00286,LEGITIMATE_MULTIPLE_SMALL_TRANSACTIONS,None - repeated small transactions within normal behavioral range,NONE,1,6,7,995.48,1,0.05,NORMAL_REPEATED_ACTIVITY
L05_002002,276,TRANSFER,121.29,C1954729685,2425.81,2304.52,C_LEGIT_863011013,0.0,121.29,0,0,L05_00286,LEGITIMATE_MULTIPLE_SMALL_TRANSACTIONS,None - repeated small transactions within normal behavioral range,NONE,1,7,7,995.48,16,0.05,NORMAL_REPEATED_ACTIVITY
L05_002003,143,TRANSFER,9636.25,C420424865,192725.0,183088.75,C_LEGIT_214627930,0.0,9636.25,0,0,L05_00287,LEGITIMATE_MULTIPLE_SMALL_TRANSACTIONS,None - repeated small transactions within normal behavioral range,NONE,1,1,7,58137.96,0,0.05,NORMAL_REPEATED_ACTIVITY
L05_002004,150,TRANSFER,9154.44,C420424865,183088.75,173934.31,C_LEGIT_545449475,0.0,9154.44,0,0,L05_00287,LEGITIMATE_MULTIPLE_SMALL_TRANSACTIONS,None - repeated small transactions within normal behavioral range,NONE,1,2,7,58137.96,7,0.05,NORMAL_REPEATED_ACTIVITY
L05_002005,154,TRANSFER,8696.72,C420424865,173934.31,165237.59,C_LEGIT_276749592,0.0,8696.72,0,0,L05_00287,LEGITIMATE_MULTIPLE_SMALL_TRANSACTIONS,None - repeated small transactions within normal behavioral range,NONE,1,3,7,58137.96,4,0.05,NORMAL_REPEATED_ACTIVITY
L05_002006,157,TRANSFER,8261.88,C420424865,165237.59,156975.71,C_LEGIT_121347841,0.0,8261.88,0,0,L05_00287,LEGITIMATE_MULTIPLE_SMALL_TRANSACTIONS,None - repeated small transactions within normal behavioral range,NONE,1,4,7,58137.96,3,0.05,NORMAL_REPEATED_ACTIVITY
L05_002007,179,TRANSFER,7848.79,C420424865,156975.71,149126.92,C_LEGIT_989606330,0.0,7848.79,0,0,L05_00287,LEGITIMATE_MULTIPLE_SMALL_TRANSACTIONS,None - repeated small transactions within normal behavioral range,NONE,1,5,7,58137.96,22,0.05,NORMAL_REPEATED_ACTIVITY
L05_002008,199,TRANSFER,7456.35,C420424865,149126.92,141670.57,C_LEGIT_810650153,0.0,7456.35,0,0,L05_00287,LEGITIMATE_MULTIPLE_SMALL_TRANSACTIONS,None - repeated small transactions within normal behavioral range,NONE,1,6,7,58137.96,20,0.05,NORMAL_REPEATED_ACTIVITY
L05_002009,235,TRANSFER,7083.53,C420424865,141670.57,134587.04,C_LEGIT_492708145,0.0,7083.53,0,0,L05_00287,LEGITIMATE_MULTIPLE_SMALL_TRANSACTIONS,None - repeated small transactions within normal behavioral range,NONE,1,7,7,58137.96,36,0.05,NORMAL_REPEATED_ACTIVITY
L05_002010,159,TRANSFER,52219.88,C792820651,1044397.69,992177.81,C_LEGIT_993499672,0.0,52219.88,0,0,L05_00288,LEGITIMATE_MULTIPLE_SMALL_TRANSACTIONS,None - repeated small transactions within normal behavioral range,NONE,1,1,7,315055.82,0,0.05,NORMAL_REPEATED_ACTIVITY
L05_002011,189,TRANSFER,49608.89,C792820651,992177.81,942568.92,C_LEGIT_143193148,0.0,49608.89,0,0,L05_00288,LEGITIMATE_MULTIPLE_SMALL_TRANSACTIONS,None - repeated small transactions within normal behavioral range,NONE,1,2,7,315055.82,30,0.05,NORMAL_REPEATED_ACTIVITY
L05_002012,198,TRANSFER,47128.45,C792820651,942568.92,895440.47,C_LEGIT_305198014,0.0,47128.45,0,0,L05_00288,LEGITIMATE_MULTIPLE_SMALL_TRANSACTIONS,None - repeated small transactions within normal behavioral range,NONE,1,3,7,315055.82,9,0.05,NORMAL_REPEATED_ACTIVITY
L05_002013,203,TRANSFER,44772.02,C792820651,895440.47,850668.45,C_LEGIT_106666908,0.0,44772.02,0,0,L05_00288,LEGITIMATE_MULTIPLE_SMALL_TRANSACTIONS,None - repeated small transactions within normal behavioral range,NONE,1,4,7,315055.82,5,0.05,NORMAL_REPEATED_ACTIVITY
L05_002014,204,TRANSFER,42533.42,C792820651,850668.45,808135.03,C_LEGIT_739473890,0.0,42533.42,0,0,L05_00288,LEGITIMATE_MULTIPLE_SMALL_TRANSACTIONS,None - repeated small transactions within normal behavioral range,NONE,1,5,7,315055.82,1,0.05,NORMAL_REPEATED_ACTIVITY
L05_002015,231,TRANSFER,40406.75,C792820651,808135.03,767728.28,C_LEGIT_904658478,0.0,40406.75,0,0,L05_00288,LEGITIMATE_MULTIPLE_SMALL_TRANSACTIONS,None - repeated small transactions within normal behavioral range,NONE,1,6,7,315055.82,27,0.05,NORMAL_REPEATED_ACTIVITY
L05_002016,240,TRANSFER,38386.41,C792820651,767728.28,729341.87,C_LEGIT_471903421,0.0,38386.41,0,0,L05_00288,LEGITIMATE_MULTIPLE_SMALL_TRANSACTIONS,None - repeated small transactions within normal behavioral range,NONE,1,7,7,315055.82,9,0.05,NORMAL_REPEATED_ACTIVITY
L05_002017,204,TRANSFER,3208.05,C496511358,64161.0,60952.95,C_LEGIT_779166732,0.0,3208.05,0,0,L05_00289,LEGITIMATE_MULTIPLE_SMALL_TRANSACTIONS,None - repeated small transactions within normal behavioral range,NONE,1,1,7,19354.98,0,0.05,NORMAL_REPEATED_ACTIVITY
L05_002018,208,TRANSFER,3047.65,C496511358,60952.95,57905.3,C_LEGIT_793818101,0.0,3047.65,0,0,L05_00289,LEGITIMATE_MULTIPLE_SMALL_TRANSACTIONS,None - repeated small transactions within normal behavioral range,NONE,1,2,7,19354.98,4,0.05,NORMAL_REPEATED_ACTIVITY
L05_002019,214,TRANSFER,2895.26,C496511358,57905.3,55010.04,C_LEGIT_341724286,0.0,2895.26,0,0,L05_00289,LEGITIMATE_MULTIPLE_SMALL_TRANSACTIONS,None - repeated small transactions within normal behavioral range,NONE,1,3,7,19354.98,6,0.05,NORMAL_REPEATED_ACTIVITY
L05_002020,244,TRANSFER,2750.5,C496511358,55010.04,52259.54,C_LEGIT_555648807,0.0,2750.5,0,0,L05_00289,LEGITIMATE_MULTIPLE_SMALL_TRANSACTIONS,None - repeated small transactions within normal behavioral range,NONE,1,4,7,19354.98,30,0.05,NORMAL_REPEATED_ACTIVITY
L05_002021,271,TRANSFER,2612.98,C496511358,52259.54,49646.56,C_LEGIT_219502257,0.0,2612.98,0,0,L05_00289,LEGITIMATE_MULTIPLE_SMALL_TRANSACTIONS,None - repeated small transactions within normal behavioral range,NONE,1,5,7,19354.98,27,0.05,NORMAL_REPEATED_ACTIVITY
L05_002022,273,TRANSFER,2482.33,C496511358,49646.56,47164.23,C_LEGIT_616977943,0.0,2482.33,0,0,L05_00289,LEGITIMATE_MULTIPLE_SMALL_TRANSACTIONS,None - repeated small transactions within normal behavioral range,NONE,1,6,7,19354.98,2,0.05,NORMAL_REPEATED_ACTIVITY
L05_002023,277,TRANSFER,2358.21,C496511358,47164.23,44806.02,C_LEGIT_555630943,0.0,2358.21,0,0,L05_00289,LEGITIMATE_MULTIPLE_SMALL_TRANSACTIONS,None - repeated small transactions within normal behavioral range,NONE,1,7,7,19354.98,4,0.05,NORMAL_REPEATED_ACTIVITY
L05_002024,271,TRANSFER,3343.5,C1601470358,66870.0,63526.5,C_LEGIT_861422317,0.0,3343.5,0,0,L05_00290,LEGITIMATE_MULTIPLE_SMALL_TRANSACTIONS,None - repeated small transactions within normal behavioral range,NONE,1,1,7,20172.19,0,0.05,NORMAL_REPEATED_ACTIVITY
L05_002025,283,TRANSFER,3176.33,C1601470358,63526.5,60350.17,C_LEGIT_182627772,0.0,3176.33,0,0,L05_00290,LEGITIMATE_MULTIPLE_SMALL_TRANSACTIONS,None - repeated small transactions within normal behavioral range,NONE,1,2,7,20172.19,12,0.05,NORMAL_REPEATED_ACTIVITY
L05_002026,311,TRANSFER,3017.51,C1601470358,60350.17,57332.66,C_LEGIT_923766557,0.0,3017.51,0,0,L05_00290,LEGITIMATE_MULTIPLE_SMALL_TRANSACTIONS,None - repeated small transactions within normal behavioral range,NONE,1,3,7,20172.19,28,0.05,NORMAL_REPEATED_ACTIVITY
L05_002027,315,TRANSFER,2866.63,C1601470358,57332.66,54466.03,C_LEGIT_677877279,0.0,2866.63,0,0,L05_00290,LEGITIMATE_MULTIPLE_SMALL_TRANSACTIONS,None - repeated small transactions within normal behavioral range,NONE,1,4,7,20172.19,4,0.05,NORMAL_REPEATED_ACTIVITY
L05_002028,329,TRANSFER,2723.3,C1601470358,54466.03,51742.73,C_LEGIT_604386623,0.0,2723.3,0,0,L05_00290,LEGITIMATE_MULTIPLE_SMALL_TRANSACTIONS,None - repeated small transactions within normal behavioral range,NONE,1,5,7,20172.19,14,0.05,NORMAL_REPEATED_ACTIVITY
L05_002029,345,TRANSFER,2587.14,C1601470358,51742.73,49155.59,C_LEGIT_983287295,0.0,2587.14,0,0,L05_00290,LEGITIMATE_MULTIPLE_SMALL_TRANSACTIONS,None - repeated small transactions within normal behavioral range,NONE,1,6,7,20172.19,16,0.05,NORMAL_REPEATED_ACTIVITY
L05_002030,347,TRANSFER,2457.78,C1601470358,49155.59,46697.81,C_LEGIT_374785856,0.0,2457.78,0,0,L05_00290,LEGITIMATE_MULTIPLE_SMALL_TRANSACTIONS,None - repeated small transactions within normal behavioral range,NONE,1,7,7,20172.19,2,0.05,NORMAL_REPEATED_ACTIVITY
L05_002031,168,TRANSFER,13901.61,C522751378,278032.17,264130.56,C_LEGIT_151764440,0.0,13901.61,0,0,L05_00291,LEGITIMATE_MULTIPLE_SMALL_TRANSACTIONS,None - repeated small transactions within normal behavioral range,NONE,1,1,7,83871.94,0,0.05,NORMAL_REPEATED_ACTIVITY
L05_002032,176,TRANSFER,13206.53,C522751378,264130.56,250924.03,C_LEGIT_349440704,0.0,13206.53,0,0,L05_00291,LEGITIMATE_MULTIPLE_SMALL_TRANSACTIONS,None - repeated small transactions within normal behavioral range,NONE,1,2,7,83871.94,8,0.05,NORMAL_REPEATED_ACTIVITY
L05_002033,217,TRANSFER,12546.2,C522751378,250924.03,238377.83,C_LEGIT_794840522,0.0,12546.2,0,0,L05_00291,LEGITIMATE_MULTIPLE_SMALL_TRANSACTIONS,None - repeated small transactions within normal behavioral range,NONE,1,3,7,83871.94,41,0.05,NORMAL_REPEATED_ACTIVITY
L05_002034,235,TRANSFER,11918.89,C522751378,238377.83,226458.94,C_LEGIT_602078880,0.0,11918.89,0,0,L05_00291,LEGITIMATE_MULTIPLE_SMALL_TRANSACTIONS,None - repeated small transactions within normal behavioral range,NONE,1,4,7,83871.94,18,0.05,NORMAL_REPEATED_ACTIVITY
L05_002035,244,TRANSFER,11322.95,C522751378,226458.94,215135.99,C_LEGIT_327281223,0.0,11322.95,0,0,L05_00291,LEGITIMATE_MULTIPLE_SMALL_TRANSACTIONS,None - repeated small transactions within normal behavioral range,NONE,1,5,7,83871.94,9,0.05,NORMAL_REPEATED_ACTIVITY
L05_002036,255,TRANSFER,10756.8,C522751378,215135.99,204379.19,C_LEGIT_394029289,0.0,10756.8,0,0,L05_00291,LEGITIMATE_MULTIPLE_SMALL_TRANSACTIONS,None - repeated small transactions within normal behavioral range,NONE,1,6,7,83871.94,11,0.05,NORMAL_REPEATED_ACTIVITY
L05_002037,261,TRANSFER,10218.96,C522751378,204379.19,194160.23,C_LEGIT_319415467,0.0,10218.96,0,0,L05_00291,LEGITIMATE_MULTIPLE_SMALL_TRANSACTIONS,None - repeated small transactions within normal behavioral range,NONE,1,7,7,83871.94,6,0.05,NORMAL_REPEATED_ACTIVITY
L05_002038,275,TRANSFER,499.0,C775821488,9980.0,9481.0,C_LEGIT_703674685,0.0,499.0,0,0,L05_00292,LEGITIMATE_MULTIPLE_SMALL_TRANSACTIONS,None - repeated small transactions within normal behavioral range,NONE,1,1,7,3010.6,0,0.05,NORMAL_REPEATED_ACTIVITY
L05_002039,319,TRANSFER,474.05,C775821488,9481.0,9006.95,C_LEGIT_979738298,0.0,474.05,0,0,L05_00292,LEGITIMATE_MULTIPLE_SMALL_TRANSACTIONS,None - repeated small transactions within normal behavioral range,NONE,1,2,7,3010.6,44,0.05,NORMAL_REPEATED_ACTIVITY
L05_002040,326,TRANSFER,450.35,C775821488,9006.95,8556.6,C_LEGIT_114905495,0.0,450.35,0,0,L05_00292,LEGITIMATE_MULTIPLE_SMALL_TRANSACTIONS,None - repeated small transactions within normal behavioral range,NONE,1,3,7,3010.6,7,0.05,NORMAL_REPEATED_ACTIVITY
L05_002041,331,TRANSFER,427.83,C775821488,8556.6,8128.77,C_LEGIT_339768085,0.0,427.83,0,0,L05_00292,LEGITIMATE_MULTIPLE_SMALL_TRANSACTIONS,None - repeated small transactions within normal behavioral range,NONE,1,4,7,3010.6,5,0.05,NORMAL_REPEATED_ACTIVITY
L05_002042,340,TRANSFER,406.44,C775821488,8128.77,7722.33,C_LEGIT_760993830,0.0,406.44,0,0,L05_00292,LEGITIMATE_MULTIPLE_SMALL_TRANSACTIONS,None - repeated small transactions within normal behavioral range,NONE,1,5,7,3010.6,9,0.05,NORMAL_REPEATED_ACTIVITY
L05_002043,350,TRANSFER,386.12,C775821488,7722.33,7336.21,C_LEGIT_793000864,0.0,386.12,0,0,L05_00292,LEGITIMATE_MULTIPLE_SMALL_TRANSACTIONS,None - repeated small transactions within normal behavioral range,NONE,1,6,7,3010.6,10,0.05,NORMAL_REPEATED_ACTIVITY
L05_002044,358,TRANSFER,366.81,C775821488,7336.21,6969.4,C_LEGIT_264423056,0.0,366.81,0,0,L05_00292,LEGITIMATE_MULTIPLE_SMALL_TRANSACTIONS,None - repeated small transactions within normal behavioral range,NONE,1,7,7,3010.6,8,0.05,NORMAL_REPEATED_ACTIVITY
L05_002045,213,TRANSFER,622.3,C1466983556,12446.0,11823.7,C_LEGIT_367352923,0.0,622.3,0,0,L05_00293,LEGITIMATE_MULTIPLE_SMALL_TRANSACTIONS,None - repeated small transactions within normal behavioral range,NONE,1,1,7,3754.5,0,0.05,NORMAL_REPEATED_ACTIVITY
L05_002046,220,TRANSFER,591.19,C1466983556,11823.7,11232.51,C_LEGIT_937984777,0.0,591.19,0,0,L05_00293,LEGITIMATE_MULTIPLE_SMALL_TRANSACTIONS,None - repeated small transactions within normal behavioral range,NONE,1,2,7,3754.5,7,0.05,NORMAL_REPEATED_ACTIVITY
L05_002047,231,TRANSFER,561.63,C1466983556,11232.51,10670.88,C_LEGIT_894962513,0.0,561.63,0,0,L05_00293,LEGITIMATE_MULTIPLE_SMALL_TRANSACTIONS,None - repeated small transactions within normal behavioral range,NONE,1,3,7,3754.5,11,0.05,NORMAL_REPEATED_ACTIVITY
L05_002048,245,TRANSFER,533.54,C1466983556,10670.88,10137.34,C_LEGIT_416191598,0.0,533.54,0,0,L05_00293,LEGITIMATE_MULTIPLE_SMALL_TRANSACTIONS,None - repeated small transactions within normal behavioral range,NONE,1,4,7,3754.5,14,0.05,NORMAL_REPEATED_ACTIVITY
L05_002049,262,TRANSFER,506.87,C1466983556,10137.34,9630.47,C_LEGIT_974750622,0.0,506.87,0,0,L05_00293,LEGITIMATE_MULTIPLE_SMALL_TRANSACTIONS,None - repeated small transactions within normal behavioral range,NONE,1,5,7,3754.5,17,0.05,NORMAL_REPEATED_ACTIVITY
L05_002050,280,TRANSFER,481.52,C1466983556,9630.47,9148.95,C_LEGIT_157539922,0.0,481.52,0,0,L05_00293,LEGITIMATE_MULTIPLE_SMALL_TRANSACTIONS,None - repeated small transactions within normal behavioral range,NONE,1,6,7,3754.5,18,0.05,NORMAL_REPEATED_ACTIVITY
L05_002051,286,TRANSFER,457.45,C1466983556,9148.95,8691.5,C_LEGIT_656074002,0.0,457.45,0,0,L05_00293,LEGITIMATE_MULTIPLE_SMALL_TRANSACTIONS,None - repeated small transactions within normal behavioral range,NONE,1,7,7,3754.5,6,0.05,NORMAL_REPEATED_ACTIVITY
L05_002052,290,TRANSFER,66.0,C1676738155,1320.0,1254.0,C_LEGIT_179669686,0.0,66.0,0,0,L05_00294,LEGITIMATE_MULTIPLE_SMALL_TRANSACTIONS,None - repeated small transactions within normal behavioral range,NONE,1,1,7,398.2,0,0.05,NORMAL_REPEATED_ACTIVITY
L05_002053,291,TRANSFER,62.7,C1676738155,1254.0,1191.3,C_LEGIT_327412948,0.0,62.7,0,0,L05_00294,LEGITIMATE_MULTIPLE_SMALL_TRANSACTIONS,None - repeated small transactions within normal behavioral range,NONE,1,2,7,398.2,1,0.05,NORMAL_REPEATED_ACTIVITY
L05_002054,303,TRANSFER,59.56,C1676738155,1191.3,1131.74,C_LEGIT_650168932,0.0,59.56,0,0,L05_00294,LEGITIMATE_MULTIPLE_SMALL_TRANSACTIONS,None - repeated small transactions within normal behavioral range,NONE,1,3,7,398.2,12,0.05,NORMAL_REPEATED_ACTIVITY
L05_002055,323,TRANSFER,56.59,C1676738155,1131.74,1075.15,C_LEGIT_687198780,0.0,56.59,0,0,L05_00294,LEGITIMATE_MULTIPLE_SMALL_TRANSACTIONS,None - repeated small transactions within normal behavioral range,NONE,1,4,7,398.2,20,0.05,NORMAL_REPEATED_ACTIVITY
L05_002056,334,TRANSFER,53.76,C1676738155,1075.15,1021.39,C_LEGIT_559686684,0.0,53.76,0,0,L05_00294,LEGITIMATE_MULTIPLE_SMALL_TRANSACTIONS,None - repeated small transactions within normal behavioral range,NONE,1,5,7,398.2,11,0.05,NORMAL_REPEATED_ACTIVITY
L05_002057,335,TRANSFER,51.07,C1676738155,1021.39,970.32,C_LEGIT_570164289,0.0,51.07,0,0,L05_00294,LEGITIMATE_MULTIPLE_SMALL_TRANSACTIONS,None - repeated small transactions within normal behavioral range,NONE,1,6,7,398.2,1,0.05,NORMAL_REPEATED_ACTIVITY
L05_002058,338,TRANSFER,48.52,C1676738155,970.32,921.8,C_LEGIT_358381167,0.0,48.52,0,0,L05_00294,LEGITIMATE_MULTIPLE_SMALL_TRANSACTIONS,None - repeated small transactions within normal behavioral range,NONE,1,7,7,398.2,3,0.05,NORMAL_REPEATED_ACTIVITY
L05_002059,260,TRANSFER,1133.45,C347807306,22669.0,21535.55,C_LEGIT_911638188,0.0,1133.45,0,0,L05_00295,LEGITIMATE_MULTIPLE_SMALL_TRANSACTIONS,None - repeated small transactions within normal behavioral range,NONE,1,1,7,6838.39,0,0.05,NORMAL_REPEATED_ACTIVITY
L05_002060,274,TRANSFER,1076.78,C347807306,21535.55,20458.77,C_LEGIT_723186904,0.0,1076.78,0,0,L05_00295,LEGITIMATE_MULTIPLE_SMALL_TRANSACTIONS,None - repeated small transactions within normal behavioral range,NONE,1,2,7,6838.39,14,0.05,NORMAL_REPEATED_ACTIVITY
L05_002061,283,TRANSFER,1022.94,C347807306,20458.77,19435.83,C_LEGIT_206097087,0.0,1022.94,0,0,L05_00295,LEGITIMATE_MULTIPLE_SMALL_TRANSACTIONS,None - repeated small transactions within normal behavioral range,NONE,1,3,7,6838.39,9,0.05,NORMAL_REPEATED_ACTIVITY
L05_002062,298,TRANSFER,971.79,C347807306,19435.83,18464.04,C_LEGIT_273379904,0.0,971.79,0,0,L05_00295,LEGITIMATE_MULTIPLE_SMALL_TRANSACTIONS,None - repeated small transactions within normal behavioral range,NONE,1,4,7,6838.39,15,0.05,NORMAL_REPEATED_ACTIVITY
L05_002063,315,TRANSFER,923.2,C347807306,18464.04,17540.84,C_LEGIT_196229823,0.0,923.2,0,0,L05_00295,LEGITIMATE_MULTIPLE_SMALL_TRANSACTIONS,None - repeated small transactions within normal behavioral range,NONE,1,5,7,6838.39,17,0.05,NORMAL_REPEATED_ACTIVITY
L05_002064,324,TRANSFER,877.04,C347807306,17540.84,16663.8,C_LEGIT_916431709,0.0,877.04,0,0,L05_00295,LEGITIMATE_MULTIPLE_SMALL_TRANSACTIONS,None - repeated small transactions within normal behavioral range,NONE,1,6,7,6838.39,9,0.05,NORMAL_REPEATED_ACTIVITY
L05_002065,342,TRANSFER,833.19,C347807306,16663.8,15830.61,C_LEGIT_934694538,0.0,833.19,0,0,L05_00295,LEGITIMATE_MULTIPLE_SMALL_TRANSACTIONS,None - repeated small transactions within normal behavioral range,NONE,1,7,7,6838.39,18,0.05,NORMAL_REPEATED_ACTIVITY
L05_002066,153,TRANSFER,1568.2,C1325209422,31364.0,29795.8,C_LEGIT_139276935,0.0,1568.2,0,0,L05_00296,LEGITIMATE_MULTIPLE_SMALL_TRANSACTIONS,None - repeated small transactions within normal behavioral range,NONE,1,1,7,9461.35,0,0.05,NORMAL_REPEATED_ACTIVITY
L05_002067,166,TRANSFER,1489.79,C1325209422,29795.8,28306.01,C_LEGIT_868705551,0.0,1489.79,0,0,L05_00296,LEGITIMATE_MULTIPLE_SMALL_TRANSACTIONS,None - repeated small transactions within normal behavioral range,NONE,1,2,7,9461.35,13,0.05,NORMAL_REPEATED_ACTIVITY
L05_002068,186,TRANSFER,1415.3,C1325209422,28306.01,26890.71,C_LEGIT_880696589,0.0,1415.3,0,0,L05_00296,LEGITIMATE_MULTIPLE_SMALL_TRANSACTIONS,None - repeated small transactions within normal behavioral range,NONE,1,3,7,9461.35,20,0.05,NORMAL_REPEATED_ACTIVITY
L05_002069,187,TRANSFER,1344.54,C1325209422,26890.71,25546.17,C_LEGIT_282071672,0.0,1344.54,0,0,L05_00296,LEGITIMATE_MULTIPLE_SMALL_TRANSACTIONS,None - repeated small transactions within normal behavioral range,NONE,1,4,7,9461.35,1,0.05,NORMAL_REPEATED_ACTIVITY
L05_002070,196,TRANSFER,1277.31,C1325209422,25546.17,24268.86,C_LEGIT_869202991,0.0,1277.31,0,0,L05_00296,LEGITIMATE_MULTIPLE_SMALL_TRANSACTIONS,None - repeated small transactions within normal behavioral range,NONE,1,5,7,9461.35,9,0.05,NORMAL_REPEATED_ACTIVITY
L05_002071,205,TRANSFER,1213.44,C1325209422,24268.86,23055.42,C_LEGIT_844143583,0.0,1213.44,0,0,L05_00296,LEGITIMATE_MULTIPLE_SMALL_TRANSACTIONS,None - repeated small transactions within normal behavioral range,NONE,1,6,7,9461.35,9,0.05,NORMAL_REPEATED_ACTIVITY
L05_002072,226,TRANSFER,1152.77,C1325209422,23055.42,21902.65,C_LEGIT_430321600,0.0,1152.77,0,0,L05_00296,LEGITIMATE_MULTIPLE_SMALL_TRANSACTIONS,None - repeated small transactions within normal behavioral range,NONE,1,7,7,9461.35,21,0.05,NORMAL_REPEATED_ACTIVITY
L05_002073,26,TRANSFER,711.2,C1647276,14224.0,13512.8,C_LEGIT_558278443,0.0,711.2,0,0,L05_00297,LEGITIMATE_MULTIPLE_SMALL_TRANSACTIONS,None - repeated small transactions within normal behavioral range,NONE,1,1,7,4290.85,0,0.05,NORMAL_REPEATED_ACTIVITY
L05_002074,27,TRANSFER,675.64,C1647276,13512.8,12837.16,C_LEGIT_167753593,0.0,675.64,0,0,L05_00297,LEGITIMATE_MULTIPLE_SMALL_TRANSACTIONS,None - repeated small transactions within normal behavioral range,NONE,1,2,7,4290.85,1,0.05,NORMAL_REPEATED_ACTIVITY
L05_002075,67,TRANSFER,641.86,C1647276,12837.16,12195.3,C_LEGIT_240024348,0.0,641.86,0,0,L05_00297,LEGITIMATE_MULTIPLE_SMALL_TRANSACTIONS,None - repeated small transactions within normal behavioral range,NONE,1,3,7,4290.85,40,0.05,NORMAL_REPEATED_ACTIVITY
L05_002076,74,TRANSFER,609.76,C1647276,12195.3,11585.54,C_LEGIT_608737944,0.0,609.76,0,0,L05_00297,LEGITIMATE_MULTIPLE_SMALL_TRANSACTIONS,None - repeated small transactions within normal behavioral range,NONE,1,4,7,4290.85,7,0.05,NORMAL_REPEATED_ACTIVITY
L05_002077,85,TRANSFER,579.28,C1647276,11585.54,11006.26,C_LEGIT_773554280,0.0,579.28,0,0,L05_00297,LEGITIMATE_MULTIPLE_SMALL_TRANSACTIONS,None - repeated small transactions within normal behavioral range,NONE,1,5,7,4290.85,11,0.05,NORMAL_REPEATED_ACTIVITY
L05_002078,99,TRANSFER,550.31,C1647276,11006.26,10455.95,C_LEGIT_729750979,0.0,550.31,0,0,L05_00297,LEGITIMATE_MULTIPLE_SMALL_TRANSACTIONS,None - repeated small transactions within normal behavioral range,NONE,1,6,7,4290.85,14,0.05,NORMAL_REPEATED_ACTIVITY
L05_002079,103,TRANSFER,522.8,C1647276,10455.95,9933.15,C_LEGIT_168613671,0.0,522.8,0,0,L05_00297,LEGITIMATE_MULTIPLE_SMALL_TRANSACTIONS,None - repeated small transactions within normal behavioral range,NONE,1,7,7,4290.85,4,0.05,NORMAL_REPEATED_ACTIVITY
L05_002080,361,TRANSFER,1126.85,C1683472536,22537.0,21410.15,C_LEGIT_852097649,0.0,1126.85,0,0,L05_00298,LEGITIMATE_MULTIPLE_SMALL_TRANSACTIONS,None - repeated small transactions within normal behavioral range,NONE,1,1,7,6798.58,0,0.05,NORMAL_REPEATED_ACTIVITY
L05_002081,363,TRANSFER,1070.51,C1683472536,21410.15,20339.64,C_LEGIT_201336017,0.0,1070.51,0,0,L05_00298,LEGITIMATE_MULTIPLE_SMALL_TRANSACTIONS,None - repeated small transactions within normal behavioral range,NONE,1,2,7,6798.58,2,0.05,NORMAL_REPEATED_ACTIVITY
L05_002082,364,TRANSFER,1016.98,C1683472536,20339.64,19322.66,C_LEGIT_190173075,0.0,1016.98,0,0,L05_00298,LEGITIMATE_MULTIPLE_SMALL_TRANSACTIONS,None - repeated small transactions within normal behavioral range,NONE,1,3,7,6798.58,1,0.05,NORMAL_REPEATED_ACTIVITY
L05_002083,377,TRANSFER,966.13,C1683472536,19322.66,18356.53,C_LEGIT_341761846,0.0,966.13,0,0,L05_00298,LEGITIMATE_MULTIPLE_SMALL_TRANSACTIONS,None - repeated small transactions within normal behavioral range,NONE,1,4,7,6798.58,13,0.05,NORMAL_REPEATED_ACTIVITY
L05_002084,385,TRANSFER,917.83,C1683472536,18356.53,17438.7,C_LEGIT_752159161,0.0,917.83,0,0,L05_00298,LEGITIMATE_MULTIPLE_SMALL_TRANSACTIONS,None - repeated small transactions within normal behavioral range,NONE,1,5,7,6798.58,8,0.05,NORMAL_REPEATED_ACTIVITY
L05_002085,386,TRANSFER,871.94,C1683472536,17438.7,16566.76,C_LEGIT_350749903,0.0,871.94,0,0,L05_00298,LEGITIMATE_MULTIPLE_SMALL_TRANSACTIONS,None - repeated small transactions within normal behavioral range,NONE,1,6,7,6798.58,1,0.05,NORMAL_REPEATED_ACTIVITY
L05_002086,408,TRANSFER,828.34,C1683472536,16566.76,15738.42,C_LEGIT_675013350,0.0,828.34,0,0,L05_00298,LEGITIMATE_MULTIPLE_SMALL_TRANSACTIONS,None - repeated small transactions within normal behavioral range,NONE,1,7,7,6798.58,22,0.05,NORMAL_REPEATED_ACTIVITY
L05_002087,369,TRANSFER,1031.8,C1367366441,20636.0,19604.2,C_LEGIT_543222489,0.0,1031.8,0,0,L05_00299,LEGITIMATE_MULTIPLE_SMALL_TRANSACTIONS,None - repeated small transactions within normal behavioral range,NONE,1,1,7,6225.12,0,0.05,NORMAL_REPEATED_ACTIVITY
L05_002088,378,TRANSFER,980.21,C1367366441,19604.2,18623.99,C_LEGIT_924782470,0.0,980.21,0,0,L05_00299,LEGITIMATE_MULTIPLE_SMALL_TRANSACTIONS,None - repeated small transactions within normal behavioral range,NONE,1,2,7,6225.12,9,0.05,NORMAL_REPEATED_ACTIVITY
L05_002089,400,TRANSFER,931.2,C1367366441,18623.99,17692.79,C_LEGIT_633654800,0.0,931.2,0,0,L05_00299,LEGITIMATE_MULTIPLE_SMALL_TRANSACTIONS,None - repeated small transactions within normal behavioral range,NONE,1,3,7,6225.12,22,0.05,NORMAL_REPEATED_ACTIVITY
L05_002090,410,TRANSFER,884.64,C1367366441,17692.79,16808.15,C_LEGIT_929089773,0.0,884.64,0,0,L05_00299,LEGITIMATE_MULTIPLE_SMALL_TRANSACTIONS,None - repeated small transactions within normal behavioral range,NONE,1,4,7,6225.12,10,0.05,NORMAL_REPEATED_ACTIVITY
L05_002091,411,TRANSFER,840.41,C1367366441,16808.15,15967.74,C_LEGIT_876686854,0.0,840.41,0,0,L05_00299,LEGITIMATE_MULTIPLE_SMALL_TRANSACTIONS,None - repeated small transactions within normal behavioral range,NONE,1,5,7,6225.12,1,0.05,NORMAL_REPEATED_ACTIVITY
L05_002092,416,TRANSFER,798.39,C1367366441,15967.74,15169.35,C_LEGIT_676234212,0.0,798.39,0,0,L05_00299,LEGITIMATE_MULTIPLE_SMALL_TRANSACTIONS,None - repeated small transactions within normal behavioral range,NONE,1,6,7,6225.12,5,0.05,NORMAL_REPEATED_ACTIVITY
L05_002093,442,TRANSFER,758.47,C1367366441,15169.35,14410.88,C_LEGIT_726535086,0.0,758.47,0,0,L05_00299,LEGITIMATE_MULTIPLE_SMALL_TRANSACTIONS,None - repeated small transactions within normal behavioral range,NONE,1,7,7,6225.12,26,0.05,NORMAL_REPEATED_ACTIVITY
L05_002094,740,TRANSFER,110905.98,C516409811,10690028.52,10579122.54,C_LEGIT_279650420,0.0,110905.98,0,0,L05_00300,LEGITIMATE_MULTIPLE_SMALL_TRANSACTIONS,None - repeated small transactions within normal behavioral range,NONE,1,1,7,624417.45,0,0.0104,NORMAL_REPEATED_ACTIVITY
L05_002095,752,TRANSFER,85366.57,C516409811,10579122.54,10493755.97,C_LEGIT_746083744,0.0,85366.57,0,0,L05_00300,LEGITIMATE_MULTIPLE_SMALL_TRANSACTIONS,None - repeated small transactions within normal behavioral range,NONE,1,2,7,624417.45,12,0.0081,NORMAL_REPEATED_ACTIVITY
L05_002096,756,TRANSFER,96631.5,C516409811,10493755.97,10397124.47,C_LEGIT_874968695,0.0,96631.5,0,0,L05_00300,LEGITIMATE_MULTIPLE_SMALL_TRANSACTIONS,None - repeated small transactions within normal behavioral range,NONE,1,3,7,624417.45,4,0.0092,NORMAL_REPEATED_ACTIVITY
L05_002097,762,TRANSFER,89942.6,C516409811,10397124.47,10307181.87,C_LEGIT_549400289,0.0,89942.6,0,0,L05_00300,LEGITIMATE_MULTIPLE_SMALL_TRANSACTIONS,None - repeated small transactions within normal behavioral range,NONE,1,4,7,624417.45,6,0.0087,NORMAL_REPEATED_ACTIVITY
L05_002098,765,TRANSFER,75725.52,C516409811,10307181.87,10231456.35,C_LEGIT_635287399,0.0,75725.52,0,0,L05_00300,LEGITIMATE_MULTIPLE_SMALL_TRANSACTIONS,None - repeated small transactions within normal behavioral range,NONE,1,5,7,624417.45,3,0.0073,NORMAL_REPEATED_ACTIVITY
L05_002099,766,TRANSFER,81286.73,C516409811,10231456.35,10150169.62,C_LEGIT_855003043,0.0,81286.73,0,0,L05_00300,LEGITIMATE_MULTIPLE_SMALL_TRANSACTIONS,None - repeated small transactions within normal behavioral range,NONE,1,6,7,624417.45,1,0.0079,NORMAL_REPEATED_ACTIVITY
L05_002100,783,TRANSFER,84558.55,C516409811,10150169.62,10065611.07,C_LEGIT_257173187,0.0,84558.55,0,0,L05_00300,LEGITIMATE_MULTIPLE_SMALL_TRANSACTIONS,None - repeated small transactions within normal behavioral range,NONE,1,7,7,624417.45,17,0.0083,NORMAL_REPEATED_ACTIVITY
L05_002101,58,TRANSFER,3047.85,C1695385120,60957.0,57909.15,C_LEGIT_813735950,0.0,3047.85,0,0,L05_00301,LEGITIMATE_MULTIPLE_SMALL_TRANSACTIONS,None - repeated small transactions within normal behavioral range,NONE,1,1,7,18388.45,0,0.05,NORMAL_REPEATED_ACTIVITY
L05_002102,63,TRANSFER,2895.46,C1695385120,57909.15,55013.69,C_LEGIT_440682785,0.0,2895.46,0,0,L05_00301,LEGITIMATE_MULTIPLE_SMALL_TRANSACTIONS,None - repeated small transactions within normal behavioral range,NONE,1,2,7,18388.45,5,0.05,NORMAL_REPEATED_ACTIVITY
L05_002103,66,TRANSFER,2750.68,C1695385120,55013.69,52263.01,C_LEGIT_934936905,0.0,2750.68,0,0,L05_00301,LEGITIMATE_MULTIPLE_SMALL_TRANSACTIONS,None - repeated small transactions within normal behavioral range,NONE,1,3,7,18388.45,3,0.05,NORMAL_REPEATED_ACTIVITY
L05_002104,68,TRANSFER,2613.15,C1695385120,52263.01,49649.86,C_LEGIT_834031080,0.0,2613.15,0,0,L05_00301,LEGITIMATE_MULTIPLE_SMALL_TRANSACTIONS,None - repeated small transactions within normal behavioral range,NONE,1,4,7,18388.45,2,0.05,NORMAL_REPEATED_ACTIVITY
L05_002105,75,TRANSFER,2482.49,C1695385120,49649.86,47167.37,C_LEGIT_712945280,0.0,2482.49,0,0,L05_00301,LEGITIMATE_MULTIPLE_SMALL_TRANSACTIONS,None - repeated small transactions within normal behavioral range,NONE,1,5,7,18388.45,7,0.05,NORMAL_REPEATED_ACTIVITY
L05_002106,89,TRANSFER,2358.37,C1695385120,47167.37,44809.0,C_LEGIT_829566628,0.0,2358.37,0,0,L05_00301,LEGITIMATE_MULTIPLE_SMALL_TRANSACTIONS,None - repeated small transactions within normal behavioral range,NONE,1,6,7,18388.45,14,0.05,NORMAL_REPEATED_ACTIVITY
L05_002107,121,TRANSFER,2240.45,C1695385120,44809.0,42568.55,C_LEGIT_859096458,0.0,2240.45,0,0,L05_00301,LEGITIMATE_MULTIPLE_SMALL_TRANSACTIONS,None - repeated small transactions within normal behavioral range,NONE,1,7,7,18388.45,32,0.05,NORMAL_REPEATED_ACTIVITY
L05_002108,394,TRANSFER,198166.52,C1480949552,17781924.26,17583757.74,C_LEGIT_422087262,0.0,198166.52,0,0,L05_00302,LEGITIMATE_MULTIPLE_SMALL_TRANSACTIONS,None - repeated small transactions within normal behavioral range,NONE,1,1,7,1256008.19,0,0.0111,NORMAL_REPEATED_ACTIVITY
L05_002109,413,TRANSFER,196869.51,C1480949552,17583757.74,17386888.23,C_LEGIT_575095228,0.0,196869.51,0,0,L05_00302,LEGITIMATE_MULTIPLE_SMALL_TRANSACTIONS,None - repeated small transactions within normal behavioral range,NONE,1,2,7,1256008.19,19,0.0112,NORMAL_REPEATED_ACTIVITY
L05_002110,423,TRANSFER,204675.06,C1480949552,17386888.23,17182213.17,C_LEGIT_524241679,0.0,204675.06,0,0,L05_00302,LEGITIMATE_MULTIPLE_SMALL_TRANSACTIONS,None - repeated small transactions within normal behavioral range,NONE,1,3,7,1256008.19,10,0.0118,NORMAL_REPEATED_ACTIVITY
L05_002111,425,TRANSFER,162977.23,C1480949552,17182213.17,17019235.94,C_LEGIT_593868841,0.0,162977.23,0,0,L05_00302,LEGITIMATE_MULTIPLE_SMALL_TRANSACTIONS,None - repeated small transactions within normal behavioral range,NONE,1,4,7,1256008.19,2,0.0095,NORMAL_REPEATED_ACTIVITY
L05_002112,426,TRANSFER,143436.04,C1480949552,17019235.94,16875799.9,C_LEGIT_969514687,0.0,143436.04,0,0,L05_00302,LEGITIMATE_MULTIPLE_SMALL_TRANSACTIONS,None - repeated small transactions within normal behavioral range,NONE,1,5,7,1256008.19,1,0.0084,NORMAL_REPEATED_ACTIVITY
L05_002113,435,TRANSFER,172236.36,C1480949552,16875799.9,16703563.54,C_LEGIT_874605883,0.0,172236.36,0,0,L05_00302,LEGITIMATE_MULTIPLE_SMALL_TRANSACTIONS,None - repeated small transactions within normal behavioral range,NONE,1,6,7,1256008.19,9,0.0102,NORMAL_REPEATED_ACTIVITY
L05_002114,451,TRANSFER,177647.47,C1480949552,16703563.54,16525916.07,C_LEGIT_681741466,0.0,177647.47,0,0,L05_00302,LEGITIMATE_MULTIPLE_SMALL_TRANSACTIONS,None - repeated small transactions within normal behavioral range,NONE,1,7,7,1256008.19,16,0.0106,NORMAL_REPEATED_ACTIVITY
L05_002115,36,TRANSFER,3779.21,C403405084,123800.0,120020.79,C_LEGIT_114677431,0.0,3779.21,0,0,L05_00303,LEGITIMATE_MULTIPLE_SMALL_TRANSACTIONS,None - repeated small transactions within normal behavioral range,NONE,1,1,7,30989.75,0,0.0305,NORMAL_REPEATED_ACTIVITY
L05_002116,52,TRANSFER,4598.08,C403405084,120020.79,115422.71,C_LEGIT_420847063,0.0,4598.08,0,0,L05_00303,LEGITIMATE_MULTIPLE_SMALL_TRANSACTIONS,None - repeated small transactions within normal behavioral range,NONE,1,2,7,30989.75,16,0.0383,NORMAL_REPEATED_ACTIVITY
L05_002117,53,TRANSFER,5607.14,C403405084,115422.71,109815.57,C_LEGIT_725222815,0.0,5607.14,0,0,L05_00303,LEGITIMATE_MULTIPLE_SMALL_TRANSACTIONS,None - repeated small transactions within normal behavioral range,NONE,1,3,7,30989.75,1,0.0486,NORMAL_REPEATED_ACTIVITY
L05_002118,54,TRANSFER,3474.65,C403405084,109815.57,106340.92,C_LEGIT_692928350,0.0,3474.65,0,0,L05_00303,LEGITIMATE_MULTIPLE_SMALL_TRANSACTIONS,None - repeated small transactions within normal behavioral range,NONE,1,4,7,30989.75,1,0.0316,NORMAL_REPEATED_ACTIVITY
L05_002119,64,TRANSFER,5247.78,C403405084,106340.92,101093.14,C_LEGIT_535015879,0.0,5247.78,0,0,L05_00303,LEGITIMATE_MULTIPLE_SMALL_TRANSACTIONS,None - repeated small transactions within normal behavioral range,NONE,1,5,7,30989.75,10,0.0493,NORMAL_REPEATED_ACTIVITY
L05_002120,84,TRANSFER,3398.14,C403405084,101093.14,97695.0,C_LEGIT_447518760,0.0,3398.14,0,0,L05_00303,LEGITIMATE_MULTIPLE_SMALL_TRANSACTIONS,None - repeated small transactions within normal behavioral range,NONE,1,6,7,30989.75,20,0.0336,NORMAL_REPEATED_ACTIVITY
L05_002121,89,TRANSFER,4884.75,C403405084,97695.0,92810.25,C_LEGIT_891153790,0.0,4884.75,0,0,L05_00303,LEGITIMATE_MULTIPLE_SMALL_TRANSACTIONS,None - repeated small transactions within normal behavioral range,NONE,1,7,7,30989.75,5,0.05,NORMAL_REPEATED_ACTIVITY
L05_002122,187,TRANSFER,4565.15,C1781677023,91303.0,86737.85,C_LEGIT_607279251,0.0,4565.15,0,0,L05_00304,LEGITIMATE_MULTIPLE_SMALL_TRANSACTIONS,None - repeated small transactions within normal behavioral range,NONE,1,1,7,27542.71,0,0.05,NORMAL_REPEATED_ACTIVITY
L05_002123,201,TRANSFER,4336.89,C1781677023,86737.85,82400.96,C_LEGIT_383937758,0.0,4336.89,0,0,L05_00304,LEGITIMATE_MULTIPLE_SMALL_TRANSACTIONS,None - repeated small transactions within normal behavioral range,NONE,1,2,7,27542.71,14,0.05,NORMAL_REPEATED_ACTIVITY
L05_002124,209,TRANSFER,4120.05,C1781677023,82400.96,78280.91,C_LEGIT_936722263,0.0,4120.05,0,0,L05_00304,LEGITIMATE_MULTIPLE_SMALL_TRANSACTIONS,None - repeated small transactions within normal behavioral range,NONE,1,3,7,27542.71,8,0.05,NORMAL_REPEATED_ACTIVITY
L05_002125,254,TRANSFER,3914.05,C1781677023,78280.91,74366.86,C_LEGIT_508683864,0.0,3914.05,0,0,L05_00304,LEGITIMATE_MULTIPLE_SMALL_TRANSACTIONS,None - repeated small transactions within normal behavioral range,NONE,1,4,7,27542.71,45,0.05,NORMAL_REPEATED_ACTIVITY
L05_002126,262,TRANSFER,3718.34,C1781677023,74366.86,70648.52,C_LEGIT_181356105,0.0,3718.34,0,0,L05_00304,LEGITIMATE_MULTIPLE_SMALL_TRANSACTIONS,None - repeated small transactions within normal behavioral range,NONE,1,5,7,27542.71,8,0.05,NORMAL_REPEATED_ACTIVITY
L05_002127,270,TRANSFER,3532.43,C1781677023,70648.52,67116.09,C_LEGIT_493612312,0.0,3532.43,0,0,L05_00304,LEGITIMATE_MULTIPLE_SMALL_TRANSACTIONS,None - repeated small transactions within normal behavioral range,NONE,1,6,7,27542.71,8,0.05,NORMAL_REPEATED_ACTIVITY
L05_002128,277,TRANSFER,3355.8,C1781677023,67116.09,63760.29,C_LEGIT_678970218,0.0,3355.8,0,0,L05_00304,LEGITIMATE_MULTIPLE_SMALL_TRANSACTIONS,None - repeated small transactions within normal behavioral range,NONE,1,7,7,27542.71,7,0.05,NORMAL_REPEATED_ACTIVITY
L05_002129,50,TRANSFER,163322.15,C1447946172,3822199.24,3658877.09,C_LEGIT_734664362,0.0,163322.15,0,0,L05_00305,LEGITIMATE_MULTIPLE_SMALL_TRANSACTIONS,None - repeated small transactions within normal behavioral range,NONE,1,1,7,972186.78,0,0.0427,NORMAL_REPEATED_ACTIVITY
L05_002130,64,TRANSFER,148118.86,C1447946172,3658877.09,3510758.23,C_LEGIT_625712778,0.0,148118.86,0,0,L05_00305,LEGITIMATE_MULTIPLE_SMALL_TRANSACTIONS,None - repeated small transactions within normal behavioral range,NONE,1,2,7,972186.78,14,0.0405,NORMAL_REPEATED_ACTIVITY
L05_002131,68,TRANSFER,121138.51,C1447946172,3510758.23,3389619.72,C_LEGIT_744551675,0.0,121138.51,0,0,L05_00305,LEGITIMATE_MULTIPLE_SMALL_TRANSACTIONS,None - repeated small transactions within normal behavioral range,NONE,1,3,7,972186.78,4,0.0345,NORMAL_REPEATED_ACTIVITY
L05_002132,97,TRANSFER,152518.42,C1447946172,3389619.72,3237101.3,C_LEGIT_450629015,0.0,152518.42,0,0,L05_00305,LEGITIMATE_MULTIPLE_SMALL_TRANSACTIONS,None - repeated small transactions within normal behavioral range,NONE,1,4,7,972186.78,29,0.045,NORMAL_REPEATED_ACTIVITY
L05_002133,106,TRANSFER,112051.8,C1447946172,3237101.3,3125049.5,C_LEGIT_643300047,0.0,112051.8,0,0,L05_00305,LEGITIMATE_MULTIPLE_SMALL_TRANSACTIONS,None - repeated small transactions within normal behavioral range,NONE,1,5,7,972186.78,9,0.0346,NORMAL_REPEATED_ACTIVITY
L05_002134,123,TRANSFER,125036.38,C1447946172,3125049.5,3000013.12,C_LEGIT_950763984,0.0,125036.38,0,0,L05_00305,LEGITIMATE_MULTIPLE_SMALL_TRANSACTIONS,None - repeated small transactions within normal behavioral range,NONE,1,6,7,972186.78,17,0.04,NORMAL_REPEATED_ACTIVITY
L05_002135,137,TRANSFER,150000.66,C1447946172,3000013.12,2850012.46,C_LEGIT_374445348,0.0,150000.66,0,0,L05_00305,LEGITIMATE_MULTIPLE_SMALL_TRANSACTIONS,None - repeated small transactions within normal behavioral range,NONE,1,7,7,972186.78,14,0.05,NORMAL_REPEATED_ACTIVITY
L05_002136,415,TRANSFER,10343.7,C1299332273,206874.0,196530.3,C_LEGIT_419109096,0.0,10343.7,0,0,L05_00306,LEGITIMATE_MULTIPLE_SMALL_TRANSACTIONS,None - repeated small transactions within normal behavioral range,NONE,1,1,7,62406.17,0,0.05,NORMAL_REPEATED_ACTIVITY
L05_002137,422,TRANSFER,9826.51,C1299332273,196530.3,186703.79,C_LEGIT_182634868,0.0,9826.51,0,0,L05_00306,LEGITIMATE_MULTIPLE_SMALL_TRANSACTIONS,None - repeated small transactions within normal behavioral range,NONE,1,2,7,62406.17,7,0.05,NORMAL_REPEATED_ACTIVITY
L05_002138,438,TRANSFER,9335.19,C1299332273,186703.79,177368.6,C_LEGIT_609310559,0.0,9335.19,0,0,L05_00306,LEGITIMATE_MULTIPLE_SMALL_TRANSACTIONS,None - repeated small transactions within normal behavioral range,NONE,1,3,7,62406.17,16,0.05,NORMAL_REPEATED_ACTIVITY
L05_002139,442,TRANSFER,8868.43,C1299332273,177368.6,168500.17,C_LEGIT_133205927,0.0,8868.43,0,0,L05_00306,LEGITIMATE_MULTIPLE_SMALL_TRANSACTIONS,None - repeated small transactions within normal behavioral range,NONE,1,4,7,62406.17,4,0.05,NORMAL_REPEATED_ACTIVITY
L05_002140,479,TRANSFER,8425.01,C1299332273,168500.17,160075.16,C_LEGIT_729852011,0.0,8425.01,0,0,L05_00306,LEGITIMATE_MULTIPLE_SMALL_TRANSACTIONS,None - repeated small transactions within normal behavioral range,NONE,1,5,7,62406.17,37,0.05,NORMAL_REPEATED_ACTIVITY
L05_002141,488,TRANSFER,8003.76,C1299332273,160075.16,152071.4,C_LEGIT_420526781,0.0,8003.76,0,0,L05_00306,LEGITIMATE_MULTIPLE_SMALL_TRANSACTIONS,None - repeated small transactions within normal behavioral range,NONE,1,6,7,62406.17,9,0.05,NORMAL_REPEATED_ACTIVITY
L05_002142,492,TRANSFER,7603.57,C1299332273,152071.4,144467.83,C_LEGIT_161591399,0.0,7603.57,0,0,L05_00306,LEGITIMATE_MULTIPLE_SMALL_TRANSACTIONS,None - repeated small transactions within normal behavioral range,NONE,1,7,7,62406.17,4,0.05,NORMAL_REPEATED_ACTIVITY
L05_002143,254,TRANSFER,26371.23,C1202118853,3640668.91,3614297.68,C_LEGIT_501810513,0.0,26371.23,0,0,L05_00307,LEGITIMATE_MULTIPLE_SMALL_TRANSACTIONS,None - repeated small transactions within normal behavioral range,NONE,1,1,7,161617.2,0,0.0072,NORMAL_REPEATED_ACTIVITY
L05_002144,268,TRANSFER,24663.49,C1202118853,3614297.68,3589634.19,C_LEGIT_361355411,0.0,24663.49,0,0,L05_00307,LEGITIMATE_MULTIPLE_SMALL_TRANSACTIONS,None - repeated small transactions within normal behavioral range,NONE,1,2,7,161617.2,14,0.0068,NORMAL_REPEATED_ACTIVITY
L05_002145,274,TRANSFER,22178.52,C1202118853,3589634.19,3567455.67,C_LEGIT_145029964,0.0,22178.52,0,0,L05_00307,LEGITIMATE_MULTIPLE_SMALL_TRANSACTIONS,None - repeated small transactions within normal behavioral range,NONE,1,3,7,161617.2,6,0.0062,NORMAL_REPEATED_ACTIVITY
L05_002146,284,TRANSFER,17613.0,C1202118853,3567455.67,3549842.67,C_LEGIT_619510209,0.0,17613.0,0,0,L05_00307,LEGITIMATE_MULTIPLE_SMALL_TRANSACTIONS,None - repeated small transactions within normal behavioral range,NONE,1,4,7,161617.2,10,0.0049,NORMAL_REPEATED_ACTIVITY
L05_002147,288,TRANSFER,26981.7,C1202118853,3549842.67,3522860.97,C_LEGIT_733091369,0.0,26981.7,0,0,L05_00307,LEGITIMATE_MULTIPLE_SMALL_TRANSACTIONS,None - repeated small transactions within normal behavioral range,NONE,1,5,7,161617.2,4,0.0076,NORMAL_REPEATED_ACTIVITY
L05_002148,294,TRANSFER,25576.4,C1202118853,3522860.97,3497284.57,C_LEGIT_249330459,0.0,25576.4,0,0,L05_00307,LEGITIMATE_MULTIPLE_SMALL_TRANSACTIONS,None - repeated small transactions within normal behavioral range,NONE,1,6,7,161617.2,6,0.0073,NORMAL_REPEATED_ACTIVITY
L05_002149,306,TRANSFER,18232.86,C1202118853,3497284.57,3479051.71,C_LEGIT_379309400,0.0,18232.86,0,0,L05_00307,LEGITIMATE_MULTIPLE_SMALL_TRANSACTIONS,None - repeated small transactions within normal behavioral range,NONE,1,7,7,161617.2,12,0.0052,NORMAL_REPEATED_ACTIVITY
L05_002150,337,TRANSFER,2590.25,C927560218,51805.0,49214.75,C_LEGIT_653488670,0.0,2590.25,0,0,L05_00308,LEGITIMATE_MULTIPLE_SMALL_TRANSACTIONS,None - repeated small transactions within normal behavioral range,NONE,1,1,7,15627.64,0,0.05,NORMAL_REPEATED_ACTIVITY
L05_002151,348,TRANSFER,2460.74,C927560218,49214.75,46754.01,C_LEGIT_480848494,0.0,2460.74,0,0,L05_00308,LEGITIMATE_MULTIPLE_SMALL_TRANSACTIONS,None - repeated small transactions within normal behavioral range,NONE,1,2,7,15627.64,11,0.05,NORMAL_REPEATED_ACTIVITY
L05_002152,351,TRANSFER,2337.7,C927560218,46754.01,44416.31,C_LEGIT_688306879,0.0,2337.7,0,0,L05_00308,LEGITIMATE_MULTIPLE_SMALL_TRANSACTIONS,None - repeated small transactions within normal behavioral range,NONE,1,3,7,15627.64,3,0.05,NORMAL_REPEATED_ACTIVITY
L05_002153,362,TRANSFER,2220.82,C927560218,44416.31,42195.49,C_LEGIT_743031172,0.0,2220.82,0,0,L05_00308,LEGITIMATE_MULTIPLE_SMALL_TRANSACTIONS,None - repeated small transactions within normal behavioral range,NONE,1,4,7,15627.64,11,0.05,NORMAL_REPEATED_ACTIVITY
L05_002154,408,TRANSFER,2109.77,C927560218,42195.49,40085.72,C_LEGIT_121934097,0.0,2109.77,0,0,L05_00308,LEGITIMATE_MULTIPLE_SMALL_TRANSACTIONS,None - repeated small transactions within normal behavioral range,NONE,1,5,7,15627.64,46,0.05,NORMAL_REPEATED_ACTIVITY
L05_002155,422,TRANSFER,2004.29,C927560218,40085.72,38081.43,C_LEGIT_797884724,0.0,2004.29,0,0,L05_00308,LEGITIMATE_MULTIPLE_SMALL_TRANSACTIONS,None - repeated small transactions within normal behavioral range,NONE,1,6,7,15627.64,14,0.05,NORMAL_REPEATED_ACTIVITY
L05_002156,424,TRANSFER,1904.07,C927560218,38081.43,36177.36,C_LEGIT_562495326,0.0,1904.07,0,0,L05_00308,LEGITIMATE_MULTIPLE_SMALL_TRANSACTIONS,None - repeated small transactions within normal behavioral range,NONE,1,7,7,15627.64,2,0.05,NORMAL_REPEATED_ACTIVITY
L05_002157,174,TRANSFER,27123.55,C903799523,542470.98,515347.43,C_LEGIT_603827124,0.0,27123.55,0,0,L05_00309,LEGITIMATE_MULTIPLE_SMALL_TRANSACTIONS,None - repeated small transactions within normal behavioral range,NONE,1,1,7,163643.26,0,0.05,NORMAL_REPEATED_ACTIVITY
L05_002158,182,TRANSFER,25767.37,C903799523,515347.43,489580.06,C_LEGIT_638388293,0.0,25767.37,0,0,L05_00309,LEGITIMATE_MULTIPLE_SMALL_TRANSACTIONS,None - repeated small transactions within normal behavioral range,NONE,1,2,7,163643.26,8,0.05,NORMAL_REPEATED_ACTIVITY
L05_002159,183,TRANSFER,24479.0,C903799523,489580.06,465101.06,C_LEGIT_814755955,0.0,24479.0,0,0,L05_00309,LEGITIMATE_MULTIPLE_SMALL_TRANSACTIONS,None - repeated small transactions within normal behavioral range,NONE,1,3,7,163643.26,1,0.05,NORMAL_REPEATED_ACTIVITY
L05_002160,185,TRANSFER,23255.05,C903799523,465101.06,441846.01,C_LEGIT_325114490,0.0,23255.05,0,0,L05_00309,LEGITIMATE_MULTIPLE_SMALL_TRANSACTIONS,None - repeated small transactions within normal behavioral range,NONE,1,4,7,163643.26,2,0.05,NORMAL_REPEATED_ACTIVITY
L05_002161,206,TRANSFER,22092.3,C903799523,441846.01,419753.71,C_LEGIT_802241714,0.0,22092.3,0,0,L05_00309,LEGITIMATE_MULTIPLE_SMALL_TRANSACTIONS,None - repeated small transactions within normal behavioral range,NONE,1,5,7,163643.26,21,0.05,NORMAL_REPEATED_ACTIVITY
L05_002162,210,TRANSFER,20987.69,C903799523,419753.71,398766.02,C_LEGIT_424036090,0.0,20987.69,0,0,L05_00309,LEGITIMATE_MULTIPLE_SMALL_TRANSACTIONS,None - repeated small transactions within normal behavioral range,NONE,1,6,7,163643.26,4,0.05,NORMAL_REPEATED_ACTIVITY
L05_002163,249,TRANSFER,19938.3,C903799523,398766.02,378827.72,C_LEGIT_845180904,0.0,19938.3,0,0,L05_00309,LEGITIMATE_MULTIPLE_SMALL_TRANSACTIONS,None - repeated small transactions within normal behavioral range,NONE,1,7,7,163643.26,39,0.05,NORMAL_REPEATED_ACTIVITY
L05_002164,40,TRANSFER,1709.5,C1731209010,34190.0,32480.5,C_LEGIT_341397999,0.0,1709.5,0,0,L05_00310,LEGITIMATE_MULTIPLE_SMALL_TRANSACTIONS,None - repeated small transactions within normal behavioral range,NONE,1,1,7,10313.85,0,0.05,NORMAL_REPEATED_ACTIVITY
L05_002165,46,TRANSFER,1624.03,C1731209010,32480.5,30856.47,C_LEGIT_170484845,0.0,1624.03,0,0,L05_00310,LEGITIMATE_MULTIPLE_SMALL_TRANSACTIONS,None - repeated small transactions within normal behavioral range,NONE,1,2,7,10313.85,6,0.05,NORMAL_REPEATED_ACTIVITY
L05_002166,63,TRANSFER,1542.82,C1731209010,30856.47,29313.65,C_LEGIT_357671114,0.0,1542.82,0,0,L05_00310,LEGITIMATE_MULTIPLE_SMALL_TRANSACTIONS,None - repeated small transactions within normal behavioral range,NONE,1,3,7,10313.85,17,0.05,NORMAL_REPEATED_ACTIVITY
L05_002167,79,TRANSFER,1465.68,C1731209010,29313.65,27847.97,C_LEGIT_961595179,0.0,1465.68,0,0,L05_00310,LEGITIMATE_MULTIPLE_SMALL_TRANSACTIONS,None - repeated small transactions within normal behavioral range,NONE,1,4,7,10313.85,16,0.05,NORMAL_REPEATED_ACTIVITY
L05_002168,85,TRANSFER,1392.4,C1731209010,27847.97,26455.57,C_LEGIT_228423282,0.0,1392.4,0,0,L05_00310,LEGITIMATE_MULTIPLE_SMALL_TRANSACTIONS,None - repeated small transactions within normal behavioral range,NONE,1,5,7,10313.85,6,0.05,NORMAL_REPEATED_ACTIVITY
L05_002169,103,TRANSFER,1322.78,C1731209010,26455.57,25132.79,C_LEGIT_971517920,0.0,1322.78,0,0,L05_00310,LEGITIMATE_MULTIPLE_SMALL_TRANSACTIONS,None - repeated small transactions within normal behavioral range,NONE,1,6,7,10313.85,18,0.05,NORMAL_REPEATED_ACTIVITY
L05_002170,109,TRANSFER,1256.64,C1731209010,25132.79,23876.15,C_LEGIT_694962779,0.0,1256.64,0,0,L05_00310,LEGITIMATE_MULTIPLE_SMALL_TRANSACTIONS,None - repeated small transactions within normal behavioral range,NONE,1,7,7,10313.85,6,0.05,NORMAL_REPEATED_ACTIVITY
L05_002171,414,TRANSFER,1948.1,C1113969091,38962.0,37013.9,C_LEGIT_682740993,0.0,1948.1,0,0,L05_00311,LEGITIMATE_MULTIPLE_SMALL_TRANSACTIONS,None - repeated small transactions within normal behavioral range,NONE,1,1,7,11753.38,0,0.05,NORMAL_REPEATED_ACTIVITY
L05_002172,438,TRANSFER,1850.7,C1113969091,37013.9,35163.2,C_LEGIT_693349734,0.0,1850.7,0,0,L05_00311,LEGITIMATE_MULTIPLE_SMALL_TRANSACTIONS,None - repeated small transactions within normal behavioral range,NONE,1,2,7,11753.38,24,0.05,NORMAL_REPEATED_ACTIVITY
L05_002173,448,TRANSFER,1758.16,C1113969091,35163.2,33405.04,C_LEGIT_310861289,0.0,1758.16,0,0,L05_00311,LEGITIMATE_MULTIPLE_SMALL_TRANSACTIONS,None - repeated small transactions within normal behavioral range,NONE,1,3,7,11753.38,10,0.05,NORMAL_REPEATED_ACTIVITY
L05_002174,460,TRANSFER,1670.25,C1113969091,33405.04,31734.79,C_LEGIT_114278245,0.0,1670.25,0,0,L05_00311,LEGITIMATE_MULTIPLE_SMALL_TRANSACTIONS,None - repeated small transactions within normal behavioral range,NONE,1,4,7,11753.38,12,0.05,NORMAL_REPEATED_ACTIVITY
L05_002175,475,TRANSFER,1586.74,C1113969091,31734.79,30148.05,C_LEGIT_859231155,0.0,1586.74,0,0,L05_00311,LEGITIMATE_MULTIPLE_SMALL_TRANSACTIONS,None - repeated small transactions within normal behavioral range,NONE,1,5,7,11753.38,15,0.05,NORMAL_REPEATED_ACTIVITY
L05_002176,503,TRANSFER,1507.4,C1113969091,30148.05,28640.65,C_LEGIT_159811543,0.0,1507.4,0,0,L05_00311,LEGITIMATE_MULTIPLE_SMALL_TRANSACTIONS,None - repeated small transactions within normal behavioral range,NONE,1,6,7,11753.38,28,0.05,NORMAL_REPEATED_ACTIVITY
L05_002177,504,TRANSFER,1432.03,C1113969091,28640.65,27208.62,C_LEGIT_808025057,0.0,1432.03,0,0,L05_00311,LEGITIMATE_MULTIPLE_SMALL_TRANSACTIONS,None - repeated small transactions within normal behavioral range,NONE,1,7,7,11753.38,1,0.05,NORMAL_REPEATED_ACTIVITY
L05_002178,138,TRANSFER,26013.98,C985769458,8260398.44,8234384.46,C_LEGIT_450335409,0.0,26013.98,0,0,L05_00312,LEGITIMATE_MULTIPLE_SMALL_TRANSACTIONS,None - repeated small transactions within normal behavioral range,NONE,1,1,7,212656.88,0,0.0031,NORMAL_REPEATED_ACTIVITY
L05_002179,162,TRANSFER,37786.5,C985769458,8234384.46,8196597.96,C_LEGIT_539631612,0.0,37786.5,0,0,L05_00312,LEGITIMATE_MULTIPLE_SMALL_TRANSACTIONS,None - repeated small transactions within normal behavioral range,NONE,1,2,7,212656.88,24,0.0046,NORMAL_REPEATED_ACTIVITY
L05_002180,174,TRANSFER,23278.45,C985769458,8196597.96,8173319.51,C_LEGIT_206190221,0.0,23278.45,0,0,L05_00312,LEGITIMATE_MULTIPLE_SMALL_TRANSACTIONS,None - repeated small transactions within normal behavioral range,NONE,1,3,7,212656.88,12,0.0028,NORMAL_REPEATED_ACTIVITY
L05_002181,188,TRANSFER,33449.04,C985769458,8173319.51,8139870.47,C_LEGIT_479015293,0.0,33449.04,0,0,L05_00312,LEGITIMATE_MULTIPLE_SMALL_TRANSACTIONS,None - repeated small transactions within normal behavioral range,NONE,1,4,7,212656.88,14,0.0041,NORMAL_REPEATED_ACTIVITY
L05_002182,193,TRANSFER,28759.94,C985769458,8139870.47,8111110.53,C_LEGIT_151051497,0.0,28759.94,0,0,L05_00312,LEGITIMATE_MULTIPLE_SMALL_TRANSACTIONS,None - repeated small transactions within normal behavioral range,NONE,1,5,7,212656.88,5,0.0035,NORMAL_REPEATED_ACTIVITY
L05_002183,218,TRANSFER,26829.38,C985769458,8111110.53,8084281.15,C_LEGIT_780412328,0.0,26829.38,0,0,L05_00312,LEGITIMATE_MULTIPLE_SMALL_TRANSACTIONS,None - repeated small transactions within normal behavioral range,NONE,1,6,7,212656.88,25,0.0033,NORMAL_REPEATED_ACTIVITY
L05_002184,226,TRANSFER,36539.59,C985769458,8084281.15,8047741.56,C_LEGIT_661213816,0.0,36539.59,0,0,L05_00312,LEGITIMATE_MULTIPLE_SMALL_TRANSACTIONS,None - repeated small transactions within normal behavioral range,NONE,1,7,7,212656.88,8,0.0045,NORMAL_REPEATED_ACTIVITY
L05_002185,141,TRANSFER,2025.65,C296896337,40513.0,38487.35,C_LEGIT_995154525,0.0,2025.65,0,0,L05_00313,LEGITIMATE_MULTIPLE_SMALL_TRANSACTIONS,None - repeated small transactions within normal behavioral range,NONE,1,1,7,12221.26,0,0.05,NORMAL_REPEATED_ACTIVITY
L05_002186,171,TRANSFER,1924.37,C296896337,38487.35,36562.98,C_LEGIT_355041205,0.0,1924.37,0,0,L05_00313,LEGITIMATE_MULTIPLE_SMALL_TRANSACTIONS,None - repeated small transactions within normal behavioral range,NONE,1,2,7,12221.26,30,0.05,NORMAL_REPEATED_ACTIVITY
L05_002187,194,TRANSFER,1828.15,C296896337,36562.98,34734.83,C_LEGIT_631353877,0.0,1828.15,0,0,L05_00313,LEGITIMATE_MULTIPLE_SMALL_TRANSACTIONS,None - repeated small transactions within normal behavioral range,NONE,1,3,7,12221.26,23,0.05,NORMAL_REPEATED_ACTIVITY
L05_002188,197,TRANSFER,1736.74,C296896337,34734.83,32998.09,C_LEGIT_347913789,0.0,1736.74,0,0,L05_00313,LEGITIMATE_MULTIPLE_SMALL_TRANSACTIONS,None - repeated small transactions within normal behavioral range,NONE,1,4,7,12221.26,3,0.05,NORMAL_REPEATED_ACTIVITY
L05_002189,218,TRANSFER,1649.9,C296896337,32998.09,31348.19,C_LEGIT_409666401,0.0,1649.9,0,0,L05_00313,LEGITIMATE_MULTIPLE_SMALL_TRANSACTIONS,None - repeated small transactions within normal behavioral range,NONE,1,5,7,12221.26,21,0.05,NORMAL_REPEATED_ACTIVITY
L05_002190,222,TRANSFER,1567.41,C296896337,31348.19,29780.78,C_LEGIT_415398623,0.0,1567.41,0,0,L05_00313,LEGITIMATE_MULTIPLE_SMALL_TRANSACTIONS,None - repeated small transactions within normal behavioral range,NONE,1,6,7,12221.26,4,0.05,NORMAL_REPEATED_ACTIVITY
L05_002191,224,TRANSFER,1489.04,C296896337,29780.78,28291.74,C_LEGIT_200403564,0.0,1489.04,0,0,L05_00313,LEGITIMATE_MULTIPLE_SMALL_TRANSACTIONS,None - repeated small transactions within normal behavioral range,NONE,1,7,7,12221.26,2,0.05,NORMAL_REPEATED_ACTIVITY
L05_002192,53,TRANSFER,7901.85,C791249182,158089.59,150187.74,C_LEGIT_543051691,0.0,7901.85,0,0,L05_00314,LEGITIMATE_MULTIPLE_SMALL_TRANSACTIONS,None - repeated small transactions within normal behavioral range,NONE,1,1,7,45994.82,0,0.05,NORMAL_REPEATED_ACTIVITY
L05_002193,69,TRANSFER,7076.2,C791249182,150187.74,143111.54,C_LEGIT_863403545,0.0,7076.2,0,0,L05_00314,LEGITIMATE_MULTIPLE_SMALL_TRANSACTIONS,None - repeated small transactions within normal behavioral range,NONE,1,2,7,45994.82,16,0.0471,NORMAL_REPEATED_ACTIVITY
L05_002194,86,TRANSFER,6058.14,C791249182,143111.54,137053.4,C_LEGIT_627625560,0.0,6058.14,0,0,L05_00314,LEGITIMATE_MULTIPLE_SMALL_TRANSACTIONS,None - repeated small transactions within normal behavioral range,NONE,1,3,7,45994.82,17,0.0423,NORMAL_REPEATED_ACTIVITY
L05_002195,95,TRANSFER,6311.58,C791249182,137053.4,130741.82,C_LEGIT_875373001,0.0,6311.58,0,0,L05_00314,LEGITIMATE_MULTIPLE_SMALL_TRANSACTIONS,None - repeated small transactions within normal behavioral range,NONE,1,4,7,45994.82,9,0.0461,NORMAL_REPEATED_ACTIVITY
L05_002196,97,TRANSFER,6537.09,C791249182,130741.82,124204.73,C_LEGIT_490388091,0.0,6537.09,0,0,L05_00314,LEGITIMATE_MULTIPLE_SMALL_TRANSACTIONS,None - repeated small transactions within normal behavioral range,NONE,1,5,7,45994.82,2,0.05,NORMAL_REPEATED_ACTIVITY
L05_002197,119,TRANSFER,6210.24,C791249182,124204.73,117994.49,C_LEGIT_927362329,0.0,6210.24,0,0,L05_00314,LEGITIMATE_MULTIPLE_SMALL_TRANSACTIONS,None - repeated small transactions within normal behavioral range,NONE,1,6,7,45994.82,22,0.05,NORMAL_REPEATED_ACTIVITY
L05_002198,123,TRANSFER,5899.72,C791249182,117994.49,112094.77,C_LEGIT_541843962,0.0,5899.72,0,0,L05_00314,LEGITIMATE_MULTIPLE_SMALL_TRANSACTIONS,None - repeated small transactions within normal behavioral range,NONE,1,7,7,45994.82,4,0.05,NORMAL_REPEATED_ACTIVITY
L05_002199,256,TRANSFER,4229.29,C183603821,84585.75,80356.46,C_LEGIT_598467305,0.0,4229.29,0,0,L05_00315,LEGITIMATE_MULTIPLE_SMALL_TRANSACTIONS,None - repeated small transactions within normal behavioral range,NONE,1,1,7,25516.37,0,0.05,NORMAL_REPEATED_ACTIVITY
L05_002200,261,TRANSFER,4017.82,C183603821,80356.46,76338.64,C_LEGIT_849178188,0.0,4017.82,0,0,L05_00315,LEGITIMATE_MULTIPLE_SMALL_TRANSACTIONS,None - repeated small transactions within normal behavioral range,NONE,1,2,7,25516.37,5,0.05,NORMAL_REPEATED_ACTIVITY
L05_002201,263,TRANSFER,3816.93,C183603821,76338.64,72521.71,C_LEGIT_856171425,0.0,3816.93,0,0,L05_00315,LEGITIMATE_MULTIPLE_SMALL_TRANSACTIONS,None - repeated small transactions within normal behavioral range,NONE,1,3,7,25516.37,2,0.05,NORMAL_REPEATED_ACTIVITY
L05_002202,285,TRANSFER,3626.09,C183603821,72521.71,68895.62,C_LEGIT_651974480,0.0,3626.09,0,0,L05_00315,LEGITIMATE_MULTIPLE_SMALL_TRANSACTIONS,None - repeated small transactions within normal behavioral range,NONE,1,4,7,25516.37,22,0.05,NORMAL_REPEATED_ACTIVITY
L05_002203,290,TRANSFER,3444.78,C183603821,68895.62,65450.84,C_LEGIT_441558649,0.0,3444.78,0,0,L05_00315,LEGITIMATE_MULTIPLE_SMALL_TRANSACTIONS,None - repeated small transactions within normal behavioral range,NONE,1,5,7,25516.37,5,0.05,NORMAL_REPEATED_ACTIVITY
L05_002204,320,TRANSFER,3272.54,C183603821,65450.84,62178.3,C_LEGIT_119449285,0.0,3272.54,0,0,L05_00315,LEGITIMATE_MULTIPLE_SMALL_TRANSACTIONS,None - repeated small transactions within normal behavioral range,NONE,1,6,7,25516.37,30,0.05,NORMAL_REPEATED_ACTIVITY
L05_002205,324,TRANSFER,3108.92,C183603821,62178.3,59069.38,C_LEGIT_965322938,0.0,3108.92,0,0,L05_00315,LEGITIMATE_MULTIPLE_SMALL_TRANSACTIONS,None - repeated small transactions within normal behavioral range,NONE,1,7,7,25516.37,4,0.05,NORMAL_REPEATED_ACTIVITY
L05_002206,314,TRANSFER,3991.72,C1860128876,79834.47,75842.75,C_LEGIT_504591254,0.0,3991.72,0,0,L05_00316,LEGITIMATE_MULTIPLE_SMALL_TRANSACTIONS,None - repeated small transactions within normal behavioral range,NONE,1,1,7,24083.07,0,0.05,NORMAL_REPEATED_ACTIVITY
L05_002207,315,TRANSFER,3792.14,C1860128876,75842.75,72050.61,C_LEGIT_876275056,0.0,3792.14,0,0,L05_00316,LEGITIMATE_MULTIPLE_SMALL_TRANSACTIONS,None - repeated small transactions within normal behavioral range,NONE,1,2,7,24083.07,1,0.05,NORMAL_REPEATED_ACTIVITY
L05_002208,321,TRANSFER,3602.53,C1860128876,72050.61,68448.08,C_LEGIT_464180536,0.0,3602.53,0,0,L05_00316,LEGITIMATE_MULTIPLE_SMALL_TRANSACTIONS,None - repeated small transactions within normal behavioral range,NONE,1,3,7,24083.07,6,0.05,NORMAL_REPEATED_ACTIVITY
L05_002209,345,TRANSFER,3422.4,C1860128876,68448.08,65025.68,C_LEGIT_591550058,0.0,3422.4,0,0,L05_00316,LEGITIMATE_MULTIPLE_SMALL_TRANSACTIONS,None - repeated small transactions within normal behavioral range,NONE,1,4,7,24083.07,24,0.05,NORMAL_REPEATED_ACTIVITY
L05_002210,357,TRANSFER,3251.28,C1860128876,65025.68,61774.4,C_LEGIT_706525039,0.0,3251.28,0,0,L05_00316,LEGITIMATE_MULTIPLE_SMALL_TRANSACTIONS,None - repeated small transactions within normal behavioral range,NONE,1,5,7,24083.07,12,0.05,NORMAL_REPEATED_ACTIVITY
L05_002211,375,TRANSFER,3088.72,C1860128876,61774.4,58685.68,C_LEGIT_621072839,0.0,3088.72,0,0,L05_00316,LEGITIMATE_MULTIPLE_SMALL_TRANSACTIONS,None - repeated small transactions within normal behavioral range,NONE,1,6,7,24083.07,18,0.05,NORMAL_REPEATED_ACTIVITY
L05_002212,387,TRANSFER,2934.28,C1860128876,58685.68,55751.4,C_LEGIT_765622708,0.0,2934.28,0,0,L05_00316,LEGITIMATE_MULTIPLE_SMALL_TRANSACTIONS,None - repeated small transactions within normal behavioral range,NONE,1,7,7,24083.07,12,0.05,NORMAL_REPEATED_ACTIVITY
L05_002213,232,TRANSFER,111155.45,C1017755221,4255759.41,4144603.96,C_LEGIT_152463438,0.0,111155.45,0,0,L05_00317,LEGITIMATE_MULTIPLE_SMALL_TRANSACTIONS,None - repeated small transactions within normal behavioral range,NONE,1,1,7,954676.63,0,0.0261,NORMAL_REPEATED_ACTIVITY
L05_002214,260,TRANSFER,174741.69,C1017755221,4144603.96,3969862.27,C_LEGIT_716931306,0.0,174741.69,0,0,L05_00317,LEGITIMATE_MULTIPLE_SMALL_TRANSACTIONS,None - repeated small transactions within normal behavioral range,NONE,1,2,7,954676.63,28,0.0422,NORMAL_REPEATED_ACTIVITY
L05_002215,261,TRANSFER,161539.49,C1017755221,3969862.27,3808322.78,C_LEGIT_259570022,0.0,161539.49,0,0,L05_00317,LEGITIMATE_MULTIPLE_SMALL_TRANSACTIONS,None - repeated small transactions within normal behavioral range,NONE,1,3,7,954676.63,1,0.0407,NORMAL_REPEATED_ACTIVITY
L05_002216,269,TRANSFER,118974.11,C1017755221,3808322.78,3689348.67,C_LEGIT_112978038,0.0,118974.11,0,0,L05_00317,LEGITIMATE_MULTIPLE_SMALL_TRANSACTIONS,None - repeated small transactions within normal behavioral range,NONE,1,4,7,954676.63,8,0.0312,NORMAL_REPEATED_ACTIVITY
L05_002217,276,TRANSFER,105439.2,C1017755221,3689348.67,3583909.47,C_LEGIT_132110086,0.0,105439.2,0,0,L05_00317,LEGITIMATE_MULTIPLE_SMALL_TRANSACTIONS,None - repeated small transactions within normal behavioral range,NONE,1,5,7,954676.63,7,0.0286,NORMAL_REPEATED_ACTIVITY
L05_002218,295,TRANSFER,153087.32,C1017755221,3583909.47,3430822.15,C_LEGIT_547376895,0.0,153087.32,0,0,L05_00317,LEGITIMATE_MULTIPLE_SMALL_TRANSACTIONS,None - repeated small transactions within normal behavioral range,NONE,1,6,7,954676.63,19,0.0427,NORMAL_REPEATED_ACTIVITY
L05_002219,299,TRANSFER,129739.37,C1017755221,3430822.15,3301082.78,C_LEGIT_591008802,0.0,129739.37,0,0,L05_00317,LEGITIMATE_MULTIPLE_SMALL_TRANSACTIONS,None - repeated small transactions within normal behavioral range,NONE,1,7,7,954676.63,4,0.0378,NORMAL_REPEATED_ACTIVITY
L05_002220,657,TRANSFER,2627.0,C876987537,52540.0,49913.0,C_LEGIT_706689313,0.0,2627.0,0,0,L05_00318,LEGITIMATE_MULTIPLE_SMALL_TRANSACTIONS,None - repeated small transactions within normal behavioral range,NONE,1,1,7,15849.36,0,0.05,NORMAL_REPEATED_ACTIVITY
L05_002221,666,TRANSFER,2495.65,C876987537,49913.0,47417.35,C_LEGIT_133690850,0.0,2495.65,0,0,L05_00318,LEGITIMATE_MULTIPLE_SMALL_TRANSACTIONS,None - repeated small transactions within normal behavioral range,NONE,1,2,7,15849.36,9,0.05,NORMAL_REPEATED_ACTIVITY
L05_002222,676,TRANSFER,2370.87,C876987537,47417.35,45046.48,C_LEGIT_935776172,0.0,2370.87,0,0,L05_00318,LEGITIMATE_MULTIPLE_SMALL_TRANSACTIONS,None - repeated small transactions within normal behavioral range,NONE,1,3,7,15849.36,10,0.05,NORMAL_REPEATED_ACTIVITY
L05_002223,677,TRANSFER,2252.32,C876987537,45046.48,42794.16,C_LEGIT_897671307,0.0,2252.32,0,0,L05_00318,LEGITIMATE_MULTIPLE_SMALL_TRANSACTIONS,None - repeated small transactions within normal behavioral range,NONE,1,4,7,15849.36,1,0.05,NORMAL_REPEATED_ACTIVITY
L05_002224,681,TRANSFER,2139.71,C876987537,42794.16,40654.45,C_LEGIT_975502589,0.0,2139.71,0,0,L05_00318,LEGITIMATE_MULTIPLE_SMALL_TRANSACTIONS,None - repeated small transactions within normal behavioral range,NONE,1,5,7,15849.36,4,0.05,NORMAL_REPEATED_ACTIVITY
L05_002225,686,TRANSFER,2032.72,C876987537,40654.45,38621.73,C_LEGIT_139594636,0.0,2032.72,0,0,L05_00318,LEGITIMATE_MULTIPLE_SMALL_TRANSACTIONS,None - repeated small transactions within normal behavioral range,NONE,1,6,7,15849.36,5,0.05,NORMAL_REPEATED_ACTIVITY
L05_002226,727,TRANSFER,1931.09,C876987537,38621.73,36690.64,C_LEGIT_812059340,0.0,1931.09,0,0,L05_00318,LEGITIMATE_MULTIPLE_SMALL_TRANSACTIONS,None - repeated small transactions within normal behavioral range,NONE,1,7,7,15849.36,41,0.05,NORMAL_REPEATED_ACTIVITY
L05_002227,385,TRANSFER,3691.63,C1614638175,73832.59,70140.96,C_LEGIT_243558746,0.0,3691.63,0,0,L05_00319,LEGITIMATE_MULTIPLE_SMALL_TRANSACTIONS,None - repeated small transactions within normal behavioral range,NONE,1,1,7,22272.54,0,0.05,NORMAL_REPEATED_ACTIVITY
L05_002228,401,TRANSFER,3507.05,C1614638175,70140.96,66633.91,C_LEGIT_316463624,0.0,3507.05,0,0,L05_00319,LEGITIMATE_MULTIPLE_SMALL_TRANSACTIONS,None - repeated small transactions within normal behavioral range,NONE,1,2,7,22272.54,16,0.05,NORMAL_REPEATED_ACTIVITY
L05_002229,414,TRANSFER,3331.7,C1614638175,66633.91,63302.21,C_LEGIT_878620519,0.0,3331.7,0,0,L05_00319,LEGITIMATE_MULTIPLE_SMALL_TRANSACTIONS,None - repeated small transactions within normal behavioral range,NONE,1,3,7,22272.54,13,0.05,NORMAL_REPEATED_ACTIVITY
L05_002230,421,TRANSFER,3165.11,C1614638175,63302.21,60137.1,C_LEGIT_134476603,0.0,3165.11,0,0,L05_00319,LEGITIMATE_MULTIPLE_SMALL_TRANSACTIONS,None - repeated small transactions within normal behavioral range,NONE,1,4,7,22272.54,7,0.05,NORMAL_REPEATED_ACTIVITY
L05_002231,432,TRANSFER,3006.85,C1614638175,60137.1,57130.25,C_LEGIT_605761675,0.0,3006.85,0,0,L05_00319,LEGITIMATE_MULTIPLE_SMALL_TRANSACTIONS,None - repeated small transactions within normal behavioral range,NONE,1,5,7,22272.54,11,0.05,NORMAL_REPEATED_ACTIVITY
L05_002232,451,TRANSFER,2856.51,C1614638175,57130.25,54273.74,C_LEGIT_169318260,0.0,2856.51,0,0,L05_00319,LEGITIMATE_MULTIPLE_SMALL_TRANSACTIONS,None - repeated small transactions within normal behavioral range,NONE,1,6,7,22272.54,19,0.05,NORMAL_REPEATED_ACTIVITY
L05_002233,475,TRANSFER,2713.69,C1614638175,54273.74,51560.05,C_LEGIT_498433905,0.0,2713.69,0,0,L05_00319,LEGITIMATE_MULTIPLE_SMALL_TRANSACTIONS,None - repeated small transactions within normal behavioral range,NONE,1,7,7,22272.54,24,0.05,NORMAL_REPEATED_ACTIVITY
L05_002234,172,TRANSFER,5510.37,C748384262,110207.32,104696.95,C_LEGIT_744891894,0.0,5510.37,0,0,L05_00320,LEGITIMATE_MULTIPLE_SMALL_TRANSACTIONS,None - repeated small transactions within normal behavioral range,NONE,1,1,7,33245.45,0,0.05,NORMAL_REPEATED_ACTIVITY
L05_002235,175,TRANSFER,5234.85,C748384262,104696.95,99462.1,C_LEGIT_375053103,0.0,5234.85,0,0,L05_00320,LEGITIMATE_MULTIPLE_SMALL_TRANSACTIONS,None - repeated small transactions within normal behavioral range,NONE,1,2,7,33245.45,3,0.05,NORMAL_REPEATED_ACTIVITY
L05_002236,198,TRANSFER,4973.11,C748384262,99462.1,94488.99,C_LEGIT_400426318,0.0,4973.11,0,0,L05_00320,LEGITIMATE_MULTIPLE_SMALL_TRANSACTIONS,None - repeated small transactions within normal behavioral range,NONE,1,3,7,33245.45,23,0.05,NORMAL_REPEATED_ACTIVITY
L05_002237,211,TRANSFER,4724.45,C748384262,94488.99,89764.54,C_LEGIT_168470112,0.0,4724.45,0,0,L05_00320,LEGITIMATE_MULTIPLE_SMALL_TRANSACTIONS,None - repeated small transactions within normal behavioral range,NONE,1,4,7,33245.45,13,0.05,NORMAL_REPEATED_ACTIVITY
L05_002238,234,TRANSFER,4488.23,C748384262,89764.54,85276.31,C_LEGIT_832671421,0.0,4488.23,0,0,L05_00320,LEGITIMATE_MULTIPLE_SMALL_TRANSACTIONS,None - repeated small transactions within normal behavioral range,NONE,1,5,7,33245.45,23,0.05,NORMAL_REPEATED_ACTIVITY
L05_002239,237,TRANSFER,4263.82,C748384262,85276.31,81012.49,C_LEGIT_958497700,0.0,4263.82,0,0,L05_00320,LEGITIMATE_MULTIPLE_SMALL_TRANSACTIONS,None - repeated small transactions within normal behavioral range,NONE,1,6,7,33245.45,3,0.05,NORMAL_REPEATED_ACTIVITY
L05_002240,261,TRANSFER,4050.62,C748384262,81012.49,76961.87,C_LEGIT_513919036,0.0,4050.62,0,0,L05_00320,LEGITIMATE_MULTIPLE_SMALL_TRANSACTIONS,None - repeated small transactions within normal behavioral range,NONE,1,7,7,33245.45,24,0.05,NORMAL_REPEATED_ACTIVITY
L05_002241,415,TRANSFER,495.15,C533364510,9903.0,9407.85,C_LEGIT_940441123,0.0,495.15,0,0,L05_00321,LEGITIMATE_MULTIPLE_SMALL_TRANSACTIONS,None - repeated small transactions within normal behavioral range,NONE,1,1,7,2987.36,0,0.05,NORMAL_REPEATED_ACTIVITY
L05_002242,431,TRANSFER,470.39,C533364510,9407.85,8937.46,C_LEGIT_782761120,0.0,470.39,0,0,L05_00321,LEGITIMATE_MULTIPLE_SMALL_TRANSACTIONS,None - repeated small transactions within normal behavioral range,NONE,1,2,7,2987.36,16,0.05,NORMAL_REPEATED_ACTIVITY
L05_002243,451,TRANSFER,446.87,C533364510,8937.46,8490.59,C_LEGIT_185349183,0.0,446.87,0,0,L05_00321,LEGITIMATE_MULTIPLE_SMALL_TRANSACTIONS,None - repeated small transactions within normal behavioral range,NONE,1,3,7,2987.36,20,0.05,NORMAL_REPEATED_ACTIVITY
L05_002244,466,TRANSFER,424.53,C533364510,8490.59,8066.06,C_LEGIT_521707689,0.0,424.53,0,0,L05_00321,LEGITIMATE_MULTIPLE_SMALL_TRANSACTIONS,None - repeated small transactions within normal behavioral range,NONE,1,4,7,2987.36,15,0.05,NORMAL_REPEATED_ACTIVITY
L05_002245,479,TRANSFER,403.3,C533364510,8066.06,7662.76,C_LEGIT_772492554,0.0,403.3,0,0,L05_00321,LEGITIMATE_MULTIPLE_SMALL_TRANSACTIONS,None - repeated small transactions within normal behavioral range,NONE,1,5,7,2987.36,13,0.05,NORMAL_REPEATED_ACTIVITY
L05_002246,485,TRANSFER,383.14,C533364510,7662.76,7279.62,C_LEGIT_328328916,0.0,383.14,0,0,L05_00321,LEGITIMATE_MULTIPLE_SMALL_TRANSACTIONS,None - repeated small transactions within normal behavioral range,NONE,1,6,7,2987.36,6,0.05,NORMAL_REPEATED_ACTIVITY
L05_002247,504,TRANSFER,363.98,C533364510,7279.62,6915.64,C_LEGIT_742244536,0.0,363.98,0,0,L05_00321,LEGITIMATE_MULTIPLE_SMALL_TRANSACTIONS,None - repeated small transactions within normal behavioral range,NONE,1,7,7,2987.36,19,0.05,NORMAL_REPEATED_ACTIVITY
L05_002248,248,TRANSFER,987.95,C416726720,357529.83,356541.88,C_LEGIT_258840124,0.0,987.95,0,0,L05_00322,LEGITIMATE_MULTIPLE_SMALL_TRANSACTIONS,None - repeated small transactions within normal behavioral range,NONE,1,1,7,8006.54,0,0.0028,NORMAL_REPEATED_ACTIVITY
L05_002249,256,TRANSFER,1209.08,C416726720,356541.88,355332.8,C_LEGIT_519867967,0.0,1209.08,0,0,L05_00322,LEGITIMATE_MULTIPLE_SMALL_TRANSACTIONS,None - repeated small transactions within normal behavioral range,NONE,1,2,7,8006.54,8,0.0034,NORMAL_REPEATED_ACTIVITY
L05_002250,269,TRANSFER,1270.96,C416726720,355332.8,354061.84,C_LEGIT_938322033,0.0,1270.96,0,0,L05_00322,LEGITIMATE_MULTIPLE_SMALL_TRANSACTIONS,None - repeated small transactions within normal behavioral range,NONE,1,3,7,8006.54,13,0.0036,NORMAL_REPEATED_ACTIVITY
L05_002251,276,TRANSFER,1281.71,C416726720,354061.84,352780.13,C_LEGIT_389899932,0.0,1281.71,0,0,L05_00322,LEGITIMATE_MULTIPLE_SMALL_TRANSACTIONS,None - repeated small transactions within normal behavioral range,NONE,1,4,7,8006.54,7,0.0036,NORMAL_REPEATED_ACTIVITY
L05_002252,279,TRANSFER,1063.33,C416726720,352780.13,351716.8,C_LEGIT_439646201,0.0,1063.33,0,0,L05_00322,LEGITIMATE_MULTIPLE_SMALL_TRANSACTIONS,None - repeated small transactions within normal behavioral range,NONE,1,5,7,8006.54,3,0.003,NORMAL_REPEATED_ACTIVITY
L05_002253,330,TRANSFER,939.03,C416726720,351716.8,350777.77,C_LEGIT_701272942,0.0,939.03,0,0,L05_00322,LEGITIMATE_MULTIPLE_SMALL_TRANSACTIONS,None - repeated small transactions within normal behavioral range,NONE,1,6,7,8006.54,51,0.0027,NORMAL_REPEATED_ACTIVITY
L05_002254,332,TRANSFER,1254.48,C416726720,350777.77,349523.29,C_LEGIT_913810278,0.0,1254.48,0,0,L05_00322,LEGITIMATE_MULTIPLE_SMALL_TRANSACTIONS,None - repeated small transactions within normal behavioral range,NONE,1,7,7,8006.54,2,0.0036,NORMAL_REPEATED_ACTIVITY
L05_002255,36,TRANSFER,11183.0,C2080465743,223660.0,212477.0,C_LEGIT_720140828,0.0,11183.0,0,0,L05_00323,LEGITIMATE_MULTIPLE_SMALL_TRANSACTIONS,None - repeated small transactions within normal behavioral range,NONE,1,1,7,67469.87,0,0.05,NORMAL_REPEATED_ACTIVITY
L05_002256,67,TRANSFER,10623.85,C2080465743,212477.0,201853.15,C_LEGIT_447752062,0.0,10623.85,0,0,L05_00323,LEGITIMATE_MULTIPLE_SMALL_TRANSACTIONS,None - repeated small transactions within normal behavioral range,NONE,1,2,7,67469.87,31,0.05,NORMAL_REPEATED_ACTIVITY
L05_002257,81,TRANSFER,10092.66,C2080465743,201853.15,191760.49,C_LEGIT_378740232,0.0,10092.66,0,0,L05_00323,LEGITIMATE_MULTIPLE_SMALL_TRANSACTIONS,None - repeated small transactions within normal behavioral range,NONE,1,3,7,67469.87,14,0.05,NORMAL_REPEATED_ACTIVITY
L05_002258,95,TRANSFER,9588.02,C2080465743,191760.49,182172.47,C_LEGIT_177564678,0.0,9588.02,0,0,L05_00323,LEGITIMATE_MULTIPLE_SMALL_TRANSACTIONS,None - repeated small transactions within normal behavioral range,NONE,1,4,7,67469.87,14,0.05,NORMAL_REPEATED_ACTIVITY
L05_002259,106,TRANSFER,9108.62,C2080465743,182172.47,173063.85,C_LEGIT_813942643,0.0,9108.62,0,0,L05_00323,LEGITIMATE_MULTIPLE_SMALL_TRANSACTIONS,None - repeated small transactions within normal behavioral range,NONE,1,5,7,67469.87,11,0.05,NORMAL_REPEATED_ACTIVITY
L05_002260,117,TRANSFER,8653.19,C2080465743,173063.85,164410.66,C_LEGIT_362676985,0.0,8653.19,0,0,L05_00323,LEGITIMATE_MULTIPLE_SMALL_TRANSACTIONS,None - repeated small transactions within normal behavioral range,NONE,1,6,7,67469.87,11,0.05,NORMAL_REPEATED_ACTIVITY
L05_002261,119,TRANSFER,8220.53,C2080465743,164410.66,156190.13,C_LEGIT_696835259,0.0,8220.53,0,0,L05_00323,LEGITIMATE_MULTIPLE_SMALL_TRANSACTIONS,None - repeated small transactions within normal behavioral range,NONE,1,7,7,67469.87,2,0.05,NORMAL_REPEATED_ACTIVITY
L05_002262,468,TRANSFER,2533.9,C147375560,50678.0,48144.1,C_LEGIT_600734748,0.0,2533.9,0,0,L05_00324,LEGITIMATE_MULTIPLE_SMALL_TRANSACTIONS,None - repeated small transactions within normal behavioral range,NONE,1,1,7,15287.66,0,0.05,NORMAL_REPEATED_ACTIVITY
L05_002263,473,TRANSFER,2407.2,C147375560,48144.1,45736.9,C_LEGIT_529108450,0.0,2407.2,0,0,L05_00324,LEGITIMATE_MULTIPLE_SMALL_TRANSACTIONS,None - repeated small transactions within normal behavioral range,NONE,1,2,7,15287.66,5,0.05,NORMAL_REPEATED_ACTIVITY
L05_002264,496,TRANSFER,2286.85,C147375560,45736.9,43450.05,C_LEGIT_543983062,0.0,2286.85,0,0,L05_00324,LEGITIMATE_MULTIPLE_SMALL_TRANSACTIONS,None - repeated small transactions within normal behavioral range,NONE,1,3,7,15287.66,23,0.05,NORMAL_REPEATED_ACTIVITY
L05_002265,509,TRANSFER,2172.5,C147375560,43450.05,41277.55,C_LEGIT_256212082,0.0,2172.5,0,0,L05_00324,LEGITIMATE_MULTIPLE_SMALL_TRANSACTIONS,None - repeated small transactions within normal behavioral range,NONE,1,4,7,15287.66,13,0.05,NORMAL_REPEATED_ACTIVITY
L05_002266,515,TRANSFER,2063.88,C147375560,41277.55,39213.67,C_LEGIT_590976358,0.0,2063.88,0,0,L05_00324,LEGITIMATE_MULTIPLE_SMALL_TRANSACTIONS,None - repeated small transactions within normal behavioral range,NONE,1,5,7,15287.66,6,0.05,NORMAL_REPEATED_ACTIVITY
L05_002267,522,TRANSFER,1960.68,C147375560,39213.67,37252.99,C_LEGIT_758562082,0.0,1960.68,0,0,L05_00324,LEGITIMATE_MULTIPLE_SMALL_TRANSACTIONS,None - repeated small transactions within normal behavioral range,NONE,1,6,7,15287.66,7,0.05,NORMAL_REPEATED_ACTIVITY
L05_002268,546,TRANSFER,1862.65,C147375560,37252.99,35390.34,C_LEGIT_617902219,0.0,1862.65,0,0,L05_00324,LEGITIMATE_MULTIPLE_SMALL_TRANSACTIONS,None - repeated small transactions within normal behavioral range,NONE,1,7,7,15287.66,24,0.05,NORMAL_REPEATED_ACTIVITY
L05_002269,210,TRANSFER,1233.0,C1358438198,24660.0,23427.0,C_LEGIT_959874953,0.0,1233.0,0,0,L05_00325,LEGITIMATE_MULTIPLE_SMALL_TRANSACTIONS,None - repeated small transactions within normal behavioral range,NONE,1,1,7,7439.0,0,0.05,NORMAL_REPEATED_ACTIVITY
L05_002270,218,TRANSFER,1171.35,C1358438198,23427.0,22255.65,C_LEGIT_901553081,0.0,1171.35,0,0,L05_00325,LEGITIMATE_MULTIPLE_SMALL_TRANSACTIONS,None - repeated small transactions within normal behavioral range,NONE,1,2,7,7439.0,8,0.05,NORMAL_REPEATED_ACTIVITY
L05_002271,231,TRANSFER,1112.78,C1358438198,22255.65,21142.87,C_LEGIT_929452610,0.0,1112.78,0,0,L05_00325,LEGITIMATE_MULTIPLE_SMALL_TRANSACTIONS,None - repeated small transactions within normal behavioral range,NONE,1,3,7,7439.0,13,0.05,NORMAL_REPEATED_ACTIVITY
L05_002272,240,TRANSFER,1057.14,C1358438198,21142.87,20085.73,C_LEGIT_917880938,0.0,1057.14,0,0,L05_00325,LEGITIMATE_MULTIPLE_SMALL_TRANSACTIONS,None - repeated small transactions within normal behavioral range,NONE,1,4,7,7439.0,9,0.05,NORMAL_REPEATED_ACTIVITY
L05_002273,242,TRANSFER,1004.29,C1358438198,20085.73,19081.44,C_LEGIT_810335209,0.0,1004.29,0,0,L05_00325,LEGITIMATE_MULTIPLE_SMALL_TRANSACTIONS,None - repeated small transactions within normal behavioral range,NONE,1,5,7,7439.0,2,0.05,NORMAL_REPEATED_ACTIVITY
L05_002274,285,TRANSFER,954.07,C1358438198,19081.44,18127.37,C_LEGIT_538373860,0.0,954.07,0,0,L05_00325,LEGITIMATE_MULTIPLE_SMALL_TRANSACTIONS,None - repeated small transactions within normal behavioral range,NONE,1,6,7,7439.0,43,0.05,NORMAL_REPEATED_ACTIVITY
L05_002275,294,TRANSFER,906.37,C1358438198,18127.37,17221.0,C_LEGIT_365327730,0.0,906.37,0,0,L05_00325,LEGITIMATE_MULTIPLE_SMALL_TRANSACTIONS,None - repeated small transactions within normal behavioral range,NONE,1,7,7,7439.0,9,0.05,NORMAL_REPEATED_ACTIVITY
L05_002276,274,TRANSFER,3925.9,C1570985903,312710.0,308784.1,C_LEGIT_115482520,0.0,3925.9,0,0,L05_00326,LEGITIMATE_MULTIPLE_SMALL_TRANSACTIONS,None - repeated small transactions within normal behavioral range,NONE,1,1,7,25175.84,0,0.0126,NORMAL_REPEATED_ACTIVITY
L05_002277,275,TRANSFER,3366.22,C1570985903,308784.1,305417.88,C_LEGIT_101034495,0.0,3366.22,0,0,L05_00326,LEGITIMATE_MULTIPLE_SMALL_TRANSACTIONS,None - repeated small transactions within normal behavioral range,NONE,1,2,7,25175.84,1,0.0109,NORMAL_REPEATED_ACTIVITY
L05_002278,284,TRANSFER,3991.05,C1570985903,305417.88,301426.83,C_LEGIT_332547051,0.0,3991.05,0,0,L05_00326,LEGITIMATE_MULTIPLE_SMALL_TRANSACTIONS,None - repeated small transactions within normal behavioral range,NONE,1,3,7,25175.84,9,0.0131,NORMAL_REPEATED_ACTIVITY
L05_002279,286,TRANSFER,3351.58,C1570985903,301426.83,298075.25,C_LEGIT_666586623,0.0,3351.58,0,0,L05_00326,LEGITIMATE_MULTIPLE_SMALL_TRANSACTIONS,None - repeated small transactions within normal behavioral range,NONE,1,4,7,25175.84,2,0.0111,NORMAL_REPEATED_ACTIVITY
L05_002280,327,TRANSFER,3000.51,C1570985903,298075.25,295074.74,C_LEGIT_528520540,0.0,3000.51,0,0,L05_00326,LEGITIMATE_MULTIPLE_SMALL_TRANSACTIONS,None - repeated small transactions within normal behavioral range,NONE,1,5,7,25175.84,41,0.0101,NORMAL_REPEATED_ACTIVITY
L05_002281,333,TRANSFER,4167.85,C1570985903,295074.74,290906.89,C_LEGIT_307017080,0.0,4167.85,0,0,L05_00326,LEGITIMATE_MULTIPLE_SMALL_TRANSACTIONS,None - repeated small transactions within normal behavioral range,NONE,1,6,7,25175.84,6,0.0141,NORMAL_REPEATED_ACTIVITY
L05_002282,364,TRANSFER,3372.73,C1570985903,290906.89,287534.16,C_LEGIT_770392826,0.0,3372.73,0,0,L05_00326,LEGITIMATE_MULTIPLE_SMALL_TRANSACTIONS,None - repeated small transactions within normal behavioral range,NONE,1,7,7,25175.84,31,0.0116,NORMAL_REPEATED_ACTIVITY
L05_002283,358,TRANSFER,2801.05,C1504770713,56020.97,53219.92,C_LEGIT_830118613,0.0,2801.05,0,0,L05_00327,LEGITIMATE_MULTIPLE_SMALL_TRANSACTIONS,None - repeated small transactions within normal behavioral range,NONE,1,1,7,16899.45,0,0.05,NORMAL_REPEATED_ACTIVITY
L05_002284,382,TRANSFER,2661.0,C1504770713,53219.92,50558.92,C_LEGIT_688845166,0.0,2661.0,0,0,L05_00327,LEGITIMATE_MULTIPLE_SMALL_TRANSACTIONS,None - repeated small transactions within normal behavioral range,NONE,1,2,7,16899.45,24,0.05,NORMAL_REPEATED_ACTIVITY
L05_002285,385,TRANSFER,2527.95,C1504770713,50558.92,48030.97,C_LEGIT_421924396,0.0,2527.95,0,0,L05_00327,LEGITIMATE_MULTIPLE_SMALL_TRANSACTIONS,None - repeated small transactions within normal behavioral range,NONE,1,3,7,16899.45,3,0.05,NORMAL_REPEATED_ACTIVITY
L05_002286,401,TRANSFER,2401.55,C1504770713,48030.97,45629.42,C_LEGIT_638562939,0.0,2401.55,0,0,L05_00327,LEGITIMATE_MULTIPLE_SMALL_TRANSACTIONS,None - repeated small transactions within normal behavioral range,NONE,1,4,7,16899.45,16,0.05,NORMAL_REPEATED_ACTIVITY
L05_002287,431,TRANSFER,2281.47,C1504770713,45629.42,43347.95,C_LEGIT_989905036,0.0,2281.47,0,0,L05_00327,LEGITIMATE_MULTIPLE_SMALL_TRANSACTIONS,None - repeated small transactions within normal behavioral range,NONE,1,5,7,16899.45,30,0.05,NORMAL_REPEATED_ACTIVITY
L05_002288,434,TRANSFER,2167.4,C1504770713,43347.95,41180.55,C_LEGIT_925892889,0.0,2167.4,0,0,L05_00327,LEGITIMATE_MULTIPLE_SMALL_TRANSACTIONS,None - repeated small transactions within normal behavioral range,NONE,1,6,7,16899.45,3,0.05,NORMAL_REPEATED_ACTIVITY
L05_002289,441,TRANSFER,2059.03,C1504770713,41180.55,39121.52,C_LEGIT_916054472,0.0,2059.03,0,0,L05_00327,LEGITIMATE_MULTIPLE_SMALL_TRANSACTIONS,None - repeated small transactions within normal behavioral range,NONE,1,7,7,16899.45,7,0.05,NORMAL_REPEATED_ACTIVITY
L05_002290,296,TRANSFER,580.45,C404322439,11609.0,11028.55,C_LEGIT_786836848,0.0,580.45,0,0,L05_00328,LEGITIMATE_MULTIPLE_SMALL_TRANSACTIONS,None - repeated small transactions within normal behavioral range,NONE,1,1,7,3502.0,0,0.05,NORMAL_REPEATED_ACTIVITY
L05_002291,309,TRANSFER,551.43,C404322439,11028.55,10477.12,C_LEGIT_293904364,0.0,551.43,0,0,L05_00328,LEGITIMATE_MULTIPLE_SMALL_TRANSACTIONS,None - repeated small transactions within normal behavioral range,NONE,1,2,7,3502.0,13,0.05,NORMAL_REPEATED_ACTIVITY
L05_002292,313,TRANSFER,523.86,C404322439,10477.12,9953.26,C_LEGIT_496833071,0.0,523.86,0,0,L05_00328,LEGITIMATE_MULTIPLE_SMALL_TRANSACTIONS,None - repeated small transactions within normal behavioral range,NONE,1,3,7,3502.0,4,0.05,NORMAL_REPEATED_ACTIVITY
L05_002293,337,TRANSFER,497.66,C404322439,9953.26,9455.6,C_LEGIT_567918595,0.0,497.66,0,0,L05_00328,LEGITIMATE_MULTIPLE_SMALL_TRANSACTIONS,None - repeated small transactions within normal behavioral range,NONE,1,4,7,3502.0,24,0.05,NORMAL_REPEATED_ACTIVITY
L05_002294,346,TRANSFER,472.78,C404322439,9455.6,8982.82,C_LEGIT_378162663,0.0,472.78,0,0,L05_00328,LEGITIMATE_MULTIPLE_SMALL_TRANSACTIONS,None - repeated small transactions within normal behavioral range,NONE,1,5,7,3502.0,9,0.05,NORMAL_REPEATED_ACTIVITY
L05_002295,363,TRANSFER,449.14,C404322439,8982.82,8533.68,C_LEGIT_232117095,0.0,449.14,0,0,L05_00328,LEGITIMATE_MULTIPLE_SMALL_TRANSACTIONS,None - repeated small transactions within normal behavioral range,NONE,1,6,7,3502.0,17,0.05,NORMAL_REPEATED_ACTIVITY
L05_002296,365,TRANSFER,426.68,C404322439,8533.68,8107.0,C_LEGIT_530281922,0.0,426.68,0,0,L05_00328,LEGITIMATE_MULTIPLE_SMALL_TRANSACTIONS,None - repeated small transactions within normal behavioral range,NONE,1,7,7,3502.0,2,0.05,NORMAL_REPEATED_ACTIVITY
L05_002297,241,TRANSFER,1783.3,C1995251376,35666.0,33882.7,C_LEGIT_599244569,0.0,1783.3,0,0,L05_00329,LEGITIMATE_MULTIPLE_SMALL_TRANSACTIONS,None - repeated small transactions within normal behavioral range,NONE,1,1,7,10759.1,0,0.05,NORMAL_REPEATED_ACTIVITY
L05_002298,276,TRANSFER,1694.13,C1995251376,33882.7,32188.57,C_LEGIT_660232170,0.0,1694.13,0,0,L05_00329,LEGITIMATE_MULTIPLE_SMALL_TRANSACTIONS,None - repeated small transactions within normal behavioral range,NONE,1,2,7,10759.1,35,0.05,NORMAL_REPEATED_ACTIVITY
L05_002299,288,TRANSFER,1609.43,C1995251376,32188.57,30579.14,C_LEGIT_223574743,0.0,1609.43,0,0,L05_00329,LEGITIMATE_MULTIPLE_SMALL_TRANSACTIONS,None - repeated small transactions within normal behavioral range,NONE,1,3,7,10759.1,12,0.05,NORMAL_REPEATED_ACTIVITY
L05_002300,291,TRANSFER,1528.96,C1995251376,30579.14,29050.18,C_LEGIT_338148584,0.0,1528.96,0,0,L05_00329,LEGITIMATE_MULTIPLE_SMALL_TRANSACTIONS,None - repeated small transactions within normal behavioral range,NONE,1,4,7,10759.1,3,0.05,NORMAL_REPEATED_ACTIVITY
L05_002301,304,TRANSFER,1452.51,C1995251376,29050.18,27597.67,C_LEGIT_844435705,0.0,1452.51,0,0,L05_00329,LEGITIMATE_MULTIPLE_SMALL_TRANSACTIONS,None - repeated small transactions within normal behavioral range,NONE,1,5,7,10759.1,13,0.05,NORMAL_REPEATED_ACTIVITY
L05_002302,306,TRANSFER,1379.88,C1995251376,27597.67,26217.79,C_LEGIT_265314542,0.0,1379.88,0,0,L05_00329,LEGITIMATE_MULTIPLE_SMALL_TRANSACTIONS,None - repeated small transactions within normal behavioral range,NONE,1,6,7,10759.1,2,0.05,NORMAL_REPEATED_ACTIVITY
L05_002303,317,TRANSFER,1310.89,C1995251376,26217.79,24906.9,C_LEGIT_905435498,0.0,1310.89,0,0,L05_00329,LEGITIMATE_MULTIPLE_SMALL_TRANSACTIONS,None - repeated small transactions within normal behavioral range,NONE,1,7,7,10759.1,11,0.05,NORMAL_REPEATED_ACTIVITY
L05_002304,201,TRANSFER,77431.97,C1376253006,7316046.66,7238614.69,C_LEGIT_984959308,0.0,77431.97,0,0,L05_00330,LEGITIMATE_MULTIPLE_SMALL_TRANSACTIONS,None - repeated small transactions within normal behavioral range,NONE,1,1,7,434592.27,0,0.0106,NORMAL_REPEATED_ACTIVITY
L05_002305,227,TRANSFER,47971.1,C1376253006,7238614.69,7190643.59,C_LEGIT_271429445,0.0,47971.1,0,0,L05_00330,LEGITIMATE_MULTIPLE_SMALL_TRANSACTIONS,None - repeated small transactions within normal behavioral range,NONE,1,2,7,434592.27,26,0.0066,NORMAL_REPEATED_ACTIVITY
L05_002306,236,TRANSFER,50576.31,C1376253006,7190643.59,7140067.28,C_LEGIT_390752869,0.0,50576.31,0,0,L05_00330,LEGITIMATE_MULTIPLE_SMALL_TRANSACTIONS,None - repeated small transactions within normal behavioral range,NONE,1,3,7,434592.27,9,0.007,NORMAL_REPEATED_ACTIVITY
L05_002307,247,TRANSFER,56808.53,C1376253006,7140067.28,7083258.75,C_LEGIT_375945290,0.0,56808.53,0,0,L05_00330,LEGITIMATE_MULTIPLE_SMALL_TRANSACTIONS,None - repeated small transactions within normal behavioral range,NONE,1,4,7,434592.27,11,0.008,NORMAL_REPEATED_ACTIVITY
L05_002308,249,TRANSFER,61456.0,C1376253006,7083258.75,7021802.75,C_LEGIT_250773932,0.0,61456.0,0,0,L05_00330,LEGITIMATE_MULTIPLE_SMALL_TRANSACTIONS,None - repeated small transactions within normal behavioral range,NONE,1,5,7,434592.27,2,0.0087,NORMAL_REPEATED_ACTIVITY
L05_002309,252,TRANSFER,73083.25,C1376253006,7021802.75,6948719.5,C_LEGIT_718396515,0.0,73083.25,0,0,L05_00330,LEGITIMATE_MULTIPLE_SMALL_TRANSACTIONS,None - repeated small transactions within normal behavioral range,NONE,1,6,7,434592.27,3,0.0104,NORMAL_REPEATED_ACTIVITY
L05_002310,288,TRANSFER,67265.11,C1376253006,6948719.5,6881454.39,C_LEGIT_435738258,0.0,67265.11,0,0,L05_00330,LEGITIMATE_MULTIPLE_SMALL_TRANSACTIONS,None - repeated small transactions within normal behavioral range,NONE,1,7,7,434592.27,36,0.0097,NORMAL_REPEATED_ACTIVITY
L05_002311,238,TRANSFER,5.65,C318371836,113.0,107.35,C_LEGIT_510596373,0.0,5.65,0,0,L05_00331,LEGITIMATE_MULTIPLE_SMALL_TRANSACTIONS,None - repeated small transactions within normal behavioral range,NONE,1,1,7,34.08,0,0.05,NORMAL_REPEATED_ACTIVITY
L05_002312,243,TRANSFER,5.37,C318371836,107.35,101.98,C_LEGIT_994476971,0.0,5.37,0,0,L05_00331,LEGITIMATE_MULTIPLE_SMALL_TRANSACTIONS,None - repeated small transactions within normal behavioral range,NONE,1,2,7,34.08,5,0.05,NORMAL_REPEATED_ACTIVITY
L05_002313,250,TRANSFER,5.1,C318371836,101.98,96.88,C_LEGIT_371438003,0.0,5.1,0,0,L05_00331,LEGITIMATE_MULTIPLE_SMALL_TRANSACTIONS,None - repeated small transactions within normal behavioral range,NONE,1,3,7,34.08,7,0.05,NORMAL_REPEATED_ACTIVITY
L05_002314,254,TRANSFER,4.84,C318371836,96.88,92.04,C_LEGIT_592177994,0.0,4.84,0,0,L05_00331,LEGITIMATE_MULTIPLE_SMALL_TRANSACTIONS,None - repeated small transactions within normal behavioral range,NONE,1,4,7,34.08,4,0.05,NORMAL_REPEATED_ACTIVITY
L05_002315,299,TRANSFER,4.6,C318371836,92.04,87.44,C_LEGIT_818803912,0.0,4.6,0,0,L05_00331,LEGITIMATE_MULTIPLE_SMALL_TRANSACTIONS,None - repeated small transactions within normal behavioral range,NONE,1,5,7,34.08,45,0.05,NORMAL_REPEATED_ACTIVITY
L05_002316,303,TRANSFER,4.37,C318371836,87.44,83.07,C_LEGIT_678838519,0.0,4.37,0,0,L05_00331,LEGITIMATE_MULTIPLE_SMALL_TRANSACTIONS,None - repeated small transactions within normal behavioral range,NONE,1,6,7,34.08,4,0.05,NORMAL_REPEATED_ACTIVITY
L05_002317,311,TRANSFER,4.15,C318371836,83.07,78.92,C_LEGIT_627816640,0.0,4.15,0,0,L05_00331,LEGITIMATE_MULTIPLE_SMALL_TRANSACTIONS,None - repeated small transactions within normal behavioral range,NONE,1,7,7,34.08,8,0.05,NORMAL_REPEATED_ACTIVITY
L05_002318,312,TRANSFER,122173.78,C314898457,2900951.84,2778778.06,C_LEGIT_913364163,0.0,122173.78,0,0,L05_00332,LEGITIMATE_MULTIPLE_SMALL_TRANSACTIONS,None - repeated small transactions within normal behavioral range,NONE,1,1,7,852795.57,0,0.0421,NORMAL_REPEATED_ACTIVITY
L05_002319,318,TRANSFER,138938.9,C314898457,2778778.06,2639839.16,C_LEGIT_703290213,0.0,138938.9,0,0,L05_00332,LEGITIMATE_MULTIPLE_SMALL_TRANSACTIONS,None - repeated small transactions within normal behavioral range,NONE,1,2,7,852795.57,6,0.05,NORMAL_REPEATED_ACTIVITY
L05_002320,331,TRANSFER,125240.57,C314898457,2639839.16,2514598.59,C_LEGIT_493640075,0.0,125240.57,0,0,L05_00332,LEGITIMATE_MULTIPLE_SMALL_TRANSACTIONS,None - repeated small transactions within normal behavioral range,NONE,1,3,7,852795.57,13,0.0474,NORMAL_REPEATED_ACTIVITY
L05_002321,334,TRANSFER,125729.93,C314898457,2514598.59,2388868.66,C_LEGIT_902613520,0.0,125729.93,0,0,L05_00332,LEGITIMATE_MULTIPLE_SMALL_TRANSACTIONS,None - repeated small transactions within normal behavioral range,NONE,1,4,7,852795.57,3,0.05,NORMAL_REPEATED_ACTIVITY
L05_002322,352,TRANSFER,119443.43,C314898457,2388868.66,2269425.23,C_LEGIT_797283091,0.0,119443.43,0,0,L05_00332,LEGITIMATE_MULTIPLE_SMALL_TRANSACTIONS,None - repeated small transactions within normal behavioral range,NONE,1,5,7,852795.57,18,0.05,NORMAL_REPEATED_ACTIVITY
L05_002323,361,TRANSFER,113471.26,C314898457,2269425.23,2155953.97,C_LEGIT_258019628,0.0,113471.26,0,0,L05_00332,LEGITIMATE_MULTIPLE_SMALL_TRANSACTIONS,None - repeated small transactions within normal behavioral range,NONE,1,6,7,852795.57,9,0.05,NORMAL_REPEATED_ACTIVITY
L05_002324,375,TRANSFER,107797.7,C314898457,2155953.97,2048156.27,C_LEGIT_412762619,0.0,107797.7,0,0,L05_00332,LEGITIMATE_MULTIPLE_SMALL_TRANSACTIONS,None - repeated small transactions within normal behavioral range,NONE,1,7,7,852795.57,14,0.05,NORMAL_REPEATED_ACTIVITY
L05_002325,315,TRANSFER,3776.15,C680871569,75523.0,71746.85,C_LEGIT_609074146,0.0,3776.15,0,0,L05_00333,LEGITIMATE_MULTIPLE_SMALL_TRANSACTIONS,None - repeated small transactions within normal behavioral range,NONE,1,1,7,22782.48,0,0.05,NORMAL_REPEATED_ACTIVITY
L05_002326,317,TRANSFER,3587.34,C680871569,71746.85,68159.51,C_LEGIT_797070534,0.0,3587.34,0,0,L05_00333,LEGITIMATE_MULTIPLE_SMALL_TRANSACTIONS,None - repeated small transactions within normal behavioral range,NONE,1,2,7,22782.48,2,0.05,NORMAL_REPEATED_ACTIVITY
L05_002327,325,TRANSFER,3407.98,C680871569,68159.51,64751.53,C_LEGIT_845635483,0.0,3407.98,0,0,L05_00333,LEGITIMATE_MULTIPLE_SMALL_TRANSACTIONS,None - repeated small transactions within normal behavioral range,NONE,1,3,7,22782.48,8,0.05,NORMAL_REPEATED_ACTIVITY
L05_002328,336,TRANSFER,3237.58,C680871569,64751.53,61513.95,C_LEGIT_116683156,0.0,3237.58,0,0,L05_00333,LEGITIMATE_MULTIPLE_SMALL_TRANSACTIONS,None - repeated small transactions within normal behavioral range,NONE,1,4,7,22782.48,11,0.05,NORMAL_REPEATED_ACTIVITY
L05_002329,343,TRANSFER,3075.7,C680871569,61513.95,58438.25,C_LEGIT_801025106,0.0,3075.7,0,0,L05_00333,LEGITIMATE_MULTIPLE_SMALL_TRANSACTIONS,None - repeated small transactions within normal behavioral range,NONE,1,5,7,22782.48,7,0.05,NORMAL_REPEATED_ACTIVITY
L05_002330,359,TRANSFER,2921.91,C680871569,58438.25,55516.34,C_LEGIT_279537024,0.0,2921.91,0,0,L05_00333,LEGITIMATE_MULTIPLE_SMALL_TRANSACTIONS,None - repeated small transactions within normal behavioral range,NONE,1,6,7,22782.48,16,0.05,NORMAL_REPEATED_ACTIVITY
L05_002331,393,TRANSFER,2775.82,C680871569,55516.34,52740.52,C_LEGIT_847551221,0.0,2775.82,0,0,L05_00333,LEGITIMATE_MULTIPLE_SMALL_TRANSACTIONS,None - repeated small transactions within normal behavioral range,NONE,1,7,7,22782.48,34,0.05,NORMAL_REPEATED_ACTIVITY
L05_002332,321,TRANSFER,93167.15,C2132733362,7309972.46,7216805.31,C_LEGIT_147616936,0.0,93167.15,0,0,L05_00334,LEGITIMATE_MULTIPLE_SMALL_TRANSACTIONS,None - repeated small transactions within normal behavioral range,NONE,1,1,7,719366.31,0,0.0127,NORMAL_REPEATED_ACTIVITY
L05_002333,325,TRANSFER,84122.35,C2132733362,7216805.31,7132682.96,C_LEGIT_109418996,0.0,84122.35,0,0,L05_00334,LEGITIMATE_MULTIPLE_SMALL_TRANSACTIONS,None - repeated small transactions within normal behavioral range,NONE,1,2,7,719366.31,4,0.0117,NORMAL_REPEATED_ACTIVITY
L05_002334,354,TRANSFER,81222.82,C2132733362,7132682.96,7051460.14,C_LEGIT_412390190,0.0,81222.82,0,0,L05_00334,LEGITIMATE_MULTIPLE_SMALL_TRANSACTIONS,None - repeated small transactions within normal behavioral range,NONE,1,3,7,719366.31,29,0.0114,NORMAL_REPEATED_ACTIVITY
L05_002335,360,TRANSFER,104237.99,C2132733362,7051460.14,6947222.15,C_LEGIT_662195202,0.0,104237.99,0,0,L05_00334,LEGITIMATE_MULTIPLE_SMALL_TRANSACTIONS,None - repeated small transactions within normal behavioral range,NONE,1,4,7,719366.31,6,0.0148,NORMAL_REPEATED_ACTIVITY
L05_002336,362,TRANSFER,124250.61,C2132733362,6947222.15,6822971.54,C_LEGIT_344232378,0.0,124250.61,0,0,L05_00334,LEGITIMATE_MULTIPLE_SMALL_TRANSACTIONS,None - repeated small transactions within normal behavioral range,NONE,1,5,7,719366.31,2,0.0179,NORMAL_REPEATED_ACTIVITY
L05_002337,370,TRANSFER,108149.86,C2132733362,6822971.54,6714821.68,C_LEGIT_871360848,0.0,108149.86,0,0,L05_00334,LEGITIMATE_MULTIPLE_SMALL_TRANSACTIONS,None - repeated small transactions within normal behavioral range,NONE,1,6,7,719366.31,8,0.0159,NORMAL_REPEATED_ACTIVITY
L05_002338,375,TRANSFER,124215.53,C2132733362,6714821.68,6590606.15,C_LEGIT_278298288,0.0,124215.53,0,0,L05_00334,LEGITIMATE_MULTIPLE_SMALL_TRANSACTIONS,None - repeated small transactions within normal behavioral range,NONE,1,7,7,719366.31,5,0.0185,NORMAL_REPEATED_ACTIVITY
L05_002339,314,TRANSFER,4098.1,C725780189,81962.0,77863.9,C_LEGIT_347178730,0.0,4098.1,0,0,L05_00335,LEGITIMATE_MULTIPLE_SMALL_TRANSACTIONS,None - repeated small transactions within normal behavioral range,NONE,1,1,7,24724.88,0,0.05,NORMAL_REPEATED_ACTIVITY
L05_002340,322,TRANSFER,3893.19,C725780189,77863.9,73970.71,C_LEGIT_783768709,0.0,3893.19,0,0,L05_00335,LEGITIMATE_MULTIPLE_SMALL_TRANSACTIONS,None - repeated small transactions within normal behavioral range,NONE,1,2,7,24724.88,8,0.05,NORMAL_REPEATED_ACTIVITY
L05_002341,328,TRANSFER,3698.54,C725780189,73970.71,70272.17,C_LEGIT_823016478,0.0,3698.54,0,0,L05_00335,LEGITIMATE_MULTIPLE_SMALL_TRANSACTIONS,None - repeated small transactions within normal behavioral range,NONE,1,3,7,24724.88,6,0.05,NORMAL_REPEATED_ACTIVITY
L05_002342,330,TRANSFER,3513.61,C725780189,70272.17,66758.56,C_LEGIT_552581264,0.0,3513.61,0,0,L05_00335,LEGITIMATE_MULTIPLE_SMALL_TRANSACTIONS,None - repeated small transactions within normal behavioral range,NONE,1,4,7,24724.88,2,0.05,NORMAL_REPEATED_ACTIVITY
L05_002343,345,TRANSFER,3337.93,C725780189,66758.56,63420.63,C_LEGIT_193273306,0.0,3337.93,0,0,L05_00335,LEGITIMATE_MULTIPLE_SMALL_TRANSACTIONS,None - repeated small transactions within normal behavioral range,NONE,1,5,7,24724.88,15,0.05,NORMAL_REPEATED_ACTIVITY
L05_002344,358,TRANSFER,3171.03,C725780189,63420.63,60249.6,C_LEGIT_335086673,0.0,3171.03,0,0,L05_00335,LEGITIMATE_MULTIPLE_SMALL_TRANSACTIONS,None - repeated small transactions within normal behavioral range,NONE,1,6,7,24724.88,13,0.05,NORMAL_REPEATED_ACTIVITY
L05_002345,382,TRANSFER,3012.48,C725780189,60249.6,57237.12,C_LEGIT_292337779,0.0,3012.48,0,0,L05_00335,LEGITIMATE_MULTIPLE_SMALL_TRANSACTIONS,None - repeated small transactions within normal behavioral range,NONE,1,7,7,24724.88,24,0.05,NORMAL_REPEATED_ACTIVITY
L05_002346,37,TRANSFER,513.45,C248758514,10269.0,9755.55,C_LEGIT_527709661,0.0,513.45,0,0,L05_00336,LEGITIMATE_MULTIPLE_SMALL_TRANSACTIONS,None - repeated small transactions within normal behavioral range,NONE,1,1,7,3097.78,0,0.05,NORMAL_REPEATED_ACTIVITY
L05_002347,45,TRANSFER,487.78,C248758514,9755.55,9267.77,C_LEGIT_890949833,0.0,487.78,0,0,L05_00336,LEGITIMATE_MULTIPLE_SMALL_TRANSACTIONS,None - repeated small transactions within normal behavioral range,NONE,1,2,7,3097.78,8,0.05,NORMAL_REPEATED_ACTIVITY
L05_002348,51,TRANSFER,463.39,C248758514,9267.77,8804.38,C_LEGIT_248308578,0.0,463.39,0,0,L05_00336,LEGITIMATE_MULTIPLE_SMALL_TRANSACTIONS,None - repeated small transactions within normal behavioral range,NONE,1,3,7,3097.78,6,0.05,NORMAL_REPEATED_ACTIVITY
L05_002349,53,TRANSFER,440.22,C248758514,8804.38,8364.16,C_LEGIT_896171769,0.0,440.22,0,0,L05_00336,LEGITIMATE_MULTIPLE_SMALL_TRANSACTIONS,None - repeated small transactions within normal behavioral range,NONE,1,4,7,3097.78,2,0.05,NORMAL_REPEATED_ACTIVITY
L05_002350,58,TRANSFER,418.21,C248758514,8364.16,7945.95,C_LEGIT_125081397,0.0,418.21,0,0,L05_00336,LEGITIMATE_MULTIPLE_SMALL_TRANSACTIONS,None - repeated small transactions within normal behavioral range,NONE,1,5,7,3097.78,5,0.05,NORMAL_REPEATED_ACTIVITY
L05_002351,82,TRANSFER,397.3,C248758514,7945.95,7548.65,C_LEGIT_997147743,0.0,397.3,0,0,L05_00336,LEGITIMATE_MULTIPLE_SMALL_TRANSACTIONS,None - repeated small transactions within normal behavioral range,NONE,1,6,7,3097.78,24,0.05,NORMAL_REPEATED_ACTIVITY
L05_002352,91,TRANSFER,377.43,C248758514,7548.65,7171.22,C_LEGIT_488691713,0.0,377.43,0,0,L05_00336,LEGITIMATE_MULTIPLE_SMALL_TRANSACTIONS,None - repeated small transactions within normal behavioral range,NONE,1,7,7,3097.78,9,0.05,NORMAL_REPEATED_ACTIVITY
L05_002353,263,TRANSFER,16866.59,C1105793059,2256389.85,2239523.26,C_LEGIT_829741645,0.0,16866.59,0,0,L05_00337,LEGITIMATE_MULTIPLE_SMALL_TRANSACTIONS,None - repeated small transactions within normal behavioral range,NONE,1,1,7,102183.93,0,0.0075,NORMAL_REPEATED_ACTIVITY
L05_002354,289,TRANSFER,15609.69,C1105793059,2239523.26,2223913.57,C_LEGIT_564891301,0.0,15609.69,0,0,L05_00337,LEGITIMATE_MULTIPLE_SMALL_TRANSACTIONS,None - repeated small transactions within normal behavioral range,NONE,1,2,7,102183.93,26,0.007,NORMAL_REPEATED_ACTIVITY
L05_002355,297,TRANSFER,14514.06,C1105793059,2223913.57,2209399.51,C_LEGIT_479266281,0.0,14514.06,0,0,L05_00337,LEGITIMATE_MULTIPLE_SMALL_TRANSACTIONS,None - repeated small transactions within normal behavioral range,NONE,1,3,7,102183.93,8,0.0065,NORMAL_REPEATED_ACTIVITY
L05_002356,299,TRANSFER,17274.85,C1105793059,2209399.51,2192124.66,C_LEGIT_572522482,0.0,17274.85,0,0,L05_00337,LEGITIMATE_MULTIPLE_SMALL_TRANSACTIONS,None - repeated small transactions within normal behavioral range,NONE,1,4,7,102183.93,2,0.0078,NORMAL_REPEATED_ACTIVITY
L05_002357,304,TRANSFER,12818.78,C1105793059,2192124.66,2179305.88,C_LEGIT_226684397,0.0,12818.78,0,0,L05_00337,LEGITIMATE_MULTIPLE_SMALL_TRANSACTIONS,None - repeated small transactions within normal behavioral range,NONE,1,5,7,102183.93,5,0.0058,NORMAL_REPEATED_ACTIVITY
L05_002358,330,TRANSFER,12317.57,C1105793059,2179305.88,2166988.31,C_LEGIT_897098709,0.0,12317.57,0,0,L05_00337,LEGITIMATE_MULTIPLE_SMALL_TRANSACTIONS,None - repeated small transactions within normal behavioral range,NONE,1,6,7,102183.93,26,0.0057,NORMAL_REPEATED_ACTIVITY
L05_002359,332,TRANSFER,12782.39,C1105793059,2166988.31,2154205.92,C_LEGIT_172008877,0.0,12782.39,0,0,L05_00337,LEGITIMATE_MULTIPLE_SMALL_TRANSACTIONS,None - repeated small transactions within normal behavioral range,NONE,1,7,7,102183.93,2,0.0059,NORMAL_REPEATED_ACTIVITY
L05_002360,195,TRANSFER,91526.25,C2026682700,15740450.16,15648923.91,C_LEGIT_642171787,0.0,91526.25,0,0,L05_00338,LEGITIMATE_MULTIPLE_SMALL_TRANSACTIONS,None - repeated small transactions within normal behavioral range,NONE,1,1,7,632222.61,0,0.0058,NORMAL_REPEATED_ACTIVITY
L05_002361,222,TRANSFER,106513.54,C2026682700,15648923.91,15542410.37,C_LEGIT_658153372,0.0,106513.54,0,0,L05_00338,LEGITIMATE_MULTIPLE_SMALL_TRANSACTIONS,None - repeated small transactions within normal behavioral range,NONE,1,2,7,632222.61,27,0.0068,NORMAL_REPEATED_ACTIVITY
L05_002362,235,TRANSFER,100875.83,C2026682700,15542410.37,15441534.54,C_LEGIT_101057614,0.0,100875.83,0,0,L05_00338,LEGITIMATE_MULTIPLE_SMALL_TRANSACTIONS,None - repeated small transactions within normal behavioral range,NONE,1,3,7,632222.61,13,0.0065,NORMAL_REPEATED_ACTIVITY
L05_002363,250,TRANSFER,74805.82,C2026682700,15441534.54,15366728.72,C_LEGIT_845789992,0.0,74805.82,0,0,L05_00338,LEGITIMATE_MULTIPLE_SMALL_TRANSACTIONS,None - repeated small transactions within normal behavioral range,NONE,1,4,7,632222.61,15,0.0048,NORMAL_REPEATED_ACTIVITY
L05_002364,264,TRANSFER,73749.51,C2026682700,15366728.72,15292979.21,C_LEGIT_536998548,0.0,73749.51,0,0,L05_00338,LEGITIMATE_MULTIPLE_SMALL_TRANSACTIONS,None - repeated small transactions within normal behavioral range,NONE,1,5,7,632222.61,14,0.0048,NORMAL_REPEATED_ACTIVITY
L05_002365,270,TRANSFER,103385.31,C2026682700,15292979.21,15189593.9,C_LEGIT_203266742,0.0,103385.31,0,0,L05_00338,LEGITIMATE_MULTIPLE_SMALL_TRANSACTIONS,None - repeated small transactions within normal behavioral range,NONE,1,6,7,632222.61,6,0.0068,NORMAL_REPEATED_ACTIVITY
L05_002366,278,TRANSFER,81366.35,C2026682700,15189593.9,15108227.55,C_LEGIT_130318489,0.0,81366.35,0,0,L05_00338,LEGITIMATE_MULTIPLE_SMALL_TRANSACTIONS,None - repeated small transactions within normal behavioral range,NONE,1,7,7,632222.61,8,0.0054,NORMAL_REPEATED_ACTIVITY
L05_002367,352,TRANSFER,5167.6,C524319412,103352.0,98184.4,C_LEGIT_414128923,0.0,5167.6,0,0,L05_00339,LEGITIMATE_MULTIPLE_SMALL_TRANSACTIONS,None - repeated small transactions within normal behavioral range,NONE,1,1,7,31177.44,0,0.05,NORMAL_REPEATED_ACTIVITY
L05_002368,357,TRANSFER,4909.22,C524319412,98184.4,93275.18,C_LEGIT_554983228,0.0,4909.22,0,0,L05_00339,LEGITIMATE_MULTIPLE_SMALL_TRANSACTIONS,None - repeated small transactions within normal behavioral range,NONE,1,2,7,31177.44,5,0.05,NORMAL_REPEATED_ACTIVITY
L05_002369,368,TRANSFER,4663.76,C524319412,93275.18,88611.42,C_LEGIT_339037300,0.0,4663.76,0,0,L05_00339,LEGITIMATE_MULTIPLE_SMALL_TRANSACTIONS,None - repeated small transactions within normal behavioral range,NONE,1,3,7,31177.44,11,0.05,NORMAL_REPEATED_ACTIVITY
L05_002370,373,TRANSFER,4430.57,C524319412,88611.42,84180.85,C_LEGIT_509859555,0.0,4430.57,0,0,L05_00339,LEGITIMATE_MULTIPLE_SMALL_TRANSACTIONS,None - repeated small transactions within normal behavioral range,NONE,1,4,7,31177.44,5,0.05,NORMAL_REPEATED_ACTIVITY
L05_002371,379,TRANSFER,4209.04,C524319412,84180.85,79971.81,C_LEGIT_620819186,0.0,4209.04,0,0,L05_00339,LEGITIMATE_MULTIPLE_SMALL_TRANSACTIONS,None - repeated small transactions within normal behavioral range,NONE,1,5,7,31177.44,6,0.05,NORMAL_REPEATED_ACTIVITY
L05_002372,397,TRANSFER,3998.59,C524319412,79971.81,75973.22,C_LEGIT_548747563,0.0,3998.59,0,0,L05_00339,LEGITIMATE_MULTIPLE_SMALL_TRANSACTIONS,None - repeated small transactions within normal behavioral range,NONE,1,6,7,31177.44,18,0.05,NORMAL_REPEATED_ACTIVITY
L05_002373,399,TRANSFER,3798.66,C524319412,75973.22,72174.56,C_LEGIT_221725608,0.0,3798.66,0,0,L05_00339,LEGITIMATE_MULTIPLE_SMALL_TRANSACTIONS,None - repeated small transactions within normal behavioral range,NONE,1,7,7,31177.44,2,0.05,NORMAL_REPEATED_ACTIVITY
L05_002374,412,TRANSFER,197064.16,C837968237,5523381.2,5326317.04,C_LEGIT_950688464,0.0,197064.16,0,0,L05_00340,LEGITIMATE_MULTIPLE_SMALL_TRANSACTIONS,None - repeated small transactions within normal behavioral range,NONE,1,1,7,1258748.33,0,0.0357,NORMAL_REPEATED_ACTIVITY
L05_002375,424,TRANSFER,139385.54,C837968237,5326317.04,5186931.5,C_LEGIT_983219727,0.0,139385.54,0,0,L05_00340,LEGITIMATE_MULTIPLE_SMALL_TRANSACTIONS,None - repeated small transactions within normal behavioral range,NONE,1,2,7,1258748.33,12,0.0262,NORMAL_REPEATED_ACTIVITY
L05_002376,439,TRANSFER,204675.06,C837968237,5186931.5,4982256.44,C_LEGIT_131762310,0.0,204675.06,0,0,L05_00340,LEGITIMATE_MULTIPLE_SMALL_TRANSACTIONS,None - repeated small transactions within normal behavioral range,NONE,1,3,7,1258748.33,15,0.0395,NORMAL_REPEATED_ACTIVITY
L05_002377,455,TRANSFER,204675.06,C837968237,4982256.44,4777581.38,C_LEGIT_645816783,0.0,204675.06,0,0,L05_00340,LEGITIMATE_MULTIPLE_SMALL_TRANSACTIONS,None - repeated small transactions within normal behavioral range,NONE,1,4,7,1258748.33,16,0.0411,NORMAL_REPEATED_ACTIVITY
L05_002378,467,TRANSFER,128312.46,C837968237,4777581.38,4649268.92,C_LEGIT_303808079,0.0,128312.46,0,0,L05_00340,LEGITIMATE_MULTIPLE_SMALL_TRANSACTIONS,None - repeated small transactions within normal behavioral range,NONE,1,5,7,1258748.33,12,0.0269,NORMAL_REPEATED_ACTIVITY
L05_002379,472,TRANSFER,195146.23,C837968237,4649268.92,4454122.69,C_LEGIT_119556164,0.0,195146.23,0,0,L05_00340,LEGITIMATE_MULTIPLE_SMALL_TRANSACTIONS,None - repeated small transactions within normal behavioral range,NONE,1,6,7,1258748.33,5,0.042,NORMAL_REPEATED_ACTIVITY
L05_002380,476,TRANSFER,189489.82,C837968237,4454122.69,4264632.87,C_LEGIT_276163327,0.0,189489.82,0,0,L05_00340,LEGITIMATE_MULTIPLE_SMALL_TRANSACTIONS,None - repeated small transactions within normal behavioral range,NONE,1,7,7,1258748.33,4,0.0425,NORMAL_REPEATED_ACTIVITY
L05_002381,292,TRANSFER,23.5,C2005593346,470.0,446.5,C_LEGIT_271013069,0.0,23.5,0,0,L05_00341,LEGITIMATE_MULTIPLE_SMALL_TRANSACTIONS,None - repeated small transactions within normal behavioral range,NONE,1,1,7,141.78,0,0.05,NORMAL_REPEATED_ACTIVITY
L05_002382,307,TRANSFER,22.33,C2005593346,446.5,424.17,C_LEGIT_169153717,0.0,22.33,0,0,L05_00341,LEGITIMATE_MULTIPLE_SMALL_TRANSACTIONS,None - repeated small transactions within normal behavioral range,NONE,1,2,7,141.78,15,0.05,NORMAL_REPEATED_ACTIVITY
L05_002383,308,TRANSFER,21.21,C2005593346,424.17,402.96,C_LEGIT_420214857,0.0,21.21,0,0,L05_00341,LEGITIMATE_MULTIPLE_SMALL_TRANSACTIONS,None - repeated small transactions within normal behavioral range,NONE,1,3,7,141.78,1,0.05,NORMAL_REPEATED_ACTIVITY
L05_002384,316,TRANSFER,20.15,C2005593346,402.96,382.81,C_LEGIT_614901181,0.0,20.15,0,0,L05_00341,LEGITIMATE_MULTIPLE_SMALL_TRANSACTIONS,None - repeated small transactions within normal behavioral range,NONE,1,4,7,141.78,8,0.05,NORMAL_REPEATED_ACTIVITY
L05_002385,342,TRANSFER,19.14,C2005593346,382.81,363.67,C_LEGIT_595526512,0.0,19.14,0,0,L05_00341,LEGITIMATE_MULTIPLE_SMALL_TRANSACTIONS,None - repeated small transactions within normal behavioral range,NONE,1,5,7,141.78,26,0.05,NORMAL_REPEATED_ACTIVITY
L05_002386,357,TRANSFER,18.18,C2005593346,363.67,345.49,C_LEGIT_373981413,0.0,18.18,0,0,L05_00341,LEGITIMATE_MULTIPLE_SMALL_TRANSACTIONS,None - repeated small transactions within normal behavioral range,NONE,1,6,7,141.78,15,0.05,NORMAL_REPEATED_ACTIVITY
L05_002387,380,TRANSFER,17.27,C2005593346,345.49,328.22,C_LEGIT_110497404,0.0,17.27,0,0,L05_00341,LEGITIMATE_MULTIPLE_SMALL_TRANSACTIONS,None - repeated small transactions within normal behavioral range,NONE,1,7,7,141.78,23,0.05,NORMAL_REPEATED_ACTIVITY
L05_002388,195,TRANSFER,1046.55,C499035393,20931.0,19884.45,C_LEGIT_377942649,0.0,1046.55,0,0,L05_00342,LEGITIMATE_MULTIPLE_SMALL_TRANSACTIONS,None - repeated small transactions within normal behavioral range,NONE,1,1,7,6314.1,0,0.05,NORMAL_REPEATED_ACTIVITY
L05_002389,199,TRANSFER,994.22,C499035393,19884.45,18890.23,C_LEGIT_128226582,0.0,994.22,0,0,L05_00342,LEGITIMATE_MULTIPLE_SMALL_TRANSACTIONS,None - repeated small transactions within normal behavioral range,NONE,1,2,7,6314.1,4,0.05,NORMAL_REPEATED_ACTIVITY
L05_002390,210,TRANSFER,944.51,C499035393,18890.23,17945.72,C_LEGIT_848052666,0.0,944.51,0,0,L05_00342,LEGITIMATE_MULTIPLE_SMALL_TRANSACTIONS,None - repeated small transactions within normal behavioral range,NONE,1,3,7,6314.1,11,0.05,NORMAL_REPEATED_ACTIVITY
L05_002391,231,TRANSFER,897.29,C499035393,17945.72,17048.43,C_LEGIT_233655213,0.0,897.29,0,0,L05_00342,LEGITIMATE_MULTIPLE_SMALL_TRANSACTIONS,None - repeated small transactions within normal behavioral range,NONE,1,4,7,6314.1,21,0.05,NORMAL_REPEATED_ACTIVITY
L05_002392,234,TRANSFER,852.42,C499035393,17048.43,16196.01,C_LEGIT_418556719,0.0,852.42,0,0,L05_00342,LEGITIMATE_MULTIPLE_SMALL_TRANSACTIONS,None - repeated small transactions within normal behavioral range,NONE,1,5,7,6314.1,3,0.05,NORMAL_REPEATED_ACTIVITY
L05_002393,235,TRANSFER,809.8,C499035393,16196.01,15386.21,C_LEGIT_463629942,0.0,809.8,0,0,L05_00342,LEGITIMATE_MULTIPLE_SMALL_TRANSACTIONS,None - repeated small transactions within normal behavioral range,NONE,1,6,7,6314.1,1,0.05,NORMAL_REPEATED_ACTIVITY
L05_002394,262,TRANSFER,769.31,C499035393,15386.21,14616.9,C_LEGIT_755745015,0.0,769.31,0,0,L05_00342,LEGITIMATE_MULTIPLE_SMALL_TRANSACTIONS,None - repeated small transactions within normal behavioral range,NONE,1,7,7,6314.1,27,0.05,NORMAL_REPEATED_ACTIVITY
L05_002395,59,TRANSFER,5905.45,C894424605,118109.0,112203.55,C_LEGIT_154517746,0.0,5905.45,0,0,L05_00343,LEGITIMATE_MULTIPLE_SMALL_TRANSACTIONS,None - repeated small transactions within normal behavioral range,NONE,1,1,7,35629.09,0,0.05,NORMAL_REPEATED_ACTIVITY
L05_002396,74,TRANSFER,5610.18,C894424605,112203.55,106593.37,C_LEGIT_790381447,0.0,5610.18,0,0,L05_00343,LEGITIMATE_MULTIPLE_SMALL_TRANSACTIONS,None - repeated small transactions within normal behavioral range,NONE,1,2,7,35629.09,15,0.05,NORMAL_REPEATED_ACTIVITY
L05_002397,101,TRANSFER,5329.67,C894424605,106593.37,101263.7,C_LEGIT_474695956,0.0,5329.67,0,0,L05_00343,LEGITIMATE_MULTIPLE_SMALL_TRANSACTIONS,None - repeated small transactions within normal behavioral range,NONE,1,3,7,35629.09,27,0.05,NORMAL_REPEATED_ACTIVITY
L05_002398,129,TRANSFER,5063.19,C894424605,101263.7,96200.51,C_LEGIT_394519996,0.0,5063.19,0,0,L05_00343,LEGITIMATE_MULTIPLE_SMALL_TRANSACTIONS,None - repeated small transactions within normal behavioral range,NONE,1,4,7,35629.09,28,0.05,NORMAL_REPEATED_ACTIVITY
L05_002399,133,TRANSFER,4810.03,C894424605,96200.51,91390.48,C_LEGIT_480361301,0.0,4810.03,0,0,L05_00343,LEGITIMATE_MULTIPLE_SMALL_TRANSACTIONS,None - repeated small transactions within normal behavioral range,NONE,1,5,7,35629.09,4,0.05,NORMAL_REPEATED_ACTIVITY
L05_002400,135,TRANSFER,4569.52,C894424605,91390.48,86820.96,C_LEGIT_362544572,0.0,4569.52,0,0,L05_00343,LEGITIMATE_MULTIPLE_SMALL_TRANSACTIONS,None - repeated small transactions within normal behavioral range,NONE,1,6,7,35629.09,2,0.05,NORMAL_REPEATED_ACTIVITY
L05_002401,137,TRANSFER,4341.05,C894424605,86820.96,82479.91,C_LEGIT_355207920,0.0,4341.05,0,0,L05_00343,LEGITIMATE_MULTIPLE_SMALL_TRANSACTIONS,None - repeated small transactions within normal behavioral range,NONE,1,7,7,35629.09,2,0.05,NORMAL_REPEATED_ACTIVITY
L05_002402,228,TRANSFER,2026.09,C439545105,7733781.98,7731755.89,C_LEGIT_224285393,0.0,2026.09,0,0,L05_00344,LEGITIMATE_MULTIPLE_SMALL_TRANSACTIONS,None - repeated small transactions within normal behavioral range,NONE,1,1,7,14942.82,0,0.0003,NORMAL_REPEATED_ACTIVITY
L05_002403,232,TRANSFER,1906.85,C439545105,7731755.89,7729849.04,C_LEGIT_219332351,0.0,1906.85,0,0,L05_00344,LEGITIMATE_MULTIPLE_SMALL_TRANSACTIONS,None - repeated small transactions within normal behavioral range,NONE,1,2,7,14942.82,4,0.0002,NORMAL_REPEATED_ACTIVITY
L05_002404,237,TRANSFER,2396.85,C439545105,7729849.04,7727452.19,C_LEGIT_595691986,0.0,2396.85,0,0,L05_00344,LEGITIMATE_MULTIPLE_SMALL_TRANSACTIONS,None - repeated small transactions within normal behavioral range,NONE,1,3,7,14942.82,5,0.0003,NORMAL_REPEATED_ACTIVITY
L05_002405,243,TRANSFER,2339.41,C439545105,7727452.19,7725112.78,C_LEGIT_738553137,0.0,2339.41,0,0,L05_00344,LEGITIMATE_MULTIPLE_SMALL_TRANSACTIONS,None - repeated small transactions within normal behavioral range,NONE,1,4,7,14942.82,6,0.0003,NORMAL_REPEATED_ACTIVITY
L05_002406,246,TRANSFER,2180.45,C439545105,7725112.78,7722932.33,C_LEGIT_800909275,0.0,2180.45,0,0,L05_00344,LEGITIMATE_MULTIPLE_SMALL_TRANSACTIONS,None - repeated small transactions within normal behavioral range,NONE,1,5,7,14942.82,3,0.0003,NORMAL_REPEATED_ACTIVITY
L05_002407,259,TRANSFER,1985.0,C439545105,7722932.33,7720947.33,C_LEGIT_347004350,0.0,1985.0,0,0,L05_00344,LEGITIMATE_MULTIPLE_SMALL_TRANSACTIONS,None - repeated small transactions within normal behavioral range,NONE,1,6,7,14942.82,13,0.0003,NORMAL_REPEATED_ACTIVITY
L05_002408,263,TRANSFER,2108.17,C439545105,7720947.33,7718839.16,C_LEGIT_565546531,0.0,2108.17,0,0,L05_00344,LEGITIMATE_MULTIPLE_SMALL_TRANSACTIONS,None - repeated small transactions within normal behavioral range,NONE,1,7,7,14942.82,4,0.0003,NORMAL_REPEATED_ACTIVITY
L05_002409,335,TRANSFER,65637.63,C666487160,7907277.23,7841639.6,C_LEGIT_513856254,0.0,65637.63,0,0,L05_00345,LEGITIMATE_MULTIPLE_SMALL_TRANSACTIONS,None - repeated small transactions within normal behavioral range,NONE,1,1,7,556452.05,0,0.0083,NORMAL_REPEATED_ACTIVITY
L05_002410,361,TRANSFER,80867.87,C666487160,7841639.6,7760771.73,C_LEGIT_311149300,0.0,80867.87,0,0,L05_00345,LEGITIMATE_MULTIPLE_SMALL_TRANSACTIONS,None - repeated small transactions within normal behavioral range,NONE,1,2,7,556452.05,26,0.0103,NORMAL_REPEATED_ACTIVITY
L05_002411,362,TRANSFER,89294.45,C666487160,7760771.73,7671477.28,C_LEGIT_938480853,0.0,89294.45,0,0,L05_00345,LEGITIMATE_MULTIPLE_SMALL_TRANSACTIONS,None - repeated small transactions within normal behavioral range,NONE,1,3,7,556452.05,1,0.0115,NORMAL_REPEATED_ACTIVITY
L05_002412,385,TRANSFER,97960.12,C666487160,7671477.28,7573517.16,C_LEGIT_921607877,0.0,97960.12,0,0,L05_00345,LEGITIMATE_MULTIPLE_SMALL_TRANSACTIONS,None - repeated small transactions within normal behavioral range,NONE,1,4,7,556452.05,23,0.0128,NORMAL_REPEATED_ACTIVITY
L05_002413,386,TRANSFER,78277.63,C666487160,7573517.16,7495239.53,C_LEGIT_237678804,0.0,78277.63,0,0,L05_00345,LEGITIMATE_MULTIPLE_SMALL_TRANSACTIONS,None - repeated small transactions within normal behavioral range,NONE,1,5,7,556452.05,1,0.0103,NORMAL_REPEATED_ACTIVITY
L05_002414,401,TRANSFER,75309.41,C666487160,7495239.53,7419930.12,C_LEGIT_428821556,0.0,75309.41,0,0,L05_00345,LEGITIMATE_MULTIPLE_SMALL_TRANSACTIONS,None - repeated small transactions within normal behavioral range,NONE,1,6,7,556452.05,15,0.01,NORMAL_REPEATED_ACTIVITY
L05_002415,419,TRANSFER,69104.94,C666487160,7419930.12,7350825.18,C_LEGIT_760161591,0.0,69104.94,0,0,L05_00345,LEGITIMATE_MULTIPLE_SMALL_TRANSACTIONS,None - repeated small transactions within normal behavioral range,NONE,1,7,7,556452.05,18,0.0093,NORMAL_REPEATED_ACTIVITY
L05_002416,227,TRANSFER,4894.76,C1819325539,249525.22,244630.46,C_LEGIT_930368034,0.0,4894.76,0,0,L05_00346,LEGITIMATE_MULTIPLE_SMALL_TRANSACTIONS,None - repeated small transactions within normal behavioral range,NONE,1,1,7,25965.2,0,0.0196,NORMAL_REPEATED_ACTIVITY
L05_002417,239,TRANSFER,3529.7,C1819325539,244630.46,241100.76,C_LEGIT_506322181,0.0,3529.7,0,0,L05_00346,LEGITIMATE_MULTIPLE_SMALL_TRANSACTIONS,None - repeated small transactions within normal behavioral range,NONE,1,2,7,25965.2,12,0.0144,NORMAL_REPEATED_ACTIVITY
L05_002418,244,TRANSFER,3208.97,C1819325539,241100.76,237891.79,C_LEGIT_378624340,0.0,3208.97,0,0,L05_00346,LEGITIMATE_MULTIPLE_SMALL_TRANSACTIONS,None - repeated small transactions within normal behavioral range,NONE,1,3,7,25965.2,5,0.0133,NORMAL_REPEATED_ACTIVITY
L05_002419,274,TRANSFER,3299.55,C1819325539,237891.79,234592.24,C_LEGIT_936386006,0.0,3299.55,0,0,L05_00346,LEGITIMATE_MULTIPLE_SMALL_TRANSACTIONS,None - repeated small transactions within normal behavioral range,NONE,1,4,7,25965.2,30,0.0139,NORMAL_REPEATED_ACTIVITY
L05_002420,283,TRANSFER,4522.61,C1819325539,234592.24,230069.63,C_LEGIT_977680171,0.0,4522.61,0,0,L05_00346,LEGITIMATE_MULTIPLE_SMALL_TRANSACTIONS,None - repeated small transactions within normal behavioral range,NONE,1,5,7,25965.2,9,0.0193,NORMAL_REPEATED_ACTIVITY
L05_002421,285,TRANSFER,3040.59,C1819325539,230069.63,227029.04,C_LEGIT_184714158,0.0,3040.59,0,0,L05_00346,LEGITIMATE_MULTIPLE_SMALL_TRANSACTIONS,None - repeated small transactions within normal behavioral range,NONE,1,6,7,25965.2,2,0.0132,NORMAL_REPEATED_ACTIVITY
L05_002422,296,TRANSFER,3469.02,C1819325539,227029.04,223560.02,C_LEGIT_450920646,0.0,3469.02,0,0,L05_00346,LEGITIMATE_MULTIPLE_SMALL_TRANSACTIONS,None - repeated small transactions within normal behavioral range,NONE,1,7,7,25965.2,11,0.0153,NORMAL_REPEATED_ACTIVITY
L05_002423,339,TRANSFER,34.6,C1810589258,692.0,657.4,C_LEGIT_695063548,0.0,34.6,0,0,L05_00347,LEGITIMATE_MULTIPLE_SMALL_TRANSACTIONS,None - repeated small transactions within normal behavioral range,NONE,1,1,7,208.74,0,0.05,NORMAL_REPEATED_ACTIVITY
L05_002424,362,TRANSFER,32.87,C1810589258,657.4,624.53,C_LEGIT_633281746,0.0,32.87,0,0,L05_00347,LEGITIMATE_MULTIPLE_SMALL_TRANSACTIONS,None - repeated small transactions within normal behavioral range,NONE,1,2,7,208.74,23,0.05,NORMAL_REPEATED_ACTIVITY
L05_002425,370,TRANSFER,31.23,C1810589258,624.53,593.3,C_LEGIT_619931098,0.0,31.23,0,0,L05_00347,LEGITIMATE_MULTIPLE_SMALL_TRANSACTIONS,None - repeated small transactions within normal behavioral range,NONE,1,3,7,208.74,8,0.05,NORMAL_REPEATED_ACTIVITY
L05_002426,376,TRANSFER,29.66,C1810589258,593.3,563.64,C_LEGIT_911738630,0.0,29.66,0,0,L05_00347,LEGITIMATE_MULTIPLE_SMALL_TRANSACTIONS,None - repeated small transactions within normal behavioral range,NONE,1,4,7,208.74,6,0.05,NORMAL_REPEATED_ACTIVITY
L05_002427,383,TRANSFER,28.18,C1810589258,563.64,535.46,C_LEGIT_153049493,0.0,28.18,0,0,L05_00347,LEGITIMATE_MULTIPLE_SMALL_TRANSACTIONS,None - repeated small transactions within normal behavioral range,NONE,1,5,7,208.74,7,0.05,NORMAL_REPEATED_ACTIVITY
L05_002428,391,TRANSFER,26.77,C1810589258,535.46,508.69,C_LEGIT_825173990,0.0,26.77,0,0,L05_00347,LEGITIMATE_MULTIPLE_SMALL_TRANSACTIONS,None - repeated small transactions within normal behavioral range,NONE,1,6,7,208.74,8,0.05,NORMAL_REPEATED_ACTIVITY
L05_002429,395,TRANSFER,25.43,C1810589258,508.69,483.26,C_LEGIT_303803970,0.0,25.43,0,0,L05_00347,LEGITIMATE_MULTIPLE_SMALL_TRANSACTIONS,None - repeated small transactions within normal behavioral range,NONE,1,7,7,208.74,4,0.05,NORMAL_REPEATED_ACTIVITY
L05_002430,42,TRANSFER,130.94,C1715559756,30816.0,30685.06,C_LEGIT_916603649,0.0,130.94,0,0,L05_00348,LEGITIMATE_MULTIPLE_SMALL_TRANSACTIONS,None - repeated small transactions within normal behavioral range,NONE,1,1,7,934.22,0,0.0042,NORMAL_REPEATED_ACTIVITY
L05_002431,47,TRANSFER,106.31,C1715559756,30685.06,30578.75,C_LEGIT_871177952,0.0,106.31,0,0,L05_00348,LEGITIMATE_MULTIPLE_SMALL_TRANSACTIONS,None - repeated small transactions within normal behavioral range,NONE,1,2,7,934.22,5,0.0035,NORMAL_REPEATED_ACTIVITY
L05_002432,52,TRANSFER,149.24,C1715559756,30578.75,30429.51,C_LEGIT_645407127,0.0,149.24,0,0,L05_00348,LEGITIMATE_MULTIPLE_SMALL_TRANSACTIONS,None - repeated small transactions within normal behavioral range,NONE,1,3,7,934.22,5,0.0049,NORMAL_REPEATED_ACTIVITY
L05_002433,65,TRANSFER,145.21,C1715559756,30429.51,30284.3,C_LEGIT_966269167,0.0,145.21,0,0,L05_00348,LEGITIMATE_MULTIPLE_SMALL_TRANSACTIONS,None - repeated small transactions within normal behavioral range,NONE,1,4,7,934.22,13,0.0048,NORMAL_REPEATED_ACTIVITY
L05_002434,84,TRANSFER,146.38,C1715559756,30284.3,30137.92,C_LEGIT_112129089,0.0,146.38,0,0,L05_00348,LEGITIMATE_MULTIPLE_SMALL_TRANSACTIONS,None - repeated small transactions within normal behavioral range,NONE,1,5,7,934.22,19,0.0048,NORMAL_REPEATED_ACTIVITY
L05_002435,94,TRANSFER,117.66,C1715559756,30137.92,30020.26,C_LEGIT_149254597,0.0,117.66,0,0,L05_00348,LEGITIMATE_MULTIPLE_SMALL_TRANSACTIONS,None - repeated small transactions within normal behavioral range,NONE,1,6,7,934.22,10,0.0039,NORMAL_REPEATED_ACTIVITY
L05_002436,116,TRANSFER,138.48,C1715559756,30020.26,29881.78,C_LEGIT_126137576,0.0,138.48,0,0,L05_00348,LEGITIMATE_MULTIPLE_SMALL_TRANSACTIONS,None - repeated small transactions within normal behavioral range,NONE,1,7,7,934.22,22,0.0046,NORMAL_REPEATED_ACTIVITY
L05_002437,214,TRANSFER,468.35,C1558321086,9367.0,8898.65,C_LEGIT_254248190,0.0,468.35,0,0,L05_00349,LEGITIMATE_MULTIPLE_SMALL_TRANSACTIONS,None - repeated small transactions within normal behavioral range,NONE,1,1,7,2825.67,0,0.05,NORMAL_REPEATED_ACTIVITY
L05_002438,240,TRANSFER,444.93,C1558321086,8898.65,8453.72,C_LEGIT_420545558,0.0,444.93,0,0,L05_00349,LEGITIMATE_MULTIPLE_SMALL_TRANSACTIONS,None - repeated small transactions within normal behavioral range,NONE,1,2,7,2825.67,26,0.05,NORMAL_REPEATED_ACTIVITY
L05_002439,248,TRANSFER,422.69,C1558321086,8453.72,8031.03,C_LEGIT_299874732,0.0,422.69,0,0,L05_00349,LEGITIMATE_MULTIPLE_SMALL_TRANSACTIONS,None - repeated small transactions within normal behavioral range,NONE,1,3,7,2825.67,8,0.05,NORMAL_REPEATED_ACTIVITY
L05_002440,254,TRANSFER,401.55,C1558321086,8031.03,7629.48,C_LEGIT_363234787,0.0,401.55,0,0,L05_00349,LEGITIMATE_MULTIPLE_SMALL_TRANSACTIONS,None - repeated small transactions within normal behavioral range,NONE,1,4,7,2825.67,6,0.05,NORMAL_REPEATED_ACTIVITY
L05_002441,263,TRANSFER,381.47,C1558321086,7629.48,7248.01,C_LEGIT_508046589,0.0,381.47,0,0,L05_00349,LEGITIMATE_MULTIPLE_SMALL_TRANSACTIONS,None - repeated small transactions within normal behavioral range,NONE,1,5,7,2825.67,9,0.05,NORMAL_REPEATED_ACTIVITY
L05_002442,273,TRANSFER,362.4,C1558321086,7248.01,6885.61,C_LEGIT_579670580,0.0,362.4,0,0,L05_00349,LEGITIMATE_MULTIPLE_SMALL_TRANSACTIONS,None - repeated small transactions within normal behavioral range,NONE,1,6,7,2825.67,10,0.05,NORMAL_REPEATED_ACTIVITY
L05_002443,277,TRANSFER,344.28,C1558321086,6885.61,6541.33,C_LEGIT_859679655,0.0,344.28,0,0,L05_00349,LEGITIMATE_MULTIPLE_SMALL_TRANSACTIONS,None - repeated small transactions within normal behavioral range,NONE,1,7,7,2825.67,4,0.05,NORMAL_REPEATED_ACTIVITY
L05_002444,213,TRANSFER,2074.6,C1859156394,41492.0,39417.4,C_LEGIT_980058938,0.0,2074.6,0,0,L05_00350,LEGITIMATE_MULTIPLE_SMALL_TRANSACTIONS,None - repeated small transactions within normal behavioral range,NONE,1,1,7,12516.59,0,0.05,NORMAL_REPEATED_ACTIVITY
L05_002445,229,TRANSFER,1970.87,C1859156394,39417.4,37446.53,C_LEGIT_218654524,0.0,1970.87,0,0,L05_00350,LEGITIMATE_MULTIPLE_SMALL_TRANSACTIONS,None - repeated small transactions within normal behavioral range,NONE,1,2,7,12516.59,16,0.05,NORMAL_REPEATED_ACTIVITY
L05_002446,236,TRANSFER,1872.33,C1859156394,37446.53,35574.2,C_LEGIT_936744781,0.0,1872.33,0,0,L05_00350,LEGITIMATE_MULTIPLE_SMALL_TRANSACTIONS,None - repeated small transactions within normal behavioral range,NONE,1,3,7,12516.59,7,0.05,NORMAL_REPEATED_ACTIVITY
L05_002447,237,TRANSFER,1778.71,C1859156394,35574.2,33795.49,C_LEGIT_186253775,0.0,1778.71,0,0,L05_00350,LEGITIMATE_MULTIPLE_SMALL_TRANSACTIONS,None - repeated small transactions within normal behavioral range,NONE,1,4,7,12516.59,1,0.05,NORMAL_REPEATED_ACTIVITY
L05_002448,258,TRANSFER,1689.77,C1859156394,33795.49,32105.72,C_LEGIT_722949597,0.0,1689.77,0,0,L05_00350,LEGITIMATE_MULTIPLE_SMALL_TRANSACTIONS,None - repeated small transactions within normal behavioral range,NONE,1,5,7,12516.59,21,0.05,NORMAL_REPEATED_ACTIVITY
L05_002449,268,TRANSFER,1605.29,C1859156394,32105.72,30500.43,C_LEGIT_248360969,0.0,1605.29,0,0,L05_00350,LEGITIMATE_MULTIPLE_SMALL_TRANSACTIONS,None - repeated small transactions within normal behavioral range,NONE,1,6,7,12516.59,10,0.05,NORMAL_REPEATED_ACTIVITY
L05_002450,281,TRANSFER,1525.02,C1859156394,30500.43,28975.41,C_LEGIT_666642332,0.0,1525.02,0,0,L05_00350,LEGITIMATE_MULTIPLE_SMALL_TRANSACTIONS,None - repeated small transactions within normal behavioral range,NONE,1,7,7,12516.59,13,0.05,NORMAL_REPEATED_ACTIVITY
L05_002451,665,TRANSFER,4716.15,C1609833611,94323.0,89606.85,C_LEGIT_921168209,0.0,4716.15,0,0,L05_00351,LEGITIMATE_MULTIPLE_SMALL_TRANSACTIONS,None - repeated small transactions within normal behavioral range,NONE,1,1,7,28453.73,0,0.05,NORMAL_REPEATED_ACTIVITY
L05_002452,666,TRANSFER,4480.34,C1609833611,89606.85,85126.51,C_LEGIT_501368347,0.0,4480.34,0,0,L05_00351,LEGITIMATE_MULTIPLE_SMALL_TRANSACTIONS,None - repeated small transactions within normal behavioral range,NONE,1,2,7,28453.73,1,0.05,NORMAL_REPEATED_ACTIVITY
L05_002453,669,TRANSFER,4256.33,C1609833611,85126.51,80870.18,C_LEGIT_720915306,0.0,4256.33,0,0,L05_00351,LEGITIMATE_MULTIPLE_SMALL_TRANSACTIONS,None - repeated small transactions within normal behavioral range,NONE,1,3,7,28453.73,3,0.05,NORMAL_REPEATED_ACTIVITY
L05_002454,694,TRANSFER,4043.51,C1609833611,80870.18,76826.67,C_LEGIT_412571509,0.0,4043.51,0,0,L05_00351,LEGITIMATE_MULTIPLE_SMALL_TRANSACTIONS,None - repeated small transactions within normal behavioral range,NONE,1,4,7,28453.73,25,0.05,NORMAL_REPEATED_ACTIVITY
L05_002455,700,TRANSFER,3841.33,C1609833611,76826.67,72985.34,C_LEGIT_109959788,0.0,3841.33,0,0,L05_00351,LEGITIMATE_MULTIPLE_SMALL_TRANSACTIONS,None - repeated small transactions within normal behavioral range,NONE,1,5,7,28453.73,6,0.05,NORMAL_REPEATED_ACTIVITY
L05_002456,709,TRANSFER,3649.27,C1609833611,72985.34,69336.07,C_LEGIT_440611259,0.0,3649.27,0,0,L05_00351,LEGITIMATE_MULTIPLE_SMALL_TRANSACTIONS,None - repeated small transactions within normal behavioral range,NONE,1,6,7,28453.73,9,0.05,NORMAL_REPEATED_ACTIVITY
L05_002457,746,TRANSFER,3466.8,C1609833611,69336.07,65869.27,C_LEGIT_721309013,0.0,3466.8,0,0,L05_00351,LEGITIMATE_MULTIPLE_SMALL_TRANSACTIONS,None - repeated small transactions within normal behavioral range,NONE,1,7,7,28453.73,37,0.05,NORMAL_REPEATED_ACTIVITY
L05_002458,42,TRANSFER,2362.35,C1990894,248816.82,246454.47,C_LEGIT_929127172,0.0,2362.35,0,0,L05_00352,LEGITIMATE_MULTIPLE_SMALL_TRANSACTIONS,None - repeated small transactions within normal behavioral range,NONE,1,1,7,18681.89,0,0.0095,NORMAL_REPEATED_ACTIVITY
L05_002459,50,TRANSFER,3400.09,C1990894,246454.47,243054.38,C_LEGIT_374334354,0.0,3400.09,0,0,L05_00352,LEGITIMATE_MULTIPLE_SMALL_TRANSACTIONS,None - repeated small transactions within normal behavioral range,NONE,1,2,7,18681.89,8,0.0138,NORMAL_REPEATED_ACTIVITY
L05_002460,82,TRANSFER,3040.7,C1990894,243054.38,240013.68,C_LEGIT_723724756,0.0,3040.7,0,0,L05_00352,LEGITIMATE_MULTIPLE_SMALL_TRANSACTIONS,None - repeated small transactions within normal behavioral range,NONE,1,3,7,18681.89,32,0.0125,NORMAL_REPEATED_ACTIVITY
L05_002461,85,TRANSFER,2791.24,C1990894,240013.68,237222.44,C_LEGIT_546866640,0.0,2791.24,0,0,L05_00352,LEGITIMATE_MULTIPLE_SMALL_TRANSACTIONS,None - repeated small transactions within normal behavioral range,NONE,1,4,7,18681.89,3,0.0116,NORMAL_REPEATED_ACTIVITY
L05_002462,87,TRANSFER,2183.66,C1990894,237222.44,235038.78,C_LEGIT_496543405,0.0,2183.66,0,0,L05_00352,LEGITIMATE_MULTIPLE_SMALL_TRANSACTIONS,None - repeated small transactions within normal behavioral range,NONE,1,5,7,18681.89,2,0.0092,NORMAL_REPEATED_ACTIVITY
L05_002463,103,TRANSFER,2610.83,C1990894,235038.78,232427.95,C_LEGIT_865710181,0.0,2610.83,0,0,L05_00352,LEGITIMATE_MULTIPLE_SMALL_TRANSACTIONS,None - repeated small transactions within normal behavioral range,NONE,1,6,7,18681.89,16,0.0111,NORMAL_REPEATED_ACTIVITY
L05_002464,107,TRANSFER,2293.02,C1990894,232427.95,230134.93,C_LEGIT_805616500,0.0,2293.02,0,0,L05_00352,LEGITIMATE_MULTIPLE_SMALL_TRANSACTIONS,None - repeated small transactions within normal behavioral range,NONE,1,7,7,18681.89,4,0.0099,NORMAL_REPEATED_ACTIVITY
L05_002465,219,TRANSFER,108516.71,C2026909182,16439380.65,16330863.94,C_LEGIT_453013995,0.0,108516.71,0,0,L05_00353,LEGITIMATE_MULTIPLE_SMALL_TRANSACTIONS,None - repeated small transactions within normal behavioral range,NONE,1,1,7,892540.84,0,0.0066,NORMAL_REPEATED_ACTIVITY
L05_002466,232,TRANSFER,125562.25,C2026909182,16330863.94,16205301.69,C_LEGIT_328880420,0.0,125562.25,0,0,L05_00353,LEGITIMATE_MULTIPLE_SMALL_TRANSACTIONS,None - repeated small transactions within normal behavioral range,NONE,1,2,7,892540.84,13,0.0077,NORMAL_REPEATED_ACTIVITY
L05_002467,233,TRANSFER,111469.41,C2026909182,16205301.69,16093832.28,C_LEGIT_345250388,0.0,111469.41,0,0,L05_00353,LEGITIMATE_MULTIPLE_SMALL_TRANSACTIONS,None - repeated small transactions within normal behavioral range,NONE,1,3,7,892540.84,1,0.0069,NORMAL_REPEATED_ACTIVITY
L05_002468,260,TRANSFER,143152.16,C2026909182,16093832.28,15950680.12,C_LEGIT_941809626,0.0,143152.16,0,0,L05_00353,LEGITIMATE_MULTIPLE_SMALL_TRANSACTIONS,None - repeated small transactions within normal behavioral range,NONE,1,4,7,892540.84,27,0.0089,NORMAL_REPEATED_ACTIVITY
L05_002469,273,TRANSFER,100570.68,C2026909182,15950680.12,15850109.44,C_LEGIT_302985877,0.0,100570.68,0,0,L05_00353,LEGITIMATE_MULTIPLE_SMALL_TRANSACTIONS,None - repeated small transactions within normal behavioral range,NONE,1,5,7,892540.84,13,0.0063,NORMAL_REPEATED_ACTIVITY
L05_002470,274,TRANSFER,155872.15,C2026909182,15850109.44,15694237.29,C_LEGIT_257305478,0.0,155872.15,0,0,L05_00353,LEGITIMATE_MULTIPLE_SMALL_TRANSACTIONS,None - repeated small transactions within normal behavioral range,NONE,1,6,7,892540.84,1,0.0098,NORMAL_REPEATED_ACTIVITY
L05_002471,303,TRANSFER,147397.48,C2026909182,15694237.29,15546839.81,C_LEGIT_358850925,0.0,147397.48,0,0,L05_00353,LEGITIMATE_MULTIPLE_SMALL_TRANSACTIONS,None - repeated small transactions within normal behavioral range,NONE,1,7,7,892540.84,29,0.0094,NORMAL_REPEATED_ACTIVITY
L05_002472,296,TRANSFER,452.65,C792814350,9053.0,8600.35,C_LEGIT_578618609,0.0,452.65,0,0,L05_00354,LEGITIMATE_MULTIPLE_SMALL_TRANSACTIONS,None - repeated small transactions within normal behavioral range,NONE,1,1,7,2730.96,0,0.05,NORMAL_REPEATED_ACTIVITY
L05_002473,315,TRANSFER,430.02,C792814350,8600.35,8170.33,C_LEGIT_107529226,0.0,430.02,0,0,L05_00354,LEGITIMATE_MULTIPLE_SMALL_TRANSACTIONS,None - repeated small transactions within normal behavioral range,NONE,1,2,7,2730.96,19,0.05,NORMAL_REPEATED_ACTIVITY
L05_002474,351,TRANSFER,408.52,C792814350,8170.33,7761.81,C_LEGIT_383854275,0.0,408.52,0,0,L05_00354,LEGITIMATE_MULTIPLE_SMALL_TRANSACTIONS,None - repeated small transactions within normal behavioral range,NONE,1,3,7,2730.96,36,0.05,NORMAL_REPEATED_ACTIVITY
L05_002475,363,TRANSFER,388.09,C792814350,7761.81,7373.72,C_LEGIT_505845663,0.0,388.09,0,0,L05_00354,LEGITIMATE_MULTIPLE_SMALL_TRANSACTIONS,None - repeated small transactions within normal behavioral range,NONE,1,4,7,2730.96,12,0.05,NORMAL_REPEATED_ACTIVITY
L05_002476,366,TRANSFER,368.69,C792814350,7373.72,7005.03,C_LEGIT_301131990,0.0,368.69,0,0,L05_00354,LEGITIMATE_MULTIPLE_SMALL_TRANSACTIONS,None - repeated small transactions within normal behavioral range,NONE,1,5,7,2730.96,3,0.05,NORMAL_REPEATED_ACTIVITY
L05_002477,384,TRANSFER,350.25,C792814350,7005.03,6654.78,C_LEGIT_724384670,0.0,350.25,0,0,L05_00354,LEGITIMATE_MULTIPLE_SMALL_TRANSACTIONS,None - repeated small transactions within normal behavioral range,NONE,1,6,7,2730.96,18,0.05,NORMAL_REPEATED_ACTIVITY
L05_002478,385,TRANSFER,332.74,C792814350,6654.78,6322.04,C_LEGIT_430567294,0.0,332.74,0,0,L05_00354,LEGITIMATE_MULTIPLE_SMALL_TRANSACTIONS,None - repeated small transactions within normal behavioral range,NONE,1,7,7,2730.96,1,0.05,NORMAL_REPEATED_ACTIVITY
L05_002479,223,TRANSFER,138767.33,C1850662157,2784158.44,2645391.11,C_LEGIT_115595804,0.0,138767.33,0,0,L05_00355,LEGITIMATE_MULTIPLE_SMALL_TRANSACTIONS,None - repeated small transactions within normal behavioral range,NONE,1,1,7,811850.56,0,0.0498,NORMAL_REPEATED_ACTIVITY
L05_002480,237,TRANSFER,126354.34,C1850662157,2645391.11,2519036.77,C_LEGIT_327876635,0.0,126354.34,0,0,L05_00355,LEGITIMATE_MULTIPLE_SMALL_TRANSACTIONS,None - repeated small transactions within normal behavioral range,NONE,1,2,7,811850.56,14,0.0478,NORMAL_REPEATED_ACTIVITY
L05_002481,247,TRANSFER,97560.11,C1850662157,2519036.77,2421476.66,C_LEGIT_687780157,0.0,97560.11,0,0,L05_00355,LEGITIMATE_MULTIPLE_SMALL_TRANSACTIONS,None - repeated small transactions within normal behavioral range,NONE,1,3,7,811850.56,10,0.0387,NORMAL_REPEATED_ACTIVITY
L05_002482,270,TRANSFER,121073.83,C1850662157,2421476.66,2300402.83,C_LEGIT_332800850,0.0,121073.83,0,0,L05_00355,LEGITIMATE_MULTIPLE_SMALL_TRANSACTIONS,None - repeated small transactions within normal behavioral range,NONE,1,4,7,811850.56,23,0.05,NORMAL_REPEATED_ACTIVITY
L05_002483,281,TRANSFER,115020.14,C1850662157,2300402.83,2185382.69,C_LEGIT_641938607,0.0,115020.14,0,0,L05_00355,LEGITIMATE_MULTIPLE_SMALL_TRANSACTIONS,None - repeated small transactions within normal behavioral range,NONE,1,5,7,811850.56,11,0.05,NORMAL_REPEATED_ACTIVITY
L05_002484,288,TRANSFER,109269.13,C1850662157,2185382.69,2076113.56,C_LEGIT_248528711,0.0,109269.13,0,0,L05_00355,LEGITIMATE_MULTIPLE_SMALL_TRANSACTIONS,None - repeated small transactions within normal behavioral range,NONE,1,6,7,811850.56,7,0.05,NORMAL_REPEATED_ACTIVITY
L05_002485,294,TRANSFER,103805.68,C1850662157,2076113.56,1972307.88,C_LEGIT_532350074,0.0,103805.68,0,0,L05_00355,LEGITIMATE_MULTIPLE_SMALL_TRANSACTIONS,None - repeated small transactions within normal behavioral range,NONE,1,7,7,811850.56,6,0.05,NORMAL_REPEATED_ACTIVITY
L05_002486,712,TRANSFER,1894.4,C274710852,37888.0,35993.6,C_LEGIT_648295860,0.0,1894.4,0,0,L05_00356,LEGITIMATE_MULTIPLE_SMALL_TRANSACTIONS,None - repeated small transactions within normal behavioral range,NONE,1,1,7,11429.4,0,0.05,NORMAL_REPEATED_ACTIVITY
L05_002487,713,TRANSFER,1799.68,C274710852,35993.6,34193.92,C_LEGIT_303911704,0.0,1799.68,0,0,L05_00356,LEGITIMATE_MULTIPLE_SMALL_TRANSACTIONS,None - repeated small transactions within normal behavioral range,NONE,1,2,7,11429.4,1,0.05,NORMAL_REPEATED_ACTIVITY
L05_002488,729,TRANSFER,1709.7,C274710852,34193.92,32484.22,C_LEGIT_340533202,0.0,1709.7,0,0,L05_00356,LEGITIMATE_MULTIPLE_SMALL_TRANSACTIONS,None - repeated small transactions within normal behavioral range,NONE,1,3,7,11429.4,16,0.05,NORMAL_REPEATED_ACTIVITY
L05_002489,735,TRANSFER,1624.21,C274710852,32484.22,30860.01,C_LEGIT_883132967,0.0,1624.21,0,0,L05_00356,LEGITIMATE_MULTIPLE_SMALL_TRANSACTIONS,None - repeated small transactions within normal behavioral range,NONE,1,4,7,11429.4,6,0.05,NORMAL_REPEATED_ACTIVITY
L05_002490,740,TRANSFER,1543.0,C274710852,30860.01,29317.01,C_LEGIT_529165830,0.0,1543.0,0,0,L05_00356,LEGITIMATE_MULTIPLE_SMALL_TRANSACTIONS,None - repeated small transactions within normal behavioral range,NONE,1,5,7,11429.4,5,0.05,NORMAL_REPEATED_ACTIVITY
L05_002491,745,TRANSFER,1465.85,C274710852,29317.01,27851.16,C_LEGIT_140329925,0.0,1465.85,0,0,L05_00356,LEGITIMATE_MULTIPLE_SMALL_TRANSACTIONS,None - repeated small transactions within normal behavioral range,NONE,1,6,7,11429.4,5,0.05,NORMAL_REPEATED_ACTIVITY
L05_002492,748,TRANSFER,1392.56,C274710852,27851.16,26458.6,C_LEGIT_816169665,0.0,1392.56,0,0,L05_00356,LEGITIMATE_MULTIPLE_SMALL_TRANSACTIONS,None - repeated small transactions within normal behavioral range,NONE,1,7,7,11429.4,3,0.05,NORMAL_REPEATED_ACTIVITY
L05_002493,166,TRANSFER,485.1,C392674544,9702.0,9216.9,C_LEGIT_311658024,0.0,485.1,0,0,L05_00357,LEGITIMATE_MULTIPLE_SMALL_TRANSACTIONS,None - repeated small transactions within normal behavioral range,NONE,1,1,7,2926.73,0,0.05,NORMAL_REPEATED_ACTIVITY
L05_002494,202,TRANSFER,460.85,C392674544,9216.9,8756.05,C_LEGIT_854761066,0.0,460.85,0,0,L05_00357,LEGITIMATE_MULTIPLE_SMALL_TRANSACTIONS,None - repeated small transactions within normal behavioral range,NONE,1,2,7,2926.73,36,0.05,NORMAL_REPEATED_ACTIVITY
L05_002495,207,TRANSFER,437.8,C392674544,8756.05,8318.25,C_LEGIT_882145485,0.0,437.8,0,0,L05_00357,LEGITIMATE_MULTIPLE_SMALL_TRANSACTIONS,None - repeated small transactions within normal behavioral range,NONE,1,3,7,2926.73,5,0.05,NORMAL_REPEATED_ACTIVITY
L05_002496,214,TRANSFER,415.91,C392674544,8318.25,7902.34,C_LEGIT_457975828,0.0,415.91,0,0,L05_00357,LEGITIMATE_MULTIPLE_SMALL_TRANSACTIONS,None - repeated small transactions within normal behavioral range,NONE,1,4,7,2926.73,7,0.05,NORMAL_REPEATED_ACTIVITY
L05_002497,226,TRANSFER,395.12,C392674544,7902.34,7507.22,C_LEGIT_974990665,0.0,395.12,0,0,L05_00357,LEGITIMATE_MULTIPLE_SMALL_TRANSACTIONS,None - repeated small transactions within normal behavioral range,NONE,1,5,7,2926.73,12,0.05,NORMAL_REPEATED_ACTIVITY
L05_002498,235,TRANSFER,375.36,C392674544,7507.22,7131.86,C_LEGIT_899180616,0.0,375.36,0,0,L05_00357,LEGITIMATE_MULTIPLE_SMALL_TRANSACTIONS,None - repeated small transactions within normal behavioral range,NONE,1,6,7,2926.73,9,0.05,NORMAL_REPEATED_ACTIVITY
L05_002499,253,TRANSFER,356.59,C392674544,7131.86,6775.27,C_LEGIT_127511734,0.0,356.59,0,0,L05_00357,LEGITIMATE_MULTIPLE_SMALL_TRANSACTIONS,None - repeated small transactions within normal behavioral range,NONE,1,7,7,2926.73,18,0.05,NORMAL_REPEATED_ACTIVITY
L05_002500,315,TRANSFER,41237.31,C1396825376,824746.17,783508.86,C_LEGIT_300677133,0.0,41237.31,0,0,L05_00358,LEGITIMATE_MULTIPLE_SMALL_TRANSACTIONS,None - repeated small transactions within normal behavioral range,NONE,1,1,7,248795.16,0,0.05,NORMAL_REPEATED_ACTIVITY
L05_002501,324,TRANSFER,39175.44,C1396825376,783508.86,744333.42,C_LEGIT_728232160,0.0,39175.44,0,0,L05_00358,LEGITIMATE_MULTIPLE_SMALL_TRANSACTIONS,None - repeated small transactions within normal behavioral range,NONE,1,2,7,248795.16,9,0.05,NORMAL_REPEATED_ACTIVITY
L05_002502,339,TRANSFER,37216.67,C1396825376,744333.42,707116.75,C_LEGIT_121659422,0.0,37216.67,0,0,L05_00358,LEGITIMATE_MULTIPLE_SMALL_TRANSACTIONS,None - repeated small transactions within normal behavioral range,NONE,1,3,7,248795.16,15,0.05,NORMAL_REPEATED_ACTIVITY
L05_002503,346,TRANSFER,35355.84,C1396825376,707116.75,671760.91,C_LEGIT_857813051,0.0,35355.84,0,0,L05_00358,LEGITIMATE_MULTIPLE_SMALL_TRANSACTIONS,None - repeated small transactions within normal behavioral range,NONE,1,4,7,248795.16,7,0.05,NORMAL_REPEATED_ACTIVITY
L05_002504,378,TRANSFER,33588.05,C1396825376,671760.91,638172.86,C_LEGIT_814016007,0.0,33588.05,0,0,L05_00358,LEGITIMATE_MULTIPLE_SMALL_TRANSACTIONS,None - repeated small transactions within normal behavioral range,NONE,1,5,7,248795.16,32,0.05,NORMAL_REPEATED_ACTIVITY
L05_002505,403,TRANSFER,31908.64,C1396825376,638172.86,606264.22,C_LEGIT_667965345,0.0,31908.64,0,0,L05_00358,LEGITIMATE_MULTIPLE_SMALL_TRANSACTIONS,None - repeated small transactions within normal behavioral range,NONE,1,6,7,248795.16,25,0.05,NORMAL_REPEATED_ACTIVITY
L05_002506,404,TRANSFER,30313.21,C1396825376,606264.22,575951.01,C_LEGIT_443312701,0.0,30313.21,0,0,L05_00358,LEGITIMATE_MULTIPLE_SMALL_TRANSACTIONS,None - repeated small transactions within normal behavioral range,NONE,1,7,7,248795.16,1,0.05,NORMAL_REPEATED_ACTIVITY
L05_002507,263,TRANSFER,6.65,C1453407267,133.0,126.35,C_LEGIT_827140923,0.0,6.65,0,0,L05_00359,LEGITIMATE_MULTIPLE_SMALL_TRANSACTIONS,None - repeated small transactions within normal behavioral range,NONE,1,1,7,40.13,0,0.05,NORMAL_REPEATED_ACTIVITY
L05_002508,283,TRANSFER,6.32,C1453407267,126.35,120.03,C_LEGIT_345566797,0.0,6.32,0,0,L05_00359,LEGITIMATE_MULTIPLE_SMALL_TRANSACTIONS,None - repeated small transactions within normal behavioral range,NONE,1,2,7,40.13,20,0.05,NORMAL_REPEATED_ACTIVITY
L05_002509,298,TRANSFER,6.0,C1453407267,120.03,114.03,C_LEGIT_172150993,0.0,6.0,0,0,L05_00359,LEGITIMATE_MULTIPLE_SMALL_TRANSACTIONS,None - repeated small transactions within normal behavioral range,NONE,1,3,7,40.13,15,0.05,NORMAL_REPEATED_ACTIVITY
L05_002510,302,TRANSFER,5.7,C1453407267,114.03,108.33,C_LEGIT_230252468,0.0,5.7,0,0,L05_00359,LEGITIMATE_MULTIPLE_SMALL_TRANSACTIONS,None - repeated small transactions within normal behavioral range,NONE,1,4,7,40.13,4,0.05,NORMAL_REPEATED_ACTIVITY
L05_002511,306,TRANSFER,5.42,C1453407267,108.33,102.91,C_LEGIT_434067769,0.0,5.42,0,0,L05_00359,LEGITIMATE_MULTIPLE_SMALL_TRANSACTIONS,None - repeated small transactions within normal behavioral range,NONE,1,5,7,40.13,4,0.05,NORMAL_REPEATED_ACTIVITY
L05_002512,327,TRANSFER,5.15,C1453407267,102.91,97.76,C_LEGIT_262977824,0.0,5.15,0,0,L05_00359,LEGITIMATE_MULTIPLE_SMALL_TRANSACTIONS,None - repeated small transactions within normal behavioral range,NONE,1,6,7,40.13,21,0.05,NORMAL_REPEATED_ACTIVITY
L05_002513,336,TRANSFER,4.89,C1453407267,97.76,92.87,C_LEGIT_329310710,0.0,4.89,0,0,L05_00359,LEGITIMATE_MULTIPLE_SMALL_TRANSACTIONS,None - repeated small transactions within normal behavioral range,NONE,1,7,7,40.13,9,0.05,NORMAL_REPEATED_ACTIVITY
L05_002514,598,TRANSFER,1064.7,C758097912,21294.0,20229.3,C_LEGIT_738085486,0.0,1064.7,0,0,L05_00360,LEGITIMATE_MULTIPLE_SMALL_TRANSACTIONS,None - repeated small transactions within normal behavioral range,NONE,1,1,7,6423.6,0,0.05,NORMAL_REPEATED_ACTIVITY
L05_002515,620,TRANSFER,1011.47,C758097912,20229.3,19217.83,C_LEGIT_279743775,0.0,1011.47,0,0,L05_00360,LEGITIMATE_MULTIPLE_SMALL_TRANSACTIONS,None - repeated small transactions within normal behavioral range,NONE,1,2,7,6423.6,22,0.05,NORMAL_REPEATED_ACTIVITY
L05_002516,630,TRANSFER,960.89,C758097912,19217.83,18256.94,C_LEGIT_785943688,0.0,960.89,0,0,L05_00360,LEGITIMATE_MULTIPLE_SMALL_TRANSACTIONS,None - repeated small transactions within normal behavioral range,NONE,1,3,7,6423.6,10,0.05,NORMAL_REPEATED_ACTIVITY
L05_002517,640,TRANSFER,912.85,C758097912,18256.94,17344.09,C_LEGIT_374925892,0.0,912.85,0,0,L05_00360,LEGITIMATE_MULTIPLE_SMALL_TRANSACTIONS,None - repeated small transactions within normal behavioral range,NONE,1,4,7,6423.6,10,0.05,NORMAL_REPEATED_ACTIVITY
L05_002518,641,TRANSFER,867.2,C758097912,17344.09,16476.89,C_LEGIT_534205653,0.0,867.2,0,0,L05_00360,LEGITIMATE_MULTIPLE_SMALL_TRANSACTIONS,None - repeated small transactions within normal behavioral range,NONE,1,5,7,6423.6,1,0.05,NORMAL_REPEATED_ACTIVITY
L05_002519,651,TRANSFER,823.84,C758097912,16476.89,15653.05,C_LEGIT_603889673,0.0,823.84,0,0,L05_00360,LEGITIMATE_MULTIPLE_SMALL_TRANSACTIONS,None - repeated small transactions within normal behavioral range,NONE,1,6,7,6423.6,10,0.05,NORMAL_REPEATED_ACTIVITY
L05_002520,663,TRANSFER,782.65,C758097912,15653.05,14870.4,C_LEGIT_482442994,0.0,782.65,0,0,L05_00360,LEGITIMATE_MULTIPLE_SMALL_TRANSACTIONS,None - repeated small transactions within normal behavioral range,NONE,1,7,7,6423.6,12,0.05,NORMAL_REPEATED_ACTIVITY
L05_002521,388,TRANSFER,29741.7,C1534144872,594834.0,565092.3,C_LEGIT_447355209,0.0,29741.7,0,0,L05_00361,LEGITIMATE_MULTIPLE_SMALL_TRANSACTIONS,None - repeated small transactions within normal behavioral range,NONE,1,1,7,179439.23,0,0.05,NORMAL_REPEATED_ACTIVITY
L05_002522,392,TRANSFER,28254.62,C1534144872,565092.3,536837.68,C_LEGIT_110023667,0.0,28254.62,0,0,L05_00361,LEGITIMATE_MULTIPLE_SMALL_TRANSACTIONS,None - repeated small transactions within normal behavioral range,NONE,1,2,7,179439.23,4,0.05,NORMAL_REPEATED_ACTIVITY
L05_002523,400,TRANSFER,26841.88,C1534144872,536837.68,509995.8,C_LEGIT_762924804,0.0,26841.88,0,0,L05_00361,LEGITIMATE_MULTIPLE_SMALL_TRANSACTIONS,None - repeated small transactions within normal behavioral range,NONE,1,3,7,179439.23,8,0.05,NORMAL_REPEATED_ACTIVITY
L05_002524,412,TRANSFER,25499.79,C1534144872,509995.8,484496.01,C_LEGIT_952138975,0.0,25499.79,0,0,L05_00361,LEGITIMATE_MULTIPLE_SMALL_TRANSACTIONS,None - repeated small transactions within normal behavioral range,NONE,1,4,7,179439.23,12,0.05,NORMAL_REPEATED_ACTIVITY
L05_002525,445,TRANSFER,24224.8,C1534144872,484496.01,460271.21,C_LEGIT_643554649,0.0,24224.8,0,0,L05_00361,LEGITIMATE_MULTIPLE_SMALL_TRANSACTIONS,None - repeated small transactions within normal behavioral range,NONE,1,5,7,179439.23,33,0.05,NORMAL_REPEATED_ACTIVITY
L05_002526,473,TRANSFER,23013.56,C1534144872,460271.21,437257.65,C_LEGIT_528348956,0.0,23013.56,0,0,L05_00361,LEGITIMATE_MULTIPLE_SMALL_TRANSACTIONS,None - repeated small transactions within normal behavioral range,NONE,1,6,7,179439.23,28,0.05,NORMAL_REPEATED_ACTIVITY
L05_002527,479,TRANSFER,21862.88,C1534144872,437257.65,415394.77,C_LEGIT_946547253,0.0,21862.88,0,0,L05_00361,LEGITIMATE_MULTIPLE_SMALL_TRANSACTIONS,None - repeated small transactions within normal behavioral range,NONE,1,7,7,179439.23,6,0.05,NORMAL_REPEATED_ACTIVITY
L05_002528,308,TRANSFER,6.85,C134398609,137.0,130.15,C_LEGIT_233854589,0.0,6.85,0,0,L05_00362,LEGITIMATE_MULTIPLE_SMALL_TRANSACTIONS,None - repeated small transactions within normal behavioral range,NONE,1,1,7,41.33,0,0.05,NORMAL_REPEATED_ACTIVITY
L05_002529,312,TRANSFER,6.51,C134398609,130.15,123.64,C_LEGIT_714335375,0.0,6.51,0,0,L05_00362,LEGITIMATE_MULTIPLE_SMALL_TRANSACTIONS,None - repeated small transactions within normal behavioral range,NONE,1,2,7,41.33,4,0.05,NORMAL_REPEATED_ACTIVITY
L05_002530,324,TRANSFER,6.18,C134398609,123.64,117.46,C_LEGIT_929205426,0.0,6.18,0,0,L05_00362,LEGITIMATE_MULTIPLE_SMALL_TRANSACTIONS,None - repeated small transactions within normal behavioral range,NONE,1,3,7,41.33,12,0.05,NORMAL_REPEATED_ACTIVITY
L05_002531,352,TRANSFER,5.87,C134398609,117.46,111.59,C_LEGIT_412394752,0.0,5.87,0,0,L05_00362,LEGITIMATE_MULTIPLE_SMALL_TRANSACTIONS,None - repeated small transactions within normal behavioral range,NONE,1,4,7,41.33,28,0.05,NORMAL_REPEATED_ACTIVITY
L05_002532,365,TRANSFER,5.58,C134398609,111.59,106.01,C_LEGIT_166986996,0.0,5.58,0,0,L05_00362,LEGITIMATE_MULTIPLE_SMALL_TRANSACTIONS,None - repeated small transactions within normal behavioral range,NONE,1,5,7,41.33,13,0.05,NORMAL_REPEATED_ACTIVITY
L05_002533,368,TRANSFER,5.3,C134398609,106.01,100.71,C_LEGIT_606765661,0.0,5.3,0,0,L05_00362,LEGITIMATE_MULTIPLE_SMALL_TRANSACTIONS,None - repeated small transactions within normal behavioral range,NONE,1,6,7,41.33,3,0.05,NORMAL_REPEATED_ACTIVITY
L05_002534,386,TRANSFER,5.04,C134398609,100.71,95.67,C_LEGIT_806320257,0.0,5.04,0,0,L05_00362,LEGITIMATE_MULTIPLE_SMALL_TRANSACTIONS,None - repeated small transactions within normal behavioral range,NONE,1,7,7,41.33,18,0.05,NORMAL_REPEATED_ACTIVITY
L05_002535,152,TRANSFER,555.75,C439860471,11115.0,10559.25,C_LEGIT_333427564,0.0,555.75,0,0,L05_00363,LEGITIMATE_MULTIPLE_SMALL_TRANSACTIONS,None - repeated small transactions within normal behavioral range,NONE,1,1,7,3352.98,0,0.05,NORMAL_REPEATED_ACTIVITY
L05_002536,156,TRANSFER,527.96,C439860471,10559.25,10031.29,C_LEGIT_595416967,0.0,527.96,0,0,L05_00363,LEGITIMATE_MULTIPLE_SMALL_TRANSACTIONS,None - repeated small transactions within normal behavioral range,NONE,1,2,7,3352.98,4,0.05,NORMAL_REPEATED_ACTIVITY
L05_002537,176,TRANSFER,501.56,C439860471,10031.29,9529.73,C_LEGIT_567277874,0.0,501.56,0,0,L05_00363,LEGITIMATE_MULTIPLE_SMALL_TRANSACTIONS,None - repeated small transactions within normal behavioral range,NONE,1,3,7,3352.98,20,0.05,NORMAL_REPEATED_ACTIVITY
L05_002538,181,TRANSFER,476.49,C439860471,9529.73,9053.24,C_LEGIT_239744119,0.0,476.49,0,0,L05_00363,LEGITIMATE_MULTIPLE_SMALL_TRANSACTIONS,None - repeated small transactions within normal behavioral range,NONE,1,4,7,3352.98,5,0.05,NORMAL_REPEATED_ACTIVITY
L05_002539,184,TRANSFER,452.66,C439860471,9053.24,8600.58,C_LEGIT_307015828,0.0,452.66,0,0,L05_00363,LEGITIMATE_MULTIPLE_SMALL_TRANSACTIONS,None - repeated small transactions within normal behavioral range,NONE,1,5,7,3352.98,3,0.05,NORMAL_REPEATED_ACTIVITY
L05_002540,188,TRANSFER,430.03,C439860471,8600.58,8170.55,C_LEGIT_190125148,0.0,430.03,0,0,L05_00363,LEGITIMATE_MULTIPLE_SMALL_TRANSACTIONS,None - repeated small transactions within normal behavioral range,NONE,1,6,7,3352.98,4,0.05,NORMAL_REPEATED_ACTIVITY
L05_002541,228,TRANSFER,408.53,C439860471,8170.55,7762.02,C_LEGIT_809800346,0.0,408.53,0,0,L05_00363,LEGITIMATE_MULTIPLE_SMALL_TRANSACTIONS,None - repeated small transactions within normal behavioral range,NONE,1,7,7,3352.98,40,0.05,NORMAL_REPEATED_ACTIVITY
L05_002542,48,TRANSFER,162034.46,C2098995533,5260844.13,5098809.67,C_LEGIT_126953516,0.0,162034.46,0,0,L05_00364,LEGITIMATE_MULTIPLE_SMALL_TRANSACTIONS,None - repeated small transactions within normal behavioral range,NONE,1,1,7,1140736.45,0,0.0308,NORMAL_REPEATED_ACTIVITY
L05_002543,54,TRANSFER,152696.73,C2098995533,5098809.67,4946112.94,C_LEGIT_796582368,0.0,152696.73,0,0,L05_00364,LEGITIMATE_MULTIPLE_SMALL_TRANSACTIONS,None - repeated small transactions within normal behavioral range,NONE,1,2,7,1140736.45,6,0.0299,NORMAL_REPEATED_ACTIVITY
L05_002544,57,TRANSFER,118057.13,C2098995533,4946112.94,4828055.81,C_LEGIT_894214824,0.0,118057.13,0,0,L05_00364,LEGITIMATE_MULTIPLE_SMALL_TRANSACTIONS,None - repeated small transactions within normal behavioral range,NONE,1,3,7,1140736.45,3,0.0239,NORMAL_REPEATED_ACTIVITY
L05_002545,58,TRANSFER,181524.19,C2098995533,4828055.81,4646531.62,C_LEGIT_377950650,0.0,181524.19,0,0,L05_00364,LEGITIMATE_MULTIPLE_SMALL_TRANSACTIONS,None - repeated small transactions within normal behavioral range,NONE,1,4,7,1140736.45,1,0.0376,NORMAL_REPEATED_ACTIVITY
L05_002546,62,TRANSFER,183120.52,C2098995533,4646531.62,4463411.1,C_LEGIT_144869588,0.0,183120.52,0,0,L05_00364,LEGITIMATE_MULTIPLE_SMALL_TRANSACTIONS,None - repeated small transactions within normal behavioral range,NONE,1,5,7,1140736.45,4,0.0394,NORMAL_REPEATED_ACTIVITY
L05_002547,65,TRANSFER,181552.11,C2098995533,4463411.1,4281858.99,C_LEGIT_308684384,0.0,181552.11,0,0,L05_00364,LEGITIMATE_MULTIPLE_SMALL_TRANSACTIONS,None - repeated small transactions within normal behavioral range,NONE,1,6,7,1140736.45,3,0.0407,NORMAL_REPEATED_ACTIVITY
L05_002548,84,TRANSFER,161751.31,C2098995533,4281858.99,4120107.68,C_LEGIT_329825158,0.0,161751.31,0,0,L05_00364,LEGITIMATE_MULTIPLE_SMALL_TRANSACTIONS,None - repeated small transactions within normal behavioral range,NONE,1,7,7,1140736.45,19,0.0378,NORMAL_REPEATED_ACTIVITY
L05_002549,231,TRANSFER,535.85,C239520240,10717.0,10181.15,C_LEGIT_698970589,0.0,535.85,0,0,L05_00365,LEGITIMATE_MULTIPLE_SMALL_TRANSACTIONS,None - repeated small transactions within normal behavioral range,NONE,1,1,7,3232.91,0,0.05,NORMAL_REPEATED_ACTIVITY
L05_002550,236,TRANSFER,509.06,C239520240,10181.15,9672.09,C_LEGIT_370227178,0.0,509.06,0,0,L05_00365,LEGITIMATE_MULTIPLE_SMALL_TRANSACTIONS,None - repeated small transactions within normal behavioral range,NONE,1,2,7,3232.91,5,0.05,NORMAL_REPEATED_ACTIVITY
L05_002551,247,TRANSFER,483.6,C239520240,9672.09,9188.49,C_LEGIT_107295203,0.0,483.6,0,0,L05_00365,LEGITIMATE_MULTIPLE_SMALL_TRANSACTIONS,None - repeated small transactions within normal behavioral range,NONE,1,3,7,3232.91,11,0.05,NORMAL_REPEATED_ACTIVITY
L05_002552,255,TRANSFER,459.42,C239520240,9188.49,8729.07,C_LEGIT_190389246,0.0,459.42,0,0,L05_00365,LEGITIMATE_MULTIPLE_SMALL_TRANSACTIONS,None - repeated small transactions within normal behavioral range,NONE,1,4,7,3232.91,8,0.05,NORMAL_REPEATED_ACTIVITY
L05_002553,273,TRANSFER,436.45,C239520240,8729.07,8292.62,C_LEGIT_297570776,0.0,436.45,0,0,L05_00365,LEGITIMATE_MULTIPLE_SMALL_TRANSACTIONS,None - repeated small transactions within normal behavioral range,NONE,1,5,7,3232.91,18,0.05,NORMAL_REPEATED_ACTIVITY
L05_002554,292,TRANSFER,414.63,C239520240,8292.62,7877.99,C_LEGIT_777951161,0.0,414.63,0,0,L05_00365,LEGITIMATE_MULTIPLE_SMALL_TRANSACTIONS,None - repeated small transactions within normal behavioral range,NONE,1,6,7,3232.91,19,0.05,NORMAL_REPEATED_ACTIVITY
L05_002555,295,TRANSFER,393.9,C239520240,7877.99,7484.09,C_LEGIT_172981597,0.0,393.9,0,0,L05_00365,LEGITIMATE_MULTIPLE_SMALL_TRANSACTIONS,None - repeated small transactions within normal behavioral range,NONE,1,7,7,3232.91,3,0.05,NORMAL_REPEATED_ACTIVITY
L05_002556,271,TRANSFER,138.9,C654964227,2778.0,2639.1,C_LEGIT_899729380,0.0,138.9,0,0,L05_00366,LEGITIMATE_MULTIPLE_SMALL_TRANSACTIONS,None - repeated small transactions within normal behavioral range,NONE,1,1,7,838.02,0,0.05,NORMAL_REPEATED_ACTIVITY
L05_002557,274,TRANSFER,131.96,C654964227,2639.1,2507.14,C_LEGIT_913441881,0.0,131.96,0,0,L05_00366,LEGITIMATE_MULTIPLE_SMALL_TRANSACTIONS,None - repeated small transactions within normal behavioral range,NONE,1,2,7,838.02,3,0.05,NORMAL_REPEATED_ACTIVITY
L05_002558,282,TRANSFER,125.36,C654964227,2507.14,2381.78,C_LEGIT_417640820,0.0,125.36,0,0,L05_00366,LEGITIMATE_MULTIPLE_SMALL_TRANSACTIONS,None - repeated small transactions within normal behavioral range,NONE,1,3,7,838.02,8,0.05,NORMAL_REPEATED_ACTIVITY
L05_002559,328,TRANSFER,119.09,C654964227,2381.78,2262.69,C_LEGIT_830777836,0.0,119.09,0,0,L05_00366,LEGITIMATE_MULTIPLE_SMALL_TRANSACTIONS,None - repeated small transactions within normal behavioral range,NONE,1,4,7,838.02,46,0.05,NORMAL_REPEATED_ACTIVITY
L05_002560,332,TRANSFER,113.13,C654964227,2262.69,2149.56,C_LEGIT_918442793,0.0,113.13,0,0,L05_00366,LEGITIMATE_MULTIPLE_SMALL_TRANSACTIONS,None - repeated small transactions within normal behavioral range,NONE,1,5,7,838.02,4,0.05,NORMAL_REPEATED_ACTIVITY
L05_002561,338,TRANSFER,107.48,C654964227,2149.56,2042.08,C_LEGIT_761639032,0.0,107.48,0,0,L05_00366,LEGITIMATE_MULTIPLE_SMALL_TRANSACTIONS,None - repeated small transactions within normal behavioral range,NONE,1,6,7,838.02,6,0.05,NORMAL_REPEATED_ACTIVITY
L05_002562,353,TRANSFER,102.1,C654964227,2042.08,1939.98,C_LEGIT_569551914,0.0,102.1,0,0,L05_00366,LEGITIMATE_MULTIPLE_SMALL_TRANSACTIONS,None - repeated small transactions within normal behavioral range,NONE,1,7,7,838.02,15,0.05,NORMAL_REPEATED_ACTIVITY
L05_002563,357,TRANSFER,1303.2,C1827640142,31290.0,29986.8,C_LEGIT_134666760,0.0,1303.2,0,0,L05_00367,LEGITIMATE_MULTIPLE_SMALL_TRANSACTIONS,None - repeated small transactions within normal behavioral range,NONE,1,1,7,9246.94,0,0.0416,NORMAL_REPEATED_ACTIVITY
L05_002564,360,TRANSFER,1499.34,C1827640142,29986.8,28487.46,C_LEGIT_104172166,0.0,1499.34,0,0,L05_00367,LEGITIMATE_MULTIPLE_SMALL_TRANSACTIONS,None - repeated small transactions within normal behavioral range,NONE,1,2,7,9246.94,3,0.05,NORMAL_REPEATED_ACTIVITY
L05_002565,367,TRANSFER,1424.37,C1827640142,28487.46,27063.09,C_LEGIT_124957640,0.0,1424.37,0,0,L05_00367,LEGITIMATE_MULTIPLE_SMALL_TRANSACTIONS,None - repeated small transactions within normal behavioral range,NONE,1,3,7,9246.94,7,0.05,NORMAL_REPEATED_ACTIVITY
L05_002566,373,TRANSFER,1353.15,C1827640142,27063.09,25709.94,C_LEGIT_798368877,0.0,1353.15,0,0,L05_00367,LEGITIMATE_MULTIPLE_SMALL_TRANSACTIONS,None - repeated small transactions within normal behavioral range,NONE,1,4,7,9246.94,6,0.05,NORMAL_REPEATED_ACTIVITY
L05_002567,379,TRANSFER,1285.5,C1827640142,25709.94,24424.44,C_LEGIT_401764645,0.0,1285.5,0,0,L05_00367,LEGITIMATE_MULTIPLE_SMALL_TRANSACTIONS,None - repeated small transactions within normal behavioral range,NONE,1,5,7,9246.94,6,0.05,NORMAL_REPEATED_ACTIVITY
L05_002568,399,TRANSFER,1221.22,C1827640142,24424.44,23203.22,C_LEGIT_563803104,0.0,1221.22,0,0,L05_00367,LEGITIMATE_MULTIPLE_SMALL_TRANSACTIONS,None - repeated small transactions within normal behavioral range,NONE,1,6,7,9246.94,20,0.05,NORMAL_REPEATED_ACTIVITY
L05_002569,427,TRANSFER,1160.16,C1827640142,23203.22,22043.06,C_LEGIT_657557190,0.0,1160.16,0,0,L05_00367,LEGITIMATE_MULTIPLE_SMALL_TRANSACTIONS,None - repeated small transactions within normal behavioral range,NONE,1,7,7,9246.94,28,0.05,NORMAL_REPEATED_ACTIVITY
L05_002570,223,TRANSFER,1788.95,C1726012326,35779.0,33990.05,C_LEGIT_813685733,0.0,1788.95,0,0,L05_00368,LEGITIMATE_MULTIPLE_SMALL_TRANSACTIONS,None - repeated small transactions within normal behavioral range,NONE,1,1,7,10793.19,0,0.05,NORMAL_REPEATED_ACTIVITY
L05_002571,232,TRANSFER,1699.5,C1726012326,33990.05,32290.55,C_LEGIT_899473462,0.0,1699.5,0,0,L05_00368,LEGITIMATE_MULTIPLE_SMALL_TRANSACTIONS,None - repeated small transactions within normal behavioral range,NONE,1,2,7,10793.19,9,0.05,NORMAL_REPEATED_ACTIVITY
L05_002572,259,TRANSFER,1614.53,C1726012326,32290.55,30676.02,C_LEGIT_746899961,0.0,1614.53,0,0,L05_00368,LEGITIMATE_MULTIPLE_SMALL_TRANSACTIONS,None - repeated small transactions within normal behavioral range,NONE,1,3,7,10793.19,27,0.05,NORMAL_REPEATED_ACTIVITY
L05_002573,262,TRANSFER,1533.8,C1726012326,30676.02,29142.22,C_LEGIT_362188887,0.0,1533.8,0,0,L05_00368,LEGITIMATE_MULTIPLE_SMALL_TRANSACTIONS,None - repeated small transactions within normal behavioral range,NONE,1,4,7,10793.19,3,0.05,NORMAL_REPEATED_ACTIVITY
L05_002574,298,TRANSFER,1457.11,C1726012326,29142.22,27685.11,C_LEGIT_570574603,0.0,1457.11,0,0,L05_00368,LEGITIMATE_MULTIPLE_SMALL_TRANSACTIONS,None - repeated small transactions within normal behavioral range,NONE,1,5,7,10793.19,36,0.05,NORMAL_REPEATED_ACTIVITY
L05_002575,300,TRANSFER,1384.26,C1726012326,27685.11,26300.85,C_LEGIT_977061133,0.0,1384.26,0,0,L05_00368,LEGITIMATE_MULTIPLE_SMALL_TRANSACTIONS,None - repeated small transactions within normal behavioral range,NONE,1,6,7,10793.19,2,0.05,NORMAL_REPEATED_ACTIVITY
L05_002576,309,TRANSFER,1315.04,C1726012326,26300.85,24985.81,C_LEGIT_314368288,0.0,1315.04,0,0,L05_00368,LEGITIMATE_MULTIPLE_SMALL_TRANSACTIONS,None - repeated small transactions within normal behavioral range,NONE,1,7,7,10793.19,9,0.05,NORMAL_REPEATED_ACTIVITY
L05_002577,168,TRANSFER,94335.7,C1557461605,4203420.29,4109084.59,C_LEGIT_546277904,0.0,94335.7,0,0,L05_00369,LEGITIMATE_MULTIPLE_SMALL_TRANSACTIONS,None - repeated small transactions within normal behavioral range,NONE,1,1,7,543278.03,0,0.0224,NORMAL_REPEATED_ACTIVITY
L05_002578,185,TRANSFER,72201.76,C1557461605,4109084.59,4036882.83,C_LEGIT_852552925,0.0,72201.76,0,0,L05_00369,LEGITIMATE_MULTIPLE_SMALL_TRANSACTIONS,None - repeated small transactions within normal behavioral range,NONE,1,2,7,543278.03,17,0.0176,NORMAL_REPEATED_ACTIVITY
L05_002579,193,TRANSFER,58953.61,C1557461605,4036882.83,3977929.22,C_LEGIT_101743840,0.0,58953.61,0,0,L05_00369,LEGITIMATE_MULTIPLE_SMALL_TRANSACTIONS,None - repeated small transactions within normal behavioral range,NONE,1,3,7,543278.03,8,0.0146,NORMAL_REPEATED_ACTIVITY
L05_002580,203,TRANSFER,95292.73,C1557461605,3977929.22,3882636.49,C_LEGIT_125959220,0.0,95292.73,0,0,L05_00369,LEGITIMATE_MULTIPLE_SMALL_TRANSACTIONS,None - repeated small transactions within normal behavioral range,NONE,1,4,7,543278.03,10,0.024,NORMAL_REPEATED_ACTIVITY
L05_002581,210,TRANSFER,80581.77,C1557461605,3882636.49,3802054.72,C_LEGIT_545391621,0.0,80581.77,0,0,L05_00369,LEGITIMATE_MULTIPLE_SMALL_TRANSACTIONS,None - repeated small transactions within normal behavioral range,NONE,1,5,7,543278.03,7,0.0208,NORMAL_REPEATED_ACTIVITY
L05_002582,241,TRANSFER,82728.13,C1557461605,3802054.72,3719326.59,C_LEGIT_776230346,0.0,82728.13,0,0,L05_00369,LEGITIMATE_MULTIPLE_SMALL_TRANSACTIONS,None - repeated small transactions within normal behavioral range,NONE,1,6,7,543278.03,31,0.0218,NORMAL_REPEATED_ACTIVITY
L05_002583,249,TRANSFER,59184.33,C1557461605,3719326.59,3660142.26,C_LEGIT_528433246,0.0,59184.33,0,0,L05_00369,LEGITIMATE_MULTIPLE_SMALL_TRANSACTIONS,None - repeated small transactions within normal behavioral range,NONE,1,7,7,543278.03,8,0.0159,NORMAL_REPEATED_ACTIVITY
L05_002584,259,TRANSFER,532.7,C1410029086,10654.0,10121.3,C_LEGIT_557596140,0.0,532.7,0,0,L05_00370,LEGITIMATE_MULTIPLE_SMALL_TRANSACTIONS,None - repeated small transactions within normal behavioral range,NONE,1,1,7,3213.9,0,0.05,NORMAL_REPEATED_ACTIVITY
L05_002585,260,TRANSFER,506.06,C1410029086,10121.3,9615.24,C_LEGIT_861169497,0.0,506.06,0,0,L05_00370,LEGITIMATE_MULTIPLE_SMALL_TRANSACTIONS,None - repeated small transactions within normal behavioral range,NONE,1,2,7,3213.9,1,0.05,NORMAL_REPEATED_ACTIVITY
L05_002586,277,TRANSFER,480.76,C1410029086,9615.24,9134.48,C_LEGIT_103862551,0.0,480.76,0,0,L05_00370,LEGITIMATE_MULTIPLE_SMALL_TRANSACTIONS,None - repeated small transactions within normal behavioral range,NONE,1,3,7,3213.9,17,0.05,NORMAL_REPEATED_ACTIVITY
L05_002587,296,TRANSFER,456.72,C1410029086,9134.48,8677.76,C_LEGIT_739287614,0.0,456.72,0,0,L05_00370,LEGITIMATE_MULTIPLE_SMALL_TRANSACTIONS,None - repeated small transactions within normal behavioral range,NONE,1,4,7,3213.9,19,0.05,NORMAL_REPEATED_ACTIVITY
L05_002588,300,TRANSFER,433.89,C1410029086,8677.76,8243.87,C_LEGIT_759055236,0.0,433.89,0,0,L05_00370,LEGITIMATE_MULTIPLE_SMALL_TRANSACTIONS,None - repeated small transactions within normal behavioral range,NONE,1,5,7,3213.9,4,0.05,NORMAL_REPEATED_ACTIVITY
L05_002589,315,TRANSFER,412.19,C1410029086,8243.87,7831.68,C_LEGIT_758662063,0.0,412.19,0,0,L05_00370,LEGITIMATE_MULTIPLE_SMALL_TRANSACTIONS,None - repeated small transactions within normal behavioral range,NONE,1,6,7,3213.9,15,0.05,NORMAL_REPEATED_ACTIVITY
L05_002590,325,TRANSFER,391.58,C1410029086,7831.68,7440.1,C_LEGIT_327554821,0.0,391.58,0,0,L05_00370,LEGITIMATE_MULTIPLE_SMALL_TRANSACTIONS,None - repeated small transactions within normal behavioral range,NONE,1,7,7,3213.9,10,0.05,NORMAL_REPEATED_ACTIVITY
L05_002591,362,TRANSFER,38175.27,C780675813,8235756.75,8197581.48,C_LEGIT_345886501,0.0,38175.27,0,0,L05_00371,LEGITIMATE_MULTIPLE_SMALL_TRANSACTIONS,None - repeated small transactions within normal behavioral range,NONE,1,1,7,235710.56,0,0.0046,NORMAL_REPEATED_ACTIVITY
L05_002592,370,TRANSFER,27022.72,C780675813,8197581.48,8170558.76,C_LEGIT_192036015,0.0,27022.72,0,0,L05_00371,LEGITIMATE_MULTIPLE_SMALL_TRANSACTIONS,None - repeated small transactions within normal behavioral range,NONE,1,2,7,235710.56,8,0.0033,NORMAL_REPEATED_ACTIVITY
L05_002593,382,TRANSFER,39864.12,C780675813,8170558.76,8130694.64,C_LEGIT_718635601,0.0,39864.12,0,0,L05_00371,LEGITIMATE_MULTIPLE_SMALL_TRANSACTIONS,None - repeated small transactions within normal behavioral range,NONE,1,3,7,235710.56,12,0.0049,NORMAL_REPEATED_ACTIVITY
L05_002594,389,TRANSFER,26113.0,C780675813,8130694.64,8104581.64,C_LEGIT_543293799,0.0,26113.0,0,0,L05_00371,LEGITIMATE_MULTIPLE_SMALL_TRANSACTIONS,None - repeated small transactions within normal behavioral range,NONE,1,4,7,235710.56,7,0.0032,NORMAL_REPEATED_ACTIVITY
L05_002595,415,TRANSFER,24780.55,C780675813,8104581.64,8079801.09,C_LEGIT_845340693,0.0,24780.55,0,0,L05_00371,LEGITIMATE_MULTIPLE_SMALL_TRANSACTIONS,None - repeated small transactions within normal behavioral range,NONE,1,5,7,235710.56,26,0.0031,NORMAL_REPEATED_ACTIVITY
L05_002596,426,TRANSFER,38837.41,C780675813,8079801.09,8040963.68,C_LEGIT_388460254,0.0,38837.41,0,0,L05_00371,LEGITIMATE_MULTIPLE_SMALL_TRANSACTIONS,None - repeated small transactions within normal behavioral range,NONE,1,6,7,235710.56,11,0.0048,NORMAL_REPEATED_ACTIVITY
L05_002597,444,TRANSFER,40917.49,C780675813,8040963.68,8000046.19,C_LEGIT_789312455,0.0,40917.49,0,0,L05_00371,LEGITIMATE_MULTIPLE_SMALL_TRANSACTIONS,None - repeated small transactions within normal behavioral range,NONE,1,7,7,235710.56,18,0.0051,NORMAL_REPEATED_ACTIVITY
L05_002598,23,TRANSFER,1551.25,C1143856812,31025.0,29473.75,C_LEGIT_603215173,0.0,1551.25,0,0,L05_00372,LEGITIMATE_MULTIPLE_SMALL_TRANSACTIONS,None - repeated small transactions within normal behavioral range,NONE,1,1,7,9359.08,0,0.05,NORMAL_REPEATED_ACTIVITY
L05_002599,31,TRANSFER,1473.69,C1143856812,29473.75,28000.06,C_LEGIT_151942422,0.0,1473.69,0,0,L05_00372,LEGITIMATE_MULTIPLE_SMALL_TRANSACTIONS,None - repeated small transactions within normal behavioral range,NONE,1,2,7,9359.08,8,0.05,NORMAL_REPEATED_ACTIVITY
L05_002600,43,TRANSFER,1400.0,C1143856812,28000.06,26600.06,C_LEGIT_916478973,0.0,1400.0,0,0,L05_00372,LEGITIMATE_MULTIPLE_SMALL_TRANSACTIONS,None - repeated small transactions within normal behavioral range,NONE,1,3,7,9359.08,12,0.05,NORMAL_REPEATED_ACTIVITY
L05_002601,69,TRANSFER,1330.0,C1143856812,26600.06,25270.06,C_LEGIT_317423704,0.0,1330.0,0,0,L05_00372,LEGITIMATE_MULTIPLE_SMALL_TRANSACTIONS,None - repeated small transactions within normal behavioral range,NONE,1,4,7,9359.08,26,0.05,NORMAL_REPEATED_ACTIVITY
L05_002602,73,TRANSFER,1263.5,C1143856812,25270.06,24006.56,C_LEGIT_465289291,0.0,1263.5,0,0,L05_00372,LEGITIMATE_MULTIPLE_SMALL_TRANSACTIONS,None - repeated small transactions within normal behavioral range,NONE,1,5,7,9359.08,4,0.05,NORMAL_REPEATED_ACTIVITY
L05_002603,77,TRANSFER,1200.33,C1143856812,24006.56,22806.23,C_LEGIT_852607893,0.0,1200.33,0,0,L05_00372,LEGITIMATE_MULTIPLE_SMALL_TRANSACTIONS,None - repeated small transactions within normal behavioral range,NONE,1,6,7,9359.08,4,0.05,NORMAL_REPEATED_ACTIVITY
L05_002604,90,TRANSFER,1140.31,C1143856812,22806.23,21665.92,C_LEGIT_916698929,0.0,1140.31,0,0,L05_00372,LEGITIMATE_MULTIPLE_SMALL_TRANSACTIONS,None - repeated small transactions within normal behavioral range,NONE,1,7,7,9359.08,13,0.05,NORMAL_REPEATED_ACTIVITY
L05_002605,262,TRANSFER,14.6,C957896825,292.0,277.4,C_LEGIT_607706740,0.0,14.6,0,0,L05_00373,LEGITIMATE_MULTIPLE_SMALL_TRANSACTIONS,None - repeated small transactions within normal behavioral range,NONE,1,1,7,88.09,0,0.05,NORMAL_REPEATED_ACTIVITY
L05_002606,283,TRANSFER,13.87,C957896825,277.4,263.53,C_LEGIT_777936398,0.0,13.87,0,0,L05_00373,LEGITIMATE_MULTIPLE_SMALL_TRANSACTIONS,None - repeated small transactions within normal behavioral range,NONE,1,2,7,88.09,21,0.05,NORMAL_REPEATED_ACTIVITY
L05_002607,288,TRANSFER,13.18,C957896825,263.53,250.35,C_LEGIT_102387583,0.0,13.18,0,0,L05_00373,LEGITIMATE_MULTIPLE_SMALL_TRANSACTIONS,None - repeated small transactions within normal behavioral range,NONE,1,3,7,88.09,5,0.05,NORMAL_REPEATED_ACTIVITY
L05_002608,297,TRANSFER,12.52,C957896825,250.35,237.83,C_LEGIT_348044413,0.0,12.52,0,0,L05_00373,LEGITIMATE_MULTIPLE_SMALL_TRANSACTIONS,None - repeated small transactions within normal behavioral range,NONE,1,4,7,88.09,9,0.05,NORMAL_REPEATED_ACTIVITY
L05_002609,329,TRANSFER,11.89,C957896825,237.83,225.94,C_LEGIT_135038626,0.0,11.89,0,0,L05_00373,LEGITIMATE_MULTIPLE_SMALL_TRANSACTIONS,None - repeated small transactions within normal behavioral range,NONE,1,5,7,88.09,32,0.05,NORMAL_REPEATED_ACTIVITY
L05_002610,336,TRANSFER,11.3,C957896825,225.94,214.64,C_LEGIT_759719829,0.0,11.3,0,0,L05_00373,LEGITIMATE_MULTIPLE_SMALL_TRANSACTIONS,None - repeated small transactions within normal behavioral range,NONE,1,6,7,88.09,7,0.05,NORMAL_REPEATED_ACTIVITY
L05_002611,340,TRANSFER,10.73,C957896825,214.64,203.91,C_LEGIT_754497920,0.0,10.73,0,0,L05_00373,LEGITIMATE_MULTIPLE_SMALL_TRANSACTIONS,None - repeated small transactions within normal behavioral range,NONE,1,7,7,88.09,4,0.05,NORMAL_REPEATED_ACTIVITY
L05_002612,58,TRANSFER,99770.3,C1230949744,6227103.65,6127333.35,C_LEGIT_562912487,0.0,99770.3,0,0,L05_00374,LEGITIMATE_MULTIPLE_SMALL_TRANSACTIONS,None - repeated small transactions within normal behavioral range,NONE,1,1,7,902767.34,0,0.016,NORMAL_REPEATED_ACTIVITY
L05_002613,60,TRANSFER,111956.85,C1230949744,6127333.35,6015376.5,C_LEGIT_153210523,0.0,111956.85,0,0,L05_00374,LEGITIMATE_MULTIPLE_SMALL_TRANSACTIONS,None - repeated small transactions within normal behavioral range,NONE,1,2,7,902767.34,2,0.0183,NORMAL_REPEATED_ACTIVITY
L05_002614,74,TRANSFER,149644.83,C1230949744,6015376.5,5865731.67,C_LEGIT_186892008,0.0,149644.83,0,0,L05_00374,LEGITIMATE_MULTIPLE_SMALL_TRANSACTIONS,None - repeated small transactions within normal behavioral range,NONE,1,3,7,902767.34,14,0.0249,NORMAL_REPEATED_ACTIVITY
L05_002615,81,TRANSFER,114427.06,C1230949744,5865731.67,5751304.61,C_LEGIT_640135406,0.0,114427.06,0,0,L05_00374,LEGITIMATE_MULTIPLE_SMALL_TRANSACTIONS,None - repeated small transactions within normal behavioral range,NONE,1,4,7,902767.34,7,0.0195,NORMAL_REPEATED_ACTIVITY
L05_002616,83,TRANSFER,129222.42,C1230949744,5751304.61,5622082.19,C_LEGIT_716443373,0.0,129222.42,0,0,L05_00374,LEGITIMATE_MULTIPLE_SMALL_TRANSACTIONS,None - repeated small transactions within normal behavioral range,NONE,1,5,7,902767.34,2,0.0225,NORMAL_REPEATED_ACTIVITY
L05_002617,126,TRANSFER,154639.55,C1230949744,5622082.19,5467442.64,C_LEGIT_443916651,0.0,154639.55,0,0,L05_00374,LEGITIMATE_MULTIPLE_SMALL_TRANSACTIONS,None - repeated small transactions within normal behavioral range,NONE,1,6,7,902767.34,43,0.0275,NORMAL_REPEATED_ACTIVITY
L05_002618,144,TRANSFER,143106.33,C1230949744,5467442.64,5324336.31,C_LEGIT_713505237,0.0,143106.33,0,0,L05_00374,LEGITIMATE_MULTIPLE_SMALL_TRANSACTIONS,None - repeated small transactions within normal behavioral range,NONE,1,7,7,902767.34,18,0.0262,NORMAL_REPEATED_ACTIVITY
L05_002619,628,TRANSFER,2.7,C946170883,54.0,51.3,C_LEGIT_852092324,0.0,2.7,0,0,L05_00375,LEGITIMATE_MULTIPLE_SMALL_TRANSACTIONS,None - repeated small transactions within normal behavioral range,NONE,1,1,7,16.28,0,0.05,NORMAL_REPEATED_ACTIVITY
L05_002620,632,TRANSFER,2.56,C946170883,51.3,48.74,C_LEGIT_442276484,0.0,2.56,0,0,L05_00375,LEGITIMATE_MULTIPLE_SMALL_TRANSACTIONS,None - repeated small transactions within normal behavioral range,NONE,1,2,7,16.28,4,0.0499,NORMAL_REPEATED_ACTIVITY
L05_002621,637,TRANSFER,2.44,C946170883,48.74,46.3,C_LEGIT_822490189,0.0,2.44,0,0,L05_00375,LEGITIMATE_MULTIPLE_SMALL_TRANSACTIONS,None - repeated small transactions within normal behavioral range,NONE,1,3,7,16.28,5,0.0501,NORMAL_REPEATED_ACTIVITY
L05_002622,647,TRANSFER,2.31,C946170883,46.3,43.99,C_LEGIT_422009288,0.0,2.31,0,0,L05_00375,LEGITIMATE_MULTIPLE_SMALL_TRANSACTIONS,None - repeated small transactions within normal behavioral range,NONE,1,4,7,16.28,10,0.0499,NORMAL_REPEATED_ACTIVITY
L05_002623,659,TRANSFER,2.2,C946170883,43.99,41.79,C_LEGIT_494523562,0.0,2.2,0,0,L05_00375,LEGITIMATE_MULTIPLE_SMALL_TRANSACTIONS,None - repeated small transactions within normal behavioral range,NONE,1,5,7,16.28,12,0.05,NORMAL_REPEATED_ACTIVITY
L05_002624,668,TRANSFER,2.09,C946170883,41.79,39.7,C_LEGIT_401460109,0.0,2.09,0,0,L05_00375,LEGITIMATE_MULTIPLE_SMALL_TRANSACTIONS,None - repeated small transactions within normal behavioral range,NONE,1,6,7,16.28,9,0.05,NORMAL_REPEATED_ACTIVITY
L05_002625,682,TRANSFER,1.98,C946170883,39.7,37.72,C_LEGIT_176396713,0.0,1.98,0,0,L05_00375,LEGITIMATE_MULTIPLE_SMALL_TRANSACTIONS,None - repeated small transactions within normal behavioral range,NONE,1,7,7,16.28,14,0.0499,NORMAL_REPEATED_ACTIVITY
L05_002626,220,TRANSFER,84882.21,C2007811431,5571961.0,5487078.79,C_LEGIT_915214730,0.0,84882.21,0,0,L05_00376,LEGITIMATE_MULTIPLE_SMALL_TRANSACTIONS,None - repeated small transactions within normal behavioral range,NONE,1,1,7,700755.9,0,0.0152,NORMAL_REPEATED_ACTIVITY
L05_002627,235,TRANSFER,104883.92,C2007811431,5487078.79,5382194.87,C_LEGIT_946474365,0.0,104883.92,0,0,L05_00376,LEGITIMATE_MULTIPLE_SMALL_TRANSACTIONS,None - repeated small transactions within normal behavioral range,NONE,1,2,7,700755.9,15,0.0191,NORMAL_REPEATED_ACTIVITY
L05_002628,266,TRANSFER,84266.21,C2007811431,5382194.87,5297928.66,C_LEGIT_945429137,0.0,84266.21,0,0,L05_00376,LEGITIMATE_MULTIPLE_SMALL_TRANSACTIONS,None - repeated small transactions within normal behavioral range,NONE,1,3,7,700755.9,31,0.0157,NORMAL_REPEATED_ACTIVITY
L05_002629,273,TRANSFER,78924.5,C2007811431,5297928.66,5219004.16,C_LEGIT_199568223,0.0,78924.5,0,0,L05_00376,LEGITIMATE_MULTIPLE_SMALL_TRANSACTIONS,None - repeated small transactions within normal behavioral range,NONE,1,4,7,700755.9,7,0.0149,NORMAL_REPEATED_ACTIVITY
L05_002630,282,TRANSFER,106317.73,C2007811431,5219004.16,5112686.43,C_LEGIT_976483542,0.0,106317.73,0,0,L05_00376,LEGITIMATE_MULTIPLE_SMALL_TRANSACTIONS,None - repeated small transactions within normal behavioral range,NONE,1,5,7,700755.9,9,0.0204,NORMAL_REPEATED_ACTIVITY
L05_002631,297,TRANSFER,126158.64,C2007811431,5112686.43,4986527.79,C_LEGIT_511068568,0.0,126158.64,0,0,L05_00376,LEGITIMATE_MULTIPLE_SMALL_TRANSACTIONS,None - repeated small transactions within normal behavioral range,NONE,1,6,7,700755.9,15,0.0247,NORMAL_REPEATED_ACTIVITY
L05_002632,298,TRANSFER,115322.69,C2007811431,4986527.79,4871205.1,C_LEGIT_888554122,0.0,115322.69,0,0,L05_00376,LEGITIMATE_MULTIPLE_SMALL_TRANSACTIONS,None - repeated small transactions within normal behavioral range,NONE,1,7,7,700755.9,1,0.0231,NORMAL_REPEATED_ACTIVITY
L05_002633,365,TRANSFER,12.6,C360912059,252.0,239.4,C_LEGIT_179266953,0.0,12.6,0,0,L05_00377,LEGITIMATE_MULTIPLE_SMALL_TRANSACTIONS,None - repeated small transactions within normal behavioral range,NONE,1,1,7,76.01,0,0.05,NORMAL_REPEATED_ACTIVITY
L05_002634,371,TRANSFER,11.97,C360912059,239.4,227.43,C_LEGIT_664256363,0.0,11.97,0,0,L05_00377,LEGITIMATE_MULTIPLE_SMALL_TRANSACTIONS,None - repeated small transactions within normal behavioral range,NONE,1,2,7,76.01,6,0.05,NORMAL_REPEATED_ACTIVITY
L05_002635,375,TRANSFER,11.37,C360912059,227.43,216.06,C_LEGIT_580019381,0.0,11.37,0,0,L05_00377,LEGITIMATE_MULTIPLE_SMALL_TRANSACTIONS,None - repeated small transactions within normal behavioral range,NONE,1,3,7,76.01,4,0.05,NORMAL_REPEATED_ACTIVITY
L05_002636,413,TRANSFER,10.8,C360912059,216.06,205.26,C_LEGIT_294475032,0.0,10.8,0,0,L05_00377,LEGITIMATE_MULTIPLE_SMALL_TRANSACTIONS,None - repeated small transactions within normal behavioral range,NONE,1,4,7,76.01,38,0.05,NORMAL_REPEATED_ACTIVITY
L05_002637,428,TRANSFER,10.26,C360912059,205.26,195.0,C_LEGIT_390066455,0.0,10.26,0,0,L05_00377,LEGITIMATE_MULTIPLE_SMALL_TRANSACTIONS,None - repeated small transactions within normal behavioral range,NONE,1,5,7,76.01,15,0.05,NORMAL_REPEATED_ACTIVITY
L05_002638,432,TRANSFER,9.75,C360912059,195.0,185.25,C_LEGIT_251066836,0.0,9.75,0,0,L05_00377,LEGITIMATE_MULTIPLE_SMALL_TRANSACTIONS,None - repeated small transactions within normal behavioral range,NONE,1,6,7,76.01,4,0.05,NORMAL_REPEATED_ACTIVITY
L05_002639,443,TRANSFER,9.26,C360912059,185.25,175.99,C_LEGIT_236604344,0.0,9.26,0,0,L05_00377,LEGITIMATE_MULTIPLE_SMALL_TRANSACTIONS,None - repeated small transactions within normal behavioral range,NONE,1,7,7,76.01,11,0.05,NORMAL_REPEATED_ACTIVITY
L05_002640,695,TRANSFER,64907.25,C912186628,3257056.34,3192149.09,C_LEGIT_703897842,0.0,64907.25,0,0,L05_00378,LEGITIMATE_MULTIPLE_SMALL_TRANSACTIONS,None - repeated small transactions within normal behavioral range,NONE,1,1,7,597565.05,0,0.0199,NORMAL_REPEATED_ACTIVITY
L05_002641,696,TRANSFER,70977.43,C912186628,3192149.09,3121171.66,C_LEGIT_682436266,0.0,70977.43,0,0,L05_00378,LEGITIMATE_MULTIPLE_SMALL_TRANSACTIONS,None - repeated small transactions within normal behavioral range,NONE,1,2,7,597565.05,1,0.0222,NORMAL_REPEATED_ACTIVITY
L05_002642,716,TRANSFER,97966.77,C912186628,3121171.66,3023204.89,C_LEGIT_575550040,0.0,97966.77,0,0,L05_00378,LEGITIMATE_MULTIPLE_SMALL_TRANSACTIONS,None - repeated small transactions within normal behavioral range,NONE,1,3,7,597565.05,20,0.0314,NORMAL_REPEATED_ACTIVITY
L05_002643,717,TRANSFER,78508.92,C912186628,3023204.89,2944695.97,C_LEGIT_221887543,0.0,78508.92,0,0,L05_00378,LEGITIMATE_MULTIPLE_SMALL_TRANSACTIONS,None - repeated small transactions within normal behavioral range,NONE,1,4,7,597565.05,1,0.026,NORMAL_REPEATED_ACTIVITY
L05_002644,743,TRANSFER,106847.66,C912186628,2944695.97,2837848.31,C_LEGIT_827054084,0.0,106847.66,0,0,L05_00378,LEGITIMATE_MULTIPLE_SMALL_TRANSACTIONS,None - repeated small transactions within normal behavioral range,NONE,1,5,7,597565.05,26,0.0363,NORMAL_REPEATED_ACTIVITY
L05_002645,763,TRANSFER,84985.49,C912186628,2837848.31,2752862.82,C_LEGIT_638810740,0.0,84985.49,0,0,L05_00378,LEGITIMATE_MULTIPLE_SMALL_TRANSACTIONS,None - repeated small transactions within normal behavioral range,NONE,1,6,7,597565.05,20,0.0299,NORMAL_REPEATED_ACTIVITY
L05_002646,772,TRANSFER,93371.53,C912186628,2752862.82,2659491.29,C_LEGIT_144633138,0.0,93371.53,0,0,L05_00378,LEGITIMATE_MULTIPLE_SMALL_TRANSACTIONS,None - repeated small transactions within normal behavioral range,NONE,1,7,7,597565.05,9,0.0339,NORMAL_REPEATED_ACTIVITY
L05_002647,279,TRANSFER,1039.75,C1999924548,20795.0,19755.25,C_LEGIT_366470054,0.0,1039.75,0,0,L05_00379,LEGITIMATE_MULTIPLE_SMALL_TRANSACTIONS,None - repeated small transactions within normal behavioral range,NONE,1,1,7,6273.07,0,0.05,NORMAL_REPEATED_ACTIVITY
L05_002648,317,TRANSFER,987.76,C1999924548,19755.25,18767.49,C_LEGIT_901245449,0.0,987.76,0,0,L05_00379,LEGITIMATE_MULTIPLE_SMALL_TRANSACTIONS,None - repeated small transactions within normal behavioral range,NONE,1,2,7,6273.07,38,0.05,NORMAL_REPEATED_ACTIVITY
L05_002649,319,TRANSFER,938.37,C1999924548,18767.49,17829.12,C_LEGIT_594390930,0.0,938.37,0,0,L05_00379,LEGITIMATE_MULTIPLE_SMALL_TRANSACTIONS,None - repeated small transactions within normal behavioral range,NONE,1,3,7,6273.07,2,0.05,NORMAL_REPEATED_ACTIVITY
L05_002650,328,TRANSFER,891.46,C1999924548,17829.12,16937.66,C_LEGIT_340980758,0.0,891.46,0,0,L05_00379,LEGITIMATE_MULTIPLE_SMALL_TRANSACTIONS,None - repeated small transactions within normal behavioral range,NONE,1,4,7,6273.07,9,0.05,NORMAL_REPEATED_ACTIVITY
L05_002651,339,TRANSFER,846.88,C1999924548,16937.66,16090.78,C_LEGIT_660103159,0.0,846.88,0,0,L05_00379,LEGITIMATE_MULTIPLE_SMALL_TRANSACTIONS,None - repeated small transactions within normal behavioral range,NONE,1,5,7,6273.07,11,0.05,NORMAL_REPEATED_ACTIVITY
L05_002652,362,TRANSFER,804.54,C1999924548,16090.78,15286.24,C_LEGIT_699198701,0.0,804.54,0,0,L05_00379,LEGITIMATE_MULTIPLE_SMALL_TRANSACTIONS,None - repeated small transactions within normal behavioral range,NONE,1,6,7,6273.07,23,0.05,NORMAL_REPEATED_ACTIVITY
L05_002653,372,TRANSFER,764.31,C1999924548,15286.24,14521.93,C_LEGIT_754492963,0.0,764.31,0,0,L05_00379,LEGITIMATE_MULTIPLE_SMALL_TRANSACTIONS,None - repeated small transactions within normal behavioral range,NONE,1,7,7,6273.07,10,0.05,NORMAL_REPEATED_ACTIVITY
L05_002654,344,TRANSFER,4720.23,C1337240256,215400.13,210679.9,C_LEGIT_538588356,0.0,4720.23,0,0,L05_00380,LEGITIMATE_MULTIPLE_SMALL_TRANSACTIONS,None - repeated small transactions within normal behavioral range,NONE,1,1,7,35047.41,0,0.0219,NORMAL_REPEATED_ACTIVITY
L05_002655,350,TRANSFER,5757.36,C1337240256,210679.9,204922.54,C_LEGIT_312308226,0.0,5757.36,0,0,L05_00380,LEGITIMATE_MULTIPLE_SMALL_TRANSACTIONS,None - repeated small transactions within normal behavioral range,NONE,1,2,7,35047.41,6,0.0273,NORMAL_REPEATED_ACTIVITY
L05_002656,353,TRANSFER,5890.72,C1337240256,204922.54,199031.82,C_LEGIT_829700370,0.0,5890.72,0,0,L05_00380,LEGITIMATE_MULTIPLE_SMALL_TRANSACTIONS,None - repeated small transactions within normal behavioral range,NONE,1,3,7,35047.41,3,0.0287,NORMAL_REPEATED_ACTIVITY
L05_002657,360,TRANSFER,4789.92,C1337240256,199031.82,194241.9,C_LEGIT_932360645,0.0,4789.92,0,0,L05_00380,LEGITIMATE_MULTIPLE_SMALL_TRANSACTIONS,None - repeated small transactions within normal behavioral range,NONE,1,4,7,35047.41,7,0.0241,NORMAL_REPEATED_ACTIVITY
L05_002658,382,TRANSFER,5645.92,C1337240256,194241.9,188595.98,C_LEGIT_474932418,0.0,5645.92,0,0,L05_00380,LEGITIMATE_MULTIPLE_SMALL_TRANSACTIONS,None - repeated small transactions within normal behavioral range,NONE,1,5,7,35047.41,22,0.0291,NORMAL_REPEATED_ACTIVITY
L05_002659,422,TRANSFER,4558.59,C1337240256,188595.98,184037.39,C_LEGIT_717736025,0.0,4558.59,0,0,L05_00380,LEGITIMATE_MULTIPLE_SMALL_TRANSACTIONS,None - repeated small transactions within normal behavioral range,NONE,1,6,7,35047.41,40,0.0242,NORMAL_REPEATED_ACTIVITY
L05_002660,428,TRANSFER,3684.67,C1337240256,184037.39,180352.72,C_LEGIT_359082195,0.0,3684.67,0,0,L05_00380,LEGITIMATE_MULTIPLE_SMALL_TRANSACTIONS,None - repeated small transactions within normal behavioral range,NONE,1,7,7,35047.41,6,0.02,NORMAL_REPEATED_ACTIVITY
L05_002661,422,TRANSFER,226.22,C2115226999,4524.42,4298.2,C_LEGIT_103645168,0.0,226.22,0,0,L05_00381,LEGITIMATE_MULTIPLE_SMALL_TRANSACTIONS,None - repeated small transactions within normal behavioral range,NONE,1,1,7,1364.85,0,0.05,NORMAL_REPEATED_ACTIVITY
L05_002662,468,TRANSFER,214.91,C2115226999,4298.2,4083.29,C_LEGIT_603828535,0.0,214.91,0,0,L05_00381,LEGITIMATE_MULTIPLE_SMALL_TRANSACTIONS,None - repeated small transactions within normal behavioral range,NONE,1,2,7,1364.85,46,0.05,NORMAL_REPEATED_ACTIVITY
L05_002663,472,TRANSFER,204.16,C2115226999,4083.29,3879.13,C_LEGIT_292246650,0.0,204.16,0,0,L05_00381,LEGITIMATE_MULTIPLE_SMALL_TRANSACTIONS,None - repeated small transactions within normal behavioral range,NONE,1,3,7,1364.85,4,0.05,NORMAL_REPEATED_ACTIVITY
L05_002664,476,TRANSFER,193.96,C2115226999,3879.13,3685.17,C_LEGIT_491224069,0.0,193.96,0,0,L05_00381,LEGITIMATE_MULTIPLE_SMALL_TRANSACTIONS,None - repeated small transactions within normal behavioral range,NONE,1,4,7,1364.85,4,0.05,NORMAL_REPEATED_ACTIVITY
L05_002665,490,TRANSFER,184.26,C2115226999,3685.17,3500.91,C_LEGIT_279251444,0.0,184.26,0,0,L05_00381,LEGITIMATE_MULTIPLE_SMALL_TRANSACTIONS,None - repeated small transactions within normal behavioral range,NONE,1,5,7,1364.85,14,0.05,NORMAL_REPEATED_ACTIVITY
L05_002666,496,TRANSFER,175.05,C2115226999,3500.91,3325.86,C_LEGIT_943553095,0.0,175.05,0,0,L05_00381,LEGITIMATE_MULTIPLE_SMALL_TRANSACTIONS,None - repeated small transactions within normal behavioral range,NONE,1,6,7,1364.85,6,0.05,NORMAL_REPEATED_ACTIVITY
L05_002667,499,TRANSFER,166.29,C2115226999,3325.86,3159.57,C_LEGIT_505241202,0.0,166.29,0,0,L05_00381,LEGITIMATE_MULTIPLE_SMALL_TRANSACTIONS,None - repeated small transactions within normal behavioral range,NONE,1,7,7,1364.85,3,0.05,NORMAL_REPEATED_ACTIVITY
L05_002668,283,TRANSFER,766.0,C202155278,15319.91,14553.91,C_LEGIT_183411053,0.0,766.0,0,0,L05_00382,LEGITIMATE_MULTIPLE_SMALL_TRANSACTIONS,None - repeated small transactions within normal behavioral range,NONE,1,1,7,4621.46,0,0.05,NORMAL_REPEATED_ACTIVITY
L05_002669,289,TRANSFER,727.7,C202155278,14553.91,13826.21,C_LEGIT_584189498,0.0,727.7,0,0,L05_00382,LEGITIMATE_MULTIPLE_SMALL_TRANSACTIONS,None - repeated small transactions within normal behavioral range,NONE,1,2,7,4621.46,6,0.05,NORMAL_REPEATED_ACTIVITY
L05_002670,296,TRANSFER,691.31,C202155278,13826.21,13134.9,C_LEGIT_907303040,0.0,691.31,0,0,L05_00382,LEGITIMATE_MULTIPLE_SMALL_TRANSACTIONS,None - repeated small transactions within normal behavioral range,NONE,1,3,7,4621.46,7,0.05,NORMAL_REPEATED_ACTIVITY
L05_002671,302,TRANSFER,656.75,C202155278,13134.9,12478.15,C_LEGIT_251783019,0.0,656.75,0,0,L05_00382,LEGITIMATE_MULTIPLE_SMALL_TRANSACTIONS,None - repeated small transactions within normal behavioral range,NONE,1,4,7,4621.46,6,0.05,NORMAL_REPEATED_ACTIVITY
L05_002672,317,TRANSFER,623.91,C202155278,12478.15,11854.24,C_LEGIT_863573533,0.0,623.91,0,0,L05_00382,LEGITIMATE_MULTIPLE_SMALL_TRANSACTIONS,None - repeated small transactions within normal behavioral range,NONE,1,5,7,4621.46,15,0.05,NORMAL_REPEATED_ACTIVITY
L05_002673,340,TRANSFER,592.71,C202155278,11854.24,11261.53,C_LEGIT_285766409,0.0,592.71,0,0,L05_00382,LEGITIMATE_MULTIPLE_SMALL_TRANSACTIONS,None - repeated small transactions within normal behavioral range,NONE,1,6,7,4621.46,23,0.05,NORMAL_REPEATED_ACTIVITY
L05_002674,344,TRANSFER,563.08,C202155278,11261.53,10698.45,C_LEGIT_504475992,0.0,563.08,0,0,L05_00382,LEGITIMATE_MULTIPLE_SMALL_TRANSACTIONS,None - repeated small transactions within normal behavioral range,NONE,1,7,7,4621.46,4,0.05,NORMAL_REPEATED_ACTIVITY
L05_002675,267,TRANSFER,60237.31,C1912087335,1651991.02,1591753.71,C_LEGIT_569344266,0.0,60237.31,0,0,L05_00383,LEGITIMATE_MULTIPLE_SMALL_TRANSACTIONS,None - repeated small transactions within normal behavioral range,NONE,1,1,7,399437.39,0,0.0365,NORMAL_REPEATED_ACTIVITY
L05_002676,271,TRANSFER,61710.45,C1912087335,1591753.71,1530043.26,C_LEGIT_659175859,0.0,61710.45,0,0,L05_00383,LEGITIMATE_MULTIPLE_SMALL_TRANSACTIONS,None - repeated small transactions within normal behavioral range,NONE,1,2,7,399437.39,4,0.0388,NORMAL_REPEATED_ACTIVITY
L05_002677,279,TRANSFER,52337.81,C1912087335,1530043.26,1477705.45,C_LEGIT_312288486,0.0,52337.81,0,0,L05_00383,LEGITIMATE_MULTIPLE_SMALL_TRANSACTIONS,None - repeated small transactions within normal behavioral range,NONE,1,3,7,399437.39,8,0.0342,NORMAL_REPEATED_ACTIVITY
L05_002678,285,TRANSFER,54554.71,C1912087335,1477705.45,1423150.74,C_LEGIT_138346834,0.0,54554.71,0,0,L05_00383,LEGITIMATE_MULTIPLE_SMALL_TRANSACTIONS,None - repeated small transactions within normal behavioral range,NONE,1,4,7,399437.39,6,0.0369,NORMAL_REPEATED_ACTIVITY
L05_002679,310,TRANSFER,52492.13,C1912087335,1423150.74,1370658.61,C_LEGIT_124559869,0.0,52492.13,0,0,L05_00383,LEGITIMATE_MULTIPLE_SMALL_TRANSACTIONS,None - repeated small transactions within normal behavioral range,NONE,1,5,7,399437.39,25,0.0369,NORMAL_REPEATED_ACTIVITY
L05_002680,325,TRANSFER,52181.1,C1912087335,1370658.61,1318477.51,C_LEGIT_914258176,0.0,52181.1,0,0,L05_00383,LEGITIMATE_MULTIPLE_SMALL_TRANSACTIONS,None - repeated small transactions within normal behavioral range,NONE,1,6,7,399437.39,15,0.0381,NORMAL_REPEATED_ACTIVITY
L05_002681,334,TRANSFER,65923.88,C1912087335,1318477.51,1252553.63,C_LEGIT_856862786,0.0,65923.88,0,0,L05_00383,LEGITIMATE_MULTIPLE_SMALL_TRANSACTIONS,None - repeated small transactions within normal behavioral range,NONE,1,7,7,399437.39,9,0.05,NORMAL_REPEATED_ACTIVITY
L05_002682,171,TRANSFER,3793.3,C1939922599,75866.0,72072.7,C_LEGIT_669660952,0.0,3793.3,0,0,L05_00384,LEGITIMATE_MULTIPLE_SMALL_TRANSACTIONS,None - repeated small transactions within normal behavioral range,NONE,1,1,7,22885.94,0,0.05,NORMAL_REPEATED_ACTIVITY
L05_002683,185,TRANSFER,3603.64,C1939922599,72072.7,68469.06,C_LEGIT_458946011,0.0,3603.64,0,0,L05_00384,LEGITIMATE_MULTIPLE_SMALL_TRANSACTIONS,None - repeated small transactions within normal behavioral range,NONE,1,2,7,22885.94,14,0.05,NORMAL_REPEATED_ACTIVITY
L05_002684,187,TRANSFER,3423.45,C1939922599,68469.06,65045.61,C_LEGIT_178935861,0.0,3423.45,0,0,L05_00384,LEGITIMATE_MULTIPLE_SMALL_TRANSACTIONS,None - repeated small transactions within normal behavioral range,NONE,1,3,7,22885.94,2,0.05,NORMAL_REPEATED_ACTIVITY
L05_002685,219,TRANSFER,3252.28,C1939922599,65045.61,61793.33,C_LEGIT_278272882,0.0,3252.28,0,0,L05_00384,LEGITIMATE_MULTIPLE_SMALL_TRANSACTIONS,None - repeated small transactions within normal behavioral range,NONE,1,4,7,22885.94,32,0.05,NORMAL_REPEATED_ACTIVITY
L05_002686,239,TRANSFER,3089.67,C1939922599,61793.33,58703.66,C_LEGIT_384914084,0.0,3089.67,0,0,L05_00384,LEGITIMATE_MULTIPLE_SMALL_TRANSACTIONS,None - repeated small transactions within normal behavioral range,NONE,1,5,7,22885.94,20,0.05,NORMAL_REPEATED_ACTIVITY
L05_002687,249,TRANSFER,2935.18,C1939922599,58703.66,55768.48,C_LEGIT_199321716,0.0,2935.18,0,0,L05_00384,LEGITIMATE_MULTIPLE_SMALL_TRANSACTIONS,None - repeated small transactions within normal behavioral range,NONE,1,6,7,22885.94,10,0.05,NORMAL_REPEATED_ACTIVITY
L05_002688,256,TRANSFER,2788.42,C1939922599,55768.48,52980.06,C_LEGIT_845031761,0.0,2788.42,0,0,L05_00384,LEGITIMATE_MULTIPLE_SMALL_TRANSACTIONS,None - repeated small transactions within normal behavioral range,NONE,1,7,7,22885.94,7,0.05,NORMAL_REPEATED_ACTIVITY
L05_002689,219,TRANSFER,371.4,C1774402225,7428.08,7056.68,C_LEGIT_390723288,0.0,371.4,0,0,L05_00385,LEGITIMATE_MULTIPLE_SMALL_TRANSACTIONS,None - repeated small transactions within normal behavioral range,NONE,1,1,7,2240.77,0,0.05,NORMAL_REPEATED_ACTIVITY
L05_002690,224,TRANSFER,352.83,C1774402225,7056.68,6703.85,C_LEGIT_872178280,0.0,352.83,0,0,L05_00385,LEGITIMATE_MULTIPLE_SMALL_TRANSACTIONS,None - repeated small transactions within normal behavioral range,NONE,1,2,7,2240.77,5,0.05,NORMAL_REPEATED_ACTIVITY
L05_002691,239,TRANSFER,335.19,C1774402225,6703.85,6368.66,C_LEGIT_318465581,0.0,335.19,0,0,L05_00385,LEGITIMATE_MULTIPLE_SMALL_TRANSACTIONS,None - repeated small transactions within normal behavioral range,NONE,1,3,7,2240.77,15,0.05,NORMAL_REPEATED_ACTIVITY
L05_002692,252,TRANSFER,318.43,C1774402225,6368.66,6050.23,C_LEGIT_239468678,0.0,318.43,0,0,L05_00385,LEGITIMATE_MULTIPLE_SMALL_TRANSACTIONS,None - repeated small transactions within normal behavioral range,NONE,1,4,7,2240.77,13,0.05,NORMAL_REPEATED_ACTIVITY
L05_002693,274,TRANSFER,302.51,C1774402225,6050.23,5747.72,C_LEGIT_236819242,0.0,302.51,0,0,L05_00385,LEGITIMATE_MULTIPLE_SMALL_TRANSACTIONS,None - repeated small transactions within normal behavioral range,NONE,1,5,7,2240.77,22,0.05,NORMAL_REPEATED_ACTIVITY
L05_002694,282,TRANSFER,287.39,C1774402225,5747.72,5460.33,C_LEGIT_918009321,0.0,287.39,0,0,L05_00385,LEGITIMATE_MULTIPLE_SMALL_TRANSACTIONS,None - repeated small transactions within normal behavioral range,NONE,1,6,7,2240.77,8,0.05,NORMAL_REPEATED_ACTIVITY
L05_002695,289,TRANSFER,273.02,C1774402225,5460.33,5187.31,C_LEGIT_226594835,0.0,273.02,0,0,L05_00385,LEGITIMATE_MULTIPLE_SMALL_TRANSACTIONS,None - repeated small transactions within normal behavioral range,NONE,1,7,7,2240.77,7,0.05,NORMAL_REPEATED_ACTIVITY
L05_002696,586,TRANSFER,27159.75,C1980593045,543194.99,516035.24,C_LEGIT_126175439,0.0,27159.75,0,0,L05_00386,LEGITIMATE_MULTIPLE_SMALL_TRANSACTIONS,None - repeated small transactions within normal behavioral range,NONE,1,1,7,163861.67,0,0.05,NORMAL_REPEATED_ACTIVITY
L05_002697,601,TRANSFER,25801.76,C1980593045,516035.24,490233.48,C_LEGIT_152712303,0.0,25801.76,0,0,L05_00386,LEGITIMATE_MULTIPLE_SMALL_TRANSACTIONS,None - repeated small transactions within normal behavioral range,NONE,1,2,7,163861.67,15,0.05,NORMAL_REPEATED_ACTIVITY
L05_002698,615,TRANSFER,24511.67,C1980593045,490233.48,465721.81,C_LEGIT_850167659,0.0,24511.67,0,0,L05_00386,LEGITIMATE_MULTIPLE_SMALL_TRANSACTIONS,None - repeated small transactions within normal behavioral range,NONE,1,3,7,163861.67,14,0.05,NORMAL_REPEATED_ACTIVITY
L05_002699,631,TRANSFER,23286.09,C1980593045,465721.81,442435.72,C_LEGIT_831444939,0.0,23286.09,0,0,L05_00386,LEGITIMATE_MULTIPLE_SMALL_TRANSACTIONS,None - repeated small transactions within normal behavioral range,NONE,1,4,7,163861.67,16,0.05,NORMAL_REPEATED_ACTIVITY
L05_002700,643,TRANSFER,22121.79,C1980593045,442435.72,420313.93,C_LEGIT_563228846,0.0,22121.79,0,0,L05_00386,LEGITIMATE_MULTIPLE_SMALL_TRANSACTIONS,None - repeated small transactions within normal behavioral range,NONE,1,5,7,163861.67,12,0.05,NORMAL_REPEATED_ACTIVITY
L05_002701,646,TRANSFER,21015.7,C1980593045,420313.93,399298.23,C_LEGIT_674821166,0.0,21015.7,0,0,L05_00386,LEGITIMATE_MULTIPLE_SMALL_TRANSACTIONS,None - repeated small transactions within normal behavioral range,NONE,1,6,7,163861.67,3,0.05,NORMAL_REPEATED_ACTIVITY
L05_002702,662,TRANSFER,19964.91,C1980593045,399298.23,379333.32,C_LEGIT_296404808,0.0,19964.91,0,0,L05_00386,LEGITIMATE_MULTIPLE_SMALL_TRANSACTIONS,None - repeated small transactions within normal behavioral range,NONE,1,7,7,163861.67,16,0.05,NORMAL_REPEATED_ACTIVITY
L05_002703,253,TRANSFER,3967.7,C1925073484,79354.0,75386.3,C_LEGIT_239108517,0.0,3967.7,0,0,L05_00387,LEGITIMATE_MULTIPLE_SMALL_TRANSACTIONS,None - repeated small transactions within normal behavioral range,NONE,1,1,7,23938.15,0,0.05,NORMAL_REPEATED_ACTIVITY
L05_002704,258,TRANSFER,3769.32,C1925073484,75386.3,71616.98,C_LEGIT_735608237,0.0,3769.32,0,0,L05_00387,LEGITIMATE_MULTIPLE_SMALL_TRANSACTIONS,None - repeated small transactions within normal behavioral range,NONE,1,2,7,23938.15,5,0.05,NORMAL_REPEATED_ACTIVITY
L05_002705,268,TRANSFER,3580.85,C1925073484,71616.98,68036.13,C_LEGIT_447280827,0.0,3580.85,0,0,L05_00387,LEGITIMATE_MULTIPLE_SMALL_TRANSACTIONS,None - repeated small transactions within normal behavioral range,NONE,1,3,7,23938.15,10,0.05,NORMAL_REPEATED_ACTIVITY
L05_002706,283,TRANSFER,3401.81,C1925073484,68036.13,64634.32,C_LEGIT_229501865,0.0,3401.81,0,0,L05_00387,LEGITIMATE_MULTIPLE_SMALL_TRANSACTIONS,None - repeated small transactions within normal behavioral range,NONE,1,4,7,23938.15,15,0.05,NORMAL_REPEATED_ACTIVITY
L05_002707,286,TRANSFER,3231.72,C1925073484,64634.32,61402.6,C_LEGIT_195179043,0.0,3231.72,0,0,L05_00387,LEGITIMATE_MULTIPLE_SMALL_TRANSACTIONS,None - repeated small transactions within normal behavioral range,NONE,1,5,7,23938.15,3,0.05,NORMAL_REPEATED_ACTIVITY
L05_002708,290,TRANSFER,3070.13,C1925073484,61402.6,58332.47,C_LEGIT_458977321,0.0,3070.13,0,0,L05_00387,LEGITIMATE_MULTIPLE_SMALL_TRANSACTIONS,None - repeated small transactions within normal behavioral range,NONE,1,6,7,23938.15,4,0.05,NORMAL_REPEATED_ACTIVITY
L05_002709,323,TRANSFER,2916.62,C1925073484,58332.47,55415.85,C_LEGIT_121949912,0.0,2916.62,0,0,L05_00387,LEGITIMATE_MULTIPLE_SMALL_TRANSACTIONS,None - repeated small transactions within normal behavioral range,NONE,1,7,7,23938.15,33,0.05,NORMAL_REPEATED_ACTIVITY
L05_002710,173,TRANSFER,568.36,C1480460704,40736.0,40167.64,C_LEGIT_430650474,0.0,568.36,0,0,L05_00388,LEGITIMATE_MULTIPLE_SMALL_TRANSACTIONS,None - repeated small transactions within normal behavioral range,NONE,1,1,7,4236.89,0,0.014,NORMAL_REPEATED_ACTIVITY
L05_002711,226,TRANSFER,664.45,C1480460704,40167.64,39503.19,C_LEGIT_755645724,0.0,664.45,0,0,L05_00388,LEGITIMATE_MULTIPLE_SMALL_TRANSACTIONS,None - repeated small transactions within normal behavioral range,NONE,1,2,7,4236.89,53,0.0165,NORMAL_REPEATED_ACTIVITY
L05_002712,227,TRANSFER,509.16,C1480460704,39503.19,38994.03,C_LEGIT_725042718,0.0,509.16,0,0,L05_00388,LEGITIMATE_MULTIPLE_SMALL_TRANSACTIONS,None - repeated small transactions within normal behavioral range,NONE,1,3,7,4236.89,1,0.0129,NORMAL_REPEATED_ACTIVITY
L05_002713,243,TRANSFER,682.59,C1480460704,38994.03,38311.44,C_LEGIT_653347671,0.0,682.59,0,0,L05_00388,LEGITIMATE_MULTIPLE_SMALL_TRANSACTIONS,None - repeated small transactions within normal behavioral range,NONE,1,4,7,4236.89,16,0.0175,NORMAL_REPEATED_ACTIVITY
L05_002714,244,TRANSFER,524.34,C1480460704,38311.44,37787.1,C_LEGIT_464735824,0.0,524.34,0,0,L05_00388,LEGITIMATE_MULTIPLE_SMALL_TRANSACTIONS,None - repeated small transactions within normal behavioral range,NONE,1,5,7,4236.89,1,0.0137,NORMAL_REPEATED_ACTIVITY
L05_002715,253,TRANSFER,671.36,C1480460704,37787.1,37115.74,C_LEGIT_666152316,0.0,671.36,0,0,L05_00388,LEGITIMATE_MULTIPLE_SMALL_TRANSACTIONS,None - repeated small transactions within normal behavioral range,NONE,1,6,7,4236.89,9,0.0178,NORMAL_REPEATED_ACTIVITY
L05_002716,259,TRANSFER,616.63,C1480460704,37115.74,36499.11,C_LEGIT_891727744,0.0,616.63,0,0,L05_00388,LEGITIMATE_MULTIPLE_SMALL_TRANSACTIONS,None - repeated small transactions within normal behavioral range,NONE,1,7,7,4236.89,6,0.0166,NORMAL_REPEATED_ACTIVITY
L05_002717,488,TRANSFER,294.3,C1714870934,5886.0,5591.7,C_LEGIT_808012938,0.0,294.3,0,0,L05_00389,LEGITIMATE_MULTIPLE_SMALL_TRANSACTIONS,None - repeated small transactions within normal behavioral range,NONE,1,1,7,1775.59,0,0.05,NORMAL_REPEATED_ACTIVITY
L05_002718,501,TRANSFER,279.58,C1714870934,5591.7,5312.12,C_LEGIT_334463292,0.0,279.58,0,0,L05_00389,LEGITIMATE_MULTIPLE_SMALL_TRANSACTIONS,None - repeated small transactions within normal behavioral range,NONE,1,2,7,1775.59,13,0.05,NORMAL_REPEATED_ACTIVITY
L05_002719,511,TRANSFER,265.61,C1714870934,5312.12,5046.51,C_LEGIT_929287430,0.0,265.61,0,0,L05_00389,LEGITIMATE_MULTIPLE_SMALL_TRANSACTIONS,None - repeated small transactions within normal behavioral range,NONE,1,3,7,1775.59,10,0.05,NORMAL_REPEATED_ACTIVITY
L05_002720,515,TRANSFER,252.33,C1714870934,5046.51,4794.18,C_LEGIT_810577823,0.0,252.33,0,0,L05_00389,LEGITIMATE_MULTIPLE_SMALL_TRANSACTIONS,None - repeated small transactions within normal behavioral range,NONE,1,4,7,1775.59,4,0.05,NORMAL_REPEATED_ACTIVITY
L05_002721,530,TRANSFER,239.71,C1714870934,4794.18,4554.47,C_LEGIT_419678546,0.0,239.71,0,0,L05_00389,LEGITIMATE_MULTIPLE_SMALL_TRANSACTIONS,None - repeated small transactions within normal behavioral range,NONE,1,5,7,1775.59,15,0.05,NORMAL_REPEATED_ACTIVITY
L05_002722,544,TRANSFER,227.72,C1714870934,4554.47,4326.75,C_LEGIT_967468104,0.0,227.72,0,0,L05_00389,LEGITIMATE_MULTIPLE_SMALL_TRANSACTIONS,None - repeated small transactions within normal behavioral range,NONE,1,6,7,1775.59,14,0.05,NORMAL_REPEATED_ACTIVITY
L05_002723,558,TRANSFER,216.34,C1714870934,4326.75,4110.41,C_LEGIT_891187827,0.0,216.34,0,0,L05_00389,LEGITIMATE_MULTIPLE_SMALL_TRANSACTIONS,None - repeated small transactions within normal behavioral range,NONE,1,7,7,1775.59,14,0.05,NORMAL_REPEATED_ACTIVITY
L05_002724,193,TRANSFER,1014.35,C1532061706,186071.97,185057.62,C_LEGIT_729487085,0.0,1014.35,0,0,L05_00390,LEGITIMATE_MULTIPLE_SMALL_TRANSACTIONS,None - repeated small transactions within normal behavioral range,NONE,1,1,7,6635.89,0,0.0055,NORMAL_REPEATED_ACTIVITY
L05_002725,218,TRANSFER,726.66,C1532061706,185057.62,184330.96,C_LEGIT_922437413,0.0,726.66,0,0,L05_00390,LEGITIMATE_MULTIPLE_SMALL_TRANSACTIONS,None - repeated small transactions within normal behavioral range,NONE,1,2,7,6635.89,25,0.0039,NORMAL_REPEATED_ACTIVITY
L05_002726,227,TRANSFER,1024.7,C1532061706,184330.96,183306.26,C_LEGIT_720832431,0.0,1024.7,0,0,L05_00390,LEGITIMATE_MULTIPLE_SMALL_TRANSACTIONS,None - repeated small transactions within normal behavioral range,NONE,1,3,7,6635.89,9,0.0056,NORMAL_REPEATED_ACTIVITY
L05_002727,243,TRANSFER,692.58,C1532061706,183306.26,182613.68,C_LEGIT_598436131,0.0,692.58,0,0,L05_00390,LEGITIMATE_MULTIPLE_SMALL_TRANSACTIONS,None - repeated small transactions within normal behavioral range,NONE,1,4,7,6635.89,16,0.0038,NORMAL_REPEATED_ACTIVITY
L05_002728,248,TRANSFER,1007.57,C1532061706,182613.68,181606.11,C_LEGIT_180558017,0.0,1007.57,0,0,L05_00390,LEGITIMATE_MULTIPLE_SMALL_TRANSACTIONS,None - repeated small transactions within normal behavioral range,NONE,1,5,7,6635.89,5,0.0055,NORMAL_REPEATED_ACTIVITY
L05_002729,250,TRANSFER,1065.91,C1532061706,181606.11,180540.2,C_LEGIT_640640522,0.0,1065.91,0,0,L05_00390,LEGITIMATE_MULTIPLE_SMALL_TRANSACTIONS,None - repeated small transactions within normal behavioral range,NONE,1,6,7,6635.89,2,0.0059,NORMAL_REPEATED_ACTIVITY
L05_002730,262,TRANSFER,1104.12,C1532061706,180540.2,179436.08,C_LEGIT_334280145,0.0,1104.12,0,0,L05_00390,LEGITIMATE_MULTIPLE_SMALL_TRANSACTIONS,None - repeated small transactions within normal behavioral range,NONE,1,7,7,6635.89,12,0.0061,NORMAL_REPEATED_ACTIVITY
L05_002731,565,TRANSFER,12115.82,C483828072,490629.95,478514.13,C_LEGIT_182334394,0.0,12115.82,0,0,L05_00391,LEGITIMATE_MULTIPLE_SMALL_TRANSACTIONS,None - repeated small transactions within normal behavioral range,NONE,1,1,7,63003.69,0,0.0247,NORMAL_REPEATED_ACTIVITY
L05_002732,576,TRANSFER,8020.02,C483828072,478514.13,470494.11,C_LEGIT_371195804,0.0,8020.02,0,0,L05_00391,LEGITIMATE_MULTIPLE_SMALL_TRANSACTIONS,None - repeated small transactions within normal behavioral range,NONE,1,2,7,63003.69,11,0.0168,NORMAL_REPEATED_ACTIVITY
L05_002733,580,TRANSFER,8074.45,C483828072,470494.11,462419.66,C_LEGIT_232991556,0.0,8074.45,0,0,L05_00391,LEGITIMATE_MULTIPLE_SMALL_TRANSACTIONS,None - repeated small transactions within normal behavioral range,NONE,1,3,7,63003.69,4,0.0172,NORMAL_REPEATED_ACTIVITY
L05_002734,600,TRANSFER,8466.94,C483828072,462419.66,453952.72,C_LEGIT_901558255,0.0,8466.94,0,0,L05_00391,LEGITIMATE_MULTIPLE_SMALL_TRANSACTIONS,None - repeated small transactions within normal behavioral range,NONE,1,4,7,63003.69,20,0.0183,NORMAL_REPEATED_ACTIVITY
L05_002735,613,TRANSFER,10739.32,C483828072,453952.72,443213.4,C_LEGIT_692227640,0.0,10739.32,0,0,L05_00391,LEGITIMATE_MULTIPLE_SMALL_TRANSACTIONS,None - repeated small transactions within normal behavioral range,NONE,1,5,7,63003.69,13,0.0237,NORMAL_REPEATED_ACTIVITY
L05_002736,615,TRANSFER,7443.94,C483828072,443213.4,435769.46,C_LEGIT_776323079,0.0,7443.94,0,0,L05_00391,LEGITIMATE_MULTIPLE_SMALL_TRANSACTIONS,None - repeated small transactions within normal behavioral range,NONE,1,6,7,63003.69,2,0.0168,NORMAL_REPEATED_ACTIVITY
L05_002737,618,TRANSFER,8143.2,C483828072,435769.46,427626.26,C_LEGIT_973992770,0.0,8143.2,0,0,L05_00391,LEGITIMATE_MULTIPLE_SMALL_TRANSACTIONS,None - repeated small transactions within normal behavioral range,NONE,1,7,7,63003.69,3,0.0187,NORMAL_REPEATED_ACTIVITY
L05_002738,196,TRANSFER,72960.18,C1570731745,1459203.66,1386243.48,C_LEGIT_788113170,0.0,72960.18,0,0,L05_00392,LEGITIMATE_MULTIPLE_SMALL_TRANSACTIONS,None - repeated small transactions within normal behavioral range,NONE,1,1,7,440187.33,0,0.05,NORMAL_REPEATED_ACTIVITY
L05_002739,212,TRANSFER,69312.17,C1570731745,1386243.48,1316931.31,C_LEGIT_329989636,0.0,69312.17,0,0,L05_00392,LEGITIMATE_MULTIPLE_SMALL_TRANSACTIONS,None - repeated small transactions within normal behavioral range,NONE,1,2,7,440187.33,16,0.05,NORMAL_REPEATED_ACTIVITY
L05_002740,231,TRANSFER,65846.57,C1570731745,1316931.31,1251084.74,C_LEGIT_583550815,0.0,65846.57,0,0,L05_00392,LEGITIMATE_MULTIPLE_SMALL_TRANSACTIONS,None - repeated small transactions within normal behavioral range,NONE,1,3,7,440187.33,19,0.05,NORMAL_REPEATED_ACTIVITY
L05_002741,242,TRANSFER,62554.24,C1570731745,1251084.74,1188530.5,C_LEGIT_400366905,0.0,62554.24,0,0,L05_00392,LEGITIMATE_MULTIPLE_SMALL_TRANSACTIONS,None - repeated small transactions within normal behavioral range,NONE,1,4,7,440187.33,11,0.05,NORMAL_REPEATED_ACTIVITY
L05_002742,248,TRANSFER,59426.53,C1570731745,1188530.5,1129103.97,C_LEGIT_395184272,0.0,59426.53,0,0,L05_00392,LEGITIMATE_MULTIPLE_SMALL_TRANSACTIONS,None - repeated small transactions within normal behavioral range,NONE,1,5,7,440187.33,6,0.05,NORMAL_REPEATED_ACTIVITY
L05_002743,250,TRANSFER,56455.2,C1570731745,1129103.97,1072648.77,C_LEGIT_482925805,0.0,56455.2,0,0,L05_00392,LEGITIMATE_MULTIPLE_SMALL_TRANSACTIONS,None - repeated small transactions within normal behavioral range,NONE,1,6,7,440187.33,2,0.05,NORMAL_REPEATED_ACTIVITY
L05_002744,253,TRANSFER,53632.44,C1570731745,1072648.77,1019016.33,C_LEGIT_245561139,0.0,53632.44,0,0,L05_00392,LEGITIMATE_MULTIPLE_SMALL_TRANSACTIONS,None - repeated small transactions within normal behavioral range,NONE,1,7,7,440187.33,3,0.05,NORMAL_REPEATED_ACTIVITY
L05_002745,189,TRANSFER,256.8,C1067605019,5136.0,4879.2,C_LEGIT_668738627,0.0,256.8,0,0,L05_00393,LEGITIMATE_MULTIPLE_SMALL_TRANSACTIONS,None - repeated small transactions within normal behavioral range,NONE,1,1,7,1549.34,0,0.05,NORMAL_REPEATED_ACTIVITY
L05_002746,190,TRANSFER,243.96,C1067605019,4879.2,4635.24,C_LEGIT_195516424,0.0,243.96,0,0,L05_00393,LEGITIMATE_MULTIPLE_SMALL_TRANSACTIONS,None - repeated small transactions within normal behavioral range,NONE,1,2,7,1549.34,1,0.05,NORMAL_REPEATED_ACTIVITY
L05_002747,191,TRANSFER,231.76,C1067605019,4635.24,4403.48,C_LEGIT_292898004,0.0,231.76,0,0,L05_00393,LEGITIMATE_MULTIPLE_SMALL_TRANSACTIONS,None - repeated small transactions within normal behavioral range,NONE,1,3,7,1549.34,1,0.05,NORMAL_REPEATED_ACTIVITY
L05_002748,207,TRANSFER,220.17,C1067605019,4403.48,4183.31,C_LEGIT_761367993,0.0,220.17,0,0,L05_00393,LEGITIMATE_MULTIPLE_SMALL_TRANSACTIONS,None - repeated small transactions within normal behavioral range,NONE,1,4,7,1549.34,16,0.05,NORMAL_REPEATED_ACTIVITY
L05_002749,229,TRANSFER,209.17,C1067605019,4183.31,3974.14,C_LEGIT_743911338,0.0,209.17,0,0,L05_00393,LEGITIMATE_MULTIPLE_SMALL_TRANSACTIONS,None - repeated small transactions within normal behavioral range,NONE,1,5,7,1549.34,22,0.05,NORMAL_REPEATED_ACTIVITY
L05_002750,234,TRANSFER,198.71,C1067605019,3974.14,3775.43,C_LEGIT_904311833,0.0,198.71,0,0,L05_00393,LEGITIMATE_MULTIPLE_SMALL_TRANSACTIONS,None - repeated small transactions within normal behavioral range,NONE,1,6,7,1549.34,5,0.05,NORMAL_REPEATED_ACTIVITY
L05_002751,279,TRANSFER,188.77,C1067605019,3775.43,3586.66,C_LEGIT_744744008,0.0,188.77,0,0,L05_00393,LEGITIMATE_MULTIPLE_SMALL_TRANSACTIONS,None - repeated small transactions within normal behavioral range,NONE,1,7,7,1549.34,45,0.05,NORMAL_REPEATED_ACTIVITY
L05_002752,23,TRANSFER,1014.9,C1435685475,20298.0,19283.1,C_LEGIT_153791888,0.0,1014.9,0,0,L05_00394,LEGITIMATE_MULTIPLE_SMALL_TRANSACTIONS,None - repeated small transactions within normal behavioral range,NONE,1,1,7,6123.14,0,0.05,NORMAL_REPEATED_ACTIVITY
L05_002753,36,TRANSFER,964.15,C1435685475,19283.1,18318.95,C_LEGIT_229820225,0.0,964.15,0,0,L05_00394,LEGITIMATE_MULTIPLE_SMALL_TRANSACTIONS,None - repeated small transactions within normal behavioral range,NONE,1,2,7,6123.14,13,0.05,NORMAL_REPEATED_ACTIVITY
L05_002754,41,TRANSFER,915.95,C1435685475,18318.95,17403.0,C_LEGIT_290138907,0.0,915.95,0,0,L05_00394,LEGITIMATE_MULTIPLE_SMALL_TRANSACTIONS,None - repeated small transactions within normal behavioral range,NONE,1,3,7,6123.14,5,0.05,NORMAL_REPEATED_ACTIVITY
L05_002755,46,TRANSFER,870.15,C1435685475,17403.0,16532.85,C_LEGIT_920104945,0.0,870.15,0,0,L05_00394,LEGITIMATE_MULTIPLE_SMALL_TRANSACTIONS,None - repeated small transactions within normal behavioral range,NONE,1,4,7,6123.14,5,0.05,NORMAL_REPEATED_ACTIVITY
L05_002756,75,TRANSFER,826.64,C1435685475,16532.85,15706.21,C_LEGIT_237621152,0.0,826.64,0,0,L05_00394,LEGITIMATE_MULTIPLE_SMALL_TRANSACTIONS,None - repeated small transactions within normal behavioral range,NONE,1,5,7,6123.14,29,0.05,NORMAL_REPEATED_ACTIVITY
L05_002757,86,TRANSFER,785.31,C1435685475,15706.21,14920.9,C_LEGIT_356034717,0.0,785.31,0,0,L05_00394,LEGITIMATE_MULTIPLE_SMALL_TRANSACTIONS,None - repeated small transactions within normal behavioral range,NONE,1,6,7,6123.14,11,0.05,NORMAL_REPEATED_ACTIVITY
L05_002758,90,TRANSFER,746.04,C1435685475,14920.9,14174.86,C_LEGIT_337915501,0.0,746.04,0,0,L05_00394,LEGITIMATE_MULTIPLE_SMALL_TRANSACTIONS,None - repeated small transactions within normal behavioral range,NONE,1,7,7,6123.14,4,0.05,NORMAL_REPEATED_ACTIVITY
L05_002759,52,TRANSFER,37447.39,C162601508,913775.13,876327.74,C_LEGIT_379774894,0.0,37447.39,0,0,L05_00395,LEGITIMATE_MULTIPLE_SMALL_TRANSACTIONS,None - repeated small transactions within normal behavioral range,NONE,1,1,7,268764.86,0,0.041,NORMAL_REPEATED_ACTIVITY
L05_002760,91,TRANSFER,43816.39,C162601508,876327.74,832511.35,C_LEGIT_570477890,0.0,43816.39,0,0,L05_00395,LEGITIMATE_MULTIPLE_SMALL_TRANSACTIONS,None - repeated small transactions within normal behavioral range,NONE,1,2,7,268764.86,39,0.05,NORMAL_REPEATED_ACTIVITY
L05_002761,99,TRANSFER,41625.57,C162601508,832511.35,790885.78,C_LEGIT_418536882,0.0,41625.57,0,0,L05_00395,LEGITIMATE_MULTIPLE_SMALL_TRANSACTIONS,None - repeated small transactions within normal behavioral range,NONE,1,3,7,268764.86,8,0.05,NORMAL_REPEATED_ACTIVITY
L05_002762,100,TRANSFER,39544.29,C162601508,790885.78,751341.49,C_LEGIT_342607869,0.0,39544.29,0,0,L05_00395,LEGITIMATE_MULTIPLE_SMALL_TRANSACTIONS,None - repeated small transactions within normal behavioral range,NONE,1,4,7,268764.86,1,0.05,NORMAL_REPEATED_ACTIVITY
L05_002763,101,TRANSFER,37567.07,C162601508,751341.49,713774.42,C_LEGIT_539087908,0.0,37567.07,0,0,L05_00395,LEGITIMATE_MULTIPLE_SMALL_TRANSACTIONS,None - repeated small transactions within normal behavioral range,NONE,1,5,7,268764.86,1,0.05,NORMAL_REPEATED_ACTIVITY
L05_002764,111,TRANSFER,34816.24,C162601508,713774.42,678958.18,C_LEGIT_298084599,0.0,34816.24,0,0,L05_00395,LEGITIMATE_MULTIPLE_SMALL_TRANSACTIONS,None - repeated small transactions within normal behavioral range,NONE,1,6,7,268764.86,10,0.0488,NORMAL_REPEATED_ACTIVITY
L05_002765,115,TRANSFER,33947.91,C162601508,678958.18,645010.27,C_LEGIT_240421132,0.0,33947.91,0,0,L05_00395,LEGITIMATE_MULTIPLE_SMALL_TRANSACTIONS,None - repeated small transactions within normal behavioral range,NONE,1,7,7,268764.86,4,0.05,NORMAL_REPEATED_ACTIVITY
L05_002766,344,TRANSFER,8635.95,C1231933522,172719.0,164083.05,C_LEGIT_499549041,0.0,8635.95,0,0,L05_00396,LEGITIMATE_MULTIPLE_SMALL_TRANSACTIONS,None - repeated small transactions within normal behavioral range,NONE,1,1,7,52102.88,0,0.05,NORMAL_REPEATED_ACTIVITY
L05_002767,352,TRANSFER,8204.15,C1231933522,164083.05,155878.9,C_LEGIT_760570411,0.0,8204.15,0,0,L05_00396,LEGITIMATE_MULTIPLE_SMALL_TRANSACTIONS,None - repeated small transactions within normal behavioral range,NONE,1,2,7,52102.88,8,0.05,NORMAL_REPEATED_ACTIVITY
L05_002768,370,TRANSFER,7793.94,C1231933522,155878.9,148084.96,C_LEGIT_497967558,0.0,7793.94,0,0,L05_00396,LEGITIMATE_MULTIPLE_SMALL_TRANSACTIONS,None - repeated small transactions within normal behavioral range,NONE,1,3,7,52102.88,18,0.05,NORMAL_REPEATED_ACTIVITY
L05_002769,375,TRANSFER,7404.25,C1231933522,148084.96,140680.71,C_LEGIT_705384941,0.0,7404.25,0,0,L05_00396,LEGITIMATE_MULTIPLE_SMALL_TRANSACTIONS,None - repeated small transactions within normal behavioral range,NONE,1,4,7,52102.88,5,0.05,NORMAL_REPEATED_ACTIVITY
L05_002770,379,TRANSFER,7034.04,C1231933522,140680.71,133646.67,C_LEGIT_321907252,0.0,7034.04,0,0,L05_00396,LEGITIMATE_MULTIPLE_SMALL_TRANSACTIONS,None - repeated small transactions within normal behavioral range,NONE,1,5,7,52102.88,4,0.05,NORMAL_REPEATED_ACTIVITY
L05_002771,388,TRANSFER,6682.33,C1231933522,133646.67,126964.34,C_LEGIT_486918645,0.0,6682.33,0,0,L05_00396,LEGITIMATE_MULTIPLE_SMALL_TRANSACTIONS,None - repeated small transactions within normal behavioral range,NONE,1,6,7,52102.88,9,0.05,NORMAL_REPEATED_ACTIVITY
L05_002772,419,TRANSFER,6348.22,C1231933522,126964.34,120616.12,C_LEGIT_193769559,0.0,6348.22,0,0,L05_00396,LEGITIMATE_MULTIPLE_SMALL_TRANSACTIONS,None - repeated small transactions within normal behavioral range,NONE,1,7,7,52102.88,31,0.05,NORMAL_REPEATED_ACTIVITY
L05_002773,36,TRANSFER,126487.72,C1517192831,6532823.58,6406335.86,C_LEGIT_201084788,0.0,126487.72,0,0,L05_00397,LEGITIMATE_MULTIPLE_SMALL_TRANSACTIONS,None - repeated small transactions within normal behavioral range,NONE,1,1,7,1115438.58,0,0.0194,NORMAL_REPEATED_ACTIVITY
L05_002774,49,TRANSFER,157785.8,C1517192831,6406335.86,6248550.06,C_LEGIT_120992700,0.0,157785.8,0,0,L05_00397,LEGITIMATE_MULTIPLE_SMALL_TRANSACTIONS,None - repeated small transactions within normal behavioral range,NONE,1,2,7,1115438.58,13,0.0246,NORMAL_REPEATED_ACTIVITY
L05_002775,62,TRANSFER,191373.25,C1517192831,6248550.06,6057176.81,C_LEGIT_867187606,0.0,191373.25,0,0,L05_00397,LEGITIMATE_MULTIPLE_SMALL_TRANSACTIONS,None - repeated small transactions within normal behavioral range,NONE,1,3,7,1115438.58,13,0.0306,NORMAL_REPEATED_ACTIVITY
L05_002776,70,TRANSFER,194183.08,C1517192831,6057176.81,5862993.73,C_LEGIT_191644737,0.0,194183.08,0,0,L05_00397,LEGITIMATE_MULTIPLE_SMALL_TRANSACTIONS,None - repeated small transactions within normal behavioral range,NONE,1,4,7,1115438.58,8,0.0321,NORMAL_REPEATED_ACTIVITY
L05_002777,80,TRANSFER,161588.0,C1517192831,5862993.73,5701405.73,C_LEGIT_989160035,0.0,161588.0,0,0,L05_00397,LEGITIMATE_MULTIPLE_SMALL_TRANSACTIONS,None - repeated small transactions within normal behavioral range,NONE,1,5,7,1115438.58,10,0.0276,NORMAL_REPEATED_ACTIVITY
L05_002778,84,TRANSFER,131715.07,C1517192831,5701405.73,5569690.66,C_LEGIT_934828999,0.0,131715.07,0,0,L05_00397,LEGITIMATE_MULTIPLE_SMALL_TRANSACTIONS,None - repeated small transactions within normal behavioral range,NONE,1,6,7,1115438.58,4,0.0231,NORMAL_REPEATED_ACTIVITY
L05_002779,89,TRANSFER,152305.66,C1517192831,5569690.66,5417385.0,C_LEGIT_693319012,0.0,152305.66,0,0,L05_00397,LEGITIMATE_MULTIPLE_SMALL_TRANSACTIONS,None - repeated small transactions within normal behavioral range,NONE,1,7,7,1115438.58,5,0.0273,NORMAL_REPEATED_ACTIVITY
L05_002780,217,TRANSFER,3038.75,C2032748367,60775.0,57736.25,C_LEGIT_135018160,0.0,3038.75,0,0,L05_00398,LEGITIMATE_MULTIPLE_SMALL_TRANSACTIONS,None - repeated small transactions within normal behavioral range,NONE,1,1,7,18333.55,0,0.05,NORMAL_REPEATED_ACTIVITY
L05_002781,233,TRANSFER,2886.81,C2032748367,57736.25,54849.44,C_LEGIT_709072306,0.0,2886.81,0,0,L05_00398,LEGITIMATE_MULTIPLE_SMALL_TRANSACTIONS,None - repeated small transactions within normal behavioral range,NONE,1,2,7,18333.55,16,0.05,NORMAL_REPEATED_ACTIVITY
L05_002782,241,TRANSFER,2742.47,C2032748367,54849.44,52106.97,C_LEGIT_574540603,0.0,2742.47,0,0,L05_00398,LEGITIMATE_MULTIPLE_SMALL_TRANSACTIONS,None - repeated small transactions within normal behavioral range,NONE,1,3,7,18333.55,8,0.05,NORMAL_REPEATED_ACTIVITY
L05_002783,245,TRANSFER,2605.35,C2032748367,52106.97,49501.62,C_LEGIT_866847422,0.0,2605.35,0,0,L05_00398,LEGITIMATE_MULTIPLE_SMALL_TRANSACTIONS,None - repeated small transactions within normal behavioral range,NONE,1,4,7,18333.55,4,0.05,NORMAL_REPEATED_ACTIVITY
L05_002784,253,TRANSFER,2475.08,C2032748367,49501.62,47026.54,C_LEGIT_991083108,0.0,2475.08,0,0,L05_00398,LEGITIMATE_MULTIPLE_SMALL_TRANSACTIONS,None - repeated small transactions within normal behavioral range,NONE,1,5,7,18333.55,8,0.05,NORMAL_REPEATED_ACTIVITY
L05_002785,275,TRANSFER,2351.33,C2032748367,47026.54,44675.21,C_LEGIT_925817711,0.0,2351.33,0,0,L05_00398,LEGITIMATE_MULTIPLE_SMALL_TRANSACTIONS,None - repeated small transactions within normal behavioral range,NONE,1,6,7,18333.55,22,0.05,NORMAL_REPEATED_ACTIVITY
L05_002786,282,TRANSFER,2233.76,C2032748367,44675.21,42441.45,C_LEGIT_191835564,0.0,2233.76,0,0,L05_00398,LEGITIMATE_MULTIPLE_SMALL_TRANSACTIONS,None - repeated small transactions within normal behavioral range,NONE,1,7,7,18333.55,7,0.05,NORMAL_REPEATED_ACTIVITY
L05_002787,348,TRANSFER,39291.01,C157906753,3224945.79,3185654.78,C_LEGIT_798807057,0.0,39291.01,0,0,L05_00399,LEGITIMATE_MULTIPLE_SMALL_TRANSACTIONS,None - repeated small transactions within normal behavioral range,NONE,1,1,7,293751.19,0,0.0122,NORMAL_REPEATED_ACTIVITY
L05_002788,358,TRANSFER,40345.45,C157906753,3185654.78,3145309.33,C_LEGIT_707288555,0.0,40345.45,0,0,L05_00399,LEGITIMATE_MULTIPLE_SMALL_TRANSACTIONS,None - repeated small transactions within normal behavioral range,NONE,1,2,7,293751.19,10,0.0127,NORMAL_REPEATED_ACTIVITY
L05_002789,361,TRANSFER,34684.82,C157906753,3145309.33,3110624.51,C_LEGIT_737954158,0.0,34684.82,0,0,L05_00399,LEGITIMATE_MULTIPLE_SMALL_TRANSACTIONS,None - repeated small transactions within normal behavioral range,NONE,1,3,7,293751.19,3,0.011,NORMAL_REPEATED_ACTIVITY
L05_002790,368,TRANSFER,35652.18,C157906753,3110624.51,3074972.33,C_LEGIT_573917052,0.0,35652.18,0,0,L05_00399,LEGITIMATE_MULTIPLE_SMALL_TRANSACTIONS,None - repeated small transactions within normal behavioral range,NONE,1,4,7,293751.19,7,0.0115,NORMAL_REPEATED_ACTIVITY
L05_002791,390,TRANSFER,48595.3,C157906753,3074972.33,3026377.03,C_LEGIT_826623323,0.0,48595.3,0,0,L05_00399,LEGITIMATE_MULTIPLE_SMALL_TRANSACTIONS,None - repeated small transactions within normal behavioral range,NONE,1,5,7,293751.19,22,0.0158,NORMAL_REPEATED_ACTIVITY
L05_002792,399,TRANSFER,47088.99,C157906753,3026377.03,2979288.04,C_LEGIT_706183419,0.0,47088.99,0,0,L05_00399,LEGITIMATE_MULTIPLE_SMALL_TRANSACTIONS,None - repeated small transactions within normal behavioral range,NONE,1,6,7,293751.19,9,0.0156,NORMAL_REPEATED_ACTIVITY
L05_002793,421,TRANSFER,48093.44,C157906753,2979288.04,2931194.6,C_LEGIT_485302036,0.0,48093.44,0,0,L05_00399,LEGITIMATE_MULTIPLE_SMALL_TRANSACTIONS,None - repeated small transactions within normal behavioral range,NONE,1,7,7,293751.19,22,0.0161,NORMAL_REPEATED_ACTIVITY
L05_002794,428,TRANSFER,1066.75,C401446537,21335.0,20268.25,C_LEGIT_663831001,0.0,1066.75,0,0,L05_00400,LEGITIMATE_MULTIPLE_SMALL_TRANSACTIONS,None - repeated small transactions within normal behavioral range,NONE,1,1,7,6435.97,0,0.05,NORMAL_REPEATED_ACTIVITY
L05_002795,465,TRANSFER,1013.41,C401446537,20268.25,19254.84,C_LEGIT_143781093,0.0,1013.41,0,0,L05_00400,LEGITIMATE_MULTIPLE_SMALL_TRANSACTIONS,None - repeated small transactions within normal behavioral range,NONE,1,2,7,6435.97,37,0.05,NORMAL_REPEATED_ACTIVITY
L05_002796,476,TRANSFER,962.74,C401446537,19254.84,18292.1,C_LEGIT_509737691,0.0,962.74,0,0,L05_00400,LEGITIMATE_MULTIPLE_SMALL_TRANSACTIONS,None - repeated small transactions within normal behavioral range,NONE,1,3,7,6435.97,11,0.05,NORMAL_REPEATED_ACTIVITY
L05_002797,482,TRANSFER,914.61,C401446537,18292.1,17377.49,C_LEGIT_412270842,0.0,914.61,0,0,L05_00400,LEGITIMATE_MULTIPLE_SMALL_TRANSACTIONS,None - repeated small transactions within normal behavioral range,NONE,1,4,7,6435.97,6,0.05,NORMAL_REPEATED_ACTIVITY
L05_002798,487,TRANSFER,868.87,C401446537,17377.49,16508.62,C_LEGIT_123376941,0.0,868.87,0,0,L05_00400,LEGITIMATE_MULTIPLE_SMALL_TRANSACTIONS,None - repeated small transactions within normal behavioral range,NONE,1,5,7,6435.97,5,0.05,NORMAL_REPEATED_ACTIVITY
L05_002799,495,TRANSFER,825.43,C401446537,16508.62,15683.19,C_LEGIT_643597879,0.0,825.43,0,0,L05_00400,LEGITIMATE_MULTIPLE_SMALL_TRANSACTIONS,None - repeated small transactions within normal behavioral range,NONE,1,6,7,6435.97,8,0.05,NORMAL_REPEATED_ACTIVITY
L05_002800,501,TRANSFER,784.16,C401446537,15683.19,14899.03,C_LEGIT_543387625,0.0,784.16,0,0,L05_00400,LEGITIMATE_MULTIPLE_SMALL_TRANSACTIONS,None - repeated small transactions within normal behavioral range,NONE,1,7,7,6435.97,6,0.05,NORMAL_REPEATED_ACTIVITY
L05_002801,262,TRANSFER,110235.98,C2047424073,2688427.87,2578191.89,C_LEGIT_601069685,0.0,110235.98,0,0,L05_00401,LEGITIMATE_MULTIPLE_SMALL_TRANSACTIONS,None - repeated small transactions within normal behavioral range,NONE,1,1,7,691871.88,0,0.041,NORMAL_REPEATED_ACTIVITY
L05_002802,268,TRANSFER,94250.02,C2047424073,2578191.89,2483941.87,C_LEGIT_530325449,0.0,94250.02,0,0,L05_00401,LEGITIMATE_MULTIPLE_SMALL_TRANSACTIONS,None - repeated small transactions within normal behavioral range,NONE,1,2,7,691871.88,6,0.0366,NORMAL_REPEATED_ACTIVITY
L05_002803,277,TRANSFER,102023.54,C2047424073,2483941.87,2381918.33,C_LEGIT_654398892,0.0,102023.54,0,0,L05_00401,LEGITIMATE_MULTIPLE_SMALL_TRANSACTIONS,None - repeated small transactions within normal behavioral range,NONE,1,3,7,691871.88,9,0.0411,NORMAL_REPEATED_ACTIVITY
L05_002804,283,TRANSFER,94059.15,C2047424073,2381918.33,2287859.18,C_LEGIT_559882102,0.0,94059.15,0,0,L05_00401,LEGITIMATE_MULTIPLE_SMALL_TRANSACTIONS,None - repeated small transactions within normal behavioral range,NONE,1,4,7,691871.88,6,0.0395,NORMAL_REPEATED_ACTIVITY
L05_002805,299,TRANSFER,103436.77,C2047424073,2287859.18,2184422.41,C_LEGIT_207733560,0.0,103436.77,0,0,L05_00401,LEGITIMATE_MULTIPLE_SMALL_TRANSACTIONS,None - repeated small transactions within normal behavioral range,NONE,1,5,7,691871.88,16,0.0452,NORMAL_REPEATED_ACTIVITY
L05_002806,303,TRANSFER,87474.56,C2047424073,2184422.41,2096947.85,C_LEGIT_294358639,0.0,87474.56,0,0,L05_00401,LEGITIMATE_MULTIPLE_SMALL_TRANSACTIONS,None - repeated small transactions within normal behavioral range,NONE,1,6,7,691871.88,4,0.04,NORMAL_REPEATED_ACTIVITY
L05_002807,322,TRANSFER,100391.86,C2047424073,2096947.85,1996555.99,C_LEGIT_230732923,0.0,100391.86,0,0,L05_00401,LEGITIMATE_MULTIPLE_SMALL_TRANSACTIONS,None - repeated small transactions within normal behavioral range,NONE,1,7,7,691871.88,19,0.0479,NORMAL_REPEATED_ACTIVITY
L05_002808,381,TRANSFER,1670.22,C2061342391,33404.42,31734.2,C_LEGIT_577924799,0.0,1670.22,0,0,L05_00402,LEGITIMATE_MULTIPLE_SMALL_TRANSACTIONS,None - repeated small transactions within normal behavioral range,NONE,1,1,7,10076.88,0,0.05,NORMAL_REPEATED_ACTIVITY
L05_002809,398,TRANSFER,1586.71,C2061342391,31734.2,30147.49,C_LEGIT_308861075,0.0,1586.71,0,0,L05_00402,LEGITIMATE_MULTIPLE_SMALL_TRANSACTIONS,None - repeated small transactions within normal behavioral range,NONE,1,2,7,10076.88,17,0.05,NORMAL_REPEATED_ACTIVITY
L05_002810,403,TRANSFER,1507.37,C2061342391,30147.49,28640.12,C_LEGIT_118033813,0.0,1507.37,0,0,L05_00402,LEGITIMATE_MULTIPLE_SMALL_TRANSACTIONS,None - repeated small transactions within normal behavioral range,NONE,1,3,7,10076.88,5,0.05,NORMAL_REPEATED_ACTIVITY
L05_002811,438,TRANSFER,1432.01,C2061342391,28640.12,27208.11,C_LEGIT_299889280,0.0,1432.01,0,0,L05_00402,LEGITIMATE_MULTIPLE_SMALL_TRANSACTIONS,None - repeated small transactions within normal behavioral range,NONE,1,4,7,10076.88,35,0.05,NORMAL_REPEATED_ACTIVITY
L05_002812,449,TRANSFER,1360.41,C2061342391,27208.11,25847.7,C_LEGIT_739070879,0.0,1360.41,0,0,L05_00402,LEGITIMATE_MULTIPLE_SMALL_TRANSACTIONS,None - repeated small transactions within normal behavioral range,NONE,1,5,7,10076.88,11,0.05,NORMAL_REPEATED_ACTIVITY
L05_002813,455,TRANSFER,1292.39,C2061342391,25847.7,24555.31,C_LEGIT_268634325,0.0,1292.39,0,0,L05_00402,LEGITIMATE_MULTIPLE_SMALL_TRANSACTIONS,None - repeated small transactions within normal behavioral range,NONE,1,6,7,10076.88,6,0.05,NORMAL_REPEATED_ACTIVITY
L05_002814,466,TRANSFER,1227.77,C2061342391,24555.31,23327.54,C_LEGIT_863587294,0.0,1227.77,0,0,L05_00402,LEGITIMATE_MULTIPLE_SMALL_TRANSACTIONS,None - repeated small transactions within normal behavioral range,NONE,1,7,7,10076.88,11,0.05,NORMAL_REPEATED_ACTIVITY
L05_002815,297,TRANSFER,72534.82,C457506643,1450696.38,1378161.56,C_LEGIT_344419809,0.0,72534.82,0,0,L05_00403,LEGITIMATE_MULTIPLE_SMALL_TRANSACTIONS,None - repeated small transactions within normal behavioral range,NONE,1,1,7,437620.99,0,0.05,NORMAL_REPEATED_ACTIVITY
L05_002816,301,TRANSFER,68908.08,C457506643,1378161.56,1309253.48,C_LEGIT_984017495,0.0,68908.08,0,0,L05_00403,LEGITIMATE_MULTIPLE_SMALL_TRANSACTIONS,None - repeated small transactions within normal behavioral range,NONE,1,2,7,437620.99,4,0.05,NORMAL_REPEATED_ACTIVITY
L05_002817,348,TRANSFER,65462.67,C457506643,1309253.48,1243790.81,C_LEGIT_441435470,0.0,65462.67,0,0,L05_00403,LEGITIMATE_MULTIPLE_SMALL_TRANSACTIONS,None - repeated small transactions within normal behavioral range,NONE,1,3,7,437620.99,47,0.05,NORMAL_REPEATED_ACTIVITY
L05_002818,360,TRANSFER,62189.54,C457506643,1243790.81,1181601.27,C_LEGIT_685762549,0.0,62189.54,0,0,L05_00403,LEGITIMATE_MULTIPLE_SMALL_TRANSACTIONS,None - repeated small transactions within normal behavioral range,NONE,1,4,7,437620.99,12,0.05,NORMAL_REPEATED_ACTIVITY
L05_002819,361,TRANSFER,59080.06,C457506643,1181601.27,1122521.21,C_LEGIT_919516133,0.0,59080.06,0,0,L05_00403,LEGITIMATE_MULTIPLE_SMALL_TRANSACTIONS,None - repeated small transactions within normal behavioral range,NONE,1,5,7,437620.99,1,0.05,NORMAL_REPEATED_ACTIVITY
L05_002820,362,TRANSFER,56126.06,C457506643,1122521.21,1066395.15,C_LEGIT_999078944,0.0,56126.06,0,0,L05_00403,LEGITIMATE_MULTIPLE_SMALL_TRANSACTIONS,None - repeated small transactions within normal behavioral range,NONE,1,6,7,437620.99,1,0.05,NORMAL_REPEATED_ACTIVITY
L05_002821,371,TRANSFER,53319.76,C457506643,1066395.15,1013075.39,C_LEGIT_856119312,0.0,53319.76,0,0,L05_00403,LEGITIMATE_MULTIPLE_SMALL_TRANSACTIONS,None - repeated small transactions within normal behavioral range,NONE,1,7,7,437620.99,9,0.05,NORMAL_REPEATED_ACTIVITY
L05_002822,283,TRANSFER,833.56,C394483807,277701.0,276867.44,C_LEGIT_461314781,0.0,833.56,0,0,L05_00404,LEGITIMATE_MULTIPLE_SMALL_TRANSACTIONS,None - repeated small transactions within normal behavioral range,NONE,1,1,7,5750.16,0,0.003,NORMAL_REPEATED_ACTIVITY
L05_002823,292,TRANSFER,955.15,C394483807,276867.44,275912.29,C_LEGIT_810659172,0.0,955.15,0,0,L05_00404,LEGITIMATE_MULTIPLE_SMALL_TRANSACTIONS,None - repeated small transactions within normal behavioral range,NONE,1,2,7,5750.16,9,0.0034,NORMAL_REPEATED_ACTIVITY
L05_002824,311,TRANSFER,1072.79,C394483807,275912.29,274839.5,C_LEGIT_264213783,0.0,1072.79,0,0,L05_00404,LEGITIMATE_MULTIPLE_SMALL_TRANSACTIONS,None - repeated small transactions within normal behavioral range,NONE,1,3,7,5750.16,19,0.0039,NORMAL_REPEATED_ACTIVITY
L05_002825,321,TRANSFER,659.95,C394483807,274839.5,274179.55,C_LEGIT_283296310,0.0,659.95,0,0,L05_00404,LEGITIMATE_MULTIPLE_SMALL_TRANSACTIONS,None - repeated small transactions within normal behavioral range,NONE,1,4,7,5750.16,10,0.0024,NORMAL_REPEATED_ACTIVITY
L05_002826,327,TRANSFER,818.04,C394483807,274179.55,273361.51,C_LEGIT_377191025,0.0,818.04,0,0,L05_00404,LEGITIMATE_MULTIPLE_SMALL_TRANSACTIONS,None - repeated small transactions within normal behavioral range,NONE,1,5,7,5750.16,6,0.003,NORMAL_REPEATED_ACTIVITY
L05_002827,331,TRANSFER,676.73,C394483807,273361.51,272684.78,C_LEGIT_566662933,0.0,676.73,0,0,L05_00404,LEGITIMATE_MULTIPLE_SMALL_TRANSACTIONS,None - repeated small transactions within normal behavioral range,NONE,1,6,7,5750.16,4,0.0025,NORMAL_REPEATED_ACTIVITY
L05_002828,334,TRANSFER,733.94,C394483807,272684.78,271950.84,C_LEGIT_703471316,0.0,733.94,0,0,L05_00404,LEGITIMATE_MULTIPLE_SMALL_TRANSACTIONS,None - repeated small transactions within normal behavioral range,NONE,1,7,7,5750.16,3,0.0027,NORMAL_REPEATED_ACTIVITY
L05_002829,34,TRANSFER,1519.65,C369219733,30393.0,28873.35,C_LEGIT_831306915,0.0,1519.65,0,0,L05_00405,LEGITIMATE_MULTIPLE_SMALL_TRANSACTIONS,None - repeated small transactions within normal behavioral range,NONE,1,1,7,9168.43,0,0.05,NORMAL_REPEATED_ACTIVITY
L05_002830,43,TRANSFER,1443.67,C369219733,28873.35,27429.68,C_LEGIT_270505308,0.0,1443.67,0,0,L05_00405,LEGITIMATE_MULTIPLE_SMALL_TRANSACTIONS,None - repeated small transactions within normal behavioral range,NONE,1,2,7,9168.43,9,0.05,NORMAL_REPEATED_ACTIVITY
L05_002831,57,TRANSFER,1371.48,C369219733,27429.68,26058.2,C_LEGIT_520868642,0.0,1371.48,0,0,L05_00405,LEGITIMATE_MULTIPLE_SMALL_TRANSACTIONS,None - repeated small transactions within normal behavioral range,NONE,1,3,7,9168.43,14,0.05,NORMAL_REPEATED_ACTIVITY
L05_002832,67,TRANSFER,1302.91,C369219733,26058.2,24755.29,C_LEGIT_844800657,0.0,1302.91,0,0,L05_00405,LEGITIMATE_MULTIPLE_SMALL_TRANSACTIONS,None - repeated small transactions within normal behavioral range,NONE,1,4,7,9168.43,10,0.05,NORMAL_REPEATED_ACTIVITY
L05_002833,69,TRANSFER,1237.76,C369219733,24755.29,23517.53,C_LEGIT_141733751,0.0,1237.76,0,0,L05_00405,LEGITIMATE_MULTIPLE_SMALL_TRANSACTIONS,None - repeated small transactions within normal behavioral range,NONE,1,5,7,9168.43,2,0.05,NORMAL_REPEATED_ACTIVITY
L05_002834,78,TRANSFER,1175.88,C369219733,23517.53,22341.65,C_LEGIT_960319758,0.0,1175.88,0,0,L05_00405,LEGITIMATE_MULTIPLE_SMALL_TRANSACTIONS,None - repeated small transactions within normal behavioral range,NONE,1,6,7,9168.43,9,0.05,NORMAL_REPEATED_ACTIVITY
L05_002835,105,TRANSFER,1117.08,C369219733,22341.65,21224.57,C_LEGIT_532548755,0.0,1117.08,0,0,L05_00405,LEGITIMATE_MULTIPLE_SMALL_TRANSACTIONS,None - repeated small transactions within normal behavioral range,NONE,1,7,7,9168.43,27,0.05,NORMAL_REPEATED_ACTIVITY
L05_002836,69,TRANSFER,554.65,C27690540,11093.0,10538.35,C_LEGIT_530188101,0.0,554.65,0,0,L05_00406,LEGITIMATE_MULTIPLE_SMALL_TRANSACTIONS,None - repeated small transactions within normal behavioral range,NONE,1,1,7,3346.35,0,0.05,NORMAL_REPEATED_ACTIVITY
L05_002837,100,TRANSFER,526.92,C27690540,10538.35,10011.43,C_LEGIT_797324041,0.0,526.92,0,0,L05_00406,LEGITIMATE_MULTIPLE_SMALL_TRANSACTIONS,None - repeated small transactions within normal behavioral range,NONE,1,2,7,3346.35,31,0.05,NORMAL_REPEATED_ACTIVITY
L05_002838,103,TRANSFER,500.57,C27690540,10011.43,9510.86,C_LEGIT_713818798,0.0,500.57,0,0,L05_00406,LEGITIMATE_MULTIPLE_SMALL_TRANSACTIONS,None - repeated small transactions within normal behavioral range,NONE,1,3,7,3346.35,3,0.05,NORMAL_REPEATED_ACTIVITY
L05_002839,105,TRANSFER,475.54,C27690540,9510.86,9035.32,C_LEGIT_808742427,0.0,475.54,0,0,L05_00406,LEGITIMATE_MULTIPLE_SMALL_TRANSACTIONS,None - repeated small transactions within normal behavioral range,NONE,1,4,7,3346.35,2,0.05,NORMAL_REPEATED_ACTIVITY
L05_002840,107,TRANSFER,451.77,C27690540,9035.32,8583.55,C_LEGIT_573653874,0.0,451.77,0,0,L05_00406,LEGITIMATE_MULTIPLE_SMALL_TRANSACTIONS,None - repeated small transactions within normal behavioral range,NONE,1,5,7,3346.35,2,0.05,NORMAL_REPEATED_ACTIVITY
L05_002841,120,TRANSFER,429.18,C27690540,8583.55,8154.37,C_LEGIT_206430076,0.0,429.18,0,0,L05_00406,LEGITIMATE_MULTIPLE_SMALL_TRANSACTIONS,None - repeated small transactions within normal behavioral range,NONE,1,6,7,3346.35,13,0.05,NORMAL_REPEATED_ACTIVITY
L05_002842,139,TRANSFER,407.72,C27690540,8154.37,7746.65,C_LEGIT_760580755,0.0,407.72,0,0,L05_00406,LEGITIMATE_MULTIPLE_SMALL_TRANSACTIONS,None - repeated small transactions within normal behavioral range,NONE,1,7,7,3346.35,19,0.05,NORMAL_REPEATED_ACTIVITY
L05_002843,147,TRANSFER,1506.05,C258344896,30121.0,28614.95,C_LEGIT_961154157,0.0,1506.05,0,0,L05_00407,LEGITIMATE_MULTIPLE_SMALL_TRANSACTIONS,None - repeated small transactions within normal behavioral range,NONE,1,1,7,9086.39,0,0.05,NORMAL_REPEATED_ACTIVITY
L05_002844,148,TRANSFER,1430.75,C258344896,28614.95,27184.2,C_LEGIT_198809614,0.0,1430.75,0,0,L05_00407,LEGITIMATE_MULTIPLE_SMALL_TRANSACTIONS,None - repeated small transactions within normal behavioral range,NONE,1,2,7,9086.39,1,0.05,NORMAL_REPEATED_ACTIVITY
L05_002845,149,TRANSFER,1359.21,C258344896,27184.2,25824.99,C_LEGIT_323735650,0.0,1359.21,0,0,L05_00407,LEGITIMATE_MULTIPLE_SMALL_TRANSACTIONS,None - repeated small transactions within normal behavioral range,NONE,1,3,7,9086.39,1,0.05,NORMAL_REPEATED_ACTIVITY
L05_002846,162,TRANSFER,1291.25,C258344896,25824.99,24533.74,C_LEGIT_650853673,0.0,1291.25,0,0,L05_00407,LEGITIMATE_MULTIPLE_SMALL_TRANSACTIONS,None - repeated small transactions within normal behavioral range,NONE,1,4,7,9086.39,13,0.05,NORMAL_REPEATED_ACTIVITY
L05_002847,164,TRANSFER,1226.69,C258344896,24533.74,23307.05,C_LEGIT_651807291,0.0,1226.69,0,0,L05_00407,LEGITIMATE_MULTIPLE_SMALL_TRANSACTIONS,None - repeated small transactions within normal behavioral range,NONE,1,5,7,9086.39,2,0.05,NORMAL_REPEATED_ACTIVITY
L05_002848,198,TRANSFER,1165.35,C258344896,23307.05,22141.7,C_LEGIT_405005889,0.0,1165.35,0,0,L05_00407,LEGITIMATE_MULTIPLE_SMALL_TRANSACTIONS,None - repeated small transactions within normal behavioral range,NONE,1,6,7,9086.39,34,0.05,NORMAL_REPEATED_ACTIVITY
L05_002849,203,TRANSFER,1107.09,C258344896,22141.7,21034.61,C_LEGIT_914978483,0.0,1107.09,0,0,L05_00407,LEGITIMATE_MULTIPLE_SMALL_TRANSACTIONS,None - repeated small transactions within normal behavioral range,NONE,1,7,7,9086.39,5,0.05,NORMAL_REPEATED_ACTIVITY
L05_002850,549,TRANSFER,1032.3,C386550860,20646.0,19613.7,C_LEGIT_182721966,0.0,1032.3,0,0,L05_00408,LEGITIMATE_MULTIPLE_SMALL_TRANSACTIONS,None - repeated small transactions within normal behavioral range,NONE,1,1,7,6228.13,0,0.05,NORMAL_REPEATED_ACTIVITY
L05_002851,563,TRANSFER,980.69,C386550860,19613.7,18633.01,C_LEGIT_793464806,0.0,980.69,0,0,L05_00408,LEGITIMATE_MULTIPLE_SMALL_TRANSACTIONS,None - repeated small transactions within normal behavioral range,NONE,1,2,7,6228.13,14,0.05,NORMAL_REPEATED_ACTIVITY
L05_002852,567,TRANSFER,931.65,C386550860,18633.01,17701.36,C_LEGIT_694542715,0.0,931.65,0,0,L05_00408,LEGITIMATE_MULTIPLE_SMALL_TRANSACTIONS,None - repeated small transactions within normal behavioral range,NONE,1,3,7,6228.13,4,0.05,NORMAL_REPEATED_ACTIVITY
L05_002853,568,TRANSFER,885.07,C386550860,17701.36,16816.29,C_LEGIT_958526910,0.0,885.07,0,0,L05_00408,LEGITIMATE_MULTIPLE_SMALL_TRANSACTIONS,None - repeated small transactions within normal behavioral range,NONE,1,4,7,6228.13,1,0.05,NORMAL_REPEATED_ACTIVITY
L05_002854,572,TRANSFER,840.81,C386550860,16816.29,15975.48,C_LEGIT_683819750,0.0,840.81,0,0,L05_00408,LEGITIMATE_MULTIPLE_SMALL_TRANSACTIONS,None - repeated small transactions within normal behavioral range,NONE,1,5,7,6228.13,4,0.05,NORMAL_REPEATED_ACTIVITY
L05_002855,575,TRANSFER,798.77,C386550860,15975.48,15176.71,C_LEGIT_980433421,0.0,798.77,0,0,L05_00408,LEGITIMATE_MULTIPLE_SMALL_TRANSACTIONS,None - repeated small transactions within normal behavioral range,NONE,1,6,7,6228.13,3,0.05,NORMAL_REPEATED_ACTIVITY
L05_002856,605,TRANSFER,758.84,C386550860,15176.71,14417.87,C_LEGIT_464215824,0.0,758.84,0,0,L05_00408,LEGITIMATE_MULTIPLE_SMALL_TRANSACTIONS,None - repeated small transactions within normal behavioral range,NONE,1,7,7,6228.13,30,0.05,NORMAL_REPEATED_ACTIVITY
L05_002857,157,TRANSFER,190434.05,C324544451,3808680.91,3618246.86,C_LEGIT_635739385,0.0,190434.05,0,0,L05_00409,LEGITIMATE_MULTIPLE_SMALL_TRANSACTIONS,None - repeated small transactions within normal behavioral range,NONE,1,1,7,1148936.98,0,0.05,NORMAL_REPEATED_ACTIVITY
L05_002858,162,TRANSFER,180912.34,C324544451,3618246.86,3437334.52,C_LEGIT_791765723,0.0,180912.34,0,0,L05_00409,LEGITIMATE_MULTIPLE_SMALL_TRANSACTIONS,None - repeated small transactions within normal behavioral range,NONE,1,2,7,1148936.98,5,0.05,NORMAL_REPEATED_ACTIVITY
L05_002859,165,TRANSFER,171866.73,C324544451,3437334.52,3265467.79,C_LEGIT_705055447,0.0,171866.73,0,0,L05_00409,LEGITIMATE_MULTIPLE_SMALL_TRANSACTIONS,None - repeated small transactions within normal behavioral range,NONE,1,3,7,1148936.98,3,0.05,NORMAL_REPEATED_ACTIVITY
L05_002860,171,TRANSFER,163273.39,C324544451,3265467.79,3102194.4,C_LEGIT_106427653,0.0,163273.39,0,0,L05_00409,LEGITIMATE_MULTIPLE_SMALL_TRANSACTIONS,None - repeated small transactions within normal behavioral range,NONE,1,4,7,1148936.98,6,0.05,NORMAL_REPEATED_ACTIVITY
L05_002861,218,TRANSFER,155109.72,C324544451,3102194.4,2947084.68,C_LEGIT_211210184,0.0,155109.72,0,0,L05_00409,LEGITIMATE_MULTIPLE_SMALL_TRANSACTIONS,None - repeated small transactions within normal behavioral range,NONE,1,5,7,1148936.98,47,0.05,NORMAL_REPEATED_ACTIVITY
L05_002862,223,TRANSFER,147354.23,C324544451,2947084.68,2799730.45,C_LEGIT_715535845,0.0,147354.23,0,0,L05_00409,LEGITIMATE_MULTIPLE_SMALL_TRANSACTIONS,None - repeated small transactions within normal behavioral range,NONE,1,6,7,1148936.98,5,0.05,NORMAL_REPEATED_ACTIVITY
L05_002863,224,TRANSFER,139986.52,C324544451,2799730.45,2659743.93,C_LEGIT_358356534,0.0,139986.52,0,0,L05_00409,LEGITIMATE_MULTIPLE_SMALL_TRANSACTIONS,None - repeated small transactions within normal behavioral range,NONE,1,7,7,1148936.98,1,0.05,NORMAL_REPEATED_ACTIVITY
L05_002864,383,TRANSFER,183730.37,C2141418567,6424933.24,6241202.87,C_LEGIT_348803715,0.0,183730.37,0,0,L05_00410,LEGITIMATE_MULTIPLE_SMALL_TRANSACTIONS,None - repeated small transactions within normal behavioral range,NONE,1,1,7,1067445.8,0,0.0286,NORMAL_REPEATED_ACTIVITY
L05_002865,393,TRANSFER,123178.93,C2141418567,6241202.87,6118023.94,C_LEGIT_627279329,0.0,123178.93,0,0,L05_00410,LEGITIMATE_MULTIPLE_SMALL_TRANSACTIONS,None - repeated small transactions within normal behavioral range,NONE,1,2,7,1067445.8,10,0.0197,NORMAL_REPEATED_ACTIVITY
L05_002866,394,TRANSFER,152835.4,C2141418567,6118023.94,5965188.54,C_LEGIT_229907413,0.0,152835.4,0,0,L05_00410,LEGITIMATE_MULTIPLE_SMALL_TRANSACTIONS,None - repeated small transactions within normal behavioral range,NONE,1,3,7,1067445.8,1,0.025,NORMAL_REPEATED_ACTIVITY
L05_002867,414,TRANSFER,122542.72,C2141418567,5965188.54,5842645.82,C_LEGIT_923277663,0.0,122542.72,0,0,L05_00410,LEGITIMATE_MULTIPLE_SMALL_TRANSACTIONS,None - repeated small transactions within normal behavioral range,NONE,1,4,7,1067445.8,20,0.0205,NORMAL_REPEATED_ACTIVITY
L05_002868,444,TRANSFER,165197.24,C2141418567,5842645.82,5677448.58,C_LEGIT_190049420,0.0,165197.24,0,0,L05_00410,LEGITIMATE_MULTIPLE_SMALL_TRANSACTIONS,None - repeated small transactions within normal behavioral range,NONE,1,5,7,1067445.8,30,0.0283,NORMAL_REPEATED_ACTIVITY
L05_002869,459,TRANSFER,121656.61,C2141418567,5677448.58,5555791.97,C_LEGIT_878973989,0.0,121656.61,0,0,L05_00410,LEGITIMATE_MULTIPLE_SMALL_TRANSACTIONS,None - repeated small transactions within normal behavioral range,NONE,1,6,7,1067445.8,15,0.0214,NORMAL_REPEATED_ACTIVITY
L05_002870,460,TRANSFER,198304.53,C2141418567,5555791.97,5357487.44,C_LEGIT_443589407,0.0,198304.53,0,0,L05_00410,LEGITIMATE_MULTIPLE_SMALL_TRANSACTIONS,None - repeated small transactions within normal behavioral range,NONE,1,7,7,1067445.8,1,0.0357,NORMAL_REPEATED_ACTIVITY
L05_002871,166,TRANSFER,19738.77,C1918481716,8637130.98,8617392.21,C_LEGIT_887151237,0.0,19738.77,0,0,L05_00411,LEGITIMATE_MULTIPLE_SMALL_TRANSACTIONS,None - repeated small transactions within normal behavioral range,NONE,1,1,7,124232.71,0,0.0023,NORMAL_REPEATED_ACTIVITY
L05_002872,172,TRANSFER,12869.01,C1918481716,8617392.21,8604523.2,C_LEGIT_152856701,0.0,12869.01,0,0,L05_00411,LEGITIMATE_MULTIPLE_SMALL_TRANSACTIONS,None - repeated small transactions within normal behavioral range,NONE,1,2,7,124232.71,6,0.0015,NORMAL_REPEATED_ACTIVITY
L05_002873,183,TRANSFER,21051.72,C1918481716,8604523.2,8583471.48,C_LEGIT_582686688,0.0,21051.72,0,0,L05_00411,LEGITIMATE_MULTIPLE_SMALL_TRANSACTIONS,None - repeated small transactions within normal behavioral range,NONE,1,3,7,124232.71,11,0.0024,NORMAL_REPEATED_ACTIVITY
L05_002874,184,TRANSFER,20574.17,C1918481716,8583471.48,8562897.31,C_LEGIT_992154154,0.0,20574.17,0,0,L05_00411,LEGITIMATE_MULTIPLE_SMALL_TRANSACTIONS,None - repeated small transactions within normal behavioral range,NONE,1,4,7,124232.71,1,0.0024,NORMAL_REPEATED_ACTIVITY
L05_002875,185,TRANSFER,16056.12,C1918481716,8562897.31,8546841.19,C_LEGIT_809995252,0.0,16056.12,0,0,L05_00411,LEGITIMATE_MULTIPLE_SMALL_TRANSACTIONS,None - repeated small transactions within normal behavioral range,NONE,1,5,7,124232.71,1,0.0019,NORMAL_REPEATED_ACTIVITY
L05_002876,191,TRANSFER,21128.19,C1918481716,8546841.19,8525713.0,C_LEGIT_565426035,0.0,21128.19,0,0,L05_00411,LEGITIMATE_MULTIPLE_SMALL_TRANSACTIONS,None - repeated small transactions within normal behavioral range,NONE,1,6,7,124232.71,6,0.0025,NORMAL_REPEATED_ACTIVITY
L05_002877,222,TRANSFER,12814.73,C1918481716,8525713.0,8512898.27,C_LEGIT_168895036,0.0,12814.73,0,0,L05_00411,LEGITIMATE_MULTIPLE_SMALL_TRANSACTIONS,None - repeated small transactions within normal behavioral range,NONE,1,7,7,124232.71,31,0.0015,NORMAL_REPEATED_ACTIVITY
L05_002878,396,TRANSFER,9.05,C1342708995,181.0,171.95,C_LEGIT_577497668,0.0,9.05,0,0,L05_00412,LEGITIMATE_MULTIPLE_SMALL_TRANSACTIONS,None - repeated small transactions within normal behavioral range,NONE,1,1,7,54.6,0,0.05,NORMAL_REPEATED_ACTIVITY
L05_002879,406,TRANSFER,8.6,C1342708995,171.95,163.35,C_LEGIT_243297940,0.0,8.6,0,0,L05_00412,LEGITIMATE_MULTIPLE_SMALL_TRANSACTIONS,None - repeated small transactions within normal behavioral range,NONE,1,2,7,54.6,10,0.05,NORMAL_REPEATED_ACTIVITY
L05_002880,443,TRANSFER,8.17,C1342708995,163.35,155.18,C_LEGIT_293014735,0.0,8.17,0,0,L05_00412,LEGITIMATE_MULTIPLE_SMALL_TRANSACTIONS,None - repeated small transactions within normal behavioral range,NONE,1,3,7,54.6,37,0.05,NORMAL_REPEATED_ACTIVITY
L05_002881,450,TRANSFER,7.76,C1342708995,155.18,147.42,C_LEGIT_289906488,0.0,7.76,0,0,L05_00412,LEGITIMATE_MULTIPLE_SMALL_TRANSACTIONS,None - repeated small transactions within normal behavioral range,NONE,1,4,7,54.6,7,0.05,NORMAL_REPEATED_ACTIVITY
L05_002882,465,TRANSFER,7.37,C1342708995,147.42,140.05,C_LEGIT_623869519,0.0,7.37,0,0,L05_00412,LEGITIMATE_MULTIPLE_SMALL_TRANSACTIONS,None - repeated small transactions within normal behavioral range,NONE,1,5,7,54.6,15,0.05,NORMAL_REPEATED_ACTIVITY
L05_002883,470,TRANSFER,7.0,C1342708995,140.05,133.05,C_LEGIT_415568795,0.0,7.0,0,0,L05_00412,LEGITIMATE_MULTIPLE_SMALL_TRANSACTIONS,None - repeated small transactions within normal behavioral range,NONE,1,6,7,54.6,5,0.05,NORMAL_REPEATED_ACTIVITY
L05_002884,472,TRANSFER,6.65,C1342708995,133.05,126.4,C_LEGIT_821104107,0.0,6.65,0,0,L05_00412,LEGITIMATE_MULTIPLE_SMALL_TRANSACTIONS,None - repeated small transactions within normal behavioral range,NONE,1,7,7,54.6,2,0.05,NORMAL_REPEATED_ACTIVITY
L05_002885,572,TRANSFER,5506.45,C1112682592,110129.0,104622.55,C_LEGIT_366878085,0.0,5506.45,0,0,L05_00413,LEGITIMATE_MULTIPLE_SMALL_TRANSACTIONS,None - repeated small transactions within normal behavioral range,NONE,1,1,7,33221.82,0,0.05,NORMAL_REPEATED_ACTIVITY
L05_002886,577,TRANSFER,5231.13,C1112682592,104622.55,99391.42,C_LEGIT_176273636,0.0,5231.13,0,0,L05_00413,LEGITIMATE_MULTIPLE_SMALL_TRANSACTIONS,None - repeated small transactions within normal behavioral range,NONE,1,2,7,33221.82,5,0.05,NORMAL_REPEATED_ACTIVITY
L05_002887,590,TRANSFER,4969.57,C1112682592,99391.42,94421.85,C_LEGIT_525047400,0.0,4969.57,0,0,L05_00413,LEGITIMATE_MULTIPLE_SMALL_TRANSACTIONS,None - repeated small transactions within normal behavioral range,NONE,1,3,7,33221.82,13,0.05,NORMAL_REPEATED_ACTIVITY
L05_002888,591,TRANSFER,4721.09,C1112682592,94421.85,89700.76,C_LEGIT_169350951,0.0,4721.09,0,0,L05_00413,LEGITIMATE_MULTIPLE_SMALL_TRANSACTIONS,None - repeated small transactions within normal behavioral range,NONE,1,4,7,33221.82,1,0.05,NORMAL_REPEATED_ACTIVITY
L05_002889,613,TRANSFER,4485.04,C1112682592,89700.76,85215.72,C_LEGIT_611067526,0.0,4485.04,0,0,L05_00413,LEGITIMATE_MULTIPLE_SMALL_TRANSACTIONS,None - repeated small transactions within normal behavioral range,NONE,1,5,7,33221.82,22,0.05,NORMAL_REPEATED_ACTIVITY
L05_002890,635,TRANSFER,4260.79,C1112682592,85215.72,80954.93,C_LEGIT_208830216,0.0,4260.79,0,0,L05_00413,LEGITIMATE_MULTIPLE_SMALL_TRANSACTIONS,None - repeated small transactions within normal behavioral range,NONE,1,6,7,33221.82,22,0.05,NORMAL_REPEATED_ACTIVITY
L05_002891,636,TRANSFER,4047.75,C1112682592,80954.93,76907.18,C_LEGIT_371067123,0.0,4047.75,0,0,L05_00413,LEGITIMATE_MULTIPLE_SMALL_TRANSACTIONS,None - repeated small transactions within normal behavioral range,NONE,1,7,7,33221.82,1,0.05,NORMAL_REPEATED_ACTIVITY
L05_002892,539,TRANSFER,528.1,C47658862,10562.0,10033.9,C_LEGIT_119418099,0.0,528.1,0,0,L05_00414,LEGITIMATE_MULTIPLE_SMALL_TRANSACTIONS,None - repeated small transactions within normal behavioral range,NONE,1,1,7,3186.15,0,0.05,NORMAL_REPEATED_ACTIVITY
L05_002893,555,TRANSFER,501.69,C47658862,10033.9,9532.21,C_LEGIT_117232251,0.0,501.69,0,0,L05_00414,LEGITIMATE_MULTIPLE_SMALL_TRANSACTIONS,None - repeated small transactions within normal behavioral range,NONE,1,2,7,3186.15,16,0.05,NORMAL_REPEATED_ACTIVITY
L05_002894,560,TRANSFER,476.61,C47658862,9532.21,9055.6,C_LEGIT_500807268,0.0,476.61,0,0,L05_00414,LEGITIMATE_MULTIPLE_SMALL_TRANSACTIONS,None - repeated small transactions within normal behavioral range,NONE,1,3,7,3186.15,5,0.05,NORMAL_REPEATED_ACTIVITY
L05_002895,580,TRANSFER,452.78,C47658862,9055.6,8602.82,C_LEGIT_598098610,0.0,452.78,0,0,L05_00414,LEGITIMATE_MULTIPLE_SMALL_TRANSACTIONS,None - repeated small transactions within normal behavioral range,NONE,1,4,7,3186.15,20,0.05,NORMAL_REPEATED_ACTIVITY
L05_002896,593,TRANSFER,430.14,C47658862,8602.82,8172.68,C_LEGIT_207112902,0.0,430.14,0,0,L05_00414,LEGITIMATE_MULTIPLE_SMALL_TRANSACTIONS,None - repeated small transactions within normal behavioral range,NONE,1,5,7,3186.15,13,0.05,NORMAL_REPEATED_ACTIVITY
L05_002897,594,TRANSFER,408.63,C47658862,8172.68,7764.05,C_LEGIT_179785777,0.0,408.63,0,0,L05_00414,LEGITIMATE_MULTIPLE_SMALL_TRANSACTIONS,None - repeated small transactions within normal behavioral range,NONE,1,6,7,3186.15,1,0.05,NORMAL_REPEATED_ACTIVITY
L05_002898,598,TRANSFER,388.2,C47658862,7764.05,7375.85,C_LEGIT_271857039,0.0,388.2,0,0,L05_00414,LEGITIMATE_MULTIPLE_SMALL_TRANSACTIONS,None - repeated small transactions within normal behavioral range,NONE,1,7,7,3186.15,4,0.05,NORMAL_REPEATED_ACTIVITY
L05_002899,20,TRANSFER,90943.88,C1738878273,12605000.18,12514056.3,C_LEGIT_427128868,0.0,90943.88,0,0,L05_00415,LEGITIMATE_MULTIPLE_SMALL_TRANSACTIONS,None - repeated small transactions within normal behavioral range,NONE,1,1,7,625633.69,0,0.0072,NORMAL_REPEATED_ACTIVITY
L05_002900,26,TRANSFER,91567.52,C1738878273,12514056.3,12422488.78,C_LEGIT_571036270,0.0,91567.52,0,0,L05_00415,LEGITIMATE_MULTIPLE_SMALL_TRANSACTIONS,None - repeated small transactions within normal behavioral range,NONE,1,2,7,625633.69,6,0.0073,NORMAL_REPEATED_ACTIVITY
L05_002901,52,TRANSFER,95525.56,C1738878273,12422488.78,12326963.22,C_LEGIT_989881590,0.0,95525.56,0,0,L05_00415,LEGITIMATE_MULTIPLE_SMALL_TRANSACTIONS,None - repeated small transactions within normal behavioral range,NONE,1,3,7,625633.69,26,0.0077,NORMAL_REPEATED_ACTIVITY
L05_002902,57,TRANSFER,70193.44,C1738878273,12326963.22,12256769.78,C_LEGIT_732044603,0.0,70193.44,0,0,L05_00415,LEGITIMATE_MULTIPLE_SMALL_TRANSACTIONS,None - repeated small transactions within normal behavioral range,NONE,1,4,7,625633.69,5,0.0057,NORMAL_REPEATED_ACTIVITY
L05_002903,66,TRANSFER,94779.07,C1738878273,12256769.78,12161990.71,C_LEGIT_540200284,0.0,94779.07,0,0,L05_00415,LEGITIMATE_MULTIPLE_SMALL_TRANSACTIONS,None - repeated small transactions within normal behavioral range,NONE,1,5,7,625633.69,9,0.0077,NORMAL_REPEATED_ACTIVITY
L05_002904,90,TRANSFER,83441.7,C1738878273,12161990.71,12078549.01,C_LEGIT_245578369,0.0,83441.7,0,0,L05_00415,LEGITIMATE_MULTIPLE_SMALL_TRANSACTIONS,None - repeated small transactions within normal behavioral range,NONE,1,6,7,625633.69,24,0.0069,NORMAL_REPEATED_ACTIVITY
L05_002905,102,TRANSFER,99182.52,C1738878273,12078549.01,11979366.49,C_LEGIT_849346662,0.0,99182.52,0,0,L05_00415,LEGITIMATE_MULTIPLE_SMALL_TRANSACTIONS,None - repeated small transactions within normal behavioral range,NONE,1,7,7,625633.69,12,0.0082,NORMAL_REPEATED_ACTIVITY
L05_002906,313,TRANSFER,10802.65,C484119340,216053.01,205250.36,C_LEGIT_629210165,0.0,10802.65,0,0,L05_00416,LEGITIMATE_MULTIPLE_SMALL_TRANSACTIONS,None - repeated small transactions within normal behavioral range,NONE,1,1,7,64377.43,0,0.05,NORMAL_REPEATED_ACTIVITY
L05_002907,320,TRANSFER,9262.57,C484119340,205250.36,195987.79,C_LEGIT_718145900,0.0,9262.57,0,0,L05_00416,LEGITIMATE_MULTIPLE_SMALL_TRANSACTIONS,None - repeated small transactions within normal behavioral range,NONE,1,2,7,64377.43,7,0.0451,NORMAL_REPEATED_ACTIVITY
L05_002908,327,TRANSFER,9769.96,C484119340,195987.79,186217.83,C_LEGIT_435308745,0.0,9769.96,0,0,L05_00416,LEGITIMATE_MULTIPLE_SMALL_TRANSACTIONS,None - repeated small transactions within normal behavioral range,NONE,1,3,7,64377.43,7,0.0498,NORMAL_REPEATED_ACTIVITY
L05_002909,336,TRANSFER,9310.89,C484119340,186217.83,176906.94,C_LEGIT_629299923,0.0,9310.89,0,0,L05_00416,LEGITIMATE_MULTIPLE_SMALL_TRANSACTIONS,None - repeated small transactions within normal behavioral range,NONE,1,4,7,64377.43,9,0.05,NORMAL_REPEATED_ACTIVITY
L05_002910,352,TRANSFER,8845.35,C484119340,176906.94,168061.59,C_LEGIT_771868088,0.0,8845.35,0,0,L05_00416,LEGITIMATE_MULTIPLE_SMALL_TRANSACTIONS,None - repeated small transactions within normal behavioral range,NONE,1,5,7,64377.43,16,0.05,NORMAL_REPEATED_ACTIVITY
L05_002911,363,TRANSFER,8403.08,C484119340,168061.59,159658.51,C_LEGIT_591155617,0.0,8403.08,0,0,L05_00416,LEGITIMATE_MULTIPLE_SMALL_TRANSACTIONS,None - repeated small transactions within normal behavioral range,NONE,1,6,7,64377.43,11,0.05,NORMAL_REPEATED_ACTIVITY
L05_002912,368,TRANSFER,7982.93,C484119340,159658.51,151675.58,C_LEGIT_352594586,0.0,7982.93,0,0,L05_00416,LEGITIMATE_MULTIPLE_SMALL_TRANSACTIONS,None - repeated small transactions within normal behavioral range,NONE,1,7,7,64377.43,5,0.05,NORMAL_REPEATED_ACTIVITY
L05_002913,210,TRANSFER,267.79,C798138454,5355.86,5088.07,C_LEGIT_896865490,0.0,267.79,0,0,L05_00417,LEGITIMATE_MULTIPLE_SMALL_TRANSACTIONS,None - repeated small transactions within normal behavioral range,NONE,1,1,7,1615.65,0,0.05,NORMAL_REPEATED_ACTIVITY
L05_002914,215,TRANSFER,254.4,C798138454,5088.07,4833.67,C_LEGIT_805854694,0.0,254.4,0,0,L05_00417,LEGITIMATE_MULTIPLE_SMALL_TRANSACTIONS,None - repeated small transactions within normal behavioral range,NONE,1,2,7,1615.65,5,0.05,NORMAL_REPEATED_ACTIVITY
L05_002915,235,TRANSFER,241.68,C798138454,4833.67,4591.99,C_LEGIT_768841717,0.0,241.68,0,0,L05_00417,LEGITIMATE_MULTIPLE_SMALL_TRANSACTIONS,None - repeated small transactions within normal behavioral range,NONE,1,3,7,1615.65,20,0.05,NORMAL_REPEATED_ACTIVITY
L05_002916,239,TRANSFER,229.6,C798138454,4591.99,4362.39,C_LEGIT_362668350,0.0,229.6,0,0,L05_00417,LEGITIMATE_MULTIPLE_SMALL_TRANSACTIONS,None - repeated small transactions within normal behavioral range,NONE,1,4,7,1615.65,4,0.05,NORMAL_REPEATED_ACTIVITY
L05_002917,242,TRANSFER,218.12,C798138454,4362.39,4144.27,C_LEGIT_398617108,0.0,218.12,0,0,L05_00417,LEGITIMATE_MULTIPLE_SMALL_TRANSACTIONS,None - repeated small transactions within normal behavioral range,NONE,1,5,7,1615.65,3,0.05,NORMAL_REPEATED_ACTIVITY
L05_002918,266,TRANSFER,207.21,C798138454,4144.27,3937.06,C_LEGIT_843249061,0.0,207.21,0,0,L05_00417,LEGITIMATE_MULTIPLE_SMALL_TRANSACTIONS,None - repeated small transactions within normal behavioral range,NONE,1,6,7,1615.65,24,0.05,NORMAL_REPEATED_ACTIVITY
L05_002919,288,TRANSFER,196.85,C798138454,3937.06,3740.21,C_LEGIT_451495460,0.0,196.85,0,0,L05_00417,LEGITIMATE_MULTIPLE_SMALL_TRANSACTIONS,None - repeated small transactions within normal behavioral range,NONE,1,7,7,1615.65,22,0.05,NORMAL_REPEATED_ACTIVITY
L05_002920,234,TRANSFER,23017.7,C1095237447,460354.07,437336.37,C_LEGIT_647019288,0.0,23017.7,0,0,L05_00418,LEGITIMATE_MULTIPLE_SMALL_TRANSACTIONS,None - repeated small transactions within normal behavioral range,NONE,1,1,7,138871.65,0,0.05,NORMAL_REPEATED_ACTIVITY
L05_002921,240,TRANSFER,21866.82,C1095237447,437336.37,415469.55,C_LEGIT_118496117,0.0,21866.82,0,0,L05_00418,LEGITIMATE_MULTIPLE_SMALL_TRANSACTIONS,None - repeated small transactions within normal behavioral range,NONE,1,2,7,138871.65,6,0.05,NORMAL_REPEATED_ACTIVITY
L05_002922,241,TRANSFER,20773.48,C1095237447,415469.55,394696.07,C_LEGIT_504709439,0.0,20773.48,0,0,L05_00418,LEGITIMATE_MULTIPLE_SMALL_TRANSACTIONS,None - repeated small transactions within normal behavioral range,NONE,1,3,7,138871.65,1,0.05,NORMAL_REPEATED_ACTIVITY
L05_002923,254,TRANSFER,19734.8,C1095237447,394696.07,374961.27,C_LEGIT_793038504,0.0,19734.8,0,0,L05_00418,LEGITIMATE_MULTIPLE_SMALL_TRANSACTIONS,None - repeated small transactions within normal behavioral range,NONE,1,4,7,138871.65,13,0.05,NORMAL_REPEATED_ACTIVITY
L05_002924,277,TRANSFER,18748.06,C1095237447,374961.27,356213.21,C_LEGIT_231976391,0.0,18748.06,0,0,L05_00418,LEGITIMATE_MULTIPLE_SMALL_TRANSACTIONS,None - repeated small transactions within normal behavioral range,NONE,1,5,7,138871.65,23,0.05,NORMAL_REPEATED_ACTIVITY
L05_002925,297,TRANSFER,17810.66,C1095237447,356213.21,338402.55,C_LEGIT_323080588,0.0,17810.66,0,0,L05_00418,LEGITIMATE_MULTIPLE_SMALL_TRANSACTIONS,None - repeated small transactions within normal behavioral range,NONE,1,6,7,138871.65,20,0.05,NORMAL_REPEATED_ACTIVITY
L05_002926,320,TRANSFER,16920.13,C1095237447,338402.55,321482.42,C_LEGIT_433606525,0.0,16920.13,0,0,L05_00418,LEGITIMATE_MULTIPLE_SMALL_TRANSACTIONS,None - repeated small transactions within normal behavioral range,NONE,1,7,7,138871.65,23,0.05,NORMAL_REPEATED_ACTIVITY
L05_002927,362,TRANSFER,1045.55,C1227120662,20911.0,19865.45,C_LEGIT_802353993,0.0,1045.55,0,0,L05_00419,LEGITIMATE_MULTIPLE_SMALL_TRANSACTIONS,None - repeated small transactions within normal behavioral range,NONE,1,1,7,6308.07,0,0.05,NORMAL_REPEATED_ACTIVITY
L05_002928,397,TRANSFER,993.27,C1227120662,19865.45,18872.18,C_LEGIT_193234941,0.0,993.27,0,0,L05_00419,LEGITIMATE_MULTIPLE_SMALL_TRANSACTIONS,None - repeated small transactions within normal behavioral range,NONE,1,2,7,6308.07,35,0.05,NORMAL_REPEATED_ACTIVITY
L05_002929,402,TRANSFER,943.61,C1227120662,18872.18,17928.57,C_LEGIT_433584260,0.0,943.61,0,0,L05_00419,LEGITIMATE_MULTIPLE_SMALL_TRANSACTIONS,None - repeated small transactions within normal behavioral range,NONE,1,3,7,6308.07,5,0.05,NORMAL_REPEATED_ACTIVITY
L05_002930,421,TRANSFER,896.43,C1227120662,17928.57,17032.14,C_LEGIT_496969879,0.0,896.43,0,0,L05_00419,LEGITIMATE_MULTIPLE_SMALL_TRANSACTIONS,None - repeated small transactions within normal behavioral range,NONE,1,4,7,6308.07,19,0.05,NORMAL_REPEATED_ACTIVITY
L05_002931,428,TRANSFER,851.61,C1227120662,17032.14,16180.53,C_LEGIT_591890940,0.0,851.61,0,0,L05_00419,LEGITIMATE_MULTIPLE_SMALL_TRANSACTIONS,None - repeated small transactions within normal behavioral range,NONE,1,5,7,6308.07,7,0.05,NORMAL_REPEATED_ACTIVITY
L05_002932,447,TRANSFER,809.03,C1227120662,16180.53,15371.5,C_LEGIT_822705945,0.0,809.03,0,0,L05_00419,LEGITIMATE_MULTIPLE_SMALL_TRANSACTIONS,None - repeated small transactions within normal behavioral range,NONE,1,6,7,6308.07,19,0.05,NORMAL_REPEATED_ACTIVITY
L05_002933,455,TRANSFER,768.57,C1227120662,15371.5,14602.93,C_LEGIT_352526283,0.0,768.57,0,0,L05_00419,LEGITIMATE_MULTIPLE_SMALL_TRANSACTIONS,None - repeated small transactions within normal behavioral range,NONE,1,7,7,6308.07,8,0.05,NORMAL_REPEATED_ACTIVITY
L05_002934,191,TRANSFER,12.45,C330560526,249.0,236.55,C_LEGIT_113750727,0.0,12.45,0,0,L05_00420,LEGITIMATE_MULTIPLE_SMALL_TRANSACTIONS,None - repeated small transactions within normal behavioral range,NONE,1,1,7,75.11,0,0.05,NORMAL_REPEATED_ACTIVITY
L05_002935,212,TRANSFER,11.83,C330560526,236.55,224.72,C_LEGIT_960887585,0.0,11.83,0,0,L05_00420,LEGITIMATE_MULTIPLE_SMALL_TRANSACTIONS,None - repeated small transactions within normal behavioral range,NONE,1,2,7,75.11,21,0.05,NORMAL_REPEATED_ACTIVITY
L05_002936,231,TRANSFER,11.24,C330560526,224.72,213.48,C_LEGIT_115924705,0.0,11.24,0,0,L05_00420,LEGITIMATE_MULTIPLE_SMALL_TRANSACTIONS,None - repeated small transactions within normal behavioral range,NONE,1,3,7,75.11,19,0.05,NORMAL_REPEATED_ACTIVITY
L05_002937,235,TRANSFER,10.67,C330560526,213.48,202.81,C_LEGIT_151835495,0.0,10.67,0,0,L05_00420,LEGITIMATE_MULTIPLE_SMALL_TRANSACTIONS,None - repeated small transactions within normal behavioral range,NONE,1,4,7,75.11,4,0.05,NORMAL_REPEATED_ACTIVITY
L05_002938,261,TRANSFER,10.14,C330560526,202.81,192.67,C_LEGIT_504021971,0.0,10.14,0,0,L05_00420,LEGITIMATE_MULTIPLE_SMALL_TRANSACTIONS,None - repeated small transactions within normal behavioral range,NONE,1,5,7,75.11,26,0.05,NORMAL_REPEATED_ACTIVITY
L05_002939,269,TRANSFER,9.63,C330560526,192.67,183.04,C_LEGIT_109611034,0.0,9.63,0,0,L05_00420,LEGITIMATE_MULTIPLE_SMALL_TRANSACTIONS,None - repeated small transactions within normal behavioral range,NONE,1,6,7,75.11,8,0.05,NORMAL_REPEATED_ACTIVITY
L05_002940,282,TRANSFER,9.15,C330560526,183.04,173.89,C_LEGIT_952644912,0.0,9.15,0,0,L05_00420,LEGITIMATE_MULTIPLE_SMALL_TRANSACTIONS,None - repeated small transactions within normal behavioral range,NONE,1,7,7,75.11,13,0.05,NORMAL_REPEATED_ACTIVITY
L05_002941,611,TRANSFER,321.2,C439995901,6424.0,6102.8,C_LEGIT_694219776,0.0,321.2,0,0,L05_00421,LEGITIMATE_MULTIPLE_SMALL_TRANSACTIONS,None - repeated small transactions within normal behavioral range,NONE,1,1,7,1937.88,0,0.05,NORMAL_REPEATED_ACTIVITY
L05_002942,618,TRANSFER,305.14,C439995901,6102.8,5797.66,C_LEGIT_958339199,0.0,305.14,0,0,L05_00421,LEGITIMATE_MULTIPLE_SMALL_TRANSACTIONS,None - repeated small transactions within normal behavioral range,NONE,1,2,7,1937.88,7,0.05,NORMAL_REPEATED_ACTIVITY
L05_002943,619,TRANSFER,289.88,C439995901,5797.66,5507.78,C_LEGIT_523230443,0.0,289.88,0,0,L05_00421,LEGITIMATE_MULTIPLE_SMALL_TRANSACTIONS,None - repeated small transactions within normal behavioral range,NONE,1,3,7,1937.88,1,0.05,NORMAL_REPEATED_ACTIVITY
L05_002944,629,TRANSFER,275.39,C439995901,5507.78,5232.39,C_LEGIT_188311664,0.0,275.39,0,0,L05_00421,LEGITIMATE_MULTIPLE_SMALL_TRANSACTIONS,None - repeated small transactions within normal behavioral range,NONE,1,4,7,1937.88,10,0.05,NORMAL_REPEATED_ACTIVITY
L05_002945,655,TRANSFER,261.62,C439995901,5232.39,4970.77,C_LEGIT_717193413,0.0,261.62,0,0,L05_00421,LEGITIMATE_MULTIPLE_SMALL_TRANSACTIONS,None - repeated small transactions within normal behavioral range,NONE,1,5,7,1937.88,26,0.05,NORMAL_REPEATED_ACTIVITY
L05_002946,672,TRANSFER,248.54,C439995901,4970.77,4722.23,C_LEGIT_755174044,0.0,248.54,0,0,L05_00421,LEGITIMATE_MULTIPLE_SMALL_TRANSACTIONS,None - repeated small transactions within normal behavioral range,NONE,1,6,7,1937.88,17,0.05,NORMAL_REPEATED_ACTIVITY
L05_002947,690,TRANSFER,236.11,C439995901,4722.23,4486.12,C_LEGIT_966300649,0.0,236.11,0,0,L05_00421,LEGITIMATE_MULTIPLE_SMALL_TRANSACTIONS,None - repeated small transactions within normal behavioral range,NONE,1,7,7,1937.88,18,0.05,NORMAL_REPEATED_ACTIVITY
L05_002948,298,TRANSFER,202425.83,C302828295,6100052.12,5897626.29,C_LEGIT_503139109,0.0,202425.83,0,0,L05_00422,LEGITIMATE_MULTIPLE_SMALL_TRANSACTIONS,None - repeated small transactions within normal behavioral range,NONE,1,1,7,1313576.55,0,0.0332,NORMAL_REPEATED_ACTIVITY
L05_002949,306,TRANSFER,204675.06,C302828295,5897626.29,5692951.23,C_LEGIT_846660347,0.0,204675.06,0,0,L05_00422,LEGITIMATE_MULTIPLE_SMALL_TRANSACTIONS,None - repeated small transactions within normal behavioral range,NONE,1,2,7,1313576.55,8,0.0347,NORMAL_REPEATED_ACTIVITY
L05_002950,310,TRANSFER,204675.06,C302828295,5692951.23,5488276.17,C_LEGIT_954029862,0.0,204675.06,0,0,L05_00422,LEGITIMATE_MULTIPLE_SMALL_TRANSACTIONS,None - repeated small transactions within normal behavioral range,NONE,1,3,7,1313576.55,4,0.036,NORMAL_REPEATED_ACTIVITY
L05_002951,337,TRANSFER,152231.01,C302828295,5488276.17,5336045.16,C_LEGIT_176975622,0.0,152231.01,0,0,L05_00422,LEGITIMATE_MULTIPLE_SMALL_TRANSACTIONS,None - repeated small transactions within normal behavioral range,NONE,1,4,7,1313576.55,27,0.0277,NORMAL_REPEATED_ACTIVITY
L05_002952,366,TRANSFER,157004.86,C302828295,5336045.16,5179040.3,C_LEGIT_949760565,0.0,157004.86,0,0,L05_00422,LEGITIMATE_MULTIPLE_SMALL_TRANSACTIONS,None - repeated small transactions within normal behavioral range,NONE,1,5,7,1313576.55,29,0.0294,NORMAL_REPEATED_ACTIVITY
L05_002953,375,TRANSFER,187889.67,C302828295,5179040.3,4991150.63,C_LEGIT_778374318,0.0,187889.67,0,0,L05_00422,LEGITIMATE_MULTIPLE_SMALL_TRANSACTIONS,None - repeated small transactions within normal behavioral range,NONE,1,6,7,1313576.55,9,0.0363,NORMAL_REPEATED_ACTIVITY
L05_002954,382,TRANSFER,204675.06,C302828295,4991150.63,4786475.57,C_LEGIT_435420727,0.0,204675.06,0,0,L05_00422,LEGITIMATE_MULTIPLE_SMALL_TRANSACTIONS,None - repeated small transactions within normal behavioral range,NONE,1,7,7,1313576.55,7,0.041,NORMAL_REPEATED_ACTIVITY
L05_002955,42,TRANSFER,37987.46,C743493500,759749.12,721761.66,C_LEGIT_352962715,0.0,37987.46,0,0,L05_00423,LEGITIMATE_MULTIPLE_SMALL_TRANSACTIONS,None - repeated small transactions within normal behavioral range,NONE,1,1,7,229187.98,0,0.05,NORMAL_REPEATED_ACTIVITY
L05_002956,53,TRANSFER,36088.08,C743493500,721761.66,685673.58,C_LEGIT_957667778,0.0,36088.08,0,0,L05_00423,LEGITIMATE_MULTIPLE_SMALL_TRANSACTIONS,None - repeated small transactions within normal behavioral range,NONE,1,2,7,229187.98,11,0.05,NORMAL_REPEATED_ACTIVITY
L05_002957,56,TRANSFER,34283.68,C743493500,685673.58,651389.9,C_LEGIT_785925832,0.0,34283.68,0,0,L05_00423,LEGITIMATE_MULTIPLE_SMALL_TRANSACTIONS,None - repeated small transactions within normal behavioral range,NONE,1,3,7,229187.98,3,0.05,NORMAL_REPEATED_ACTIVITY
L05_002958,59,TRANSFER,32569.5,C743493500,651389.9,618820.4,C_LEGIT_156272752,0.0,32569.5,0,0,L05_00423,LEGITIMATE_MULTIPLE_SMALL_TRANSACTIONS,None - repeated small transactions within normal behavioral range,NONE,1,4,7,229187.98,3,0.05,NORMAL_REPEATED_ACTIVITY
L05_002959,71,TRANSFER,30941.02,C743493500,618820.4,587879.38,C_LEGIT_952326015,0.0,30941.02,0,0,L05_00423,LEGITIMATE_MULTIPLE_SMALL_TRANSACTIONS,None - repeated small transactions within normal behavioral range,NONE,1,5,7,229187.98,12,0.05,NORMAL_REPEATED_ACTIVITY
L05_002960,85,TRANSFER,29393.97,C743493500,587879.38,558485.41,C_LEGIT_148453478,0.0,29393.97,0,0,L05_00423,LEGITIMATE_MULTIPLE_SMALL_TRANSACTIONS,None - repeated small transactions within normal behavioral range,NONE,1,6,7,229187.98,14,0.05,NORMAL_REPEATED_ACTIVITY
L05_002961,126,TRANSFER,27924.27,C743493500,558485.41,530561.14,C_LEGIT_268706928,0.0,27924.27,0,0,L05_00423,LEGITIMATE_MULTIPLE_SMALL_TRANSACTIONS,None - repeated small transactions within normal behavioral range,NONE,1,7,7,229187.98,41,0.05,NORMAL_REPEATED_ACTIVITY
L05_002962,327,TRANSFER,24332.37,C914306441,486647.48,462315.11,C_LEGIT_562051752,0.0,24332.37,0,0,L05_00424,LEGITIMATE_MULTIPLE_SMALL_TRANSACTIONS,None - repeated small transactions within normal behavioral range,NONE,1,1,7,146803.4,0,0.05,NORMAL_REPEATED_ACTIVITY
L05_002963,334,TRANSFER,23115.76,C914306441,462315.11,439199.35,C_LEGIT_577179229,0.0,23115.76,0,0,L05_00424,LEGITIMATE_MULTIPLE_SMALL_TRANSACTIONS,None - repeated small transactions within normal behavioral range,NONE,1,2,7,146803.4,7,0.05,NORMAL_REPEATED_ACTIVITY
L05_002964,335,TRANSFER,21959.97,C914306441,439199.35,417239.38,C_LEGIT_900946817,0.0,21959.97,0,0,L05_00424,LEGITIMATE_MULTIPLE_SMALL_TRANSACTIONS,None - repeated small transactions within normal behavioral range,NONE,1,3,7,146803.4,1,0.05,NORMAL_REPEATED_ACTIVITY
L05_002965,337,TRANSFER,20861.97,C914306441,417239.38,396377.41,C_LEGIT_885305193,0.0,20861.97,0,0,L05_00424,LEGITIMATE_MULTIPLE_SMALL_TRANSACTIONS,None - repeated small transactions within normal behavioral range,NONE,1,4,7,146803.4,2,0.05,NORMAL_REPEATED_ACTIVITY
L05_002966,364,TRANSFER,19818.87,C914306441,396377.41,376558.54,C_LEGIT_607131317,0.0,19818.87,0,0,L05_00424,LEGITIMATE_MULTIPLE_SMALL_TRANSACTIONS,None - repeated small transactions within normal behavioral range,NONE,1,5,7,146803.4,27,0.05,NORMAL_REPEATED_ACTIVITY
L05_002967,377,TRANSFER,18827.93,C914306441,376558.54,357730.61,C_LEGIT_938100279,0.0,18827.93,0,0,L05_00424,LEGITIMATE_MULTIPLE_SMALL_TRANSACTIONS,None - repeated small transactions within normal behavioral range,NONE,1,6,7,146803.4,13,0.05,NORMAL_REPEATED_ACTIVITY
L05_002968,386,TRANSFER,17886.53,C914306441,357730.61,339844.08,C_LEGIT_198166922,0.0,17886.53,0,0,L05_00424,LEGITIMATE_MULTIPLE_SMALL_TRANSACTIONS,None - repeated small transactions within normal behavioral range,NONE,1,7,7,146803.4,9,0.05,NORMAL_REPEATED_ACTIVITY
L05_002969,416,TRANSFER,28.1,C1314555060,562.0,533.9,C_LEGIT_380174938,0.0,28.1,0,0,L05_00425,LEGITIMATE_MULTIPLE_SMALL_TRANSACTIONS,None - repeated small transactions within normal behavioral range,NONE,1,1,7,169.54,0,0.05,NORMAL_REPEATED_ACTIVITY
L05_002970,424,TRANSFER,26.7,C1314555060,533.9,507.2,C_LEGIT_694882806,0.0,26.7,0,0,L05_00425,LEGITIMATE_MULTIPLE_SMALL_TRANSACTIONS,None - repeated small transactions within normal behavioral range,NONE,1,2,7,169.54,8,0.05,NORMAL_REPEATED_ACTIVITY
L05_002971,429,TRANSFER,25.36,C1314555060,507.2,481.84,C_LEGIT_342108688,0.0,25.36,0,0,L05_00425,LEGITIMATE_MULTIPLE_SMALL_TRANSACTIONS,None - repeated small transactions within normal behavioral range,NONE,1,3,7,169.54,5,0.05,NORMAL_REPEATED_ACTIVITY
L05_002972,454,TRANSFER,24.09,C1314555060,481.84,457.75,C_LEGIT_865651818,0.0,24.09,0,0,L05_00425,LEGITIMATE_MULTIPLE_SMALL_TRANSACTIONS,None - repeated small transactions within normal behavioral range,NONE,1,4,7,169.54,25,0.05,NORMAL_REPEATED_ACTIVITY
L05_002973,478,TRANSFER,22.89,C1314555060,457.75,434.86,C_LEGIT_659072863,0.0,22.89,0,0,L05_00425,LEGITIMATE_MULTIPLE_SMALL_TRANSACTIONS,None - repeated small transactions within normal behavioral range,NONE,1,5,7,169.54,24,0.05,NORMAL_REPEATED_ACTIVITY
L05_002974,484,TRANSFER,21.74,C1314555060,434.86,413.12,C_LEGIT_530265919,0.0,21.74,0,0,L05_00425,LEGITIMATE_MULTIPLE_SMALL_TRANSACTIONS,None - repeated small transactions within normal behavioral range,NONE,1,6,7,169.54,6,0.05,NORMAL_REPEATED_ACTIVITY
L05_002975,486,TRANSFER,20.66,C1314555060,413.12,392.46,C_LEGIT_153440199,0.0,20.66,0,0,L05_00425,LEGITIMATE_MULTIPLE_SMALL_TRANSACTIONS,None - repeated small transactions within normal behavioral range,NONE,1,7,7,169.54,2,0.05,NORMAL_REPEATED_ACTIVITY
L05_002976,705,TRANSFER,64.35,C1883669861,1287.0,1222.65,C_LEGIT_234676337,0.0,64.35,0,0,L05_00426,LEGITIMATE_MULTIPLE_SMALL_TRANSACTIONS,None - repeated small transactions within normal behavioral range,NONE,1,1,7,388.23,0,0.05,NORMAL_REPEATED_ACTIVITY
L05_002977,731,TRANSFER,61.13,C1883669861,1222.65,1161.52,C_LEGIT_651145680,0.0,61.13,0,0,L05_00426,LEGITIMATE_MULTIPLE_SMALL_TRANSACTIONS,None - repeated small transactions within normal behavioral range,NONE,1,2,7,388.23,26,0.05,NORMAL_REPEATED_ACTIVITY
L05_002978,752,TRANSFER,58.08,C1883669861,1161.52,1103.44,C_LEGIT_429600921,0.0,58.08,0,0,L05_00426,LEGITIMATE_MULTIPLE_SMALL_TRANSACTIONS,None - repeated small transactions within normal behavioral range,NONE,1,3,7,388.23,21,0.05,NORMAL_REPEATED_ACTIVITY
L05_002979,767,TRANSFER,55.17,C1883669861,1103.44,1048.27,C_LEGIT_469319444,0.0,55.17,0,0,L05_00426,LEGITIMATE_MULTIPLE_SMALL_TRANSACTIONS,None - repeated small transactions within normal behavioral range,NONE,1,4,7,388.23,15,0.05,NORMAL_REPEATED_ACTIVITY
L05_002980,780,TRANSFER,52.41,C1883669861,1048.27,995.86,C_LEGIT_887812189,0.0,52.41,0,0,L05_00426,LEGITIMATE_MULTIPLE_SMALL_TRANSACTIONS,None - repeated small transactions within normal behavioral range,NONE,1,5,7,388.23,13,0.05,NORMAL_REPEATED_ACTIVITY
L05_002981,783,TRANSFER,49.79,C1883669861,995.86,946.07,C_LEGIT_789219050,0.0,49.79,0,0,L05_00426,LEGITIMATE_MULTIPLE_SMALL_TRANSACTIONS,None - repeated small transactions within normal behavioral range,NONE,1,6,7,388.23,3,0.05,NORMAL_REPEATED_ACTIVITY
L05_002982,786,TRANSFER,47.3,C1883669861,946.07,898.77,C_LEGIT_474959712,0.0,47.3,0,0,L05_00426,LEGITIMATE_MULTIPLE_SMALL_TRANSACTIONS,None - repeated small transactions within normal behavioral range,NONE,1,7,7,388.23,3,0.05,NORMAL_REPEATED_ACTIVITY
L05_002983,185,TRANSFER,79564.13,C1077206387,3913436.15,3833872.02,C_LEGIT_370416370,0.0,79564.13,0,0,L05_00427,LEGITIMATE_MULTIPLE_SMALL_TRANSACTIONS,None - repeated small transactions within normal behavioral range,NONE,1,1,7,526224.88,0,0.0203,NORMAL_REPEATED_ACTIVITY
L05_002984,201,TRANSFER,79477.3,C1077206387,3833872.02,3754394.72,C_LEGIT_318456000,0.0,79477.3,0,0,L05_00427,LEGITIMATE_MULTIPLE_SMALL_TRANSACTIONS,None - repeated small transactions within normal behavioral range,NONE,1,2,7,526224.88,16,0.0207,NORMAL_REPEATED_ACTIVITY
L05_002985,202,TRANSFER,83606.09,C1077206387,3754394.72,3670788.63,C_LEGIT_153884300,0.0,83606.09,0,0,L05_00427,LEGITIMATE_MULTIPLE_SMALL_TRANSACTIONS,None - repeated small transactions within normal behavioral range,NONE,1,3,7,526224.88,1,0.0223,NORMAL_REPEATED_ACTIVITY
L05_002986,211,TRANSFER,63441.62,C1077206387,3670788.63,3607347.01,C_LEGIT_748034146,0.0,63441.62,0,0,L05_00427,LEGITIMATE_MULTIPLE_SMALL_TRANSACTIONS,None - repeated small transactions within normal behavioral range,NONE,1,4,7,526224.88,9,0.0173,NORMAL_REPEATED_ACTIVITY
L05_002987,215,TRANSFER,61640.23,C1077206387,3607347.01,3545706.78,C_LEGIT_913285005,0.0,61640.23,0,0,L05_00427,LEGITIMATE_MULTIPLE_SMALL_TRANSACTIONS,None - repeated small transactions within normal behavioral range,NONE,1,5,7,526224.88,4,0.0171,NORMAL_REPEATED_ACTIVITY
L05_002988,223,TRANSFER,68546.43,C1077206387,3545706.78,3477160.35,C_LEGIT_963250338,0.0,68546.43,0,0,L05_00427,LEGITIMATE_MULTIPLE_SMALL_TRANSACTIONS,None - repeated small transactions within normal behavioral range,NONE,1,6,7,526224.88,8,0.0193,NORMAL_REPEATED_ACTIVITY
L05_002989,258,TRANSFER,89949.08,C1077206387,3477160.35,3387211.27,C_LEGIT_915850419,0.0,89949.08,0,0,L05_00427,LEGITIMATE_MULTIPLE_SMALL_TRANSACTIONS,None - repeated small transactions within normal behavioral range,NONE,1,7,7,526224.88,35,0.0259,NORMAL_REPEATED_ACTIVITY
L05_002990,331,TRANSFER,42645.59,C1553327516,852911.87,810266.28,C_LEGIT_176403871,0.0,42645.59,0,0,L05_00428,LEGITIMATE_MULTIPLE_SMALL_TRANSACTIONS,None - repeated small transactions within normal behavioral range,NONE,1,1,7,257291.7,0,0.05,NORMAL_REPEATED_ACTIVITY
L05_002991,374,TRANSFER,40513.31,C1553327516,810266.28,769752.97,C_LEGIT_934767361,0.0,40513.31,0,0,L05_00428,LEGITIMATE_MULTIPLE_SMALL_TRANSACTIONS,None - repeated small transactions within normal behavioral range,NONE,1,2,7,257291.7,43,0.05,NORMAL_REPEATED_ACTIVITY
L05_002992,377,TRANSFER,38487.65,C1553327516,769752.97,731265.32,C_LEGIT_987534112,0.0,38487.65,0,0,L05_00428,LEGITIMATE_MULTIPLE_SMALL_TRANSACTIONS,None - repeated small transactions within normal behavioral range,NONE,1,3,7,257291.7,3,0.05,NORMAL_REPEATED_ACTIVITY
L05_002993,382,TRANSFER,36563.27,C1553327516,731265.32,694702.05,C_LEGIT_528972292,0.0,36563.27,0,0,L05_00428,LEGITIMATE_MULTIPLE_SMALL_TRANSACTIONS,None - repeated small transactions within normal behavioral range,NONE,1,4,7,257291.7,5,0.05,NORMAL_REPEATED_ACTIVITY
L05_002994,388,TRANSFER,34735.1,C1553327516,694702.05,659966.95,C_LEGIT_964932923,0.0,34735.1,0,0,L05_00428,LEGITIMATE_MULTIPLE_SMALL_TRANSACTIONS,None - repeated small transactions within normal behavioral range,NONE,1,5,7,257291.7,6,0.05,NORMAL_REPEATED_ACTIVITY
L05_002995,389,TRANSFER,32998.35,C1553327516,659966.95,626968.6,C_LEGIT_263374689,0.0,32998.35,0,0,L05_00428,LEGITIMATE_MULTIPLE_SMALL_TRANSACTIONS,None - repeated small transactions within normal behavioral range,NONE,1,6,7,257291.7,1,0.05,NORMAL_REPEATED_ACTIVITY
L05_002996,395,TRANSFER,31348.43,C1553327516,626968.6,595620.17,C_LEGIT_853721028,0.0,31348.43,0,0,L05_00428,LEGITIMATE_MULTIPLE_SMALL_TRANSACTIONS,None - repeated small transactions within normal behavioral range,NONE,1,7,7,257291.7,6,0.05,NORMAL_REPEATED_ACTIVITY
L05_002997,287,TRANSFER,1533.75,C1835384177,30675.0,29141.25,C_LEGIT_336793535,0.0,1533.75,0,0,L05_00429,LEGITIMATE_MULTIPLE_SMALL_TRANSACTIONS,None - repeated small transactions within normal behavioral range,NONE,1,1,7,9253.51,0,0.05,NORMAL_REPEATED_ACTIVITY
L05_002998,292,TRANSFER,1457.06,C1835384177,29141.25,27684.19,C_LEGIT_595944575,0.0,1457.06,0,0,L05_00429,LEGITIMATE_MULTIPLE_SMALL_TRANSACTIONS,None - repeated small transactions within normal behavioral range,NONE,1,2,7,9253.51,5,0.05,NORMAL_REPEATED_ACTIVITY
L05_002999,310,TRANSFER,1384.21,C1835384177,27684.19,26299.98,C_LEGIT_952718372,0.0,1384.21,0,0,L05_00429,LEGITIMATE_MULTIPLE_SMALL_TRANSACTIONS,None - repeated small transactions within normal behavioral range,NONE,1,3,7,9253.51,18,0.05,NORMAL_REPEATED_ACTIVITY
L05_003000,316,TRANSFER,1315.0,C1835384177,26299.98,24984.98,C_LEGIT_134068870,0.0,1315.0,0,0,L05_00429,LEGITIMATE_MULTIPLE_SMALL_TRANSACTIONS,None - repeated small transactions within normal behavioral range,NONE,1,4,7,9253.51,6,0.05,NORMAL_REPEATED_ACTIVITY
L05_003001,353,TRANSFER,1249.25,C1835384177,24984.98,23735.73,C_LEGIT_202313727,0.0,1249.25,0,0,L05_00429,LEGITIMATE_MULTIPLE_SMALL_TRANSACTIONS,None - repeated small transactions within normal behavioral range,NONE,1,5,7,9253.51,37,0.05,NORMAL_REPEATED_ACTIVITY
L05_003002,356,TRANSFER,1186.79,C1835384177,23735.73,22548.94,C_LEGIT_429986567,0.0,1186.79,0,0,L05_00429,LEGITIMATE_MULTIPLE_SMALL_TRANSACTIONS,None - repeated small transactions within normal behavioral range,NONE,1,6,7,9253.51,3,0.05,NORMAL_REPEATED_ACTIVITY
L05_003003,382,TRANSFER,1127.45,C1835384177,22548.94,21421.49,C_LEGIT_970025837,0.0,1127.45,0,0,L05_00429,LEGITIMATE_MULTIPLE_SMALL_TRANSACTIONS,None - repeated small transactions within normal behavioral range,NONE,1,7,7,9253.51,26,0.05,NORMAL_REPEATED_ACTIVITY
L05_003004,351,TRANSFER,8950.55,C944211837,179011.0,170060.45,C_LEGIT_216689310,0.0,8950.55,0,0,L05_00430,LEGITIMATE_MULTIPLE_SMALL_TRANSACTIONS,None - repeated small transactions within normal behavioral range,NONE,1,1,7,54000.95,0,0.05,NORMAL_REPEATED_ACTIVITY
L05_003005,357,TRANSFER,8503.02,C944211837,170060.45,161557.43,C_LEGIT_546628987,0.0,8503.02,0,0,L05_00430,LEGITIMATE_MULTIPLE_SMALL_TRANSACTIONS,None - repeated small transactions within normal behavioral range,NONE,1,2,7,54000.95,6,0.05,NORMAL_REPEATED_ACTIVITY
L05_003006,368,TRANSFER,8077.87,C944211837,161557.43,153479.56,C_LEGIT_308027543,0.0,8077.87,0,0,L05_00430,LEGITIMATE_MULTIPLE_SMALL_TRANSACTIONS,None - repeated small transactions within normal behavioral range,NONE,1,3,7,54000.95,11,0.05,NORMAL_REPEATED_ACTIVITY
L05_003007,373,TRANSFER,7673.98,C944211837,153479.56,145805.58,C_LEGIT_950067931,0.0,7673.98,0,0,L05_00430,LEGITIMATE_MULTIPLE_SMALL_TRANSACTIONS,None - repeated small transactions within normal behavioral range,NONE,1,4,7,54000.95,5,0.05,NORMAL_REPEATED_ACTIVITY
L05_003008,379,TRANSFER,7290.28,C944211837,145805.58,138515.3,C_LEGIT_403525668,0.0,7290.28,0,0,L05_00430,LEGITIMATE_MULTIPLE_SMALL_TRANSACTIONS,None - repeated small transactions within normal behavioral range,NONE,1,5,7,54000.95,6,0.05,NORMAL_REPEATED_ACTIVITY
L05_003009,400,TRANSFER,6925.77,C944211837,138515.3,131589.53,C_LEGIT_205912796,0.0,6925.77,0,0,L05_00430,LEGITIMATE_MULTIPLE_SMALL_TRANSACTIONS,None - repeated small transactions within normal behavioral range,NONE,1,6,7,54000.95,21,0.05,NORMAL_REPEATED_ACTIVITY
L05_003010,403,TRANSFER,6579.48,C944211837,131589.53,125010.05,C_LEGIT_556538546,0.0,6579.48,0,0,L05_00430,LEGITIMATE_MULTIPLE_SMALL_TRANSACTIONS,None - repeated small transactions within normal behavioral range,NONE,1,7,7,54000.95,3,0.05,NORMAL_REPEATED_ACTIVITY
L05_003011,388,TRANSFER,109181.0,C380727441,9065674.33,8956493.33,C_LEGIT_651296831,0.0,109181.0,0,0,L05_00431,LEGITIMATE_MULTIPLE_SMALL_TRANSACTIONS,None - repeated small transactions within normal behavioral range,NONE,1,1,7,890874.64,0,0.012,NORMAL_REPEATED_ACTIVITY
L05_003012,390,TRANSFER,146124.31,C380727441,8956493.33,8810369.02,C_LEGIT_845619111,0.0,146124.31,0,0,L05_00431,LEGITIMATE_MULTIPLE_SMALL_TRANSACTIONS,None - repeated small transactions within normal behavioral range,NONE,1,2,7,890874.64,2,0.0163,NORMAL_REPEATED_ACTIVITY
L05_003013,416,TRANSFER,107973.36,C380727441,8810369.02,8702395.66,C_LEGIT_620422729,0.0,107973.36,0,0,L05_00431,LEGITIMATE_MULTIPLE_SMALL_TRANSACTIONS,None - repeated small transactions within normal behavioral range,NONE,1,3,7,890874.64,26,0.0123,NORMAL_REPEATED_ACTIVITY
L05_003014,421,TRANSFER,133116.42,C380727441,8702395.66,8569279.24,C_LEGIT_774668190,0.0,133116.42,0,0,L05_00431,LEGITIMATE_MULTIPLE_SMALL_TRANSACTIONS,None - repeated small transactions within normal behavioral range,NONE,1,4,7,890874.64,5,0.0153,NORMAL_REPEATED_ACTIVITY
L05_003015,424,TRANSFER,156470.52,C380727441,8569279.24,8412808.72,C_LEGIT_148725813,0.0,156470.52,0,0,L05_00431,LEGITIMATE_MULTIPLE_SMALL_TRANSACTIONS,None - repeated small transactions within normal behavioral range,NONE,1,5,7,890874.64,3,0.0183,NORMAL_REPEATED_ACTIVITY
L05_003016,446,TRANSFER,113817.13,C380727441,8412808.72,8298991.59,C_LEGIT_514859852,0.0,113817.13,0,0,L05_00431,LEGITIMATE_MULTIPLE_SMALL_TRANSACTIONS,None - repeated small transactions within normal behavioral range,NONE,1,6,7,890874.64,22,0.0135,NORMAL_REPEATED_ACTIVITY
L05_003017,452,TRANSFER,124191.9,C380727441,8298991.59,8174799.69,C_LEGIT_546572355,0.0,124191.9,0,0,L05_00431,LEGITIMATE_MULTIPLE_SMALL_TRANSACTIONS,None - repeated small transactions within normal behavioral range,NONE,1,7,7,890874.64,6,0.015,NORMAL_REPEATED_ACTIVITY
L05_003018,145,TRANSFER,2253.05,C320422769,45061.0,42807.95,C_LEGIT_841334456,0.0,2253.05,0,0,L05_00432,LEGITIMATE_MULTIPLE_SMALL_TRANSACTIONS,None - repeated small transactions within normal behavioral range,NONE,1,1,7,13593.23,0,0.05,NORMAL_REPEATED_ACTIVITY
L05_003019,164,TRANSFER,2140.4,C320422769,42807.95,40667.55,C_LEGIT_298021835,0.0,2140.4,0,0,L05_00432,LEGITIMATE_MULTIPLE_SMALL_TRANSACTIONS,None - repeated small transactions within normal behavioral range,NONE,1,2,7,13593.23,19,0.05,NORMAL_REPEATED_ACTIVITY
L05_003020,166,TRANSFER,2033.38,C320422769,40667.55,38634.17,C_LEGIT_764493344,0.0,2033.38,0,0,L05_00432,LEGITIMATE_MULTIPLE_SMALL_TRANSACTIONS,None - repeated small transactions within normal behavioral range,NONE,1,3,7,13593.23,2,0.05,NORMAL_REPEATED_ACTIVITY
L05_003021,178,TRANSFER,1931.71,C320422769,38634.17,36702.46,C_LEGIT_224351147,0.0,1931.71,0,0,L05_00432,LEGITIMATE_MULTIPLE_SMALL_TRANSACTIONS,None - repeated small transactions within normal behavioral range,NONE,1,4,7,13593.23,12,0.05,NORMAL_REPEATED_ACTIVITY
L05_003022,189,TRANSFER,1835.12,C320422769,36702.46,34867.34,C_LEGIT_968421490,0.0,1835.12,0,0,L05_00432,LEGITIMATE_MULTIPLE_SMALL_TRANSACTIONS,None - repeated small transactions within normal behavioral range,NONE,1,5,7,13593.23,11,0.05,NORMAL_REPEATED_ACTIVITY
L05_003023,199,TRANSFER,1743.37,C320422769,34867.34,33123.97,C_LEGIT_988044320,0.0,1743.37,0,0,L05_00432,LEGITIMATE_MULTIPLE_SMALL_TRANSACTIONS,None - repeated small transactions within normal behavioral range,NONE,1,6,7,13593.23,10,0.05,NORMAL_REPEATED_ACTIVITY
L05_003024,221,TRANSFER,1656.2,C320422769,33123.97,31467.77,C_LEGIT_486539028,0.0,1656.2,0,0,L05_00432,LEGITIMATE_MULTIPLE_SMALL_TRANSACTIONS,None - repeated small transactions within normal behavioral range,NONE,1,7,7,13593.23,22,0.05,NORMAL_REPEATED_ACTIVITY
L05_003025,583,TRANSFER,1505.2,C900345039,30104.0,28598.8,C_LEGIT_933200395,0.0,1505.2,0,0,L05_00433,LEGITIMATE_MULTIPLE_SMALL_TRANSACTIONS,None - repeated small transactions within normal behavioral range,NONE,1,1,7,9081.26,0,0.05,NORMAL_REPEATED_ACTIVITY
L05_003026,587,TRANSFER,1429.94,C900345039,28598.8,27168.86,C_LEGIT_365820914,0.0,1429.94,0,0,L05_00433,LEGITIMATE_MULTIPLE_SMALL_TRANSACTIONS,None - repeated small transactions within normal behavioral range,NONE,1,2,7,9081.26,4,0.05,NORMAL_REPEATED_ACTIVITY
L05_003027,606,TRANSFER,1358.44,C900345039,27168.86,25810.42,C_LEGIT_452191441,0.0,1358.44,0,0,L05_00433,LEGITIMATE_MULTIPLE_SMALL_TRANSACTIONS,None - repeated small transactions within normal behavioral range,NONE,1,3,7,9081.26,19,0.05,NORMAL_REPEATED_ACTIVITY
L05_003028,614,TRANSFER,1290.52,C900345039,25810.42,24519.9,C_LEGIT_365576614,0.0,1290.52,0,0,L05_00433,LEGITIMATE_MULTIPLE_SMALL_TRANSACTIONS,None - repeated small transactions within normal behavioral range,NONE,1,4,7,9081.26,8,0.05,NORMAL_REPEATED_ACTIVITY
L05_003029,620,TRANSFER,1226.0,C900345039,24519.9,23293.9,C_LEGIT_695369107,0.0,1226.0,0,0,L05_00433,LEGITIMATE_MULTIPLE_SMALL_TRANSACTIONS,None - repeated small transactions within normal behavioral range,NONE,1,5,7,9081.26,6,0.05,NORMAL_REPEATED_ACTIVITY
L05_003030,625,TRANSFER,1164.7,C900345039,23293.9,22129.2,C_LEGIT_311397255,0.0,1164.7,0,0,L05_00433,LEGITIMATE_MULTIPLE_SMALL_TRANSACTIONS,None - repeated small transactions within normal behavioral range,NONE,1,6,7,9081.26,5,0.05,NORMAL_REPEATED_ACTIVITY
L05_003031,643,TRANSFER,1106.46,C900345039,22129.2,21022.74,C_LEGIT_767723171,0.0,1106.46,0,0,L05_00433,LEGITIMATE_MULTIPLE_SMALL_TRANSACTIONS,None - repeated small transactions within normal behavioral range,NONE,1,7,7,9081.26,18,0.05,NORMAL_REPEATED_ACTIVITY
L05_003032,357,TRANSFER,106.97,C1042838173,2139.35,2032.38,C_LEGIT_487801802,0.0,106.97,0,0,L05_00434,LEGITIMATE_MULTIPLE_SMALL_TRANSACTIONS,None - repeated small transactions within normal behavioral range,NONE,1,1,7,645.37,0,0.05,NORMAL_REPEATED_ACTIVITY
L05_003033,368,TRANSFER,101.62,C1042838173,2032.38,1930.76,C_LEGIT_484581450,0.0,101.62,0,0,L05_00434,LEGITIMATE_MULTIPLE_SMALL_TRANSACTIONS,None - repeated small transactions within normal behavioral range,NONE,1,2,7,645.37,11,0.05,NORMAL_REPEATED_ACTIVITY
L05_003034,369,TRANSFER,96.54,C1042838173,1930.76,1834.22,C_LEGIT_565138488,0.0,96.54,0,0,L05_00434,LEGITIMATE_MULTIPLE_SMALL_TRANSACTIONS,None - repeated small transactions within normal behavioral range,NONE,1,3,7,645.37,1,0.05,NORMAL_REPEATED_ACTIVITY
L05_003035,389,TRANSFER,91.71,C1042838173,1834.22,1742.51,C_LEGIT_151549086,0.0,91.71,0,0,L05_00434,LEGITIMATE_MULTIPLE_SMALL_TRANSACTIONS,None - repeated small transactions within normal behavioral range,NONE,1,4,7,645.37,20,0.05,NORMAL_REPEATED_ACTIVITY
L05_003036,409,TRANSFER,87.13,C1042838173,1742.51,1655.38,C_LEGIT_845403707,0.0,87.13,0,0,L05_00434,LEGITIMATE_MULTIPLE_SMALL_TRANSACTIONS,None - repeated small transactions within normal behavioral range,NONE,1,5,7,645.37,20,0.05,NORMAL_REPEATED_ACTIVITY
L05_003037,420,TRANSFER,82.77,C1042838173,1655.38,1572.61,C_LEGIT_854378741,0.0,82.77,0,0,L05_00434,LEGITIMATE_MULTIPLE_SMALL_TRANSACTIONS,None - repeated small transactions within normal behavioral range,NONE,1,6,7,645.37,11,0.05,NORMAL_REPEATED_ACTIVITY
L05_003038,432,TRANSFER,78.63,C1042838173,1572.61,1493.98,C_LEGIT_463086981,0.0,78.63,0,0,L05_00434,LEGITIMATE_MULTIPLE_SMALL_TRANSACTIONS,None - repeated small transactions within normal behavioral range,NONE,1,7,7,645.37,12,0.05,NORMAL_REPEATED_ACTIVITY
L05_003039,257,TRANSFER,1013.9,C795875955,20278.0,19264.1,C_LEGIT_108201997,0.0,1013.9,0,0,L05_00435,LEGITIMATE_MULTIPLE_SMALL_TRANSACTIONS,None - repeated small transactions within normal behavioral range,NONE,1,1,7,6117.11,0,0.05,NORMAL_REPEATED_ACTIVITY
L05_003040,259,TRANSFER,963.2,C795875955,19264.1,18300.9,C_LEGIT_949637558,0.0,963.2,0,0,L05_00435,LEGITIMATE_MULTIPLE_SMALL_TRANSACTIONS,None - repeated small transactions within normal behavioral range,NONE,1,2,7,6117.11,2,0.05,NORMAL_REPEATED_ACTIVITY
L05_003041,265,TRANSFER,915.04,C795875955,18300.9,17385.86,C_LEGIT_294913423,0.0,915.04,0,0,L05_00435,LEGITIMATE_MULTIPLE_SMALL_TRANSACTIONS,None - repeated small transactions within normal behavioral range,NONE,1,3,7,6117.11,6,0.05,NORMAL_REPEATED_ACTIVITY
L05_003042,268,TRANSFER,869.29,C795875955,17385.86,16516.57,C_LEGIT_510915460,0.0,869.29,0,0,L05_00435,LEGITIMATE_MULTIPLE_SMALL_TRANSACTIONS,None - repeated small transactions within normal behavioral range,NONE,1,4,7,6117.11,3,0.05,NORMAL_REPEATED_ACTIVITY
L05_003043,292,TRANSFER,825.83,C795875955,16516.57,15690.74,C_LEGIT_672865678,0.0,825.83,0,0,L05_00435,LEGITIMATE_MULTIPLE_SMALL_TRANSACTIONS,None - repeated small transactions within normal behavioral range,NONE,1,5,7,6117.11,24,0.05,NORMAL_REPEATED_ACTIVITY
L05_003044,333,TRANSFER,784.54,C795875955,15690.74,14906.2,C_LEGIT_449419801,0.0,784.54,0,0,L05_00435,LEGITIMATE_MULTIPLE_SMALL_TRANSACTIONS,None - repeated small transactions within normal behavioral range,NONE,1,6,7,6117.11,41,0.05,NORMAL_REPEATED_ACTIVITY
L05_003045,349,TRANSFER,745.31,C795875955,14906.2,14160.89,C_LEGIT_295396248,0.0,745.31,0,0,L05_00435,LEGITIMATE_MULTIPLE_SMALL_TRANSACTIONS,None - repeated small transactions within normal behavioral range,NONE,1,7,7,6117.11,16,0.05,NORMAL_REPEATED_ACTIVITY
L05_003046,334,TRANSFER,735.0,C1393224,14700.0,13965.0,C_LEGIT_730240175,0.0,735.0,0,0,L05_00436,LEGITIMATE_MULTIPLE_SMALL_TRANSACTIONS,None - repeated small transactions within normal behavioral range,NONE,1,1,7,4434.44,0,0.05,NORMAL_REPEATED_ACTIVITY
L05_003047,337,TRANSFER,698.25,C1393224,13965.0,13266.75,C_LEGIT_390586187,0.0,698.25,0,0,L05_00436,LEGITIMATE_MULTIPLE_SMALL_TRANSACTIONS,None - repeated small transactions within normal behavioral range,NONE,1,2,7,4434.44,3,0.05,NORMAL_REPEATED_ACTIVITY
L05_003048,365,TRANSFER,663.34,C1393224,13266.75,12603.41,C_LEGIT_451145140,0.0,663.34,0,0,L05_00436,LEGITIMATE_MULTIPLE_SMALL_TRANSACTIONS,None - repeated small transactions within normal behavioral range,NONE,1,3,7,4434.44,28,0.05,NORMAL_REPEATED_ACTIVITY
L05_003049,396,TRANSFER,630.17,C1393224,12603.41,11973.24,C_LEGIT_313174841,0.0,630.17,0,0,L05_00436,LEGITIMATE_MULTIPLE_SMALL_TRANSACTIONS,None - repeated small transactions within normal behavioral range,NONE,1,4,7,4434.44,31,0.05,NORMAL_REPEATED_ACTIVITY
L05_003050,406,TRANSFER,598.66,C1393224,11973.24,11374.58,C_LEGIT_461112826,0.0,598.66,0,0,L05_00436,LEGITIMATE_MULTIPLE_SMALL_TRANSACTIONS,None - repeated small transactions within normal behavioral range,NONE,1,5,7,4434.44,10,0.05,NORMAL_REPEATED_ACTIVITY
L05_003051,409,TRANSFER,568.73,C1393224,11374.58,10805.85,C_LEGIT_433767251,0.0,568.73,0,0,L05_00436,LEGITIMATE_MULTIPLE_SMALL_TRANSACTIONS,None - repeated small transactions within normal behavioral range,NONE,1,6,7,4434.44,3,0.05,NORMAL_REPEATED_ACTIVITY
L05_003052,412,TRANSFER,540.29,C1393224,10805.85,10265.56,C_LEGIT_521131659,0.0,540.29,0,0,L05_00436,LEGITIMATE_MULTIPLE_SMALL_TRANSACTIONS,None - repeated small transactions within normal behavioral range,NONE,1,7,7,4434.44,3,0.05,NORMAL_REPEATED_ACTIVITY
L05_003053,245,TRANSFER,1082.15,C1014625603,21643.0,20560.85,C_LEGIT_555940149,0.0,1082.15,0,0,L05_00437,LEGITIMATE_MULTIPLE_SMALL_TRANSACTIONS,None - repeated small transactions within normal behavioral range,NONE,1,1,7,6528.89,0,0.05,NORMAL_REPEATED_ACTIVITY
L05_003054,276,TRANSFER,1028.04,C1014625603,20560.85,19532.81,C_LEGIT_990279648,0.0,1028.04,0,0,L05_00437,LEGITIMATE_MULTIPLE_SMALL_TRANSACTIONS,None - repeated small transactions within normal behavioral range,NONE,1,2,7,6528.89,31,0.05,NORMAL_REPEATED_ACTIVITY
L05_003055,283,TRANSFER,976.64,C1014625603,19532.81,18556.17,C_LEGIT_815480411,0.0,976.64,0,0,L05_00437,LEGITIMATE_MULTIPLE_SMALL_TRANSACTIONS,None - repeated small transactions within normal behavioral range,NONE,1,3,7,6528.89,7,0.05,NORMAL_REPEATED_ACTIVITY
L05_003056,285,TRANSFER,927.81,C1014625603,18556.17,17628.36,C_LEGIT_403485999,0.0,927.81,0,0,L05_00437,LEGITIMATE_MULTIPLE_SMALL_TRANSACTIONS,None - repeated small transactions within normal behavioral range,NONE,1,4,7,6528.89,2,0.05,NORMAL_REPEATED_ACTIVITY
L05_003057,294,TRANSFER,881.42,C1014625603,17628.36,16746.94,C_LEGIT_679103078,0.0,881.42,0,0,L05_00437,LEGITIMATE_MULTIPLE_SMALL_TRANSACTIONS,None - repeated small transactions within normal behavioral range,NONE,1,5,7,6528.89,9,0.05,NORMAL_REPEATED_ACTIVITY
L05_003058,296,TRANSFER,837.35,C1014625603,16746.94,15909.59,C_LEGIT_616970233,0.0,837.35,0,0,L05_00437,LEGITIMATE_MULTIPLE_SMALL_TRANSACTIONS,None - repeated small transactions within normal behavioral range,NONE,1,6,7,6528.89,2,0.05,NORMAL_REPEATED_ACTIVITY
L05_003059,312,TRANSFER,795.48,C1014625603,15909.59,15114.11,C_LEGIT_630789792,0.0,795.48,0,0,L05_00437,LEGITIMATE_MULTIPLE_SMALL_TRANSACTIONS,None - repeated small transactions within normal behavioral range,NONE,1,7,7,6528.89,16,0.05,NORMAL_REPEATED_ACTIVITY
L05_003060,21,TRANSFER,10689.25,C641899669,1823807.44,1813118.19,C_LEGIT_485729038,0.0,10689.25,0,0,L05_00438,LEGITIMATE_MULTIPLE_SMALL_TRANSACTIONS,None - repeated small transactions within normal behavioral range,NONE,1,1,7,89974.57,0,0.0059,NORMAL_REPEATED_ACTIVITY
L05_003061,39,TRANSFER,14404.13,C641899669,1813118.19,1798714.06,C_LEGIT_378545278,0.0,14404.13,0,0,L05_00438,LEGITIMATE_MULTIPLE_SMALL_TRANSACTIONS,None - repeated small transactions within normal behavioral range,NONE,1,2,7,89974.57,18,0.0079,NORMAL_REPEATED_ACTIVITY
L05_003062,51,TRANSFER,14113.41,C641899669,1798714.06,1784600.65,C_LEGIT_980045318,0.0,14113.41,0,0,L05_00438,LEGITIMATE_MULTIPLE_SMALL_TRANSACTIONS,None - repeated small transactions within normal behavioral range,NONE,1,3,7,89974.57,12,0.0078,NORMAL_REPEATED_ACTIVITY
L05_003063,54,TRANSFER,14909.3,C641899669,1784600.65,1769691.35,C_LEGIT_524250934,0.0,14909.3,0,0,L05_00438,LEGITIMATE_MULTIPLE_SMALL_TRANSACTIONS,None - repeated small transactions within normal behavioral range,NONE,1,4,7,89974.57,3,0.0084,NORMAL_REPEATED_ACTIVITY
L05_003064,57,TRANSFER,11893.08,C641899669,1769691.35,1757798.27,C_LEGIT_859032313,0.0,11893.08,0,0,L05_00438,LEGITIMATE_MULTIPLE_SMALL_TRANSACTIONS,None - repeated small transactions within normal behavioral range,NONE,1,5,7,89974.57,3,0.0067,NORMAL_REPEATED_ACTIVITY
L05_003065,88,TRANSFER,13824.66,C641899669,1757798.27,1743973.61,C_LEGIT_669703673,0.0,13824.66,0,0,L05_00438,LEGITIMATE_MULTIPLE_SMALL_TRANSACTIONS,None - repeated small transactions within normal behavioral range,NONE,1,6,7,89974.57,31,0.0079,NORMAL_REPEATED_ACTIVITY
L05_003066,96,TRANSFER,10140.74,C641899669,1743973.61,1733832.87,C_LEGIT_969263381,0.0,10140.74,0,0,L05_00438,LEGITIMATE_MULTIPLE_SMALL_TRANSACTIONS,None - repeated small transactions within normal behavioral range,NONE,1,7,7,89974.57,8,0.0058,NORMAL_REPEATED_ACTIVITY
L05_003067,271,TRANSFER,2033.7,C849017621,40674.0,38640.3,C_LEGIT_614646666,0.0,2033.7,0,0,L05_00439,LEGITIMATE_MULTIPLE_SMALL_TRANSACTIONS,None - repeated small transactions within normal behavioral range,NONE,1,1,7,12269.83,0,0.05,NORMAL_REPEATED_ACTIVITY
L05_003068,273,TRANSFER,1932.02,C849017621,38640.3,36708.28,C_LEGIT_407477312,0.0,1932.02,0,0,L05_00439,LEGITIMATE_MULTIPLE_SMALL_TRANSACTIONS,None - repeated small transactions within normal behavioral range,NONE,1,2,7,12269.83,2,0.05,NORMAL_REPEATED_ACTIVITY
L05_003069,300,TRANSFER,1835.41,C849017621,36708.28,34872.87,C_LEGIT_969123995,0.0,1835.41,0,0,L05_00439,LEGITIMATE_MULTIPLE_SMALL_TRANSACTIONS,None - repeated small transactions within normal behavioral range,NONE,1,3,7,12269.83,27,0.05,NORMAL_REPEATED_ACTIVITY
L05_003070,328,TRANSFER,1743.64,C849017621,34872.87,33129.23,C_LEGIT_583109099,0.0,1743.64,0,0,L05_00439,LEGITIMATE_MULTIPLE_SMALL_TRANSACTIONS,None - repeated small transactions within normal behavioral range,NONE,1,4,7,12269.83,28,0.05,NORMAL_REPEATED_ACTIVITY
L05_003071,329,TRANSFER,1656.46,C849017621,33129.23,31472.77,C_LEGIT_142393565,0.0,1656.46,0,0,L05_00439,LEGITIMATE_MULTIPLE_SMALL_TRANSACTIONS,None - repeated small transactions within normal behavioral range,NONE,1,5,7,12269.83,1,0.05,NORMAL_REPEATED_ACTIVITY
L05_003072,330,TRANSFER,1573.64,C849017621,31472.77,29899.13,C_LEGIT_385942967,0.0,1573.64,0,0,L05_00439,LEGITIMATE_MULTIPLE_SMALL_TRANSACTIONS,None - repeated small transactions within normal behavioral range,NONE,1,6,7,12269.83,1,0.05,NORMAL_REPEATED_ACTIVITY
L05_003073,343,TRANSFER,1494.96,C849017621,29899.13,28404.17,C_LEGIT_817887901,0.0,1494.96,0,0,L05_00439,LEGITIMATE_MULTIPLE_SMALL_TRANSACTIONS,None - repeated small transactions within normal behavioral range,NONE,1,7,7,12269.83,13,0.05,NORMAL_REPEATED_ACTIVITY
L05_003074,259,TRANSFER,9206.39,C556840124,184127.85,174921.46,C_LEGIT_305229539,0.0,9206.39,0,0,L05_00440,LEGITIMATE_MULTIPLE_SMALL_TRANSACTIONS,None - repeated small transactions within normal behavioral range,NONE,1,1,7,55544.5,0,0.05,NORMAL_REPEATED_ACTIVITY
L05_003075,274,TRANSFER,8746.07,C556840124,174921.46,166175.39,C_LEGIT_783650402,0.0,8746.07,0,0,L05_00440,LEGITIMATE_MULTIPLE_SMALL_TRANSACTIONS,None - repeated small transactions within normal behavioral range,NONE,1,2,7,55544.5,15,0.05,NORMAL_REPEATED_ACTIVITY
L05_003076,277,TRANSFER,8308.77,C556840124,166175.39,157866.62,C_LEGIT_336614029,0.0,8308.77,0,0,L05_00440,LEGITIMATE_MULTIPLE_SMALL_TRANSACTIONS,None - repeated small transactions within normal behavioral range,NONE,1,3,7,55544.5,3,0.05,NORMAL_REPEATED_ACTIVITY
L05_003077,286,TRANSFER,7893.33,C556840124,157866.62,149973.29,C_LEGIT_278961143,0.0,7893.33,0,0,L05_00440,LEGITIMATE_MULTIPLE_SMALL_TRANSACTIONS,None - repeated small transactions within normal behavioral range,NONE,1,4,7,55544.5,9,0.05,NORMAL_REPEATED_ACTIVITY
L05_003078,293,TRANSFER,7498.66,C556840124,149973.29,142474.63,C_LEGIT_780367836,0.0,7498.66,0,0,L05_00440,LEGITIMATE_MULTIPLE_SMALL_TRANSACTIONS,None - repeated small transactions within normal behavioral range,NONE,1,5,7,55544.5,7,0.05,NORMAL_REPEATED_ACTIVITY
L05_003079,296,TRANSFER,7123.73,C556840124,142474.63,135350.9,C_LEGIT_840347247,0.0,7123.73,0,0,L05_00440,LEGITIMATE_MULTIPLE_SMALL_TRANSACTIONS,None - repeated small transactions within normal behavioral range,NONE,1,6,7,55544.5,3,0.05,NORMAL_REPEATED_ACTIVITY
L05_003080,327,TRANSFER,6767.55,C556840124,135350.9,128583.35,C_LEGIT_430542981,0.0,6767.55,0,0,L05_00440,LEGITIMATE_MULTIPLE_SMALL_TRANSACTIONS,None - repeated small transactions within normal behavioral range,NONE,1,7,7,55544.5,31,0.05,NORMAL_REPEATED_ACTIVITY
L05_003081,376,TRANSFER,5205.65,C1516257828,104113.0,98907.35,C_LEGIT_967006192,0.0,5205.65,0,0,L05_00441,LEGITIMATE_MULTIPLE_SMALL_TRANSACTIONS,None - repeated small transactions within normal behavioral range,NONE,1,1,7,31407.0,0,0.05,NORMAL_REPEATED_ACTIVITY
L05_003082,378,TRANSFER,4945.37,C1516257828,98907.35,93961.98,C_LEGIT_833124321,0.0,4945.37,0,0,L05_00441,LEGITIMATE_MULTIPLE_SMALL_TRANSACTIONS,None - repeated small transactions within normal behavioral range,NONE,1,2,7,31407.0,2,0.05,NORMAL_REPEATED_ACTIVITY
L05_003083,398,TRANSFER,4698.1,C1516257828,93961.98,89263.88,C_LEGIT_524359556,0.0,4698.1,0,0,L05_00441,LEGITIMATE_MULTIPLE_SMALL_TRANSACTIONS,None - repeated small transactions within normal behavioral range,NONE,1,3,7,31407.0,20,0.05,NORMAL_REPEATED_ACTIVITY
L05_003084,415,TRANSFER,4463.19,C1516257828,89263.88,84800.69,C_LEGIT_903043421,0.0,4463.19,0,0,L05_00441,LEGITIMATE_MULTIPLE_SMALL_TRANSACTIONS,None - repeated small transactions within normal behavioral range,NONE,1,4,7,31407.0,17,0.05,NORMAL_REPEATED_ACTIVITY
L05_003085,422,TRANSFER,4240.03,C1516257828,84800.69,80560.66,C_LEGIT_304725604,0.0,4240.03,0,0,L05_00441,LEGITIMATE_MULTIPLE_SMALL_TRANSACTIONS,None - repeated small transactions within normal behavioral range,NONE,1,5,7,31407.0,7,0.05,NORMAL_REPEATED_ACTIVITY
L05_003086,423,TRANSFER,4028.03,C1516257828,80560.66,76532.63,C_LEGIT_504317292,0.0,4028.03,0,0,L05_00441,LEGITIMATE_MULTIPLE_SMALL_TRANSACTIONS,None - repeated small transactions within normal behavioral range,NONE,1,6,7,31407.0,1,0.05,NORMAL_REPEATED_ACTIVITY
L05_003087,444,TRANSFER,3826.63,C1516257828,76532.63,72706.0,C_LEGIT_550859928,0.0,3826.63,0,0,L05_00441,LEGITIMATE_MULTIPLE_SMALL_TRANSACTIONS,None - repeated small transactions within normal behavioral range,NONE,1,7,7,31407.0,21,0.05,NORMAL_REPEATED_ACTIVITY
L05_003088,158,TRANSFER,4282.3,C1010606557,106667.0,102384.7,C_LEGIT_457229990,0.0,4282.3,0,0,L05_00442,LEGITIMATE_MULTIPLE_SMALL_TRANSACTIONS,None - repeated small transactions within normal behavioral range,NONE,1,1,7,28734.51,0,0.0401,NORMAL_REPEATED_ACTIVITY
L05_003089,174,TRANSFER,4257.89,C1010606557,102384.7,98126.81,C_LEGIT_857822785,0.0,4257.89,0,0,L05_00442,LEGITIMATE_MULTIPLE_SMALL_TRANSACTIONS,None - repeated small transactions within normal behavioral range,NONE,1,2,7,28734.51,16,0.0416,NORMAL_REPEATED_ACTIVITY
L05_003090,183,TRANSFER,4373.07,C1010606557,98126.81,93753.74,C_LEGIT_726590792,0.0,4373.07,0,0,L05_00442,LEGITIMATE_MULTIPLE_SMALL_TRANSACTIONS,None - repeated small transactions within normal behavioral range,NONE,1,3,7,28734.51,9,0.0446,NORMAL_REPEATED_ACTIVITY
L05_003091,191,TRANSFER,4642.15,C1010606557,93753.74,89111.59,C_LEGIT_690052153,0.0,4642.15,0,0,L05_00442,LEGITIMATE_MULTIPLE_SMALL_TRANSACTIONS,None - repeated small transactions within normal behavioral range,NONE,1,4,7,28734.51,8,0.0495,NORMAL_REPEATED_ACTIVITY
L05_003092,201,TRANSFER,4160.68,C1010606557,89111.59,84950.91,C_LEGIT_195572275,0.0,4160.68,0,0,L05_00442,LEGITIMATE_MULTIPLE_SMALL_TRANSACTIONS,None - repeated small transactions within normal behavioral range,NONE,1,5,7,28734.51,10,0.0467,NORMAL_REPEATED_ACTIVITY
L05_003093,227,TRANSFER,3715.28,C1010606557,84950.91,81235.63,C_LEGIT_255350704,0.0,3715.28,0,0,L05_00442,LEGITIMATE_MULTIPLE_SMALL_TRANSACTIONS,None - repeated small transactions within normal behavioral range,NONE,1,6,7,28734.51,26,0.0437,NORMAL_REPEATED_ACTIVITY
L05_003094,235,TRANSFER,3303.14,C1010606557,81235.63,77932.49,C_LEGIT_904545316,0.0,3303.14,0,0,L05_00442,LEGITIMATE_MULTIPLE_SMALL_TRANSACTIONS,None - repeated small transactions within normal behavioral range,NONE,1,7,7,28734.51,8,0.0407,NORMAL_REPEATED_ACTIVITY
L05_003095,56,TRANSFER,11869.3,C767152462,237386.0,225516.7,C_LEGIT_230399232,0.0,11869.3,0,0,L05_00443,LEGITIMATE_MULTIPLE_SMALL_TRANSACTIONS,None - repeated small transactions within normal behavioral range,NONE,1,1,7,71610.51,0,0.05,NORMAL_REPEATED_ACTIVITY
L05_003096,87,TRANSFER,11275.84,C767152462,225516.7,214240.86,C_LEGIT_403767378,0.0,11275.84,0,0,L05_00443,LEGITIMATE_MULTIPLE_SMALL_TRANSACTIONS,None - repeated small transactions within normal behavioral range,NONE,1,2,7,71610.51,31,0.05,NORMAL_REPEATED_ACTIVITY
L05_003097,97,TRANSFER,10712.04,C767152462,214240.86,203528.82,C_LEGIT_436204957,0.0,10712.04,0,0,L05_00443,LEGITIMATE_MULTIPLE_SMALL_TRANSACTIONS,None - repeated small transactions within normal behavioral range,NONE,1,3,7,71610.51,10,0.05,NORMAL_REPEATED_ACTIVITY
L05_003098,118,TRANSFER,10176.44,C767152462,203528.82,193352.38,C_LEGIT_776661645,0.0,10176.44,0,0,L05_00443,LEGITIMATE_MULTIPLE_SMALL_TRANSACTIONS,None - repeated small transactions within normal behavioral range,NONE,1,4,7,71610.51,21,0.05,NORMAL_REPEATED_ACTIVITY
L05_003099,125,TRANSFER,9667.62,C767152462,193352.38,183684.76,C_LEGIT_401325452,0.0,9667.62,0,0,L05_00443,LEGITIMATE_MULTIPLE_SMALL_TRANSACTIONS,None - repeated small transactions within normal behavioral range,NONE,1,5,7,71610.51,7,0.05,NORMAL_REPEATED_ACTIVITY
L05_003100,131,TRANSFER,9184.24,C767152462,183684.76,174500.52,C_LEGIT_721524074,0.0,9184.24,0,0,L05_00443,LEGITIMATE_MULTIPLE_SMALL_TRANSACTIONS,None - repeated small transactions within normal behavioral range,NONE,1,6,7,71610.51,6,0.05,NORMAL_REPEATED_ACTIVITY
L05_003101,134,TRANSFER,8725.03,C767152462,174500.52,165775.49,C_LEGIT_395808144,0.0,8725.03,0,0,L05_00443,LEGITIMATE_MULTIPLE_SMALL_TRANSACTIONS,None - repeated small transactions within normal behavioral range,NONE,1,7,7,71610.51,3,0.05,NORMAL_REPEATED_ACTIVITY
L05_003102,340,TRANSFER,48508.96,C110584023,3368244.46,3319735.5,C_LEGIT_424990211,0.0,48508.96,0,0,L05_00444,LEGITIMATE_MULTIPLE_SMALL_TRANSACTIONS,None - repeated small transactions within normal behavioral range,NONE,1,1,7,422922.88,0,0.0144,NORMAL_REPEATED_ACTIVITY
L05_003103,347,TRANSFER,72015.46,C110584023,3319735.5,3247720.04,C_LEGIT_499818574,0.0,72015.46,0,0,L05_00444,LEGITIMATE_MULTIPLE_SMALL_TRANSACTIONS,None - repeated small transactions within normal behavioral range,NONE,1,2,7,422922.88,7,0.0217,NORMAL_REPEATED_ACTIVITY
L05_003104,392,TRANSFER,65030.66,C110584023,3247720.04,3182689.38,C_LEGIT_906355789,0.0,65030.66,0,0,L05_00444,LEGITIMATE_MULTIPLE_SMALL_TRANSACTIONS,None - repeated small transactions within normal behavioral range,NONE,1,3,7,422922.88,45,0.02,NORMAL_REPEATED_ACTIVITY
L05_003105,394,TRANSFER,61866.55,C110584023,3182689.38,3120822.83,C_LEGIT_714142421,0.0,61866.55,0,0,L05_00444,LEGITIMATE_MULTIPLE_SMALL_TRANSACTIONS,None - repeated small transactions within normal behavioral range,NONE,1,4,7,422922.88,2,0.0194,NORMAL_REPEATED_ACTIVITY
L05_003106,412,TRANSFER,61085.23,C110584023,3120822.83,3059737.6,C_LEGIT_886999109,0.0,61085.23,0,0,L05_00444,LEGITIMATE_MULTIPLE_SMALL_TRANSACTIONS,None - repeated small transactions within normal behavioral range,NONE,1,5,7,422922.88,18,0.0196,NORMAL_REPEATED_ACTIVITY
L05_003107,414,TRANSFER,60312.06,C110584023,3059737.6,2999425.54,C_LEGIT_467231546,0.0,60312.06,0,0,L05_00444,LEGITIMATE_MULTIPLE_SMALL_TRANSACTIONS,None - repeated small transactions within normal behavioral range,NONE,1,6,7,422922.88,2,0.0197,NORMAL_REPEATED_ACTIVITY
L05_003108,422,TRANSFER,54103.96,C110584023,2999425.54,2945321.58,C_LEGIT_244753021,0.0,54103.96,0,0,L05_00444,LEGITIMATE_MULTIPLE_SMALL_TRANSACTIONS,None - repeated small transactions within normal behavioral range,NONE,1,7,7,422922.88,8,0.018,NORMAL_REPEATED_ACTIVITY
L05_003109,579,TRANSFER,3418.8,C242821570,68376.0,64957.2,C_LEGIT_441609982,0.0,3418.8,0,0,L05_00445,LEGITIMATE_MULTIPLE_SMALL_TRANSACTIONS,None - repeated small transactions within normal behavioral range,NONE,1,1,7,20626.48,0,0.05,NORMAL_REPEATED_ACTIVITY
L05_003110,588,TRANSFER,3247.86,C242821570,64957.2,61709.34,C_LEGIT_913150865,0.0,3247.86,0,0,L05_00445,LEGITIMATE_MULTIPLE_SMALL_TRANSACTIONS,None - repeated small transactions within normal behavioral range,NONE,1,2,7,20626.48,9,0.05,NORMAL_REPEATED_ACTIVITY
L05_003111,590,TRANSFER,3085.47,C242821570,61709.34,58623.87,C_LEGIT_813532326,0.0,3085.47,0,0,L05_00445,LEGITIMATE_MULTIPLE_SMALL_TRANSACTIONS,None - repeated small transactions within normal behavioral range,NONE,1,3,7,20626.48,2,0.05,NORMAL_REPEATED_ACTIVITY
L05_003112,606,TRANSFER,2931.19,C242821570,58623.87,55692.68,C_LEGIT_725172848,0.0,2931.19,0,0,L05_00445,LEGITIMATE_MULTIPLE_SMALL_TRANSACTIONS,None - repeated small transactions within normal behavioral range,NONE,1,4,7,20626.48,16,0.05,NORMAL_REPEATED_ACTIVITY
L05_003113,628,TRANSFER,2784.63,C242821570,55692.68,52908.05,C_LEGIT_841851779,0.0,2784.63,0,0,L05_00445,LEGITIMATE_MULTIPLE_SMALL_TRANSACTIONS,None - repeated small transactions within normal behavioral range,NONE,1,5,7,20626.48,22,0.05,NORMAL_REPEATED_ACTIVITY
L05_003114,639,TRANSFER,2645.4,C242821570,52908.05,50262.65,C_LEGIT_534158739,0.0,2645.4,0,0,L05_00445,LEGITIMATE_MULTIPLE_SMALL_TRANSACTIONS,None - repeated small transactions within normal behavioral range,NONE,1,6,7,20626.48,11,0.05,NORMAL_REPEATED_ACTIVITY
L05_003115,646,TRANSFER,2513.13,C242821570,50262.65,47749.52,C_LEGIT_369012593,0.0,2513.13,0,0,L05_00445,LEGITIMATE_MULTIPLE_SMALL_TRANSACTIONS,None - repeated small transactions within normal behavioral range,NONE,1,7,7,20626.48,7,0.05,NORMAL_REPEATED_ACTIVITY
L05_003116,375,TRANSFER,129721.9,C388624066,9229996.59,9100274.69,C_LEGIT_151444304,0.0,129721.9,0,0,L05_00446,LEGITIMATE_MULTIPLE_SMALL_TRANSACTIONS,None - repeated small transactions within normal behavioral range,NONE,1,1,7,1109581.15,0,0.0141,NORMAL_REPEATED_ACTIVITY
L05_003117,383,TRANSFER,173218.24,C388624066,9100274.69,8927056.45,C_LEGIT_360712374,0.0,173218.24,0,0,L05_00446,LEGITIMATE_MULTIPLE_SMALL_TRANSACTIONS,None - repeated small transactions within normal behavioral range,NONE,1,2,7,1109581.15,8,0.019,NORMAL_REPEATED_ACTIVITY
L05_003118,392,TRANSFER,125757.1,C388624066,8927056.45,8801299.35,C_LEGIT_156088508,0.0,125757.1,0,0,L05_00446,LEGITIMATE_MULTIPLE_SMALL_TRANSACTIONS,None - repeated small transactions within normal behavioral range,NONE,1,3,7,1109581.15,9,0.0141,NORMAL_REPEATED_ACTIVITY
L05_003119,399,TRANSFER,159405.49,C388624066,8801299.35,8641893.86,C_LEGIT_339308701,0.0,159405.49,0,0,L05_00446,LEGITIMATE_MULTIPLE_SMALL_TRANSACTIONS,None - repeated small transactions within normal behavioral range,NONE,1,4,7,1109581.15,7,0.0181,NORMAL_REPEATED_ACTIVITY
L05_003120,410,TRANSFER,170130.01,C388624066,8641893.86,8471763.85,C_LEGIT_899089804,0.0,170130.01,0,0,L05_00446,LEGITIMATE_MULTIPLE_SMALL_TRANSACTIONS,None - repeated small transactions within normal behavioral range,NONE,1,5,7,1109581.15,11,0.0197,NORMAL_REPEATED_ACTIVITY
L05_003121,412,TRANSFER,204675.06,C388624066,8471763.85,8267088.79,C_LEGIT_958651749,0.0,204675.06,0,0,L05_00446,LEGITIMATE_MULTIPLE_SMALL_TRANSACTIONS,None - repeated small transactions within normal behavioral range,NONE,1,6,7,1109581.15,2,0.0242,NORMAL_REPEATED_ACTIVITY
L05_003122,414,TRANSFER,146673.35,C388624066,8267088.79,8120415.44,C_LEGIT_590923826,0.0,146673.35,0,0,L05_00446,LEGITIMATE_MULTIPLE_SMALL_TRANSACTIONS,None - repeated small transactions within normal behavioral range,NONE,1,7,7,1109581.15,2,0.0177,NORMAL_REPEATED_ACTIVITY
L05_003123,269,TRANSFER,46009.23,C1553345320,920184.55,874175.32,C_LEGIT_532297303,0.0,46009.23,0,0,L05_00447,LEGITIMATE_MULTIPLE_SMALL_TRANSACTIONS,None - repeated small transactions within normal behavioral range,NONE,1,1,7,277585.36,0,0.05,NORMAL_REPEATED_ACTIVITY
L05_003124,276,TRANSFER,43708.77,C1553345320,874175.32,830466.55,C_LEGIT_732499541,0.0,43708.77,0,0,L05_00447,LEGITIMATE_MULTIPLE_SMALL_TRANSACTIONS,None - repeated small transactions within normal behavioral range,NONE,1,2,7,277585.36,7,0.05,NORMAL_REPEATED_ACTIVITY
L05_003125,278,TRANSFER,41523.33,C1553345320,830466.55,788943.22,C_LEGIT_705489723,0.0,41523.33,0,0,L05_00447,LEGITIMATE_MULTIPLE_SMALL_TRANSACTIONS,None - repeated small transactions within normal behavioral range,NONE,1,3,7,277585.36,2,0.05,NORMAL_REPEATED_ACTIVITY
L05_003126,284,TRANSFER,39447.16,C1553345320,788943.22,749496.06,C_LEGIT_332327725,0.0,39447.16,0,0,L05_00447,LEGITIMATE_MULTIPLE_SMALL_TRANSACTIONS,None - repeated small transactions within normal behavioral range,NONE,1,4,7,277585.36,6,0.05,NORMAL_REPEATED_ACTIVITY
L05_003127,296,TRANSFER,37474.8,C1553345320,749496.06,712021.26,C_LEGIT_815719113,0.0,37474.8,0,0,L05_00447,LEGITIMATE_MULTIPLE_SMALL_TRANSACTIONS,None - repeated small transactions within normal behavioral range,NONE,1,5,7,277585.36,12,0.05,NORMAL_REPEATED_ACTIVITY
L05_003128,321,TRANSFER,35601.06,C1553345320,712021.26,676420.2,C_LEGIT_406002459,0.0,35601.06,0,0,L05_00447,LEGITIMATE_MULTIPLE_SMALL_TRANSACTIONS,None - repeated small transactions within normal behavioral range,NONE,1,6,7,277585.36,25,0.05,NORMAL_REPEATED_ACTIVITY
L05_003129,339,TRANSFER,33821.01,C1553345320,676420.2,642599.19,C_LEGIT_517615880,0.0,33821.01,0,0,L05_00447,LEGITIMATE_MULTIPLE_SMALL_TRANSACTIONS,None - repeated small transactions within normal behavioral range,NONE,1,7,7,277585.36,18,0.05,NORMAL_REPEATED_ACTIVITY
L05_003130,29,TRANSFER,1054.85,C1333908337,21097.0,20042.15,C_LEGIT_451614743,0.0,1054.85,0,0,L05_00448,LEGITIMATE_MULTIPLE_SMALL_TRANSACTIONS,None - repeated small transactions within normal behavioral range,NONE,1,1,7,6364.17,0,0.05,NORMAL_REPEATED_ACTIVITY
L05_003131,41,TRANSFER,1002.11,C1333908337,20042.15,19040.04,C_LEGIT_261584550,0.0,1002.11,0,0,L05_00448,LEGITIMATE_MULTIPLE_SMALL_TRANSACTIONS,None - repeated small transactions within normal behavioral range,NONE,1,2,7,6364.17,12,0.05,NORMAL_REPEATED_ACTIVITY
L05_003132,42,TRANSFER,952.0,C1333908337,19040.04,18088.04,C_LEGIT_224410666,0.0,952.0,0,0,L05_00448,LEGITIMATE_MULTIPLE_SMALL_TRANSACTIONS,None - repeated small transactions within normal behavioral range,NONE,1,3,7,6364.17,1,0.05,NORMAL_REPEATED_ACTIVITY
L05_003133,63,TRANSFER,904.4,C1333908337,18088.04,17183.64,C_LEGIT_828937633,0.0,904.4,0,0,L05_00448,LEGITIMATE_MULTIPLE_SMALL_TRANSACTIONS,None - repeated small transactions within normal behavioral range,NONE,1,4,7,6364.17,21,0.05,NORMAL_REPEATED_ACTIVITY
L05_003134,68,TRANSFER,859.18,C1333908337,17183.64,16324.46,C_LEGIT_461566924,0.0,859.18,0,0,L05_00448,LEGITIMATE_MULTIPLE_SMALL_TRANSACTIONS,None - repeated small transactions within normal behavioral range,NONE,1,5,7,6364.17,5,0.05,NORMAL_REPEATED_ACTIVITY
L05_003135,106,TRANSFER,816.22,C1333908337,16324.46,15508.24,C_LEGIT_330929906,0.0,816.22,0,0,L05_00448,LEGITIMATE_MULTIPLE_SMALL_TRANSACTIONS,None - repeated small transactions within normal behavioral range,NONE,1,6,7,6364.17,38,0.05,NORMAL_REPEATED_ACTIVITY
L05_003136,117,TRANSFER,775.41,C1333908337,15508.24,14732.83,C_LEGIT_216752460,0.0,775.41,0,0,L05_00448,LEGITIMATE_MULTIPLE_SMALL_TRANSACTIONS,None - repeated small transactions within normal behavioral range,NONE,1,7,7,6364.17,11,0.05,NORMAL_REPEATED_ACTIVITY
L05_003137,209,TRANSFER,25769.95,C6098347,3405697.19,3379927.24,C_LEGIT_126520515,0.0,25769.95,0,0,L05_00449,LEGITIMATE_MULTIPLE_SMALL_TRANSACTIONS,None - repeated small transactions within normal behavioral range,NONE,1,1,7,160755.25,0,0.0076,NORMAL_REPEATED_ACTIVITY
L05_003138,216,TRANSFER,23489.07,C6098347,3379927.24,3356438.17,C_LEGIT_979436990,0.0,23489.07,0,0,L05_00449,LEGITIMATE_MULTIPLE_SMALL_TRANSACTIONS,None - repeated small transactions within normal behavioral range,NONE,1,2,7,160755.25,7,0.0069,NORMAL_REPEATED_ACTIVITY
L05_003139,240,TRANSFER,20514.65,C6098347,3356438.17,3335923.52,C_LEGIT_993895150,0.0,20514.65,0,0,L05_00449,LEGITIMATE_MULTIPLE_SMALL_TRANSACTIONS,None - repeated small transactions within normal behavioral range,NONE,1,3,7,160755.25,24,0.0061,NORMAL_REPEATED_ACTIVITY
L05_003140,242,TRANSFER,23799.46,C6098347,3335923.52,3312124.06,C_LEGIT_988118232,0.0,23799.46,0,0,L05_00449,LEGITIMATE_MULTIPLE_SMALL_TRANSACTIONS,None - repeated small transactions within normal behavioral range,NONE,1,4,7,160755.25,2,0.0071,NORMAL_REPEATED_ACTIVITY
L05_003141,254,TRANSFER,24171.4,C6098347,3312124.06,3287952.66,C_LEGIT_104018535,0.0,24171.4,0,0,L05_00449,LEGITIMATE_MULTIPLE_SMALL_TRANSACTIONS,None - repeated small transactions within normal behavioral range,NONE,1,5,7,160755.25,12,0.0073,NORMAL_REPEATED_ACTIVITY
L05_003142,280,TRANSFER,19354.44,C6098347,3287952.66,3268598.22,C_LEGIT_238932831,0.0,19354.44,0,0,L05_00449,LEGITIMATE_MULTIPLE_SMALL_TRANSACTIONS,None - repeated small transactions within normal behavioral range,NONE,1,6,7,160755.25,26,0.0059,NORMAL_REPEATED_ACTIVITY
L05_003143,282,TRANSFER,23656.28,C6098347,3268598.22,3244941.94,C_LEGIT_987832245,0.0,23656.28,0,0,L05_00449,LEGITIMATE_MULTIPLE_SMALL_TRANSACTIONS,None - repeated small transactions within normal behavioral range,NONE,1,7,7,160755.25,2,0.0072,NORMAL_REPEATED_ACTIVITY
L05_003144,243,TRANSFER,5156.48,C1280586323,103129.57,97973.09,C_LEGIT_165171618,0.0,5156.48,0,0,L05_00450,LEGITIMATE_MULTIPLE_SMALL_TRANSACTIONS,None - repeated small transactions within normal behavioral range,NONE,1,1,7,31110.35,0,0.05,NORMAL_REPEATED_ACTIVITY
L05_003145,254,TRANSFER,4898.65,C1280586323,97973.09,93074.44,C_LEGIT_988379041,0.0,4898.65,0,0,L05_00450,LEGITIMATE_MULTIPLE_SMALL_TRANSACTIONS,None - repeated small transactions within normal behavioral range,NONE,1,2,7,31110.35,11,0.05,NORMAL_REPEATED_ACTIVITY
L05_003146,258,TRANSFER,4653.72,C1280586323,93074.44,88420.72,C_LEGIT_885105552,0.0,4653.72,0,0,L05_00450,LEGITIMATE_MULTIPLE_SMALL_TRANSACTIONS,None - repeated small transactions within normal behavioral range,NONE,1,3,7,31110.35,4,0.05,NORMAL_REPEATED_ACTIVITY
L05_003147,273,TRANSFER,4421.04,C1280586323,88420.72,83999.68,C_LEGIT_698495419,0.0,4421.04,0,0,L05_00450,LEGITIMATE_MULTIPLE_SMALL_TRANSACTIONS,None - repeated small transactions within normal behavioral range,NONE,1,4,7,31110.35,15,0.05,NORMAL_REPEATED_ACTIVITY
L05_003148,294,TRANSFER,4199.98,C1280586323,83999.68,79799.7,C_LEGIT_240251224,0.0,4199.98,0,0,L05_00450,LEGITIMATE_MULTIPLE_SMALL_TRANSACTIONS,None - repeated small transactions within normal behavioral range,NONE,1,5,7,31110.35,21,0.05,NORMAL_REPEATED_ACTIVITY
L05_003149,313,TRANSFER,3989.99,C1280586323,79799.7,75809.71,C_LEGIT_384622499,0.0,3989.99,0,0,L05_00450,LEGITIMATE_MULTIPLE_SMALL_TRANSACTIONS,None - repeated small transactions within normal behavioral range,NONE,1,6,7,31110.35,19,0.05,NORMAL_REPEATED_ACTIVITY
L05_003150,318,TRANSFER,3790.49,C1280586323,75809.71,72019.22,C_LEGIT_822626458,0.0,3790.49,0,0,L05_00450,LEGITIMATE_MULTIPLE_SMALL_TRANSACTIONS,None - repeated small transactions within normal behavioral range,NONE,1,7,7,31110.35,5,0.05,NORMAL_REPEATED_ACTIVITY
L05_003151,160,TRANSFER,7333.8,C1697646108,146676.0,139342.2,C_LEGIT_555311206,0.0,7333.8,0,0,L05_00451,LEGITIMATE_MULTIPLE_SMALL_TRANSACTIONS,None - repeated small transactions within normal behavioral range,NONE,1,1,7,44246.68,0,0.05,NORMAL_REPEATED_ACTIVITY
L05_003152,178,TRANSFER,6967.11,C1697646108,139342.2,132375.09,C_LEGIT_743379879,0.0,6967.11,0,0,L05_00451,LEGITIMATE_MULTIPLE_SMALL_TRANSACTIONS,None - repeated small transactions within normal behavioral range,NONE,1,2,7,44246.68,18,0.05,NORMAL_REPEATED_ACTIVITY
L05_003153,182,TRANSFER,6618.75,C1697646108,132375.09,125756.34,C_LEGIT_420002818,0.0,6618.75,0,0,L05_00451,LEGITIMATE_MULTIPLE_SMALL_TRANSACTIONS,None - repeated small transactions within normal behavioral range,NONE,1,3,7,44246.68,4,0.05,NORMAL_REPEATED_ACTIVITY
L05_003154,210,TRANSFER,6287.82,C1697646108,125756.34,119468.52,C_LEGIT_575419774,0.0,6287.82,0,0,L05_00451,LEGITIMATE_MULTIPLE_SMALL_TRANSACTIONS,None - repeated small transactions within normal behavioral range,NONE,1,4,7,44246.68,28,0.05,NORMAL_REPEATED_ACTIVITY
L05_003155,215,TRANSFER,5973.43,C1697646108,119468.52,113495.09,C_LEGIT_830222593,0.0,5973.43,0,0,L05_00451,LEGITIMATE_MULTIPLE_SMALL_TRANSACTIONS,None - repeated small transactions within normal behavioral range,NONE,1,5,7,44246.68,5,0.05,NORMAL_REPEATED_ACTIVITY
L05_003156,216,TRANSFER,5674.75,C1697646108,113495.09,107820.34,C_LEGIT_663921098,0.0,5674.75,0,0,L05_00451,LEGITIMATE_MULTIPLE_SMALL_TRANSACTIONS,None - repeated small transactions within normal behavioral range,NONE,1,6,7,44246.68,1,0.05,NORMAL_REPEATED_ACTIVITY
L05_003157,234,TRANSFER,5391.02,C1697646108,107820.34,102429.32,C_LEGIT_433659319,0.0,5391.02,0,0,L05_00451,LEGITIMATE_MULTIPLE_SMALL_TRANSACTIONS,None - repeated small transactions within normal behavioral range,NONE,1,7,7,44246.68,18,0.05,NORMAL_REPEATED_ACTIVITY
L05_003158,336,TRANSFER,500.9,C40612068,10018.0,9517.1,C_LEGIT_159347510,0.0,500.9,0,0,L05_00452,LEGITIMATE_MULTIPLE_SMALL_TRANSACTIONS,None - repeated small transactions within normal behavioral range,NONE,1,1,7,3022.07,0,0.05,NORMAL_REPEATED_ACTIVITY
L05_003159,339,TRANSFER,475.86,C40612068,9517.1,9041.24,C_LEGIT_209879105,0.0,475.86,0,0,L05_00452,LEGITIMATE_MULTIPLE_SMALL_TRANSACTIONS,None - repeated small transactions within normal behavioral range,NONE,1,2,7,3022.07,3,0.05,NORMAL_REPEATED_ACTIVITY
L05_003160,358,TRANSFER,452.06,C40612068,9041.24,8589.18,C_LEGIT_575552954,0.0,452.06,0,0,L05_00452,LEGITIMATE_MULTIPLE_SMALL_TRANSACTIONS,None - repeated small transactions within normal behavioral range,NONE,1,3,7,3022.07,19,0.05,NORMAL_REPEATED_ACTIVITY
L05_003161,359,TRANSFER,429.46,C40612068,8589.18,8159.72,C_LEGIT_215375146,0.0,429.46,0,0,L05_00452,LEGITIMATE_MULTIPLE_SMALL_TRANSACTIONS,None - repeated small transactions within normal behavioral range,NONE,1,4,7,3022.07,1,0.05,NORMAL_REPEATED_ACTIVITY
L05_003162,374,TRANSFER,407.99,C40612068,8159.72,7751.73,C_LEGIT_211799157,0.0,407.99,0,0,L05_00452,LEGITIMATE_MULTIPLE_SMALL_TRANSACTIONS,None - repeated small transactions within normal behavioral range,NONE,1,5,7,3022.07,15,0.05,NORMAL_REPEATED_ACTIVITY
L05_003163,398,TRANSFER,387.59,C40612068,7751.73,7364.14,C_LEGIT_244951676,0.0,387.59,0,0,L05_00452,LEGITIMATE_MULTIPLE_SMALL_TRANSACTIONS,None - repeated small transactions within normal behavioral range,NONE,1,6,7,3022.07,24,0.05,NORMAL_REPEATED_ACTIVITY
L05_003164,419,TRANSFER,368.21,C40612068,7364.14,6995.93,C_LEGIT_383107497,0.0,368.21,0,0,L05_00452,LEGITIMATE_MULTIPLE_SMALL_TRANSACTIONS,None - repeated small transactions within normal behavioral range,NONE,1,7,7,3022.07,21,0.05,NORMAL_REPEATED_ACTIVITY
L05_003165,324,TRANSFER,1.85,C1413097405,37.0,35.15,C_LEGIT_559769884,0.0,1.85,0,0,L05_00453,LEGITIMATE_MULTIPLE_SMALL_TRANSACTIONS,None - repeated small transactions within normal behavioral range,NONE,1,1,7,11.17,0,0.05,NORMAL_REPEATED_ACTIVITY
L05_003166,333,TRANSFER,1.76,C1413097405,35.15,33.39,C_LEGIT_122242388,0.0,1.76,0,0,L05_00453,LEGITIMATE_MULTIPLE_SMALL_TRANSACTIONS,None - repeated small transactions within normal behavioral range,NONE,1,2,7,11.17,9,0.0501,NORMAL_REPEATED_ACTIVITY
L05_003167,355,TRANSFER,1.67,C1413097405,33.39,31.72,C_LEGIT_246027264,0.0,1.67,0,0,L05_00453,LEGITIMATE_MULTIPLE_SMALL_TRANSACTIONS,None - repeated small transactions within normal behavioral range,NONE,1,3,7,11.17,22,0.05,NORMAL_REPEATED_ACTIVITY
L05_003168,358,TRANSFER,1.59,C1413097405,31.72,30.13,C_LEGIT_468169707,0.0,1.59,0,0,L05_00453,LEGITIMATE_MULTIPLE_SMALL_TRANSACTIONS,None - repeated small transactions within normal behavioral range,NONE,1,4,7,11.17,3,0.0501,NORMAL_REPEATED_ACTIVITY
L05_003169,375,TRANSFER,1.51,C1413097405,30.13,28.62,C_LEGIT_359160672,0.0,1.51,0,0,L05_00453,LEGITIMATE_MULTIPLE_SMALL_TRANSACTIONS,None - repeated small transactions within normal behavioral range,NONE,1,5,7,11.17,17,0.0501,NORMAL_REPEATED_ACTIVITY
L05_003170,385,TRANSFER,1.43,C1413097405,28.62,27.19,C_LEGIT_217085348,0.0,1.43,0,0,L05_00453,LEGITIMATE_MULTIPLE_SMALL_TRANSACTIONS,None - repeated small transactions within normal behavioral range,NONE,1,6,7,11.17,10,0.05,NORMAL_REPEATED_ACTIVITY
L05_003171,392,TRANSFER,1.36,C1413097405,27.19,25.83,C_LEGIT_917036466,0.0,1.36,0,0,L05_00453,LEGITIMATE_MULTIPLE_SMALL_TRANSACTIONS,None - repeated small transactions within normal behavioral range,NONE,1,7,7,11.17,7,0.05,NORMAL_REPEATED_ACTIVITY
L05_003172,317,TRANSFER,2187.96,C463953637,496553.26,494365.3,C_LEGIT_158883331,0.0,2187.96,0,0,L05_00454,LEGITIMATE_MULTIPLE_SMALL_TRANSACTIONS,None - repeated small transactions within normal behavioral range,NONE,1,1,7,15326.81,0,0.0044,NORMAL_REPEATED_ACTIVITY
L05_003173,321,TRANSFER,2429.68,C463953637,494365.3,491935.62,C_LEGIT_977112120,0.0,2429.68,0,0,L05_00454,LEGITIMATE_MULTIPLE_SMALL_TRANSACTIONS,None - repeated small transactions within normal behavioral range,NONE,1,2,7,15326.81,4,0.0049,NORMAL_REPEATED_ACTIVITY
L05_003174,335,TRANSFER,2066.53,C463953637,491935.62,489869.09,C_LEGIT_676778729,0.0,2066.53,0,0,L05_00454,LEGITIMATE_MULTIPLE_SMALL_TRANSACTIONS,None - repeated small transactions within normal behavioral range,NONE,1,3,7,15326.81,14,0.0042,NORMAL_REPEATED_ACTIVITY
L05_003175,351,TRANSFER,2574.51,C463953637,489869.09,487294.58,C_LEGIT_543921841,0.0,2574.51,0,0,L05_00454,LEGITIMATE_MULTIPLE_SMALL_TRANSACTIONS,None - repeated small transactions within normal behavioral range,NONE,1,4,7,15326.81,16,0.0053,NORMAL_REPEATED_ACTIVITY
L05_003176,372,TRANSFER,1681.09,C463953637,487294.58,485613.49,C_LEGIT_737284357,0.0,1681.09,0,0,L05_00454,LEGITIMATE_MULTIPLE_SMALL_TRANSACTIONS,None - repeated small transactions within normal behavioral range,NONE,1,5,7,15326.81,21,0.0034,NORMAL_REPEATED_ACTIVITY
L05_003177,376,TRANSFER,2567.06,C463953637,485613.49,483046.43,C_LEGIT_348914312,0.0,2567.06,0,0,L05_00454,LEGITIMATE_MULTIPLE_SMALL_TRANSACTIONS,None - repeated small transactions within normal behavioral range,NONE,1,6,7,15326.81,4,0.0053,NORMAL_REPEATED_ACTIVITY
L05_003178,379,TRANSFER,1819.98,C463953637,483046.43,481226.45,C_LEGIT_147144635,0.0,1819.98,0,0,L05_00454,LEGITIMATE_MULTIPLE_SMALL_TRANSACTIONS,None - repeated small transactions within normal behavioral range,NONE,1,7,7,15326.81,3,0.0038,NORMAL_REPEATED_ACTIVITY
L05_003179,61,TRANSFER,25.7,C645844676,514.0,488.3,C_LEGIT_993445787,0.0,25.7,0,0,L05_00455,LEGITIMATE_MULTIPLE_SMALL_TRANSACTIONS,None - repeated small transactions within normal behavioral range,NONE,1,1,7,155.05,0,0.05,NORMAL_REPEATED_ACTIVITY
L05_003180,73,TRANSFER,24.42,C645844676,488.3,463.88,C_LEGIT_161970719,0.0,24.42,0,0,L05_00455,LEGITIMATE_MULTIPLE_SMALL_TRANSACTIONS,None - repeated small transactions within normal behavioral range,NONE,1,2,7,155.05,12,0.05,NORMAL_REPEATED_ACTIVITY
L05_003181,80,TRANSFER,23.19,C645844676,463.88,440.69,C_LEGIT_758213126,0.0,23.19,0,0,L05_00455,LEGITIMATE_MULTIPLE_SMALL_TRANSACTIONS,None - repeated small transactions within normal behavioral range,NONE,1,3,7,155.05,7,0.05,NORMAL_REPEATED_ACTIVITY
L05_003182,97,TRANSFER,22.03,C645844676,440.69,418.66,C_LEGIT_662801774,0.0,22.03,0,0,L05_00455,LEGITIMATE_MULTIPLE_SMALL_TRANSACTIONS,None - repeated small transactions within normal behavioral range,NONE,1,4,7,155.05,17,0.05,NORMAL_REPEATED_ACTIVITY
L05_003183,108,TRANSFER,20.93,C645844676,418.66,397.73,C_LEGIT_277116633,0.0,20.93,0,0,L05_00455,LEGITIMATE_MULTIPLE_SMALL_TRANSACTIONS,None - repeated small transactions within normal behavioral range,NONE,1,5,7,155.05,11,0.05,NORMAL_REPEATED_ACTIVITY
L05_003184,109,TRANSFER,19.89,C645844676,397.73,377.84,C_LEGIT_818101888,0.0,19.89,0,0,L05_00455,LEGITIMATE_MULTIPLE_SMALL_TRANSACTIONS,None - repeated small transactions within normal behavioral range,NONE,1,6,7,155.05,1,0.05,NORMAL_REPEATED_ACTIVITY
L05_003185,113,TRANSFER,18.89,C645844676,377.84,358.95,C_LEGIT_580560856,0.0,18.89,0,0,L05_00455,LEGITIMATE_MULTIPLE_SMALL_TRANSACTIONS,None - repeated small transactions within normal behavioral range,NONE,1,7,7,155.05,4,0.05,NORMAL_REPEATED_ACTIVITY
L05_003186,311,TRANSFER,4728.47,C571924598,289650.0,284921.53,C_LEGIT_873917131,0.0,4728.47,0,0,L05_00456,LEGITIMATE_MULTIPLE_SMALL_TRANSACTIONS,None - repeated small transactions within normal behavioral range,NONE,1,1,7,28178.68,0,0.0163,NORMAL_REPEATED_ACTIVITY
L05_003187,314,TRANSFER,4608.19,C571924598,284921.53,280313.34,C_LEGIT_790624480,0.0,4608.19,0,0,L05_00456,LEGITIMATE_MULTIPLE_SMALL_TRANSACTIONS,None - repeated small transactions within normal behavioral range,NONE,1,2,7,28178.68,3,0.0162,NORMAL_REPEATED_ACTIVITY
L05_003188,322,TRANSFER,3058.89,C571924598,280313.34,277254.45,C_LEGIT_328674871,0.0,3058.89,0,0,L05_00456,LEGITIMATE_MULTIPLE_SMALL_TRANSACTIONS,None - repeated small transactions within normal behavioral range,NONE,1,3,7,28178.68,8,0.0109,NORMAL_REPEATED_ACTIVITY
L05_003189,336,TRANSFER,4402.0,C571924598,277254.45,272852.45,C_LEGIT_485918295,0.0,4402.0,0,0,L05_00456,LEGITIMATE_MULTIPLE_SMALL_TRANSACTIONS,None - repeated small transactions within normal behavioral range,NONE,1,4,7,28178.68,14,0.0159,NORMAL_REPEATED_ACTIVITY
L05_003190,353,TRANSFER,3246.28,C571924598,272852.45,269606.17,C_LEGIT_890997574,0.0,3246.28,0,0,L05_00456,LEGITIMATE_MULTIPLE_SMALL_TRANSACTIONS,None - repeated small transactions within normal behavioral range,NONE,1,5,7,28178.68,17,0.0119,NORMAL_REPEATED_ACTIVITY
L05_003191,362,TRANSFER,3954.94,C571924598,269606.17,265651.23,C_LEGIT_495047599,0.0,3954.94,0,0,L05_00456,LEGITIMATE_MULTIPLE_SMALL_TRANSACTIONS,None - repeated small transactions within normal behavioral range,NONE,1,6,7,28178.68,9,0.0147,NORMAL_REPEATED_ACTIVITY
L05_003192,399,TRANSFER,4179.91,C571924598,265651.23,261471.32,C_LEGIT_395674811,0.0,4179.91,0,0,L05_00456,LEGITIMATE_MULTIPLE_SMALL_TRANSACTIONS,None - repeated small transactions within normal behavioral range,NONE,1,7,7,28178.68,37,0.0157,NORMAL_REPEATED_ACTIVITY
L05_003193,641,TRANSFER,10776.93,C1371789761,354489.37,343712.44,C_LEGIT_454744523,0.0,10776.93,0,0,L05_00457,LEGITIMATE_MULTIPLE_SMALL_TRANSACTIONS,None - repeated small transactions within normal behavioral range,NONE,1,1,7,98252.1,0,0.0304,NORMAL_REPEATED_ACTIVITY
L05_003194,648,TRANSFER,17185.62,C1371789761,343712.44,326526.82,C_LEGIT_636422679,0.0,17185.62,0,0,L05_00457,LEGITIMATE_MULTIPLE_SMALL_TRANSACTIONS,None - repeated small transactions within normal behavioral range,NONE,1,2,7,98252.1,7,0.05,NORMAL_REPEATED_ACTIVITY
L05_003195,660,TRANSFER,15991.76,C1371789761,326526.82,310535.06,C_LEGIT_837634606,0.0,15991.76,0,0,L05_00457,LEGITIMATE_MULTIPLE_SMALL_TRANSACTIONS,None - repeated small transactions within normal behavioral range,NONE,1,3,7,98252.1,12,0.049,NORMAL_REPEATED_ACTIVITY
L05_003196,668,TRANSFER,11950.51,C1371789761,310535.06,298584.55,C_LEGIT_651390165,0.0,11950.51,0,0,L05_00457,LEGITIMATE_MULTIPLE_SMALL_TRANSACTIONS,None - repeated small transactions within normal behavioral range,NONE,1,4,7,98252.1,8,0.0385,NORMAL_REPEATED_ACTIVITY
L05_003197,672,TRANSFER,14895.92,C1371789761,298584.55,283688.63,C_LEGIT_176150229,0.0,14895.92,0,0,L05_00457,LEGITIMATE_MULTIPLE_SMALL_TRANSACTIONS,None - repeated small transactions within normal behavioral range,NONE,1,5,7,98252.1,4,0.0499,NORMAL_REPEATED_ACTIVITY
L05_003198,679,TRANSFER,14184.43,C1371789761,283688.63,269504.2,C_LEGIT_206578863,0.0,14184.43,0,0,L05_00457,LEGITIMATE_MULTIPLE_SMALL_TRANSACTIONS,None - repeated small transactions within normal behavioral range,NONE,1,6,7,98252.1,7,0.05,NORMAL_REPEATED_ACTIVITY
L05_003199,696,TRANSFER,13266.93,C1371789761,269504.2,256237.27,C_LEGIT_983991913,0.0,13266.93,0,0,L05_00457,LEGITIMATE_MULTIPLE_SMALL_TRANSACTIONS,None - repeated small transactions within normal behavioral range,NONE,1,7,7,98252.1,17,0.0492,NORMAL_REPEATED_ACTIVITY
L05_003200,37,TRANSFER,4533.85,C663360273,403200.0,398666.15,C_LEGIT_279010756,0.0,4533.85,0,0,L05_00458,LEGITIMATE_MULTIPLE_SMALL_TRANSACTIONS,None - repeated small transactions within normal behavioral range,NONE,1,1,7,41974.42,0,0.0112,NORMAL_REPEATED_ACTIVITY
L05_003201,52,TRANSFER,7178.42,C663360273,398666.15,391487.73,C_LEGIT_596002887,0.0,7178.42,0,0,L05_00458,LEGITIMATE_MULTIPLE_SMALL_TRANSACTIONS,None - repeated small transactions within normal behavioral range,NONE,1,2,7,41974.42,15,0.018,NORMAL_REPEATED_ACTIVITY
L05_003202,62,TRANSFER,7049.32,C663360273,391487.73,384438.41,C_LEGIT_157682619,0.0,7049.32,0,0,L05_00458,LEGITIMATE_MULTIPLE_SMALL_TRANSACTIONS,None - repeated small transactions within normal behavioral range,NONE,1,3,7,41974.42,10,0.018,NORMAL_REPEATED_ACTIVITY
L05_003203,66,TRANSFER,6869.56,C663360273,384438.41,377568.85,C_LEGIT_650746900,0.0,6869.56,0,0,L05_00458,LEGITIMATE_MULTIPLE_SMALL_TRANSACTIONS,None - repeated small transactions within normal behavioral range,NONE,1,4,7,41974.42,4,0.0179,NORMAL_REPEATED_ACTIVITY
L05_003204,70,TRANSFER,4749.46,C663360273,377568.85,372819.39,C_LEGIT_437177134,0.0,4749.46,0,0,L05_00458,LEGITIMATE_MULTIPLE_SMALL_TRANSACTIONS,None - repeated small transactions within normal behavioral range,NONE,1,5,7,41974.42,4,0.0126,NORMAL_REPEATED_ACTIVITY
L05_003205,107,TRANSFER,6781.63,C663360273,372819.39,366037.76,C_LEGIT_742173554,0.0,6781.63,0,0,L05_00458,LEGITIMATE_MULTIPLE_SMALL_TRANSACTIONS,None - repeated small transactions within normal behavioral range,NONE,1,6,7,41974.42,37,0.0182,NORMAL_REPEATED_ACTIVITY
L05_003206,112,TRANSFER,4812.18,C663360273,366037.76,361225.58,C_LEGIT_154368313,0.0,4812.18,0,0,L05_00458,LEGITIMATE_MULTIPLE_SMALL_TRANSACTIONS,None - repeated small transactions within normal behavioral range,NONE,1,7,7,41974.42,5,0.0131,NORMAL_REPEATED_ACTIVITY
L05_003207,345,TRANSFER,1520.4,C1847334419,30408.0,28887.6,C_LEGIT_574389317,0.0,1520.4,0,0,L05_00459,LEGITIMATE_MULTIPLE_SMALL_TRANSACTIONS,None - repeated small transactions within normal behavioral range,NONE,1,1,7,9172.96,0,0.05,NORMAL_REPEATED_ACTIVITY
L05_003208,349,TRANSFER,1444.38,C1847334419,28887.6,27443.22,C_LEGIT_282491739,0.0,1444.38,0,0,L05_00459,LEGITIMATE_MULTIPLE_SMALL_TRANSACTIONS,None - repeated small transactions within normal behavioral range,NONE,1,2,7,9172.96,4,0.05,NORMAL_REPEATED_ACTIVITY
L05_003209,365,TRANSFER,1372.16,C1847334419,27443.22,26071.06,C_LEGIT_942973774,0.0,1372.16,0,0,L05_00459,LEGITIMATE_MULTIPLE_SMALL_TRANSACTIONS,None - repeated small transactions within normal behavioral range,NONE,1,3,7,9172.96,16,0.05,NORMAL_REPEATED_ACTIVITY
L05_003210,401,TRANSFER,1303.55,C1847334419,26071.06,24767.51,C_LEGIT_395379853,0.0,1303.55,0,0,L05_00459,LEGITIMATE_MULTIPLE_SMALL_TRANSACTIONS,None - repeated small transactions within normal behavioral range,NONE,1,4,7,9172.96,36,0.05,NORMAL_REPEATED_ACTIVITY
L05_003211,419,TRANSFER,1238.38,C1847334419,24767.51,23529.13,C_LEGIT_266100521,0.0,1238.38,0,0,L05_00459,LEGITIMATE_MULTIPLE_SMALL_TRANSACTIONS,None - repeated small transactions within normal behavioral range,NONE,1,5,7,9172.96,18,0.05,NORMAL_REPEATED_ACTIVITY
L05_003212,424,TRANSFER,1176.46,C1847334419,23529.13,22352.67,C_LEGIT_914435236,0.0,1176.46,0,0,L05_00459,LEGITIMATE_MULTIPLE_SMALL_TRANSACTIONS,None - repeated small transactions within normal behavioral range,NONE,1,6,7,9172.96,5,0.05,NORMAL_REPEATED_ACTIVITY
L05_003213,425,TRANSFER,1117.63,C1847334419,22352.67,21235.04,C_LEGIT_798112563,0.0,1117.63,0,0,L05_00459,LEGITIMATE_MULTIPLE_SMALL_TRANSACTIONS,None - repeated small transactions within normal behavioral range,NONE,1,7,7,9172.96,1,0.05,NORMAL_REPEATED_ACTIVITY
L05_003214,342,TRANSFER,11336.81,C1977158077,226736.19,215399.38,C_LEGIT_373019586,0.0,11336.81,0,0,L05_00460,LEGITIMATE_MULTIPLE_SMALL_TRANSACTIONS,None - repeated small transactions within normal behavioral range,NONE,1,1,7,68397.86,0,0.05,NORMAL_REPEATED_ACTIVITY
L05_003215,347,TRANSFER,10769.97,C1977158077,215399.38,204629.41,C_LEGIT_152974526,0.0,10769.97,0,0,L05_00460,LEGITIMATE_MULTIPLE_SMALL_TRANSACTIONS,None - repeated small transactions within normal behavioral range,NONE,1,2,7,68397.86,5,0.05,NORMAL_REPEATED_ACTIVITY
L05_003216,355,TRANSFER,10231.47,C1977158077,204629.41,194397.94,C_LEGIT_172198963,0.0,10231.47,0,0,L05_00460,LEGITIMATE_MULTIPLE_SMALL_TRANSACTIONS,None - repeated small transactions within normal behavioral range,NONE,1,3,7,68397.86,8,0.05,NORMAL_REPEATED_ACTIVITY
L05_003217,369,TRANSFER,9719.9,C1977158077,194397.94,184678.04,C_LEGIT_419929511,0.0,9719.9,0,0,L05_00460,LEGITIMATE_MULTIPLE_SMALL_TRANSACTIONS,None - repeated small transactions within normal behavioral range,NONE,1,4,7,68397.86,14,0.05,NORMAL_REPEATED_ACTIVITY
L05_003218,374,TRANSFER,9233.9,C1977158077,184678.04,175444.14,C_LEGIT_365493693,0.0,9233.9,0,0,L05_00460,LEGITIMATE_MULTIPLE_SMALL_TRANSACTIONS,None - repeated small transactions within normal behavioral range,NONE,1,5,7,68397.86,5,0.05,NORMAL_REPEATED_ACTIVITY
L05_003219,395,TRANSFER,8772.21,C1977158077,175444.14,166671.93,C_LEGIT_131619589,0.0,8772.21,0,0,L05_00460,LEGITIMATE_MULTIPLE_SMALL_TRANSACTIONS,None - repeated small transactions within normal behavioral range,NONE,1,6,7,68397.86,21,0.05,NORMAL_REPEATED_ACTIVITY
L05_003220,404,TRANSFER,8333.6,C1977158077,166671.93,158338.33,C_LEGIT_384561113,0.0,8333.6,0,0,L05_00460,LEGITIMATE_MULTIPLE_SMALL_TRANSACTIONS,None - repeated small transactions within normal behavioral range,NONE,1,7,7,68397.86,9,0.05,NORMAL_REPEATED_ACTIVITY
L05_003221,271,TRANSFER,172318.84,C1658772833,9933212.46,9760893.62,C_LEGIT_351312663,0.0,172318.84,0,0,L05_00461,LEGITIMATE_MULTIPLE_SMALL_TRANSACTIONS,None - repeated small transactions within normal behavioral range,NONE,1,1,7,1232244.01,0,0.0173,NORMAL_REPEATED_ACTIVITY
L05_003222,275,TRANSFER,146387.93,C1658772833,9760893.62,9614505.69,C_LEGIT_362907450,0.0,146387.93,0,0,L05_00461,LEGITIMATE_MULTIPLE_SMALL_TRANSACTIONS,None - repeated small transactions within normal behavioral range,NONE,1,2,7,1232244.01,4,0.015,NORMAL_REPEATED_ACTIVITY
L05_003223,292,TRANSFER,152640.44,C1658772833,9614505.69,9461865.25,C_LEGIT_307683727,0.0,152640.44,0,0,L05_00461,LEGITIMATE_MULTIPLE_SMALL_TRANSACTIONS,None - repeated small transactions within normal behavioral range,NONE,1,3,7,1232244.01,17,0.0159,NORMAL_REPEATED_ACTIVITY
L05_003224,323,TRANSFER,204675.06,C1658772833,9461865.25,9257190.19,C_LEGIT_189356042,0.0,204675.06,0,0,L05_00461,LEGITIMATE_MULTIPLE_SMALL_TRANSACTIONS,None - repeated small transactions within normal behavioral range,NONE,1,4,7,1232244.01,31,0.0216,NORMAL_REPEATED_ACTIVITY
L05_003225,336,TRANSFER,149033.26,C1658772833,9257190.19,9108156.93,C_LEGIT_860733835,0.0,149033.26,0,0,L05_00461,LEGITIMATE_MULTIPLE_SMALL_TRANSACTIONS,None - repeated small transactions within normal behavioral range,NONE,1,5,7,1232244.01,13,0.0161,NORMAL_REPEATED_ACTIVITY
L05_003226,346,TRANSFER,202513.42,C1658772833,9108156.93,8905643.51,C_LEGIT_525106761,0.0,202513.42,0,0,L05_00461,LEGITIMATE_MULTIPLE_SMALL_TRANSACTIONS,None - repeated small transactions within normal behavioral range,NONE,1,6,7,1232244.01,10,0.0222,NORMAL_REPEATED_ACTIVITY
L05_003227,347,TRANSFER,204675.06,C1658772833,8905643.51,8700968.45,C_LEGIT_939725118,0.0,204675.06,0,0,L05_00461,LEGITIMATE_MULTIPLE_SMALL_TRANSACTIONS,None - repeated small transactions within normal behavioral range,NONE,1,7,7,1232244.01,1,0.023,NORMAL_REPEATED_ACTIVITY
L05_003228,49,TRANSFER,607.18,C340248448,125607.16,124999.98,C_LEGIT_150513892,0.0,607.18,0,0,L05_00462,LEGITIMATE_MULTIPLE_SMALL_TRANSACTIONS,None - repeated small transactions within normal behavioral range,NONE,1,1,7,3369.81,0,0.0048,NORMAL_REPEATED_ACTIVITY
L05_003229,68,TRANSFER,525.51,C340248448,124999.98,124474.47,C_LEGIT_242496162,0.0,525.51,0,0,L05_00462,LEGITIMATE_MULTIPLE_SMALL_TRANSACTIONS,None - repeated small transactions within normal behavioral range,NONE,1,2,7,3369.81,19,0.0042,NORMAL_REPEATED_ACTIVITY
L05_003230,70,TRANSFER,468.14,C340248448,124474.47,124006.33,C_LEGIT_381822055,0.0,468.14,0,0,L05_00462,LEGITIMATE_MULTIPLE_SMALL_TRANSACTIONS,None - repeated small transactions within normal behavioral range,NONE,1,3,7,3369.81,2,0.0038,NORMAL_REPEATED_ACTIVITY
L05_003231,116,TRANSFER,389.65,C340248448,124006.33,123616.68,C_LEGIT_225121696,0.0,389.65,0,0,L05_00462,LEGITIMATE_MULTIPLE_SMALL_TRANSACTIONS,None - repeated small transactions within normal behavioral range,NONE,1,4,7,3369.81,46,0.0031,NORMAL_REPEATED_ACTIVITY
L05_003232,121,TRANSFER,450.58,C340248448,123616.68,123166.1,C_LEGIT_947190924,0.0,450.58,0,0,L05_00462,LEGITIMATE_MULTIPLE_SMALL_TRANSACTIONS,None - repeated small transactions within normal behavioral range,NONE,1,5,7,3369.81,5,0.0036,NORMAL_REPEATED_ACTIVITY
L05_003233,130,TRANSFER,426.42,C340248448,123166.1,122739.68,C_LEGIT_382309403,0.0,426.42,0,0,L05_00462,LEGITIMATE_MULTIPLE_SMALL_TRANSACTIONS,None - repeated small transactions within normal behavioral range,NONE,1,6,7,3369.81,9,0.0035,NORMAL_REPEATED_ACTIVITY
L05_003234,136,TRANSFER,502.33,C340248448,122739.68,122237.35,C_LEGIT_319593057,0.0,502.33,0,0,L05_00462,LEGITIMATE_MULTIPLE_SMALL_TRANSACTIONS,None - repeated small transactions within normal behavioral range,NONE,1,7,7,3369.81,6,0.0041,NORMAL_REPEATED_ACTIVITY
L05_003235,48,TRANSFER,2631.25,C1732064847,52625.0,49993.75,C_LEGIT_983026497,0.0,2631.25,0,0,L05_00463,LEGITIMATE_MULTIPLE_SMALL_TRANSACTIONS,None - repeated small transactions within normal behavioral range,NONE,1,1,7,15875.0,0,0.05,NORMAL_REPEATED_ACTIVITY
L05_003236,90,TRANSFER,2499.69,C1732064847,49993.75,47494.06,C_LEGIT_432555160,0.0,2499.69,0,0,L05_00463,LEGITIMATE_MULTIPLE_SMALL_TRANSACTIONS,None - repeated small transactions within normal behavioral range,NONE,1,2,7,15875.0,42,0.05,NORMAL_REPEATED_ACTIVITY
L05_003237,94,TRANSFER,2374.7,C1732064847,47494.06,45119.36,C_LEGIT_853762793,0.0,2374.7,0,0,L05_00463,LEGITIMATE_MULTIPLE_SMALL_TRANSACTIONS,None - repeated small transactions within normal behavioral range,NONE,1,3,7,15875.0,4,0.05,NORMAL_REPEATED_ACTIVITY
L05_003238,98,TRANSFER,2255.97,C1732064847,45119.36,42863.39,C_LEGIT_616834157,0.0,2255.97,0,0,L05_00463,LEGITIMATE_MULTIPLE_SMALL_TRANSACTIONS,None - repeated small transactions within normal behavioral range,NONE,1,4,7,15875.0,4,0.05,NORMAL_REPEATED_ACTIVITY
L05_003239,101,TRANSFER,2143.17,C1732064847,42863.39,40720.22,C_LEGIT_587528182,0.0,2143.17,0,0,L05_00463,LEGITIMATE_MULTIPLE_SMALL_TRANSACTIONS,None - repeated small transactions within normal behavioral range,NONE,1,5,7,15875.0,3,0.05,NORMAL_REPEATED_ACTIVITY
L05_003240,121,TRANSFER,2036.01,C1732064847,40720.22,38684.21,C_LEGIT_171035624,0.0,2036.01,0,0,L05_00463,LEGITIMATE_MULTIPLE_SMALL_TRANSACTIONS,None - repeated small transactions within normal behavioral range,NONE,1,6,7,15875.0,20,0.05,NORMAL_REPEATED_ACTIVITY
L05_003241,135,TRANSFER,1934.21,C1732064847,38684.21,36750.0,C_LEGIT_257979654,0.0,1934.21,0,0,L05_00463,LEGITIMATE_MULTIPLE_SMALL_TRANSACTIONS,None - repeated small transactions within normal behavioral range,NONE,1,7,7,15875.0,14,0.05,NORMAL_REPEATED_ACTIVITY
L05_003242,414,TRANSFER,571.05,C820183915,11421.0,10849.95,C_LEGIT_346278543,0.0,571.05,0,0,L05_00464,LEGITIMATE_MULTIPLE_SMALL_TRANSACTIONS,None - repeated small transactions within normal behavioral range,NONE,1,1,7,3445.28,0,0.05,NORMAL_REPEATED_ACTIVITY
L05_003243,420,TRANSFER,542.5,C820183915,10849.95,10307.45,C_LEGIT_758467081,0.0,542.5,0,0,L05_00464,LEGITIMATE_MULTIPLE_SMALL_TRANSACTIONS,None - repeated small transactions within normal behavioral range,NONE,1,2,7,3445.28,6,0.05,NORMAL_REPEATED_ACTIVITY
L05_003244,429,TRANSFER,515.37,C820183915,10307.45,9792.08,C_LEGIT_379420013,0.0,515.37,0,0,L05_00464,LEGITIMATE_MULTIPLE_SMALL_TRANSACTIONS,None - repeated small transactions within normal behavioral range,NONE,1,3,7,3445.28,9,0.05,NORMAL_REPEATED_ACTIVITY
L05_003245,435,TRANSFER,489.6,C820183915,9792.08,9302.48,C_LEGIT_936145223,0.0,489.6,0,0,L05_00464,LEGITIMATE_MULTIPLE_SMALL_TRANSACTIONS,None - repeated small transactions within normal behavioral range,NONE,1,4,7,3445.28,6,0.05,NORMAL_REPEATED_ACTIVITY
L05_003246,445,TRANSFER,465.12,C820183915,9302.48,8837.36,C_LEGIT_616669440,0.0,465.12,0,0,L05_00464,LEGITIMATE_MULTIPLE_SMALL_TRANSACTIONS,None - repeated small transactions within normal behavioral range,NONE,1,5,7,3445.28,10,0.05,NORMAL_REPEATED_ACTIVITY
L05_003247,456,TRANSFER,441.87,C820183915,8837.36,8395.49,C_LEGIT_748251561,0.0,441.87,0,0,L05_00464,LEGITIMATE_MULTIPLE_SMALL_TRANSACTIONS,None - repeated small transactions within normal behavioral range,NONE,1,6,7,3445.28,11,0.05,NORMAL_REPEATED_ACTIVITY
L05_003248,471,TRANSFER,419.77,C820183915,8395.49,7975.72,C_LEGIT_805190599,0.0,419.77,0,0,L05_00464,LEGITIMATE_MULTIPLE_SMALL_TRANSACTIONS,None - repeated small transactions within normal behavioral range,NONE,1,7,7,3445.28,15,0.05,NORMAL_REPEATED_ACTIVITY
L05_003249,417,TRANSFER,1000.75,C2038221833,20015.0,19014.25,C_LEGIT_286268573,0.0,1000.75,0,0,L05_00465,LEGITIMATE_MULTIPLE_SMALL_TRANSACTIONS,None - repeated small transactions within normal behavioral range,NONE,1,1,7,6037.78,0,0.05,NORMAL_REPEATED_ACTIVITY
L05_003250,467,TRANSFER,950.71,C2038221833,19014.25,18063.54,C_LEGIT_663831035,0.0,950.71,0,0,L05_00465,LEGITIMATE_MULTIPLE_SMALL_TRANSACTIONS,None - repeated small transactions within normal behavioral range,NONE,1,2,7,6037.78,50,0.05,NORMAL_REPEATED_ACTIVITY
L05_003251,476,TRANSFER,903.18,C2038221833,18063.54,17160.36,C_LEGIT_340312050,0.0,903.18,0,0,L05_00465,LEGITIMATE_MULTIPLE_SMALL_TRANSACTIONS,None - repeated small transactions within normal behavioral range,NONE,1,3,7,6037.78,9,0.05,NORMAL_REPEATED_ACTIVITY
L05_003252,478,TRANSFER,858.02,C2038221833,17160.36,16302.34,C_LEGIT_127058099,0.0,858.02,0,0,L05_00465,LEGITIMATE_MULTIPLE_SMALL_TRANSACTIONS,None - repeated small transactions within normal behavioral range,NONE,1,4,7,6037.78,2,0.05,NORMAL_REPEATED_ACTIVITY
L05_003253,481,TRANSFER,815.12,C2038221833,16302.34,15487.22,C_LEGIT_270569587,0.0,815.12,0,0,L05_00465,LEGITIMATE_MULTIPLE_SMALL_TRANSACTIONS,None - repeated small transactions within normal behavioral range,NONE,1,5,7,6037.78,3,0.05,NORMAL_REPEATED_ACTIVITY
L05_003254,496,TRANSFER,774.36,C2038221833,15487.22,14712.86,C_LEGIT_196995274,0.0,774.36,0,0,L05_00465,LEGITIMATE_MULTIPLE_SMALL_TRANSACTIONS,None - repeated small transactions within normal behavioral range,NONE,1,6,7,6037.78,15,0.05,NORMAL_REPEATED_ACTIVITY
L05_003255,503,TRANSFER,735.64,C2038221833,14712.86,13977.22,C_LEGIT_864309122,0.0,735.64,0,0,L05_00465,LEGITIMATE_MULTIPLE_SMALL_TRANSACTIONS,None - repeated small transactions within normal behavioral range,NONE,1,7,7,6037.78,7,0.05,NORMAL_REPEATED_ACTIVITY
L05_003256,207,TRANSFER,1585.85,C1857744753,31717.0,30131.15,C_LEGIT_961672863,0.0,1585.85,0,0,L05_00466,LEGITIMATE_MULTIPLE_SMALL_TRANSACTIONS,None - repeated small transactions within normal behavioral range,NONE,1,1,7,9567.84,0,0.05,NORMAL_REPEATED_ACTIVITY
L05_003257,228,TRANSFER,1506.56,C1857744753,30131.15,28624.59,C_LEGIT_322433198,0.0,1506.56,0,0,L05_00466,LEGITIMATE_MULTIPLE_SMALL_TRANSACTIONS,None - repeated small transactions within normal behavioral range,NONE,1,2,7,9567.84,21,0.05,NORMAL_REPEATED_ACTIVITY
L05_003258,232,TRANSFER,1431.23,C1857744753,28624.59,27193.36,C_LEGIT_588906019,0.0,1431.23,0,0,L05_00466,LEGITIMATE_MULTIPLE_SMALL_TRANSACTIONS,None - repeated small transactions within normal behavioral range,NONE,1,3,7,9567.84,4,0.05,NORMAL_REPEATED_ACTIVITY
L05_003259,266,TRANSFER,1359.67,C1857744753,27193.36,25833.69,C_LEGIT_673751280,0.0,1359.67,0,0,L05_00466,LEGITIMATE_MULTIPLE_SMALL_TRANSACTIONS,None - repeated small transactions within normal behavioral range,NONE,1,4,7,9567.84,34,0.05,NORMAL_REPEATED_ACTIVITY
L05_003260,267,TRANSFER,1291.68,C1857744753,25833.69,24542.01,C_LEGIT_811811515,0.0,1291.68,0,0,L05_00466,LEGITIMATE_MULTIPLE_SMALL_TRANSACTIONS,None - repeated small transactions within normal behavioral range,NONE,1,5,7,9567.84,1,0.05,NORMAL_REPEATED_ACTIVITY
L05_003261,272,TRANSFER,1227.1,C1857744753,24542.01,23314.91,C_LEGIT_553376852,0.0,1227.1,0,0,L05_00466,LEGITIMATE_MULTIPLE_SMALL_TRANSACTIONS,None - repeated small transactions within normal behavioral range,NONE,1,6,7,9567.84,5,0.05,NORMAL_REPEATED_ACTIVITY
L05_003262,295,TRANSFER,1165.75,C1857744753,23314.91,22149.16,C_LEGIT_365176609,0.0,1165.75,0,0,L05_00466,LEGITIMATE_MULTIPLE_SMALL_TRANSACTIONS,None - repeated small transactions within normal behavioral range,NONE,1,7,7,9567.84,23,0.05,NORMAL_REPEATED_ACTIVITY
L05_003263,221,TRANSFER,27265.33,C1200359329,9056635.22,9029369.89,C_LEGIT_821905227,0.0,27265.33,0,0,L05_00467,LEGITIMATE_MULTIPLE_SMALL_TRANSACTIONS,None - repeated small transactions within normal behavioral range,NONE,1,1,7,182633.99,0,0.003,NORMAL_REPEATED_ACTIVITY
L05_003264,237,TRANSFER,31851.08,C1200359329,9029369.89,8997518.81,C_LEGIT_450208975,0.0,31851.08,0,0,L05_00467,LEGITIMATE_MULTIPLE_SMALL_TRANSACTIONS,None - repeated small transactions within normal behavioral range,NONE,1,2,7,182633.99,16,0.0035,NORMAL_REPEATED_ACTIVITY
L05_003265,256,TRANSFER,32800.66,C1200359329,8997518.81,8964718.15,C_LEGIT_554717082,0.0,32800.66,0,0,L05_00467,LEGITIMATE_MULTIPLE_SMALL_TRANSACTIONS,None - repeated small transactions within normal behavioral range,NONE,1,3,7,182633.99,19,0.0036,NORMAL_REPEATED_ACTIVITY
L05_003266,263,TRANSFER,23034.55,C1200359329,8964718.15,8941683.6,C_LEGIT_877595612,0.0,23034.55,0,0,L05_00467,LEGITIMATE_MULTIPLE_SMALL_TRANSACTIONS,None - repeated small transactions within normal behavioral range,NONE,1,4,7,182633.99,7,0.0026,NORMAL_REPEATED_ACTIVITY
L05_003267,278,TRANSFER,20445.65,C1200359329,8941683.6,8921237.95,C_LEGIT_621234568,0.0,20445.65,0,0,L05_00467,LEGITIMATE_MULTIPLE_SMALL_TRANSACTIONS,None - repeated small transactions within normal behavioral range,NONE,1,5,7,182633.99,15,0.0023,NORMAL_REPEATED_ACTIVITY
L05_003268,291,TRANSFER,20601.05,C1200359329,8921237.95,8900636.9,C_LEGIT_418319985,0.0,20601.05,0,0,L05_00467,LEGITIMATE_MULTIPLE_SMALL_TRANSACTIONS,None - repeated small transactions within normal behavioral range,NONE,1,6,7,182633.99,13,0.0023,NORMAL_REPEATED_ACTIVITY
L05_003269,297,TRANSFER,26635.67,C1200359329,8900636.9,8874001.23,C_LEGIT_914502119,0.0,26635.67,0,0,L05_00467,LEGITIMATE_MULTIPLE_SMALL_TRANSACTIONS,None - repeated small transactions within normal behavioral range,NONE,1,7,7,182633.99,6,0.003,NORMAL_REPEATED_ACTIVITY
L05_003270,323,TRANSFER,572.2,C1440436625,11444.0,10871.8,C_LEGIT_850777836,0.0,572.2,0,0,L05_00468,LEGITIMATE_MULTIPLE_SMALL_TRANSACTIONS,None - repeated small transactions within normal behavioral range,NONE,1,1,7,3452.23,0,0.05,NORMAL_REPEATED_ACTIVITY
L05_003271,335,TRANSFER,543.59,C1440436625,10871.8,10328.21,C_LEGIT_544471526,0.0,543.59,0,0,L05_00468,LEGITIMATE_MULTIPLE_SMALL_TRANSACTIONS,None - repeated small transactions within normal behavioral range,NONE,1,2,7,3452.23,12,0.05,NORMAL_REPEATED_ACTIVITY
L05_003272,336,TRANSFER,516.41,C1440436625,10328.21,9811.8,C_LEGIT_837737157,0.0,516.41,0,0,L05_00468,LEGITIMATE_MULTIPLE_SMALL_TRANSACTIONS,None - repeated small transactions within normal behavioral range,NONE,1,3,7,3452.23,1,0.05,NORMAL_REPEATED_ACTIVITY
L05_003273,337,TRANSFER,490.59,C1440436625,9811.8,9321.21,C_LEGIT_608782345,0.0,490.59,0,0,L05_00468,LEGITIMATE_MULTIPLE_SMALL_TRANSACTIONS,None - repeated small transactions within normal behavioral range,NONE,1,4,7,3452.23,1,0.05,NORMAL_REPEATED_ACTIVITY
L05_003274,347,TRANSFER,466.06,C1440436625,9321.21,8855.15,C_LEGIT_721462038,0.0,466.06,0,0,L05_00468,LEGITIMATE_MULTIPLE_SMALL_TRANSACTIONS,None - repeated small transactions within normal behavioral range,NONE,1,5,7,3452.23,10,0.05,NORMAL_REPEATED_ACTIVITY
L05_003275,349,TRANSFER,442.76,C1440436625,8855.15,8412.39,C_LEGIT_990785822,0.0,442.76,0,0,L05_00468,LEGITIMATE_MULTIPLE_SMALL_TRANSACTIONS,None - repeated small transactions within normal behavioral range,NONE,1,6,7,3452.23,2,0.05,NORMAL_REPEATED_ACTIVITY
L05_003276,362,TRANSFER,420.62,C1440436625,8412.39,7991.77,C_LEGIT_888943116,0.0,420.62,0,0,L05_00468,LEGITIMATE_MULTIPLE_SMALL_TRANSACTIONS,None - repeated small transactions within normal behavioral range,NONE,1,7,7,3452.23,13,0.05,NORMAL_REPEATED_ACTIVITY
L05_003277,332,TRANSFER,1016.75,C409089670,20335.0,19318.25,C_LEGIT_301993539,0.0,1016.75,0,0,L05_00469,LEGITIMATE_MULTIPLE_SMALL_TRANSACTIONS,None - repeated small transactions within normal behavioral range,NONE,1,1,7,6134.31,0,0.05,NORMAL_REPEATED_ACTIVITY
L05_003278,335,TRANSFER,965.91,C409089670,19318.25,18352.34,C_LEGIT_941152921,0.0,965.91,0,0,L05_00469,LEGITIMATE_MULTIPLE_SMALL_TRANSACTIONS,None - repeated small transactions within normal behavioral range,NONE,1,2,7,6134.31,3,0.05,NORMAL_REPEATED_ACTIVITY
L05_003279,361,TRANSFER,917.62,C409089670,18352.34,17434.72,C_LEGIT_564920799,0.0,917.62,0,0,L05_00469,LEGITIMATE_MULTIPLE_SMALL_TRANSACTIONS,None - repeated small transactions within normal behavioral range,NONE,1,3,7,6134.31,26,0.05,NORMAL_REPEATED_ACTIVITY
L05_003280,400,TRANSFER,871.74,C409089670,17434.72,16562.98,C_LEGIT_540286793,0.0,871.74,0,0,L05_00469,LEGITIMATE_MULTIPLE_SMALL_TRANSACTIONS,None - repeated small transactions within normal behavioral range,NONE,1,4,7,6134.31,39,0.05,NORMAL_REPEATED_ACTIVITY
L05_003281,401,TRANSFER,828.15,C409089670,16562.98,15734.83,C_LEGIT_610020251,0.0,828.15,0,0,L05_00469,LEGITIMATE_MULTIPLE_SMALL_TRANSACTIONS,None - repeated small transactions within normal behavioral range,NONE,1,5,7,6134.31,1,0.05,NORMAL_REPEATED_ACTIVITY
L05_003282,403,TRANSFER,786.74,C409089670,15734.83,14948.09,C_LEGIT_286391691,0.0,786.74,0,0,L05_00469,LEGITIMATE_MULTIPLE_SMALL_TRANSACTIONS,None - repeated small transactions within normal behavioral range,NONE,1,6,7,6134.31,2,0.05,NORMAL_REPEATED_ACTIVITY
L05_003283,418,TRANSFER,747.4,C409089670,14948.09,14200.69,C_LEGIT_993825402,0.0,747.4,0,0,L05_00469,LEGITIMATE_MULTIPLE_SMALL_TRANSACTIONS,None - repeated small transactions within normal behavioral range,NONE,1,7,7,6134.31,15,0.05,NORMAL_REPEATED_ACTIVITY
L05_003284,256,TRANSFER,138860.54,C1924643601,2777210.87,2638350.33,C_LEGIT_149469187,0.0,138860.54,0,0,L05_00470,LEGITIMATE_MULTIPLE_SMALL_TRANSACTIONS,None - repeated small transactions within normal behavioral range,NONE,1,1,7,837780.94,0,0.05,NORMAL_REPEATED_ACTIVITY
L05_003285,273,TRANSFER,131917.52,C1924643601,2638350.33,2506432.81,C_LEGIT_961735278,0.0,131917.52,0,0,L05_00470,LEGITIMATE_MULTIPLE_SMALL_TRANSACTIONS,None - repeated small transactions within normal behavioral range,NONE,1,2,7,837780.94,17,0.05,NORMAL_REPEATED_ACTIVITY
L05_003286,279,TRANSFER,125321.64,C1924643601,2506432.81,2381111.17,C_LEGIT_911908401,0.0,125321.64,0,0,L05_00470,LEGITIMATE_MULTIPLE_SMALL_TRANSACTIONS,None - repeated small transactions within normal behavioral range,NONE,1,3,7,837780.94,6,0.05,NORMAL_REPEATED_ACTIVITY
L05_003287,291,TRANSFER,119055.56,C1924643601,2381111.17,2262055.61,C_LEGIT_202043964,0.0,119055.56,0,0,L05_00470,LEGITIMATE_MULTIPLE_SMALL_TRANSACTIONS,None - repeated small transactions within normal behavioral range,NONE,1,4,7,837780.94,12,0.05,NORMAL_REPEATED_ACTIVITY
L05_003288,294,TRANSFER,113102.78,C1924643601,2262055.61,2148952.83,C_LEGIT_276227774,0.0,113102.78,0,0,L05_00470,LEGITIMATE_MULTIPLE_SMALL_TRANSACTIONS,None - repeated small transactions within normal behavioral range,NONE,1,5,7,837780.94,3,0.05,NORMAL_REPEATED_ACTIVITY
L05_003289,308,TRANSFER,107447.64,C1924643601,2148952.83,2041505.19,C_LEGIT_592994172,0.0,107447.64,0,0,L05_00470,LEGITIMATE_MULTIPLE_SMALL_TRANSACTIONS,None - repeated small transactions within normal behavioral range,NONE,1,6,7,837780.94,14,0.05,NORMAL_REPEATED_ACTIVITY
L05_003290,309,TRANSFER,102075.26,C1924643601,2041505.19,1939429.93,C_LEGIT_309480491,0.0,102075.26,0,0,L05_00470,LEGITIMATE_MULTIPLE_SMALL_TRANSACTIONS,None - repeated small transactions within normal behavioral range,NONE,1,7,7,837780.94,1,0.05,NORMAL_REPEATED_ACTIVITY
L05_003291,57,TRANSFER,578.75,C1323578228,11575.0,10996.25,C_LEGIT_998108467,0.0,578.75,0,0,L05_00471,LEGITIMATE_MULTIPLE_SMALL_TRANSACTIONS,None - repeated small transactions within normal behavioral range,NONE,1,1,7,3491.75,0,0.05,NORMAL_REPEATED_ACTIVITY
L05_003292,67,TRANSFER,549.81,C1323578228,10996.25,10446.44,C_LEGIT_470772006,0.0,549.81,0,0,L05_00471,LEGITIMATE_MULTIPLE_SMALL_TRANSACTIONS,None - repeated small transactions within normal behavioral range,NONE,1,2,7,3491.75,10,0.05,NORMAL_REPEATED_ACTIVITY
L05_003293,70,TRANSFER,522.32,C1323578228,10446.44,9924.12,C_LEGIT_645786278,0.0,522.32,0,0,L05_00471,LEGITIMATE_MULTIPLE_SMALL_TRANSACTIONS,None - repeated small transactions within normal behavioral range,NONE,1,3,7,3491.75,3,0.05,NORMAL_REPEATED_ACTIVITY
L05_003294,83,TRANSFER,496.21,C1323578228,9924.12,9427.91,C_LEGIT_490251092,0.0,496.21,0,0,L05_00471,LEGITIMATE_MULTIPLE_SMALL_TRANSACTIONS,None - repeated small transactions within normal behavioral range,NONE,1,4,7,3491.75,13,0.05,NORMAL_REPEATED_ACTIVITY
L05_003295,87,TRANSFER,471.4,C1323578228,9427.91,8956.51,C_LEGIT_204414910,0.0,471.4,0,0,L05_00471,LEGITIMATE_MULTIPLE_SMALL_TRANSACTIONS,None - repeated small transactions within normal behavioral range,NONE,1,5,7,3491.75,4,0.05,NORMAL_REPEATED_ACTIVITY
L05_003296,109,TRANSFER,447.83,C1323578228,8956.51,8508.68,C_LEGIT_849548293,0.0,447.83,0,0,L05_00471,LEGITIMATE_MULTIPLE_SMALL_TRANSACTIONS,None - repeated small transactions within normal behavioral range,NONE,1,6,7,3491.75,22,0.05,NORMAL_REPEATED_ACTIVITY
L05_003297,130,TRANSFER,425.43,C1323578228,8508.68,8083.25,C_LEGIT_651179647,0.0,425.43,0,0,L05_00471,LEGITIMATE_MULTIPLE_SMALL_TRANSACTIONS,None - repeated small transactions within normal behavioral range,NONE,1,7,7,3491.75,21,0.05,NORMAL_REPEATED_ACTIVITY
L05_003298,169,TRANSFER,475.25,C885371738,9505.0,9029.75,C_LEGIT_440547635,0.0,475.25,0,0,L05_00472,LEGITIMATE_MULTIPLE_SMALL_TRANSACTIONS,None - repeated small transactions within normal behavioral range,NONE,1,1,7,2867.3,0,0.05,NORMAL_REPEATED_ACTIVITY
L05_003299,175,TRANSFER,451.49,C885371738,9029.75,8578.26,C_LEGIT_875997125,0.0,451.49,0,0,L05_00472,LEGITIMATE_MULTIPLE_SMALL_TRANSACTIONS,None - repeated small transactions within normal behavioral range,NONE,1,2,7,2867.3,6,0.05,NORMAL_REPEATED_ACTIVITY
L05_003300,215,TRANSFER,428.91,C885371738,8578.26,8149.35,C_LEGIT_343607287,0.0,428.91,0,0,L05_00472,LEGITIMATE_MULTIPLE_SMALL_TRANSACTIONS,None - repeated small transactions within normal behavioral range,NONE,1,3,7,2867.3,40,0.05,NORMAL_REPEATED_ACTIVITY
L05_003301,226,TRANSFER,407.47,C885371738,8149.35,7741.88,C_LEGIT_816889904,0.0,407.47,0,0,L05_00472,LEGITIMATE_MULTIPLE_SMALL_TRANSACTIONS,None - repeated small transactions within normal behavioral range,NONE,1,4,7,2867.3,11,0.05,NORMAL_REPEATED_ACTIVITY
L05_003302,233,TRANSFER,387.09,C885371738,7741.88,7354.79,C_LEGIT_309039982,0.0,387.09,0,0,L05_00472,LEGITIMATE_MULTIPLE_SMALL_TRANSACTIONS,None - repeated small transactions within normal behavioral range,NONE,1,5,7,2867.3,7,0.05,NORMAL_REPEATED_ACTIVITY
L05_003303,238,TRANSFER,367.74,C885371738,7354.79,6987.05,C_LEGIT_265360904,0.0,367.74,0,0,L05_00472,LEGITIMATE_MULTIPLE_SMALL_TRANSACTIONS,None - repeated small transactions within normal behavioral range,NONE,1,6,7,2867.3,5,0.05,NORMAL_REPEATED_ACTIVITY
L05_003304,259,TRANSFER,349.35,C885371738,6987.05,6637.7,C_LEGIT_833641149,0.0,349.35,0,0,L05_00472,LEGITIMATE_MULTIPLE_SMALL_TRANSACTIONS,None - repeated small transactions within normal behavioral range,NONE,1,7,7,2867.3,21,0.05,NORMAL_REPEATED_ACTIVITY
L05_003305,324,TRANSFER,253.25,C1655456310,5065.0,4811.75,C_LEGIT_554442966,0.0,253.25,0,0,L05_00473,LEGITIMATE_MULTIPLE_SMALL_TRANSACTIONS,None - repeated small transactions within normal behavioral range,NONE,1,1,7,1527.92,0,0.05,NORMAL_REPEATED_ACTIVITY
L05_003306,333,TRANSFER,240.59,C1655456310,4811.75,4571.16,C_LEGIT_555824786,0.0,240.59,0,0,L05_00473,LEGITIMATE_MULTIPLE_SMALL_TRANSACTIONS,None - repeated small transactions within normal behavioral range,NONE,1,2,7,1527.92,9,0.05,NORMAL_REPEATED_ACTIVITY
L05_003307,351,TRANSFER,228.56,C1655456310,4571.16,4342.6,C_LEGIT_869460209,0.0,228.56,0,0,L05_00473,LEGITIMATE_MULTIPLE_SMALL_TRANSACTIONS,None - repeated small transactions within normal behavioral range,NONE,1,3,7,1527.92,18,0.05,NORMAL_REPEATED_ACTIVITY
L05_003308,353,TRANSFER,217.13,C1655456310,4342.6,4125.47,C_LEGIT_460468124,0.0,217.13,0,0,L05_00473,LEGITIMATE_MULTIPLE_SMALL_TRANSACTIONS,None - repeated small transactions within normal behavioral range,NONE,1,4,7,1527.92,2,0.05,NORMAL_REPEATED_ACTIVITY
L05_003309,354,TRANSFER,206.27,C1655456310,4125.47,3919.2,C_LEGIT_510591819,0.0,206.27,0,0,L05_00473,LEGITIMATE_MULTIPLE_SMALL_TRANSACTIONS,None - repeated small transactions within normal behavioral range,NONE,1,5,7,1527.92,1,0.05,NORMAL_REPEATED_ACTIVITY
L05_003310,355,TRANSFER,195.96,C1655456310,3919.2,3723.24,C_LEGIT_223107052,0.0,195.96,0,0,L05_00473,LEGITIMATE_MULTIPLE_SMALL_TRANSACTIONS,None - repeated small transactions within normal behavioral range,NONE,1,6,7,1527.92,1,0.05,NORMAL_REPEATED_ACTIVITY
L05_003311,385,TRANSFER,186.16,C1655456310,3723.24,3537.08,C_LEGIT_290683579,0.0,186.16,0,0,L05_00473,LEGITIMATE_MULTIPLE_SMALL_TRANSACTIONS,None - repeated small transactions within normal behavioral range,NONE,1,7,7,1527.92,30,0.05,NORMAL_REPEATED_ACTIVITY
L05_003312,508,TRANSFER,5279.45,C1176618675,105589.0,100309.55,C_LEGIT_773226771,0.0,5279.45,0,0,L05_00474,LEGITIMATE_MULTIPLE_SMALL_TRANSACTIONS,None - repeated small transactions within normal behavioral range,NONE,1,1,7,31852.27,0,0.05,NORMAL_REPEATED_ACTIVITY
L05_003313,511,TRANSFER,5015.48,C1176618675,100309.55,95294.07,C_LEGIT_255770467,0.0,5015.48,0,0,L05_00474,LEGITIMATE_MULTIPLE_SMALL_TRANSACTIONS,None - repeated small transactions within normal behavioral range,NONE,1,2,7,31852.27,3,0.05,NORMAL_REPEATED_ACTIVITY
L05_003314,515,TRANSFER,4764.7,C1176618675,95294.07,90529.37,C_LEGIT_118074529,0.0,4764.7,0,0,L05_00474,LEGITIMATE_MULTIPLE_SMALL_TRANSACTIONS,None - repeated small transactions within normal behavioral range,NONE,1,3,7,31852.27,4,0.05,NORMAL_REPEATED_ACTIVITY
L05_003315,524,TRANSFER,4526.47,C1176618675,90529.37,86002.9,C_LEGIT_919632908,0.0,4526.47,0,0,L05_00474,LEGITIMATE_MULTIPLE_SMALL_TRANSACTIONS,None - repeated small transactions within normal behavioral range,NONE,1,4,7,31852.27,9,0.05,NORMAL_REPEATED_ACTIVITY
L05_003316,525,TRANSFER,4300.15,C1176618675,86002.9,81702.75,C_LEGIT_692567858,0.0,4300.15,0,0,L05_00474,LEGITIMATE_MULTIPLE_SMALL_TRANSACTIONS,None - repeated small transactions within normal behavioral range,NONE,1,5,7,31852.27,1,0.05,NORMAL_REPEATED_ACTIVITY
L05_003317,563,TRANSFER,4085.14,C1176618675,81702.75,77617.61,C_LEGIT_131458721,0.0,4085.14,0,0,L05_00474,LEGITIMATE_MULTIPLE_SMALL_TRANSACTIONS,None - repeated small transactions within normal behavioral range,NONE,1,6,7,31852.27,38,0.05,NORMAL_REPEATED_ACTIVITY
L05_003318,568,TRANSFER,3880.88,C1176618675,77617.61,73736.73,C_LEGIT_497125875,0.0,3880.88,0,0,L05_00474,LEGITIMATE_MULTIPLE_SMALL_TRANSACTIONS,None - repeated small transactions within normal behavioral range,NONE,1,7,7,31852.27,5,0.05,NORMAL_REPEATED_ACTIVITY
L05_003319,255,TRANSFER,809.35,C730655906,16187.0,15377.65,C_LEGIT_618888224,0.0,809.35,0,0,L05_00475,LEGITIMATE_MULTIPLE_SMALL_TRANSACTIONS,None - repeated small transactions within normal behavioral range,NONE,1,1,7,4883.02,0,0.05,NORMAL_REPEATED_ACTIVITY
L05_003320,284,TRANSFER,768.88,C730655906,15377.65,14608.77,C_LEGIT_624079244,0.0,768.88,0,0,L05_00475,LEGITIMATE_MULTIPLE_SMALL_TRANSACTIONS,None - repeated small transactions within normal behavioral range,NONE,1,2,7,4883.02,29,0.05,NORMAL_REPEATED_ACTIVITY
L05_003321,309,TRANSFER,730.44,C730655906,14608.77,13878.33,C_LEGIT_751049293,0.0,730.44,0,0,L05_00475,LEGITIMATE_MULTIPLE_SMALL_TRANSACTIONS,None - repeated small transactions within normal behavioral range,NONE,1,3,7,4883.02,25,0.05,NORMAL_REPEATED_ACTIVITY
L05_003322,312,TRANSFER,693.92,C730655906,13878.33,13184.41,C_LEGIT_691445080,0.0,693.92,0,0,L05_00475,LEGITIMATE_MULTIPLE_SMALL_TRANSACTIONS,None - repeated small transactions within normal behavioral range,NONE,1,4,7,4883.02,3,0.05,NORMAL_REPEATED_ACTIVITY
L05_003323,315,TRANSFER,659.22,C730655906,13184.41,12525.19,C_LEGIT_897560089,0.0,659.22,0,0,L05_00475,LEGITIMATE_MULTIPLE_SMALL_TRANSACTIONS,None - repeated small transactions within normal behavioral range,NONE,1,5,7,4883.02,3,0.05,NORMAL_REPEATED_ACTIVITY
L05_003324,316,TRANSFER,626.26,C730655906,12525.19,11898.93,C_LEGIT_234891294,0.0,626.26,0,0,L05_00475,LEGITIMATE_MULTIPLE_SMALL_TRANSACTIONS,None - repeated small transactions within normal behavioral range,NONE,1,6,7,4883.02,1,0.05,NORMAL_REPEATED_ACTIVITY
L05_003325,320,TRANSFER,594.95,C730655906,11898.93,11303.98,C_LEGIT_416248263,0.0,594.95,0,0,L05_00475,LEGITIMATE_MULTIPLE_SMALL_TRANSACTIONS,None - repeated small transactions within normal behavioral range,NONE,1,7,7,4883.02,4,0.05,NORMAL_REPEATED_ACTIVITY
L05_003326,288,TRANSFER,552.3,C1218907296,11046.0,10493.7,C_LEGIT_499156929,0.0,552.3,0,0,L05_00476,LEGITIMATE_MULTIPLE_SMALL_TRANSACTIONS,None - repeated small transactions within normal behavioral range,NONE,1,1,7,3332.17,0,0.05,NORMAL_REPEATED_ACTIVITY
L05_003327,290,TRANSFER,524.69,C1218907296,10493.7,9969.01,C_LEGIT_199133551,0.0,524.69,0,0,L05_00476,LEGITIMATE_MULTIPLE_SMALL_TRANSACTIONS,None - repeated small transactions within normal behavioral range,NONE,1,2,7,3332.17,2,0.05,NORMAL_REPEATED_ACTIVITY
L05_003328,308,TRANSFER,498.45,C1218907296,9969.01,9470.56,C_LEGIT_543915106,0.0,498.45,0,0,L05_00476,LEGITIMATE_MULTIPLE_SMALL_TRANSACTIONS,None - repeated small transactions within normal behavioral range,NONE,1,3,7,3332.17,18,0.05,NORMAL_REPEATED_ACTIVITY
L05_003329,313,TRANSFER,473.53,C1218907296,9470.56,8997.03,C_LEGIT_528195432,0.0,473.53,0,0,L05_00476,LEGITIMATE_MULTIPLE_SMALL_TRANSACTIONS,None - repeated small transactions within normal behavioral range,NONE,1,4,7,3332.17,5,0.05,NORMAL_REPEATED_ACTIVITY
L05_003330,324,TRANSFER,449.85,C1218907296,8997.03,8547.18,C_LEGIT_140531935,0.0,449.85,0,0,L05_00476,LEGITIMATE_MULTIPLE_SMALL_TRANSACTIONS,None - repeated small transactions within normal behavioral range,NONE,1,5,7,3332.17,11,0.05,NORMAL_REPEATED_ACTIVITY
L05_003331,325,TRANSFER,427.36,C1218907296,8547.18,8119.82,C_LEGIT_778230918,0.0,427.36,0,0,L05_00476,LEGITIMATE_MULTIPLE_SMALL_TRANSACTIONS,None - repeated small transactions within normal behavioral range,NONE,1,6,7,3332.17,1,0.05,NORMAL_REPEATED_ACTIVITY
L05_003332,334,TRANSFER,405.99,C1218907296,8119.82,7713.83,C_LEGIT_993533648,0.0,405.99,0,0,L05_00476,LEGITIMATE_MULTIPLE_SMALL_TRANSACTIONS,None - repeated small transactions within normal behavioral range,NONE,1,7,7,3332.17,9,0.05,NORMAL_REPEATED_ACTIVITY
L05_003333,238,TRANSFER,2973.3,C1713198909,59466.0,56492.7,C_LEGIT_943088452,0.0,2973.3,0,0,L05_00477,LEGITIMATE_MULTIPLE_SMALL_TRANSACTIONS,None - repeated small transactions within normal behavioral range,NONE,1,1,7,17938.67,0,0.05,NORMAL_REPEATED_ACTIVITY
L05_003334,245,TRANSFER,2824.64,C1713198909,56492.7,53668.06,C_LEGIT_846101794,0.0,2824.64,0,0,L05_00477,LEGITIMATE_MULTIPLE_SMALL_TRANSACTIONS,None - repeated small transactions within normal behavioral range,NONE,1,2,7,17938.67,7,0.05,NORMAL_REPEATED_ACTIVITY
L05_003335,257,TRANSFER,2683.4,C1713198909,53668.06,50984.66,C_LEGIT_212852682,0.0,2683.4,0,0,L05_00477,LEGITIMATE_MULTIPLE_SMALL_TRANSACTIONS,None - repeated small transactions within normal behavioral range,NONE,1,3,7,17938.67,12,0.05,NORMAL_REPEATED_ACTIVITY
L05_003336,275,TRANSFER,2549.23,C1713198909,50984.66,48435.43,C_LEGIT_471346572,0.0,2549.23,0,0,L05_00477,LEGITIMATE_MULTIPLE_SMALL_TRANSACTIONS,None - repeated small transactions within normal behavioral range,NONE,1,4,7,17938.67,18,0.05,NORMAL_REPEATED_ACTIVITY
L05_003337,283,TRANSFER,2421.77,C1713198909,48435.43,46013.66,C_LEGIT_949312190,0.0,2421.77,0,0,L05_00477,LEGITIMATE_MULTIPLE_SMALL_TRANSACTIONS,None - repeated small transactions within normal behavioral range,NONE,1,5,7,17938.67,8,0.05,NORMAL_REPEATED_ACTIVITY
L05_003338,296,TRANSFER,2300.68,C1713198909,46013.66,43712.98,C_LEGIT_896062394,0.0,2300.68,0,0,L05_00477,LEGITIMATE_MULTIPLE_SMALL_TRANSACTIONS,None - repeated small transactions within normal behavioral range,NONE,1,6,7,17938.67,13,0.05,NORMAL_REPEATED_ACTIVITY
L05_003339,301,TRANSFER,2185.65,C1713198909,43712.98,41527.33,C_LEGIT_231130369,0.0,2185.65,0,0,L05_00477,LEGITIMATE_MULTIPLE_SMALL_TRANSACTIONS,None - repeated small transactions within normal behavioral range,NONE,1,7,7,17938.67,5,0.05,NORMAL_REPEATED_ACTIVITY
L05_003340,316,TRANSFER,32.6,C1955046380,652.0,619.4,C_LEGIT_355534268,0.0,32.6,0,0,L05_00478,LEGITIMATE_MULTIPLE_SMALL_TRANSACTIONS,None - repeated small transactions within normal behavioral range,NONE,1,1,7,196.68,0,0.05,NORMAL_REPEATED_ACTIVITY
L05_003341,324,TRANSFER,30.97,C1955046380,619.4,588.43,C_LEGIT_745531186,0.0,30.97,0,0,L05_00478,LEGITIMATE_MULTIPLE_SMALL_TRANSACTIONS,None - repeated small transactions within normal behavioral range,NONE,1,2,7,196.68,8,0.05,NORMAL_REPEATED_ACTIVITY
L05_003342,325,TRANSFER,29.42,C1955046380,588.43,559.01,C_LEGIT_709104964,0.0,29.42,0,0,L05_00478,LEGITIMATE_MULTIPLE_SMALL_TRANSACTIONS,None - repeated small transactions within normal behavioral range,NONE,1,3,7,196.68,1,0.05,NORMAL_REPEATED_ACTIVITY
L05_003343,327,TRANSFER,27.95,C1955046380,559.01,531.06,C_LEGIT_477084816,0.0,27.95,0,0,L05_00478,LEGITIMATE_MULTIPLE_SMALL_TRANSACTIONS,None - repeated small transactions within normal behavioral range,NONE,1,4,7,196.68,2,0.05,NORMAL_REPEATED_ACTIVITY
L05_003344,328,TRANSFER,26.55,C1955046380,531.06,504.51,C_LEGIT_792253512,0.0,26.55,0,0,L05_00478,LEGITIMATE_MULTIPLE_SMALL_TRANSACTIONS,None - repeated small transactions within normal behavioral range,NONE,1,5,7,196.68,1,0.05,NORMAL_REPEATED_ACTIVITY
L05_003345,339,TRANSFER,25.23,C1955046380,504.51,479.28,C_LEGIT_285630273,0.0,25.23,0,0,L05_00478,LEGITIMATE_MULTIPLE_SMALL_TRANSACTIONS,None - repeated small transactions within normal behavioral range,NONE,1,6,7,196.68,11,0.05,NORMAL_REPEATED_ACTIVITY
L05_003346,351,TRANSFER,23.96,C1955046380,479.28,455.32,C_LEGIT_677652222,0.0,23.96,0,0,L05_00478,LEGITIMATE_MULTIPLE_SMALL_TRANSACTIONS,None - repeated small transactions within normal behavioral range,NONE,1,7,7,196.68,12,0.05,NORMAL_REPEATED_ACTIVITY
L05_003347,288,TRANSFER,169727.29,C1476955080,14144518.69,13974791.4,C_LEGIT_834425106,0.0,169727.29,0,0,L05_00479,LEGITIMATE_MULTIPLE_SMALL_TRANSACTIONS,None - repeated small transactions within normal behavioral range,NONE,1,1,7,1161033.03,0,0.012,NORMAL_REPEATED_ACTIVITY
L05_003348,295,TRANSFER,180567.54,C1476955080,13974791.4,13794223.86,C_LEGIT_628086923,0.0,180567.54,0,0,L05_00479,LEGITIMATE_MULTIPLE_SMALL_TRANSACTIONS,None - repeated small transactions within normal behavioral range,NONE,1,2,7,1161033.03,7,0.0129,NORMAL_REPEATED_ACTIVITY
L05_003349,305,TRANSFER,125465.5,C1476955080,13794223.86,13668758.36,C_LEGIT_653121776,0.0,125465.5,0,0,L05_00479,LEGITIMATE_MULTIPLE_SMALL_TRANSACTIONS,None - repeated small transactions within normal behavioral range,NONE,1,3,7,1161033.03,10,0.0091,NORMAL_REPEATED_ACTIVITY
L05_003350,309,TRANSFER,150089.82,C1476955080,13668758.36,13518668.54,C_LEGIT_481571139,0.0,150089.82,0,0,L05_00479,LEGITIMATE_MULTIPLE_SMALL_TRANSACTIONS,None - repeated small transactions within normal behavioral range,NONE,1,4,7,1161033.03,4,0.011,NORMAL_REPEATED_ACTIVITY
L05_003351,325,TRANSFER,190918.52,C1476955080,13518668.54,13327750.02,C_LEGIT_184715347,0.0,190918.52,0,0,L05_00479,LEGITIMATE_MULTIPLE_SMALL_TRANSACTIONS,None - repeated small transactions within normal behavioral range,NONE,1,5,7,1161033.03,16,0.0141,NORMAL_REPEATED_ACTIVITY
L05_003352,328,TRANSFER,192294.08,C1476955080,13327750.02,13135455.94,C_LEGIT_763130577,0.0,192294.08,0,0,L05_00479,LEGITIMATE_MULTIPLE_SMALL_TRANSACTIONS,None - repeated small transactions within normal behavioral range,NONE,1,6,7,1161033.03,3,0.0144,NORMAL_REPEATED_ACTIVITY
L05_003353,334,TRANSFER,151970.28,C1476955080,13135455.94,12983485.66,C_LEGIT_213242468,0.0,151970.28,0,0,L05_00479,LEGITIMATE_MULTIPLE_SMALL_TRANSACTIONS,None - repeated small transactions within normal behavioral range,NONE,1,7,7,1161033.03,6,0.0116,NORMAL_REPEATED_ACTIVITY
L05_003354,168,TRANSFER,1817.0,C1510505094,36340.0,34523.0,C_LEGIT_175383213,0.0,1817.0,0,0,L05_00480,LEGITIMATE_MULTIPLE_SMALL_TRANSACTIONS,None - repeated small transactions within normal behavioral range,NONE,1,1,7,10962.42,0,0.05,NORMAL_REPEATED_ACTIVITY
L05_003355,174,TRANSFER,1726.15,C1510505094,34523.0,32796.85,C_LEGIT_616433413,0.0,1726.15,0,0,L05_00480,LEGITIMATE_MULTIPLE_SMALL_TRANSACTIONS,None - repeated small transactions within normal behavioral range,NONE,1,2,7,10962.42,6,0.05,NORMAL_REPEATED_ACTIVITY
L05_003356,177,TRANSFER,1639.84,C1510505094,32796.85,31157.01,C_LEGIT_888440590,0.0,1639.84,0,0,L05_00480,LEGITIMATE_MULTIPLE_SMALL_TRANSACTIONS,None - repeated small transactions within normal behavioral range,NONE,1,3,7,10962.42,3,0.05,NORMAL_REPEATED_ACTIVITY
L05_003357,198,TRANSFER,1557.85,C1510505094,31157.01,29599.16,C_LEGIT_684137192,0.0,1557.85,0,0,L05_00480,LEGITIMATE_MULTIPLE_SMALL_TRANSACTIONS,None - repeated small transactions within normal behavioral range,NONE,1,4,7,10962.42,21,0.05,NORMAL_REPEATED_ACTIVITY
L05_003358,204,TRANSFER,1479.96,C1510505094,29599.16,28119.2,C_LEGIT_496237380,0.0,1479.96,0,0,L05_00480,LEGITIMATE_MULTIPLE_SMALL_TRANSACTIONS,None - repeated small transactions within normal behavioral range,NONE,1,5,7,10962.42,6,0.05,NORMAL_REPEATED_ACTIVITY
L05_003359,218,TRANSFER,1405.96,C1510505094,28119.2,26713.24,C_LEGIT_921060149,0.0,1405.96,0,0,L05_00480,LEGITIMATE_MULTIPLE_SMALL_TRANSACTIONS,None - repeated small transactions within normal behavioral range,NONE,1,6,7,10962.42,14,0.05,NORMAL_REPEATED_ACTIVITY
L05_003360,253,TRANSFER,1335.66,C1510505094,26713.24,25377.58,C_LEGIT_842458212,0.0,1335.66,0,0,L05_00480,LEGITIMATE_MULTIPLE_SMALL_TRANSACTIONS,None - repeated small transactions within normal behavioral range,NONE,1,7,7,10962.42,35,0.05,NORMAL_REPEATED_ACTIVITY
L05_003361,44,TRANSFER,411.05,C497882289,8221.0,7809.95,C_LEGIT_725668771,0.0,411.05,0,0,L05_00481,LEGITIMATE_MULTIPLE_SMALL_TRANSACTIONS,None - repeated small transactions within normal behavioral range,NONE,1,1,7,2479.96,0,0.05,NORMAL_REPEATED_ACTIVITY
L05_003362,45,TRANSFER,390.5,C497882289,7809.95,7419.45,C_LEGIT_421443907,0.0,390.5,0,0,L05_00481,LEGITIMATE_MULTIPLE_SMALL_TRANSACTIONS,None - repeated small transactions within normal behavioral range,NONE,1,2,7,2479.96,1,0.05,NORMAL_REPEATED_ACTIVITY
L05_003363,65,TRANSFER,370.97,C497882289,7419.45,7048.48,C_LEGIT_654711976,0.0,370.97,0,0,L05_00481,LEGITIMATE_MULTIPLE_SMALL_TRANSACTIONS,None - repeated small transactions within normal behavioral range,NONE,1,3,7,2479.96,20,0.05,NORMAL_REPEATED_ACTIVITY
L05_003364,76,TRANSFER,352.42,C497882289,7048.48,6696.06,C_LEGIT_914730151,0.0,352.42,0,0,L05_00481,LEGITIMATE_MULTIPLE_SMALL_TRANSACTIONS,None - repeated small transactions within normal behavioral range,NONE,1,4,7,2479.96,11,0.05,NORMAL_REPEATED_ACTIVITY
L05_003365,115,TRANSFER,334.8,C497882289,6696.06,6361.26,C_LEGIT_249041871,0.0,334.8,0,0,L05_00481,LEGITIMATE_MULTIPLE_SMALL_TRANSACTIONS,None - repeated small transactions within normal behavioral range,NONE,1,5,7,2479.96,39,0.05,NORMAL_REPEATED_ACTIVITY
L05_003366,118,TRANSFER,318.06,C497882289,6361.26,6043.2,C_LEGIT_986870598,0.0,318.06,0,0,L05_00481,LEGITIMATE_MULTIPLE_SMALL_TRANSACTIONS,None - repeated small transactions within normal behavioral range,NONE,1,6,7,2479.96,3,0.05,NORMAL_REPEATED_ACTIVITY
L05_003367,121,TRANSFER,302.16,C497882289,6043.2,5741.04,C_LEGIT_296193153,0.0,302.16,0,0,L05_00481,LEGITIMATE_MULTIPLE_SMALL_TRANSACTIONS,None - repeated small transactions within normal behavioral range,NONE,1,7,7,2479.96,3,0.05,NORMAL_REPEATED_ACTIVITY
L05_003368,204,TRANSFER,5011.3,C855229909,100226.0,95214.7,C_LEGIT_430690776,0.0,5011.3,0,0,L05_00482,LEGITIMATE_MULTIPLE_SMALL_TRANSACTIONS,None - repeated small transactions within normal behavioral range,NONE,1,1,7,30234.45,0,0.05,NORMAL_REPEATED_ACTIVITY
L05_003369,207,TRANSFER,4760.73,C855229909,95214.7,90453.97,C_LEGIT_924685087,0.0,4760.73,0,0,L05_00482,LEGITIMATE_MULTIPLE_SMALL_TRANSACTIONS,None - repeated small transactions within normal behavioral range,NONE,1,2,7,30234.45,3,0.05,NORMAL_REPEATED_ACTIVITY
L05_003370,217,TRANSFER,4522.7,C855229909,90453.97,85931.27,C_LEGIT_123002869,0.0,4522.7,0,0,L05_00482,LEGITIMATE_MULTIPLE_SMALL_TRANSACTIONS,None - repeated small transactions within normal behavioral range,NONE,1,3,7,30234.45,10,0.05,NORMAL_REPEATED_ACTIVITY
L05_003371,223,TRANSFER,4296.56,C855229909,85931.27,81634.71,C_LEGIT_132107883,0.0,4296.56,0,0,L05_00482,LEGITIMATE_MULTIPLE_SMALL_TRANSACTIONS,None - repeated small transactions within normal behavioral range,NONE,1,4,7,30234.45,6,0.05,NORMAL_REPEATED_ACTIVITY
L05_003372,234,TRANSFER,4081.74,C855229909,81634.71,77552.97,C_LEGIT_693700476,0.0,4081.74,0,0,L05_00482,LEGITIMATE_MULTIPLE_SMALL_TRANSACTIONS,None - repeated small transactions within normal behavioral range,NONE,1,5,7,30234.45,11,0.05,NORMAL_REPEATED_ACTIVITY
L05_003373,238,TRANSFER,3877.65,C855229909,77552.97,73675.32,C_LEGIT_941075016,0.0,3877.65,0,0,L05_00482,LEGITIMATE_MULTIPLE_SMALL_TRANSACTIONS,None - repeated small transactions within normal behavioral range,NONE,1,6,7,30234.45,4,0.05,NORMAL_REPEATED_ACTIVITY
L05_003374,259,TRANSFER,3683.77,C855229909,73675.32,69991.55,C_LEGIT_889656346,0.0,3683.77,0,0,L05_00482,LEGITIMATE_MULTIPLE_SMALL_TRANSACTIONS,None - repeated small transactions within normal behavioral range,NONE,1,7,7,30234.45,21,0.05,NORMAL_REPEATED_ACTIVITY
L05_003375,263,TRANSFER,138761.47,C1798134692,6306036.55,6167275.08,C_LEGIT_202161005,0.0,138761.47,0,0,L05_00483,LEGITIMATE_MULTIPLE_SMALL_TRANSACTIONS,None - repeated small transactions within normal behavioral range,NONE,1,1,7,980552.51,0,0.022,NORMAL_REPEATED_ACTIVITY
L05_003376,282,TRANSFER,140585.64,C1798134692,6167275.08,6026689.44,C_LEGIT_911706981,0.0,140585.64,0,0,L05_00483,LEGITIMATE_MULTIPLE_SMALL_TRANSACTIONS,None - repeated small transactions within normal behavioral range,NONE,1,2,7,980552.51,19,0.0228,NORMAL_REPEATED_ACTIVITY
L05_003377,283,TRANSFER,124212.11,C1798134692,6026689.44,5902477.33,C_LEGIT_571968381,0.0,124212.11,0,0,L05_00483,LEGITIMATE_MULTIPLE_SMALL_TRANSACTIONS,None - repeated small transactions within normal behavioral range,NONE,1,3,7,980552.51,1,0.0206,NORMAL_REPEATED_ACTIVITY
L05_003378,284,TRANSFER,164627.69,C1798134692,5902477.33,5737849.64,C_LEGIT_794660188,0.0,164627.69,0,0,L05_00483,LEGITIMATE_MULTIPLE_SMALL_TRANSACTIONS,None - repeated small transactions within normal behavioral range,NONE,1,4,7,980552.51,1,0.0279,NORMAL_REPEATED_ACTIVITY
L05_003379,297,TRANSFER,111942.24,C1798134692,5737849.64,5625907.4,C_LEGIT_219847237,0.0,111942.24,0,0,L05_00483,LEGITIMATE_MULTIPLE_SMALL_TRANSACTIONS,None - repeated small transactions within normal behavioral range,NONE,1,5,7,980552.51,13,0.0195,NORMAL_REPEATED_ACTIVITY
L05_003380,329,TRANSFER,164853.47,C1798134692,5625907.4,5461053.93,C_LEGIT_690457519,0.0,164853.47,0,0,L05_00483,LEGITIMATE_MULTIPLE_SMALL_TRANSACTIONS,None - repeated small transactions within normal behavioral range,NONE,1,6,7,980552.51,32,0.0293,NORMAL_REPEATED_ACTIVITY
L05_003381,331,TRANSFER,135569.89,C1798134692,5461053.93,5325484.04,C_LEGIT_471471786,0.0,135569.89,0,0,L05_00483,LEGITIMATE_MULTIPLE_SMALL_TRANSACTIONS,None - repeated small transactions within normal behavioral range,NONE,1,7,7,980552.51,2,0.0248,NORMAL_REPEATED_ACTIVITY
L05_003382,224,TRANSFER,2519.5,C1421066979,50390.0,47870.5,C_LEGIT_571864731,0.0,2519.5,0,0,L05_00484,LEGITIMATE_MULTIPLE_SMALL_TRANSACTIONS,None - repeated small transactions within normal behavioral range,NONE,1,1,7,15200.79,0,0.05,NORMAL_REPEATED_ACTIVITY
L05_003383,233,TRANSFER,2393.53,C1421066979,47870.5,45476.97,C_LEGIT_653014267,0.0,2393.53,0,0,L05_00484,LEGITIMATE_MULTIPLE_SMALL_TRANSACTIONS,None - repeated small transactions within normal behavioral range,NONE,1,2,7,15200.79,9,0.05,NORMAL_REPEATED_ACTIVITY
L05_003384,254,TRANSFER,2273.85,C1421066979,45476.97,43203.12,C_LEGIT_106131490,0.0,2273.85,0,0,L05_00484,LEGITIMATE_MULTIPLE_SMALL_TRANSACTIONS,None - repeated small transactions within normal behavioral range,NONE,1,3,7,15200.79,21,0.05,NORMAL_REPEATED_ACTIVITY
L05_003385,255,TRANSFER,2160.16,C1421066979,43203.12,41042.96,C_LEGIT_202852262,0.0,2160.16,0,0,L05_00484,LEGITIMATE_MULTIPLE_SMALL_TRANSACTIONS,None - repeated small transactions within normal behavioral range,NONE,1,4,7,15200.79,1,0.05,NORMAL_REPEATED_ACTIVITY
L05_003386,264,TRANSFER,2052.15,C1421066979,41042.96,38990.81,C_LEGIT_110352782,0.0,2052.15,0,0,L05_00484,LEGITIMATE_MULTIPLE_SMALL_TRANSACTIONS,None - repeated small transactions within normal behavioral range,NONE,1,5,7,15200.79,9,0.05,NORMAL_REPEATED_ACTIVITY
L05_003387,276,TRANSFER,1949.54,C1421066979,38990.81,37041.27,C_LEGIT_316169442,0.0,1949.54,0,0,L05_00484,LEGITIMATE_MULTIPLE_SMALL_TRANSACTIONS,None - repeated small transactions within normal behavioral range,NONE,1,6,7,15200.79,12,0.05,NORMAL_REPEATED_ACTIVITY
L05_003388,308,TRANSFER,1852.06,C1421066979,37041.27,35189.21,C_LEGIT_156630406,0.0,1852.06,0,0,L05_00484,LEGITIMATE_MULTIPLE_SMALL_TRANSACTIONS,None - repeated small transactions within normal behavioral range,NONE,1,7,7,15200.79,32,0.05,NORMAL_REPEATED_ACTIVITY
L05_003389,412,TRANSFER,167673.19,C843344110,4641976.9,4474303.71,C_LEGIT_486328196,0.0,167673.19,0,0,L05_00485,LEGITIMATE_MULTIPLE_SMALL_TRANSACTIONS,None - repeated small transactions within normal behavioral range,NONE,1,1,7,1224320.39,0,0.0361,NORMAL_REPEATED_ACTIVITY
L05_003390,414,TRANSFER,204675.06,C843344110,4474303.71,4269628.65,C_LEGIT_357100566,0.0,204675.06,0,0,L05_00485,LEGITIMATE_MULTIPLE_SMALL_TRANSACTIONS,None - repeated small transactions within normal behavioral range,NONE,1,2,7,1224320.39,2,0.0457,NORMAL_REPEATED_ACTIVITY
L05_003391,421,TRANSFER,159275.27,C843344110,4269628.65,4110353.38,C_LEGIT_793592417,0.0,159275.27,0,0,L05_00485,LEGITIMATE_MULTIPLE_SMALL_TRANSACTIONS,None - repeated small transactions within normal behavioral range,NONE,1,3,7,1224320.39,7,0.0373,NORMAL_REPEATED_ACTIVITY
L05_003392,426,TRANSFER,147636.56,C843344110,4110353.38,3962716.82,C_LEGIT_439737477,0.0,147636.56,0,0,L05_00485,LEGITIMATE_MULTIPLE_SMALL_TRANSACTIONS,None - repeated small transactions within normal behavioral range,NONE,1,4,7,1224320.39,5,0.0359,NORMAL_REPEATED_ACTIVITY
L05_003393,449,TRANSFER,192078.16,C843344110,3962716.82,3770638.66,C_LEGIT_499095335,0.0,192078.16,0,0,L05_00485,LEGITIMATE_MULTIPLE_SMALL_TRANSACTIONS,None - repeated small transactions within normal behavioral range,NONE,1,5,7,1224320.39,23,0.0485,NORMAL_REPEATED_ACTIVITY
L05_003394,451,TRANSFER,173105.49,C843344110,3770638.66,3597533.17,C_LEGIT_126184476,0.0,173105.49,0,0,L05_00485,LEGITIMATE_MULTIPLE_SMALL_TRANSACTIONS,None - repeated small transactions within normal behavioral range,NONE,1,6,7,1224320.39,2,0.0459,NORMAL_REPEATED_ACTIVITY
L05_003395,479,TRANSFER,179876.66,C843344110,3597533.17,3417656.51,C_LEGIT_173924549,0.0,179876.66,0,0,L05_00485,LEGITIMATE_MULTIPLE_SMALL_TRANSACTIONS,None - repeated small transactions within normal behavioral range,NONE,1,7,7,1224320.39,28,0.05,NORMAL_REPEATED_ACTIVITY
L05_003396,340,TRANSFER,254.55,C1042087009,5091.0,4836.45,C_LEGIT_828946940,0.0,254.55,0,0,L05_00486,LEGITIMATE_MULTIPLE_SMALL_TRANSACTIONS,None - repeated small transactions within normal behavioral range,NONE,1,1,7,1535.77,0,0.05,NORMAL_REPEATED_ACTIVITY
L05_003397,351,TRANSFER,241.82,C1042087009,4836.45,4594.63,C_LEGIT_511392820,0.0,241.82,0,0,L05_00486,LEGITIMATE_MULTIPLE_SMALL_TRANSACTIONS,None - repeated small transactions within normal behavioral range,NONE,1,2,7,1535.77,11,0.05,NORMAL_REPEATED_ACTIVITY
L05_003398,355,TRANSFER,229.73,C1042087009,4594.63,4364.9,C_LEGIT_523062608,0.0,229.73,0,0,L05_00486,LEGITIMATE_MULTIPLE_SMALL_TRANSACTIONS,None - repeated small transactions within normal behavioral range,NONE,1,3,7,1535.77,4,0.05,NORMAL_REPEATED_ACTIVITY
L05_003399,379,TRANSFER,218.25,C1042087009,4364.9,4146.65,C_LEGIT_598430916,0.0,218.25,0,0,L05_00486,LEGITIMATE_MULTIPLE_SMALL_TRANSACTIONS,None - repeated small transactions within normal behavioral range,NONE,1,4,7,1535.77,24,0.05,NORMAL_REPEATED_ACTIVITY
L05_003400,396,TRANSFER,207.33,C1042087009,4146.65,3939.32,C_LEGIT_946991014,0.0,207.33,0,0,L05_00486,LEGITIMATE_MULTIPLE_SMALL_TRANSACTIONS,None - repeated small transactions within normal behavioral range,NONE,1,5,7,1535.77,17,0.05,NORMAL_REPEATED_ACTIVITY
L05_003401,414,TRANSFER,196.97,C1042087009,3939.32,3742.35,C_LEGIT_424293072,0.0,196.97,0,0,L05_00486,LEGITIMATE_MULTIPLE_SMALL_TRANSACTIONS,None - repeated small transactions within normal behavioral range,NONE,1,6,7,1535.77,18,0.05,NORMAL_REPEATED_ACTIVITY
L05_003402,422,TRANSFER,187.12,C1042087009,3742.35,3555.23,C_LEGIT_450942669,0.0,187.12,0,0,L05_00486,LEGITIMATE_MULTIPLE_SMALL_TRANSACTIONS,None - repeated small transactions within normal behavioral range,NONE,1,7,7,1535.77,8,0.05,NORMAL_REPEATED_ACTIVITY
L05_003403,164,TRANSFER,175059.21,C1506167358,8098465.86,7923406.65,C_LEGIT_846300673,0.0,175059.21,0,0,L05_00487,LEGITIMATE_MULTIPLE_SMALL_TRANSACTIONS,None - repeated small transactions within normal behavioral range,NONE,1,1,7,1372806.94,0,0.0216,NORMAL_REPEATED_ACTIVITY
L05_003404,186,TRANSFER,190764.32,C1506167358,7923406.65,7732642.33,C_LEGIT_900869488,0.0,190764.32,0,0,L05_00487,LEGITIMATE_MULTIPLE_SMALL_TRANSACTIONS,None - repeated small transactions within normal behavioral range,NONE,1,2,7,1372806.94,22,0.0241,NORMAL_REPEATED_ACTIVITY
L05_003405,223,TRANSFER,204675.06,C1506167358,7732642.33,7527967.27,C_LEGIT_908833032,0.0,204675.06,0,0,L05_00487,LEGITIMATE_MULTIPLE_SMALL_TRANSACTIONS,None - repeated small transactions within normal behavioral range,NONE,1,3,7,1372806.94,37,0.0265,NORMAL_REPEATED_ACTIVITY
L05_003406,227,TRANSFER,204675.06,C1506167358,7527967.27,7323292.21,C_LEGIT_332300229,0.0,204675.06,0,0,L05_00487,LEGITIMATE_MULTIPLE_SMALL_TRANSACTIONS,None - repeated small transactions within normal behavioral range,NONE,1,4,7,1372806.94,4,0.0272,NORMAL_REPEATED_ACTIVITY
L05_003407,241,TRANSFER,204675.06,C1506167358,7323292.21,7118617.15,C_LEGIT_551087372,0.0,204675.06,0,0,L05_00487,LEGITIMATE_MULTIPLE_SMALL_TRANSACTIONS,None - repeated small transactions within normal behavioral range,NONE,1,5,7,1372806.94,14,0.0279,NORMAL_REPEATED_ACTIVITY
L05_003408,253,TRANSFER,204675.06,C1506167358,7118617.15,6913942.09,C_LEGIT_985064037,0.0,204675.06,0,0,L05_00487,LEGITIMATE_MULTIPLE_SMALL_TRANSACTIONS,None - repeated small transactions within normal behavioral range,NONE,1,6,7,1372806.94,12,0.0288,NORMAL_REPEATED_ACTIVITY
L05_003409,255,TRANSFER,188283.17,C1506167358,6913942.09,6725658.92,C_LEGIT_542945435,0.0,188283.17,0,0,L05_00487,LEGITIMATE_MULTIPLE_SMALL_TRANSACTIONS,None - repeated small transactions within normal behavioral range,NONE,1,7,7,1372806.94,2,0.0272,NORMAL_REPEATED_ACTIVITY
L05_003410,350,TRANSFER,36474.87,C703124393,729497.35,693022.48,C_LEGIT_589864918,0.0,36474.87,0,0,L05_00488,LEGITIMATE_MULTIPLE_SMALL_TRANSACTIONS,None - repeated small transactions within normal behavioral range,NONE,1,1,7,213603.81,0,0.05,NORMAL_REPEATED_ACTIVITY
L05_003411,351,TRANSFER,28342.04,C703124393,693022.48,664680.44,C_LEGIT_609082994,0.0,28342.04,0,0,L05_00488,LEGITIMATE_MULTIPLE_SMALL_TRANSACTIONS,None - repeated small transactions within normal behavioral range,NONE,1,2,7,213603.81,1,0.0409,NORMAL_REPEATED_ACTIVITY
L05_003412,362,TRANSFER,31298.51,C703124393,664680.44,633381.93,C_LEGIT_968639474,0.0,31298.51,0,0,L05_00488,LEGITIMATE_MULTIPLE_SMALL_TRANSACTIONS,None - repeated small transactions within normal behavioral range,NONE,1,3,7,213603.81,11,0.0471,NORMAL_REPEATED_ACTIVITY
L05_003413,364,TRANSFER,31669.1,C703124393,633381.93,601712.83,C_LEGIT_993038927,0.0,31669.1,0,0,L05_00488,LEGITIMATE_MULTIPLE_SMALL_TRANSACTIONS,None - repeated small transactions within normal behavioral range,NONE,1,4,7,213603.81,2,0.05,NORMAL_REPEATED_ACTIVITY
L05_003414,371,TRANSFER,30085.64,C703124393,601712.83,571627.19,C_LEGIT_931460246,0.0,30085.64,0,0,L05_00488,LEGITIMATE_MULTIPLE_SMALL_TRANSACTIONS,None - repeated small transactions within normal behavioral range,NONE,1,5,7,213603.81,7,0.05,NORMAL_REPEATED_ACTIVITY
L05_003415,393,TRANSFER,28581.36,C703124393,571627.19,543045.83,C_LEGIT_227517883,0.0,28581.36,0,0,L05_00488,LEGITIMATE_MULTIPLE_SMALL_TRANSACTIONS,None - repeated small transactions within normal behavioral range,NONE,1,6,7,213603.81,22,0.05,NORMAL_REPEATED_ACTIVITY
L05_003416,406,TRANSFER,27152.29,C703124393,543045.83,515893.54,C_LEGIT_667680122,0.0,27152.29,0,0,L05_00488,LEGITIMATE_MULTIPLE_SMALL_TRANSACTIONS,None - repeated small transactions within normal behavioral range,NONE,1,7,7,213603.81,13,0.05,NORMAL_REPEATED_ACTIVITY
L05_003417,386,TRANSFER,149561.53,C1643346623,3153358.43,3003796.9,C_LEGIT_194032509,0.0,149561.53,0,0,L05_00489,LEGITIMATE_MULTIPLE_SMALL_TRANSACTIONS,None - repeated small transactions within normal behavioral range,NONE,1,1,7,943230.59,0,0.0474,NORMAL_REPEATED_ACTIVITY
L05_003418,401,TRANSFER,150189.85,C1643346623,3003796.9,2853607.05,C_LEGIT_925452553,0.0,150189.85,0,0,L05_00489,LEGITIMATE_MULTIPLE_SMALL_TRANSACTIONS,None - repeated small transactions within normal behavioral range,NONE,1,2,7,943230.59,15,0.05,NORMAL_REPEATED_ACTIVITY
L05_003419,437,TRANSFER,140149.85,C1643346623,2853607.05,2713457.2,C_LEGIT_434323731,0.0,140149.85,0,0,L05_00489,LEGITIMATE_MULTIPLE_SMALL_TRANSACTIONS,None - repeated small transactions within normal behavioral range,NONE,1,3,7,943230.59,36,0.0491,NORMAL_REPEATED_ACTIVITY
L05_003420,441,TRANSFER,135672.86,C1643346623,2713457.2,2577784.34,C_LEGIT_509941473,0.0,135672.86,0,0,L05_00489,LEGITIMATE_MULTIPLE_SMALL_TRANSACTIONS,None - repeated small transactions within normal behavioral range,NONE,1,4,7,943230.59,4,0.05,NORMAL_REPEATED_ACTIVITY
L05_003421,453,TRANSFER,128889.22,C1643346623,2577784.34,2448895.12,C_LEGIT_733142587,0.0,128889.22,0,0,L05_00489,LEGITIMATE_MULTIPLE_SMALL_TRANSACTIONS,None - repeated small transactions within normal behavioral range,NONE,1,5,7,943230.59,12,0.05,NORMAL_REPEATED_ACTIVITY
L05_003422,472,TRANSFER,122444.76,C1643346623,2448895.12,2326450.36,C_LEGIT_161565285,0.0,122444.76,0,0,L05_00489,LEGITIMATE_MULTIPLE_SMALL_TRANSACTIONS,None - repeated small transactions within normal behavioral range,NONE,1,6,7,943230.59,19,0.05,NORMAL_REPEATED_ACTIVITY
L05_003423,474,TRANSFER,116322.52,C1643346623,2326450.36,2210127.84,C_LEGIT_447952909,0.0,116322.52,0,0,L05_00489,LEGITIMATE_MULTIPLE_SMALL_TRANSACTIONS,None - repeated small transactions within normal behavioral range,NONE,1,7,7,943230.59,2,0.05,NORMAL_REPEATED_ACTIVITY
L05_003424,407,TRANSFER,2563.5,C1445942868,51270.0,48706.5,C_LEGIT_737120023,0.0,2563.5,0,0,L05_00490,LEGITIMATE_MULTIPLE_SMALL_TRANSACTIONS,None - repeated small transactions within normal behavioral range,NONE,1,1,7,15466.26,0,0.05,NORMAL_REPEATED_ACTIVITY
L05_003425,422,TRANSFER,2435.33,C1445942868,48706.5,46271.17,C_LEGIT_398975633,0.0,2435.33,0,0,L05_00490,LEGITIMATE_MULTIPLE_SMALL_TRANSACTIONS,None - repeated small transactions within normal behavioral range,NONE,1,2,7,15466.26,15,0.05,NORMAL_REPEATED_ACTIVITY
L05_003426,437,TRANSFER,2313.56,C1445942868,46271.17,43957.61,C_LEGIT_327116252,0.0,2313.56,0,0,L05_00490,LEGITIMATE_MULTIPLE_SMALL_TRANSACTIONS,None - repeated small transactions within normal behavioral range,NONE,1,3,7,15466.26,15,0.05,NORMAL_REPEATED_ACTIVITY
L05_003427,439,TRANSFER,2197.88,C1445942868,43957.61,41759.73,C_LEGIT_291135750,0.0,2197.88,0,0,L05_00490,LEGITIMATE_MULTIPLE_SMALL_TRANSACTIONS,None - repeated small transactions within normal behavioral range,NONE,1,4,7,15466.26,2,0.05,NORMAL_REPEATED_ACTIVITY
L05_003428,462,TRANSFER,2087.99,C1445942868,41759.73,39671.74,C_LEGIT_813967133,0.0,2087.99,0,0,L05_00490,LEGITIMATE_MULTIPLE_SMALL_TRANSACTIONS,None - repeated small transactions within normal behavioral range,NONE,1,5,7,15466.26,23,0.05,NORMAL_REPEATED_ACTIVITY
L05_003429,475,TRANSFER,1983.59,C1445942868,39671.74,37688.15,C_LEGIT_226016706,0.0,1983.59,0,0,L05_00490,LEGITIMATE_MULTIPLE_SMALL_TRANSACTIONS,None - repeated small transactions within normal behavioral range,NONE,1,6,7,15466.26,13,0.05,NORMAL_REPEATED_ACTIVITY
L05_003430,486,TRANSFER,1884.41,C1445942868,37688.15,35803.74,C_LEGIT_722167295,0.0,1884.41,0,0,L05_00490,LEGITIMATE_MULTIPLE_SMALL_TRANSACTIONS,None - repeated small transactions within normal behavioral range,NONE,1,7,7,15466.26,11,0.05,NORMAL_REPEATED_ACTIVITY
L05_003431,35,TRANSFER,2070.75,C1209979712,41415.0,39344.25,C_LEGIT_123502428,0.0,2070.75,0,0,L05_00491,LEGITIMATE_MULTIPLE_SMALL_TRANSACTIONS,None - repeated small transactions within normal behavioral range,NONE,1,1,7,12493.36,0,0.05,NORMAL_REPEATED_ACTIVITY
L05_003432,45,TRANSFER,1967.21,C1209979712,39344.25,37377.04,C_LEGIT_882845180,0.0,1967.21,0,0,L05_00491,LEGITIMATE_MULTIPLE_SMALL_TRANSACTIONS,None - repeated small transactions within normal behavioral range,NONE,1,2,7,12493.36,10,0.05,NORMAL_REPEATED_ACTIVITY
L05_003433,49,TRANSFER,1868.85,C1209979712,37377.04,35508.19,C_LEGIT_840406713,0.0,1868.85,0,0,L05_00491,LEGITIMATE_MULTIPLE_SMALL_TRANSACTIONS,None - repeated small transactions within normal behavioral range,NONE,1,3,7,12493.36,4,0.05,NORMAL_REPEATED_ACTIVITY
L05_003434,63,TRANSFER,1775.41,C1209979712,35508.19,33732.78,C_LEGIT_560423592,0.0,1775.41,0,0,L05_00491,LEGITIMATE_MULTIPLE_SMALL_TRANSACTIONS,None - repeated small transactions within normal behavioral range,NONE,1,4,7,12493.36,14,0.05,NORMAL_REPEATED_ACTIVITY
L05_003435,68,TRANSFER,1686.64,C1209979712,33732.78,32046.14,C_LEGIT_792001200,0.0,1686.64,0,0,L05_00491,LEGITIMATE_MULTIPLE_SMALL_TRANSACTIONS,None - repeated small transactions within normal behavioral range,NONE,1,5,7,12493.36,5,0.05,NORMAL_REPEATED_ACTIVITY
L05_003436,78,TRANSFER,1602.31,C1209979712,32046.14,30443.83,C_LEGIT_247308550,0.0,1602.31,0,0,L05_00491,LEGITIMATE_MULTIPLE_SMALL_TRANSACTIONS,None - repeated small transactions within normal behavioral range,NONE,1,6,7,12493.36,10,0.05,NORMAL_REPEATED_ACTIVITY
L05_003437,105,TRANSFER,1522.19,C1209979712,30443.83,28921.64,C_LEGIT_955839284,0.0,1522.19,0,0,L05_00491,LEGITIMATE_MULTIPLE_SMALL_TRANSACTIONS,None - repeated small transactions within normal behavioral range,NONE,1,7,7,12493.36,27,0.05,NORMAL_REPEATED_ACTIVITY
L05_003438,241,TRANSFER,8.35,C1192115832,167.0,158.65,C_LEGIT_901240616,0.0,8.35,0,0,L05_00492,LEGITIMATE_MULTIPLE_SMALL_TRANSACTIONS,None - repeated small transactions within normal behavioral range,NONE,1,1,7,50.38,0,0.05,NORMAL_REPEATED_ACTIVITY
L05_003439,247,TRANSFER,7.93,C1192115832,158.65,150.72,C_LEGIT_352133588,0.0,7.93,0,0,L05_00492,LEGITIMATE_MULTIPLE_SMALL_TRANSACTIONS,None - repeated small transactions within normal behavioral range,NONE,1,2,7,50.38,6,0.05,NORMAL_REPEATED_ACTIVITY
L05_003440,255,TRANSFER,7.54,C1192115832,150.72,143.18,C_LEGIT_829001598,0.0,7.54,0,0,L05_00492,LEGITIMATE_MULTIPLE_SMALL_TRANSACTIONS,None - repeated small transactions within normal behavioral range,NONE,1,3,7,50.38,8,0.05,NORMAL_REPEATED_ACTIVITY
L05_003441,260,TRANSFER,7.16,C1192115832,143.18,136.02,C_LEGIT_620357506,0.0,7.16,0,0,L05_00492,LEGITIMATE_MULTIPLE_SMALL_TRANSACTIONS,None - repeated small transactions within normal behavioral range,NONE,1,4,7,50.38,5,0.05,NORMAL_REPEATED_ACTIVITY
L05_003442,263,TRANSFER,6.8,C1192115832,136.02,129.22,C_LEGIT_196362684,0.0,6.8,0,0,L05_00492,LEGITIMATE_MULTIPLE_SMALL_TRANSACTIONS,None - repeated small transactions within normal behavioral range,NONE,1,5,7,50.38,3,0.05,NORMAL_REPEATED_ACTIVITY
L05_003443,276,TRANSFER,6.46,C1192115832,129.22,122.76,C_LEGIT_973345198,0.0,6.46,0,0,L05_00492,LEGITIMATE_MULTIPLE_SMALL_TRANSACTIONS,None - repeated small transactions within normal behavioral range,NONE,1,6,7,50.38,13,0.05,NORMAL_REPEATED_ACTIVITY
L05_003444,300,TRANSFER,6.14,C1192115832,122.76,116.62,C_LEGIT_562754605,0.0,6.14,0,0,L05_00492,LEGITIMATE_MULTIPLE_SMALL_TRANSACTIONS,None - repeated small transactions within normal behavioral range,NONE,1,7,7,50.38,24,0.05,NORMAL_REPEATED_ACTIVITY
L05_003445,44,TRANSFER,350.7,C1470581962,7014.0,6663.3,C_LEGIT_293685488,0.0,350.7,0,0,L05_00493,LEGITIMATE_MULTIPLE_SMALL_TRANSACTIONS,None - repeated small transactions within normal behavioral range,NONE,1,1,7,2115.87,0,0.05,NORMAL_REPEATED_ACTIVITY
L05_003446,52,TRANSFER,333.17,C1470581962,6663.3,6330.13,C_LEGIT_311680778,0.0,333.17,0,0,L05_00493,LEGITIMATE_MULTIPLE_SMALL_TRANSACTIONS,None - repeated small transactions within normal behavioral range,NONE,1,2,7,2115.87,8,0.05,NORMAL_REPEATED_ACTIVITY
L05_003447,61,TRANSFER,316.51,C1470581962,6330.13,6013.62,C_LEGIT_568585046,0.0,316.51,0,0,L05_00493,LEGITIMATE_MULTIPLE_SMALL_TRANSACTIONS,None - repeated small transactions within normal behavioral range,NONE,1,3,7,2115.87,9,0.05,NORMAL_REPEATED_ACTIVITY
L05_003448,65,TRANSFER,300.68,C1470581962,6013.62,5712.94,C_LEGIT_873129692,0.0,300.68,0,0,L05_00493,LEGITIMATE_MULTIPLE_SMALL_TRANSACTIONS,None - repeated small transactions within normal behavioral range,NONE,1,4,7,2115.87,4,0.05,NORMAL_REPEATED_ACTIVITY
L05_003449,75,TRANSFER,285.65,C1470581962,5712.94,5427.29,C_LEGIT_834196570,0.0,285.65,0,0,L05_00493,LEGITIMATE_MULTIPLE_SMALL_TRANSACTIONS,None - repeated small transactions within normal behavioral range,NONE,1,5,7,2115.87,10,0.05,NORMAL_REPEATED_ACTIVITY
L05_003450,113,TRANSFER,271.36,C1470581962,5427.29,5155.93,C_LEGIT_964089429,0.0,271.36,0,0,L05_00493,LEGITIMATE_MULTIPLE_SMALL_TRANSACTIONS,None - repeated small transactions within normal behavioral range,NONE,1,6,7,2115.87,38,0.05,NORMAL_REPEATED_ACTIVITY
L05_003451,122,TRANSFER,257.8,C1470581962,5155.93,4898.13,C_LEGIT_954312501,0.0,257.8,0,0,L05_00493,LEGITIMATE_MULTIPLE_SMALL_TRANSACTIONS,None - repeated small transactions within normal behavioral range,NONE,1,7,7,2115.87,9,0.05,NORMAL_REPEATED_ACTIVITY
L05_003452,557,TRANSFER,296.25,C86492924,5925.0,5628.75,C_LEGIT_910673654,0.0,296.25,0,0,L05_00494,LEGITIMATE_MULTIPLE_SMALL_TRANSACTIONS,None - repeated small transactions within normal behavioral range,NONE,1,1,7,1787.36,0,0.05,NORMAL_REPEATED_ACTIVITY
L05_003453,569,TRANSFER,281.44,C86492924,5628.75,5347.31,C_LEGIT_812655544,0.0,281.44,0,0,L05_00494,LEGITIMATE_MULTIPLE_SMALL_TRANSACTIONS,None - repeated small transactions within normal behavioral range,NONE,1,2,7,1787.36,12,0.05,NORMAL_REPEATED_ACTIVITY
L05_003454,572,TRANSFER,267.37,C86492924,5347.31,5079.94,C_LEGIT_163524450,0.0,267.37,0,0,L05_00494,LEGITIMATE_MULTIPLE_SMALL_TRANSACTIONS,None - repeated small transactions within normal behavioral range,NONE,1,3,7,1787.36,3,0.05,NORMAL_REPEATED_ACTIVITY
L05_003455,573,TRANSFER,254.0,C86492924,5079.94,4825.94,C_LEGIT_325827592,0.0,254.0,0,0,L05_00494,LEGITIMATE_MULTIPLE_SMALL_TRANSACTIONS,None - repeated small transactions within normal behavioral range,NONE,1,4,7,1787.36,1,0.05,NORMAL_REPEATED_ACTIVITY
L05_003456,576,TRANSFER,241.3,C86492924,4825.94,4584.64,C_LEGIT_706936463,0.0,241.3,0,0,L05_00494,LEGITIMATE_MULTIPLE_SMALL_TRANSACTIONS,None - repeated small transactions within normal behavioral range,NONE,1,5,7,1787.36,3,0.05,NORMAL_REPEATED_ACTIVITY
L05_003457,579,TRANSFER,229.23,C86492924,4584.64,4355.41,C_LEGIT_195478261,0.0,229.23,0,0,L05_00494,LEGITIMATE_MULTIPLE_SMALL_TRANSACTIONS,None - repeated small transactions within normal behavioral range,NONE,1,6,7,1787.36,3,0.05,NORMAL_REPEATED_ACTIVITY
L05_003458,598,TRANSFER,217.77,C86492924,4355.41,4137.64,C_LEGIT_553731646,0.0,217.77,0,0,L05_00494,LEGITIMATE_MULTIPLE_SMALL_TRANSACTIONS,None - repeated small transactions within normal behavioral range,NONE,1,7,7,1787.36,19,0.05,NORMAL_REPEATED_ACTIVITY
L05_003459,365,TRANSFER,40228.52,C1623478209,804570.47,764341.95,C_LEGIT_376049626,0.0,40228.52,0,0,L05_00495,LEGITIMATE_MULTIPLE_SMALL_TRANSACTIONS,None - repeated small transactions within normal behavioral range,NONE,1,1,7,242708.89,0,0.05,NORMAL_REPEATED_ACTIVITY
L05_003460,381,TRANSFER,38217.1,C1623478209,764341.95,726124.85,C_LEGIT_153955916,0.0,38217.1,0,0,L05_00495,LEGITIMATE_MULTIPLE_SMALL_TRANSACTIONS,None - repeated small transactions within normal behavioral range,NONE,1,2,7,242708.89,16,0.05,NORMAL_REPEATED_ACTIVITY
L05_003461,393,TRANSFER,36306.24,C1623478209,726124.85,689818.61,C_LEGIT_488954826,0.0,36306.24,0,0,L05_00495,LEGITIMATE_MULTIPLE_SMALL_TRANSACTIONS,None - repeated small transactions within normal behavioral range,NONE,1,3,7,242708.89,12,0.05,NORMAL_REPEATED_ACTIVITY
L05_003462,406,TRANSFER,34490.93,C1623478209,689818.61,655327.68,C_LEGIT_541042756,0.0,34490.93,0,0,L05_00495,LEGITIMATE_MULTIPLE_SMALL_TRANSACTIONS,None - repeated small transactions within normal behavioral range,NONE,1,4,7,242708.89,13,0.05,NORMAL_REPEATED_ACTIVITY
L05_003463,407,TRANSFER,32766.38,C1623478209,655327.68,622561.3,C_LEGIT_942647812,0.0,32766.38,0,0,L05_00495,LEGITIMATE_MULTIPLE_SMALL_TRANSACTIONS,None - repeated small transactions within normal behavioral range,NONE,1,5,7,242708.89,1,0.05,NORMAL_REPEATED_ACTIVITY
L05_003464,410,TRANSFER,31128.06,C1623478209,622561.3,591433.24,C_LEGIT_772147026,0.0,31128.06,0,0,L05_00495,LEGITIMATE_MULTIPLE_SMALL_TRANSACTIONS,None - repeated small transactions within normal behavioral range,NONE,1,6,7,242708.89,3,0.05,NORMAL_REPEATED_ACTIVITY
L05_003465,438,TRANSFER,29571.66,C1623478209,591433.24,561861.58,C_LEGIT_421861123,0.0,29571.66,0,0,L05_00495,LEGITIMATE_MULTIPLE_SMALL_TRANSACTIONS,None - repeated small transactions within normal behavioral range,NONE,1,7,7,242708.89,28,0.05,NORMAL_REPEATED_ACTIVITY
L05_003466,389,TRANSFER,116146.36,C1349432214,2322927.26,2206780.9,C_LEGIT_633776000,0.0,116146.36,0,0,L05_00496,LEGITIMATE_MULTIPLE_SMALL_TRANSACTIONS,None - repeated small transactions within normal behavioral range,NONE,1,1,7,700740.51,0,0.05,NORMAL_REPEATED_ACTIVITY
L05_003467,390,TRANSFER,110339.04,C1349432214,2206780.9,2096441.86,C_LEGIT_140809602,0.0,110339.04,0,0,L05_00496,LEGITIMATE_MULTIPLE_SMALL_TRANSACTIONS,None - repeated small transactions within normal behavioral range,NONE,1,2,7,700740.51,1,0.05,NORMAL_REPEATED_ACTIVITY
L05_003468,409,TRANSFER,104822.09,C1349432214,2096441.86,1991619.77,C_LEGIT_218392175,0.0,104822.09,0,0,L05_00496,LEGITIMATE_MULTIPLE_SMALL_TRANSACTIONS,None - repeated small transactions within normal behavioral range,NONE,1,3,7,700740.51,19,0.05,NORMAL_REPEATED_ACTIVITY
L05_003469,429,TRANSFER,99580.99,C1349432214,1991619.77,1892038.78,C_LEGIT_975073051,0.0,99580.99,0,0,L05_00496,LEGITIMATE_MULTIPLE_SMALL_TRANSACTIONS,None - repeated small transactions within normal behavioral range,NONE,1,4,7,700740.51,20,0.05,NORMAL_REPEATED_ACTIVITY
L05_003470,467,TRANSFER,94601.94,C1349432214,1892038.78,1797436.84,C_LEGIT_298948922,0.0,94601.94,0,0,L05_00496,LEGITIMATE_MULTIPLE_SMALL_TRANSACTIONS,None - repeated small transactions within normal behavioral range,NONE,1,5,7,700740.51,38,0.05,NORMAL_REPEATED_ACTIVITY
L05_003471,469,TRANSFER,89871.84,C1349432214,1797436.84,1707565.0,C_LEGIT_994171029,0.0,89871.84,0,0,L05_00496,LEGITIMATE_MULTIPLE_SMALL_TRANSACTIONS,None - repeated small transactions within normal behavioral range,NONE,1,6,7,700740.51,2,0.05,NORMAL_REPEATED_ACTIVITY
L05_003472,478,TRANSFER,85378.25,C1349432214,1707565.0,1622186.75,C_LEGIT_577489666,0.0,85378.25,0,0,L05_00496,LEGITIMATE_MULTIPLE_SMALL_TRANSACTIONS,None - repeated small transactions within normal behavioral range,NONE,1,7,7,700740.51,9,0.05,NORMAL_REPEATED_ACTIVITY
L05_003473,243,TRANSFER,904.6,C1340775706,18092.0,17187.4,C_LEGIT_685521399,0.0,904.6,0,0,L05_00497,LEGITIMATE_MULTIPLE_SMALL_TRANSACTIONS,None - repeated small transactions within normal behavioral range,NONE,1,1,7,5457.67,0,0.05,NORMAL_REPEATED_ACTIVITY
L05_003474,249,TRANSFER,859.37,C1340775706,17187.4,16328.03,C_LEGIT_865272749,0.0,859.37,0,0,L05_00497,LEGITIMATE_MULTIPLE_SMALL_TRANSACTIONS,None - repeated small transactions within normal behavioral range,NONE,1,2,7,5457.67,6,0.05,NORMAL_REPEATED_ACTIVITY
L05_003475,276,TRANSFER,816.4,C1340775706,16328.03,15511.63,C_LEGIT_787700583,0.0,816.4,0,0,L05_00497,LEGITIMATE_MULTIPLE_SMALL_TRANSACTIONS,None - repeated small transactions within normal behavioral range,NONE,1,3,7,5457.67,27,0.05,NORMAL_REPEATED_ACTIVITY
L05_003476,284,TRANSFER,775.58,C1340775706,15511.63,14736.05,C_LEGIT_718755689,0.0,775.58,0,0,L05_00497,LEGITIMATE_MULTIPLE_SMALL_TRANSACTIONS,None - repeated small transactions within normal behavioral range,NONE,1,4,7,5457.67,8,0.05,NORMAL_REPEATED_ACTIVITY
L05_003477,288,TRANSFER,736.8,C1340775706,14736.05,13999.25,C_LEGIT_170062401,0.0,736.8,0,0,L05_00497,LEGITIMATE_MULTIPLE_SMALL_TRANSACTIONS,None - repeated small transactions within normal behavioral range,NONE,1,5,7,5457.67,4,0.05,NORMAL_REPEATED_ACTIVITY
L05_003478,313,TRANSFER,699.96,C1340775706,13999.25,13299.29,C_LEGIT_433529933,0.0,699.96,0,0,L05_00497,LEGITIMATE_MULTIPLE_SMALL_TRANSACTIONS,None - repeated small transactions within normal behavioral range,NONE,1,6,7,5457.67,25,0.05,NORMAL_REPEATED_ACTIVITY
L05_003479,319,TRANSFER,664.96,C1340775706,13299.29,12634.33,C_LEGIT_245471626,0.0,664.96,0,0,L05_00497,LEGITIMATE_MULTIPLE_SMALL_TRANSACTIONS,None - repeated small transactions within normal behavioral range,NONE,1,7,7,5457.67,6,0.05,NORMAL_REPEATED_ACTIVITY
L05_003480,383,TRANSFER,1888.15,C1429472344,37763.0,35874.85,C_LEGIT_863315369,0.0,1888.15,0,0,L05_00498,LEGITIMATE_MULTIPLE_SMALL_TRANSACTIONS,None - repeated small transactions within normal behavioral range,NONE,1,1,7,11391.68,0,0.05,NORMAL_REPEATED_ACTIVITY
L05_003481,386,TRANSFER,1793.74,C1429472344,35874.85,34081.11,C_LEGIT_261222782,0.0,1793.74,0,0,L05_00498,LEGITIMATE_MULTIPLE_SMALL_TRANSACTIONS,None - repeated small transactions within normal behavioral range,NONE,1,2,7,11391.68,3,0.05,NORMAL_REPEATED_ACTIVITY
L05_003482,390,TRANSFER,1704.06,C1429472344,34081.11,32377.05,C_LEGIT_752597424,0.0,1704.06,0,0,L05_00498,LEGITIMATE_MULTIPLE_SMALL_TRANSACTIONS,None - repeated small transactions within normal behavioral range,NONE,1,3,7,11391.68,4,0.05,NORMAL_REPEATED_ACTIVITY
L05_003483,411,TRANSFER,1618.85,C1429472344,32377.05,30758.2,C_LEGIT_851511175,0.0,1618.85,0,0,L05_00498,LEGITIMATE_MULTIPLE_SMALL_TRANSACTIONS,None - repeated small transactions within normal behavioral range,NONE,1,4,7,11391.68,21,0.05,NORMAL_REPEATED_ACTIVITY
L05_003484,433,TRANSFER,1537.91,C1429472344,30758.2,29220.29,C_LEGIT_563300211,0.0,1537.91,0,0,L05_00498,LEGITIMATE_MULTIPLE_SMALL_TRANSACTIONS,None - repeated small transactions within normal behavioral range,NONE,1,5,7,11391.68,22,0.05,NORMAL_REPEATED_ACTIVITY
L05_003485,442,TRANSFER,1461.01,C1429472344,29220.29,27759.28,C_LEGIT_347024901,0.0,1461.01,0,0,L05_00498,LEGITIMATE_MULTIPLE_SMALL_TRANSACTIONS,None - repeated small transactions within normal behavioral range,NONE,1,6,7,11391.68,9,0.05,NORMAL_REPEATED_ACTIVITY
L05_003486,447,TRANSFER,1387.96,C1429472344,27759.28,26371.32,C_LEGIT_276376694,0.0,1387.96,0,0,L05_00498,LEGITIMATE_MULTIPLE_SMALL_TRANSACTIONS,None - repeated small transactions within normal behavioral range,NONE,1,7,7,11391.68,5,0.05,NORMAL_REPEATED_ACTIVITY
L05_003487,298,TRANSFER,7891.8,C748465329,157836.0,149944.2,C_LEGIT_205103438,0.0,7891.8,0,0,L05_00499,LEGITIMATE_MULTIPLE_SMALL_TRANSACTIONS,None - repeated small transactions within normal behavioral range,NONE,1,1,7,47613.23,0,0.05,NORMAL_REPEATED_ACTIVITY
L05_003488,312,TRANSFER,7497.21,C748465329,149944.2,142446.99,C_LEGIT_623347468,0.0,7497.21,0,0,L05_00499,LEGITIMATE_MULTIPLE_SMALL_TRANSACTIONS,None - repeated small transactions within normal behavioral range,NONE,1,2,7,47613.23,14,0.05,NORMAL_REPEATED_ACTIVITY
L05_003489,331,TRANSFER,7122.35,C748465329,142446.99,135324.64,C_LEGIT_934864958,0.0,7122.35,0,0,L05_00499,LEGITIMATE_MULTIPLE_SMALL_TRANSACTIONS,None - repeated small transactions within normal behavioral range,NONE,1,3,7,47613.23,19,0.05,NORMAL_REPEATED_ACTIVITY
L05_003490,335,TRANSFER,6766.23,C748465329,135324.64,128558.41,C_LEGIT_771692081,0.0,6766.23,0,0,L05_00499,LEGITIMATE_MULTIPLE_SMALL_TRANSACTIONS,None - repeated small transactions within normal behavioral range,NONE,1,4,7,47613.23,4,0.05,NORMAL_REPEATED_ACTIVITY
L05_003491,347,TRANSFER,6427.92,C748465329,128558.41,122130.49,C_LEGIT_865278786,0.0,6427.92,0,0,L05_00499,LEGITIMATE_MULTIPLE_SMALL_TRANSACTIONS,None - repeated small transactions within normal behavioral range,NONE,1,5,7,47613.23,12,0.05,NORMAL_REPEATED_ACTIVITY
L05_003492,364,TRANSFER,6106.52,C748465329,122130.49,116023.97,C_LEGIT_153338774,0.0,6106.52,0,0,L05_00499,LEGITIMATE_MULTIPLE_SMALL_TRANSACTIONS,None - repeated small transactions within normal behavioral range,NONE,1,6,7,47613.23,17,0.05,NORMAL_REPEATED_ACTIVITY
L05_003493,376,TRANSFER,5801.2,C748465329,116023.97,110222.77,C_LEGIT_952357145,0.0,5801.2,0,0,L05_00499,LEGITIMATE_MULTIPLE_SMALL_TRANSACTIONS,None - repeated small transactions within normal behavioral range,NONE,1,7,7,47613.23,12,0.05,NORMAL_REPEATED_ACTIVITY
L05_003494,23,TRANSFER,9101.59,C1066116368,182031.73,172930.14,C_LEGIT_500453946,0.0,9101.59,0,0,L05_00500,LEGITIMATE_MULTIPLE_SMALL_TRANSACTIONS,None - repeated small transactions within normal behavioral range,NONE,1,1,7,54912.18,0,0.05,NORMAL_REPEATED_ACTIVITY
L05_003495,28,TRANSFER,8646.51,C1066116368,172930.14,164283.63,C_LEGIT_691136597,0.0,8646.51,0,0,L05_00500,LEGITIMATE_MULTIPLE_SMALL_TRANSACTIONS,None - repeated small transactions within normal behavioral range,NONE,1,2,7,54912.18,5,0.05,NORMAL_REPEATED_ACTIVITY
L05_003496,33,TRANSFER,8214.18,C1066116368,164283.63,156069.45,C_LEGIT_919546610,0.0,8214.18,0,0,L05_00500,LEGITIMATE_MULTIPLE_SMALL_TRANSACTIONS,None - repeated small transactions within normal behavioral range,NONE,1,3,7,54912.18,5,0.05,NORMAL_REPEATED_ACTIVITY
L05_003497,35,TRANSFER,7803.47,C1066116368,156069.45,148265.98,C_LEGIT_335049521,0.0,7803.47,0,0,L05_00500,LEGITIMATE_MULTIPLE_SMALL_TRANSACTIONS,None - repeated small transactions within normal behavioral range,NONE,1,4,7,54912.18,2,0.05,NORMAL_REPEATED_ACTIVITY
L05_003498,38,TRANSFER,7413.3,C1066116368,148265.98,140852.68,C_LEGIT_631760809,0.0,7413.3,0,0,L05_00500,LEGITIMATE_MULTIPLE_SMALL_TRANSACTIONS,None - repeated small transactions within normal behavioral range,NONE,1,5,7,54912.18,3,0.05,NORMAL_REPEATED_ACTIVITY
L05_003499,69,TRANSFER,7042.63,C1066116368,140852.68,133810.05,C_LEGIT_375977764,0.0,7042.63,0,0,L05_00500,LEGITIMATE_MULTIPLE_SMALL_TRANSACTIONS,None - repeated small transactions within normal behavioral range,NONE,1,6,7,54912.18,31,0.05,NORMAL_REPEATED_ACTIVITY
L05_003500,85,TRANSFER,6690.5,C1066116368,133810.05,127119.55,C_LEGIT_119363307,0.0,6690.5,0,0,L05_00500,LEGITIMATE_MULTIPLE_SMALL_TRANSACTIONS,None - repeated small transactions within normal behavioral range,NONE,1,7,7,54912.18,16,0.05,NORMAL_REPEATED_ACTIVITY
